:020000040100F9
:10000000B00C0021F1090001571B0001DD090001BE
:10001000DD090001DD090001DD090001000000002B
:10002000000000000000000000000000950A000130
:10003000DD09000100000000DD090001DD0900010B
:10004000350B0001350B0001350B0001350B0001AC
:10005000350B0001350B0001350B0001350B00019C
:10006000350B0001350B0001350B0001350B00018C
:10007000350B0001350B0001350B0001350B00017C
:10008000350B0001350B0001350B0001350B00016C
:10009000350B0001350B0001350B0001350B00015C
:1000A000350B0001350B0001350B0001350B00014C
:1000B000350B0001350B00010000000000000000BE
:1000C0000000000000000000000000000000000030
:1000D0000000000000000000000000000000000020
:1000E0000000000000000000000000000000000010
:1000F0000000000000000000000000000000000000
:1001000000000000000000000000000000000000EF
:1001100000000000000000000000000000000000DF
:1001200000000000000000000000000000000000CF
:1001300000000000000000000000000000000000BF
:1001400000000000000000000000000000000000AF
:10015000000000000000000000000000000000009F
:10016000000000000000000000000000000000008F
:10017000000000000000000000000000000000007F
:10018000000000000000000000000000000000006F
:10019000000000000000000000000000000000005F
:1001A000000000000000000000000000000000004F
:1001B000000000000000000000000000000000003F
:1001C000000000000000000000000000000000002F
:1001D000000000000000000000000000000000001F
:1001E000000000000000000000000000000000000F
:1001F00000000000000000000000000000000000FF
:10020000DEE61E284CBBCE8F023500003C0000000D
:10021000AC2100000100000000000001000000010E
:10022000FFFF02910000000000000000000000003D
:1002300000000000000000000000000030B44FF09B
:10024000000310F8014B11F8015B013A84EA050440
:1002500043EA0403F5D1A3F101034FEAD37030BCA4
:10026000704700BF4FF0000310F8012B013943EA3B
:100270000203F9D1A3F101034FEAD370704700BF25
:1002800030B411F8014B12F8015B6C4000F8014BDF
:10029000013BF6D130BC70472DE9F04F90E8F00FEC
:1002A00000F140004FF0040E59E0F0B4826BC36BD4
:1002B00004680525242687593C444FEA724787EA9B
:1002C000F24787EA92273C4442684FEAF21787EAEE
:1002D000B24787EAD2073C4440F8044B032D08BFDD
:1002E0006FF01B0687593A444FEA734787EAF34792
:1002F00087EA93273A4443684FEAF31787EAB347FC
:1003000087EAD3073A4440F8042B87593B444FEA25
:10031000744787EAF44787EA94273B4444684FEAE6
:10032000F41787EAB44787EAD4073B4440F8043B14
:10033000013DC0D1A0F13C00076A3C444FEA72473E
:1003400087EAF24787EA92273C4402684FEAF217AD
:1003500087EAB24787EAD2073C44C463F0BC4FF057
:10036000020288EA781C8CEAF84C0BEBBC1C8AEA87
:10037000090303EA080383EA0A039C4450F8043B98
:100380009C4451F8043B9C44674444EA050B0BEA47
:10039000060B04EA05034BEA030BE34484EAF42367
:1003A00083EA34530BEBB30B87EA771C8CEAF74CE8
:1003B0000AEBBC1C89EA080303EA070383EA090382
:1003C0009C4450F8043B9C4451F8043B9C446644D4
:1003D0004BEA040A0AEA050A0BEA04034AEA030A9A
:1003E000E2448BEAFB2383EA3B530AEBB30A86EA37
:1003F000761C8CEAF64C09EBBC1C88EA070303EA7E
:10040000060383EA08039C4450F8043B9C4451F8DB
:10041000043B9C4465444AEA0B0909EA04090AEAD8
:100420000B0349EA0309E1448AEAFA2383EA3A53CF
:1004300009EBB30985EA751C8CEAF54C08EBBC1C8A
:1004400087EA060303EA050383EA07039C4450F89E
:10045000043B9C4451F8043B9C44644449EA0A0828
:1004600008EA0B0809EA0A0348EA0308E04489EAB3
:10047000F92383EA395308EBB30884EA741C8CEA45
:10048000F44C07EBBC1C86EA050303EA040383EA89
:1004900006039C4450F8043B9C4451F8043B9C44A4
:1004A000E34448EA090707EA0A0708EA090347EAB2
:1004B0000307674488EAF82383EA385307EBB30756
:1004C0008BEA7B1C8CEAFB4C06EBBC1C85EA040324
:1004D00003EA0B0383EA05039C4450F8043B9C4465
:1004E00051F8043B9C44E24447EA080606EA090640
:1004F00007EA080346EA0306664487EAF72383EA25
:10050000375306EBB3068AEA7A1C8CEAFA4C05EB01
:10051000BC1C84EA0B0303EA0A0383EA04039C4439
:1005200050F8043B9C4451F8043B9C44E14446EAA7
:10053000070505EA080506EA070345EA03056544D9
:1005400086EAF62383EA365305EBB30589EA791C7C
:100550008CEAF94C04EBBC1C8BEA0A0303EA09039E
:1005600083EA0B039C4450F8043B9C4451F8043B41
:100570009C44E04445EA060404EA070405EA06034D
:1005800044EA0304644485EAF52383EA355304EB23
:10059000B304013A7FF4E5AEA0F14000BEF1010ED4
:1005A0007FF483AEA0F1400C9CE80F0000194919BC
:1005B0009219DB19ACE80F009CE80F004044494455
:1005C00052445B44ACE80F00BDE8F08F2DE9F043E6
:1005D00085B0274801F0FFFB002841D04FF420519F
:1005E0004FF0807001F094FB00283DD100F04AFCF0
:1005F000064600F057FC90B900F07CFC01463046FE
:1006000001F0B0FB80B31A4800F07AFC60BB3146C1
:10061000304601F0A7FB38B300F09CFCFEE74FF436
:100620007631144801F074FB0446E8B9DFF84890CD
:10063000DFF8488001AF59F8045B98E807003544BB
:1006400087E807000C223946284601F0FFFB00B975
:100650001DB90134072CEED10025284600F02EFBF1
:10066000002005B0BDE8F08300F012FCF8E700BF01
:10067000841E000100280001E41F0001A81F0001E2
:100680002DE9F7430D46DDE90A8791461E460446EB
:1006900020B96FF00D0003B0BDE8F0830029F8D059
:1006A000002AF6D08B680846DB6898470368B6FBDB
:1006B000F3F203FB1262002AEBD1B8FBF3F203FB67
:1006C0001282002AE5D1002FE3D0B7FBF3F103FB40
:1006D00011710029DDD117EB080FDAD2C4E90096B9
:1006E000C4E905872161A160E56003686A46636229
:1006F0000C9BC4E907314379CDE9006128460749DD
:1007000084F8283001F082FA019A002AC1D0D4E995
:1007100005310B449A42BCD30020BCE7CF1900013D
:1007200008B50348034A0021121A01F006FA08BD71
:1007300030000021B0000021074808B5074A0849E9
:10074000121A01F0FCF9BDE808400648064A0749BC
:10075000121A01F0F4B900BF280000213000002176
:10076000A0210001000000212800002178210001C3
:1007700030BFFFF7FDBF00BF154B9A6A12F0007F34
:100780009A6A14BF1E201D2012F0807F9A6A18BF3B
:100790001F2012F4801F9A6A18BF022012F4002F43
:1007A0009A6A18BF212012F4802F9A6A18BF22205B
:1007B00012F4003F9A6A18BF232012F4803F9A6A0D
:1007C00018BF24206FEA02426FEA12429A62704711
:1007D00000ED00E010B5164A936A946A13F4805F46
:1007E00014BF1723162314F4006F946A18BF18233C
:1007F000A40508D5936A1B0404D518B1936A23F4A1
:100800000043936219230A4A906A10F4806F906A39
:1008100018BF1A2310F4807F906A40F47F409062E2
:100820004FF000020CBF18461B200A7010BD00BF1D
:1008300000ED00E010B5154B0246986A9C6A10F076
:10084000100F14BF1120102014F0080F9C6A18BF5D
:100850001220A40709D5586B986A000604D51AB16E
:100860009A6A22F080029A621320084B9A6A12F068
:10087000010F9A6A18BF1420D20658BF9A6A9A6A62
:1008800042F0FF029A6200230B7010BD00ED00E001
:10089000F0B5494B04465B6800258BB0C3F30803F1
:1008A00085F31188BFF36F8F02F07F40B0F17F4F67
:1008B00011D102F00C0008280DD010074CBF0C46D7
:1008C00001250022033B8DF80720032B05D8DFE824
:1008D00003F024676B642C46F3E700239DF80720A0
:1008E000CAB902AE04F120073246206861680834B4
:1008F00003C2BC421646F7D1099A002D58D0C2F364
:10090000080121B96FEA52226FEA42220992184681
:1009100002A901F016F90BB0F0BD274BDA6A910776
:10092000DBD4DA6A002AD8DBDA6A5200D5D55A69F4
:10093000A16942F480725A61BFF34F8FBFF36F8F8A
:1009400031F8022C596921F480715961BFF34F8F3E
:10095000BFF36F8F02F47F43B3F55F4F04D1D2B280
:10096000022A01D12368B9E7134B9A6AD2B232B195
:1009700001200DF10701FFF75DFF0346AEE79A6A1C
:1009800012F47F4F05D001200DF10701FFF722FF80
:10099000F3E79B6AB3F5803F9FD3FFF7EDFEECE7EB
:1009A00000200DF10701E6E700200DF10701EDE75A
:1009B0006FF30802AAE700BF00ED00E0064B5A699A
:1009C00042F010025A615A6942F480625A615A69CF
:1009D00022F008025A61704700ED00E0EFF3088052
:1009E000EFF3098101B57246FFF752FF01BD00BF69
:1009F000002080F31488BFF36F8F002080F30A88F3
:100A000080F30B880F4880F3088800F069FB002012
:100A10000D490860BFF34F8F00F01AF8202080F3D3
:100A200011880A484FF40061401880F30988EFF3F9
:100A300014800221084380F31488BFF36F8F01F004
:100A400095F80000B00C002194ED00E0B00000210A
:100A500072B6002383F313884FF0FF300C4A03F182
:100A600020010133102B42F82100F8D100234FF070
:100A7000FF30074A03F160010133102B42F82100D7
:100A8000F8D162B6BFF34F8FBFF36F8F704700BFCF
:100A900000E100E01EF0040F0CBFEFF30880EFF35D
:100AA0000980816911F8021C0229FFD001B5724644
:100AB00001F04DF801BD00BF044B054A23F07F0350
:100AC0009360BFF34F8FBFF36F8F7047000000013B
:100AD00000ED00E0154680B506460C46002282F384
:100AE0000B880A4FA7F5806888F30B8887F309887D
:100AF000002004498847204629461A46B047024844
:100B00008047FEE7831B0001911B0001B00C002110
:100B10001022014B1A61704700ED00E000232021F4
:100B20000348C21801331E2B82F80013F9D1704715
:100B300000E100E008B5EFF30583064A103B02EB45
:100B4000C30152F8330049688847BDE8084001F006
:100B500027B800BFA01E000108B50649064821F0CD
:100B60000701C1F1045202F5803200F0DDFE0020E1
:100B700008BD00BFB70C0021300000210122024B4C
:100B8000C3F84025704700BF00000841024B0B60CE
:100B900001231360704700BF3C00002100487047EC
:100BA0000020000110B501F0FCF8034C206001F0BA
:100BB000F5F86060002010BD3C000021F8B50E463D
:100BC0001946304617461C4601F055F8D0B106F1DB
:100BD000807646EA040515F0030513D10CB9002010
:100BE000F8BD24F00304A54206EB050005D1074A31
:100BF000D2F80034DB07FBD5F1E7795900F0F0FAC1
:100C00000435F0E76FF01500EAE700BF0000084187
:100C1000F0B50027264DDFF89CC02C680CEB0416BD
:100C2000D6F808682301F6B29EBB07B12C60224CAF
:100C3000D4F82062B0FBF6F506FB150595BBD4F899
:100C40002062B1FBF6F506FB15155DBBD4F820520A
:100C5000D4F824426C438C4224D319B303F1824468
:100C600004F50024C4F80008C4F80418C4F80828DF
:100C7000D4F80058A84218D1D4F80408814214D1FD
:100C8000D4F80838DBB29A4214BF6FF00D00002090
:100C900007E00134072C4FF00107BFD96FF01B00AC
:100CA0002C60F0BD6FF01500FBE76FF00D00F8E76A
:100CB00044000021000008410000FF0110B501219F
:100CC000044600F099F900284AD04FF0FF32254B36
:100CD000C3F80823BFF36F8F72B60023224903F1D4
:100CE00020000133102B41F82020F8D100234FF0D1
:100CF000FF301D4A03F160010133102B42F821003F
:100D0000F8D14FF0E02300221A61D3F8042D03F547
:100D1000506342F000725A605A6A22F4E0225A622A
:100D2000EFF31482920707D5EFF3148222F0020248
:100D300082F31488BFF36F8FBFF34F8FBFF36F8FB2
:100D4000E2699A60E269002383F30B8883F30A88DF
:100D5000116881F3088883F30988044B5068984729
:100D600010BD00BF0050004100E100E00100002183
:100D70001FB50446074A01AB07CA83E807000C22E7
:100D80001946204601F062F800280CBF20460020DA
:100D900004B010BDB41F000170B505460024054E17
:100DA00056F8040B2844FFF7E3FF10B90134072C71
:100DB000F6D170BD082000012DE9FF470646104618
:100DC0000D4614461F46FFF7D3FF18B9002004B0A4
:100DD000BDE8F087A369B342F8D10FB9B542F5D1A8
:100DE0002846FFF7D9FF8442F0D1226A234B9A426A
:100DF000ECD1E368E318E9D227697A199046E5D285
:100E0000A542E3D8A242E1D9013B9D42DED89A42F5
:100E1000DCD9B919DAD2D4F81C90B145D6D38945BA
:100E2000D4D209EB05039B1B5B68B342CED38B4244
:100E3000CCD2DFF84CA0541D01AE9AE8070086E83A
:100E400007000C223146404601F000F820B108F1BD
:100E500001084445F1D1B9E7D8F80C309945B5D12E
:100E600000F05DFF0028B1D13946284608F1100294
:100E700000F05CFFB0FA80F04009A8E7FFFF0291A4
:100E8000C01F0001014BD3F8A805704700200001E6
:100E9000024B034A1B681A60704700BF28000021FC
:100EA00015FCBA250F4B104A1B681968914213D0E4
:100EB00002F11C521968A2F58B12A2F6CC52914293
:100EC0000CD01968094A91420AD01868084B984218
:100ED0000CBF042002207047002070470320704799
:100EE0000120704728000021B6B3B4B55DCE03F1F0
:100EF000EC49F2B6014B1B68586870472800002186
:100F000010B5124C01462368114A1868ADF5107DE2
:100F1000904217D14FF476320020DB68CDE90120F2
:100F2000009310AA4FF4007305A8FFF7A9FB30B98E
:100F3000236805A859689A68012300F0BAFD0DF5E9
:100F4000107D10BD6FF00D00F9E700BF28000021F3
:100F5000B6B3B4B5024B034A1B681A60704700BFB2
:100F6000280000215DCE03F12DE9F04F204885B027
:100F700000F006FF00260446B3464FF004081C4B61
:100F800001AFD3F838A01B4BB24503D8002005B001
:100F9000BDE8F08FD4F8249093E80700D9F800500A
:100FA00087E807000C223946284600F04FFF114B16
:100FB00078B975B121692A6991420AD1AA69A169F2
:100FC000914206D8E169914203D9626969698A430D
:100FD00007D0226A4AB18BF31188BFF36F8F404666
:100FE00002DFE26801361444CEE7C9F80020F8E7D2
:100FF00000020001CC1F00012DE9F04F0F4606460C
:1010000087B0002858D000F0BBFE4FF0000804461F
:10101000B36B434554D94FF00009DFF8B0B04FF03F
:10102000000A5BF8043B0093294B53F8045B0193DF
:10103000009B1D44274B93E8070003AB83E80700A0
:1010400019460C22284600F001FF019B00B9ADB9FA
:101050000AF1010ABAF1070FE7D11F4B09F10109A3
:101060009945DCD31FB10023626A13600BB9236A70
:1010700013BBE36808F101081C44C9E72B6A174A4F
:101080009342EAD1AE42E8D0696B05F13C03884255
:10109000E3D025691A6995420AD19A69A5699542F2
:1010A00006D8E569954203D962695D69AA4309D00A
:1010B000DA6801301344EAE7002007B0BDE8F08F9A
:1010C0000120FAE7002FD4D0CEE700BF7421000141
:1010D00024200001D81F000101000000FFFF029141
:1010E0000022D30003F1FF7303F58033D3F800131C
:1010F000013107D0D3F800130132D3F80433202A8A
:101100000B60EED11E4BD3F83021072A0DD1D3F856
:101110003431022B09D11B4BD3F80024D00742BF36
:101120000022C3F81421C3F81821154BD3F830213D
:10113000072A1FD1134AD2F80014C90744BF6FF021
:101140000101C2F80014D3F83431023B022B11D94B
:101150007F230D4A0D49C2F818310023C1F8043E1F
:10116000C1F8083EC2F82431C2F82C3102F57F22C2
:10117000C2F81031064B1A68064BC3F84425704775
:101180000000FF0100500041002000410000084124
:101190000080FF0100600041044AD2F80834DB07F8
:1011A000FBD50160BFF35F8F704700BF00000841AF
:1011B000C0F30A0373B90222084BC3F804254FF0A9
:1011C000FF320260D3F80024D207FBD50020C3F819
:1011D000040570476FF00C00704700BF0000084125
:1011E000012310B5044CC4F80435FFF7D5FF0023E4
:1011F000C4F8043510BD00BF0000084138B50A4BE3
:1012000053F82040013053F82050A54200D838BD93
:10121000606830B1037EDB0701D400F0C4FD083400
:10122000F3E723689847FAE740200001012208B558
:10123000084B03201A70FFF7E1FF00F0F1FD0420D6
:10124000FFF7DCFFFFF7C2F9034A938923F001039C
:10125000938108BDAC0000214800002108B50020A2
:10126000FFF7CCFF164B03F5006282F3088883F387
:101270000A880025E023134C84F82230E577257690
:101280006576A57684F82050636A43F4E0236362B0
:1012900084F82350FFF792FBFFF73AFC4FF0FF333F
:1012A000A362E362FFF76AFC0120FFF7A7FF0220B9
:1012B000FFF7A4FF2B462A4629460348FFF70AFCFE
:1012C000B000002100ED00E02D1200013F2AF8B52A
:1012D000174650D905460C46A2F1400626F03F06B7
:1012E00040360E44236840341BBA2B6454F83C3C0F
:1012F00028461BBA6B6454F8383C20491BBAAB64CF
:1013000054F8343C1BBAEB6454F8303C1BBA2B65E0
:1013100054F82C3C1BBA6B6554F8283C1BBAAB65DF
:1013200054F8243C1BBAEB6554F8203C1BBA2B66DE
:1013300054F81C3C1BBA6B6654F8183C1BBAAB66DD
:1013400054F8143C1BBAEB6654F8103C1BBA2B67DC
:1013500054F80C3C1BBA6B6754F8083C1BBAAB67DB
:1013600054F8043C1BBAEB67FEF796FFB442B9D1C0
:1013700007F03F00F8BD1046F8BD00BF582000013F
:101380000A4610B514681A4924BA0464546824BA89
:101390004464946824BA8464D46824BAC464146924
:1013A00024BA0465546924BA4465946924BA8465EE
:1013B000D46924BAC465146A24BA0466546A24BA87
:1013C0004466946A24BA8466D46A24BAC466146BE8
:1013D00024BA0467546B24BA4467946B24BA8467B4
:1013E000D26B12BAC267FEF757FF002010BD00BFD4
:1013F000582000012DE9F0410027B24CB24BB2B0A9
:10140000CDE90043B14BB24E0293B24B1446CDE945
:101410000363B14B05460593B04B3097069303F138
:101420007453A3F52303A3F6924331920793002A42
:1014300040F0AE8080233A214FF0010C6E468DF8CB
:10144000803000230CF180003218335053600E239B
:1014500002F108070020032B38601FD0042BD06056
:101460001CD0052B106119D0062B506116D0072B0C
:10147000906113D0082BD06110D0092B10620DD0D1
:101480000A2B50620AD00B2B906207D00C2BD06233
:1014900004D00E2B106340F06C815063B1EB830FCE
:1014A0000CEB830212D000210DEB02033A2A83F8E1
:1014B00080100BD00DEB0203392A83F8811002F162
:1014C000020303D000226B4483F8802000234FEAFC
:1014D000547C209A670D6CF30703304612BA660BF2
:1014E00067F30F236109109266F31743219A61F3A2
:1014F0001F63CDF8BB30E400249B12BA8DF8BF40C7
:101500001192DDE922120CBA12BACDE9124219BACF
:10151000DDE9252312BACDE91412DDE927211BBA32
:1015200012BACDE91632DDE9292309BA12BACDE99A
:101530001812DDE92B211BBA12BACDE91A32DDE906
:101540002D2309BA12BA1BBACDE91C121E932F9B88
:1015500063491BBA1F93FEF79FFEDDE90001DDE939
:10156000022306BA14BA18BA09BADDE9042312BA7A
:1015700069602A6119BADDE9062312BA1BBA2E6026
:10158000AC60E8606961AA61EB6132B0BDE8F081EE
:1015900068468846FFF79AFE241A6E4608EB040355
:1015A000002800F00781421E022A55D958F804206D
:1015B00020928208012A00F006815968022A2191AE
:1015C00044D09968032A229140D0D968042A2391F3
:1015D0003CD01969052A249138D05969062A2591E9
:1015E00034D09969072A269130D0D969082A2791E1
:1015F0002CD0196A092A289128D0596A0A2A2991D7
:1016000024D0996A0B2A2A9120D0D96A0C2A2B91CE
:101610001CD0196B0D2A2C9118D0596B0F2A2D91C3
:1016200040F0E4809A6B3C282E9240F0A480802306
:101630003D2230908DF8BC3000216A4482F8801041
:101640000DEB0002C31C82F8821065E020F0030756
:1016500082073B4400F092801C780DEB070282F871
:1016600080407A1C90423DD95C78B91C0DEB070292
:10167000884282F881406AD980229B780DEB07016D
:1016800000F1010C81F88230BCF1380F0DEB000342
:10169000309083F8802065D9BCF1400F08D000213C
:1016A0000DEB0C023E2800F1020382F880102AD1D3
:1016B00020A93046FFF764FE3B214FF0000C319C1F
:1016C000BFE600BF67E6096A85AE67BB72F36E3C92
:1016D0003AF54FA57F520E518C68059BABD9831FFD
:1016E00058200001802200F1010C0DEB0003BCF139
:1016F000380F309083F8802034D900210DEB0C0294
:10170000831C82F8801000210DEB03023D2800F1BC
:10171000030382F88010CBD000226B443C2883F86E
:101720008020C5D00DEB00013B2881F88420BFD07C
:101730000DEB00033A2883F88520B9D00DEB0003A8
:10174000382883F88620B3D18DF8BF20B0E78022F7
:1017500000F1010C0DEB0003BCF1380F309083F861
:1017600080209CD8BCF1380F319C3AD0CCF13B01A1
:101770000FE00D2392E63C273B446DE780220DEB02
:101780000703319C309707F1010CC7F13A0183F848
:10179000802000278B080CF18000012B06EB000253
:1017A00037503FF47BAE022B576002F108077FF4FD
:1017B00051AE73E680233A214FF0010C319C3090FA
:1017C0008DF880303DE6042808D1802336214FF083
:1017D000050C319C30908DF88430DAE704273B44C7
:1017E0003AE700223A23ADF8B8206BE6382805D155
:1017F0008023392230908DF8B8301DE738273B44DC
:101800002AE700BF7047836800EBC101B3F5004FC2
:101810002CBF51F8220031F81200704700EBC101D3
:101820008068B0F5004F2CBF41F8223021F812300B
:101830007047012208B5FFF7E6FFD04008BD836876
:1018400000EBC101B3F5004F08D34B681AB143F068
:1018500001034B60704723F00103FAE74B881AB18C
:1018600043F001034B80704723F00103FAE7530074
:101870000122FFF7D3BF08B58368B3F5004F06D345
:10188000FFF7D7FF01288CBF0020012008BD0020F2
:10189000FCE78368B3F5004F28BF0139B1FA81F046
:1018A000C0F11F0070472DE9F04104460D46FFF7D7
:1018B000E2FFB8BB29462046FFF7BBFF01462046A2
:1018C000FFF7E7FF04EB80010E6996B90122E36898
:1018D00082401343E36002220D612B4629462046D5
:1018E000FFF79CFF032229462046BDE8F041FFF7A1
:1018F00095BF022231462046FFF785FF0746034683
:1019000029462046FFF78AFF032233462946204610
:10191000FFF784FF39462B462046FFF77FFF022260
:101920003146E1E7BDE8F081B2F5802F34BF0423F2
:1019300008232DE9F0410026D21A8C18CD1D25F080
:10194000070524F00704641BE408056021462846C7
:10195000AC60EE60FFF79DFF820002F11B07FF08FD
:101960003146043205F1100000F068FA3A4631467B
:101970002846FFF77CFF3346324631462846FFF7BC
:101980004DFFA4EB0708284631460122FFF757FF19
:1019900042463946FFF76BFF3B46324639462846FA
:1019A000FFF73CFF21462846FFF761FF43463246DA
:1019B00021462846FFF732FF214628460122FFF73D
:1019C0003EFF3946BDE8F041FFF76DBF7047436801
:1019D0000A689A428FBF00234A6801209B1888BF7B
:1019E00018464B607047F0B58368044685B0002BFD
:1019F0003CD0D0E90467016A33448B4215D982692F
:101A0000934235D8C06801AA394400F0FBF8002899
:101A100035D1DDE90112E06883689B6863B39847BC
:101A200068BB236A029A13442362626AA368B3FB09
:101A3000F2F502FB15353DB12068551B2A4694F896
:101A40002810184400F0FAF9A368E06822683E44C0
:101A50002B4481684D683146A84758B9E369ABB952
:101A60002369A268134423610023A360002001E0DE
:101A70006FF0210005B0F0BD6FF05700FAE70028C5
:101A8000F8DBD2E7135CDB4313540130A368226810
:101A90008342F7D8E06881680D683146A84700287E
:101AA000E8D13246E369A168206898470028D7D07A
:101AB000E0E72DE9F047894616469846044698B374
:101AC00082680369134482693344934230D8002505
:101AD000D4E90170A6EB050A3F1ABA4515D2B54202
:101AE00009D223685246184409EB050100F099F920
:101AF000A3685344A360B8F1000F1CD0A068A8B13C
:101B00002046BDE8F047FFF76EBF23683A46184409
:101B100009EB050100F085F963682046A360FFF733
:101B200062FF18B93D44D3E76FF00D00BDE8F087C0
:101B30006FF00B00FAE74046F8E700F07FB900F0DD
:101B400070B9012801D1EFF3058300F05AB90146BD
:101B50000068FFF7F6BF08B5FEF70AFEBDE80840CB
:101B600000F01EB800210120FFF7EBBF08B5FEF71B
:101B7000A3FFFEF7D5FDFEF7DFFDFEF7CFFFFFF772
:101B80006DFB61B662B680F31188BFF36F8F70474B
:101B9000EFF31180202383F31288BFF36F8F704718
:101BA0007047F7B51C460023164682682360A36081
:101BB0000D465369694601AA9847019B5A1E019236
:101BC0001BB96FF0150003B0F0BD0098A26847681C
:101BD0002168676085B9B31AD0F800C0634528BF93
:101BE000634603FB07111A442160A26002689A420F
:101BF00006D808300090E0E76B1AB3FBF7F3EBE789
:101C00000020E0E713460022FFF7CBBF2DE9F047A5
:101C10000024836886B0884691465B6902AA01A9C0
:101C20009847A2462546029BAB4202D806B0BDE8C3
:101C3000F0870026019F07EBC5077B6804933A688D
:101C40000AEB0603B24202D89A460135EBE7494651
:101C50000394059303A8C0470028E7D0049B0136EE
:101C60001C44ECE710B50C4600F095F80023C4E9DD
:101C70000003184610BD38B505460C4600F08BF839
:101C8000002D07DBA84205D9401B84428CBF0020F1
:101C9000012038BD0020FCE770B50D4619462846E6
:101CA00016461C46FFF7E7FF40B12CB122463046EE
:101CB00005F1807100F0B5F8002070BD6FF01500DF
:101CC000FBE770B50C46154600F068F82946064655
:101CD0002046FFF7D0FFC0B1B4FBF6F306FB134379
:101CE0009BB9B5FBF6F306FB135373B9AE420AD8A2
:101CF00000F054F8064604F180742046FFF758FAC5
:101D0000AD1B3444F9D1002070BD6FF01500FBE726
:101D10000222FEF77DBF002070470020704708B503
:101D2000FFF7F9FF08B9FFF7F8FF08BD30B589B034
:101D3000154601230A460146684600F00EF804469F
:101D400040B9202269462846FEF778FA002808BFE5
:101D50006FF06404204609B030BD08B5FFF74AFBB8
:101D6000002008BD70B5054608460C46FFF714F87C
:101D70002146024601232846BDE87040FFF71CB803
:101D800003465A6B00233C309A4200D17047C16829
:101D900001330844F8E74FF4802070474FF40060A7
:101DA00070478020704710B5436904463BB9002056
:101DB000E2684042537843F00103537010BD9847E6
:101DC0000028F4D00028B8BF4042FF28A8BFFF2059
:101DD000E3681870ECE740B1C368587810F0010070
:101DE0001EBF1878B0FA80F040097047EFF31183F6
:101DF000202383F31288BFF36F8FFEE708B5FFF748
:101E0000F5FF10B5EFF31184202383F31288BFF39D
:101E10006F8FFFF7F3FF84F31188BFF36F8F10BD4F
:101E200070470A44431E914200D1704710B511F823
:101E3000014B914203F8014FF9D110BD0244034612
:101E4000934200D1704703F8011BF9E701390244BE
:101E500010B5904201D1002005E0037811F8014F40
:101E6000A34201D0181B10BD0130F2E7590B00014D
:101E70000000000000000000841E0001690F000146
:101E8000000000005821000100000000901F000128
:101E90002C00002100000000A50B00010000000044
:101EA00000000000651B000100000000651B000130
:101EB00000000000651B000100000000651B000120
:101EC00000000000651B000100000000651B000110
:101ED00000000000651B000100000000651B000100
:101EE00000000000651B000100000000651B0001F0
:101EF00000000000651B000100000000651B0001E0
:101F000000000000651B000100000000651B0001CF
:101F100000000000651B000100000000651B0001BF
:101F200000000000651B000100000000651B0001AF
:101F300000000000651B000100000000651B00019F
:101F400000000000651B000100000000651B00018F
:101F500000000000651B000100000000651B00017F
:101F600000000000651B000100000000651B00016F
:101F700000000000651B000100000000651B00015F
:101F800000000000651B000100000000651B00014F
:101F9000991C0001BD0B0001C31C00019D0B000139
:101FA000651C00018D0B0001DEE61E284CBBCE8FA8
:101FB00002350000DEE61E284CBBCE8F0235000045
:101FC000DEE61E288384518602350100DEE61E28E7
:101FD000EAAC45B802350000DEE61E284CBBCE8FC9
:101FE00002350000000000000002000000040000B4
:101FF0000006000000080000000E000000100000B5
:102000000400000000FF00000000000000020000CB
:10201000000400000006000000080000000E0000A0
:10202000001000000000000000020000000400009A
:102030000006000000080000000E00000010000074
:102040006C1E00016C1E00016C1E00016C1E000164
:10205000841E0001841E0001982F8A42914437712A
:10206000CFFBC0B5A5DBB5E95BC25639F111F1591B
:10207000A4823F92D55E1CAB98AA07D8015B83125D
:10208000BE853124C37D0C55745DBE72FEB1DE8009
:10209000A706DC9B74F19BC1C1699BE48647BEEF38
:1020A000C69DC10FCCA10C246F2CE92DAA84744AC3
:1020B000DCA9B05CDA88F97652513E986DC631A839
:1020C000C82703B0C77F59BFF30BE0C64791A7D518
:1020D0005163CA0667292914850AB72738211B2EA0
:1020E000FC6D2C4D130D385354730A65BB0A6A7688
:1020F0002EC9C281852C7292A1E8BFA24B661AA894
:10210000708B4BC2A3516CC719E892D1240699D6A3
:1021100085350EF470A06A1016C1A419086C371E1C
:102120004C774827B5BCB034B30C1C394AAAD84EFA
:102130004FCA9C5BF36F2E68EE828F746F63A57835
:102140001478C8840802C78CFAFFBE90EB6C50A4C8
:10215000F7A3F9BEF27871C6666C6173682D636F80
:102160006E74726F6C6C6572403431303830303060
:1021700030000000000000012DE9F043DFF818C036
:10218000064F86464FF004584FF48039A7EB0C07F2
:1021900070460047BDE8F0830000002128000021C0
:0C21A000000000200000000015E015E029
:1025A800002800010028000101000000FFFFFA5088
:1025B800BF6412EA5A652CBF59393EEAE41F807D90
:10280000E8560021D55B0101FDE50101C15B010135
:10281000C15B0101C15B0101C15B0101000000005E
:10282000000000000000000000000000A55C0101A5
:10283000C15B010100000000815E0101C15B01017B
:10284000F95E0101F95E0101F95E0101F95E010124
:10285000F95E0101F95E0101F95E0101F95E010114
:10286000D7EA0101F95E0101F95E0101F95E01019A
:10287000EDEA0101F95E0101F95E0101F95E010174
:10288000F95E010103EB0101F95E0101F95E01014D
:10289000F95E0101F95E0101F95E0101F95E0101D4
:1028A000F95E0101F95E0101F95E0101F95E0101C4
:1028B000F95E0101F95E0101000000000000000066
:1028C0000000000000000000000000000000000008
:1028D00000000000000000000000000000000000F8
:1028E00000000000000000000000000000000000E8
:1028F00000000000000000000000000000000000D8
:1029000000000000000000000000000000000000C7
:1029100000000000000000000000000000000000B7
:1029200000000000000000000000000000000000A7
:102930000000000000000000000000000000000097
:102940000000000000000000000000000000000087
:102950000000000000000000000000000000000077
:102960000000000000000000000000000000000067
:102970000000000000000000000000000000000057
:102980000000000000000000000000000000000047
:102990000000000000000000000000000000000037
:1029A0000000000000000000000000000000000027
:1029B0000000000000000000000000000000000017
:1029C0000000000000000000000000000000000007
:1029D00000000000000000000000000000000000F7
:1029E00000000000000000000000000000000000E7
:1029F00000000000000000000000000000000000D7
:102A0000DEE61E284CBBCE8F023500003C000000E5
:102A100030FF010001000000002800010028000133
:102A2000FFFF029100000000000000000000000015
:102A3000000000000000000000000000064A074BF4
:102A400002604FF44272DB7882800822C371002357
:102A500082710372704700BFD9410101E002002179
:102A6000064A074B02604FF4B072DB7A828008227C
:102A7000C371FF2382710372704700BFB33A010133
:102A8000E00200212DE9F341C41D0028064624F090
:102A900007040CBF0020204600F028FC071E04DAC3
:102AA0006FF00B0002B0BDE8F081374DE988A888CF
:102AB00003316B7A03302A7A89B280B20DF02DFF90
:102AC0000028EDDB3C44A978EB78002E04F10304E8
:102AD000194424F0030400FB01F10CBF0020204640
:102AE00000F094FD20440EB90028D9DBEA7A0446B0
:102AF000B2B1EB7B697C13441944FF29D0D8033071
:102B0000002EAA89C9B220F003040CBF0020204681
:102B100000F0EEFD0028C3DB04440EB9002CBFDB3F
:102B2000012000F0D9FBB0B1A97BA1B195F82A3002
:102B300033B340234FF481720734002E24F007048E
:102B40000CBF0020204601F037FF0028A8DB04441A
:102B50000EB9002CA4DBAB7AFBB1EB7AB3B107342E
:102B6000002EA97A24F007040CBF0020204604F0B0
:102B7000EDFA002894DB04447EB9002C0DDA8FE7CF
:102B800025232822D8E700BFE0020021012000F021
:102B9000A3FB10B1AB7B002BE1D1734B1B6893B14E
:102BA000A97D81B10334002EEA7D24F003040CBF1B
:102BB0000020204698470028FFF672AF044416B95B
:102BC000002CFFF66DAF694B1B688BB1297C79B186
:102BD0000334002E24F003040CBF00202046984745
:102BE0000028FFF65DAF044416B9002CFFF658AF7D
:102BF0005F4B1F68B7B1697CA1B10334002E2B7DF8
:102C000024F0030408BF0020009318BF2046EB7C8B
:102C1000AA7CB8470028FFF643AF044416B9002C3D
:102C2000FFF63EAF072000F057FB98B1A97D89B1B0
:102C30000334002E2A7E24F003040CBF002020461B
:102C400000F044FE0028FFF62BAF044416B9002C18
:102C5000FFF626AFB6FA86F795F823007F09A0B1F4
:102C600003346B7FA97E24F0070419443B4644F0EB
:102C70000404C9B2224600F069FE0028FFF610AF36
:102C8000044416B9002CFFF60BAF95F82410002968
:102C90004CD004F10708002EEA8C28F007080CBF7E
:102CA000002040460DF04DFE041EFFF6F9AE4444F0
:102CB000002E3ED1002CFFF6F3AEA97F002945D0AF
:102CC00095F82230002B41D02A8C0734002E02F1D7
:102CD000240224F007080CBF0020404692B20DF0F9
:102CE00030FE0028FFF6DCAE404416B90028FFF69F
:102CF000D7AE03302B7FA97E20F0070019443B4656
:102D000040F0040495F82200C9B2224600F010FEFB
:102D10000028FFF6C5AE044486B9002CFFF6C0AE0D
:102D2000EB6AF3B1C6B1EC620020BBE6002EC4D062
:102D30008846E98C404609F0D5FEBEE72A8C40461D
:102D4000A97F083292B209F0D3FEE9E7002EE7D05E
:102D5000002211461046F6E728343FF5A1AE204682
:102D6000A0E6002EE0D1FAE7C40F0021C80F002131
:102D7000CC0F00211FB572B6194B1C6BECB9BFF319
:102D80004F8F1849184BCA6802F4E0621343CB60B6
:102D9000BFF34F8F00BFFDE7B2FBF6F22B465D1C81
:102DA000002AF9D1DBB203F110056D4405F80C2CB3
:102DB0000A2233B901A8A047E1E7024600230A2608
:102DC000EDE7013BDBB203F110050DEB0506B0FBAF
:102DD000F2F502FB1500303006F80C0C2846E8E747
:102DE000E002002100ED00E00400FA0513B5124CEA
:102DF00068462389ADF80030E388ADF80430A38835
:102E0000ADF8023002F072FB18B1FB219C20FFF7F5
:102E1000B1FF207D02F09AFB08B1FE21F6E7E07CCD
:102E200002F08EFB08B1FF21F0E794F8280008F0CB
:102E3000B9F802B010BD00BFE002002138B5054668
:102E400000283DD00CF0F8FD10B94FF0FF3038BD30
:102E50000AF080FDB0F5FA7FF7D81B4C00212563FE
:102E60001B2504F10F0084F834102A46217084F8E1
:102E70002A10E1620DF02CF8012303210820022220
:102E8000A370E370E372A3742376F7232172238483
:102E9000FB23A0721F20A1734921E3840A23A5808C
:102EA000E5806272A081E174E27584F82830EFF366
:102EB000108472B600F05AFD04B962B60020C6E76D
:102EC0006FF01500C3E700BFE002002138B51446DB
:102ED000002840F0C480634D95F83430032B00F097
:102EE000BB80B9B112B96FF0150038BD013917298F
:102EF00000F2B580DFE801F00C1D20366069873CE8
:102F00006C6F814248565B8D909FA2A596B3B3A883
:102F10001378AB700020FFF7B5FD0028B7BF012381
:102F200002236FF00B0085F83430A8BF85F83430E9
:102F3000DBE71378EB70EDE71379002BD3D05379EF
:102F4000002BD0D01288FB2ACDD863881B3B9BB2C4
:102F5000E02BC8D81A2AC6D92368A2886B60424BD6
:102F60009A80D7E71378EA7B9342BCD3EB72D1E720
:102F70001378EA7A9342B6D8EB73CBE71378EA7A00
:102F80009342B0D86B74C5E71378002BABD053785D
:102F9000013BDBB2F82BA6D8138892786B82334BB7
:102FA0009A70B7E71078687507F0A8FFB2E7137852
:102FB000002B98D02B76ADE7012000F08DF9237817
:102FC00008B1012B8FD9AB73A4E71388AB81A1E7BC
:102FD0001378AB759EE7072000F07EF910B92378CF
:102FE000012B80D9072000F077F918B12378002B46
:102FF0003FF479AF2378EB758CE71378082B3FF615
:1030000072AF2B7486E71388FF2B3FF66CAFAB7261
:1030100080E713786B767DE713780E2B3FF663AF6E
:10302000AB7677E72368124AC5F81E3063685360B1
:10303000238913816EE71378EB766BE713786B7750
:1030400068E713782B7765E713785A1E092A3FF64D
:103050004AAF85F828305DE74FF0FF3045E76FF065
:103060002C0042E7E0020021E4020021F2020021EC
:10307000FE020021F8B50D46064630B329B311F023
:10308000070422D1124F97F83430012B02D16FF090
:103090000B00F8BD032B02D14FF0FF30F9E700F031
:1030A000A1FC0028F8D02846FFF7ECFC0028EEDB56
:1030B00007F07EFF3046F96A02F0B0FAFFF796FE9D
:1030C0000323204687F83430E3E76FF01500E0E78C
:1030D000E002002110B5074C94F83430032B03D1E3
:1030E00002F0B4FA03F060F90DF058FD002084F806
:1030F000340010BDE002002108B502F053FA034984
:103100000320BDE8084000F0DFB800BF612A0001DD
:1031100008B502F061FA03490220BDE8084000F05A
:10312000D3B800BF3D2A0001074B4FF0FF3141F6F5
:10313000FF72C3E9001205490022C1E900221F21E4
:10314000C3E90212704700BF0000002118030021EC
:103150003F280CD801380B4BC0F3421200F01F007F
:1031600053F8223023FA00F000F001007047FF28E6
:1031700006D04038044BC0F3421200F01F00EFE7C6
:10318000012070470000002118030021074B014671
:10319000006849681A4603C240F48C2200201A6075
:1031A00041F0107242F4FF625A6070470000002143
:1031B0000246034B0068516803C30020704700BFFC
:1031C000180300210246034B0068516803C3002026
:1031D000704700BF080000210138064BC0F34212BF
:1031E00000F01F0003EB82039B6823FA00F000F05D
:1031F00001007047000000210A8870B595B2C67CB6
:10320000C2F30E020488023602F118033444C35A92
:10321000A4B233442344013BB3FBF4F303FB042285
:10322000438892B29342044B8BBF2B40AB43134372
:103230009BB20B8070BD00BF0080FFFF4A1E062AB4
:1032400008B50346084604D84FF4D1711520FFF79E
:1032500091FD094A914202D940F2A311F6E711B952
:1032600003B1196008BD2BB11B680022C3E901211D
:103270001A1D1A600430F5E7FAFFFF7F10B5114BF5
:1032800000EB41041A786389B3FBF2F303FB0223DA
:10329000013A1A44B2F5706F0279807828BF002392
:1032A0001A440B18B2FBF0F100FB11215B1AB3FBBF
:1032B000F0F100FB113313446FEA43436FEA5343C9
:1032C000638110BD20030021024B03EB8003596092
:1032D000704700BF20030021034B03EB80035868B5
:1032E000003818BF01207047200300212DE9F04F5E
:1032F00010F0070A85B0054604D040F26F11172080
:10330000FFF738FD534F04464FF0010B07F14C0611
:10331000B146B04657F8043B8DF80BA03BB101A86D
:1033200098479DF80A30082B01D9F521E7E79DF869
:103330000B1041BB05B131604F4506F10406E9D1E0
:10334000002D6FD00022DFF810911227964689F8E1
:10335000002058F827A0013FBAF1000F55D09AF885
:1033600004609AF802C0FF2E60D039460023481C42
:1033700038D19C44BCF1FF0F3FD90AB189F800E075
:103380004FF49A71BBE79DF80AC04B1D60465A0086
:1033900004EB4303022838BF0220441E404223446A
:1033A000BDF808406444CCF1000C0340013C04EA41
:1033B0000C04B4F5803F02D340F205119FE775B1CC
:1033C0009A1A32609170148082F803B09DF80C0054
:1033D000107101984FEA104C1081A2F806C004FB4E
:1033E0000134A9E758F8210028B190F804B0B3459A
:1033F00004BF80781B180139B9E7DBB2E6458AF8CB
:1034000004303CBF5FFA8CFE01227B1CA1D10AB1C3
:1034100089F800E0122640F6FF6A58F82670B7B91E
:10342000013EFAD2601B05B0BDE8F08F0023E5E74E
:1034300007EB410309F101093846A3F80AA0FFF799
:103440001DFF5FFA89F1BB788B42F1D8E8E74FF0B6
:103450000009F6E72403002120030021034B03EBBE
:103460008003186D00B18078704700BF20030021F1
:1034700038B54FF6FF7302460380184B03EB810308
:10348000186DA8B184780379B3FBF4F104FB113310
:10349000DBB2194600EB4105B5F90A50002D0EDBF1
:1034A0000131B1FBF4F504FB1511C9B28B42F1D126
:1034B000002038BD6381BDE838400DF00ABA00EB4A
:1034C00041046389C3F30E031380C278002AF1D14B
:1034D0004FF4E5711720FFF74DFC00BF20030021DA
:1034E0001C4B03EB810370B51C6D054644B303040C
:1034F00004D54FF4EC711720FFF73CFC0146204641
:103500000DF0CAF9FF28014604D02046BDE87040FE
:103510000DF0DFB9A078B5FBF0F300FB1353DBB27D
:1035200019460A1D04EB4206B6F90260002E09DBBB
:103530000131B1FBF0F200FB1211C9B28B42F0D1A4
:10354000002070BD8B4201D00023E37004EB4202E7
:103550005580DAE720030021094B03EB8103014684
:1035600010B51C6D20460DF097F9FF28014604D0D8
:103570002046BDE810400DF0ACB9002010BD00BFE2
:1035800020030021F8B5104B074603EB81030146E9
:103590001C6D20460DF080F9FF28054611D0E28809
:1035A000238953EA024606D0014620460DF091F9E0
:1035B00001463846B04720462946FFF75FFE002007
:1035C000F8BD0520FCE700BF2003002138B50E4BF5
:1035D0000446827903EB8203186D08B9052038BDD3
:1035E0008278E1799142F9D24B1CE37100EB4103FF
:1035F0005D89B3F90A30002BF3DBA5800DF069F982
:1036000020600020EBE700BF2003002170B50446D6
:1036100010F003000E4603D04E211820FFF7AAFB3E
:10362000FFF70CFE054624B1034831460460FFF75E
:1036300005FE284670BD00BFBC0300212DE9F14FF7
:10364000DFF870B01E4607460D46DBF800309046A6
:103650009DF828A09DF82C901BB960211820FFF739
:1036600089FB5246092140460CF09AFF4A4684B233
:10367000092130460CF094FF81B2DBF800002144B0
:103680000DF0DEF8386018B9286001B0BDE8F08FA1
:1036900004445346414609222C6038680CF043FF2D
:1036A0004B4609223146286801B0BDE8F04F0CF0C6
:1036B0003ABF00BFBC03002170B50E4604460CF0B3
:1036C00082FF054630460CF07EFF044B2A18214647
:1036D0001868BDE870400DF0D8B800BFBC030021E9
:1036E000024B186808B10DF09FB87047BC03002169
:1036F0001F2AF8B5044613460ED89200033222F072
:103700000303B3F5803F2DD2184DACB1A00710D004
:1037100068210920FFF72EFBFF2B4FEA420204D954
:10372000FF339A42A8BF1A46E8E77C2AB8BF7C223A
:10373000E4E729706C602B8122F003022823012723
:10374000120403FB01F06B680025120CEEB2B142CB
:1037500000D8F8BD14B126181F705E601044013502
:103760002833F3E74FF0FF30F3E700BFC003002139
:10377000154A002170B553681578C8B2854203D840
:10378000BA210920FFF7F6FA1C461846013114F851
:10379000286B0EB92346F0E70021997001241289A5
:1037A000996103F126055C709208D96103F11E044A
:1037B000596824F8022FA54243F8041F1144F8D198
:1037C00000234361037070BDC00300210A4B1B89B5
:1037D000B3F5FF7F4FEA930006D25A089B1A9BB2BB
:1037E000984238BF18467047B3F5EE6F01D8FF22F4
:1037F000F4E740F27263F3E7C00300214B782DE950
:10380000F04106460C4602F0040702F0FB05E3B166
:10381000A5BBFF23A3707B0804EB57073A7D032A5F
:1038200002D1022D18BF0133E2180121117503F1F5
:103830000C01002204EB830324F811205B68A270C2
:1038400030463360B280BDE8F081002DE1D1012324
:1038500001F11E028D6120464B7004F1260C1A4BBB
:10386000CD611B8949689B0822F8023F944540F8C6
:10387000041F1944F8D100236361CAE7D1F804801A
:1038800014220021A01861700CF022FB0E4B1B8942
:10389000B3F5FF7F0FD25A089B1A9BB208EB0301C6
:1038A000C4F804802384A1606284C4F80C80A384DB
:1038B0002161E284ADE7B3F5EE6F4FF0FF02EBD983
:1038C00040F27263EAE700BFC00300212DE9F8432C
:1038D00005460C46F720052191460CF061FE061EB8
:1038E00021DB1DB906FB04F0BDE8F88315F00307E2
:1038F00003D098211920FFF73DFADFF83080C8F88F
:103900001050A8F81460BBB29C42EBD9B8F8145020
:103910004B46D8F810000522F72107FB05000137B8
:103920000CF001FEEFE74FF0FF30DDE7D40300219C
:1039300007B5CDE900230B4603490246081D0DF0EB
:1039400007F903B05DF804FBEC03002113B5064C46
:10395000CDE900230B46024604F1080104F10C00F6
:103960000DF0F6F802B010BDEC030021144B01225B
:1039700000214FF0FF309A60C3F80012C3F808032B
:10398000C3F80015C3F804259A60C3F808034FF480
:103990008040C3F80015C3F8042503F5805341F6B1
:1039A000F8720849C3F80825C1F88000BFF34F8FAB
:1039B000BFF36F8FC1F88001C3F80825704700BFBF
:1039C00000E0004100E100E002680020014B1A60C5
:1039D000704700BFFC030021014B1B68184700BF64
:1039E000FC030021024B1868003818BF0120704703
:1039F000FC0300218C469B22064B00B50CF8032BE0
:103A00008E4607CBCEF80300CCF80410CCF8082083
:103A10005DF804FB0C0400212DE9F0411C4E044626
:103A200000F00107736A93F8A850B5F1000818BFB9
:103A30004FF001081DB117B1338D1A0714D40129B5
:103A400016D8F36A2046984790B196F830307BB983
:103A50008DB987B1308D58B996F831304BB996F899
:103A6000320080F0010004E096F82A30002BE6D006
:103A70000120BDE8F08184F0010010EA0800F8D0D0
:103A8000308D8307E7D596F82A0080F00100F0E733
:103A90000004002110B5154C08F0AEFB08F0C2FE82
:103AA0000021A36BA08E9847237E93B9A18E606AF4
:103AB00003F0DAFB636AB3F8AA0003F0FDFA236CA3
:103AC00094F8301094F83C009847002384F8443070
:103AD00010BD94E8070004F10C0383E807000449D3
:103AE00004F119000EF073FFE0E700BF00040021AD
:103AF000F5390001034B93F8443003B97047FFF7E1
:103B0000C9BF00BF0004002108B5094B93F8442049
:103B1000022A07D1DA7A42F00102DA72BDE80840DF
:103B2000FFF7B8BF40F257312720FFF723F900BF56
:103B3000000400211E4910B48C6C42782378D20016
:103B400003F0F30302F0080213438278920002F0BC
:103B500004021343C278120103F0EC0302F01002D6
:103B60001343027802F00302134302222370B1F8D8
:103B700054306370A1F84C208C6C0079237842019A
:103B8000012823F0200302F0200243EA02032370FD
:103B90000CD14B6A93F8BA2093F8BB30032A03F098
:103BA0001F0308BF002243EA8213A37010BC7047B2
:103BB00000040021F0B5194C83B0A56D4DB3636EC0
:103BC0003BB3B4F8683001F003012F4606466B7032
:103BD0002B7823F003030B4307F8033B3846B4F874
:103BE0006820616E0CF0DEF90DF1020201A9E06EB1
:103BF000E56567660CF00EFE01980CF0F9FD0346D2
:103C0000B4F868100122E06E33600CF09CFD03B044
:103C1000F0BD40F6C6012720FFF7ACF800040021F4
:103C2000F8B5244C4FF481730646656AA4F86030F9
:103C30002A7D94F87430276F03EB820095F82111E8
:103C4000E765FF2804D11EB995F820318B4216D0C4
:103C500007F0ACFD2B7D3BB3A06F08F057F9A16FC7
:103C6000E06D08F0A5FD8EB1B5F8E00007F056FD57
:103C7000002008F083FA022384F84430F8BD002ABB
:103C8000EAD1384608F042F908F0CCFD95F8213128
:103C9000B5F8E420033B012B8CBF00202820104402
:103CA00080B208F09BF9DFE7E06D08F02FF908F02B
:103CB000B9FDD8E7000400212DE9F04FC44C87B0CE
:103CC000666A94F87430327D96F8201103EB820313
:103CD000FF2B05D120B996F821318B4200F0F380FB
:103CE000FF2007F063FD676A00233A7A04938DF89A
:103CF0000930ADF80A308DF81430062A00F2178129
:103D0000DFE812F07B00E3006100610015010700AD
:103D100007000DF10A0103A801F0B6FE002800F02B
:103D2000F280039D002D00F0EE800122062384F82E
:103D30007D20BDF80A203B72002A5CD0E91CA4F863
:103D40005420022B2165B7F80920A564ADF8112095
:103D50006DD0053B012B69D80B780322022B8DF81F
:103D6000102000F0A380D4F880000CF0ABFC0546D6
:103D7000002840F0C380236D1B781B2B00F0E780E8
:103D800000238DF8143004A8F37C84F8315023B15B
:103D9000B4F85430002B40F08C80FFF7CBFEA06CC1
:103DA00008F0B4F808F03EFDB6F8E20007F0B6FC03
:103DB000012008F0E3F9012384F8873084F84430C7
:103DC00007B0BDE8F08FB7F810310DF109020DF121
:103DD0000A01D4F88000ADF80A300CF01BFC05464F
:103DE000002800F003810123BDF80A2084F87D300B
:103DF0003B7A002AA2D11146A1E7002303A80DF1C6
:103E00000A01A7F8443094F87C30A7F81031ADF8D7
:103E10000A3001F039FEE0B1039DD5B1012205233E
:103E200084F87D203B72BDF80A2085E701238DF8D8
:103E30001030D4F880000CF045FC0546002858D11D
:103E400001F03CFE2B4680F00105EDB28DF81350D9
:103E500097E7636A93F85580B8F1000F58D10DF1D8
:103E60000A010DF10902D4F880000CF0D3FB0546DD
:103E700000284DD09DF809A0BAF1000F6ED1BDF811
:103E80000A30002B58D10123A5643B7284F87D30A1
:103E90000023A4F854302365B7F80930ADF8113089
:103EA00001238DF81030B8F1000FC2D000252B4649
:103EB00067E7FFF73FFEA06F08F028F8A16CA06F3E
:103EC00008F03AFC70E737460EE7424B0122D4F87F
:103ED0008000A36400238DF81020A4F854302365DB
:103EE000B7F80930ADF811300CF0ECFB05460028AE
:103EF000A6D001238DF81330002342E701238DF86B
:103F00001330236D38E740F2D3512720FEF732FFFC
:103F10004FF00008012200233A722E4AADF80A3011
:103F2000A4F854302365A264B7F80930B6E740F22C
:103F3000DD512720FEF71EFF002301222B80AB70EE
:103F4000032384F87D203B72BDF80A20F4E607F1D4
:103F5000BA00012107F06CFC012312E70146D4F8F6
:103F600080000CF041FC0CF043FC0368D0F804B076
:103F7000814653EA0B022FD10023BDF80A2089F8AD
:103F8000003089F8013089F8023089F8033089F867
:103F9000043089F8053089F8063089F80730002A9E
:103FA0003FF471AF9DF809100029C5D0297801F0C0
:103FB0000301012906D00121BB75022384F87D107D
:103FC0003B72BBE6032384F87D103B72B6E600BF6C
:103FD0000004002184040021019309F089FE019B63
:103FE00083427BEB0101C7D2D04693E740F2C45134
:103FF0002720FEF7BFFE00BF2DE9F04F0023B14C94
:104000008BB0656ACDE9083394F84430022B40F058
:104010005982E36D03220E46074693F8009005F19E
:10402000A80A5978134409EA020B4FEA2918A4F8A0
:1040300060206366A4F86810002800F0C88000299A
:1040400040F080816B7AA28E0133A16542F4007248
:10405000DBB2A28683EA990111F0010140F0F18000
:104060002A7A002A00F06981032A6B7200F2B38178
:10407000012A00F06281B5F8443008A9D4F8800024
:10408000A5F846300CF0E8FA002800F025822B6FE6
:1040900001332B676B6F43F100036B670021636A89
:1040A000297293F8A8304BB16B793BB1238D102066
:1040B000697143F010032385A36B9847A38EC9F35E
:1040C000C00943F40063A386002307932B7D002BD4
:1040D00040F0BE80AB7A03F00102914500F01781F9
:1040E000A36D002B00F0C78008F0010884F832802F
:1040F000002E40F0F680079E4FF0000994F88A10D9
:104100000120FFF789FC8046002840F0D781EB7C36
:10411000002B40F03281002095F82021B5F8E01006
:1041200007F038FD0020FFF7C7FDB8F1000F03D0FE
:10413000594609A8FFF73EFDA38E5A0607D4A36B84
:10414000002140209847A38E43F04003A38666B128
:10415000EB882BB9636A93F8A830002B40F0CF802E
:10416000B4F809300133A4F80930002F00F0C18001
:10417000B4F805300022013384F88A20A4F8053011
:10418000514802F087FF089830B10CF031FB002253
:104190000272514602F028FA099B33B100221A72CA
:1041A0000C225146099802F0EDF9B9F1000F40F0E8
:1041B0008380A38E1B0607D4A36B494680209847B3
:1041C000A38E43F08003A3860BB0BDE8F08F2B7D58
:1041D000002B40F0BC8094F88A30013384F88A3098
:1041E000A38E43F48063A38695F82131033B012B12
:1041F00016D902F031FA98B9A36D002B00F00081B6
:1042000008F0010884F83280002E3FF475AF07F003
:10421000F3FFA38E5B066AD400264FF001098EE7F8
:1042200007F092FA0328A36D00F09480002B00F0B1
:10423000E78008F0010884F83280002EE7D1B1460B
:104240005CE72B7DC9F3C0090797002B3FF442AF11
:10425000B4F86830F3B9AB7A03F0010291457FF40A
:104260003FAF0133BBF1030FAB7200F0CE80A26D04
:10427000002A7FF439AF4FF00009B4F86830002B02
:1042800014BF4FF0000808F0010884F8328046BBE4
:10429000079E33E708F0EEFA0328FBD002280BD084
:1042A00000287FF417AFAB7A03F0010399457FF440
:1042B00017AF012384F83C30FFF7ECFB0BB0BDE8EF
:1042C000F08F00BF0004002124040021002A14BF45
:1042D0004FF0000808F0010884F83280002E3FF407
:1042E0000AAF07F089FF079E4FF0010924E74FF05E
:1042F0000109B4F807300133A4F8073040E7B4F8F7
:104300000530B4F8072013433FF42FAF28E7B4F883
:104310006820002AA5D00BF1FF32012A40F28580E7
:104320000133BBF1030FAB726FD0AB6F0133AB67DF
:10433000EB6F43F10003EB67D2E6B5F84430A5F824
:104340004630ABE6E06E0CF0DEF901467AE608F0A6
:10435000D1FA40E7B4F86890B9F11B0F94BF4FF061
:1043600000094FF00109002B5DD008F0010884F826
:104370003280002E3FF4C2AE49E7636A05F1800146
:1043800095F82A0105F1900C93F8A82095F82031B2
:104390008000B2FA82F20791013B5FFA80FE520977
:1043A000DBB2032BD5E91C0100F2AB8003930B4673
:1043B00005F18001CDE9002C02464FF0000C70465B
:1043C0004FF0010ECDE904CE4FF0FB0CCDF808C044
:1043D00008F022F99FE6053A012A78D8B5F844306A
:1043E0000791A5F8463001F05DFB0799002878D0C9
:1043F000238D082043F008032385A36B984746E6E6
:104400004FF00009CDF81C9037E7A38E01203F49FB
:1044100043F480532871A386238D43F00103238541
:10442000A36B984781E7079327E7A38E95F814902D
:1044300043F48053A38607F087F9032894F8883063
:1044400007D1B9F1000F0CBF1F221B22934228BFD6
:104450001346B4F86820A16D9A421CD800293FF495
:1044600035AF94F8893003BBAB6F08F00108013316
:1044700084F83280AB67AB7A03F10103AB72EB6F68
:1044800043F10003EB678EB307F0B6FE594609A867
:10449000FFF790FB27E794F8303043F0100384F8DF
:1044A000303000297FF420AEE5E6A36B0021202008
:1044B0009847A36D002B7FF417AEDCE607F09CFE57
:1044C000079610E740F6AF112720FEF753FC40F2A5
:1044D000B4712720FEF74EFC40F2D6712720FEF77C
:1044E00049FC4FF4FC612720FEF744FC94F88A1045
:1044F0000120FFF791FA81460028C5D1079EB846F2
:1045000005E640F225410620FEF734FC6404002154
:104510002DE9F041404C86B094F84430012B70D125
:10452000666A5FFA83F805460F46337903BB337A30
:10453000052B30D0012F16D1ADB929462846FFF7FB
:104540006BFA80B9337D676A002B3BD197F8212144
:104550000120B7F8E21007F01DFB002006B0BDE80F
:10456000F041FFF75DBB06B0BDE8F041FFF792BA3E
:10457000238D0021042043F0040331712385A36BB4
:104580009847636A93F8A830002BD0D0337A86F826
:104590000580052BCED1238D0220204943F0020354
:1045A0002385A36B9847636A93F8A830002BC1D08A
:1045B000236D1B78A3F10203B3FA83F35B0984F83C
:1045C0002A30B7E797F8213106F1800C94F874206F
:1045D0009036013B97F8A840DBB2003C18BF01249D
:1045E000032B56E9060111D80094CDE90162024679
:1045F0000120CDE9033505900B46614608F00CF823
:10460000A4E740F60E112720FEF7B4FB40F2254147
:104610000620FEF7AFFB00BF00040021500400217C
:1046200010B50C4C0C4A0D4994F84430116023B17C
:104630004FF4B1712720FEF79DFB03F0FF022276B5
:1046400002F00AFE01F01AF8206701F01BF8A067DB
:1046500010BD00BF00040021D00F00214C49000113
:10466000074A10B592F8443013B10C24204610BD0F
:1046700003F0FF04147602F0EFFD204610BD00BFEA
:10468000000400212DE9F0439A4C87B0054694F8C8
:1046900044009DF83860002840F02181002A18BFAE
:1046A000002900F01C81B3FA83F04009002B00F0D0
:1046B00016812364A163E26284F8300084F88A00E2
:1046C00084F83C0084F887002085A08684F83100B7
:1046D00084F8320084F87D0084F82A00A064206504
:1046E000A4F85400E0656066A4F8680084F8896066
:1046F000656207F0CFF808F095F895F9280107F002
:104700002DF9D5F8D460D5F8CC0007F02DF9304656
:1047100007F0E0FB95F8250007F030F9B5F8E03038
:10472000702B03D9B5F8E230702B01D806F0FCFFEE
:10473000636A93F8A860002E72D00EF04BFE01461B
:1047400095F821210120AF3107F00EFA6A4B186865
:1047500007F0C6FBAB7B243BD5E93012072BC4F82E
:104760008010E2667BD9EB7B243B072B77D9B5F829
:10477000F230B5F8F80095F82011984228BF184695
:10478000042908BF03210DF0F2FC024695F8F4005D
:1047900095F8F030904228BF104680B2984200D37E
:1047A000C3B295F8211105F1E80084F87C300EF0D1
:1047B0008CF995F821112F7D0329B5F8FC6008BF0D
:1047C00004210DF0D4FC0FB9043080B2864228BF1A
:1047D0000646F6B284F8886001F03EFF002840D11A
:1047E000636A84F8746093F8A8306BBBEA7C002A93
:1047F0003ED10120FFF760FA0023B5F8AA0095F832
:104800002520A360C4E90033D5F82431E98820804D
:10481000618022710BB101221A6007B0BDE8F083FC
:104820000EF0D8FD95F82021344B01463046344E29
:1048300033F8123003F5FA73A6FB036301EB93110F
:10484000913107F091F981E72B7D73BB0120FFF7D0
:10485000E7F9636AD3F8E80107F08EFBCCE71B2386
:104860009FE701F0FFFEB04238BF3046C6B2B7E75F
:1048700095F8206105F1800195F82A0105F1900273
:10488000013E8000F6B2C0B2032ED5E91C892BD8B8
:1048900001924246CDE9036301264B4605960096F8
:1048A000FB26029607F0B8FEA3E795F8213105F143
:1048B000800705F19002013BDBB2032BD5E91E0115
:1048C00012D8019202460120CDE9026300260B4670
:1048D000059039460090049607F09EFEB6E74FF427
:1048E00020712720FEF746FA40F225410620FEF708
:1048F00041FA00BF00040021D00F00219001020105
:10490000D34D6210FFF7C6B8014B93F8870070478C
:1049100000040021054B9A8E12F4C06F03D093F867
:104920007D0000B17047C2F30030704700040021E1
:10493000024B93F83500C0F3C0007047000400211B
:10494000014B93F88A00704700040021093B0001E5
:10495000F93F000111450001F53A000190F854308B
:104960005A070ED413F0030301D11846704790F88C
:10497000550000F0FD00A0F10100B0FA80F0400900
:10498000704790F85600A0F10100B0FA80F040099D
:10499000704700BF08B501210020FEF7DDFD28B1FA
:1049A00090F89400003818BF012008BD40F64A3145
:1049B0003220FEF7DFF900BF343270B5044692B200
:1049C0001E460D460BF0BDFF24B1034B1C601D7449
:1049D0005E741D7170BD00BFA404002190F86C00CE
:1049E000003818BF01207047304BF0B5B0F86C703C
:1049F0000C461146DA88B0F86A6085B097421D8986
:104A000028BF1746964228BF16461B2E2ED0B5F556
:104A1000A47F2DD040F6480301AA9D4228BF1D4621
:104A20000CF0C4F8BDF80A30BB4228BF3B46E38017
:104A3000BDF80C30AB4228BF2B462381BDF80630B1
:104A4000B34228BF33466380BDF80830AB4228BF6D
:104A50002B46A380FF232370E3881B3B9BB2E02BF4
:104A600008D940F202513920FEF784F91B2FCED12C
:104A700005B0F0BD63881B3B9BB2E02B02D940F22E
:104A80000451F0E7238940F64812A3F5A4739BB2C2
:104A9000934202D940F20651E5E7A388A3F5A47337
:104AA0009BB29342E4D94FF4A161DCE74C050021AD
:104AB000F7B5002506462C463278ABB29A4207D8A5
:104AC0000F4B0020B3F864201444A3F864400EE0B8
:104AD00006EB850701A9B7F801000DF0AEFB60B940
:104AE0000199B7F80330CA8C934202D9122003B05F
:104AF000F0BDD21A23449CB2CA840135DCE700BF62
:104B00004C050021F7B5002304460E461746CDE9B3
:104B100000336846FEF75AFD08B100201AE0009DF8
:104B2000A542F6D0304605F1AD030CF039F8394610
:104B300095F8AC200DF07DFA0028EAD005F1B40319
:104B400095F8B32004F1B40194F8B3000DF071FAB4
:104B50000028DED003B0F0BD054A516A02F11D0302
:104B6000127F11F8030BC0F380100DF062BA00BF82
:104B7000880A00210138C0B2032808B504D94FF4CF
:104B80003F710620FEF7F6F8014B185C08BD00BF28
:104B90005CFF01010138C0B2032808B504D94FF405
:104BA0003F710620FEF7E6F8014B185C08BD00BF18
:104BB000B4FF01010138C0B2032808B504D94FF48D
:104BC0003F710620FEF7D6F8014B185C08BD00BF08
:104BD0009000020107B50D4AB2F864309BB1013B69
:104BE00001A9A2F864300DF028FB20B140F2235156
:104BF0003920FEF7BFF8019A0120D38C0133D3840A
:104C000003B05DF804FB1846FAE700BF4C0500212D
:104C100010B503210020FEF79FFC044670B9032164
:104C2000FEF75EFC044620B940F21E313920FEF743
:104C3000A1F8034B93F96C100EF0FFFE204610BD57
:104C40004C050021014B5888704700BF4C050021DE
:104C5000044BD87BC0F3400080F0010000F001005D
:104C6000704700BF4C05002110B50DF0E1F9204C54
:104C700001F0C2F800F066FD0DF081FE02F078FA56
:104C800001F0BAFA06F07AF9012000F0FFFC0021E9
:104C9000184B194A19604FF01B13A4F86410A18136
:104CA00084F83210E173C4E900234FF4A473102296
:104CB000A3604FF479432361104B58681B896063EC
:104CC00004F13C0023870BF003F9012342F2107238
:104CD00004F15A0084F83C306375C4E910220FF0E7
:104CE0002CFB04F14C00BDE810400FF04CBB00BFA2
:104CF0004C050021D40F002103021B005CFF0101C1
:104D0000044B41F64C521B211A629973C3E90622E7
:104D1000FFF7AABF4C050021F7B53A4D00F1A807EF
:104D20000446AB69C0F8E8302B7C003B18BF012378
:104D300080F82931344BC0F8C83038460EF056FCA4
:104D4000064600F0E7FC8306A97B53BF1B236B8854
:104D5000AA881A46A4F812312C4BA4F814211B6817
:104D600084F8F010A4F8F26023B194F92811B4F893
:104D7000AA009847264B1B681BB12649B4F8AA0025
:104D80009847254938460CF0C3FF0123A4F8DE30CC
:104D9000224B1B681BB10021B4F8AA009847204B96
:104DA0001B681BB10021B4F8AA0098471D4B1B6873
:104DB00013B1B4F8AA0098471B4B1B6813B1B4F8A1
:104DC000AA009847AB8804F1C0006A886978033369
:104DD000033201919BB2297892B2009104F1C4018F
:104DE000FEF72CFCD4F8C03023B940F2DB41392067
:104DF000FDF7C0FFD4F8C43013B940F2DC41F6E748
:104E000003B0F0BD4C05002100093D00E80F002172
:104E1000DC0F00217005002156050021F80F00214C
:104E2000EC0F0021F00F0021F40F00212DE9F341D8
:104E300004460E460EF042FE002800F09680204602
:104E40000EF0B6FF40B1B6F80130013B7F2B03D91D
:104E5000122002B0BDE8F08120460EF0ADFF08B987
:104E60000C20F6E720460EF095FC0028F8D12046ED
:104E70000EF0CDFD80460028F2D1204604F07AFCE9
:104E80000028E5D042F21073B6F80170F1782046A0
:104E90005F430EF078FF04213078FEF75DFB054696
:104EA00006213078FEF758FB2DB140B141F678214C
:104EB0003920FDF75FFF18B3054690F8E5802C4ECA
:104EC0003368EBB1403528460EF06DFAC0B1284684
:104ED0000EF05AFAA0B9B8F1000F07D0254B2846BA
:104EE0001B68984760B141F68C21E1E722494246B0
:104EF00033682846096A984710B141F69121D7E7EF
:104F000020460EF04DFF014638B93A46204602F0E1
:104F10004DFE40B341F69A21CAE702210DF1060089
:104F2000FEF7A6FA054608B90D2092E7BDF806106F
:104F30000DF0B4F9294620460EF065FF2846FFF72C
:104F4000EBFE3A462946204602F030FE024610B1FA
:104F500041F6B621ACE7084B9B6E23B105F597717E
:104F600005F1A8009847002073E7422071E700BFD1
:104F7000D80F0021E00F00214C05002108B503786F
:104F8000032B0ED803F0FD03012B074B06D1074A74
:104F900007481A6001F0F0FA002008BD00201860F0
:104FA000F8E71120F9E700BFD40F0021B14A000152
:104FB000D54B0001074B01889A88914207D3B0F87E
:104FC000032091B219B10020A3F86420704711208A
:104FD000704700BF4C050021024B1B6803B1184706
:104FE0000C207047D40F0021B0F9002011B292B20A
:104FF000F8B502F5A0639BB2B3F5206F37D8B0F9CE
:1050000002301DB29BB203F5A06080B2B0F5206FF4
:105010002DD802F2F64040F2BE5480B2A04228D809
:1050200003F2F64080B2A04223D800294FF00A04D0
:10503000C4BF093211B2002DC8BF093391FBF4F48B
:10504000C8BF1DB205F0A2FF0A2367B2064695FB52
:10505000F3F1384649B205F08BFF074B1B6813B1DB
:10506000A01B40B208B90020F8BD9847FBE73020EC
:10507000FAE71120F8E700BFE40F0021034B5A883C
:1050800002801B7883700020704700BF4C05002110
:1050900073B5837806461A2B08D8042B04D9334AF3
:1050A00022FA03F3DB0705D412251AE0292B01D0DD
:1050B0003B2BF9D13088B0F5706FF5D269460DF011
:1050C000BCF888B9009B93F82C2102F0FF05C2B907
:1050D000B27883F82D21FF2283F82C2168460BF04B
:1050E0008AFF284602B070BD09213088FEF734FAE5
:1050F0000446002837D001A9B0F8AC010DF09DF8A6
:1051000008B10C25EDE70821B4F8AE01FEF724FA4A
:1051100020B940F639013920FDF72CFE03781BB980
:1051200094F8C831032BECD1019B93F84221002A5B
:10513000E7D194F8F02102F0FF05002AE1D1B4F89C
:10514000B021A3F8442194F8B82183F84621027DC8
:1051500083F84721B27883F8482184F8F021FF22B0
:1051600083F84221BDE70225BBE700BF20003804D9
:105170000188A1F11B039BB2E02B0CD8428844F2BA
:105180004810A2F5A4739BB2834204D8034B0020BD
:10519000D9801A8170471220704700BF4C0500214A
:1051A000034BDA881B89028043800020704700BFD0
:1051B0004C05002138B50278447802F0010302F072
:1051C000020254EA030101D1112038BDBAB9857831
:1051D000002DF9D0002B18BF002400E01D4620460A
:1051E0000BF0ACFD0028EFD028460BF0A7FD0028FF
:1051F000EAD0054B00209C72DD729881E5E7002B18
:10520000ECD000242546EAE74C05002113B50088C0
:1052100001A90DF034F8044620B9019890F83E3108
:105220001BB13A24204602B010BD90F8603003F064
:10523000FF04002BF5D190F857309B0706D1FF23D0
:1052400080F83E3101A80BF0D6FEEBE7024958305A
:105250000DF0BDFBE6E700BFEB320101F7B50678C4
:1052600004460F46EF2E03D91226304603B0F0BD98
:1052700090F901204378002AF6DB82789207F3D177
:1052800013F010001DD19D0603F0030216D5002A6D
:10529000EAD11907E8D42179E278E57942EA0122D6
:1052A000617942EA0142A17941EA0521257A41EA80
:1052B00005418A42D8D81F2A12D8D5E7032AE8D157
:1052C000D2E713F0600FCFD103F00702052A05D013
:1052D00003F00F010D22CA40D207C5D51D07DAD54C
:1052E000627A013A062ABFD8A27A032ABCD813F000
:1052F000040302D1023A012A03D8E27A012AB3D880
:1053000013B9A37C032BAFD8237DF8B1012BABD10C
:10531000237E012BA8D818B36378D90702D500F0F3
:1053200077F920B36378227D03F01803082B2ED180
:10533000022A1CD103213046FEF70EF9054660B360
:105340000EF028FA002834D00C268EE7022B8BD0E2
:10535000A37D013B022B87D8E37D0F2BD8D983E7B0
:1053600000F0E2F9820707D4237D022B01D1112638
:105370007BE7A37D022BFAD000F0D6F94307CBD40C
:10538000237D032BF3D0A37D032BC5D1EFE7022AA6
:10539000D0D0237F002BCDD0E9E703213046FEF7A4
:1053A0009FF80546002843D0224B93F96C100EF06D
:1053B00044FB002130460EF08CFF28BB28460EF03F
:1053C000ECFC21463870E07428460EF0CEFBE37EFC
:1053D0000646002B3FF449AF00287FF446AF024653
:1053E000E96C6846FEF70AFA3246E86C01210BF0D8
:1053F000FDFAE96C68460422FEF700FA32463146AF
:10540000E86C0BF0F3FA30E740300DF0CCFF0028E9
:10541000D4D0637813F0330F7FF426AFA67D2846EF
:10542000296A0EF0DCFCFFF7A5FB8642C6D08BE7AD
:1054300007261AE74C05002130B502798BB00346E8
:10544000042A4FD84088B0F5804F4BD82649002415
:105450001144ADF800408DF808408A7C4D7B42F045
:1054600010028DF8244042EA4502CD7D097F42EAD0
:10547000850242EAC102694602F01F028DF800204F
:10548000BDF80020ADF809201A888DF80E00000A3A
:105490008DF80B20120A8DF80D408DF80C208DF838
:1054A0000F008DF810405A7BD3F807008DF81120BB
:1054B0005A79059002A88DF812209A798DF8132058
:1054C000B3F80B209B7BADF818208DF81A307F23A2
:1054D0008DF81B304FF00113CDE90734FFF7BEFE06
:1054E0000BB030BD1220FBE75CFF010102780346E0
:1054F00072B1427862B142881A2A09D982881A2A7E
:1055000006D90068034A106000209B88938070478A
:10551000122070474C05002102680020014B9A615F
:10552000704700BF4C0500210378A3F10A02112A3D
:105530009BBF024A00201220937370474C05002144
:10554000014B5874002070474C050021014B9874A2
:10555000002070474C050021024B1B6803B118471F
:1055600011207047FC0F002108B5052000F09AF8C3
:1055700005F0B2FC014B024A9A6608BD4C050021B9
:10558000E949000108B50122054B1A7104F0DCF865
:1055900004F0AEFE0CF0A2FBBDE8084000F014BF22
:1055A000BC05002110B50C20084C00F07BF8282029
:1055B00000F078F804F1080005490CF046FB04F10E
:1055C0000C000449BDE810400CF03FBBBC050021B5
:1055D000600000216800002110B5094C094904F160
:1055E00008000CF032FB04F10C0007490CF02DFB15
:1055F00004F110000549BDE810400CF026BB00BFC7
:10560000BC050021700000217800002180000021ED
:10561000014B1879704700BFBC05002138B5074C15
:105620000D4600F0ADFEA06825600CF006FBFFF70C
:1056300067FB01F04DF80123237538BDBC0500213F
:10564000014B187D704700BFBC05002110B50A4C06
:10565000E0680CF0F2FA20690CF0EFFAFFF704FBB7
:10566000202000F033F8262000F030F8292000F048
:105670002DF80023237510BDBC050021004870479C
:10568000D105002100487047D3060021014B83F863
:1056900019027047BC050021014B93F819027047AD
:1056A000BC050021C208074900F007000123834020
:1056B000885C03438B5404490B78934238BF1346EC
:1056C0000B70704718000021D60700210F4B0121F5
:1056D00010B503EBD002C40800F0070001FA00F097
:1056E000195D21EA0001195509490B78A34205D13A
:1056F000002012F8014914B100B10B7010BD002B4D
:10570000FAD0013B0120DBB2F3E700BF1800002113
:10571000D6070021014BD3E9000170471800002192
:105720000048704720000021054B1868C0F3C022D4
:10573000C0F30020400040EA820040F001007047C2
:105740001800002108B508F005F90023074A32F8CF
:105750002310814205D302EB83029378044A13702D
:1057600008BD01330C2BF2D10023F7E784FF0101C0
:10577000D7070021024B1878072828BF0720704759
:10578000D70700212DE9F04F046898460F4685B0F1
:1057900094F86730164604F1A80994F80FA043EA7C
:1057A000D303D90702D4BAF1260F5FD194F8A850D9
:1057B000002F55D1FFF7B8FF8DF80B00002E51D107
:1057C000FFF7B2FF2B4B8DF80C00D3F800B0BBF104
:1057D000000F0CD0AAF126022846494653425341F5
:1057E0000DF10B02009303ABD847054630B99DF885
:1057F0000B3013B19DF80C0028B90925BAF1260F1A
:105800002AD10020034694F8292132B19B0700F0E9
:1058100002002DD560B302200346FF2284F839210F
:1058200094F8382102F0FF05F2B99DF8382003A959
:1058300084F83B01484684F8382184F83A31A4F8CA
:105840003C818DF80C708DF80D60ADF80E800CF079
:105850005FFA002384F83931284605B0BDE8F08F9F
:105860003846A9E73046ADE73A25F2E71A25F3E7CF
:105870000925F1E70010002110B50468B4F8AA303A
:1058800084F87E11A4F87F3194F82001FFF782F9A3
:1058900084F8810194F82101FFF77CF9044984F828
:1058A000820104F27510BDE810400DF090B800BF01
:1058B000FB1C01012DE9FF4704688946054694F861
:1058C0000EA0AAF1250359425941052A35D1E37B9F
:1058D000272B37D104F10F0799F8018099F802605E
:1058E00008F0070806F0070608F1FF33721E03EA06
:1058F0000803324013431FD130460CF0A1FA60B3C5
:1059000094F82031984228D094F83A21164213D0C6
:10591000BAF1250F21D094F8192116421DD1013872
:10592000013B474AC0B2DBB21044032B00790FD8C9
:105930001A441379834210D9284604B0BDE8F047D1
:105940000CF046BABAF1250F77D104F10E07C3E780
:105950004FF4DD710620FDF70DFA40460CF070FAA9
:1059600040B194F82131834204D094F83B3118EAD5
:10597000030FE1D0B9F8039003AB20463246009301
:1059800041464B460CF069FA2C6878BB94F83831E4
:10599000012B28D1E38804F5347294F82011B4F86F
:1059A0003C010CF0BBFA0646D0B901462846FFF789
:1059B00063FF2B6883F838613E702B6803F10F0298
:1059C000974201D10022DA732B6803F10F0297424C
:1059D0002FD128460DF0D1F9002004B0BDE8F087A2
:1059E0002C23A373E9E784F83801E6E7E388A4F8F9
:1059F000D09209F1FF39A9EB030947F6FD731FFAAD
:105A000089F9994506D92823284684F8313001F0D0
:105A1000FFF8D9E7E37B0D2B02D00A3B012B01D81D
:105A20002A23F1E7BDF80C30A4F8D23229233B70C9
:105A3000CAE7002283F84E20CEE70220CDE700BF60
:105A4000B4FF0101024B002283F832209A8670478E
:105A5000DA070021044B93F83220012A1ABF0360B1
:105A600001200020704700BFDA070021054B0246E5
:105A700093F8321001291BBF01209A86002083F879
:105A800032007047DA070021054B024693F83200D6
:105A900020B1136009B19B8E0B800120704700BFBD
:105AA000DA070021044B002293F832009A8610B1E5
:105AB000012083F832207047DA070021034B93F866
:105AC0003200B0FA80F04009704700BFDA070021C9
:105AD00050B90A4A0120134603F8010B0868C2F8BE
:105AE00001008A889A807047012805D1034B0A6813
:105AF000D8719A608A889A81704700BF1008002187
:105B000050B90B4B187888B1D3F80120B3F80530A1
:105B10000A6001208B807047012806D1044BD87998
:105B200020B19A689B890A60F3E70020704700BFA4
:105B30001008002110B9044B18787047012806BFDF
:105B4000014BD8790020704710080021F7B58A88EA
:105B500000238DF80600ADF8042008680B4A8DF884
:105B600007300146147802F5A872019DD8B284422C
:105B700001D8082007E052F8087F01335668AE428A
:105B800008BF8F42F2D103B0F0BD00BF2008002152
:105B9000084B0146002230B51C7903F20713D0B23E
:105BA000844201D8082004E013F8015F01328D42DD
:105BB000F5D130BD200800212DE9F8432B4C0746D4
:105BC000257904EB000E013D9EF80861EDB2854297
:105BD00025712BD04FEA05184FEA001C08F1080385
:105BE0000CF108090CF1880C2344A144A4440FCB08
:105BF00089E80F0008F1880323440FCB8CE80F00DD
:105C0000631993F808218EF808210622554357435B
:105C100005F5887507F5887760596219E119E05133
:105C200092888A8093F840318EF840313046FFF7F1
:105C3000AFFF082818D12378013BDBB29E422370C6
:105C400012D02B3306F12B0204EBC30304EBC20288
:105C500093E8030082E803002078FFF799FF082803
:105C60001CBF241884F80861BDE8F88320080021CF
:105C7000F0B5254D89B095F8984105F2991168461F
:105C800022460AF08FF9214668460CF0F0F90446E6
:105C9000B8B300EB400102A8C9B2FDF79DFE631E38
:105CA00095F8A1610124DBB295F8981105E0721C0A
:105CB000B2FBF1F001FB1022D6B206F120020DEB8F
:105CC000020010F8202C002AF1D103EB430100F868
:105CD000204C06EB460220312A44694411F8187C16
:105CE00082F8A27111F8177C11F8161C82F8A371C2
:105CF00082F8A411013BAA19DBB282F89941FF2B6B
:105D0000D2D109B0F0BD00BF2008002170B5064611
:105D100088B00C46002A4ED0294A92F8A131D018FA
:105D200090F8991119B9FF212820FDF723F803EB0A
:105D300043010133114491F8A251E57091F8A35148
:105D400091F8A41125716171002180F8991192F8E0
:105D50009811B3FBF1F001FB103382F8A13192F8F6
:105D6000C23123B9174902F5DD700CF02DFE6579BB
:105D70000D220021684605F03F0545F0400565719C
:105D80000AF0A6F8E37804AA69468DF80F30304689
:105D900023798DF80D508DF80E30042309F010FF93
:105DA0009DF81F3023709DF81E3063709DF81D30E4
:105DB000A37008B070BD03216018FDF70DFED6E793
:105DC00020080021715C0001044B1A79824286BFD1
:105DD0001B1893F850010020704700BF20080021D5
:105DE000044B1A79824286BF1B1893F848010020A1
:105DF000704700BF20080021074B00224FF461715B
:105E00001A701A7183F8C32183F8C421A3F8C6114C
:105E100083F8C221704700BF20080021014B83F89E
:105E2000C4017047200800212DE9F04782468946C9
:105E300017469846FFF78AFE08280546064603D00F
:105E4000FFF7A6FE082860D1324C2379072B5ED8D5
:105E5000082D15D12678731C072E237003D96C21C9
:105E60002820FCF787FF06F12B02D9F8000004EB8D
:105E7000C20344F83200B9F8042083F806A09A80DF
:105E8000257907F110026B1C29012371CB1D2344D6
:105E900012F8010DBA4203F8010FF9D1873108F168
:105EA0001003214413F8012D984501F8012FF9D171
:105EB0002544102140460CF020F9102185F84801B6
:105EC00038460CF01AF985F808612679002385F820
:105ED00050013146104885F840310CF0C8F80128CF
:105EE000054607D831460D480CF0C1F8002818BF08
:105EF0000135EDB284F898510025284684F8A15167
:105F0000FFF7B6FE2846BDE8F0871220FBE7072022
:105F1000F9E700BF2008002168090021700900216D
:105F2000064B10B51879013840B2002800DA10BDD0
:105F3000C4B22046FFF740FE601EF5E720080021AE
:105F4000014B83F8C301704720080021014B93F8EF
:105F5000C301704720080021431E4AF2B7129BB2CA
:105F600093429DBF024BA3F8C60101200020704759
:105F700020080021014BB3F8C6017047200800211A
:105F80000A4B30B51C7984420ED9184490F80801A8
:105F90002B3003EBC004A5790D7053F8300010606E
:105FA0000120A388938030BD0020FCE72008002159
:105FB0000246074810B590F8C34124B1017921B1D8
:105FC000083005F00BF8204610BD0C46FBE700BF7B
:105FD000200800212DE9F74F2F4C9A46804689462C
:105FE0002379834256D9231893F8485185F0010547
:105FF000F9B193F85031E3B945F002070135BAF130
:10600000000F18D1FA070AD5062104EB08105246F2
:1060100001FB0841883001F58871FFF777FEBB0767
:1060200034D504EB0810524649460830FFF76EFE9F
:106030002CE02F46E3E794F8A1614FF0010B002D0F
:10604000E0D0A31993F89911019399B90092DAB1AC
:1060500000F00EFB019B06EB4601009A4FEA102C64
:1060600083F899B1214481F8A201000C81F8A3C101
:1060700081F8A401013694F89831013DB6FBF3F1A3
:1060800003FB1166F6B2DAE747F00407384603B0BF
:10609000BDE8F08F0027F9E720080021074B1A79A7
:1060A000824209D91A1892F848212AB9062202FB1D
:1060B000003000F5887070470020704720080021EC
:1060C000064B1A79824281BF1B1893F84001B0FA3F
:1060D00080F0400998BF0020704700BF20080021D1
:1060E000F8B50E4607460621154630460CF005F871
:1060F000044670B10C4B0022187903F23F13D1B261
:10610000884202D801242046F8BD013203F8015F1D
:10611000F5E7314638460BF0C6FF0828F3D0024BAE
:10612000034483F84051EDE720080021034B80F839
:1061300080101B680BB1408818477047041000217D
:106140000B2808B504D940F229112920FCF712FECA
:10615000014B33F8100008BDBCFF0101036830B5E6
:106160000024D3F8C80042F21075A3F84040A3F809
:106170004640B3F848404443B4FBF1F4A3F8484028
:106180004C1E05FB0242B2FBF1F2A3F84220094A81
:10619000B2FBF1F20132A3F84C209A8F05FB0244C6
:1061A0005A6B5043B4FBF1F4B0FBF1F09C635863BD
:1061B00030BD00BF005A6202054B1B7833B9054B56
:1061C0001A681B7902600371012070470020704734
:1061D000E809002128000021054BFF221A70054A1A
:1061E000016811600179117100221A70704700BFB7
:1061F000E80900212800002107B5064A1068127935
:10620000009068468DF80420FFF7E6FF03B05DF8C4
:1062100004FB00BF9F2302010346084671B13F2BD8
:106220000BD8074AD35C03F07F02914205D08CBFA4
:106230000120002000EAD31070470120704700BF02
:10624000D4FF0101FF230B7002234B7083238B705B
:10625000014B1B78CB707047EC0900212DE9F84FFA
:10626000D0F804800C46D8F81C6030460AF0AAFA30
:10627000054620B94FF4AA711020FCF77BFD0146BA
:1062800030460AF0ADFAB5F800B082461FFA8BF737
:1062900017B94FF4AC71EFE7224B00F103091B680B
:1062A000D3B998F8023098F803202370637802F08D
:1062B0000F02A4F802B023F00F03134323F0C0032E
:1062C00063709AF8003003F00303012B0FD0022B08
:1062D0000DD04FF4BB71CFE73A464946B8F80200FB
:1062E000984705460028DCD12846BDE8F88F62783B
:1062F000304663F3051262700AF07CFA054610B965
:106300004FF4C071B8E7FB2F02D940F28F11B3E709
:106310003A464946201D09F045FE30460AF0C1F9CB
:10632000E2E700BF0810002138B5134C102200210D
:10633000201D09F0CDFD0125257404F1080310226C
:10634000002104F11400C4E9013309F0C1FD84F80F
:10635000205004F11803094AC4E90533002363629D
:10636000A36284F82C30C4F82D30C4F8313084F89E
:1063700035301360A36338BDEC09002108100021FB
:1063800010B5084C2378FF2B04D040F2991110204F
:10639000FCF7F0FC09F05AFC2070BDE81040FFF754
:1063A000C3BF00BF2D00002110B5034C207809F0B9
:1063B00067FCFF23237010BD2D000021014B1878CE
:1063C00009F06EBC2D000021014B024A1A60704793
:1063D000101000215D6200012DE9F341DFF8888192
:1063E000054608F11407D8F80830D8F81840227A82
:1063F000012A22D1D8F8382052B1137A1BB9BF2113
:106400001020FCF7B7FCD8F83840C4B9002093E05E
:106410001A7A012AFAD01C46544AEFF3108172B658
:1064200050680068506001B962B6A34208BFC8F85E
:106430003840237A1BB9EE21E2E73A46EDE7267AA7
:10644000F6B205232372731E0B2B7ED8DFE803F010
:106450007A062336773F4E3F3F3F3F6B636813B961
:106460004FF40371CCE72046294698470420EFF308
:10647000108272B6237A052BD9B24FF0000369D18E
:106480002372D8F83810A14201D1C8F83830002A58
:1064900045D162B643E0636813B940F21521AFE716
:1064A0002946204698470346ADF80400C0B2C3F31E
:1064B0000723012B3ED0022BD9D129E0636813B901
:1064C00040F21D219CE7204698470020CFE7284B4B
:1064D0001B68002BF9D03246606829469847A6F120
:1064E0000A020420534253415B00E4E763680BB99E
:1064F000FE2185E786222A7001225988AA706A71D6
:1065000000229869A5F80310AA710AF0CAF80420BD
:10651000D8F83830A34202D10023C8F83830002818
:106520003FF461AF08E0134B294620461B689847AB
:10653000034668B9267298B102B0BDE8F0814FF405
:1065400015715DE740F257215AE740F25A2157E7AB
:106550000220DDE711B940F27B2151E7184696E7AA
:10656000002B7FF440AF51E7EC090021F009002136
:106570000C10002110100021014B1860704700BF63
:1065800008100021134610B5027A22B140F2023100
:106590001020FCF7EFFB0A4601460248BDE8104018
:1065A0000CF0EFB9F0090021044890F82C301BB929
:1065B000034924300CF002BA704700BFEC090021F7
:1065C000732901010346064890F83C203AB190F83F
:1065D000352022B9034900F82D3B0CF0EFB9704784
:1065E000EC090021456200010A4610B5037A23B187
:1065F00040F20A311020FCF7BDFB01460723024898
:10660000BDE810400CF0BDB9000A00211346027A23
:106610000AB1037270470A46014601480CF0B1B94D
:10662000F009002101490CF0D2B900BFD5290101C0
:106630000B8BA2F809001046A2F80B304B8BA2F886
:106640000D308B8BA2F80F30CB8B0249A2F81130A2
:106650000CF0B7B9332A0101014B1878704700BF1D
:10666000290A0021014B1878704700BF2E00002135
:10667000094AD2E90003434083EAB01181EA432189
:106680004FEAF34311605360044B58434FEAF06004
:1066900000EB8000704700BF2C0A0021BB79379EB9
:1066A000094AD2E90003434083EAB01181EA432159
:1066B0004FEAF34311605360044B58434FEAF060D4
:1066C00000EB8000704700BF30000021BB79379E8F
:1066D00010B50A4C08210948FDF77EF9D4E90032CB
:1066E0001343F7D0064CFFF7DBFF2060FFF7D8FF1E
:1066F000236860601843F6D010BD00BF3000002151
:106700002C0A0021174B184A9A60184A5A60184AF6
:106710001A60184A9A62184ADA62184ADA60184A05
:106720009A61184A1A63184A1A62184ADA64184AAF
:106730009A64184A5A62184B184A9A60184A5A6260
:10674000184ADA62184A1A61184A5A61184A9A6154
:10675000184A1A63184A9A64184ADA64184A9A63FB
:10676000704700BF14100021232E0101492E0101A2
:10677000752F0101013101015D310101396D000108
:106780006F310101F16F0001496E000141320101D9
:1067900067320101A56E000114110021392E01019B
:1067A000073201018D3101013D310101AD3101019E
:1067B000D96D00010D330101AB32010197320101A6
:1067C000F1310101044B054A5A65054B054A1A652A
:1067D000054A5A65704700BF141000215D3401015D
:1067E000141100214734010187340101054B064A89
:1067F0009A65064A1A66064B064A9A65064ADA659B
:10680000704700BF14100021CF1F0101B5580001CF
:1068100014110021291E010111200101F7B50546BF
:1068200001A80F46FFF716F920B94FF4AA615120CD
:10683000FCF7A0FA32220021019809F049FB019CE3
:106840003F2F264606F8037F43D83F2F44D8DFE882
:1068500017F046004C006C0075008D005C015C0177
:106860009A00B3009E005C015C01A300AF00B3007E
:1068700043004300B7005C015C01CC00CC00E300A6
:10688000E300EA00430043005C01EF00FC0000016C
:1068900004010B010D010F0111011B0125013C0138
:1068A0003E01430043002D014601440143004300E3
:1068B00043004300430043004300430043004300C0
:1068C000430043004300430048014A0143004001A4
:1068D0004201FF2F00F00D8140F24451A7E7294605
:1068E00030460CF0ABFBC0B9BBE02E68D6F83032B6
:1068F000636096F834322372286890F89F3033B979
:106900000CF07CFA2B68DB881844A6F83602B6F83F
:106910003632082063721B0AA372FFF7A7F800281B
:1069200040F0F58040F2575181E72B6893F8A8209A
:1069300052BB93F82D3102202371EEE72B6817200C
:10694000D3F878226260D3F87C22A260B3F8802268
:10695000A281D3F85822C4F80E20D3F85C22C4F8E0
:106960001220D3F89030C4F81630D6E72A680D20EC
:10697000D2F8F6316360D2F8FA31A3602B68D3F80D
:106980009430E360C9E72B6893F8A030D3E7314631
:10699000284600F0F3FAA6E71123062023715923B5
:1069A00063710023A3718023E37120232372B4E772
:1069B0002B6893F89A30BEE7304600F0CDFA92E7A4
:1069C0002B6893F8A82052B993F8A0203AB193F815
:1069D0009D20227193F89C30032063719DE793F80A
:1069E0009B20227193F89A30F6E72B680920B3F8C0
:1069F0000C212271120A6271B3F8A220A271120A4C
:106A0000E271B3F808212272120A6272B3F8A03060
:106A1000A3721B0AE37280E72B6893F83A21227174
:106A200093F83B31D8E7294630460BF093FA5AE702
:106A30002B680F21B3F8AA00FCF78EFD00F15B0173
:106A400030460BF0E9FE232067E730460DF063FC8B
:106A500049E730460DF068FC45E72E4B1B68002BDC
:106A600043D140F24951E2E62B4BF7E72B4BF5E7D8
:106A70002B4BF3E72B4B1B68002BF2D023202A462D
:106A800031469847042048E7264B1B68002BE8D086
:106A90002A4631462420984705203EE7214B1B68B3
:106AA000002BDED02A4631462520F4E72B680F2143
:106AB000B3F8AA00FCF750FD00F17D0200F15B0184
:106AC00030460BF0B5FE2B2027E7174BC6E7174BD8
:106AD000C4E7174BC2E7174BC0E7174BBEE7174B8E
:106AE000BCE7174BBAE7174BB8E72946304698473B
:106AF000F9E62B68304693F8C722D3F8C8120BF09A
:106B000058FE2B6893F8C702EDE6012005E703B0B5
:106B1000F0BD00BF141200211C1200211812002128
:106B200020120021241200213012002134120021F1
:106B3000381200213C120021281200212C120021C1
:106B400040120021441200213F289ABF024B53F803
:106B500020000020704700BF141000213F289ABF7A
:106B6000024B53F820000020704700BF1411002191
:106B700030F8023CF7B504460D46B0F8826073B1B8
:106B800001226846ADF801608DF80020ADF80330B1
:106B9000FEF722FA18B195216320FCF7EBF8194BA8
:106BA0001B6813B1A4F128009847174B1B680BB161
:106BB0003046984783230027A5F803602B70AF70F9
:106BC000637AD4F89C006B7109F075FD08B9BA219D
:106BD000E2E739463046FCF7D5FC02213046FCF7A7
:106BE000D1FC18B9094B1B6803B198474FF40173E6
:106BF000002003F004021B0A62F3070063F30F2076
:106C000003B0F0BD481200214C12002150120021A7
:106C1000F7B5056804464FF6FF77D5F8C0600DF16B
:106C200002010DF101023046ADF8027009F0F2FCEC
:106C300001A9304609F010FD48B1019809F0D8FDCE
:106C40002168A83100220272FFF7CEFCE7E7044971
:106C500005F1280003B0BDE8F0400BF0B2BE00BF64
:106C6000716B0001F0B5044685B00D46FF2600F8B3
:106C7000E96C10F8EA3CF3B1174F3B781BB1622185
:106C80001F20FCF777F80C21381DFCF7A5FE3E709D
:106C9000002304F8E93C8A232A4602F8033BD4F88F
:106CA0000930C5F80330D4F80D305360D4F81130F2
:106CB000936005B0F0BD01A80C21FCF78DFEA4F592
:106CC0001573039A1A6001AB03CB44F8F20C44F835
:106CD000EE1C04F8EA6CDBE7340A002110B5054C21
:106CE00023782BB90C21201DFCF776FEFF2323709F
:106CF00010BD00BF340A0021024690F8FE31BBB936
:106D000090F8FF3103F0FF010BB100207047094BF1
:106D100018780028F9D01970D9680433C2F8941093
:106D200003CBC2F8F601C2F8FA11FF2382F8FE3154
:106D300001207047340A0021026838B5D37B04462D
:106D40000D463BB1132B05D0113B0F2B8CBF0120FF
:106D5000082038BDD2F8A430ABBB92F8563013B936
:106D600020460BF0F8FFD5F80B302268C2F8EE3160
:106D7000D5F80F30C2F8F2312368D5F81320C3F8E4
:106D80009020B3F8AA20A3F8F122D5F80120C3F887
:106D9000F322D5F80520C3F8F7222368B5F80920B7
:106DA0000025A3F8FB22236883F8B85183F8FE512D
:106DB0002068084900F53A700BF000FE236816229F
:106DC0002846DA73C5E720460C220321BDE8384087
:106DD0000BF0E7BF656C0001036810B5DA7B044671
:106DE000202A04D040F29D211F20FBF7C3FF002181
:106DF00093F85620B3F8AA0083F8551082B1C3F86F
:106E0000C31183F85610A3F8C711A3F8C40103F502
:106E1000DD700B490BF0D2FD23680022DA7310BD40
:106E20000121A3F8B30183F8B22103F2A91083F87A
:106E3000B51183F8B9210349A3F8B621EAE700BFE9
:106E4000E9300101D130010138B5046894F8A85047
:106E50001DB9E37B23B101201AE02368DB07FAD4D4
:106E6000D1F801200D4BD1F8051013400C4AC4F89D
:106E70006630C3F307630A4043F00803C4F86A208E
:106E800084F869300BF067FF1DB90423E373002019
:106E900038BD236843F001032360F8E72FC904F7E6
:106EA0006FDB008038B503689A7B042A34D1D1F8AF
:106EB00001204C1CD1F80550C3F86620C2F30762CC
:106EC000C3F86A5042F0080283F86920002283F870
:106ED0004E209A73026892F8A8200AB983F83F21DD
:106EE00093F84021B2B993F88B2102F0FF008AB9E0
:106EF000B3F8AA2083F88C0103F28310A3F88D2144
:106F0000D1F801200549C3F88F216268C3F89321A5
:106F10000BF054FD002038BD0120FCE7C731010112
:106F2000036893F8402112B1094B1B68184793F886
:106F30008B215AB9B3F8AA2003F283100549A3F8AC
:106F40008D211A2283F88C210BF038BD704700BFC9
:106F500054120021C731010110B50446FEF7DAFBD7
:106F6000044A054B024009200B40C4F80120C4F834
:106F7000053010BD2FC904F76FDB008037B50C4614
:106F80000568FEF7C7FB0A4B0A4A03400A4095F81A
:106F9000661000930B4001928DF800306B4603CBD6
:106FA000C4F801000920C4F8051003B030BD00BFCB
:106FB0002FC904F76FDB008038B5DB04154604D514
:106FC000037D13B10023436338BD446B0134446334
:106FD0000CF07BF9836B9C42F6D300230349436397
:106FE0002846BDE838400BF0F2BC00BF3532010145
:106FF00070B504680546A37B94F8A860012B07D000
:107000001EB9E37B23B1012038E023689807FAD446
:1070100094F857309A0713D44A78D80784F8612037
:107020004A88A4F862208A88A4F8642043F0020207
:1070300084F857200FD5164904F158000BF0C7FC0F
:1070400094F85730D90710D4CEB9E37B43B153211C
:107050004020FBF78FFE94F83E31002BEBD1EFE799
:107060000123E37328460BF076FEA37B0020012B5F
:107070004FF0000304BFA37384F84E3070BD236843
:107080009A0701D55821E3E743F002032360E9E7BB
:10709000EB32010170B50568044603F047FF054B6C
:1070A0000146E8721B681BB12046BDE870401847D6
:1070B00070BD00BF5C120021024B1B6803B1184772
:1070C000704700BF58120021F0B51F4D00242B78E7
:1070D00014709BB1013B6D68DBB21E1B012E0FDCEF
:1070E00005EBC40655F8347076688E4208BF8742B7
:1070F00027D0B84271EB060612D214700020F0BD02
:107100001E197710C6F3470655F837C005EBC70EB2
:107110008445DEF804708F412CBF33463446DCE7EB
:1071200005EBC30455F8335064688C4208BF8542B0
:1071300006D0A84271EB040428BF01331370DDE7C9
:107140001C4601201470DAE7540A002110F00702EF
:1071500008B503D063214820FBF70CFE18B1034BA0
:10716000197258601A70C80008BD00BF540A002187
:10717000014B00221A707047540A0021014B187A03
:10718000704700BF540A00212DE9D3430CF0E6F804
:107190000DF1070207460E46FFF796FF90B90F4C18
:1071A0002378227A9A420ED0626819469DF807E049
:1071B00002EBC3008E4509D302EBCE020133C2E9D4
:1071C00000762370012002B0BDE8D08350E9028927
:1071D000013960E80289C9B2ECE700BF540A002116
:1071E00037B50CF0BBF80DF10702FFF76DFF58B192
:1071F0000A499DF807300A78013AD2B20A70496804
:1072000001EBC3019A4201D803B030BDD1E9024578
:107210000133E1E80245DBB2F4E700BF540A002184
:10722000024B1879003818BF01207047640A00210A
:10723000FF23084A0B700D234B7082238B70136859
:10724000C1F803305368C1F807309368C1F80B30B8
:10725000704700BF6A0A002116220021014808F089
:1072600037BE00BF6A0A0021F8B51C4D04466B7D8D
:107270009BB390F8A83023BBD0E976760CF0AAF83F
:1072800094F82021164B913033F812304FF47A7273
:1072900003F23F63B3FBF2F3DB19B4F8AA2046F123
:1072A00000061B182A8046F100066B60AE60E3887A
:1072B00005F10C0002220B496B80BDE8F840FFF796
:1072C000A5B94B0609D5B0F8AA302B80D0F8783292
:1072D0006B60D0F87C32AB60E9E7F8BD6A0A002148
:1072E0009001020131720001094B53F8203003F57F
:1072F000234370B5A13316464FF47A720C46B3FBA4
:10730000F2F5344405F0D2F82C44204470BD00BF9F
:107310007C0102012DE9F04F98468BB00023044612
:107320000F460392069390F821B10AF0E4FC06465A
:1073300094F82B01FEF704FF06440CF04BF8E37BB6
:1073400000F18605B6B2472B47D00D2B45D094F8F7
:107350000E90A9F14701D1F1000949EB0109039B06
:10736000002B40F08580637B032B40F08180B9F1D6
:10737000000F6AD0B4F8D032BB4266D1D4F81832CC
:107380002046B4F8EC21C4F80832D4F8C830C4F868
:107390000C32B4F88A321344C4F8103203F028FDDA
:1073A00094F829A1BAF1000F09D0D4F8D82241F6F7
:1073B0004B539A428CBF4FF0000A4FF0010A94F8E9
:1073C000E4326BB9D4F8C820D4F8D8329A4221D02C
:1073D000B4F8AA000CF0BEFF1CE04FF00109BEE7B4
:1073E000B4F8AA000CF0B3FF20B940F2417130208C
:1073F000FBF7C0FCB4F8E0324FF0000AA4F8DE302E
:10740000B4F8E2328381B4F8D032A0F80EA0438100
:10741000013B038294F82A31002B4ED1BAF1000FC0
:107420004ED1D4F8D43284F82AA1C4F8D830B4F8B4
:10743000D232A4F8DC30D4F8D832C4F8C830D4F84A
:10744000DC32C4F8D03002236373A17B292946D0F3
:10745000A1F12C0251425141E27B292A00D039B1DD
:10746000B4F8D032FB1A1B0402D4204602F0E6FE28
:10747000B4F888A204F5167394F82101A7EB0A0A60
:107480000293E3880FFA8AFAFB1ABAF1000F0FFA97
:1074900083FC26DAE246D4E99C23C4E9A023002336
:1074A00084F82B320123627B032A00F2B681DFE8E5
:1074B00012F01A002B0171004F01BAF1000F07D032
:1074C0004FF04D13C4F8E0300023A4F8E430A8E7EF
:1074D0004FF09613A4F8E4A0C4F8E030A1E701212E
:1074E000BAE74346DFE7014694F8E5010AF060FE9B
:1074F0008246D4F8D8003146504406F0EFF93146C0
:10750000C4F81402D4F8C80006F0E8F907A9C4F8D2
:10751000180208A804F080FE079B0093DDE9082309
:10752000D4E9A00106F0A0FA064604F1A8000BF089
:10753000DAFFD4F88C3294F82101D4F8D8B006934D
:1075400004F0BCFF069B00F52340D4F814124FF45E
:107550007A72203BA1305B445B1A30315B1BB0FB7D
:10756000F2F053442A469B1B1B1A94F82101069300
:10757000B4F8DC3003EB4101FFF7B6FED4F88C22FF
:10758000069B22309B1AC4F81C02F52B5CD840F2F3
:10759000C6412CE7D4F8D8303146D4F80C02184450
:1075A00006F09CF93146C4F81402D4F8C80006F07D
:1075B00095F9C4F8180204F1A8000BF094FFD4F870
:1075C000D830D4F80C621E44B4F8EC31002B40F0F3
:1075D0009780B8F1000F00F0938094F8210104F037
:1075E0006DFFD4F81412D4F8783200F52340761ADF
:1075F00094F82121A130203E1E44A24B53F82220B2
:107600004FF47A7302F2E732D4E99CABB2FBF3F2A7
:10761000A6EB0A06B0FBF3F01644761B361AD4F834
:107620000832D4F8102294F8210102FB0311B4F8B7
:10763000DC302A460696303103EB4101FFF754FE59
:107640000123C4F81C026373D4F8C83004F1E800C5
:10765000D4F81822A03B06999B1A5D1BD4F81C3263
:107660009D4228BF1D46002384F85832C4F8E851D3
:10767000D4E9A0325B1842F10002C4E99A320BF05F
:1076800022FA04232844A4F8887284F86132C4F8EA
:107690005C02D4E99A23C4E9A02302F0F3FE20B1EE
:1076A000D4F85C321E33C4F85C32B4F8D831DB1B3A
:1076B0001BB2002BD4BF00220122520084F86022AA
:1076C000B9F1000F40F0AC80B8F1000F40F0AB8092
:1076D000637B002B00F0C380D4F8C81004F516704B
:1076E000D4F81832C91A0AF014FD80B2002800F04C
:1076F000B680149B03B1188001200BB0BDE8F08F59
:10770000D4F81412761A8AE7D4F81822D4F8C830BC
:10771000D4F810129B1AD4F808620AFB03F30693FC
:10772000B4F8EC319C44D4F81432ACEB010C303397
:107730000CF1FF3C06FB0133B4F8DC1002FB0C3308
:107740002A4601EB4301FFF7CFFDC4F81C027BE79B
:10775000D4F8C82002FB0AF20692B8F1000F1CD040
:10776000B4F8EC11C9B984F82B12D4F8181201FB43
:107770001A2EB4F8ECA10291CDF818E06BB3BAF16F
:10778000000F2AD1D4E99E61D4E99C23B24273EB65
:10779000010108D340F20D5129E694F82B1200297B
:1077A0007FF452AFE1E7374B203E53F82B104FF4F4
:1077B0007A7BD4E99C23CDE9042301F2E73301F578
:1077C0002341049AA131B61AB3FBFBF3B1FBFBF1E1
:1077D0001E44761A761B76440696029BE2442A469D
:1077E00003FB0AFA0AF1300A4FEA4A0A5146FFF748
:1077F0007BFD41F64B53C4F81C02D4F8C8009842F4
:107800003FF622AF06AB2A465146009304F50773B4
:107810000AF0EAFC84F82B0216E740F22551E6E56F
:10782000B8F1000F1BD0B4F8000210B3B4F8021284
:1078300094F804224D1CA4F8021201FB022290428B
:107840000DDD002B0BDD0023A4F8025284F860321A
:10785000FEF70EFF00F00700013084F8040204F583
:10786000167104F50C7007F02BFA20B940F275512F
:10787000BDE50146DCE7039B83F0010384F8283271
:1078800000203AE77C010201F0B5044685B018B942
:10789000A5213020FBF76EFA052900F2CB80DFE846
:1078A00001F003C42A25C9BF90F82832C288A3B1C9
:1078B000B0F82632934208BFB0F8DC319A1AA0F82B
:1078C000DE21E3802046D4E99A23C4E99C2302F018
:1078D0001DFD94F8503005B0F0BDB0F824329B1A6D
:1078E000A0F8DE31B0F824329BB2EAE705B0BDE87B
:1078F000F04004F09DBC06F0ADF8D4E99C23801A5A
:1079000061EB0301012871F1000302DA4FF4C06159
:10791000BFE76FF0010383424FF000038B4102DAAF
:1079200040F20161B5E7D4F8C8300BB1B0FBF3F316
:10793000E07BB4F8262247280ED0A17B46390129E6
:107940000AD90D2808D0E1880B449BB2D11A0D0446
:1079500043D501339BB242E00132A4F82622B4F8A9
:107960008A3203AEE5880133334FA4F88A32B4F883
:1079700042301D44B4F84030013DED1AADB23B68D1
:107980005BB1B4F8261200222046013989B298472B
:10799000B4F826321844A4F82602B4F826126B1A5A
:1079A00018042CD40023204600961A46FFF7B2FC98
:1079B000012890D1B4F82622B4F8D811BDF80C30C3
:1079C0001344521A12049BB204D5EA1A12F4004F5F
:1079D00018BF0B46A4F82632D1E7013293B2A4F8BF
:1079E000263294F82932002BB9D1B4F8DC31B4F83E
:1079F0002622934204BF0133A4F82632AFE7A37CCA
:107A000030460394002B14BF08233E2384F8313002
:107A1000FFF7FEF820460CF00AFC002363735AE7D8
:107A200005B0BDE8F040FCF76DBF437B042BF4D0FC
:107A3000C6212EE7CB212CE7601200212DE9F84367
:107A40000E46044618B9D3213020FBF793F90529D7
:107A500000F2A780DFE801F00376413DA52E06F095
:107A600047F9C4E95001204602F07CF8D4F834010B
:107A7000DC3805F0F1FF20460CF09AF9054600BB12
:107A8000014620460CF01FF800F1F606D4F8340148
:107A9000B04209D2301A0321402838BF402006F0F6
:107AA000F7F860B105F0DCFFC4F8346120460CF053
:107AB000B8F945B12046BDE8F8430CF0B3B901254B
:107AC000F2E70025F2E7D4E95023C4E94A23BDE8F0
:107AD000F883BDE8F84304F0ABBB0CF035F80423A1
:107AE0008146884684F8393105F0B4FF07220F46F5
:107AF000A9FB023102FB0811D4E94A525B1941EBA0
:107B00000205D4F810213AB159EA080204D098428B
:107B100077EB050228BF012684F83861D4E95226A4
:107B2000121A66EB070694F8581139B9012A76F152
:107B300000010BDA204602F01DF803E0012A76F17D
:107B40000006F7DB002384F85031C0E7984277EB5A
:107B500005010FD259EA08080CD01B1A65EB070182
:107B60009A4276EB010005DB012B71F10000A4BF06
:107B70001A460E460C49012304F1E800914284F8AC
:107B800051314FF0000384F83031B341B8BF0A4699
:107B900004F5987107F026F9002898D140F2B161F8
:107BA00052E7EF2150E700BF0040420F2DE9F843B4
:107BB00004460E46154690F8503103F0FF07002B9F
:107BC00040F0918000F1E80839467822404608F0FC
:107BD0007FF922464549404607F068F8C4F810612D
:107BE000FF2384F8503166B1FEF75AFD00F007001C
:107BF00032463F49013086F8040206F50C7007F062
:107C000055F840F20243A4F83831002384F83031AB
:107C100005F0AAFE00F1BC0620460CF0C9F80146AA
:107C2000B6B2B0B30AF067F800F12801284689B26D
:107C300005F054FE2844F63DC4F8340105F00AFF6F
:107C4000301841F10001C4E95001012084F8140109
:107C50000CF0BBF92D1AC4F818514FF0FF356FF036
:107C600000414046D4E95023C4E95251002504F5AF
:107C70009871C4E94823C4E94A2384F8515142F277
:107C8000107207F0AFF838BB4FF4DC713020FBF70F
:107C900071F82046DFF85C900BF015FFF630C4F861
:107CA0003401B9F8000048B1E08C38B1FEF7F8FCB7
:107CB000B9F80030B0FBF3F202FB1300064405F004
:107CC000C9FE361841F10001C4E95061002DC4D04D
:107CD000AD1941F10001C4E7294620460CF0A4F893
:107CE0003846BDE8F8830C27FAE700BF3D7A00016B
:107CF00089780001800A0021F0B5002385B0CDE924
:107D0000003303238DF806306846FBF75FFC88B12B
:107D10000123114EB3700023CDE9023302238DF805
:107D20000E3002A8FBF752FC044638B10023B370B2
:107D300005B0F0BD00980BF02CFCE5E7029D6B7BD5
:107D4000002BEED005F50C77384605F03BFF3846A2
:107D500005F04CFF6C73E4E7800A0021044B00221D
:107D6000DA709A7042F210721A80FFF7C5BF00BF36
:107D7000800A0021014BD870704700BF800A0021A3
:107D800008B503F0E7FC044B5A6882422ABF987892
:107D9000002080F0010008BD800A0021F0B50446F3
:107DA00085B090F8503003F0FF05002B68D1437B7D
:107DB000032B65D105F04EFED4E99C23801A61EBBC
:107DC0000301012871F100035ADB6FF001038342C4
:107DD00075EB010104DA40F2A9513020FAF7CAFF2D
:107DE000D4F8C820E3880AB1B0FBF2F2013313449F
:107DF0009BB2A4F82432B4F8DC31B4F824229B1AE4
:107E00001BB2002B3CDD04F50C7005F0DBFE0028F6
:107E100036D0FF2384F82932B4F842300DF10E0732
:107E2000E588184E1D44B4F84030013DED1AADB25E
:107E3000336863B1B4F8241200222046013989B2B4
:107E40009847B4F82432184480B2A4F82402B4F855
:107E50002432EB1A1B0413D4B4F824120023012299
:107E6000204689B20097FFF755FA012808D1B4F8E7
:107E70002432BDF80E2013449BB2A4F82432D7E775
:107E800005B0F0BD601200212DE9F7430446062934
:107E900000F2A180DFE801F004251422282D9900CA
:107EA0004E4B9B7803F0FF0253B900920123B0F8C8
:107EB000DC11FFF72FFA28B140F2CD6130202AE023
:107EC0000423637303F036FF06F0DCFE0023E28830
:107ED000A4F88A32A4F8262284F8293203B0BDE837
:107EE000F08303234373F9E703F03CFCC4E99E01EC
:107EF000F4E700F1A8081121B0F8AA00FBF72CFB69
:107F0000002860D094F82131022B5AD005D8012BDB
:107F100008D0DC21B420FAF72DFF033B012BF8D861
:107F20001E3000E00A30858894F82101DFF8AC901B
:107F3000C31E012B8CBF002728270BF0BDFA783019
:107F4000D4F81822FE37A84234BF2B1A0023D4F8E5
:107F5000C85099188D428ABFAD1A0025ED1A99F8BC
:107F6000033023B9D4F8E8309D4228BF1D46D4F829
:107F7000E86104F1E8000AF0A6FD0644022005F0DD
:107F80005BFE0221AD1B25EAE575854228BF05464B
:107F9000284605F07DFE10B12E4405F061FD012359
:107FA0003A46314640460AF09AFED4F8E831C9F81C
:107FB0000400D4F8C800184403B0BDE8F04305F04D
:107FC0004BBD1430AFE79625AEE7A83003B0BDE84F
:107FD000F0430BF088BA40F29B716FE7800A0021F2
:107FE000014B1880704700BF800A0021044B1A78AB
:107FF000012AD0B203D01878831E584258417047E6
:10800000880A00210C4B4FF47A7233F81130023990
:1080100003F2E733C9B2B3FBF2F3022900F1FF32F6
:1080200010B54FEAC21296BF044CF02134F811107B
:10803000134400FB013010BD900102015800020101
:10804000D928F0B5054628BFD925BDF814600446E7
:10805000303501F5A57006F00207ADB2FF2D28BF3F
:10806000FF2516F0010621D10FBB002B00F0C580C3
:10807000911EC9B2022996BF7B4D40F6480135F8E2
:1080800011100844D92C7FD9D93C951EF721A4B2F0
:10809000EDB2002B00F0CF80F634022DB4FBF1F4EA
:1080A00000F2C680714B33F815306BE0EFB1911ED2
:1080B000C9B2022997BF6E4D4FF4147105EB41010F
:1080C000C9880144D01E012837D801F614409830E1
:1080D000002E3BD0023AD2B2022A97BF644BC02393
:1080E00003EB42035B8A18444EE053B1911EC9B2C0
:1080F000022997BF5E4D40F6480105EB4101898991
:10810000DFE7032A05D1691D89B2890101F5C8712C
:10811000D7E7042A05D1691D89B2090101F5BF71AC
:10812000CFE7022A0BBF05F10B0105F10A0189B265
:1081300089B20CBF8900C900C3E7022A01F19C0182
:1081400014BF4FF4B070B4200844C0E7EBB1911EE7
:10815000C9B2022996BF474D40F6480135F81110C3
:10816000D92C084410D9D93C951EF721A4B2EDB200
:108170004BB3F634022DB4FBF1F459D83C4B03EB6E
:1081800045031B8B03FB0400F0BDF12C214628BFE7
:10819000F121032A05D1133189B2890101F5C87192
:1081A000DEE7042A05D1133189B2090101F5BF7157
:1081B000D6E7022A0BBF1931183189B289B20CBF38
:1081C0008900C900CCE7B4FBF1F3022DDBB239D84A
:1081D000294931F8151001FB0300C3EB4311C3EB30
:1081E000C103E41AA3B2002BCED00833032A9BB2FA
:1081F0002BD19B0103F21A4375E7032A06D10535FB
:10820000ADB2AD0105F5C87528443BE7042A05D198
:108210000535ADB22D0105F5BF75F5E7022A0BBF97
:108220000B350A35ADB2ADB20CBFAD00ED00EBE7DA
:1082300040F69213A6E7B4FBF1F3022DDBB201D8AE
:108240000E49C6E740F69211C5E7042A03D11B0187
:1082500003F5467347E7022A0BBF9B00DB0003F5DB
:10826000BB7303F5CD733EE76400020170000201A9
:108270005800020164000201700002017000020156
:10828000294B5A6A10B5D2F80F30C0F8CC30537D64
:10829000117D1B0443EA0123D17C0B436FF4506131
:1082A000C0F8D430B2F81930591806298DBF40F201
:1082B000E241A3F550634FF47A714B438EBF002126
:1082C0004B430121C0F8C83080F82A11937DF9B1E1
:1082D00003EB830303EB83039B00A0F8DC30B2F8CD
:1082E0001730F1B164214B43C0F8D830B2F81B30DD
:1082F000A0F8D030B2F81D30A0F8D23092F8243077
:1083000003F01F025B0980F8232080F82B3110BD99
:10831000C3EB431403EB840303EB83035B009BB2C7
:10832000DBE740F2E241DEE7880A0021032937B5A6
:10833000144617D19B0103F53473417990F84450EA
:108340000139C9B203291AD8194A0A44907FE201B7
:10835000CA3203FB0422174B9A4215D940F2967198
:108360002D200FE0042903D11B0103F5E773E4E797
:1083700002290BBF0B330A339B00DB00DDE740F221
:108380004E310620FAF7F6FC1E23B2FBF3F205F09D
:108390003F03110AD2B241EA401143F040030020EA
:1083A00063F3070062F30F2061F3174003B030BDA1
:1083B00058000201C3BF03000346074A506AD3F8BE
:1083C0006920C0F80320B3F86D20A0F8072093F8C7
:1083D00068100AF076B800BF880A0021D0F8803013
:1083E00073B50BB101221A604388DB0727D5002340
:1083F000144E056ACDE9003302238DF80630FF23C1
:1084000033776846FBF7E2F8C8B9009CA542F8D07C
:1084100005F1B40395F8B32004F1B40194F8B30066
:1084200009F007FE0028ECD094F8AC30B4F8B12085
:108430003377D4F8AD30C6F81D30034B9A8002B0C4
:1084400070BD00BF880A0021A50A002138B5084D7B
:10845000044600F169010623686A00220AF010F957
:1084600094F86810686ABDE838400AF02AB800BF7E
:10847000880A002107B50BF047FF8DF80700054873
:10848000012306220DF10701406A0AF0F9F803B052
:108490005DF804FB880A0021034B586910B1403095
:1084A0000AF072BF704700BF880A0021034B986929
:1084B00010B140300AF068BF704700BF880A002141
:1084C00070B504460E461346407F6588324615F067
:1084D000040118BF04F17701FDF77CFD4107054653
:1084E00021D4C2070BD50123607F84F86830FDF7E3
:1084F000D5FD0368C4F869308388A4F86D30AB07F4
:1085000001D4012070BD094B0121586AD4F877309D
:1085100084F87610C0F80930B4F87B30A0F80D303C
:1085200009F0D8FFEDE70020ECE700BF880A002142
:1085300010B50446084694F8D8306BBB2378082958
:1085400004F1DB0284F8D93016D004F1DA01FDF72A
:1085500017FD20B94FF477612D20FAF70BFC94F842
:10856000DA3043F0020384F8DA3004F1D0000B492A
:10857000BDE810400AF022BA094B586A034613F8C6
:10858000031BC1F3801184F8DA10D0F80310C4F88B
:10859000DB109B889380E8E710BD00BFB73701016F
:1085A000880A002170B504460E461546FDF774F89A
:1085B00098B92378A4F8C16084F8C030637C84F84B
:1085C000BF500BB194F8483004F1B60084F8C330C2
:1085D0000249BDE870400AF0F1B970BDB939010136
:1085E00010B504460E498C300AF0E8F90D4904F143
:1085F000C4000AF0E3F994F89520B4F896102046E8
:10860000FFF7D0FF084B00221A70084B1B682BB1F4
:108610002146206A0222BDE81040184710BD00BF65
:1086200021380101A1370101880A002168120021C7
:1086300038B5B0F8483004461A4D0133C3F30E0381
:10864000A0F848302B7B2BB103F01AFD02F0FAFCA6
:1086500000232B7300232B7094F889302BB1012158
:108660002046BDE838400AF0F6BF637CBBB1B4F8E1
:1086700048209A4213D3012120460AF0ECFF638878
:108680002046DB0747BF236A432243224FF6FF7190
:1086900048BFB3F8AA10BDE83840FFF783BF0021F8
:1086A000DEE700BF880A002110B5FFF79FFC064CEB
:1086B00028B1237B1BB103F0E3FC02F0C3FCA06AEA
:1086C000BDE81040FFF7B4BF880A00212DE9F04152
:1086D0000746FFF78BFC054620B940F682412D2066
:1086E000FAF748FB214CA26A166A0EB196F8296186
:1086F0001FB3616A02F1690392F8682011F8097BDF
:10870000F80909F096FCC0B13146606A09F007FF2C
:1087100098B1A56AFFF76AFC10B940F65C41DEE744
:1087200023782846E26A07F00F0103F1804352697B
:10873000013B52F8233098470546237B1BB103F0D9
:108740009FFC02F07FFC7DB1A06A0AF03DFF30B1D2
:1087500003F062FAE36ABDE8F0419B681847A06A3B
:10876000BDE8F041FFF764BFBDE8F081880A002151
:108770000346074A906A03B909B9FFF759BF13784E
:10878000D26A03F180431269033B52F82330184741
:10879000880A002103292DE9F043054685B01746D4
:1087A00007D14388980723D40024204605B0BDE8AC
:1087B000F083428890F88830D107DBB2F4D5002BE3
:1087C000F2D14FF00108DFF8D49099F80C60C6B1EF
:1087D00009F073FC0828387016D002AA0DF10701C1
:1087E000FDF7CEFB38B940F6F7612D20FAF7C2FA53
:1087F0004FF00208E7E702A99DF807000AF0BAFD6A
:1088000006463B78082B08D1D9F8241011F8030B41
:10881000C0F380100AF0AEFD0646D9F8241005F129
:10882000700395F86F2011F8030BC0F3801009F066
:1088300000FCD9F82410044611F8030BC0F3801093
:1088400009F031FC8146FDF73BFC40B1B9F1080F5E
:108850001BD04846FDF7B8FA80F00103D8B23A7849
:10886000082A14D01CB96C7FA21A544254416A8859
:1088700053079AD4002897D176B9EC7C444518BFA9
:10888000002C0CBF012400248FE70020E7E780F0D4
:1088900001022240D4B2EAE7344686E7880A002182
:1088A0002DE9FF4108230DF10702052104468DF84B
:1088B0000730FFF76FFF054620B90025284604B0B2
:1088C000BDE8F081FCF748F906460028F5D1344FA1
:1088D0000DF10808216A7A6A91F817C0104610F85D
:1088E000033BC3F3401303EA0C03CB75D2F8033008
:1088F000C1F8AD308388A1F8B1301146D4F820C05A
:1089000011F81F3BC3F380138CF8AC30D2F81F0072
:108910000B79029060468DF80C30FFF7B1FC4346AE
:1089200094F912200121206A0AF0BCFF216A84F820
:1089300095602046B1F8AA309DF80720A4F896303B
:10894000FF2384F8B3304FF6FF73A4F8B4300AF075
:10895000D4FF144904F18C000AF030F8FCF79CFEB7
:1089600060B9236A04F1C4000F49B3F8AA20A4F83F
:10897000CD20DB7D84F8CF300AF020F8236A002276
:108980002046B3F8AA10FFF70DFE084B00221B6823
:108990003A70002B92D02146206A98478EE700BF9C
:1089A000880A002121380101A13701016812002144
:1089B000032973B5044604D0052927D0012002B04D
:1089C00070BD08230DF107028DF80730FFF7E2FEB6
:1089D0000028F3D0237C23B19DF807102046FFF731
:1089E000A7FD0F4D0622042620466B6A5A701E70A2
:1089F000FFF7E2FC686A94F85C20A16D09F080FD45
:108A0000686A2E7003F082FA0020D8E7054B1B68D5
:108A1000002BF9D0984780F00100C0B2CFE700BF2B
:108A2000880A002164120021F8B504460F4619B3E4
:108A300000F1300528460BF072FAA0B963881A07D6
:108A40002ED528460BF080FA064628460BF067FA2A
:108A5000301AC0B20BF0B9FA474A536803442846AB
:108A600053600BF03BFA28460BF03DFA02F086FF0C
:108A70002179252002F09AFE3F4E002394F87620BB
:108A8000706A037043706388103B0D2B64D8DFE875
:108A900003F05F635B0C6340636363636363634022
:108AA0002046BDE8F840FFF7C3BD062343702023EE
:108AB00003702046FFF780FC638823F008039BB215
:108AC000152B05D094F85420216D706A09F009FD2A
:108AD000706A03F01BFA032321790020337002F03F
:108AE00063FF054607B9B06063881B0704D50BF028
:108AF00069FA0544C4F81C516388103B0D2B36D825
:108B0000DFE803F038352F2F352F3535353535353E
:108B1000352F0C2321214370034603F8091B52B162
:108B2000D4F877200121C0F80920B4F87B209A807E
:108B300009F0D0FCBDE7226FC0F80920B4F874201A
:108B40009A8094F86F10F3E7062303704370B0E740
:108B5000022303700623F9E740F259612D20FAF74A
:108B600009F921790120BDE8F84003F0B3BA40F6D5
:108B7000F541F3E7F8BD00BF880A002138B5438806
:108B80000446102B04D10121BDE83840FFF74CBF4B
:108B90000B4D2B7B23B102F039FA402003F064FA2D
:108BA000686A03F0B3F9608810F0040002D12179FB
:108BB00003F090FA002003F011FA01232B7038BD66
:108BC000880A0021024B0121986AFFF72DBF00BFE0
:108BD000880A002103292DE9F341044604D0052920
:108BE0007CD0FFF725FD75E008230DF103028DF819
:108BF0000330FFF7CFFD00286ED0237C23B19DF812
:108C000003102046FFF794FCB4F802800123394E8C
:108C10001F464FEA9812706AC8F3801862F38617ED
:108C200007224370027000223946C27009F04EFDDF
:108C30002046FFF70BFC706A09F092FDB4F85C3037
:108C4000C0F1FE05AB42B4BFDDB2EDB2AB4228D9F4
:108C500047F010070022706A033D394609F036FDDF
:108C6000736AEDB22046D97801F03F010131294401
:108C7000C9B20AF009FE0422C0F307238DF80400EC
:108C8000C0F307400DEB02018DF8053003238DF88A
:108C90000600706A09F0F4FC00223946706A09F097
:108CA00015FDB8F1000F06D094F9122094F8441085
:108CB0006079FFF7DFFB2A46A16D706A09F03AFD83
:108CC000FF20F581617902F071FD0723706A33702E
:108CD00003F01CF9002009E0204682E7064B1B68E0
:108CE000002BF7D0984780F00100C0B202B0BDE879
:108CF000F08100BF880A00216C12002110B5144CCD
:108D0000237B1BB103F0BCF902F09CF9A06A0AF0C6
:108D10005BFCA16A18B14B8803F0180323B908461D
:108D2000BDE81040FFF784BCFFF760F920B940F6BA
:108D300086312D20FAF71EF823780846E26A03F1FF
:108D40008043D268013BBDE8104052F823301847F9
:108D5000880A00212DE9F04FB0F802A08BB015462B
:108D600006461AF003020AF00203029101920AF089
:108D700004021CD01AF0010F05D043B140F2866105
:108D80002D20F9F7F7FF002BF8D0022710E01FFA8B
:108D900082F9002A00F0A9800127002D00F0F78059
:108DA0004FF000094FF0010BC84601210DE0019F73
:108DB00092B2002B5BD0002AEFD1002D00F0E780AB
:108DC000914690464FF0010B114601241AF0400ADB
:108DD00004D0002D00F0E9804FF0010A44EA41047C
:108DE00000220121072044EACB04DFF834B244EA30
:108DF0000814DBF8243044EA49145A70187044EA25
:108E00008A14597004F07B04A146002D40F0F080D4
:108E1000DD700023DBF8240021460193C378019A1A
:108E200003F03F0343EA8713E7B2C37009F04EFC37
:108E3000E30702D53046FFF709FBB80710D5029BC0
:108E4000DBF82400002B00F0E28006F17701062316
:108E5000012209F015FC0121DBF8240009F03AFB9E
:108E60000023002B00F0DE8040F6690188E70AF05D
:108E70002008002A4AD125BBB6F854208AB1B8F19F
:108E8000000F40F0848034794FF000094FF0010862
:108E9000033C012C94BF002401244FF0010B4946F0
:108EA00094E7B8F1000F72D1FFF7F6FA0028EAD183
:108EB000FFF7FCFA01460028E5D1A946A846AB46D3
:108EC00083E7FFF7E9FA814610B9FFF7EFFA814629
:108ED000B8F1000F62D134794FF0010B4146033CE9
:108EE000012C8CBF0024012470E7047945B9A21E2F
:108EF0000127A94629465442B846BB46544165E776
:108F0000023C2F46C84618BF0124C6E74DBBB6F841
:108F10005420AAB1B8F1000F21D13479033C012CBF
:108F200094BF0024012431794FF000094FF001086B
:108F30000339012994BF002101214FF0010B45E7BE
:108F4000B8F1000F0BD1FFF7A7FA0028E5D1FFF722
:108F5000ADFA83460028E0D1A946A84625E72C466D
:108F6000E1E7FFF799FA814610B9FFF79FFA8146CA
:108F70003179033901298CBF00210121B8F1000F9B
:108F800014BF002401F001044FF00008D5E74FF0B2
:108F90000108A94629462C46C34617E74FF00008AA
:108FA0004FF0010B4146444610E7B6F8540058B163
:108FB00096F804A0AAF1030ABAF1010F94BF4FF08A
:108FC000000A4FF0010A09E7708800F0230000282A
:108FD000EED10391FFF760FA03990028E8D1FFF77B
:108FE00065FA03990028E3D1019B002BE0D1F3E659
:108FF000DA70FFF75BFA00283FF40BAFDBF81830AC
:1090000093F8E530002B3FF404AF0A2302E706F1A2
:1090100070010623012209F033FB96F86F101BE75D
:10902000880A002139071AD5726C05A98DF8153008
:10903000C2F30B22BDF81430DBF8240062F30B03FB
:1090400096F84620ADF814301209C3F3072362F3F3
:10905000071303228DF81530022309F011FBBA061D
:1090600040F1B380D6F84031DBF81820D6F84471CF
:109070000393002A56D09046D8F88830D8F88CA0B0
:109080000293FFF713FA80B1DBF8183093F8E5305C
:109090005BB108F140000BF030F930B9029AD8F812
:1090A00098309B184AF1000A029398F810C09F4B21
:1090B000DBF8100033F81C304FF47A7CD0F1900EBE
:1090C000039A03F2E7339DF81510B3FBFCF36CEB46
:1090D0000C0CBEEB020E029A01F0BF016CEB07070D
:1090E00013EB0E0347F100079B184AEB070EB3F58D
:1090F000161FD6F834717EF1000C0DDAB3F5703F0F
:10910000A7EB00007EF100074FEAE07C0DDB984200
:109110007CEB0E0CC0F2008121F020018DF81510BF
:10912000002316E0DBF81480A6E7984221F0200126
:109130007CEB0E0C8DF81510F2DA9DF8151011F07D
:10914000200F0CBF1E214FF49671B3FBF1F3C3F354
:109150000C03BDF8141063F30C01D8F89830ADF887
:10916000141040F2E241B3FBF1F3ADF81630D8F839
:10917000173098F81B1006939DF81C3061F3040318
:109180008DF81C30FCF7F6FA9DF81C3060F347139D
:109190008DF81C309DF8153023F080038DF81530C4
:1091A000D8F80030CDF81D3098F804308DF8213013
:1091B00098F805308DF8223098F806308DF8233075
:1091C000B8F87A300133ADF82430012D4BD1B6F820
:1091D0005420002A47D0B6F802C01CF0020F42D13A
:1091E000DFF84C81D8F82400B8F80E30C178D31AD3
:1091F00001F03F0BCBF1FE010BF101078B42B4BF35
:10920000DFB287F0FF07BA4222D91CF0010F1FD14D
:1092100044F01001033F019A8946FFB209F056FA63
:109220000BF1040130463944C9B20AF02DFBC0F3FA
:1092300007238DF81000C0F307408DF81130042289
:109240008DF81200032304A9D8F8240009F018FAB5
:109250003A46316DD8F8240009F06CFAB8F80E30AF
:109260001F44A8F80E7019F0200F5FFA89F406D099
:109270002F481223052205A9406A09F001FA630666
:109280000CD5002D4DD106F1300034790AF067FE7F
:10929000014696F912202046FFF7ECF8FFF706F991
:1092A000002836D0224CA36993F8E5308BB3072110
:1092B000606A09F004FA092340F2E24203703223A3
:1092C0004370A369D3F8B8308370A369D3F8B8307A
:1092D0001B0AC370A369B3F8BA300371A36993F88A
:1092E000BB304371A36993F8C9308371A369D3F884
:1092F000BC30B3FBF2F3C371A369D3F8C030B3FB46
:10930000F2F303727D22A369D3F8C430B3FBF2F306
:1093100043720BB0BDE8F08F41F020018DF81510BD
:109320000BE7747996F84410B3E700BF900102018F
:10933000880A0021F7B504460A4619B990F8761054
:10934000FFF708FD134D6B6ADA78910620D01A7981
:10935000D2061DD504F130005F7826790AF0DFFDD2
:10936000421C3B4631462046D2B2FEF7DFFF0422C4
:10937000C0F307238DF80400C0F307400DEB020192
:109380008DF8053003238DF80600686A09F078F936
:1093900003B0F0BD880A00212DE9F74304460F46CB
:1093A00090F8440002F0EAFA6179FF20704D02F073
:1093B000FDF9002F45D16B6A04F1300094F8048068
:1093C0005E780AF0C1FDB8F1030F2BD1B60106F5A6
:1093D0003476A968638801EBC011CA3106FB00111D
:1093E0001E074FF0000048BF6B68296144BFC918D1
:1093F0002961627902F0B8FB6388980728D04FBBD7
:109400006179012002F066FE94F876100122204670
:10941000FFF7A0FC686A02F079FD06232B7003B009
:10942000BDE8F083B8F1040F03D1360106F5E77605
:10943000CFE7B8F1020F0BBF0B360A36B600F600C5
:10944000C7E762794FF4A571002002F0A3FBD3E7D0
:10945000002FD9D0C3F34007C3F380129907686A7D
:1094600087F001074FF0070348BFD4F858804FEA50
:10947000C7074CBFB4F85C90D4F8508047EA821715
:1094800058BFB4F854900022037007F04807012336
:10949000C2703946437009F019F93A0717D5626C62
:1094A00001A9BDF80430C2F30B22686A62F30B0312
:1094B00094F84620ADF804301209C3F3072362F391
:1094C000071303228DF80530022309F0D9F8686AE2
:1094D00009F046F9EB89C0F1FE06A9EB0302B2429E
:1094E000B4BFD6B2F6B2334499452DDD002247F021
:1094F0001001686A09F0EAF8686A09F031F9EB8945
:10950000C0F1FE062046A9EB0303B342B8BFDEB2AA
:109510006B6AA8BFF6B2D97801F03F01013131443E
:10952000C9B20AF0B1F90422C0F307238DF8040090
:10953000C0F307400DEB02018DF8053003238DF8D1
:109540000600686A09F09CF863885B0606D594F902
:10955000122094F844106079FEF78CFFE9893246B6
:10956000686A414409F0E6F8EB891E44EE8151E750
:10957000880A002110B5084CB0F85C30E2899A42A4
:1095800005D00121FFF708FF0723237010BDBDE8B8
:109590001040FFF74DB800BF880A002138B5438856
:1095A00004461E4D13F0020F0FD1DB070DD4EA89DC
:1095B000B0F854309A4203D1BDE83840FFF738B8CC
:1095C0000121BDE83840FFF7E7BE0020617902F0D5
:1095D00081FD6388617913F0020F0CBF22200C20FB
:1095E00002F0E4F802232B702B7B4BB101F00EFD4F
:1095F0006379033B012B94BF4520402002F034FDEA
:109600006379033B012B94BF2820002002F0E6FC85
:10961000686ABDE8384002F079BC00BF880A0021C2
:109620002DE9F84300F130072E4E01230446384659
:1096300073730AF074FCE8B96388DA0615D4727B98
:109640009AB103F02303B4F85420134305D0204605
:109650000021BDE8F843FFF79FBEFEF71DFF00287D
:10966000F5D1FEF723FF0028F1D12046BDE8F843ED
:10967000FEF7DEBF38460AF052FC28B963881B07A4
:10968000F3D538460AF02AFC38460AF02CFC02F0E2
:1096900075F92179252002F089F801212046FFF78C
:1096A00049FE736A3846D6F8088093F801900AF0AC
:1096B0004BFC054638460AF032FC4A46691E091A38
:1096C0002079C9B20AF068FC227908EB0001002079
:1096D00002F04AFA706A02F019FC05233370BDE803
:1096E000F88300BF880A0021064810B5037803F00C
:1096F000FF042BB92422214606F0EAFB204610BDC8
:109700000C24FBE7880A002110B50023094C2370C4
:10971000FBF7B4FF6062FFF7E7FF20B14FF442713F
:109720002D20F9F727FBE36A13B940F20B31F7E775
:1097300010BD00BF880A0021014B024ADA6270475F
:10974000880A0021F09B0001044B054A1A60054B72
:10975000054A1A60054B064A1A60704764120021D8
:10976000A188000168120021173601016C12002146
:10977000399800012DE9F041067D0446B31E06F03C
:10978000FD06DBB2012B8CBF4FF000084FF0010843
:10979000371E18BF0127012B1AD800F1700190F86D
:1097A0006F0008F080FC054663889B0617D4082DDF
:1097B00010D186B3FBF770FFB8BBE37E93B3D4F848
:1097C0001530C4F86930B4F81930A4F86D3006E0EB
:1097D0000825E9E72846FCF703FB0028E9D165776F
:1097E00084F81C8084F86870FCF7C4FB054604F01C
:1097F00031F900220F4B84F87620E5FB0301C4E920
:10980000180111462046FEF75BFE60B940F2A34105
:109810002D20F9F7AFFA04F169013046FCF770F931
:109820000028DCD10020BDE8F08104F169010120AD
:10983000F4E700BF40420F002DE9F04385B0082354
:10984000052104460DF107028DF80730FEF7A2FF4F
:10985000002879D0FBF780F9002875D13C4D02AF84
:10986000206AFEF70DFD6B6AD3F81F0093F82320E2
:1098700002903A71226AD3F80310C2F8AD10B3F81F
:109880000710A2F8B1101B78206AC3F3801380F888
:10989000AC30304B1B6813B1012221469847D4F8F5
:1098A00020800E23686A082698F8AC900022437046
:1098B0004FF00301C378067003F03F03C37008F054
:1098C00005FF2046FEF7C2FD4946686A08F002FE21
:1098D0000623012208F1AD01686A08F0D1FE617922
:1098E000FF2001F063FF686A02F010FBD4F82080CB
:1098F000204641460AF073FA3B46014694F912208D
:10990000404609F0CFFF216A00239DF8072020463A
:1099100084F89530B1F8AA30A4F89630FF2384F883
:10992000B3304FF6FF73A4F8B43009F0E6FF236AB2
:109930002E70B3F8AA20A4F8CD20DB7D84F8CF30B8
:10994000012005B0BDE8F0832046FEF771FEF7E781
:10995000880A0021681200212DE9FF41564F044674
:109960003A7802F0FF0312B90278FF2A04D140F6D8
:10997000DD112D20F9F7FEF97B60FB817B7380F808
:1099800089304E4B684604F1300500934C4B0193EF
:109990004C4B0293FB6A5B68039302F0A1FA01F05F
:1099A00079FF02F06DFB01F04DFB474801F0DCFF51
:1099B000464802F08FFA28460AF090FA28460AF044
:1099C00092FA01F0DBFF2179252001F0EFFE94F9F6
:1099D000120001F0C3FF04F15001E06C07F024F81D
:1099E000064604F15801E06C07F045F88046002E69
:1099F0003AD094F82430BBB3B4F94850ED43ED0F9E
:109A0000237F13B963885B0709D56FF00043D4E95E
:109A100018129A4208BFB1F1FF3F2FD1ADBB94F8A5
:109A20008B301BB946EA0806F6B2AEB1638813F074
:109A3000100511D1606CC0F30B200AF0DBF994F82B
:109A4000463084F84500C0F3032023F00F0303439E
:109A500084F8463084F88B50786A0330FCF7A8FA13
:109A6000387304B0BDE8F081B8F1000F04D094F869
:109A70002550002DC0D1C3E74546C1E703F0EAFFFA
:109A8000D4E9182390429941C8D30122294620469F
:109A9000FEF716FD50B1FCF76DFA054603F0DAFF4C
:109AA0000B4BE5FB0301C4E91801B8E7002DB6D064
:109AB00040F61C215DE700BF880A0021FD8C0001F3
:109AC000CD86000171870001D6BE898E555555009F
:109AD00040420F0073B50446214DFFF73DFF0421BE
:109AE0002078F9F739FD062168612078F9F734FD0F
:109AF0006B69A8612BB120B140F655212D20F9F7F3
:109B000039F9204609F0B2FE668816F0100618D022
:109B100000212046FEF788FF94F88A305BB1684642
:109B2000FCF74AFB38B1694604F1360008F026FC20
:109B3000002384F88A30204602B0BDE87040FEF76A
:109B40004DBC31462046FFF7F5FB686A02F0DEF9AE
:109B50002179304601F028FF0523A8602B70DBE750
:109B6000880A0021024B9862DB6A1B68184700BF15
:109B7000880A002143881A0710B504460FD5036AE6
:109B80003C2210498C304272B3F8AA304381FF2343
:109B900080F827304FF6FF73038508F00FFF6388C6
:109BA0002046DB0747BF236A3C223C224FF6FF7169
:109BB00048BFB3F8AA10FEF7F5FCFF2384F88930FC
:109BC00010BD00BF21380101FF3901010D3A01012B
:109BD0007D8B0001053A0101219600019D95000150
:109BE00075950001E1850001B1890001D58B000167
:109BF000D59A0001A9860001093A0101C89B00011C
:109C0000D09B0001E89B00010138022808B503D968
:109C1000C4212F20F9F7AEF813290A4B05D81129D2
:109C20000CD8102907D0D221F3E71529FBD103EB7B
:109C30004003D88801E033F8100008BD03EB40036F
:109C40009889FAE77A0002012C4A38B503469488CD
:109C500010681C43402B948004D10421BDE8384097
:109C6000FEF712B9802B01D10521F7E703F00304B9
:109C7000032C04D140F6B2313120F9F77BF8DD072F
:109C800006D50C6891602478062C1AD00B2C22D0B3
:109C90009C0711D50C6821780729117329D00B294D
:109CA00022D0052908D1C17B182905D1002400251F
:109CB0000121C0E91E4501759B0644BF082353736B
:109CC00038BDC47B1C2CE3D100240025C0E91C4511
:109CD0000124C474DCE7C47B122C01BF0024C474CB
:109CE000012480F85640D3E7C17B1129E4D100213B
:109CF000E1E7617880F8A010DEE700BFB80A002134
:109D00000C4A0346517B89B910683BB9B0F8101171
:109D1000B0F8F420914209D8FEF732B893881B07B7
:109D200006D5007C083818BF012070470020704716
:109D300001207047B80A002173B5044600680D463B
:109D4000036813F0300F49D1B1F805101A2904D96E
:109D5000B5F80730B3F5A47F06D22978204602B0C3
:109D6000BDE8704009F039B8B5F801201A2AF4D9D5
:109D7000B5F80360B6F5A47FEFD3E830009608F09D
:109D8000D7FE174B9A8892070DD51B7B142B0AD14F
:109D90002268136843F010031360204608F0DBFFCD
:109DA000002002B070BD23689A7B212AF0D093F87E
:109DB0002F31002BECD1236893F82E31002BE7D103
:109DC00023681A6803F1E801B3F8AA0042F0200200
:109DD0001A6003F5B172FCF72BFCDEE70120E0E727
:109DE000B80A00212DE9F8438B4D06462C6800285F
:109DF00040F0C480AB88190746D594F89E302A2BD2
:109E000016D00CD81C2B13D0222B18D094F89E30CF
:109E1000FE2B20D140F2FB513120F8F7ABFF3C2B59
:109E2000F4D17E4B1B68002BF0D028469847EDE715
:109E3000002384F84131784808F085FFE6E784F88C
:109E40004201774B1B68002BF5D004F5A17104F19A
:109E5000A4009847EFE7FE2384F89E30E37B1E2B97
:109E600006D100276C4884F8557008F086FFE77328
:109E7000A37B242B2AD0372B30D0237C082B02BF86
:109E80000223AB7384F89E30AB88DA074FD5D5F840
:109E90000080A96898F80F30D1F80090113B99F82C
:109EA00000700F2B0BD8BB1EDBB2092B00F2B28067
:109EB00040F2333222FA03F3DB0740F1AB80097939
:109EC0003846FCF7A9F988B9394680E0E37B243BA2
:109ED000072B94BF2B232523A373CEE7012384F8FC
:109EE000C5320023A37384F84E30C6E7012F01D991
:109EF000162F4ED198F80E0008F05FFF40B198F889
:109F00000E30242B04D0252B34D12B2388F80E308F
:109F10003846FCF719FE0346002849D1FF2FD3D15C
:109F20002B69002B51D02B68012283F8C622AB8805
:109F3000580704D5227C072A04BF0122AA73990777
:109F40004CD5287B01222B680D2883F89F2042D016
:109F5000112858D0072858D0FCF700FE03460028E7
:109F60003AD12A7BFF2A52D12A68372182F8C402CB
:109F7000917333E0162F14BF022620266B7B1B073C
:109F800004D5E37B113B0F2B98BF08263046BDE874
:109F9000F883112F15D005D8072F14D00D2FB7D166
:109FA000204B05E0142FB3D11F4B1B68002B8BD027
:109FB000AA6849461848127998470028B7D006463B
:109FC000DCE71A4BF4E71A4BF2E799F80010124855
:109FD00008F003FFF1E7174B0F489847AB88DA0604
:109FE000CCD52B68DA7BB3F8AA000A2A04BF0B226F
:109FF000DA730AF0ACF90028C0D0837C002BBDD006
:10A0000000238374BAE70C4BE6E70C4BE4E740F21D
:10A01000EE5101E70826B1E7B80A0021B812002185
:10A02000941200217341010174120021BF4101010A
:10A030004DA10001D33F01011F4001018D400101ED
:10A040000029034608BF1F21262870B5144639D8B9
:10A050001C2806D8A0F10E03DBB2092B1CD9002066
:10A0600070BDA0F11D02092AF9D801A050F822F014
:10A0700001A100015FA000015FA0000111A100018A
:10A080005FA000015FA00001EBA00001EBA00001B8
:10A09000EBA000011FA10001012540F251269D40C7
:10A0A000354015D1082BDAD11668B37B252B14D196
:10A0B0002046FBF7E1FB86F838510023B37386F89E
:10A0C0004E30CCE73B2832D03E28C8D1194B27E090
:10A0D0000021BDE870400AF000B82B2BBFD1F37B04
:10A0E000243B072BE9D92A21E2E7134A1568002D02
:10A0F000B5D00A46204619462B46BDE870401847A1
:10A100000E4B1B68002BAAD00A461D212046F4E7FF
:10A110000B4B1B68002BA2D00A462021F6E7094B07
:10A120001B68002B9BD02046BDE870401847064BAB
:10A13000F6E700BFA412002178120021841200214A
:10A140008C12002198120021C012002170B54B78AA
:10A1500004460268262B5CD01DD81D2B957B54D05D
:10A160000FD8A3F10E02D2B2092A08D8012140F279
:10A17000512001FA02F6064220D1082A24D00020FC
:10A1800070BD232BFBD12D2DF9D1254B1B68002B46
:10A19000F5D09847F3E73E2B3DD005D82B2B3CD08C
:10A1A0003B2BECD11F4BF1E7FF2BE8D11E4B1B697A
:10A1B000002BE4D0012382F8C632E0E7224618469D
:10A1C000BDE8704009F089BF252D01D02B2DD6D1D7
:10A1D000204608F0B8FD2368DA7B262ACFD093F812
:10A1E00067201A21204622F0010283F867202268A6
:10A1F00092F8673023F0080382F86730FBF73CFBE6
:10A200002368002283F83821B9E7362DB7D1074BF0
:10A21000BCE7074BBAE7074BB8E7074BB6E700BF09
:10A220007C120021C4120021B80A002188120021EA
:10A230009C120021A8120021B01200212DE9F34741
:10A2400090F8D28204460D4690F8D362B8F1000F20
:10A250003BD190F82071002E39D194F821A184F8D7
:10A26000207184F821A1FF2384F822311A4B04F1D4
:10A27000A8091B6813B1394648469847174B1B6815
:10A2800023B13A46514601A80194984794F83831D1
:10A29000012B02D058EA060603D0237B43F00103CA
:10A2A0002373484608F063FC18B1237B43F0020394
:10A2B000237306212046FDF7E7FD002384F838319B
:10A2C0003DB1A37302B0BDE8F0874746C3E7B2468D
:10A2D000C5E7E573F6E700BF80120021B412002144
:10A2E000024B0020C3E90400704700BFB80A0021F8
:10A2F00008B50022044BC3E90422FCF703FABDE8C9
:10A300000840FCF7EBBC00BFB80A002173B5584DFC
:10A31000002604462860AE806E73AE73FF2380F87B
:10A320005030B0F8DA31002B00F0918090F89E3078
:10A33000FE2B40F08C8090F82C31002B00F08780B1
:10A34000037C073B012B40F2828090F82D310221E3
:10A35000A0F84860012280F8A03009F047FE0221F1
:10A36000284684F8E261FCF759FAB4F8DE11204679
:10A37000B4F8DE300139B4F8E02189B2B1FBF3F36F
:10A380001344A4F8E031B4F840300B44A4F8403052
:10A39000B4F8463001330B44A4F84630B4F84430E6
:10A3A00001330B44A4F8443009F04EFE10B1636B46
:10A3B0000B446363B4F8DA310026012B9CBF0133F0
:10A3C000A4F8DA3109B184F8E661E37B84F8E2614C
:10A3D0000A3B012B0FD8E388B4F8D0229B1A19044A
:10A3E00009D404F2D22104F1170007F0C7FFE67385
:10A3F000FF2384F84F30B4F8DE2104F1A801204691
:10A4000008F003F8E37B1B49113B1B4A0F2B8CBF61
:10A41000002301230093194B2868FAF733F969697F
:10A4200011B1002001F01EFE2C68237BDA0703D552
:10A4300000210F48FBF720FA237B9B0703D504F28A
:10A440005910FCF7EFF80023237302B070BD94F8A5
:10A450009E10FE2901D0064885E7094B1E68002E94
:10A4600083D003F045FC02460B460148B0477CE729
:10A47000B80A0021499C0001019D000195A400013A
:10A48000C8120021024B1869003818BF012070471C
:10A49000B80A00212DE9F04FDFF8E4810F4687B0BC
:10A4A0008146B8F80410D8F800408D05204655BF05
:10A4B000B4F8402000230132A4F840304CBF84F8A7
:10A4C000E631A4F8402009F0BFFD38B10B4604F591
:10A4D000A87204F1A8012046FCF76EFDB8F804301C
:10A4E00003F4C06333B1A37C002B00F0A080032BE6
:10A4F00000F0A380A27CB8F80430012A03D118052B
:10A5000044BF0222A274B9F1000F40F051815906F4
:10A5100057BFB4F800224A46013292B2A4F8002292
:10A5200003F00A020A2A0FD198F80C20022A0BD154
:10A5300023F008033846A8F80430FFF753FC3843EB
:10A540000823C7B2A8F804303846FFF74BFCD8F808
:10A5500010303843C7B2002B50D01422002101A87C
:10A5600005F0B6FC94F8210101F0A8FF054694F827
:10A57000210101F09BFF05F5FA754FF47A7394F809
:10A580002911B5FBF3F5B4F8AA300544D4F8C80096
:10A59000ADF80430E388ADF80A50ADF8083007F0A4
:10A5A00038FE94F8C632ADF8060033B1D8F808305A
:10A5B0001A689B8804928DF814309DF80C3001A81D
:10A5C00094F8C52262F300038DF80C30D8F81030EF
:10A5D00098470023049A84F8C63284F8C5326AB1D9
:10A5E00094F8C43253B9A37B372B07D09DF81430AD
:10A5F00023B11178FF2924D11B2B29D9D8F8006069
:10A6000096F89E30FE2B4BD1002F49D1337C073B6F
:10A61000012B45D996F82C3113B396F82D31012230
:10A620000221A6F8487086F8A0303046F2E10121F8
:10A63000A1742046FDF728FC5CE702230121A374E6
:10A64000F7E70729DAD1022BD8D15178FF29D5D1E4
:10A650000121C4F8C82284F8C73284F8C412CDE7B7
:10A6600096F80FA0AAF1100A5FFA8AFABAF1100F51
:10A6700040F25A813368DA0704D53A460921D4E713
:10A68000B80A00219D0740F1F1803A460C2130467E
:10A6900009F0ACFC96F8573043F0010386F85730C8
:10A6A000B4F8E03194F8E3510133A4F8E031002D1F
:10A6B00000F0FB82FAF73CF910B10023A4F8E03176
:10A6C000B4F8AA0009F043FEA37C8346B4F8DE6028
:10A6D000012B40F22F83237C082B40F0FE82B4F83C
:10A6E0004030022B40F22683B4F842500135ADB21F
:10A6F000E388DFF89CA22B44A4F8D831DAF80030C4
:10A70000002B00F01B83012E40F21883FAF702F9A8
:10A71000DAF800300246E1882046984700F1010A45
:10A720001FFA8AFA94F8E431002B3DD1012D3BD970
:10A73000E37B0BB10B2B37D1A37BABBB237C9BBB48
:10A74000A37C022B30D194F8E6316BBBD4F8C00067
:10A7500005F0B1FF40B394F89E30FE2B24D1B4F83D
:10A76000DA31012B20D9B4F8E021B4F8D0309A4284
:10A770001AD2BBF1000F05D0BBF80E10A1B99BF89F
:10A78000121089B9013D9B1AADB29BB2B5FBF6F52B
:10A790009D4228BF1D4605FB06A6003D1FFA86FA0E
:10A7A00018BF012584F8E251E3889A44A4F8DCA19B
:10A7B000B8F80430D8F800505E0657BFB5F8EC3151
:10A7C0000023B5F8DE219B1858BF9BB2A5F8EC31E9
:10A7D00095F82C311BB92B7C073B012B06D8B5F81B
:10A7E0004830B5F8DE211344A5F8483095F84E10EE
:10A7F00031B1B5F84A30B5F8DE211344A5F84A3036
:10A8000095F95420002AC1BFB5F85230B5F8DE01E1
:10A810001B18A5F8523095F831306BB9B9F1000F1B
:10A8200040F0DF8298F80E30022B40F08A8295F8D3
:10A83000A030062B18BF162395F8302022B95548B2
:10A8400085F83130FCF7E4F9284609F0F0FC524B6A
:10A850001B681BB1514A204611689847002384F8B1
:10A86000503007B0BDE8F04FFBF71CB9580702D5D0
:10A870003A461321D9E6190706D596F898303A4694
:10A8800086F8A0300721D0E61A0602D500221B2147
:10A89000CBE613F0300238D096F82F31002B60D180
:10A8A00096F82E31C3B1F37B06F1A80006F5977137
:10A8B00006F2D222292B26D0B37BA3F129056B42C5
:10A8C0006B4108F009F9336823F0200343F01003CB
:10A8D0003360002386F82E313368DA0641D506F15D
:10A8E000A80008F044F918B106F25910FBF79AFED7
:10A8F000B6F80A3100221521A6F8A030B6F80E31BC
:10A90000A6F8A23091E60123DBE713F0400101D065
:10A9100024218AE613F4807202D00A461E2184E6BE
:10A92000DB041ED52C2180E6D8F80050EB7B182BD9
:10A930003FD011D8112B26D0162B31D0B37B002B52
:10A940007BD1F37B103B102B7FD996F83E30002B48
:10A950007BD00122122168E6202BEFD13A46062156
:10A9600013E0D8F80000C37B352B51D006D8262B36
:10A9700053D02F2BE2D1002220214BE04E2BDDD1F2
:10A9800000223C2146E03A460B21284642E000BF27
:10A99000A0120021B80A00219012002138000021E5
:10A9A0002846FCF7A9F900283FF47AAE00220421DA
:10A9B000EBE795F8C032012B07D13A46052128462E
:10A9C00009F014FB85F8C0726AE695F8C032022BD4
:10A9D000D9B27FF465AE95F8563053B106233A46A6
:10A9E00085F8A030284609F001FB002385F8C03225
:10A9F000EAE7D8F8003040F20632A3F89A203A4647
:10AA000095F8663013F0040F0CBF0D211121E9E712
:10AA10000022112109F0EAFA42E690F83831022BBF
:10AA200002D100221721F5E790F83831012B85D1AA
:10AA300090F83931002BF4D080E7092B05D196F836
:10AA40009930012286F8A0301CE7BAF1100F7FF68A
:10AA500027AED8F8005095F80EA0BAF1000F40F0DC
:10AA6000B98095F83F313BB101220E21284609F00B
:10AA7000BDFA85F83FA1A7E795F83E3183B195F877
:10AA800057A01AF0030B0BD14AF0010A01220C2146
:10AA9000284609F0ABFA85F857A085F83EB193E750
:10AAA00095F8403173B195F86D30DB0902D0012281
:10AAB0002B216AE7A84B1B68002B00F08B80A7486E
:10AAC000984787E095F82E312BB395F82F3113BBBB
:10AAD000EB7B05F1A80005F5977105F2D222292B31
:10AAE00017D0AB7BA3F129067342734107F0F4FF43
:10AAF000002385F82E3101221421284609F076FA28
:10AB0000B5F80A31A5F8A030B5F80E31A5F8A23095
:10AB1000C6E50123EAE795F83831012B6ED195F8A7
:10AB20003931002B6AD1E87BA0F12403072B65D9CA
:10AB300095F820114B1EDBB2032B09D895F8212183
:10AB4000DFF81CC2013A1CF803E0D2B2032A04D990
:10AB50004FF43F710620F8F70DF9BEF1020F95F89A
:10AB60003A3114D0BEF1030F13D0BEF1010F04D15E
:10AB7000012B14BF002301236BB9A0F14703012B64
:10AB800028D90A38042825D901221621FDE6022BEE
:10AB9000EFE7042BF1D11CF8022095F83B31022A93
:10ABA00024D0032A24D0012AE7D1012B14BF00238B
:10ABB0000123002BE1D0EB8805F53472B5F83C0198
:10ABC00007F0ACF98246B0B901466448FAF754FE82
:10ABD00085F838A1B37B002B7FF462AD96F8C432C0
:10ABE000002B3FF45DAD0122FF211EE5022BDDE7C6
:10ABF000042BE0D0C1E72C23AB7351E595F842312B
:10AC000013B101222221C0E695F8413143B1554BE1
:10AC100052481B689847FE280146DBD00122B4E663
:10AC200095F84A3113B101221D21AEE695F84B315A
:10AC300013B101222621A8E695F8CC3213B10122E6
:10AC40003E21A2E695F84C319BB1D8F80030102196
:10AC5000B3F8AA00F8F780FC03699B0706D5424BBE
:10AC60003E481B68984701223B218EE63F4B1B68FC
:10AC700025E795F84E314BB195F8393133B9EB7B77
:10AC8000243B072B02D9012223217EE695F84D3182
:10AC9000012B05D1002385F84D310122252174E6D1
:10ACA00095F84D31022B95D1F4E7F9F72DFE08B157
:10ACB000A4F8E051F9F744FE00283FF401AD94F800
:10ACC000E6310133DBB2022B84F8E63182BF002388
:10ACD000A4F8E03184F8E631F2E494F83E3013B1A0
:10ACE000A37B0F2B26D1B4F840202046B4F8463081
:10ACF000B100B4F842509A4205F101052CBFAD1ADB
:10AD0000ED1AA5EB860509F09FF9A8B1A36B626B5C
:10AD100001339B1A5B1A9D42A8BF1D46BBF1000F71
:10AD200005D0BBF80E30043B9D42B8BF1D46012D37
:10AD30003FF7DDAC0125DBE42B46ECE74FF0010AE1
:10AD4000F0E4012B14D16B7C002B7FF475AD002156
:10AD50002846FDF799F87AE5B0120021B80A0021DB
:10AD60008C00020170120021BC120021C4120021CB
:10AD70005FB1F80633D4390733D4BA0633D4BB07EE
:10AD800033D140F61E313120E5E639B1B5F84A102D
:10AD9000B5F84C30994201D322234DE5002A05DD58
:10ADA000B5F85220B5F84C309A42F5D2B5F84820A3
:10ADB000B5F842309A4209D2AA7CB5F8403052B177
:10ADC000B5F842209A42C2D8082335E595F82C31CF
:10ADD000002BE1D1F0E7052BB9D93E232CE51E234A
:10ADE0002AE53D2328E5232326E52A2324E500BF81
:10ADF00073B504460190D0F8D802D4F8C830984210
:10AE000014D1D4F8DC62D4F8D030F61A18BF012679
:10AE100094F8E432002B3ED0B4F8AA0009F097FA77
:10AE200030B940F67E513120F7F7A4FF0126EFE755
:10AE3000B4F8E022B4F8DE309A421AD1B4F8E23223
:10AE400082899B1A18BF0123A57B472D15D0E27B71
:10AE5000472A10D00025B4F8DE2201A8D4F8D81271
:10AE6000FBF77CF98DB30023A3730323A37402B013
:10AE700070BD0123E8E73343ECD0154B1B6813B9D1
:10AE800040F68951CFE7A5F14702002101A85542BC
:10AE900055419847DFE7002EDCD0B4F8AA3094F88B
:10AEA0002911A4F8A13107F0B4F9B4F8DC32A4F800
:10AEB000A30104F29710A4F8A531B4F8DE320549D5
:10AEC000A4F8A73107F083FDC4E7E573CDE700BF21
:10AED000AC120021552F010108B5FBF773FC024BA2
:10AEE000024A1A6008BD00BF74120021399D00019A
:10AEF000014B5870704700BFD00A0021014B1874F5
:10AF0000704700BF600B0021074B93F900301844D5
:10AF1000142804DC10F17F0F03DB40B270471420CB
:10AF200070476FF07E007047CE0B00217F2307B57E
:10AF30000DF107008DF8073001F0B0F803469DF9D8
:10AF4000070053B1094B5B785B425BB2184414288D
:10AF500006DC10F17F0F05DB40B203B05DF804FBA7
:10AF60001420FAE76FF07E00F7E700BFCE0B002158
:10AF7000014B187059707047CE0B0021024B002214
:10AF80001A705A70704700BFCE0B0021014B93F925
:10AF900000007047CE0B0021014B93F90100704770
:10AFA000CE0B0021014B1870704700BFD00B002161
:10AFB00008B500F099FB00F0B7F800F005F8BDE81F
:10AFC000084001F021BB00BF034B00214FF4805229
:10AFD0001970A3F801207047D40B002170B5064604
:10AFE000022014460D4600F0BFF8064B0122033C38
:10AFF0001A70054BC3F81045C3F80865C3F804552B
:10B0000070BD00BFD40B002100E00041022008B554
:10B0100000F0AAF8084B002208484FF0010C08493C
:10B0200080F800C0C3F80021C3F80421C3F8082148
:10B03000C3F8801008BD00BF00E00041D40B002120
:10B0400003000080104B1A785AB110490020C1F853
:10B050008000D1F800213AB91021002099705A706F
:10B060001870002000F080B8D1F80421002AF3D035
:10B07000D1F8082122B9D1F800140122C9B2ECE7B5
:10B0800010210246E9E700BFD40B002100E0004197
:10B0900008B5164B1A78B2B1C823154AD2F8001178
:10B0A00041B1D2F8040120B1D2F80801B0FA80F021
:10B0B000400908BD013B13F0FF03EFD10620FBF769
:10B0C00081FA002008BD5878C823A0F10202B2FA24
:10B0D00082F2520900E01AB1013B13F0FF03FAD1EA
:10B0E0000228EBD0431E5842584108BDD40B002122
:10B0F00000E000410A4B1A787AB10A4BD3F80021DC
:10B100004AB1D3F8042132B1D3F808211AB9D3F8DF
:10B110000004C0B27047102070479878704700BF95
:10B12000D40B002100E0004138B54FF480420C4BB5
:10B13000C3F88020BFF34F8FBFF36F8F094BD3F855
:10B140000025032A01D101229A60064C0025C4F88B
:10B150000055C4F8005501F065FBC4F8805038BDB7
:10B1600000E100E000E00041164BD3F80025032A7F
:10B1700070B5054601D101229A60124C0026C4F830
:10B180000065C4F8006501F04DFB012DC4F8806036
:10B190000DD0022D01D08DB970BD03210A4A0B4B91
:10B1A000C4F80015C4F81425C4F8803070BD02221C
:10B1B000054BC4F80025C4F8143570BD8C213D2022
:10B1C000F7F7D8FD00E00041D80B00210300008014
:10B1D000024BD3F8A00200F0010070470000FF010D
:10B1E0000A4B4FF6FF72014610B4D3F8A442D3F8CD
:10B1F000A8329BB2934208BFB4F1FF3F14BF0120B5
:10B20000002001D00C608B8010BC70470000FF0153
:10B210000D4B70B4D3F89062D3F89452D3F898429F
:10B2200006EA0502D3F89C1222400A40013202D1FC
:10B23000002070BC70470346066001205D609C6082
:10B24000D96070BC704700BF0000FF010D4B70B4A7
:10B25000D3F88062D3F88452D3F8884206EA050214
:10B26000D3F88C1222400A40013202D1002070BC77
:10B2700070470346066001205D609C60D96070BC29
:10B28000704700BF0000FF01EFF3108272B60F4B52
:10B2900093F83D1011B9BAB962B670475B78012BCB
:10B2A0000FD0022BF7D18307F5D409480121094BB0
:10B2B00010B40024C0F84045196102B962B610BC50
:10B2C00070474107E7D4F0E7704700BFE80C002162
:10B2D00000C000410080004130B5431E3C4C83B0AB
:10B2E0002072072B6AD8DFE803F03843484D6952D3
:10B2F0005704384B0F22C3F81025A389B3F5166FF6
:10B3000033D2A3F6381343F48073324DC5F80835B1
:10B3100001F07F03C5F8543501AB94F9092001F021
:10B3200051FB9DF8050001F01FFC00284BD1284976
:10B330009DF9040001F0CAF8237A082B31D040F2BD
:10B34000031240F25B632248C5F83425C5F838354E
:10B3500003B0BDE8304001F017BB1E4B0322C3F819
:10B360001025A389B3F5166FCBD3A3F51663CCE7ED
:10B37000184B0422C3F81025BFE7164B0522C3F86B
:10B380001025BAE7134B0622C3F81025B5E7114B79
:10B390000022C3F81025B0E70E4B0122C3F8102598
:10B3A000ABE740F202220C4B0948C5F83425C5F83A
:10B3B000383503B0BDE8304001F0E6BA40F64551FB
:10B3C0003E20F7F7D7FC40F2E3513E20F7F7D2FCDE
:10B3D000E80C00210080004121100100364B421E84
:10B3E00010B51872072A62D8DFE802F03540454AE6
:10B3F000614F5404314A0F24C2F810459B89B3F5BC
:10B40000166F30D2A3F6381343F480722B4B01F041
:10B410007F0100240828C3F80825C3F85415C3F891
:10B420001C41D3F8002242F48872C3F8002236D0BF
:10B4300040F2031140F25B62C3F83415C3F83825BB
:10B440001D4801F079FA1D4AD2F8683543F4C0234B
:10B45000C2F8683510BD9B890324184AB3F5166FEE
:10B46000C2F81045CED3A3F51662CFE7134A0424E1
:10B47000C2F81045C2E7114A0524C2F81045BDE7DD
:10B480000E4A0624C2F81045B8E70C4A0024C2F858
:10B490001045B3E7094A0124C2F81045AEE740F26F
:10B4A0000221074AC3F83415C3F83825C8E740F627
:10B4B00045513E20F7F75EFCE80C0021008000417A
:10B4C000211001002DE9F043002383B0061E0D4634
:10B4D0008DF80630904614BF022304238DF8043003
:10B4E00002F008FC01284FF0FF3088BF00208DF8E3
:10B4F000050001A804F0DCFD002840F0CE80714F6B
:10B50000012387F83D3002F0B3FA04460028FAD050
:10B51000002E38D14FF0010997F8283087F80190B4
:10B52000002B47D097F82A30002B4ED1664B674A44
:10B5300033F8183003F5FA73A2FB0323644AA5EB32
:10B540009315644BC3F880203B69012297F82900CA
:10B550001D44614BC3F8405587F828205C4AC3F866
:10B56000C02100284FD097F82A0000283ED0594823
:10B57000C0F88820D3F84031002B44D00024204666
:10B5800003B0BDE8F083012E40F08C8002237B7075
:10B5900097F82830002B66D097F82A3003B34D4B2C
:10B5A0000022C3F81C21D3F8002242F48872C3F8A9
:10B5B0000022C9E7B97A4046FFF78EFE97F82A3095
:10B5C000002BB3D0434BC3F80090444B3F4A33F8B1
:10B5D000183003F5FA73A2FB0323A5EB9315B3E729
:10B5E0003C4B293D3A4AC3F88420ADE7394BD3F8A8
:10B5F000002242F00102C3F80022D3F8503503F0D4
:10B60000F603022BBAD0344B0122DA64D3F84C355E
:10B61000AB42B3DAFB89952B0CD9002E2ED0304BE0
:10B6200005F129011846D9602E4901F08BFA431C17
:10B63000012B41D801A804F047FD002837D17B78C1
:10B640009DF80420012B0BD0022B98D1930796D4A0
:10B65000214900201F4B0122C1F840051A618EE7E5
:10B6600052078CD4F4E74046B97AFFF7B7FE97F853
:10B670002A30002BB4D0174B5E6090E7184B28356A
:10B6800018491846DD6001F057FA431C012BD1D947
:10B6900040F2C2613E20F7F76DFB40F65C313E2080
:10B6A000F7F768FB40F634013E20F7F763FB40F6FE
:10B6B0009F313E20F7F75EFB40F2CC613E20F7F76A
:10B6C00059FB00BFE80C002190010201D34D62102C
:10B6D0000B0000800080004100C00041A401020175
:10B6E00044000021E800020140220021094810B571
:10B6F00004F0EEFB41F21114074B00224FF08240A0
:10B70000AA21C0F8004EC3F8402EC3F8442EC3F857
:10B71000001E10BDE80C002100700041014BD881D3
:10B72000704700BFE80C0021024B012283F82A2059
:10B73000704700BFE80C0021024B0344187D00F560
:10B7400016607047E8000201014B187F704700BF88
:10B75000E80C0021024B98691B69C01A704700BFB2
:10B76000E80C00210D4A0E490E4810B50E4C137F0F
:10B7700001EB830154F82330D2E90424C96B03F2AE
:10B78000F313A41AA0FB0303641AA4EB931402F0AE
:10B79000AFFA201841F1000110BD00BFE80C0021F4
:10B7A000E8000201D34D62107C010201FF2808B5B8
:10B7B0002AD80139072922D8DFE801F0041D16161E
:10B7C0002104041A4FF44033144A1843144B40F038
:10B7D0000070C3F81425C3F81805D3F8503503F0EA
:10B7E000F703032B15D008BD4FF440330D4AECE7A7
:10B7F00000230D4AE9E74FF440330C4AE5E74FF4E4
:10B800004F713E20F7F7B6FA40F2CB213E20F7F712
:10B81000B1FA40F256313E20F7F7ACFA08011000B9
:10B820000080004108019063080000060801100133
:10B8300038B5144A144BC3F8AC210278032A1CD142
:10B8400040780129114CD3F8141500F03F006268CC
:10B8500021F470210E4D42F0030245EA000508BFB5
:10B8600041F40021C3F81415C3F80029C3F8105996
:10B870000123626084F83C3038BD40F2AB313E2099
:10B88000F7F778FA0600008000800041E80C0021FC
:10B89000803202002DE9F8432A4F4FF48078C7F830
:10B8A0008080BFF34F8FBFF36F8F02F0DBF8044649
:10B8B000254D00264FF0010902F01AFA001B234C17
:10B8C000C5F8FC6FC5F8FC9F206101F019F840F243
:10B8D0000123C5F83095C5F850364FF48013C5F8EC
:10B8E00000321B4B187C01F0CDF904F031FB194AF2
:10B8F000A683A661268584F82A6084F83C60164BEE
:10B90000C5F8A8210332C3F8C820013AC3F8C420FF
:10B9100003F5405341F6F872C3F80425962310222C
:10B92000E381D5F800396360236CC7F88081C5F8DE
:10B930000423C7F8008003B19847BDE8F84301F03D
:10B94000EFB800BF00E100E000800041E80C0021FA
:10B95000440000210300008000C00041014B5872E8
:10B96000704700BFE80C0021034B020E0002C3F831
:10B970002425C3F81C05704700800041044B054A8C
:10B98000034490721B7D03F516639381704700BFDB
:10B99000E8000201E80C002100B583B001AB01F022
:10B9A00011F803B05DF804FBF0B5684C83B094F86F
:10B9B0002930002B00F0B58000284FF0000205462A
:10B9C0000F4614BF022304238DF806208DF804309F
:10B9D00002F090F901284FF0FF3088BF00208DF869
:10B9E000050001A804F064FB002840F095800123C5
:10B9F000574A84F82A0084F83D3084F82830D2F879
:10BA0000003243F00103C2F8003202F031F800289E
:10BA1000FBD0002D59D0012D0AD04E4BD3F84C65E8
:10BA2000E389952B21D94FF4DA613E20F7F7A2F98B
:10BA30000223A17A38466370FFF7D0FC6378022BAB
:10BA40007ED1444B424ADD645560D3F84C65E389AE
:10BA5000952B0AD9404A06F1290340491046D36084
:10BA600001F070F80130012865D801A804F02CFB22
:10BA700000285BD163789DF80420012B1ED0022B97
:10BA800009D1930707D4334B0022C3F84025A3F50F
:10BA9000804301221A612369F61A1DB106F12900BB
:10BAA00003B0F0BD2E4B2F4A33F8173003F5FA736D
:10BAB000A2FB032306EB931003B0F0BD5207E2D5BF
:10BAC0002369F61A002DE9D1ECE70123A17A384663
:10BAD0006370FFF701FC6378012B18D11D4A1C49E4
:10BAE000D3640B60E389D2F84C65952BBDD91A4A13
:10BAF00006F1280319491046D36001F01DF8013002
:10BB00000128B2D940F2C2613E20F7F733F94FF471
:10BB1000E9613E20F7F72EF940F65C313E20F7F759
:10BB200029F940F206713E20F7F724F940F69F31DB
:10BB30003E20F7F71FF940F2CC613E20F7F71AF9E3
:10BB400040F251713E20F7F715F900BFE80C0021D3
:10BB50000080004100C0004144000021E8000201D3
:10BB600090010201D34D621010B5FFF7ABFC00B19C
:10BB700010BD0346054C064A0121C4F84035022099
:10BB80001161BDE81040FAF71DBD00BF00C00041C3
:10BB900000800041F8B51D4D6B7F93B304461646F7
:10BBA00008465CB1012C1CD000272969324620468A
:10BBB000791AFFF787FC034640B1F8BD012BAF6946
:10BBC000297F16D000F09AFC0744EEE7104C0121C3
:10BBD000104A0220C4F840351161BDE8F840FAF778
:10BBE000F1BC012BAF69297F07D000F0BDFC0744F1
:10BBF000DBE700F0A5FC0744D7E700F08DFC074425
:10BC0000D3E740F6C1013E20F7F7B4F8E80C002175
:10BC100000C000410080004130B5414A4FF48074BB
:10BC200040494FF0FF30D2F8045383B0C2F8080304
:10BC30000023C1F880414FF480113B4C05F0100502
:10BC4000C2F800123949238584F82A30C1F84035FA
:10BC5000C2F88830C2F88030C2F88430D2F850156B
:10BC6000C9B249BBE389952B04D96378012B4DD028
:10BC7000022B41D000222A4B94F83C10C3F810212B
:10BC8000228091B1C3F8AC21D3F8141584F83C207C
:10BC900021F470216268C3F8141522F003022449CC
:10BCA0006260C3F80029C3F810191DB11C4B1022A3
:10BCB000C3F8042303B030BD01218DF80700C2F89A
:10BCC000103111619DF807304BB90CE09DF8073039
:10BCD000013BDBB28DF807309DF807301BB1D2F87D
:10BCE0001031002BF2D09DF80730002BBAD140F66E
:10BCF000FF013E20F7F73EF800F030FF0130012849
:10BD0000B8D940F617113E20F7F734F800F020FFBD
:10BD100001300128AED940F611113E20F7F72AF87C
:10BD20000080004100E100E0E80C002100C000417B
:10BD300080320200F8B50022314B324FC3F848255B
:10BD4000C3F84425C3F84025C3F84C25FFF764FF2A
:10BD500000F0ECFE97F83D302BB104F0AFF900286D
:10BD600043D187F83D00002004F0B4F904460028D0
:10BD700040D1234D244EC5F8C401C6F88800C6F84A
:10BD80008000C6F88400C5F8C800C5F8C400C6F82D
:10BD90008400C6F8800004F0F3F81C4B41F6F872FA
:10BDA000C6F8A8417C61C5F8C041BC61C3F808254C
:10BDB0004FF48072164BFC70C5F84845C5F84445F1
:10BDC000C5F84045C5F84C45C5F84841C5F844415B
:10BDD000C5F84041C5F84C41C3F88020BFF34F8FF0
:10BDE000BFF36F8FC3F88021F8BD40F2AE413E2013
:10BDF000F6F7C0FF40F2B1413E20F6F7BBFF00BFAF
:10BE000000C00041E80C00210080004100F000412A
:10BE100000E100E0F8B52C4C2378B3B188B95F1E7F
:10BE2000667FE08918BF0127002E47D0012BA56946
:10BE3000217F13D0012EA2783CD000F095FB411950
:10BE400011E0BDE8F840FFF7E7BE94F82A206370E0
:10BE5000E37022B31D4AC2F84031F8BD012E22D052
:10BE600000F04CFB411923690022C91A94F82A30CA
:10BE70002280E3B1154BC3F84021A2783846FFF782
:10BE800021FB03460028E8D1104C0121104A022072
:10BE9000C4F840351161BDE8F840FAF793BB22853C
:10BEA00084F82A20F8BD00F04BFB4119DBE784F849
:10BEB0002830E2E700F030FB4119D4E740F6C10139
:10BEC0003E20F6F757FF00BFE80C002100C00041FC
:10BED00000800041014BC3F83C05704700800041E1
:10BEE00038B50446074804F0F5F828B9064D94E83B
:10BEF0000F0085E80F0038BD40F668113E20F6F7C8
:10BF000039FF00BF89B200012C0D0021164B4FF004
:10BF1000010C164A93F8281083F829C0C2F80405CA
:10BF20005862F9B193F82A3083B11149114BC2F824
:10BF30008810D3F84031ABB100200E490B4B0122E1
:10BF4000C1F8400503201A61FAF73CBBD2F8003271
:10BF500043F00103C2F80032D2F8503503F0F60383
:10BF6000022BE9D0704700BFE80C0021008000419F
:10BF70000B00008000C0004108B5144B19699A6994
:10BF80000844824217D20121114AD9705164D2F873
:10BF900044350533834205D30E4BD3F8042102B94F
:10BFA000196108BD00210C4BC2F84411C2F84405C8
:10BFB000C2F8C43108BD0220FAF704FB044900208E
:10BFC000044B0122C1F840051A6108BDE80C0021AC
:10BFD00000C00041008000410900008010B51D4CE8
:10BFE000034694F81DC0217FBCF1010F227AE0893D
:10BFF0001ED000F0E9FAA369184483421ED2012141
:10C00000154BE1705964D3F844250532904206D8A7
:10C01000A3F58043D3F8042102B9196110BD0021B2
:10C020000E4AC3F84411C3F84405C3F8C42110BD37
:10C0300000F0AAFAA36918448342E0D30220FAF779
:10C04000C1FA05490020064B0122C1F840051A61DA
:10C0500010BD00BFE80C002100C0004109000080B5
:10C0600000800041704700BF044BC3F86005D3F85F
:10C07000002242F04002C3F80022704700800041D5
:10C08000054B0021D3F8002222F04002C3F8002221
:10C09000C3F86015704700BF008000410C4AD2F819
:10C0A0001C319BB1D2F848350146012003F07F03D3
:10C0B00010B45B42002483B00B70C2F81C41D2F86C
:10C0C0001C310193019B03B010BC704718467047A8
:10C0D0000080004130B5264C83B094F82A30A1701E
:10C0E00000BB012222709BB3237A994235D1214AA9
:10C0F0000846214D01ABC2F8805094F90920A17A7D
:10C1000000F060FC9DF8050000F02EFD50BB9DF98D
:10C110000400214600F0DAF9204603B0BDE83040C3
:10C1200000F032BC0222227093B1237A8B4214D1E8
:10C130000128104B104A0DD1C3F884200C4800F0A0
:10C14000FBFB0C4AD2F8683543F4C023C2F86835CB
:10C1500003B030BDC3F88020F0E740F6C7213E2091
:10C16000F6F708FE40F2E3513E20F6F703FE00BF6B
:10C17000E80C0021008000410700008010B51B4C36
:10C1800082B094F82A3083B10128194B194A0ED095
:10C19000C3F8802070B1154800F0CEFB144AD2F8E5
:10C1A000683543F4C023C2F8683502B010BDC3F847
:10C1B0008420F0E701AB94F90920A17A207A00F0FD
:10C1C00001FC9DF8050000F0CFFC50B99DF904007A
:10C1D000214600F07BF9204602B0BDE8104000F097
:10C1E000D3BB40F2E3513E20F6F7C4FDE80C00213A
:10C1F0000080004107000080054B0021054AC3F87C
:10C200004015D2F85035DBB20BB1012313617047F2
:10C2100000C0004100800041044B30B4D3E90C451C
:10C220009B6BC0E9004530BC0B607047E80C0021F7
:10C2300070B501F01BFC984C984B0122C4E90C012D
:10C24000DA64E289D3F84C35952AA36306D963787A
:10C25000012B00F0D480022B00F08680904B00224E
:10C2600094F83C008F49C3F88820C3F88020C3F8B5
:10C270008420C3F88420C3F88020D3F8005284F8C7
:10C2800029202940C3F8001208BB844A002566789B
:10C29000D2F84815824B022E6677A161D2F8441578
:10C2A0006161D3F80C01D3F81011C3F80051C3F841
:10C2B0000C51C3F81051C3F80451C3F80851C3F826
:10C2C0006C512AD0012E16D0002944D170BDC3F87C
:10C2D000AC216168D3F8140584F83C2021F00302F6
:10C2E00020F4702070496260C3F81405C3F8002977
:10C2F000C3F81019C9E7237A2377002876D10029DB
:10C30000E4D02378002B00F09E80FFF785FC00210D
:10C31000E36C0846BDE870401847E3785BB1D2F89B
:10C32000443143B12378002B7CD0FFF775FC636C5C
:10C33000BDE87040184710BB0029C7D023786BB9FF
:10C3400094F82A306070E070002B00F09080534B1E
:10C35000C3F8400104E02378002B5BD0FFF75CFCBE
:10C36000236DBDE87040184700F0F8FB013001284C
:10C370007FF674AF40F617113E20F6F7FBFC484BF2
:10C38000D3F85034D90116D5C3F30312C3F30321F4
:10C39000002918BF002A01D01A070CD1C3F342525A
:10C3A000C3F304433E49022A98BF012BD1F8541429
:10C3B00001D10129B6D1237A002B67D0DA1E012AD8
:10C3C00049D90025012600202377FFF723FD344BB0
:10C3D000D3F8000410F0010003D0D3F8140426EAC7
:10C3E0000000A36C2946BDE8704018472846FFF7B7
:10C3F00011FDE36C31462846BDE87040184700F057
:10C40000A7FB013001287FF629AF40F611113E202D
:10C41000F6F7B0FC94F82A106370E37059B1C2F8D3
:10C4200040319DE794F82A206370E3703AB11B4ACB
:10C43000C2F840317BE7218584F82A1090E72285F5
:10C4400084F82A2073E794F82A106370E37091B19E
:10C45000C2F840315BE7124BD3F8145415F00605CF
:10C460000DD0022D0ED0012503230026ABE7208539
:10C4700084F82A0074E7218584F82A1047E703230B
:10C480000126A0E70025042301269CE740F24D2168
:10C490003E20F6F76FFC00BFE80C002100C0004111
:10C4A00000800041E2FEFFFF80320200024B03EBFE
:10C4B0008003D86B704700BFE8000201024B03EB1A
:10C4C0008003186D704700BFE80002010028C3B266
:10C4D000084A08DD0121033BC2F80015DBB2064A19
:10C4E000C2F80C3570470021C2F80015024AC2F8A4
:10C4F0000C357047004000410080004110B50446F3
:10C500000846FFF7DBFF034AA2FB0020A4EB9010D4
:10C5100010BD00BFD34D62104FF47A73064A03FB7F
:10C5200000F032F91120054B00F2E7301044A3FB74
:10C53000003080090238704768010201D34D621053
:10C5400010B44FF47A73064C064A00FB033334F9F7
:10C55000111010BC0B44A2FB03208009704700BFE0
:10C5600068010201D34D621010B504460846FFF77A
:10C57000A5FF044B00F2E730023CA3FB0030A4EB24
:10C58000901010BDD34D621038B50D4C84461D4639
:10C590004FF47A7334F9111004EB82040535104618
:10C5A00064690C4404F6B73403FB0C44054BA3FB4D
:10C5B0000434FFF77BFFA4092544284438BD00BF9D
:10C5C00068010201D34D621038B50546084614468D
:10C5D000FFF774FF0A4B024620464FF47A7103EBD3
:10C5E00084035C69074B04F6B73401FB0544A41AC5
:10C5F000A3FB0434FFF75AFF0530A409204438BDDB
:10C6000068010201D34D6210024B00221A705A7069
:10C610009A7070473C0D00212DE9F04F064683B01B
:10C62000012088469DF83C501F469DF830B0BDF86B
:10C6300038A001929DF84090FEF796FD06F00302A7
:10C64000374C16F0FB0F42EA0542E57004F1040E88
:10C65000344D42F08072F446C5F80425D8F808201D
:10C66000D8F80C30D8F80000D8F80410ACE80F0067
:10C67000019B84F81CB0C4E905370D9B1A685B6800
:10C68000C5F808E5C4F81D204FF48052C4F82130E5
:10C69000D5F818356AF30703C5F818354FF00003CD
:10C6A000C5F88430204BC3F8082515D11F4BB9F1CC
:10C6B000020FC5F88031C5F884302CD81C4B13F814
:10C6C0000930C5F820350123022E84F825606370F7
:10C6D00015D903B0BDE8F08FB9F1020F1BD8144B88
:10C6E000012E13F80930C5F82035ECD10F4B114A53
:10C6F00084F82560C2F8D031C5F88C306670094BDB
:10C70000012200212270C3F80011C3F800121A6040
:10C7100003B0BDE8F08F4FF4BA713C20F6F72AFB66
:10C720003C0D002100E0004100F000410C000080C1
:10C73000B8010201008000411A4A537870B563B312
:10C74000194B0124C3F80C15C3F8100592F82550B5
:10C750009470B5B91278E2B1C3F804514FF4805522
:10C76000124AC2F80455D3F8006116B15C60C2F8F1
:10C7700008550B7803704B78043343708B788370C3
:10C7800070BD00211470C3F80411C3F800421C608E
:10C7900070BD97213C20F6F7EDFA4FF4D5713C209F
:10C7A000F6F7E8FA3C0D002100E0004100F00041FE
:10C7B00008B5174B5A782AB3164A4FF0010CC2F845
:10C7C0000C151978C2F8100583F802C0B1B1002128
:10C7D000C2F80411DB78023B012B05D80E48032375
:10C7E000C0F85011C2F81C350A494FF480520B486A
:10C7F0000B4BC1F88400C3F8042508BDBA213C20C6
:10C80000F6F7B8FA4FF4DF713C20F6F7B3FA00BF41
:10C810003C0D002100E00041008000410500008047
:10C8200000F00041104B1A78CAB100220F4910489D
:10C8300010B44FF48054C1F88420C0F80845A0F526
:10C84000E040C1F88021C1F88420C0F8D021C1F8AF
:10C850008C201A70002210BC5A709A707047002207
:10C860005A709A70704700BF3C0D002100E00041F3
:10C8700000F00041F8B51B4B1B786BB31A4CD4F891
:10C88000043113BB194B0222C4F804231F691A692F
:10C8900007F0100742F010021A61D4F8043153B9BE
:10C8A000134E4FF48045C6F8805107F00BFFD4F8C3
:10C8B0000431002BF7D027B90C4A136923F0100379
:10C8C0001361094B0222C3F80823074BD3F8000475
:10C8D000003818BF0120F8BD4FF4F2713C20F6F784
:10C8E00049FA00BF3C0D002100E0004100ED00E0EE
:10C8F00000E100E0014B01229A60704700E0004136
:10C9000030B40023094D0A4C0A4805EBC30101333A
:10C91000D1F800232240824204D1D1F80023D1F87B
:10C9200004131160202BF0D130BC70470000FF01D0
:10C9300000F0FFFF00800041027A082A0DD8012391
:10C94000934013F05A0F0DD113F4C27F05D00B4A58
:10C950000B4BD2F88420C3F888250A4B0022C3F879
:10C9600000257047054A064BD2F88020C3F8882579
:10C970000022044BC3F80025704700BF0000FF01F0
:10C980000080004100400041027A082A14D80123A7
:10C99000934013F05A0F09D113F4C27F0CD0074A09
:10C9A000074BD2F88420C3F888257047034A044B0C
:10C9B000D2F88020C3F88825704700BF0000FF012F
:10C9C000008000412DE9F04F454C85B00546984662
:10C9D0000E46174600F080FC23788146AB4202D118
:10C9E0006378B3423CD0082D1BD1BB464FF0040AFC
:10C9F0008DF80F703046FEF79FFE00210346524629
:10CA000000915846414600F0B5F8B8F8003025705E
:10CA10006670A380A071A77084F8039005B0BDE88C
:10CA2000F08F05F1FF3ABAF1060F50D8DFE80AF0AF
:10CA3000044235284F0404000DF10F033A463146F5
:10CA4000002000F04FFC002846D19DF90FB0BAF14C
:10CA5000060F3CD8DFE80AF011382B1E3B111100FD
:10CA600094F90230BB42BED1E3788342BBD1A388A4
:10CA700094F90600A8F80030D0E74FF0000AB9E7B3
:10CA80000DF10F033A463146032000F02BFC18BB92
:10CA90009DF90FB04FF0030AACE70DF10F033A46D2
:10CAA0003146022000F01EFCB0B99DF90FB04FF0E6
:10CAB000020A9FE70DF10F033A463146012000F0CC
:10CAC00011FC48B99DF90FB04FF0010A92E740F20E
:10CAD00089410620F6F74EF94621A920F6F74AF9D2
:10CAE00058000021014B186099807047640D0021A7
:10CAF000024BD86019745A82704700BF900D002114
:10CB000018B1034B1860002070474FF0FF3070479A
:10CB100088000021014B1B681B6818478800002112
:10CB2000014B1B685B68184788000021014B1B689C
:10CB30009B68184788000021014B1B681B69184738
:10CB400088000021014B1B685B69184788000021A1
:10CB5000014B1B689B69184788000021014B1B682B
:10CB6000DB69184788000021014B1B689B6A184746
:10CB70008800002130B4044C9DF8085024680295C8
:10CB8000E468A44630BC604788000021014B18705F
:10CB9000704700BFCC120021914208B54FEA8003D4
:10CBA0000AD0072804D94FF46871074802F0B6FE8E
:10CBB00003F16000C0B208BD072802D94FF46671C6
:10CBC000F3E703F13000F5E7AF230201F8B50022E7
:10CBD0000B7A05460E46C0E90022A3B31A4B036048
:10CBE0008C7A047120464F7A3946FFF7D5FF01222F
:10CBF00039466871204687F00107FFF7CDFFA8711D
:10CC0000A0007379327900F1824003F01F0300F530
:10CC1000204043EA4213D0F810251B0222F4991257
:10CC200003F47C5322F4F852C0F81025D0F81025F4
:10CC300042EA07521A43C0F81025D0F8103543F0E5
:10CC40000303C0F81035F8BD00A00041024B18687E
:10CC5000003818BF01207047D012002110B49DF891
:10CC600004400194024C2468A44610BC604700BFF5
:10CC7000D0120021024B5B6803B11847704700BF18
:10CC8000D012002100220D49134610B540FA02F4DB
:10CC9000E40744BFCA545C1C02F1010248BFE3B27E
:10CCA000042AF3D1054AFF24D118032B01D91071AE
:10CCB00010BD013301F8014BDBB2F6E7D8120021B9
:10CCC00038B5054D0C462B79834201D1285D38BD1E
:10CCD000FFF7D8FFFAE700BFD81200212F44010167
:10CCE00035440101374401015D4401013B44010128
:10CCF00067440101414401017144010147440101BC
:10CD00007D4401015344010157440101494401019B
:10CD10004F4401016D4401017744010138B50123FD
:10CD20000D46044600219340074AC2F80835007CAE
:10CD3000FFF7C6FF2B680022C3F8802083006168DC
:10CD400003F5E073CA5038BD00F00041F8B51E4647
:10CD50000B6804460D461746EBB10021007CFFF737
:10CD6000AFFF96F83820E168830042F0004600F5F6
:10CD7000A870C91B03F5E0736768FE502B68C3F801
:10CD80008060636843F82010012300209340034A29
:10CD9000C2F80435F8BD4FF0FF30FBE700F000416A
:10CDA00010B50C68FCB192F86030B3B102F15803D1
:10CDB00099421BD192F83C3000799B000D4940F01C
:10CDC0000040DCB2085101F58071194492F8393005
:10CDD00043F000430B60002010BD037943F0004393
:10CDE000C4F88030F7E74FF0FF30F5E76FF015003B
:10CDF000F2E700BF8040014103689BB191F86020D9
:10CE000072B101F1580398420CD191F83C300021E5
:10CE1000054A9B00D150DBB2A2F58072D150704719
:10CE2000C3F88020704700BF8041014138B5B1F898
:10CE300044300446C569503020F8183C91F846301B
:10CE400000F8163C91F8473000F8153CB1F848302E
:10CE500020F8143C91F84A3000F8123C0023037487
:10CE60005DB394F82110204A294407F0DDFA10B987
:10CE70006FF00B0038BD94F8223004F15400E169E2
:10CE8000194A194407F0D0FA0028F1D0656904F175
:10CE90005800EDB1617E144A294407F0C5FA002814
:10CEA000E6D0A37E04F15C0061690F4A194407F0E3
:10CEB000BBFA0028DCD00020DCE72A46294607F030
:10CEC000B3FA2A46294604F1540007F0ADFADDE72B
:10CED0002A46294607F0A8FA2A46294604F15C00AA
:10CEE00007F0A2FAE7E700BF00F0004170B50D4679
:10CEF0001446064660B3037823B1012B0CD06FF0C3
:10CF0000150070BD134604F154011268FFF71EFFAF
:10CF1000E8B14FF0FF30F4E7526D002AF9D094F8F1
:10CF20003E2013499200D0B20144307940F00040D5
:10CF30000860104994F83A00114440F000428340E0
:10CF40000A60616DC1F880200B4AC2F8043526647E
:10CF500065B12B78012BD2D1224604F1500128462D
:10CF6000FFF71EFF0028CCD16564CAE72846C8E752
:10CF7000804001418041014100F0004110B504466C
:10CF8000006C90B1037833B1012B1CD040F21A2110
:10CF9000712002F0CDFC636D2BB194F8382004F1C0
:10CFA0005401FFF7BBFE00232364636C4BB11B7875
:10CFB000012B20D1214604F15000FFF71DFF002373
:10CFC0006364002010BD626D002AECD094F83A2012
:10CFD00000219340094AC2F8083502F5A342636D67
:10CFE000C3F8801094F83E309B00D150DBB2A2F51C
:10CFF0008072D150D7E740F22921C9E700F0004103
:10D00000136C10B533BB936C23BB936DBBB192F81B
:10D010003D3012499B00DCB2214440F000440C60DA
:10D020000F4992F83940194444F000430B60916D68
:10D03000C1F8803001230B49A340C1F80435136DBA
:10D040001BB140F00040C3F880000123002082F8AB
:10D05000603010BD6FF01500FBE700BF804001415C
:10D060008041014100F0004190F86030FBB1836DD8
:10D07000A3B190F839200123002193400D4AC2F852
:10D08000083502F5A342836DC3F8801090F83D3057
:10D090009B00D150DBB2A2F58072D150026D00230B
:10D0A0000AB1C2F8803080F86030002070474FF03D
:10D0B000FF30704700F00041024B83F8630000200E
:10D0C000704700BFE01200210148FFF7CDBF00BF4D
:10D0D000E0120021014AFFF793BF00BFE0120021D8
:10D0E000014807F017BA00BFE0120021014807F01D
:10D0F000EBB900BFE01200210148FFF73FBF00BFBE
:10D10000E0120021014A07F0BAB900BFE012002185
:10D11000084BDA6910B52AB1C40742BF93F8211051
:10D12000012454505A6922B1810742BF5B7E01211C
:10D13000D15010BDE0120021034A536A1BB192F88E
:10D140002A20012199507047E01200210E4B1A6CE1
:10D15000BAB95A6CAAB99A6C9AB9DA6C8AB95A6A8D
:10D160001AB193F829100120505093F834200AB9CD
:10D170000020704793F83110DA6A01238B40D360A6
:10D18000F6E74FF0FF307047E0120021034A536981
:10D190000BB192F913300370704700BFE012002109
:10D1A00010B50B4C2246FFF7A1FE78B9E3696BB1CD
:10D1B00094F8343053B194F831100123E26A8B4073
:10D1C00094F86310C9074CBF9360D36010BD00BFD3
:10D1D000E01200212DE9F04385B007460E461546C2
:10D1E00099469DF83080FFF731FD044650B14B461B
:10D1F0002A4631463846CDF8308005B0BDE8F043C8
:10D2000007F0EFB81B4D95F8343095F961200BB15C
:10D21000EB69ABB943463146384607F0C5F895F996
:10D22000612095F91130934208D095F912309A1A7D
:10D2300053425341737005B0BDE8F0830023F9E712
:10D2400095F9623031468DF80F003846CDE900235C
:10D2500043460DF10F0207F0B7F89DF90F3095F92D
:10D2600011209A4204D095F91240E31A5C425C41C5
:10D270007470E0E7E01200210146054808B507F0A8
:10D2800064F920B90348BDE80840FFF739BC08BD80
:10D29000E012002198D200012D45010139D1000191
:10D2A0004DD10001D5D10001A1D1000105D100016E
:10D2B000F9D00001EDD0000111D10001E1D0000151
:10D2C000B9D000018DD10001D5D000013F45010149
:10D2D00033450101C9D00001014B187D704700BFE3
:10D2E000C00D0021042810B511D883B104280CBF4B
:10D2F00010242824A1420AD2064C54F8200018B168
:10D3000041568A42A8BF0A4600201A7010BD6FF02D
:10D310001500FBE7C00D00210228034610DC10F1C8
:10D32000270F0FDB084A101890F82800024492F9E2
:10D330002C209A4207D0002918BF0130C0B2704794
:10D340000F20704700207047C6010201022808B56F
:10D3500006DCFFF7E1FF034B034493F92C0008BD03
:10D360000320FCE7C6010201C0B208B518B9044B9E
:10D3700001221A6008BD4D21B52002F0D9FA00BF84
:10D380000050004110F0FF0008B507D1054B012205
:10D390005A60C3F80001044B187008BD7C21B52009
:10D3A00002F0C6FA00500041D50D0021014B0122C8
:10D3B0001A707047D50D002108B540B9064BD3F857
:10D3C000003113B9054B187808BD0120FCE7C121D5
:10D3D000B52002F0ADFA00BF00500041D50D00218C
:10D3E000024BD3F8080400F00100704700500041E0
:10D3F000024BD3F8140400F00100704700500041C4
:10D40000024BD3F81C0400F00300704700500041A9
:10D4100007490246D1F81804D1F8181410F48030E6
:10D4200005D0D0B201F003031B1A5842584170478F
:10D4300000500041F8B50F4E012704460D46375401
:10D4400007F0F1F858B92CB90B4BB7707560C3F8F9
:10D450000473F8BD40F225116D2002F069FA002D29
:10D46000F7D01CB92046A8477460F2E74FF4A071CA
:10D47000F2E700BFD80D002100500041044B00220C
:10D4800019181A548A7003EB80014A60704700BF74
:10D49000D80D0021014B9881704700BFD80D0021A5
:10D4A000014BD889704700BFD80D0021014B9889E6
:10D4B000704700BFD80D002110B5EFF3108472B68D
:10D4C000064B03441A7C0132D2B21A741B7C012B26
:10D4D00001D1FFF749FF04B962B610BDD80D002194
:10D4E00008B507F0A3F807F09EF8084A084B30B1DA
:10D4F0000121116104229A740022DA7408BD03210B
:10D5000099740121C2F80413F6E700BF00500041EE
:10D51000D80D002110B5EFF3108472B6094B034407
:10D520001A7C22B940F267216D2002F001FA1A7CC0
:10D53000013AD2B21A741B7C0BB9FFF723FF04B96E
:10D5400062B610BDD80D0021024B987C003818BF80
:10D5500001207047D80D002137B5184C637D63B9A1
:10D56000206A00F00300FFF753FF30B1EFF31083A0
:10D5700072B6A27C1AB103B962B603B030BD012203
:10D58000A27403B962B680230D4DC5F808334FF479
:10D590002073ADF80630BDF806309BB25A1E92B229
:10D5A000ADF80620002BF6D1C5F81C3184F82430E4
:10D5B000FFF796FF8023C5F80433DEE7D80D00217E
:10D5C000005000412DE9F347344C237D002B62D0FD
:10D5D0000323ADF80430324BD3F800513DBBD3F8F0
:10D5E0000481B8F1000F08D02D4B0022C3F80421AC
:10D5F0000222C3F80823FFF7AFFF94F82460284BFA
:10D60000F6B2D3F81C2135B1A17C032901BF042156
:10D61000A1740121196182B30022C3F81C21A37CEB
:10D62000042B26D040F279316D2002F081F90025DB
:10D6300001220DF10409271DA61C8DF80450D3F812
:10D640000481C3F8082319F8010B03280AD03378A2
:10D6500043B14FF0000A3B6886F800A013B1984729
:10D66000C7F800A06B1C043701360125022BEAD154
:10D67000B7E70223A37406F0DCFF66B1002384F849
:10D680002430A37C022B01D1FFF72AFF02B0BDE8B2
:10D69000F04706F0CEBF02B0BDE8F087D80D0021FC
:10D6A0000050004110B5054C206A00F00300FFF760
:10D6B000AFFE0028F8D0002010BD00BFD80D00211B
:10D6C000F8B5054650B10278022A07D8437842B926
:10D6D000013B1F2B02D88378212B07D96FF015004F
:10D6E0006CE0002BFAD18378002BF7D15C4B202221
:10D6F000C3F88020BFF34F8FBFF36F8F594EC3F82D
:10D7000080218323584CC6F808330023C6F8003123
:10D71000C6F80431C6F81C3123746374AB88E38106
:10D72000FFF75EFE10B1012323702374D6F80C249A
:10D73000D6F80C34D70303D5DE0701D5FFF736FE44
:10D740004FF4AF63AA78A3810123A275002223625C
:10D750002B78E274012B637507D0022B2FD033B1E5
:10D7600040F22E516D2002F0E3F802232362FFF70E
:10D770003FFE002835D0FFF743FE236A03F0030382
:10D7800098422ED1AB793BBBFFF78CFFA37D63B1F1
:10D790002B7853B906F047FF054602F01BFA6FF0ED
:10D7A0000043002D58D0C4E90603012320220020A5
:10D7B00023752B4BA074C3F880211A60F8BD06F0C6
:10D7C00035FF284BD3F80C14D3F80C24C803F9D533
:10D7D000D107F7D50323C9E7224B0222C3F804235C
:10D7E000D4E7204B01220021DA60C3F8041194F839
:10D7F0002010C3F818159A600222C3F80423AA79EE
:10D80000002AC3D1D3F80423920702D440F2E141A5
:10D81000A8E7164A1769116907F0100741F01001CF
:10D820001161D3F804310BB906F04DFF0D4ED6F857
:10D83000043173B1FFF736FF27B90C4A136923F09F
:10D84000100313610223C6F808330023C6F804311D
:10D850009CE706F037FFEAE7C4E90630A5E700BF1A
:10D8600000E100E000500041D80D002100ED00E093
:10D8700038B50C4B0C46197919B183216F2002F091
:10D8800057F860B95D790DB1002038BD01225A7199
:10D89000FFF712FE21462846FFF7CCFDF4E76FF0B4
:10D8A0001500F2E7000E002138B50B4D04462B7928
:10D8B0001BB19A216F2002F03BF850B96B790BB97C
:10D8C000002038BDFFF7DAFD20466C71FFF722FE1D
:10D8D000F6E76FF01500F4E7000E002110B501B374
:10D8E000F0B14FF0FF33104A1C46E0FB0134944284
:10D8F00003D9DB216F2002F01BF81A0DC3F30F10C0
:10D900000A4B42EA04324FF22444B2FBF4F100EB3A
:10D91000024003FB1100B0FBF4F040EA014001308B
:10D9200010BD0846FCE700BF3F420F00000024F492
:10D93000014B9B68184700BF000E0021014BDB68BC
:10D94000184700BF000E0021014B1B69184700BF9C
:10D95000000E0021034B1A790AB9FFF7A1BD988D7B
:10D96000704700BF000E0021034B1A790AB9FFF778
:10D970009DBD988A704700BF000E0021024B1B79A5
:10D980000BB9FFF7E9BD7047000E0021014B9B6901
:10D99000184700BF000E002110B5144C2379A3B125
:10D9A000636A9847002806DB94F82E3023B10123E0
:10D9B000002084F8303010BDFFF7E8FF0028F6DAC9
:10D9C00040F28D116F2001F0B3FF094BA361094BA9
:10D9D000E361094B2362094BA360094BE360094BE8
:10D9E0002361FFF76DFE0028E1D0E4E7000E00217F
:10D9F000A5D600013F46010149D500012D46010190
:10DA0000334601013946010138B5084B04461D79FA
:10DA100025B140F2E1116F2001F08AFF01F038F8E2
:10DA20002046FFF737FD284638BD00BF000E002115
:10DA300008B5074801F01AF8054800F021F801F090
:10DA400023FA01F00BFA00F02BFB012008BD00BF08
:10DA5000340E002101F0AABB103001F03BB800BF2A
:10DA600001F050B801F078BC01F0B0BD01F0C2BDCA
:10DA700001F004BC2721032008B501F059FF00BFC5
:10DA8000024B186000221A719A6070473C0E002108
:10DA900070B582B01F4C2379012B11D0DAB2022A63
:10DAA0000BD10DF10701A06800F020FB0023A3605B
:10DAB00023719DF8070002B070BD012002B070BD57
:10DAC0000DF10701A06800F007FBA5686B7DDB077F
:10DAD000ECD5AB7F042BE9D001F058F806460028BE
:10DAE000E4D001F059F82A69B3682E686D68961978
:10DAF0004FF0000245F100050A3342F100021B1805
:10DB000042EB0102B342AA41D0D3A06800F092FCDC
:10DB1000CCE700BF3C0E0021837F0BB10020704793
:10DB20000A684B68D1F808C010B5CC680260C460C0
:10DB300001244360C0F808C00A694B690261847718
:10DB40004361054B1A792AB998601C7100F0B4FF43
:10DB5000204610BDFFF78EFF3C0E002170B5044635
:10DB600082B00D4601F012F8A37F012B17D02A686E
:10DB700006466B68A868E968A0602046E1600DF180
:10DB80000701226063602A696B6922610122636177
:10DB9000A27700F0A1FA2EB1012002B070BD0020E2
:10DBA00002B070BD024B0421186806F05AFDF3E77D
:10DBB0003C0E0021024B0621186806F052BD00BF42
:10DBC0003C0E002110B5084B1A7952B904469860F2
:10DBD00002221A7100F070FFA07FB0FA80F04009B5
:10DBE00010BDFFF747FF00BF3C0E002138B5837F13
:10DBF000C3B1044609E0A37F042B09D0A37F012B06
:10DC000011D006F05FFDA37F63B1A37F032BF2D198
:10DC1000EFF3108572B6204600F0C6FA05B962B679
:10DC2000A37F2BB938BD4FF48271032001F080FE31
:10DC3000FF21032001F07CFE70B5054600F0A6FF31
:10DC400000B3044600F0A8FF03462846A468002558
:10DC5000E41841F100062246334600F07DFBA04265
:10DC600071EB06030CD3001B6FF0010361EB06019F
:10DC7000834275EB010100D370BD4FF0FF3070BDE2
:10DC8000284670BD40F22911032001F051FE00BF6B
:10DC90002DE9F04104460F4600F078FF10B3856887
:10DCA0000023064662195B4113B10020BDE8F081F4
:10DCB00000F072FF2A18384641F1000314EB020805
:10DCC00043F1000500F048FB4045A941EDD301F0C8
:10DCD0006DFA00F023FAB368012037752344B3606E
:10DCE000BDE8F0814FF4A371032001F021FE00BFD5
:10DCF00000F052BF08B500F049FF08B1007D08BD33
:10DD000040F29B11032001F013FE00BFF8B5036938
:10DD1000002B51D1044601F049FA05460E46FFF7A3
:10DD200013FE90B36435D4E9000346F10006A8421F
:10DD300073EB060221D3C4E90003EFF3108672B639
:10DD400000F024FF054688B100F026FFAB680022F2
:10DD50000B3342F100021B1842EB0101D4E900022F
:10DD6000834271EB02050BD3C4E9003106B962B6F8
:10DD70002046BDE8F84000F085BB28463346DAE788
:10DD800003461146C4E90031F0E7FFF7EDFD074611
:10DD900000F010FF2168B842626838BF38469635F7
:10DDA00046F10006401946F10003884273EB020574
:10DDB000C1D208461346BEE74FF4D171032001F0EB
:10DDC000B7FD00BF1B4B186898B3036850E90612F3
:10DDD00030B50A3150F8104CA0F1180042F1000C97
:10DDE00009194CF1000C1BB922E014D31B68FBB1DC
:10DDF00053E906248A4274EB0C0519D290F814E01A
:10DE000013F8045C7545F0D19D88B0F81CE0A5EBD3
:10DE10000E052D04EAD553F8101C0A32A3F11800A0
:10DE20001B6844F10004891844F1000C002BDFD179
:10DE300030BD7047480E0021F8B5254D00236B60BA
:10DE4000EFF3108172B6AA68EB60AB606A6009B943
:10DE500062B66A686AB300261E4C9379A2F1180074
:10DE6000032B27D013686BB39A79183B8646A446D8
:10DE7000042A0FD19A8B818B521A120402D50EF10B
:10DE8000180C18469A6942B19E46A2F118039A7F6F
:10DE9000042AEFD09B7F032B16D1DCF800201268F8
:10DEA0000221C368CCF80020867798476A68002A68
:10DEB000D3D1F8BD1768012152F80C3C96716F6000
:10DEC0009847F3E7A446EAE763219F2001F030FD7D
:10DED000480E00214C0E00216F4B2DE9F04F1B68BE
:10DEE00083B082830646427D8946046802F00102BF
:10DEF0004568002B00F0C980A3F1180C002A6CD0F3
:10DF0000654ADCE90001844275EB01072ED39CF8D9
:10DF10001420337D9A421AD8DCF808301B1841F1DE
:10DF2000000113F10A0E41F10007744575EB070279
:10DF300080F0A5803269121945F10000964577EB13
:10DF4000000801D2724638469A4288417FD3DCF8F5
:10DF500018300CF11802002B00F08F80A3F1180C80
:10DF6000DCE90001844275EB0107D0D21F4663460D
:10DF7000B16811EB040E45F10008002B42D0CA46EF
:10DF8000CDE900271EF10A071868596848F1000218
:10DF9000B84271EB020243D21A7D377D974218D303
:10DFA0009A68121841F1000112F10A0941F1000CBE
:10DFB0004C4575EB0C0044D23069001945F100075F
:10DFC00081457CEB070B01D24846674690428F4162
:10DFD0003CD39B6923B3183BD4E7DCE900012E4A0C
:10DFE000844275EB01010CD3DCF818300CF11802F7
:10DFF0003BB1A3F1180CDCE90001844275EB01018F
:10E00000F2D21F46334643F8187F1360FFF7DAFE5B
:10E01000864210D0002389F8003003B0BDE8F08FAD
:10E02000DDE900273346D14643F8187F1360FFF738
:10E03000C9FE8642EED1012389F8003003B0BDE865
:10E04000F08F20462F4690428F41C2D2D146002306
:10E05000042106F1180233767376B376F3760E4B0D
:10E06000B1779B6873B10C4BDB681A600B4B0A49A4
:10E070001878CA6001F014FECCE71F4678E7224604
:10E08000284661E7044B9A60F0E712B91746024A46
:10E09000B8E71F46004A6BE7480E00218C000021BC
:10E0A00010B50A4C2378FF2B0AD1094801F0CEFDA8
:10E0B000084B002220701A609A60DA601A8210BD44
:10E0C0004FF48D719F2001F033FC00BF8C000021C4
:10E0D00039DE0001480E0021034B1A8A02F1010CBF
:10E0E000A3F810C0FFF7F8BE480E002138B504466B
:10E0F0000D46FFF767FE034604F118010648E31AD0
:10E10000B3FA83F35B092B7006F0D1FA10B1002348
:10E110000120A37738BD00BF480E00212DE9F04350
:10E120001F4E34686CB34FF0000835464FF00409B9
:10E13000C6462346246853F8187C53F8082CD21995
:10E1400053F8147C47F1000C82427CEB010C1AD28C
:10E150002A6812682A6083F80690B26883F800E0A3
:10E1600083F801E083F802E083F803E07AB1F26813
:10E1700013604FF00108F360002CDAD1B8F1000F02
:10E1800007D1BDE8F0831D46002CD2D1F6E7B3607D
:10E19000EFE7044BBDE8F043187801F081BD00BF04
:10E1A000480E00218C00002138B5164D044600F1C0
:10E1B0001801AB68A3B1AB6899421ED083B11A466F
:10E1C0001B686BB19942FAD153B118681060A86806
:10E1D00081420BD0EB6899420DD00023A37738BD64
:10E1E000094806F064FA0028F7D138BD1B68AB6017
:10E1F000EB689942F1D1EA60EFE7002BF0D0002202
:10E20000E5E700BF480E00214C0E00212DE9F84340
:10E21000484E3468002C00F086804FF000080F460E
:10E220000546B1464FF0040E41462346246853F894
:10E23000180C53F8082C121853F8140C40F1000C69
:10E24000AA427CEB070C65D2D9F800201268C9F805
:10E25000002083F806E0B268197059709970D9707F
:10E26000002A5BD0F26813604FF00108F360002CC5
:10E27000DBD1B8F1000F03D02F4B187801F010FD5F
:10E280003368002B4FD0A3F1180C53E90612A942B2
:10E2900072EB070044D353F8100C00241B680A30BB
:10E2A00044F10004091842EB04021BB92CE016D813
:10E2B0001B684BB353E90604884274EB020E23D269
:10E2C0009CF8148013F804ECF045F0D1B3F804E0A6
:10E2D000BCF81C80AEEB080E1EF4004FE8D085425F
:10E2E00029463A46A3F1180C77EB040E01D20146F9
:10E2F000224653F8100C1B68091842F100020A313B
:10E3000042F10002002BD5D10CF118036046736175
:10E31000BDE8F8839946002C87D1AAE7B360A3E74C
:10E3200029463A46B7E700239C4673616046BDE83C
:10E33000F88300BF480E00218C00002110B5054C69
:10E340006169204606F0B3F918B1606900231838F6
:10E35000636110BD480E00211C49096839B3A1F161
:10E36000180C9CF8141081421DD870B512F10A05E2
:10E37000DCE9004143F1000EAC4271EB0E0620D205
:10E38000DCF81060341941F10001AC4271EB0E0170
:10E3900015D2DCF8181071B1A1F1180C9CF814100A
:10E3A0008142F6D8E2E7DCF818100029D7D14FF007
:10E3B000FF30014670474FF0FF30014670BD2C46DC
:10E3C0007146B4F10A0041F1FF3170BD480E0021E1
:10E3D00010B5837F022B06D0837F012B02D0837F71
:10E3E000042B1DD110BD437D13F0020313D1032470
:10E3F0000E4A00F118010376847794684376837699
:10E40000C3765CB1D3681960094BD1601878BDE858
:10E41000104001F045BC0023837710BD9160F3E705
:10E420004FF4FF719F2001F083FA00BF480E0021D6
:10E430008C00002170B50446104D04F118062846E2
:10E44000314606F034F998B1002304222376A277EE
:10E450006376A376E376AB6843B1EB681E60084B46
:10E46000EE601878BDE8704001F01ABCAE60F6E7C7
:10E470004FF402719F2001F05BFA00BF480E0021AB
:10E480008C0000212DE9F04F076983B0002F6ED179
:10E49000866890F81480D0E90045EFF3108272B6D8
:10E4A00035490B68002B5BD00A36B1F81090A3F108
:10E4B0001803CDF8049047F10007B14614EB090AA0
:10E4C000D3E9001645EB070E8A457EEB060C47D3D1
:10E4D000A14276EB050C27D3D3F810C01CEB010C3E
:10E4E00046F1000BD4457BEB0E0B34BF4FF0010C13
:10E4F0004FF0000CBCF1000F12D093F814C0C445CB
:10E5000025D034BF4FF0010C4FF0000CBCF1000FD0
:10E5100006D00A319C6846F10005641845F10005F3
:10E520009B69EBB1183BC9E711F10A0CD3F808A0BD
:10E5300046F1000E1AEB0C0C4EF1000E644575EB23
:10E540000E0E34BF4FF0010C4FF0000CD2E7B3F8C1
:10E550001CC0DDF804E0ACEB0E0CCCF3C03CD5E7FE
:10E5600002B962B6C0E9004503B0BDE8F08F40F2E1
:10E5700027219F2001F0DCF9480E0021024B0521E4
:10E58000186806F06EB800BF600E0021054B586891
:10E5900010B1C368052118474FF41B71B02010B5A6
:10E5A00001F0C6F9600E00212DE9F0471646002B58
:10E5B00058D00C46D3E90089804579EB010349D353
:10E5C000B8EB00054FF0000269EB0407484CA38A42
:10E5D00022616433AB42BA41C4E9028916DBA36904
:10E5E00003F2A3139D4277F100076CDA414A4046DB
:10E5F0004946C4F82880C4F82C9000F0F1FC0523AB
:10E600003D4A84F830303260BDE8F087627F237F76
:10E610001AB19A0721D40022627703F0010AA36994
:10E6200003F2A3139D4277F1000731DABAF1000F2C
:10E63000DCD0A08A2F4AB8EB000069F10001C4E9E0
:10E640000A0100F0CDFC06232B4A84F830303260FA
:10E65000BDE8F08780468946B2E7236A01209847E3
:10E66000237FD8E7224C637F2BB1237F9B0702D502
:10E67000236A012098470025657701F02BF8FFF702
:10E680005DF91E4A2B46326084F83030BDE8F087D1
:10E6900001F020F8FFF752F9A08AA369984217D930
:10E6A000BAF1000F14D0B8EB0000124A69F1000172
:10E6B000C4E90A0100F094FC01230F4A84F83030C9
:10E6C0003260BDE8F08701F005F8FFF737F9A3697C
:10E6D000B8EB0300074A69F10001C4E90A0100F040
:10E6E0007FFC0223044A84F830303260BDE8F087B2
:10E6F000600E00217DE5000145E800013DEA0001D2
:10E7000002392DE9F04104292DD8DFE801F0030991
:10E71000292C0C00164A137F003B18BF01235377A6
:10E720000020BDE8F081124D044600F02BFC00F003
:10E730003DFD0E460746FFF769FD80466868FFF716
:10E7400047FE22463846314600240026002743462D
:10E750006C60C5E90267FFF727FF0220BDE8F08182
:10E76000FFF796F9DCE740F21721B02001F0E0F85E
:10E77000600E00212DE9F84F2E4C8046637FA7697B
:10E7800083BB94F81C9019F0010934D100F00EFD00
:10E7900010EB070B05460E4641F1000A584651465C
:10E7A000FFF734FDA0B3D0E900329B457AEB0201BC
:10E7B0001BD30023284631461F4AA562E662236127
:10E7C000C4E902BA00F00CFCB9F1000F02D0A38A30
:10E7D0009F4215D00222194B84F83020C8F800302F
:10E7E000BDE8F88F4FF00009D0E7DD1B9B4692464D
:10E7F00062F10006DDE7A38A9F4238BF1F46C5E7E6
:10E8000001220E4B84F83020C8F80030BDE8F88FA4
:10E81000637F2BB1237F9B0702D5236A0120984792
:10E820000021074B0A466177C8F8003084F8302091
:10E83000BDE8F88F600E00217DE5000145E800018C
:10E840003DEA0001023970B50546032900F2EB806C
:10E85000DFE801F006024508754B002283F83120FD
:10E86000002070BD724C94F830301A1F012A40F21B
:10E870009F8000F09BFCA26A2369801A9842B8BF6F
:10E88000184694F83030022B20617FD0237FD907BF
:10E8900040F1C480607F002840F0C080236A984720
:10E8A0000123637794F83020022AD4E902034BD085
:10E8B000012A70D0256932385E4A43F1FF312818A9
:10E8C00041EBE571C4E90A0100F08AFB94F83030AD
:10E8D000062B0CBF0523042384F83030C0E7544CCA
:10E8E00094F83030042B0FD8022B25D8013B012B94
:10E8F00000F28F80FFF7CCF80028B1D000F044FC84
:10E900002846FFF737FF15E0053B012B00F2818019
:10E91000FFF7BEF80028A3D000F036FC00F046FC5C
:10E9200006460C46FFF772FC2A460346214630464F
:10E93000FFF73AFE022070BDFFF7AAF800288FD03B
:10E94000012384F831308BE7227FD2070ED5627F16
:10E9500062B9A18A374A401A63F10001C4E90A0189
:10E9600000F03EFB032384F8303079E72169323828
:10E97000304A43F1FF33401843EBE171C4E90A0127
:10E9800000F02EFB042384F8303069E700F09AFE93
:10E99000FEF7CEFF86E7A169264A401A63F100011F
:10E9A000C4E90A0100F01CFB022384F8303057E769
:10E9B000042B94F8316019D0002EAFD1FFF7BEFCC4
:10E9C0000028ABD06060C4E90D6600F0D3FA60683F
:10E9D000022331468377C3689847D4E90201FFF7E1
:10E9E0009DFB154B84F830602B60A3E700F07AFEA6
:10E9F0000028E1D100200021FFF708FC08B1FFF753
:10EA000019FD00F067FEFEF799FF2846FFF7B2FEFA
:10EA100090E74FF4CD71B02000F08AFF40F2B311BF
:10EA2000B02000F085FF40F2F111B02000F080FF2F
:10EA3000600E00217DE5000101E70001032910B50A
:10EA400006D801290AD840F25D11B02000F070FF0D
:10EA50000429F8D10446FFF71BF808B9002010BDBF
:10EA60002046FFF787FE022010BD00BF064A0023A4
:10EA700010B5064C026084F8303023772060FEF732
:10EA800073FF5130A06110BD3DEA0001600E00210E
:10EA900008B5074B074A19680968914202D15130FD
:10EAA000986108BD40F25121B02000F041FF00BF45
:10EAB000600E00213DEA000110B5EFF3108472B63C
:10EAC000034B0421186805F0CCFD04B962B610BDF3
:10EAD000600E0021094B5A6810B54AB1084AD3E9C3
:10EAE00002410019BDE8104041F1000100F078BA80
:10EAF00040F27221B02000F01BFF00BF600E002129
:10EB00008DE5000108B5064B5B681BB1BDE8084008
:10EB100000F03ABB4FF41E71B02000F009FF00BFB7
:10EB2000600E002108B5054B5A680AB1586308BD4C
:10EB300040F27E21B02000F0FBFE00BF600E0021FD
:10EB400008B5054B5A680AB1986308BD4FF42171A6
:10EB5000B02000F0EDFE00BF600E0021044B9B6B67
:10EB600003B1184740F28A21B02010B500F0E0FE52
:10EB7000600E0021044B5B6B03B118474FF4247106
:10EB8000B02010B500F0D4FE600E0021014B586893
:10EB9000704700BF600E002108B5054B5A6812B1DE
:10EBA000D3E9020108BD40F29B21B02000F0C0FE75
:10EBB000600E0021034B187F10F0010018BF988AE7
:10EBC000704700BF600E0021054B1B681BB11A6A1D
:10EBD0000421586A10477221452010B500F0A8FEA4
:10EBE000A00E0021054B1B681BB11A6A0321586A4D
:10EBF00010476C21452010B500F09AFEA00E0021B0
:10EC00002DE9F04104460D4679B9154F3B681BBB11
:10EC100014483C60FFF786FF1348FFF791FFFFF7AA
:10EC200067F8637D06465B0705D4236A2946606A58
:10EC3000BDE8F0411847FEF715FF2036361A7E6012
:10EC400000F01CFB0028FBD000230849084AC1F84B
:10EC50008031C2F88030E8E78621452000F068FE68
:10EC6000A00E0021E5EB0001C9EB000100100141FD
:10EC700000C00041024B00221A601A81704700BF99
:10EC8000A00E002108B5074B1A683AB106480021CA
:10EC9000D0601960BDE80840FEF78CBFB92145205F
:10ECA00000F046FEA00E002101EC000130B40D463C
:10ECB000144600212022C0E9085430BC01F008B9F4
:10ECC00030B5002287B04B7A0C4605924FF0000118
:10ECD0000092054601920492C3F3800282F0010281
:10ECE00062F38201227A8DF814202B4A8DF81510D8
:10ECF0000392616822780291002A3BD1D4E9042072
:10ED00009DF815406407CDE9002024D4C3F34003E7
:10ED10009DF8152021495B0022F0030243F0010316
:10ED200013438DF815304B68C3F308036BB1103BE8
:10ED30005BB2002B18DB1A4AD35C5B092BB969461E
:10ED40002846FEF70BFF07B030BD69462846FEF7A0
:10ED5000E3FE07B030BD203A01F1200140F1FF3061
:10ED6000009202910190D1E703F00F0319440B7D4B
:10ED70005B09E3E723690493FEF76CFE9DF8153009
:10ED80005B07CDE9000104D5029A637A2032029232
:10ED9000BCE7637ABAE700BF01EC000100ED00E0D8
:10EDA00000E400E010B5037886B0B3B904460393DD
:10EDB000D0E90401CDE90433CDE900016368684678
:10EDC000217A02938DF81410FEF7A0FF0120DDE9EF
:10EDD0000023C4E9042306B010BD4FF4AB714520F5
:10EDE00000F0A6FD30B50C7887B07CBB4B7A4FF0B5
:10EDF000000C0594C3F3800E0C7A4D688EF0010E62
:10EE00008DF81440144C6EF3820C029503941CF0A0
:10EE1000040F8DF815C0D1E90441CDE9004107D0B8
:10EE2000203C05F1200541F1FF310094029501914C
:10EE30009DF81540C3F340036946049263F341040F
:10EE40008DF81540FEF768FE07B030BD40F21F2177
:10EE5000452000F06DFD00BF01EC0001074A0023D2
:10EE600013721375064A012106485160C2F84035F5
:10EE7000C2F84031C0F80815704700BFD80E002115
:10EE800000C0004100F0004130B4344B0022344C4B
:10EE900001213448826159609960C3F80843C3F87E
:10EEA0004843C469C3F80421C3F84021C3F844218E
:10EEB000C3F84821002C4ED02B4A4FF00045C2F831
:10EEC000C051C4F88050C3F88050284BC3F80415D3
:10EED0000523C2F840351160D2F84031002BFBD039
:10EEE0000121224D0023C5F808155160D1601B494E
:10EEF000C2F84031C2F84035C2F8C031C4F88030A1
:10EF0000C1F8803090F8203003B390F8212001211F
:10EF1000124B4FF480249140144842F000424FF6C7
:10EF2000FF75C0F80815C3F84443C3F84855C3F843
:10EF30000443C3F848219A60C0F804150C4B4FF401
:10EF4000003230BCC3F880211A607047034B0222A4
:10EF5000C3F80423F2E71960D4E700BF00100141B1
:10EF600002000700D80E002100C0004100F000415F
:10EF700000E100E0024B0122C3F80027704700BF08
:10EF80000000084110B4114A002301244FF0FF3063
:10EF90000F49C1F88031C2F8803054604FF480547A
:10EFA000C2F808030B480C4AC0F88041106838B119
:10EFB0004FF48030C1F808031372C1F84031136078
:10EFC000064B002210BCC3F80027704700C0004168
:10EFD0000010014100E100E0D80E002100000841CE
:10EFE00070B5604C2368002B40F0B2805E4B22600D
:10EFF000994200F2B280420F5C4DC0F34F3343F6AA
:10F00000095642EAC10103EB0143A5FB011258492D
:10F01000920B01FB12335749A5FB035343F60855E6
:10F020009B0B43EA024201FB120048F237614FEAB0
:10F03000122C430B120601FB03F34F491B0C06FB7A
:10F04000130000FB01F1490D01EB432306FB0151C5
:10F05000B0EB512F4FF0000188BF0133D0184CF1B5
:10F06000000CEFF3108572B694F82060434A96BB0B
:10F07000D2F80435D2F8041109BB05334FF0000271
:10F08000A16942F1000225B962B694F82050002D22
:10F0900038D14FF08075E1FB053298427CEB0202DB
:10F0A00042D3010E20F07F4241EA0C21334B4FF452
:10F0B00080306160C3F84025C3F8040370BDA369C4
:10F0C0000133A361C2F80461D2F80435D2F8041107
:10F0D0000029F4D1D1E7D2F804354FF6FF76D2F803
:10F0E0004821B34228D0161E47F6FE7E18BF0126DF
:10F0F000734588BF0026053341F10002A169314400
:10F10000002DC1D04FF48035E1FB053298427CEBF5
:10F11000020209D3010C4FF6FF7382B241EA0C419F
:10F12000002A08BF1A46C1E7FF232372144B4FF48D
:10F130000032C3F8002170BD22B9A1690523002D5A
:10F14000E0D1A1E70A460F4BA169002DDAD19BE778
:10F1500040F2F921052000F0EBFB4FF494710520FB
:10F1600000F0E6FBD80E0021FF7F841E83DE1B43E8
:10F17000000024F40080841E6F0C01000010014187
:10F1800000E100E004000100064B1A684AB106499C
:10F190004FF48032C1F8082300221A72C1F84021CE
:10F1A0001A607047D80E00210010014170B4EFF3CF
:10F1B000108572B62C4C2D4A94F82000D2F80435F4
:10F1C00040B3D2F848014FF6FF72A669934245D08A
:10F1D000003843F60951C3F3080247F6FE7C18BF16
:10F1E000012001FB02F263454FEA532388BF002050
:10F1F00002F5807201FB03F30021064403EB522069
:10F200001DB962B694F820301BB3194BE6FB03011D
:10F2100070BC7047D2F8041151B1A3690133A361E6
:10F22000C2F80401D2F80435D2F804110029F4D14F
:10F2300043F60951C3F30802580AA66901FB02F319
:10F2400001FB00F0002103F5807300EB5320002D3B
:10F25000D7D0084BE6FB030170BC704700B10648ED
:10F260000021002DD1D1CCE7D80E002100100141A2
:10F2700080841E000080841E61841E0030B5EFF380
:10F28000108572B62F4A92F8204044B32E4B4FF6A9
:10F29000FF70D3F80415D3F84831814290694BD000
:10F2A000003B43F6095CC1F3080447F6FE7E18BF35
:10F2B00001230CFB04F471454FEA512188BF002360
:10F2C00004F580740CFB01F1184401EB5423002178
:10F2D0001DB962B692F820401CB31C4C22E01A49BA
:10F2E000D1F80435D1F8040150B193690133936129
:10F2F000C1F80441D1F80435D1F804010028F4D153
:10F30000C3F3080143F609545B0A906904FB01F159
:10F3100004FB03F301F5807103EB51230021002D61
:10F32000D7D00B4CE0FB0431D2E90A028342914171
:10F330002CBF0120002030BD03B1064B0021002D61
:10F34000CBD1C6E7D80E00210010014180841E00F9
:10F350000080841E61841E002DE9F84F0020954E28
:10F360000125954C7560C6F84005C6F84001C4F803
:10F370000855D6F8043523F00303C6F80435D6F84B
:10F38000083543F00303C6F80835102393FAA3F3B6
:10F39000B3FA83F3092B00F30881C6F810354FF454
:10F3A0008052864B4FF6FF7CF56047F6FE7EC3F831
:10F3B00080211A604FF00042814B7560F560C3F800
:10F3C0008021C6F880207F4A41E06745D3F8481184
:10F3D00000F0C6800039D2F8188018BF01217745A7
:10F3E00088BF002141444FF00008B9F1000F00F040
:10F3F000BF804FF48039E1FB0978C4F80455EFF37E
:10F40000108972B692F82010D3F804A5002900F0F4
:10F410008F80E245D3F848113AD00039D2F818B0BD
:10F4200018BF0121F24588BF002159444FF0000B5D
:10F43000B9F1000F34D04FF48039E1FB09ABC3457B
:10F4400008BFBA453CD0C4F808557560F560EFF3C5
:10F45000108972B692F82010D3F804750029B4D13F
:10F46000D3F8041141B991694FF00008B9F1000FC8
:10F470007ED04FF08079BEE7916901319161C3F888
:10F480000401D3F80475D3F804110029F4D1EAE794
:10F49000002978D18A469169D346B9F1000FCAD1C3
:10F4A00062B692F82090B9F1000F0CBF4FF080794E
:10F4B0004FF48039E1FB09ABC34508BFBA45C2D15F
:10F4C000013743F60951C7F3080348F100083C0E21
:10F4D000C7F34E2701FB03F344EA082401FB07F0BE
:10F4E0004FEA186803F58073650100EB53204FEA7B
:10F4F00048132D1B43EAD46363EB0806AB01B1014B
:10F500005B1B41EA956161EB0601C90041EA537159
:10F51000DB001B1948EB0108DC034FEAC831001976
:10F5200041EA5341906241F10001D162BDE8F88F98
:10F53000D3F8041141B991694FF0000BB9F1000FF4
:10F54000AED04FF0807978E7916901319161C3F8CD
:10F550000401D3F804A5D3F804110029F4D1EAE793
:10F56000D1B90F469169B846B9F1000F7FF441AFA8
:10F5700062B692F82090B9F1000F0CBF4FF080797D
:10F580004FF4803937E79169E2464FF0000BB9F14B
:10F59000000F7FF450AF83E7916967464FF0000892
:10F5A000B9F1000F7FF425AFE2E740F29F31064842
:10F5B00000F0B4F900C0004100F0004100E100E0BB
:10F5C00000100141D80E00218003020110B5029CF9
:10F5D000201841F10001801A61EB0301B0F1004FE6
:10F5E00071F1000100DA10BD40F2A931052000F0F0
:10F5F0009FF900BF70B4EFF3108572B62C4C2D4A02
:10F6000094F82000D2F8043540B3D2F848014FF600
:10F61000FF72A669934245D0003843F60951C3F3FF
:10F62000080247F6FE7C18BF012001FB02F2634589
:10F630004FEA532388BF002002F5807201FB03F3D9
:10F640000021064403EB52201DB962B694F8203025
:10F650001BB3194BE6FB030170BC7047D2F80411D1
:10F6600051B1A3690133A361C2F80401D2F8043592
:10F67000D2F804110029F4D143F60951C3F308026A
:10F68000580AA66901FB02F301FB00F0002103F513
:10F69000807300EB5320002DD7D0084BE6FB03010D
:10F6A00070BC704700B106480021002DD1D1CCE7D5
:10F6B000D80E00210010014180841E000080841EAD
:10F6C00061841E00024B0122C3F84423704700BF2F
:10F6D00000100141024B0122C3F84823704700BFCC
:10F6E0000010014108B5FEF72FF930B9074A136B36
:10F6F0000133312B136304D808BD044B00221A6375
:10F7000008BD40F2F531052000F012F9D80E0021B5
:10F7100010B53F4C82B094F82030002B55D03D4BB3
:10F72000D3F8042352035BD43A4B6168D3F8042323
:10F73000D00334D5D3F84031002B30D0A36999429F
:10F740005DD800232372334A4FF48031C2F8403130
:10F75000C2F808132268002A55D0236090472D4B29
:10F760002169D3F80423920324D5D3F844310BB391
:10F77000A3698B423FD300222275264B4FF4003001
:10F78000E168C3F84421C3F8080300293BD0884747
:10F79000204BD3F840310193019B02B010BDA26908
:10F7A000237A002BCDD19142D9D91A4B0022C3F82C
:10F7B0004021D4E7A269237D002BDCD18A42E7D225
:10F7C000144B0022C3F84421E2E7124AD2F8041194
:10F7D0000029A9D0C2F80431A3690133A361A3E7CA
:10F7E000D3F84821002A9FD00022C3F84821A369FA
:10F7F0000133A36198E7237D002BE1D0BBE7237A97
:10F80000002BD2D09DE740F23741052000F090F860
:10F81000D80E002100100141014B1879704700BF3C
:10F82000100F0021044B1A79824283BF1B686022AB
:10F8300002FB003000207047100F0021BFF34F8FF4
:10F840000549064BCA6802F4E0621343CB60BFF37C
:10F850004F8F00BFFDE700BF00ED00E00400FA0598
:10F86000094B01225A604FF0FF32C3F808234FF4CE
:10F870000052064BC3F88020BFF34F8FBFF36F8F4A
:10F88000C3F88021704700BF00D0004100E100E0D4
:10F89000094B01225A604FF0FF32C3F808234FF49E
:10F8A0008032064BC3F88020BFF34F8FBFF36F8FBA
:10F8B000C3F88021704700BF0000014100E100E073
:10F8C00010B5134900230122124CC1F8FC3FC1F8C6
:10F8D000FC2FDA00013302F1FF7202F58032D2F818
:10F8E00000032040884202BFD2F80003D2F804236C
:10F8F0000260202BEDD1084B4FF48072C3F88020BA
:10F90000BFF34F8FBFF36F8FC3F8802110BD00BFCF
:10F910000080004100F0FFFF00E100E008B572B692
:10F92000024B5B6803B19847FFF788FF180F00216F
:10F930001FB572B6144B5C6894B9FFF77FFFB2FB3A
:10F94000F6F22B465D1C002AF9D1DBB203F110055B
:10F950006D4405F80C2C0A2233B901A8A047ECE746
:10F96000024600230A26EDE7013BDBB203F1100556
:10F970000DEB0506B0FBF2F502FB1500303006F882
:10F980000C0C2846E8E700BF180F0021F8B51E4E02
:10F9900005460C461746337893BB04F043FE776068
:10F9A0003472FFF78DFFFFF773FFFFF759FF174B17
:10F9B000002D14BF28461846FDF7EEFF0546E8B9AE
:10F9C000FFF758F9FDF7DAFF04F03AFEFEF730F8DA
:10F9D00018B9B8211120FFF7ABFF002C0CDB04F0A5
:10F9E0001F0264090123A400934004F1604404F55C
:10F9F0006144C4F880312360012333702846F8BD88
:10FA00004FF0FF35FAE700BF180F00210202020194
:10FA1000074B93F90830002B09DB5A09012103F049
:10FA20001F03994002F14003024A42F82310704735
:10FA3000180F002100E100E0014B1878704700BF6B
:10FA4000180F002150B1074B03F1140253F8041BA7
:10FA5000934240F8041BF9D1002070476FF0150065
:10FA6000704700BF0F240201F0B5284D83B0284C29
:10FA7000284F2E780136F6B2D5E84F3F0133DBB27E
:10FA8000C5E8423F002AF7D101236360C4F8002192
:10FA9000C4F80421EFF3108272B6C4F804052360A1
:10FAA00052B962B608E0D4F804314BB92B789E42C3
:10FAB00006D13B69DB0613D4D4F80031002BF2D019
:10FAC000D4F80431002BD4D12A78B242D1D1032208
:10FAD000C4F80031C4F80431C4F8082303B0F0BD01
:10FAE0000D4B03214FF40052C4F80413C3F88021D6
:10FAF000D4F80031002BDFD1D4F80431002BDBD156
:10FB0000019004F0DFFD0198D6E700BF210F00212E
:10FB100000D0004100ED00E000E100E070B51446C7
:10FB2000DA078CB01D4686468C4633D5C3686E46D0
:10FB300042681BBA12BA0093CB6802921BBA4A6899
:10FB4000049312BA836806921BBA019303681BBA26
:10FB500003938B681BBA05930B681BBA0793304657
:10FB6000FFF782FFAB070DD5DDE90A10DDE90832AA
:10FB700000BA09BA12BA1BBA20606160A260E360E1
:10FB80000CB070BD08AD0FCD20606160A260E36075
:10FB90000CB070BDDEF804106E46DEF80820DEF80A
:10FBA0000C30EE460068AEE80F00DCF80000DCF830
:10FBB0000410DCF80820DCF80C30AEE80F00CEE7CB
:10FBC00010B5002482B0CDE90044FFF7A7FF02B0D2
:10FBD00010BD00BF1A4B4FF4803270B5C3F88020BF
:10FBE000BFF34F8FBFF36F8F164C0021164DC4F833
:10FBF0000011C3F880212E692B6906F0100643F02E
:10FC000010032B610123C4F804332360D4F80031BE
:10FC10009BB11EB92B6923F010032B610123D4F88B
:10FC200008054FF480326360C4F808330023C4F839
:10FC30000031034BC3F8802170BD04F043FDE5E7BC
:10FC400000E100E00000014100ED00E038B50B49A3
:10FC5000042301EBC302157905F0FF042DB1013B2C
:10FC6000F7D240216920FFF763FE41F833000121FC
:10FC70005471D8B29471117138BD00BF240F0021A6
:10FC8000042808B503D947216920FFF751FE034B2B
:10FC9000002203EBC0031A7108BD00BF240F00212E
:10FCA000042808B503D950216920FFF741FE094B0C
:10FCB00003EBC0000379012B01D05121F4E7437914
:10FCC00082790133DBB29A4218BF4371BDE8084024
:10FCD000FFF79EBE240F002138B505240F4D95F87F
:10FCE000281005EBC1031A79012A09D158799A79AC
:10FCF000904205D05A79D2B29A7155F8313098476E
:10FD000095F82830013C0133DBB2052B28BF0023D6
:10FD100014F0FF0485F82830E1D138BD240F00210C
:10FD2000914270B53ED2B2FA82F33BB1C3F12004E6
:10FD300099409A4020FA04F498402143160C1FFA87
:10FD400082FE030C85B2B1FBF6FC06FB1C142404F6
:10FD500004EB10400CFB0EF4844206D9241A9442A2
:10FD600094BF01240224ACEB040C03EB01430CFB15
:10FD700012334FEA0C4CB3FBF6F006FB103300FBDA
:10FD80000EFE05EB0345AE4509D9AEEB050E9645D3
:10FD900094BF4FF0010E4FF0020EA0EB0E0040EAB0
:10FDA0000C0070BD73219620FFF7C2FD2DE9F843CA
:10FDB0001C4652EA040346D0804615460E4684B9D6
:10FDC000914204D2FFF7ACFF2146BDE8F8832146FB
:10FDD0003046FFF7A5FF04462A46404604FB15615E
:10FDE000F0E70127B4FA84F907FA09F2F840A2FB18
:10FDF00005C340EAC170F94002FB0432FFF790FFEF
:10FE0000C9F11F034FF0000C30FA03F308D1384654
:10FE10001946A845A641D8D218466146BDE8F883E0
:10FE20005A1E614618466CEB0C0C134605FB0CF78A
:10FE300002FB0477A5FB022EB8EB02027744904642
:10FE400066EB0706E5E7A6219620FFF771FD00BFE8
:10FE5000431A934228D382B370B5541E052C2DD972
:10FE60005C1E84460B46022C28D922F00305960816
:10FE70004C1953F804EBA3424CF804EBF9D1AA4215
:10FE800000EB050CA2EB05040DD011F82620012C87
:10FE900000F8262007D05A78022C8CF8012002D0D6
:10FEA0009B788CF8023070BD8B18024413F801CD9A
:10FEB000994202F801CDF9D17047704701390244E7
:10FEC000034611F8014F03F8014B9342F9D170BD7D
:10FED00010F0030FC9B2034607D0BAB303F8011BF1
:10FEE00013F0030F02F1FF32F7D170B5032A01EBD3
:10FEF000012404EB04441ED9161FB508032E05F196
:10FF0000010521D94FEA550E9C4603EBCE0ECCE9F4
:10FF100000440CF1080CF445F9D115F0010F04D0A0
:10FF200025F0010503EB85052C6026F0030604335C
:10FF300002F00302334432B1012A197003D0022ABD
:10FF4000597018BF997070BD1D46EDE7704700BF2E
:10FF5000094B0A4AC3F880210132C3F884210132D7
:10FF6000C3F88C210132C3F890210132C3F8EC218F
:10FF70000132C3F8902070470080004104000080E7
:10FF8000074B0022C3F88021C3F88421C3F88C21D9
:10FF9000C3F89021C3F8EC21C3F89020704700BF4C
:10FFA00000800041844641EA000313F0030359D165
:10FFB000403A33D3F0B4F0C9F0C0F0C9F0C0F0C992
:10FFC000F0C0F0C9F0C0403AF5D2F0BC26E0403AAB
:10FFD00024D300BF0B6803604B6843608B68836069
:10FFE000CB68C3600B6903614B6943618B698361B3
:10FFF000CB69C3610B6A03624B6A43628B6A83629B
:020000040101F8
:10000000CB6AC3620B6B03634B6B43638B6B836382
:10001000CB6BC36340304031403ADBD230320BD33C
:100020000B6803604B6843608B688360CB68C36078
:1000300010301031103AF3D20C3205D351F8043B92
:1000400040F8043B043AF9D2043208D0D2071CBF6E
:1000500011F8013B00F8013B01D30B880380604697
:10006000704700BF082A13D38B07B0D010F00303EA
:10007000ADD0C3F10403D21ADB071CBF11F8013B5A
:1000800000F8013BA3D331F8023B20F8023B9EE786
:10009000043AD9D3013A11F8013B00F8013BF9D2F7
:1000A0000B7803704B7843708B7883706046704791
:1000B000014B1B681B68184790000021014B1B680F
:1000C0005B68184790000021014B1B689B6818472C
:1000D00090000021014B1B681B691847900000210C
:1000E000034B1868034BC01A18BF0120704700BFAC
:1000F00090000021F8000101CB460101D746010123
:10010000DB460101E3460101E746010108B5F3F7CB
:100110000BF8F5F79BFAF2F769FE002008BDFFF730
:1001200091BCF5F721BA01F080BD01F081BD01F06D
:1001300082BD01F077BD10B586B0044601A8FFF777
:1001400081FC02230020237003236070A3709DF8BC
:100150000430E0706371BDF805302071E380DDF894
:100160000730A36006B010BD01F073B870B5044647
:10017000FBF72EF8012805461AD1601CFBF730F872
:10018000B0B1A3790020E61D63F03F03A371F5F73A
:10019000D1FC38B1102200213046FFF799FE002033
:1001A000257070BD3046FBF733F80028F2D0F6E733
:1001B0000025F4E710B5044610220021FFF788FE61
:1001C00004F11003102200211846FFF781FEFBF70F
:1001D0003DF80020F5F7AEFC20B12046FBF718F8FB
:1001E000002010BDFAF7F4FF0028F6D0F8E710B5AC
:1001F0000446FFF7EFFCB0F5007F09DA10F5007F49
:1002000008DD031EB8BF03339B100020237010BD10
:100210007F23FAE76FF07E03F7E78178008801F02B
:10022000A5BC37B505460C4600880DF1060101F066
:1002300017F92B882380BDF80630638003B030BDEA
:1002400038B505460C46F2F783FF30B13E2D04D198
:100250002046BDE83840F2F7BFBF38BD37B5044689
:100260002046F6F7B9F8022805460FD004280DD12C
:1002700023788A2B0DD0942B21D0204600F038F81B
:10028000A1782078FFF7DCFF0028E9D0284603B0EA
:1002900030BD05213E20FFF7D3FF0028EDD1E378E4
:1002A00001A92279684643EA0223ADF8003001F043
:1002B000DBFB0028D4D053210820F2F75BFD1A2184
:1002C0003E20FFF7BDFF0028D7D163796946A279A8
:1002D00001A843EA0223ADF8043011238DF806305B
:1002E000F5F73AF90028BBD06521E5E702F00DBB30
:1002F00010B503780446813B1A2B35D8DFE803F0AC
:10030000353B474B556D730E6741818761777B8D18
:100310009BB5C0CEE0E6ECF234DAD4002920F2F747
:100320005BFF30B13E232370222363702923A37027
:100330001AE00A20F2F750FF3E23237018B11F2362
:1003400063700A23F3E70123A37013236370E37937
:1003500003F00103E371D4F81A30C4F80E30E38BD4
:10036000638294F82030237510BD3E23037004236C
:1003700043701423DBE73E2303700A2343700323F7
:10038000D5E73E2303700D2343700523CFE70523F4
:100390002370042307E05A20F2F7DAFE082300282E
:1003A000F6D05A2222706370DEE75B20F2F7D0FEAF
:1003B00018B15B2323700623F5E730232370032352
:1003C000F1E73E2303700B2343700723AFE73E237F
:1003D0000370062343700C23A9E71323037083786B
:1003E0009B000133DFE7572303700223DBE73E2343
:1003F00003700D239BE73E230370012343701123F9
:1004000095E73E2303700623437012238FE73E23B4
:10041000037009234370132389E73E2303702420CC
:10042000F2F7DAFE18B12423A3701423BBE70E23DE
:10043000A3701023B7E73E2303702520F2F7CCFE0C
:10044000227B20B125230B32A37062708CE70F232F
:1004500004F10B0104F10800A37002F10803023259
:100460006370BDE81040FFF7F3BC3E230370262005
:10047000F2F7B2FE18230028D6D02622A27092E707
:100480003E2303702A20F2F7A7FE18B12B236370D6
:100490002A234CE71D236370192348E73E2303708A
:1004A000072343701A2342E7FF2303700D23437091
:1004B00080233CE7FF23037029234370812336E721
:1004C0003E2303700C234370232330E73E23037045
:1004D0000E23437037232AE73E2303700A23437019
:1004E000352324E73E230370FE2343702B231EE7AE
:1004F00008B510B96FF0150008BDFFF7F7FE00282A
:10050000F8D00020F8E710B50C4648B141B1FFF72C
:10051000A5FE002820700CBF6FF02200002010BD47
:100520006FF01500FBE7F8B5941C0E46054617461C
:100530000C446343B3F5004FA8BF4FF0FF3310F0F6
:1005400003019CB203D0B0211420F2F713FCB4F5E0
:10055000004F01D9B121F7E714220430FFF7B8FCAE
:10056000EF746C802E80F8BD38B50388C4888B4248
:100570000589C4F30E0203D2D1211420F2F7FAFB4D
:1005800084EA0503C3F30E030BB9AC4206D102F1B2
:1005900018030122C1528274184438BD1846FCE782
:1005A000023101444A43B2F5004FA8BF4FF0FF3279
:1005B00090B21B3020F00300B0F5004F34BF00B202
:1005C0004FF0FF30704740881B3020F00300B0F53B
:1005D000004F34BF00B24FF0FF3080B2704738B5E3
:1005E00003888B4203D2F7211420F2F7C3FB857CEA
:1005F00065B1C388C3F30E031833C25A8A4207D3C6
:10060000C152811DF2F7F8FD00238374284638BDDE
:100610000025FBE703461830F0B59E88DD88B4B2AC
:10062000C6F30E06A54214D05F89DD7C845B3D4491
:10063000E41B0235A4B2354428440D88A54284BF8A
:100640000C8025465989B1FA81F149091170DD8183
:10065000F0BD00252846FAE7F8B582880026C38950
:1006600004460D4692B20E60CBB14189C2F30E0230
:100670000B4418329BB28718825A4381934204D9A3
:100680004FF4A2711420F2F775FB04D1011DF2F7AB
:10069000B3FD46812F6000230120E381F8BD184699
:1006A000FCE78388014602899BB29A4202D0083156
:1006B000F2F7A2BD70478388C0889BB2C31A584224
:1006C00058417047828873B595B2C488C2F30E0250
:1006D000AC4202F1180212D04189C689835A3144D2
:1006E00099420EDB0DF10601ADF80650F2F784FDDC
:1006F000BDF80600001B18BF012002B070BD00202D
:10070000FBE70120F9E770B5C48803460689183075
:10071000C4F30E0584EA0602C2F30E020AB9B4421B
:100720000FD19C891A880CB1465B921B914207DC61
:10073000DA7C2C440232224410440A461A8270BDEC
:1007400000221046FAE7F8B5038A002B38D08B4216
:1007500036D3C48800F118038589C4F30E041E192A
:1007600095B91D55757085891E5B0D443144ADB238
:1007700085811953D2B1811DF2F73EFD002383819B
:10078000002303820120F8BD1E5BAE4204D04FF46B
:10079000F6711420F2F7EEFAC57C2644878A0235FA
:1007A00035445E195F53857DB570DCE7C27C254416
:1007B00002322A4499189B5A83828B788375DFE72B
:1007C0000020E0E78388C2889BB29A4206D0428923
:1007D00022B9C3F30E031833184470470020704742
:1007E000C37C0233C8187047C37C0233C81A7047F1
:1007F0000230704738B58388C2889BB29A4207D0CE
:1008000045892DB9011DF2F7F7FCC581012038BDDE
:100810000020FCE703881380C388C3F30E0318335A
:10082000034480890B6070470368002223B9C0E944
:100830000132031D0360704759681B680A44F5E7DD
:100840000729034670B504D84FF4EC711520F2F770
:1008500091FA0068C0B1446806461A688C4210D00C
:10086000106860B901F10805AC420DD354685050CE
:100870001868651A541800686560505002E0134605
:10088000E9E7146830461C6070BD0023C1E90032FE
:1008900003680B600160704730B590B18478B1FB9C
:1008A000F4F304FB131300EB430252898A4201D193
:1008B000D8B230BDC27822B900F10803D0B2844268
:1008C00001D8FF20F5E733F8025F01328D42F5D100
:1008D000EFE78278038805324B4303EB4203184469
:1008E000704737B500240546CDE900448DF8060071
:1008F0006846ADF80440F2F769FEBDF8044008B15F
:1009000003B030BD29462046F2F73CFE0028EFD068
:1009100040F235211720F2F72DFA70B51E460D462C
:100920000921FFF73DFE0446324609212846FFF71C
:1009300037FE40EA04031B0454BF00194FF0FF3098
:1009400070BDD31D23F0070370B5083390B110F0CC
:10095000070403D058212220F2F70CFA04604FF666
:10096000FF75C28000F108040A468180013A92B204
:10097000AA4203D103FB01F0083070BD066826606F
:1009800004601C44F2E7012303707047F8B50C467D
:10099000054611461E4684F001046400E4B2FF23BC
:1009A000837003191B7D012B05D00134E4B20319B8
:1009B0001B7D012B0AD105EB44073B8B3A8C981920
:1009C000904205DD00232C443B8323750020F8BDB5
:1009D00005EB8404324660681844FFF7E3FA3B8B6A
:1009E0001E443E830023AB700120F0E781F001013B
:1009F000490010B5C9B2FF23837043181C7D012C38
:100A000007D10C3120F8112002221A7500238370BF
:100A100010BD0131C9B243181C7D012CF1D04FF437
:100A200099710920F2F7A6F9024630B5837803F0F0
:100A3000FF00F3B9137D022B19D0537D022B15D182
:100A40000346012089B10024D5180C332C7522F8F7
:100A50001340131803241C7502EB80035B680B60C2
:100A600000F10C0332F813308B80012030BD0123DC
:100A7000E8E70020FAE7034630B5827802F0FF008D
:100A8000E2B99A7D022A17D0DC7D022C13D1032211
:100A900081B11D1900200C34287523F81400981812
:100AA0000324047503EB82000C32406833F81230E3
:100AB00008608B80012030BD0324E9E70020FAE7BD
:100AC000037D012B01D1008B7047437D012B0CBFAF
:100AD000408B00207047837D012B01D1808B7047B4
:100AE000C37D012B0CBFC08B00207047038B23B943
:100AF000408B003818BF0120704701207047838B5E
:100B000023B9C08B003818BF0120704701207047FF
:100B1000027D022A01D1008B7047437D022B01D157
:100B2000408B7047032AF6D0032BF9D00020704782
:100B3000827D022A01D1808B7047C37D022B01D1B7
:100B4000C08B7047032AF6D0032BF9D000207047E2
:100B50002DE9F0410646069898460D464307114692
:100B60009DF81C7002D010F0030003D025214C200A
:100B7000F2F700F94FF48B72FFF7E3FE002F06AB9C
:100B8000044600FB08F114BF00201846F2F756FB9C
:100B900017B9069B33602C60BDE8F081F2F7E6BE22
:100BA00000F0FD00003818BF012070472DE9F0412A
:100BB0001646B0F86A70B0F86C5071B303F074FB6D
:100BC0000446022101F0D3FA80460221204601F0BA
:100BD000CEFA474528BF4746BFB21B2F38BF1B2759
:100BE000FB2F28BFFB27854228BF05467780ADB283
:100BF0001B2D38BF1B25FB2D28BFFB25B4F5A47F7B
:100C000038BF4FF4A474F580B4F5296F28BF4FF4B2
:100C10002964B4803481BDE8F08102F0E7FCCFE7BD
:100C200013B501210020F2F797FC044688B9012191
:100C30000846F2F791FC0446C0B90023CDE9003321
:100C400003238DF806306846F2F7C0FCC8B10020D7
:100C50000AE0A830F3F7C2FE0028E8D02046F3F7F8
:100C60007DFE0028E3D0012002B010BDA830F3F7CC
:100C7000B5FE0028E1D02046F3F770FE0028DCD056
:100C8000F1E7009C204602F085FD0028DBD02046DD
:100C900002F05DFF0028D6D0E5E713B50121002062
:100CA000F2F75AFCC0B901210846F2F755FCF8B931
:100CB00002F05AFDA0B906236C46019000908DF811
:100CC00006302046F2F782FCC0B100230093636037
:100CD00007238DF806301FE0A830F3F77FFE10B130
:100CE000012002B010BDF3F755FE0028DBD0F7E776
:100CF000A830F3F773FE0028DAD0F1E7009840300F
:100D000002F042FB0028DCD0EAE7009B586F50302D
:100D100002F03AFB0028E4D12046F2F757FC002805
:100D2000F3D00020DDE71FB5002240F6881303A9A9
:100D30000092FBF71FFF05B05DF804FB10B50446F9
:100D400038B1F4F7F1FC24EA0000B0FA80F0400971
:100D500010BD0120FCE770B505460C4602F01AFDF7
:100D6000F0B9284602F053FED0B904212046F2F72C
:100D7000F3FB064678B906212046F2F7EDFB05465F
:100D800080B903212046F2F7FDFB88B141F6CE0180
:100D90003920F1F7EFFF403002F0F6FA0028EAD0F0
:100DA0000C2010E0403002F0EFFA0028E9D0F7E71D
:100DB0003EB104212046F2F7E5FB10B141F6D50122
:100DC000E6E70DB9002070BD06212046F2F7DAFBF8
:100DD0000028F7D041F6DC01DAE738B50D460446C5
:100DE000F2F7F4FCA84212D3204602F0F4FF08B157
:100DF0001F2D0ED8204602F061FE60B12946204624
:100E000002F087FE00280CBF4520002038BD0720D7
:100E1000FCE71220FAE74220F8E738B5044602F072
:100E20004DFED8B1204602F0B5FC08B9002038BD0F
:100E3000204602F0ABFB0546204602F0AAFB78B93B
:100E4000002DF3D00221B5F8AA00F2F79BFB002891
:100E5000ECD041F6D8213920F1F78CFF4220E6E7AB
:100E60000C20E4E7F0B587B00546008802A901F040
:100E7000E4F9044600287CD1029B93F86A21029E83
:100E8000D11E4A424A418DF8062096F8A820002A31
:100E900072D1DA7B222A72D19DF8062082F00102FB
:100EA00093F866308DF807209B0603D49DF8073031
:100EB000002B68D0EB881B3B9BB2E02B65D82989BF
:100EC00044F24810A1F5A4739BB283425DD86B88AD
:100ED0001B3B9BB2E02B58D8AA88A2F5A4739BB207
:100EE000834252D8B1F5296F51D8B2F5296F4ED847
:100EF000FF2786F82F719DF80630002B41D1029B09
:100F000003AA06F1A80093F8A810B1FA81F14909E3
:100F1000FFF74CFE6A88BDF8123040F64800BDF875
:100F200014109342B5F806C028BF13468142AA8820
:100F3000A6F8343128BF0146BDF80E30634528BFFE
:100F40006346A6F83031BDF81030834228BF03460F
:100F50002889834228BF03468A42A6F832311346C5
:100F600028BF0B46A6F8363186F82E71002386F886
:100F70002F31204607B0F0BD1A6892068CD4224665
:100F80008EE73A24F2E71A24F3E71224F1E711245A
:100F9000EFE710B5044602F0E7FB58B90121002045
:100FA000F2F7DAFAD0B901210846F2F7D5FAD8B942
:100FB000012009E0F4F770FB68B1F3F729FE04465D
:100FC00002F0F2FE08B1002010BD204602F0E8FE5B
:100FD0000028E3D0F7E7002CE0D1F4E7A830F3F7DE
:100FE000FDFC0028DFD0EEE7A830F3F7F7FC80F037
:100FF0000100C0B2E8E7006890F8A8303BB190F873
:10100000E23123B1002380F8E231F6F7C7BE704722
:1010100010B50446F6F7B2F82070002010BD10B5E8
:10102000FFF7FEFD044630B9F6F7A2F82046F4F7C4
:10103000F5FE204610BD0C20FCE710B503780446F1
:10104000012B01D9122010BDFFF727FE60B92078CF
:10105000FFF7A6FD01280DD004F11703E21D611C66
:10106000BDE81040F4F7E0BEF4F770FF0028EED0C2
:101070000C20E8E7A37903F0C003C02BE2D1EBE733
:1010800010B503780446012B0AD8FFF706FE48B9CD
:10109000214611F8010BFFF783FD00F0F5FF38B989
:1010A000122010BDF4F752FF0028F1D00C20F8E711
:1010B0000020F6E710B50446FFF7B2FD90B920789E
:1010C000012803D9FF2809D0122010BD611CFFF7A9
:1010D00067FDF6F759F838B10020F6E70120F4F77C
:1010E0009DFEF9E70C20F0E70720EEE710B5044677
:1010F000FFF796FD98B92378012B03D9FF2B0BD06E
:10110000122008E01846611CFFF74AFDF6F768F860
:101110000028F5D0002010BDF4F780FEFAE70C207F
:10112000F9E708B50088F4F717FF00280CBF302056
:10113000002008BD38B50546FFF7AFFD044638B9B5
:101140002878003818BF0120F4F7FAFE204638BD91
:101150000C20FCE708B5FFF7A0FD18B9F4F7E0FE96
:10116000002008BDF4F7F2FE0028F7D00C20F8E7C5
:10117000082303700020704711224FF402530270BD
:10118000C2705922A0F801308280C38000207047CD
:10119000082108B5F2F720FC002008BD73B506460B
:1011A00000880C46088001A980B201F046F8054687
:1011B00040B9B3784BB9019B93F92801A070F9F7B6
:1011C000A3FEA070284602B070BD7F20FFF7ABFDE4
:1011D000F4E710B504466FF07F00FFF7A4FDF9F7C0
:1011E00093FE20707F20FFF79EFDF9F78DFE607063
:1011F000002010BD10B50446F9F7C8FE00EB8003CF
:101200005B002380F9F7C8FE00EB800300205B0041
:10121000638010BD10B50446F3F7FAFC02F0BDFD83
:10122000F9F772FE2070002010BD0A4600F110018F
:1012300008B50723FEF7C4FC002008BD10B5014621
:1012400004460020F4F75CFC08B92060A080002070
:1012500010BD10B50446F4F7F3F928B90020214673
:10126000F4F736FC002010BD0020FFF792FE0028A6
:10127000F4D10C20F7E710B504460120FFF789FEF2
:1012800028B101202146F4F723FC002010BD0C20DA
:10129000FCE737B500880C460D4601A924F8020B7F
:1012A00080B200F0CAFF70B9019B03F1180283F805
:1012B0004F00116821601179217193F84F100029B6
:1012C000F5D103B030BD0023C5F802302371F8E733
:1012D000FFF7C8BD1FB502880A8044F290218388B9
:1012E0008B4215D8B3F5296FADF80420428801A8C8
:1012F00028BF4FF42963ADF80620ADF80830ADF8EB
:101300000A20ADF80C30FFF7ADFD05B05DF804FB29
:101310001220FAE737B508800D4601A900F08DFFCD
:10132000044640B901982A4610F8A81FB1FA81F185
:101330004909FFF73BFC204603B030BD03466FF080
:101340006F0100200A2210B56FF0040458709970E4
:101350001C70DA701C7158719971DA7110BD10B57A
:101360000446FFF79AFC58B92078611CFFF718FC77
:10137000E279F4F7B5FE80F001004000C0B210BD84
:10138000F4F7E4FD0028EFD00C20F8E773B50088EF
:101390000D46088001A980B200F04FFF044680B9D5
:1013A000019E86F8224196F82001F3F7E3FBA8702E
:1013B00096F82101F3F7DEFBE87096F82231002B56
:1013C000EFD1204602B070BD1FB5044603A90088C6
:1013D00000F033FF38B9A388022B14D8E078FFF768
:1013E000ADFC10B9112004B010BDA078FFF7A6FC29
:1013F0000028F7D0012303A80093A388E278A178FE
:10140000F4F7C0F9EFE71220EDE737B58378C1783C
:1014100003F00104027903F0020351EA04051DD030
:1014200052EA03051AD0002C18BF0021002B0378C4
:1014300018BF00228DF802108DF80320427843EA8D
:101440000223ADF8003043798279684643EA0223EB
:10145000ADF80430FFF7B8FF03B030BD1120FBE753
:1014600013B50C4601A900F0E8FE28B9019B93F8DA
:10147000A820DB8812B9238002B010BD0133FAE73F
:1014800013B5044600F023FE00284DD02046FF246B
:10149000F4F7A2FE0023CDE900336846F2F796F890
:1014A00048B300244FF44033CDE90043FF2468469D
:1014B000F2F78CF818B300204FF48023FF24CDE915
:1014C00000036846F2F782F8E8B100214FF4C02328
:1014D000FF24CDE900136846F2F778F8B8B100228E
:1014E0004FF42023CDE900236846F2F76FF890B15E
:1014F000002002B010BD009B83F83542CDE7009B71
:1015000083F88A40D3E7009B83F83440D9E7009BF7
:1015100083F83440DFE7009B93F83820032AE3D1B7
:10152000FF2283F82220DFE71220E2E707B50088D8
:1015300001A900F0A4FE30B9019B93F83F2112B934
:10154000FF2283F83F2103B05DF804FB10B5044689
:10155000F4F7E0F820600020616010BDF0B50446AB
:1015600089B000200E4604F11807F4F78FF82346DF
:101570006A461868083353F8041C1546BB4203C575
:101580002A46F6D119889B782980AB7000238DF804
:101590001B308DF81C30637E042B10D8A37E042BE7
:1015A0000DD8237D022B0AD0637803F01803082B93
:1015B00005D031466846F3F751FE09B0F0BD122060
:1015C000FBE7F0B5044689B000200E4604F1180789
:1015D000F4F75CF823466A461868083353F8041C8D
:1015E0001546BB4203C52A46F6D11B782B70002353
:1015F0008DF81930ADF81A308DF81C30237D022B90
:101600000AD0637803F01803082B05D031466846EA
:10161000F3F724FE09B0F0BD1220FBE710B503215B
:1016200004460078F1F798FF20B12178BDE810401A
:10163000FFF791BB422010BD13B500200024F4F742
:1016400025F80323CDE900448DF806306846F1F70C
:10165000BDFF10B1204602B010BDBDF804100098C7
:10166000FFF779FB002818BF0C24EFE72DE9F743BB
:101670000646477803210078F1F76EFF04460028FC
:1016800052D002F0A8FB042F054696F8039004D12F
:10169000B9F1000F4ED0122013E0E06CFFF710FA02
:1016A000F37800EB09081FFA88F86BB9204602F0BE
:1016B00051FB80450ED9204602F08DFB0028EAD16F
:1016C000072003B0BDE8F083204602F055FB002858
:1016D000ECD1E0E741462046FFF77FFB0028F0D140
:1016E000FB1E012B22D9B9F1000FD4D0002DD2D18D
:1016F000012F04D10222E16C6846F2F77FF84B46D5
:1017000072680121E06CFFF741F90028D8D0023F50
:10171000012F07D8E06CFFF7D3F901210246E06CF6
:10172000FFF764F90020CCE74220CAE785F0010208
:10173000D2B2E0E70028AED1204602F02BF8002814
:10174000A9D0E06CFFF7D2F90028A4D0204602F01F
:101750006EFBE7E737B50446F3F75AFA05462378F8
:101760001F2B18D8C16C04226846F2F747F82246AE
:101770000021E86C12F8013BFFF708F968B1EC6C46
:101780002046FFF7A8F9002102462046FFF72EF970
:10179000002003B030BD1220FBE70720F9E72DE958
:1017A000F7430746467890F8039003210078F1F755
:1017B000D3FE044600284FD0F3F76EFF30B1204629
:1017C00002F0F2FA002808BF4FF00009E06CFFF7C2
:1017D00082F9FB7800EB09081FFA88F84BB94146FB
:1017E0002046FFF7FAFA054650B1284603B0BDE897
:1017F000F083204602F0D8FA0028F0D11225F4E751
:10180000042EFBD0032E0CD1204602F0E4FA08BBD4
:10181000012E14BF05220622E16C6846F1F7EEFFA7
:1018200008E0B9F1000FE9D0204601F0B3FFA8B9F4
:10183000012EE9D04B467A680021E06CFFF7A6F84C
:1018400070B1023E012ED0D842460021E06CFFF775
:10185000CDF8CAE70422DFE74225C6E70C25C4E736
:101860000725C2E713B504460020F3F70FFFE3781E
:10187000FB2B13D82278043468468DF803308DF89A
:10188000002014F8022C8DF8022014F8032C019487
:101890008DF80120FFF783FF02B010BD1220FBE797
:1018A00010B504460020F3F7F1FEF1F78FFF20801A
:1018B000002010BD10B504460020F3F7E7FE03201A
:1018C000F1F7CCFD2070002010BD73B50446002058
:1018D000F3F7DCFE63787BBB23783BBB01936C465C
:1018E000009303238DF806302046F1F76FFED0B940
:1018F0000098FFF792FA0028F6D018E09E00032126
:1019000004EB83039878F1F727FEB8B12378012B15
:101910000BD1B11C2144F3F789FA013538B962784B
:10192000EBB29A42EAD8002001E013B1122002B0D3
:1019300070BDFFF772FAF0E70025F0E74220F6E706
:1019400038B5032105460078F1F706FE0446A0B13C
:1019500001F020FF28B92046691C02F0FDF80020A4
:1019600038BD204602F020FA08B10C20F8E72046E6
:1019700002F016FA0028EED0F7E74220F0E737B57C
:101980000446F3F745F9054623781F2B18D8C16C98
:1019900000226846F1F732FF22460121E86C12F876
:1019A000013BFEF7F3FF68B1EC6C2046FFF788F8C7
:1019B000012102462046FFF719F8002003B030BD90
:1019C0001220FBE70720F9E713B504460020F3F7E0
:1019D0005DFEE378FB2B13D82278043468468DF83B
:1019E00003308DF8002014F8022C8DF8022014F832
:1019F000032C01948DF80120FFF738FE02B010BDD2
:101A00001220FBE773B505460026F3F701F90446FB
:101A10008DF8046002F0CCF92B78C0018DF80760D6
:101A2000012BADF8050005D101A92046F3F7FEF919
:101A300002B070BD2BB9204602B0BDE87040FFF780
:101A4000ECB91220F4E710B5044634F8020B088014
:101A5000022180B2F1F780FD20B12146BDE810409F
:101A600002F0F0BB022010BD008808B508800221FA
:101A700080B2F1F771FD20B10021BDE8084002F00D
:101A8000E1BB022008BD37B5044600880D4608803A
:101A9000092180B2F1F760FD10B10C2003B030BD18
:101AA0000B212088F1F758FD0028F6D10C21208861
:101AB000F1F752FD0028F0D101A9208800F0BDFB0C
:101AC0000028EBD1019B9B8F6B80E7E737B504467D
:101AD00000880880092180B2F1F73EFD10B10C208A
:101AE00003B030BD0B212088F1F736FD0028F6D178
:101AF0000C212088F1F730FD0028F0D163880BB964
:101B00001220EDE701A9208800F097FB0028E7D11B
:101B1000658842F21072019BA9B2D3F8C8405143C4
:101B2000B3F8DE206243B3F8D04004FB02229142B6
:101B3000E6D3D3F8C820D3F8C8409442F9D10022A4
:101B40009D875A63621E0A44B2FBF4F29A63C7E7A8
:101B500013B500880C46088001A980B200F06DFB27
:101B600010B9019BDB7AA37002B010BD10B50C4612
:101B70000221F1F7F1FC90B1022C12D804F001021D
:101B8000C4F3400480F8E42180F8E34112B190F8F6
:101B9000E2310BB9002010BDF6F700F9FAE7022098
:101BA000F9E71220F7E710B504460078FF280AD0BD
:101BB0000321F1F7D1FC58B16378A27843EA0223FC
:101BC000C384002010BDB4F80100F6F709FAF8E765
:101BD0004220F7E710B504460078003818BF01200E
:101BE000F9F786F92078003818BF0120F6F7C2F817
:101BF000002010BD10B50446F3F74EFD50B1F3F7C9
:101C000007F86178C1F3400201F0010102F013F915
:101C1000002010BD03212078F1F79EFC0028F0D1B0
:101C20004220F6E70620F3F73DBD0820F3F73ABD62
:101C30000B20F3F737BD02F035BB10B5044604B9ED
:101C400010BD236898476468F9E703680BB9016021
:101C500070471A465B6813B18A42FAD170478A42CC
:101C600018BF5160704708B5F7F766FDF6F776F8CC
:101C7000BDE80840F7F748BD08B5F6F73DF8F7F7B7
:101C800033FD20B140F263119320F1F773F8032084
:101C9000BDE80840FEF725BE08B50220FEF721FE8C
:101CA0000020FEF71EFEF1F71BFDF3F7CBFEF2F767
:101CB000D7FC20B140F243119320F1F75BF808BD47
:101CC000FFF7EABF08B5FFF7D7FFF8F709FB20B128
:101CD0004FF4BC719320F1F74DF808BD08B500F042
:101CE000A5F9F2F79DFC0220FEF7FBFD0020BDE800
:101CF0000840FEF7F6BDFBF72DBE0B46892203F820
:101D0000032BD0F80920C1F80320427B1A717047D9
:101D100038B50D460446F3F707FD2B78002B08BFB6
:101D2000034684F874306B78002B08BF034684F8B0
:101D300075306B88A4F8763038BD37B58B7805469A
:101D4000046803F0070384F819314B7803F00703A4
:101D500084F818312623E37394F8393113BB94F8CF
:101D60003831012B1ED094F8213194F81821D91E56
:101D7000012998BF04239A42B4F81E3118D194F86F
:101D8000202194F81901D11E0129B4F81C1198BF23
:101D9000042290420CD10222A4F83A11A4F83C315A
:101DA00084F83821284603B0BDE8304000F0D3BFA6
:101DB000022094F81D2194F81C1100902846F3F796
:101DC000E1FC0028EED04FF46671AE20F0F7D2FFB0
:101DD00038B5036804460D4693F83831012B02D11B
:101DE0001E21F3F749FD2368002083F8380165B10F
:101DF000182283F8992009229A7393F84E3093B9E8
:101E000040F25B41AE20F0F7B5FFDA7B243A072AB7
:101E100003D82046DD7300F0B0FF20461821BDE84E
:101E2000384000F0DABF38BD08B503689A7B22B1AC
:101E30004FF4E671AE20F0F79DFF24229A7308BD9F
:101E4000034610F0010007D19A0704D413F00400F0
:101E500018BF03207047022070472DE9F34B164648
:101E6000054610461F4646EA0104FFF7E9FF834690
:101E70000846FFF7E5FF89464BEA0404DDF82880B1
:101E800001900443E4B2003C18BF0124F3F74CFC7A
:101E9000064018BF5E46F3F747FC95F8202110EA8C
:101EA0000901019B18BF1946B24214BF33460023F3
:101EB00088F8003095F821218A4208BF00210B43A1
:101EC00088F801100AD1EB88013FFF1A47F6FD732D
:101ED000BFB29F428CBF002404F00104C6B995F83C
:101EE0002001F2F757FE03280ED195F83831012B67
:101EF0000AD1B5F83C2195F82031012A0AD1042BEA
:101F00000AD0042388F80030204602B0BDE8F08BE8
:101F1000032EE9E7032BF7D00323F3E7032906D1C8
:101F200001280AD10421012051801380704704291F
:101F300003D1012801D00321F5E7002070470128D3
:101F400007D0022805D0033801288CBF00200120CB
:101F5000800070472DE9F0410C6805460F4694F863
:101F60003A22D31E012B2DD894F82031D91E0129F5
:101F700028D8D31A18BF012394F83B02FFF7DFFFDC
:101F800006460BBB1046FFF7DAFF804694F89F30F9
:101F90006BB948EA060313F0FF0306D0204600F0B1
:101FA0002DFF3B68DB8803449BB2A4F83832B4F8B9
:101FB00038320520AE70EB701B0A85F801802B715A
:101FC000BDE8F0810023D7E74FF00008DEE770B5E9
:101FD000056802460B46EC7BA4F12406072E15D9B2
:101FE00094B9AD7B292D11D04D786E0706D08D7830
:101FF0006D0703D0FFF7A1FE204670BD197810468B
:10200000BDE8704000F0E9BE0124F5E72024F3E7C5
:1020100008B50368DA7B262A05D022B140F2D351F5
:10202000AE20F0F7A7FE2722DA7308BDF3F70ABD4A
:10203000704730B542401C7808785D7860404C7835
:102040006C409D7820448C786C40DD782044CC78BE
:102050006C401D795B7920440C7949796C404B4088
:10206000204418441044B0FA80F0400930BD0246C4
:1020700000200139C9B2FF2900D17047535C83F0B9
:1020800001030344D8B2F4E708B5F3F75FFD08286D
:1020900007D0F3F77DFD082803D0F3F78DFD01206D
:1020A00008BD0020FCE708B5F3F750FD082803D071
:1020B000BDE80840F3F76CBD08BD08B5F8F7E8FFC8
:1020C00018B1BDE80840F9F715B8082008BD70B58B
:1020D00003791F2B0FD8461E051D002416F8010F8B
:1020E00000F020FE0444AE42E4B2F7D1012C94BFCC
:1020F0000020012070BD0020FCE70144002388423D
:1021000003D1B3FA83F04009704710F8012B134351
:10211000F5E7F8B505460C46D0E90476FCF742FE33
:1021200018B952212920F0F725FEE4B1D5E904239E
:10213000D21B63EB0603012A73F100014FF000018B
:1021400013DB6FF001009042994101DA5C21E9E76D
:10215000631E1344B3FBF4F35C43E41946F1000639
:10216000C5E904461C462046F8BD0C46FBE702299B
:1021700005D13C281AD980100F3880B27047CB1E89
:10218000012B0ED804290BBF96234FF4167310228F
:10219000402203F5BC73984208D9C01A90FBF2F0B4
:1021A000EBE7702802D9C0100E38E6E70020704730
:1021B000022908B5034614D005D8012909D0E72122
:1021C0002920F0F7D7FD03390129F8D840F6A66099
:1021D00008BD40F6C41040F2E242002B08BF104692
:1021E000F6E740F6C410F3E7801AA03810B588422D
:1021F000029C94BF091A491A2268012902EB510274
:1022000094BF0020012022601A68A2EB51021A60DC
:1022100010BD69B1A0F57A7241F270739A4207D885
:102220004FF47A73B0FBF3F000F5506080B2704762
:1022300040F2E243B0FBF3F0F8E738B50C4600217A
:102240000546F1F789F9206048B902212846F1F7DF
:1022500083F92060B0FA80F04009400038BD0020CA
:10226000FCE70368587BC0B293F830302BB900F01C
:10227000FB00003818BF012070470020704710B5E0
:102280000C46FFF7DAFF38B92046FFF7EAFF80F087
:1022900001004000C0B210BD0220FCE738B54FF489
:1022A00042720D4600210446FDF712FE6FF0360221
:1022B0000123A4F8AA5084F867200422E37584F867
:1022C00068206FF03B0284F8A83084F869206F2200
:1022D00084F86A20032284F86B20002284F86C20A2
:1022E0006FF07F0284F86D202B2284F86620FE2296
:1022F00084F89E207F22E27238BD40F6B83307B5DD
:10230000B0F8D220D0F8C8100190838701A8F3F765
:1023100025FF03B05DF804FBC2B292FAA2F2030AF1
:1023200093FAA3F31B0E100E40EA0320704701310D
:1023300005300022C9B270B510F8013F8B4216D3A8
:1023400010F8054C0023012505FA03F626421CBFB0
:1023500001F1FF31C9B269B10133082BF4D1013267
:10236000D2B2052AE8D19B214620F0F703FDC91A15
:10237000C9B2F4E703EBC200C0B270BD0B6870B520
:10238000C0F8013004460B790546461D03F01F03D3
:1023900043710023C37215F8010F00F0C3FC68718C
:1023A000B542E37A1844E072F5D170BD81EA11417B
:1023B00070B58CB20546C17A032682EA0400FFF7A5
:1023C000ABFF013E00EB001016F0FF0604EB00022D
:1023D00090B2F4D144402522B4FBF2F302FB134344
:1023E000C3F3C402D8B203F007032A44567801228B
:1023F00002FA03F31E4207D161432846C1F30741A5
:10240000BDE87040FFF793BF70BDF8B590F822505B
:1024100004466B1E242B03D9E1214620F0F7AAFCC9
:10242000DAB1C07D002843D194F8243094F8231009
:1024300002FB01322523B2FBF3F103FB1123DBB2D4
:1024400004EBD30203F0070684F82430117E012246
:10245000B240114202D084F82530F8BDB3FBF5F24A
:1024600005FB123304F11C01013303F0FF0311F8E3
:10247000012F9A4219D311F8055C0022012606FAB1
:1024800002F72F4208D0013B13F0FF0304D102EB07
:10249000C00284F82520E0E70132082AEFD101309C
:1024A000C0B20528E3D1D721B7E79B1ADBB2F6E724
:1024B000E28804F11700496AFFF778FF84F82500E5
:1024C000CBE70378890123F0400301F040010B437F
:1024D00003707047037803F07F0343EAC11303706E
:1024E00070471F2A38B50546144603D9A8212A206B
:1024F000F0F740FC06340930FDF754FD6C7038BD30
:102500001F2A38B50546144603D9CA212A20F0F7F8
:1025100031FC06340930FDF745FD6C7038BD037899
:10252000024603F00F03032B3ED0052B42D1C37F9D
:1025300090F82000034392F82100034392F8220010
:10254000034392F8230000F01F00184333D0537860
:10255000222B2FD1B2F81930B1B1B3F5506F13D986
:1025600040F607518B4225D8B2F81B30B3F5FA7FFD
:1025700020D2B2F81D0040F676430A3880B2984265
:102580008CBF002001207047991F40F67A4089B225
:1025900081420FD8917D481E07280BD8994209D255
:1025A000B2F817109942DEE74078A0F10C035842C8
:1025B0005841704700207047C37813F03F035DD047
:1025C00007295BD8DFE801F0040B1E29343F4A5588
:1025D000037913F0010F0CBF00200520704702792A
:1025E00012F002004BD0052002F00102072902EB95
:1025F000420200EB4200C0B241D1021F9A42C8BF62
:1026000000207047027912F0040038D0052012F043
:10261000020F1CBF0630C0B2E6E7027912F00800D4
:102620002DD0052012F0040F1CBF0130C0B2EEE720
:10263000027912F0100022D0052012F0080F1CBF02
:102640000230C0B2EEE7027912F0200017D008463F
:1026500012F0100F1CBF0330C0B2EEE7027912F087
:1026600040000CD0052012F0200F1CBF1230C0B269
:10267000EEE702795006F5D50620F4E70020704712
:1026800070B50C46064611461D4624B94FF41F711D
:102690002A20F0F76FFBFFF78FFF10B940F27D2182
:1026A000F6E7031F2B443F2B02DD40F27E21EFE7CC
:1026B0002A4621463044BDE87040FDF773BC10B592
:1026C0000446FFF779FF00B1204410BD30B5C1F3D7
:1026D0008003C1F38014C1F340052344C1F3001407
:1026E00004EB44042344C1F3401404EBC40403EB9F
:1026F0004403C1F300042C44C1F3C005134404EBAC
:1027000044042C4403EB440313F0FF031CBF0133C8
:102710000171C17818BFDBB221F03F0103F03F0423
:102720002143C170591C41701AB104339B1A013AFC
:10273000C25430BD70B5C4780646154604F03F0457
:102740001319FE2B04DD40F2B9212A20F0F712FB09
:102750000135201D2C443044FDF724FC747070BDFD
:10276000C378024613F03F0022D0137913F0200FF4
:10277000C3F3C001C3F3400014BF0922002213F0C9
:10278000100F114403F001020244C3F3800002EB76
:1027900042020A44C3F3801114BF032300230844F8
:1027A000184400EB420010F0FF001CBF0130C0B223
:1027B00070471B2A08B504D940F299312A20F0F756
:1027C000D9FABDE80840FDF7EDBB8388A1B1B3F5A8
:1027D000506F11D940F6075293421BD8C388B3F506
:1027E000FA7F17D2008940F676430A3880B29842C1
:1027F0008CBF0020012070479A420BD8B3F5486F78
:1028000008D84278511E072904D89A4202D2428839
:102810009A42E2E700207047013001F1200351F8AD
:10282000042B994240F8042BF9D10B8803807047A0
:1028300038B515460446FFF7EFFF2B68C4F8233080
:102840006B68C4F8273038BD2DE9F04F85B0884655
:10285000154603A99DF838400193FFF7EEFC814629
:1028600018B9039E2DB901237375012005B0BDE889
:10287000F08FD6F8C0A029465046FDF775FE0746F2
:1028800008B90020F2E7F2F7DDF98542F9D83946B8
:102890005046FDF7A5FF727D8346A0F80190002AFF
:1028A00018BF4FF0020880F800803846FDF7A0FFFF
:1028B0000746DCB1B6F8E640C4B1FBF7CBF840F20E
:1028C00071225443241841F1000179602A4601998C
:1028D0000BF103003C60FDF765FB29465046FDF710
:1028E0007EFE28B983212B20F0F744FA2146ECE73D
:1028F000039B93F8A83033B103A8FEF77CFB039B3E
:102900000022A3F8DA210023AEE7437837B5C3F3FA
:1029100001120446032A03D8DFE802F0050E1D0564
:10292000002003B030BD057803F00F0000230093B2
:102930000221231D628807E0057803F00F000023C1
:1029400001210093231D628845EA0020FFF77CFFE8
:1029500060B10120E5E7F2F7E3FE03685B05DFD530
:1029600060780123257800F00F00E0E7F3F71CFE04
:10297000EFE71A230B7001234B708B707047F3F74E
:10298000D3BC10B521B940F2A9211020F0F7F2F91B
:102990004A600B72EFF3108472B6031D0B6042683D
:1029A0001AB1127A012A08BF036003681960016036
:1029B00004B962B6BDE81040F3F700BD0222F3F798
:1029C000E1BD0322F3F7DEBD0422F3F7DBBD0222F3
:1029D000F3F71CBE8D230B7030F8AF3CA1F8033029
:1029E00030F8653CA1F8053030F8613CA1F80730BB
:1029F00030F8633CA1F8093030F85F3CA1F80B30A7
:102A0000704708B5CB1E012B04D8800100F5747007
:102A100080B208BD012902D10E30C000F8E70229BA
:102A200002D10F308000F3E74FF40C710620F0F76D
:102A3000A1F930B587B004460D46F2F709F980B325
:102A400034F8B84C69462046FEF764FC18B1FB2107
:102A50002C20F0F78FF9BDF8063003A8ADF80C4034
:102A6000ADF80E30BDF80830ADF81030BDF80230CA
:102A7000ADF81230BDF80430ADF81430FEF728FC84
:102A800010B14FF48271E3E7ADF80C009DF80C3003
:102A9000002063F307009DF80D3063F30F2007B0AB
:102AA00030BD2B46992203F8032BD4F80920C5F832
:102AB0000320D4F80D205A60B4F811201A810423A1
:102AC000ADF80C30E2E740687047033901298CBF4C
:102AD000C08A4FF42960704770B590F878608D888F
:102AE000033E0C89012E04D943B11678033E012E12
:102AF00004D8B5F5296F38BF4FF4296590F879608F
:102B0000033E012E04D943B15378033B012B04D873
:102B1000B4F5296F38BF4FF42964CB884A88A0F8F0
:102B20006430A0F86020A0F86250A0F8664070BD44
:102B30008383BDF8003001834283C38370471B2227
:102B400000294FF01B110CBF4FF4A4734FF42963FD
:102B500082840284028502F1A472C160C38443842A
:102B6000C383838343820382C0E905217047034600
:102B7000B3F85810B3F86420F0B5914293F8794057
:102B8000B3F85C5028BF1146033CB3F86620E4B2AA
:102B9000B0F84E70AA42B0F85200A3F84E1028BF09
:102BA0002A46012CB3F8544087BFB3F85660154647
:102BB0004FF429664FF429658C42A3F8525038BF70
:102BC0000C46B24238BF32468F42A3F85440A3F8B5
:102BD000562026D1401B18BF0120B3F86020B3F85F
:102BE0005A10B3F84C509142B3F8504028BF1146E8
:102BF00093F87820033A012A15D9B3F85E20B3F888
:102C00006260B24228BF32468D42A3F84C10A3F84E
:102C100050200BD1944218BF40F0010000F0010099
:102C2000F0BD0120D9E74FF42962EDE70120F5E777
:102C300038B5CB1E0446012B10D9C58B438C9D4261
:102C400028BF1D46207AFFF7DCFE6389AB4228BF10
:102C50002B46984238BF184680B238BD4FF42965DC
:102C6000F0E72DE9F843994607460D468089194655
:102C70001446FFF7C6FE06469DF8208049463846B2
:102C8000FFF7D6FF86424146A8F1030828BF064653
:102C9000B88AFFF7B6FEB8F1010F0346B6B28CBF93
:102CA000FA8A4FF42962904204F1060028BF1346C5
:102CB00028449BB233441844BDE8F8830346828F0E
:102CC00013B5403049B9598F93F87940009493F87F
:102CD0007830FFF7C6FF02B010BD198FF4E770B56A
:102CE0000C46154619464BB9068FFFF7E7FF2844F7
:102CF0003044A04294BF201A002070BD468FF4E7F4
:102D000038B50D4611460446FFF7D8FF28446064E5
:102D100038BD01F19C0383423DBF9C38401A4008F6
:102D20000020704700F05503400800F055000344B0
:102D300003F033009B0803F03303034403F00F0058
:102D400000EB13107047036800229A7383F84E203B
:102D5000A3F84A207047026892F8A8302BB9A2F86D
:102D60005230012382F8543070470023A2F85230C9
:102D700092F8543001335BB2F4E7026808B592F878
:102D8000A83013B982F8543008BD92F85430013B92
:102D90005BB2002B82F85430F6DA52214A20EFF76A
:102DA000E9FF08B5036883F89B1083F89A20352261
:102DB000DA73FFF7D0FF002008BDA0F10A03042B4F
:102DC00009D9A0F14703012B05D9243807288CBF66
:102DD000002001207047012070470268136810B579
:102DE00013F0080408D143F0080382F89810136028
:102DF000FFF7B1FF204610BD0120FCE7D0F8C82046
:102E000041F64B539A4296BF4AF6C8730623B3FB6A
:102E1000F2F3B0F8D020B0F8DE001344584380B28B
:102E20007047036800201A7C073A012A81BF4A785C
:102E30005A7407221A7470470268137C073B012BEF
:102E400084BF082313747047026870B5D57BE5B959
:102E5000CB88D688A2F8D032013B9B1B47F6FD7683
:102E60009BB2B34206D9282382F83130F3F7D0FE63
:102E7000284670BDD1F80130C2F8D2324B7982F8C1
:102E8000D6320A220368DA73F2E70125F0E72DE96A
:102E9000F74F0646894690460193FFF7AFFFD6F8F5
:102EA000F471044657B90023C8F80030F38823446E
:102EB0009CB2019B1C8003B0BDE8F08FF4F7B0F921
:102EC0000028F0D1D6F8C8C0D6E976320CFB04FE53
:102ED0001EEB030ED7E9021342F100020B44D7E9BF
:102EE00000155B1845F10005734575EB020114D21E
:102EF000BEEB03016FF0010B62EB050A8B4570EB33
:102F00000A0A03D23D215620EFF734FF3869471EE5
:102F10003944B1FBF0F1E0FB0135B3EB0E0365EB97
:102F200002056FF001029A424FF00002AA4101D25D
:102F30004821E8E7B3FBF9F209FB1233B3FBFCF2DB
:102F400091B20CFB1133C8F80030F3881C441444D0
:102F5000A4B2AEE70B46822203F8032BD0F8092077
:102F6000C1F80320D0F80D205A60427C1A72002369
:102F7000CB707047036870B5DD7B06460C46002DAC
:102F80005AD193F8291106222046FFF71EFC01466C
:102F900028B921783046BDE87040FFF71EBF32687F
:102FA0006389D088A2F8D032013B1B1A47F6FD7026
:102FB0009BB2834207D92823304682F83130F3F799
:102FC00027FE284670BDA3886FF4506018180628A5
:102FD00095BFA3F5506340F2E2414FF47A704B4342
:102FE0008CBF29464343C2F8D8326378C1B103EBA2
:102FF000830303EB83039B00A2F8D2326388C1B141
:1030000064214B43C2F8D432E388A2F8DC3223892E
:10301000A2F8DE32002382F8E4320D23D373D0E726
:10302000C3EB431003EB800303EB83035B009BB212
:10303000E2E740F2E241E4E70125C2E7F8B50D68B6
:1030400004460F46D5F8440295F82911FFF7E1F838
:103050006FF45062B5F83E3282182071000A92B2C5
:103060006071062A8BBF40F2E242642200260126EC
:103070008CBFB3FBF2F3B3FBF2F36370B5F84832E5
:10308000A3711B0AE371B5F84A3223721B0A6372FB
:10309000386890F89F303BB905F50F7305F510724D
:1030A000D5F84412FFF7F3FEB5F83C32A3721B0AC1
:1030B000E372D5F8403246B164220C20B3FBF2F340
:1030C000A370C3F30723E370F8BD40F2E242F4E7D4
:1030D0000B46842203F8022BD0F80920C1F8022005
:1030E000D0F80D205A6070470B46852203F8022B5A
:1030F000D0F80920C1F80220B0F80D209A8070475E
:1031000038B503680546DC7B34B1113C0F2C8CBF0D
:1031100001240824204638BD1A7D002AFAD0D3F8AD
:10312000A4302BB9FFF717FE2B681122DA73F1E7F1
:103130000C220A21BDE83840FFF733BE08B503680A
:10314000DA7B162A04D040F253211F20EFF712FE3B
:10315000012283F855201822DA7308BD0368DA7B50
:10316000122A05BF132200200220DA737047036879
:1031700010B5DB7B04461C2B06D1FFF7FEFD236850
:1031800020220020DA7310BD0220FCE708B5036896
:10319000DA7B112A04D040F27E211F20EFF7EAFDEE
:1031A000012283F855201222DA7308BD08B503689E
:1031B000DA7B182A04D040F28A211F20EFF7DAFDCB
:1031C0001C22DA7308BD3E230B700C234B700423C2
:1031D0008B70D0F80930C1F80330D0F80D30C1F849
:1031E0000730B0F81130A1F80B30C37C4B73704737
:1031F00008B503689A7B1AB1CF211C20EFF7BAFDFE
:1032000004229A7308BD08B5036893F8A82032B960
:10321000DA73A3F85220BDE80840FFF7AEBD1A6884
:10322000D10703D4DD211C20EFF7A4FD22F0010219
:103230001A60F0E787230B7030F8A63C4B8070478C
:10324000036893F8A8109A7B59B9052A08BF002291
:103250004FF0000002BF83F83E2083F84E209A739F
:1032600070470F2AF2E738B5046894F8A85045B9BA
:10327000E37B4BB9FFF76FFD45B90223E3730020F1
:1032800038BD23685B07F5D50120F9E7236843F0D3
:1032900004032360F3E7036893F8A8201AB11A68BF
:1032A00022F004021A60FFF768BD08B503689A7B34
:1032B0001AB172214B20EFF75DFD93F8A820002A88
:1032C00014BF0F2205229A7308BD10B5D0E90D4234
:1032D000A24206D30B8D121BC98E05334B4393427A
:1032E00002D3012380F83E3010BD0C230B7008235D
:1032F0004B7000238B70B0F85230A1F80330437A42
:103300004B714389CB8083890B81704710B504686A
:1033100094F857309A070CD4A37B1BB17721402037
:10332000EFF728FD0122A4F84A30A27384F84E205A
:1033300010BD94F8A8303BB9E37B0BB9FFF71DFD36
:10334000002384F83E31F3E723689B07F8D5FFF7A5
:1033500014FD236823F002032360F1E710B50B7915
:1033600001284C790A6843EA0421104608BF41F459
:10337000803110BD07B5FFF7F1FF0DF10702F3F73C
:10338000A3FE03B05DF804FB90F838300BB90020C1
:10339000704790F83830012BF9D090F83800073892
:1033A00018BF0120704790F83830012BDAB201D0F5
:1033B000FFF7EABF10467047002307B501A8019345
:1033C000F9F7A8FB019810F0030018BF012003B023
:1033D0005DF804FB10B5FFF7EFFF002814BF1424BD
:1033E0000024FCF77DFE404200F01400204410BD94
:1033F00073B50C46B1F8051005461A2921D9B4F861
:103400000730B3F5A47F1CD3B4F801201A2A18D9C9
:10341000B4F80340B4F5A47F13D30068009400F11E
:10342000A806E830FFF784FB2C683046FFF79FFBC7
:1034300010B9012002B070BD04F25910F3F7F2F890
:10344000F7E70020F6E708B503689A7B1AB1262152
:10345000A320EFF78FFC21229A7308BD38B50568C9
:103460000446AB7B213B022B0BD8FFF7C1FF18B101
:1034700006212068F4F708FD002085F84E00A873A7
:1034800038BD0120FCE702681368D90610B5044670
:1034900003D4B821A320EFF76DFC990601D5B9211B
:1034A000F8E723F010031360FFF767FC206806219C
:1034B000BDE81040F4F7E8BC38B50546F8F7FEFF64
:1034C00000F55F434FF47A72033D4133B3FBF2F4EE
:1034D000FFF780FF012D00F1FC038CBF00202820A6
:1034E0002344184438BD10B5044690F87900FFF71E
:1034F000E3FF012201462046BDE81040FFF700BC73
:10350000002313B51A464373A0F888321946009376
:103510000446F3F7FFFE20B14FF4F3713020EFF7CC
:1035200029FC0123C4F81002C4F808026373A4F84C
:103530002602A4F8240284F82902E388A4F88A0267
:10354000013BE38002B010BDF8B50D460023D0F872
:103550001011044680F81431D0E9506781F8E52154
:1035600080F85031D0F81001FEF7C7FED4F81001F2
:10357000C0E99C67C0F88C52C0E9A067FFF7C0FFA4
:10358000F8F7D8FBBDE8F840FBF77CBBD0F810019A
:10359000704738B5044690F850319BB1FF2380F84E
:1035A0005831012100F040FC94F8503153B104F13E
:1035B000E8052846FAF706FB2846FAF717FB00232A
:1035C00084F85031002038BD08B590F8582142B930
:1035D00090F8142142B1D0E94631994202D9F6F768
:1035E000C9FA0022104608BD0122FBE710B50446C7
:1035F000FFF7F0FE00F5E571226A236C9A4228BFBE
:103600001A461046FFF785FBB0F5296F28BF4FF427
:10361000296080B210BD012A70B506460D461446D9
:103620000BD0022A0ED08AB9F8F794F82246014648
:103630002846BDE87040FFF787BFF8F78BF8C6F85B
:103640008C0270BD0122D0F88C12F1E740F2C271F9
:103650003020EFF78FFB70B5044621B101297FD0F0
:1036600040F2D27179E000F06FFA94F851310546DA
:103670000E46DBB150EA010318D0D4E94832D4E950
:103680005001C01A334661EB02012A46FCF78EFB5B
:1036900005FB01F300FB0633A5FB00021344D4E94C
:1036A0004821121843EB0103C4E94823E38CEBBB28
:1036B0000020D4E94832ED184FF0000346EB020633
:1036C0002D1840F2024284F8303146F1000684F8A9
:1036D0005131A4F83821C4E94856C4E9505694F849
:1036E000583103F0FF01DBB96FF00043D4E9520217
:1036F0009A4208BFB0F1FF3F25D02046D4E950568A
:1037000000F0E1F9F630D4E952325B1B62EB0602BD
:103710001B1A62F10002002A15DA2046F6F72AFA8F
:10372000F8F708FBBDE87040FBF7ACBA204600F0A4
:103730003FFB0028BCD1F2F79BFFE38CB0FBF3F218
:1037400002FB1300B5E704F5987104F1E800FBF7FC
:10375000B7FA0028E4D140F2FF613020EFF70AFB0E
:10376000002380F81431DBE7002307B5CDE90033EF
:1037700003238DF806306846EFF728FF18B10020C4
:1037800003B05DF804FB009B93F85031002BF2D09E
:103790000120F5E790F85001003818BF012070476C
:1037A0000B46812203F8032BB0F80920A1F803206F
:1037B000C27A9A7070470B468C2203F8032BD0F81C
:1037C0000920C1F80320D0F80D205A6070478B887B
:1037D000F7B513F0180506460C461FD1086820B946
:1037E00040F2EA312D20EFF7C5FA00F0ADFB217C65
:1037F000F4F708FC677CA38801463A4630460093FC
:103800002B46F4F71DFCCC30D4E90223824273F13D
:1038100000032CBF0120002003B0F0BD0120FBE716
:1038200038B588220B460C4603F8032B00F1090239
:10383000293052F8041B824243F8041BF9D1127854
:1038400002211A700123A588A3712846EFF784FE90
:1038500058B1E3784BB102212846EFF793FE20B12F
:1038600040F233212D20EFF785FA38BD10B504461C
:10387000F2F7FEFE82B204F1690104F13600FEF7B0
:1038800095FD84F8440010BD37B504460D46FFF79A
:10389000EDFF01222B466179204603B0BDE83040A0
:1038A000F4F744BD70B504460D4617301946164668
:1038B000FEF764FD84F8205184F82151FF2384F839
:1038C0002231E91E04F1E80001298CBF0021012109
:1038D000FFF735F9314604F1A800F2F727FC94F818
:1038E0002A31002B14BF4D239623A4F8E230A4F80C
:1038F000E0300023A4F8E43070BD70B50D460446F6
:1039000091F829111646D5F8C800FEF782FCB5F8E3
:10391000D030A4F8AC0004F1A002A4F8AE30B5F8A1
:10392000D230A4F8B03095F82B3184F8B230237F30
:1039300073B394F86830012B2AD194F86E3003F0F9
:10394000C003402B24D1D4F86930C4F8A030B4F8B7
:103950006D309380082E236A04F1A60193F8AC2001
:1039600003F1AD0084F8992004F19A02D3F8AD3048
:1039700019D0C4F8A630838830468B8004F19901B1
:10398000F2F7FEFA40B940F6E2312D20EFF7F2F9F6
:103990000023C4F8A030DCE794F8993043F0020328
:1039A00084F8993070BDC4F89A30838893800023DE
:1039B000C4F8A6308B80F5E70B468B2210B503F8D0
:1039C000032BD0F80920C1F80320427B1A71CB7871
:1039D000A3B130F8B43C1B0710D4B1F80540022164
:1039E0002046EFF7B9FD48B102212046EFF7CAFDA6
:1039F00020B140F276212D20EFF7BCF910BD012156
:103A0000F5F712B8FFF7FBBFF5F7DCB8704708B55C
:103A100090F894300BB1012008BD90F8CC30002B09
:103A2000F9D190F8BE3003F0FF00002BF4D0F1F78D
:103A300033FE80F00100C0B2EEE730B54FF4B07253
:103A400085B00D4600210446FCF742FAFF2323709F
:103A50001323638042F21073E384EFF789FE0022A0
:103A60000146E0646846EFF7C9FE00220121E06CE0
:103A7000FCF7BCFF0422E16C6846EFF7BFFE0022B2
:103A8000E06C1146FCF7B2FF04F13000A57400F0C1
:103A90000BFA02A8F2F790FB20B94FF449712D20E0
:103AA000EFF768F902A904F13600FEF767FC05B0EC
:103AB00030BDFF23C86C0B70FCF765BF0078FF3882
:103AC00018BF01207047F7B5044630300E4600F0AD
:103AD0003BFA61880746CA0605D52822F6F794F80E
:103AE000933003B0F0BD8B07E06C0FD5FDF720F8E5
:103AF000217905463846F4F785FA63880146284659
:103B0000009333466279F4F79BFAE9E7FDF700F892
:103B1000EEE7034608465A8812F0180F30B587B012
:103B200010D103F13001ADF80420D3E902459B88A0
:103B300000916946ADF81030CDE90245FFF747FE28
:103B400007B030BD0120FBE7D0E902017047C07C1F
:103B5000003818BF012070470B68C0F815308B88FB
:103B6000A0F819300123C37670472DE9F04F0746BE
:103B70009DB00C46054610AE0DF120080FCF0FC6C4
:103B80000FCF0FC697E80F0086E80F0040466E790A
:103B900000F08AF9A37A277D039323787A1E049391
:103BA000022A637803F07F0AD14600F28380D906A7
:103BB00003D4A67D731E022B7CD8637E03F0FD0325
:103BC000012B02D1032F08BF0427A37E03F0FD03BE
:103BD000012B02D1032E08BF0426617A404600F073
:103BE0006AF9237D227F4046022B02F101020CBFBD
:103BF000617D0121D2B204BF0131C9B200F05DF98B
:103C00001AF0080F6CD1404600F09EF963788346A5
:103C1000DA0654D4EFF7DAFD824639465846F4F70F
:103C2000F1F90123014632465046CDF80090F4F7F1
:103C300007FA40F27122217900F29A20E378B0FB72
:103C4000F2F043EA01236179504343EA01435343CD
:103C5000984239D84FF0000B94F818A00793A37C32
:103C6000E86C05930AF1FF33D3F1000A4AEB030A2B
:103C7000FCF74EFF0690E86CFCF75AFF0699079B8D
:103C8000814238BF014688B268B308A90C930693F5
:103C90000A910AA9ADF82C90CDF834B08DF838709F
:103CA0008DF83960FFF793FD069BE0B945201DB004
:103CB000BDE8F08F40F212310620EFF75BF82822C2
:103CC0004946F5F7A1FFB4E7E179A37943EA012377
:103CD000217A43EA01435343834228BF0346B9E7AD
:103CE00000239B46B8E7CDE9123B059B049A8DF86B
:103CF00053308DF8447010AF039B8DF845602E460D
:103D00008DF850A08DF854308DF84020ADF84290D9
:103D10000FCF0FC60FCF0FC697E80F0086E80F0032
:103D200098E8030028630020A986E37A03F0FD03E6
:103D3000003B18BF012385F86F30E3682B67238AA7
:103D4000A5F8743095F84630E27D62F3071385F8E4
:103D50004630ACE7438813F0100005D013F0040F91
:103D600014BF00201F2070479A0704D4DB0701D43A
:103D7000EFF72CBDEE20704708B5FFF7EBFF0038DA
:103D800018BF012008BD4FF40043A0F84830438815
:103D90001D2B08BF00214174704790F91200704735
:103DA000408800F0010070478078C0F34000704701
:103DB0008078C0F3C000704710B54488C06CE3063B
:103DC00054BFC4F340040024FCF799FE84F00104BE
:103DD0002043C0B210BD8078C0F300107047407916
:103DE000C31E012B05D8B1F81E31012B14BF0320CF
:103DF0000420704710B50446F2F73AFCC0F30B00FC
:103E0000A042F9D010BD90F86830016281F8B3305B
:103E1000D0F86930C1F8B430B0F86D30A1F8B830DE
:103E200070477047F4F704BC80F888107047FF2390
:103E300080F88B30704780F8241080F82520704778
:103E40008278034612F0010002D0D978C90710D554
:103E5000900702D5D97889070AD512F0040008D056
:103E6000D878C0F3800080F001008000C0B27047B5
:103E700002207047C0F34002C0F3800300F001004D
:103E8000134418447047022808B507D0042807D007
:103E9000012807D039212E20EEF76CFF262008BD1F
:103EA0002720FCE72520FAE70023C0F80230012391
:103EB0004370037070478170704710B542701446AC
:103EC00001708078FFF7D6FF484304FB00F2FE2A1A
:103ED00003DD5C212E20EEF74DFF10BD0023C370E3
:103EE00043710371704710B50446FFF7A9FF63796A
:103EF00062780133DBB29A4263710CD1E37800221D
:103F0000A17803436271DBB29942E37001BF237968
:103F1000E27001332371BDE81040FFF7B4BF38B53C
:103F200004468078FFF7A6FF0146E078FFF7A2FF7E
:103F30002378227965789B1A6B4359436379C91AB0
:103F400000FB1510C0B238BD014608B58078FFF7F8
:103F500091FF4A780B7853435843C0B208BD08B567
:103F6000427903462AB1FFF76BFFBDE80840FFF72F
:103F70008ABFC07881070BD410F00100F5D19B787F
:103F80005A0707D413F0020F14BF02200120ECE7F8
:103F90000220EAE70420E8E7032806D1920102F5AF
:103FA0003472803201FB02F07047042803D1120101
:103FB00002F5E772F5E702280BBF0B320A329200D6
:103FC000D200EEE740F2EF20704740F25A335843F8
:103FD000704708B50368DA7B182A04D040F27E5196
:103FE0003120EEF7C7FE1E22DA7308BD08B590F83F
:103FF0009E30FE2B04D040F67A113120EEF7BAFE47
:10400000002380F89E1080F89F3012B9A0F852204B
:1040100008BDA0F84A30012380F84E30F8E708B513
:104020000368DA7B352A05D10022DA73BDE808403F
:10403000FEF7A3BE182A02D11E22DA7308BD40F291
:1040400093513120EEF796FE037D63B9C37BA3F154
:104050001002032A07D990F8560028B1202B8CBFF4
:1040600000200120704701207047037D63B9837BE6
:10407000A3F11002032A07D990F8560028B1202B8B
:104080008CBF00200120704701207047036810B5E5
:104090009A7B93F8A010092A08D193F899208A42B4
:1040A00004D100229A7383F84E2010BD1A6812F0D2
:1040B000080406D022F00802BDE810401A60FEF79E
:1040C0005CBEFF2904D1372283F8C4429A73ECE71F
:1040D0004FF4AF613120EEF74DFE38B50E3813685E
:1040E00014460D469A7B09283ED8DFE800F0053DCE
:1040F0003D3D0F3D183D3D27042A05D12046FEF7E2
:1041000022FE2046F2F70CFF002038BD0F2AFBD11B
:10411000002220461146BDE83840FFF791B8212A19
:10412000F2D12046FEF70FFE002DEDD0226892F866
:10413000663023F0200382F86630E5E7DA7B272A31
:10414000E2D100252046DD73FEF717FE236893F8C1
:104150003831012B03D129462046F1F78DFB236826
:10416000002283F83821CFE740F262213120EEF7B8
:1041700001FE024600684978837B212B15D00CD8BC
:10418000042B14D00F2B14D0C07B272815D0332B31
:104190000CBF2620FE20F5F753BF2B2B03D02D2B71
:1041A00009D0252BF0D11620F5E71420F3E70E20D7
:1041B000F1E71220EFE72320EDE71720EBE70246B7
:1041C00000680B4690F8661041F0040180F8661014
:1041D00099785878F5F734BF38B50C460546D1E9DB
:1041E0003001EFF769FA637B3BB104F50C742046AC
:1041F000F9F7E8FC2046F9F7F9FC0D212846EFF71E
:10420000C1F90E212846EFF7BDF910212846EFF736
:10421000B9F90F212846EFF7B5F911212846EFF734
:10422000B1F928461221BDE83840EFF7ABB90022BA
:10423000C281827490F8503013B10221F3F724BE8A
:104240000321FBE738B504460846E37B162B09D06B
:10425000A3F118025342534194F8C02222B10C2515
:10426000284638BD0123F7E7002BF8D094F8F03248
:1042700003F0FF05002BF2D190B194F8FE3123B981
:1042800040F67A313120EEF775FD052304F1800206
:1042900004F5F771FBF794FC012384F8C032DFE7E3
:1042A0000223FAE7F2F7A2BA10B50446FFF792F834
:1042B00000F28F11226A236C9A4228BF1A461046D8
:1042C000FEF727FDB0F5296F28BF4FF4296080B2B3
:1042D00010BD70B50D4604210646EFF73DF90446C2
:1042E00048B906213046EFF737F920B115B190F8FB
:1042F000E53003B90446204670BD90F83C00A0F1BB
:10430000FF0358425841704708B5F7F745FBBDE831
:104310000840F6F7F9BD1D2310B504460370F1F708
:1043200029FA6070022010BD1E2310B504460370E8
:10433000F1F720FA6070022010BD01234380038052
:1043400000238380C3804FF44863038170470E21AC
:10435000EFF702B973B501A90546FDF76EFF0446F4
:1043600018B121215420EEF705FD2846019EFFF7E4
:10437000EEFF30B10123A6F8DE308481448104824F
:10438000C48102B070BD3C2303804FF4FA434380E4
:104390000123C38083800023038143814FF448635A
:1043A0008381704700F03EB9801A00F3070038B5EA
:1043B0000D46144659B240B2F8F7C8FF00232870E2
:1043C00020446B7040B238BD70B415469DF9104062
:1043D0009DF90C20A042D8BF22462A7070BCFFF77E
:1043E000E3BF1FB50C4611461A469DF818300093DE
:1043F00003ABF8F733FC9DF80C309DF90E002370E9
:104400009DF80D30637004B010BD037A5BB1437941
:10441000026802EB8302D2F8003203F0E04343F07B
:104420000303C2F800327047016001207047002387
:10443000036070477047002070474FF0FF307047AF
:104440004FF0FF30704770474FF0FF30704700204B
:104450007047002070470023037070479DF80030BC
:104460000022FFF7A1BF4FF0FF30704700207047D8
:104470004FF0FF3070474FF0FF307047704770B516
:104480000D461446064660B1037813B16FF015006F
:1044900070BD134604F15C015268F8F757FC70B91F
:1044A000A6647DB12B78012BF0D1224604F158018E
:1044B0002846F8F775FC0028EAD1E564E8E74FF0F4
:1044C000FF30E5E72846E3E710B50446806C58B1B5
:1044D0000378BBB9E36D2BB194F8382004F15C018B
:1044E000F8F71CFC0023A364E36C4BB11B78012B91
:1044F0000DD1214604F15800F8F77EFC0023E36457
:10450000002010BD4FF411717120FBF711FA40F239
:104510005321F9E710B50446F8F730FD2046FFF7C0
:10452000D3FF2046BDE81040F8F79EBD032303608B
:1045300070474FF4C471A02008B5FBF7F9F94FF4A8
:10454000BD71A02008B5FBF7F3F9F7B50D46044699
:10455000642200212F46FBF7BBFC26460FCF0FC677
:104560003B6805F1200104F114003360F8F72EFBDD
:1045700005F1140104F11C00F8F728FB05F12C01EA
:1045800004F12400F8F722FB05F1380204F12C03B2
:1045900007CA83E807001846FFF737FF2946204679
:1045A000F8F744FC0646002839D195F8402094F9E4
:1045B00010300AB394F9111094F91220994204D0E2
:1045C000934214BF6FF0150000209142A7BF8C46A4
:1045D000174694460F46994284F861C084F8627089
:1045E00008D09A1A5342534184F8633040B16FF0B7
:1045F000150614E00023F7E784F8613084F8623090
:104600006B7C01A88DF8043000238DF80530AB7C5D
:104610008DF8063001238DF80730F8F72BFB304674
:1046200003B0F0BD70470020F8F7C6BE0020F8F7D1
:1046300043BF0020F8F76EBF0020F8F7BDBE7047FB
:1046400070B50024FBF7E8F805462646E0B285423F
:1046500000D870BDFBF7E6F80134068580F82A60C3
:10466000F4E7F8B5037904461BB11B219D20FBF745
:104670005FF94679017126B901234371217909B99E
:104680006171F8BD276820462671B84702280546A3
:10469000F4D103212046B84708B12F21E6E723686B
:1046A0002946204698470028E8D03021DEE7034617
:1046B000006800B970478842F9D102681A607047F3
:1046C000FBF70ABB704720BF704700280CBF6FF094
:1046D000150000207047002070470723037000205A
:1046E0007047002070470020704710F8012B11F828
:1046F000013B012A28BF9A42F7D0D01A7047000028
:1047000013B5CDE9000101460D4809F07FFD0022F7
:10471000002369460B480BF0A4F8044668B1E32374
:10472000094A0A490A4809F0C2FC2146094809F029
:10473000BEFCE321044809F0B1FC02B010BD00BF8B
:1047400020310021F8010021A7030201DF0302014B
:10475000E803020105040201014806F0C3BD00BFE1
:104760002402002110B54FF0FF324FF0FF3306480E
:1047700006F02AFD044602F03BFA10B1204601F093
:10478000A7FF08F015F8EEE7480200217FB54FF0CB
:10479000FF324FF0FF333A4802A906F0B7F904465A
:1047A00068B1F023374A3849384809F080FC21467F
:1047B000374809F07CFCF021324809F06FFC029E7A
:1047C000039D334613F8010B691E022803912BD079
:1047D00005283CD001281CD1022919D9F278043DC2
:1047E000954215D10322CDE900324FF0FF324FF050
:1047F000FF3302F0C7F90446311D228A638A6669D5
:104800009B1AE268921B9B1A9D4232D901F060FF0D
:10481000002402991F4809F013FD002CB7D021464F
:104820001D480BF034F8B2E70329F1D9B6F803209C
:10483000053D9542ECD104204FF0FF32CDE9003028
:104840004FF0FF3302F09EF9711D0446D5E70329AE
:10485000DED9B6F80320053DC2F30D029542D7D14B
:1048600004221020CDE900324FF0FF324FF0FF3329
:10487000E8E72A4604F10C0009F044FFC9E700BF4D
:10488000F8010021A7030201DF030201E80302018E
:1048900029040201203100214802002108B50A48FC
:1048A00002F0B2F970B9094809F075FC002802DA83
:1048B00010F1780F06D1BDE80840054A05490348C4
:1048C00009F077BC08BD00BF3402002140FD0101A2
:1048D000980000212031002110B54FF0FF324FF039
:1048E000FF330C4806F07AFD4FF0FF324FF0FF33F4
:1048F000094806F069FC0446228AE168074809F085
:104900006CFC002803DB204601F0E2FEECE707F038
:104910004FFFF1E724020021340200212031002161
:10492000B2F5802FF8B510D2042A28D83F4940F2BA
:10493000E3233F4A3F4809F0BAFB3F4809F0B7FB81
:1049400040F2E3213A4809F0A9FB0823D21ACC1D12
:10495000114424F0070421F00701091B17294FEA2D
:10496000D1060ED835494FF43B73314A314809F02E
:104970009EFB314809F09BFB4FF43B71E2E70423B7
:10498000E4E70023046031462046A660E36009F0B6
:1049900062F9820002F11B05B6F5004F4FEAD5051A
:1049A0000FD26B1C9E420CD2254940F20233204AA2
:1049B000204809F07CFB204809F079FB40F20231E5
:1049C000C0E70021043204F110000BF07EF82A4603
:1049D0002046002109F016F9002320461A46194600
:1049E00009F0E7F8771B19462046012209F0F2F892
:1049F0003A46294609F006F92B4600222946204668
:104A000009F0D7F83146204609F0FCF83B4631461C
:104A10002046002209F0CDF831462046012209F057
:104A2000D9F82946BDE8F84009F064B9D00402017C
:104A300075040201E8030201F10402010A05020102
:104A400033050201014B1B68184700BFB400002169
:104A500030B5044685B00D461022002168460BF0A3
:104A600034F802238DF80230044B2A46214668466A
:104A7000019308F037FE05B030BD00BF454A010183
:104A800080B505460E461746984608F033F80346AB
:104A900001F044FADFF83C90044649F80030424601
:104AA00039463046A8470C4B1B7873B90B4940F286
:104AB00046330B4A0B4809F0FAFA0B4809F0F7FAAB
:104AC00040F24631064809F0E9FA54F8090001F0CD
:104AD000C1F900BF08000000E3350021890502018B
:104AE0005E050201E80302019C0502012DE9F84F71
:104AF0000546AB8B08461907904616D501280CBF12
:104B000043F0100343F02003AB831435284608F02C
:104B10007DFA002840F0B181AE494FF49973AE4A56
:104B2000AE4809F0C4FA29469DE0022803F00701C7
:104B300040F07D81284609F0C7FA052800F2FA8086
:104B400001A353F820F000BF0B4B01012F4E0101D0
:104B5000354D0101D94B0101734C0101D34C0101C9
:104B600002F00702531F012B1AD80023062A2E68D1
:104B7000A4B2C5E9003309D1334603E0EA8B013220
:104B8000EA831B68002BF9D144F002042846AC8369
:104B900009F09AFA002800F05A8144F0200455E107
:104BA000042A0DD1A4B22846AC8309F08DFA06463A
:104BB000002800F04C8144F020040026AC8346E13C
:104BC000874940F21B13874A844809F070FA40F283
:104BD0001B11844809F062FA49B183494FF4AB7361
:104BE000804A7E4809F063FA4FF4AB71F1E72B6815
:104BF0004BB97E4940F257137A4A784809F057FA80
:104C000040F25711E5E72B691F684FB978494FF417
:104C1000AD73744A714809F04AFA4FF4AD71D8E7A0
:104C20000E468A464FF00609AC8B24F0070444F088
:104C30000604A4B2AC83AB68002B00F00F814FF0E8
:104C4000010B44F00804AC8305F11404204608F07D
:104C5000DDF9002878D15F494FF499735E4A5F48C7
:104C600009F025FA2146634809F021FA4FF49971B9
:104C70008EE0022909D0604940F25D13594A574835
:104C800009F015FA40F25D11A3E7EE8B4EB15B49D6
:104C90004FF4AF73534A514809F009FA4FF4AF711A
:104CA00097E72B695F684FB9514940F261134D4A4C
:104CB0004A4809F0FCF940F261118AE7AC8BB24630
:104CC00024F0070444F00404A4B24FF00409AC83B8
:104CD000B1E7012909D04A494FF4B273414A3F482C
:104CE00009F0E5F94FF4B27173E72B684BB93F490E
:104CF00040F265133B4A394809F0D9F940F2651191
:104D000067E72B699F684FB939494FF4B473354A47
:104D1000324809F0CCF94FF4B4715AE70026AC8B55
:104D2000B24624F0070444F00504A4B24FF005098C
:104D3000AC8380E72A4940F26B132A4A274809F0DE
:104D4000B6F940F26B1144E788F31188BFF36F8F17
:104D5000BBF1000F1ED1002E33D117B128462949CF
:104D6000B847EFF31188402383F31288BFF36F8FA6
:104D7000204608F03DF900284AD18423164A2249EA
:104D8000164809F094F92146204809F090F9842149
:104D900011481FE7A9680029DDD0D1F8008000295B
:104DA000D9D053464A462846D1F804B0D847B8F17E
:104DB000000F04D0D8F8003041469846EFE743464C
:104DC000FAE7314653464A462846366809F0A8F9BC
:104DD000C1E700BF9106020164060201E803020177
:104DE000BE180201BE050201E3050201EF05020142
:104DF00012060201A8060201290602013F0602016D
:104E00004E060201894E0101BD060201D2060201D1
:104E1000204608F011F9AC8B24F00804A4B2AC834E
:104E2000E20621D524F01003AB8304F00701D5F886
:104E300018A0AA8BBAF1000F22F00704BFF690AEBB
:104E400000232E68C5E9003344F00104AC8304F06C
:104E5000070989454FF000077FF4EDAE0EB9002F2A
:104E6000DED04FF0000BECE6A3067FF54EAE24F04B
:104E70002003AB8304F007015CE688F31188BFF3DD
:104E80006F8FBDE8F88F00BFF8B504460D4600F1FE
:104E90001406EFF31187402383F31288BFF36F8F5B
:104EA000304608F0A5F868B984230C4A0C490D482F
:104EB00009F0FDF831460C4809F0F9F8842107485B
:104EC00009F0ECF8304608F0B7F8A5613A462046FC
:104ED000BDE8F8400121FFF709BE00BF64060201EA
:104EE000BD060201E8030201D20602012DE9F047E6
:104EF00004460E4609F004F9051E66DB04F11409A8
:104F0000EFF3118A402383F31288BFF36F8F484673
:104F100008F06EF8804660B98423374A374938482C
:104F200009F0C5F84946374809F0C1F884213248EC
:104F300043E0484608F080F84FF6FF72E38BA78BFA
:104F4000934207F0070743D0062F2CD8DFE807F07D
:104F50001F43092B1F041F006FF085054FF0000849
:104F600002E002250133E383484608F04FF80028A9
:104F700034D14FF49973204A2349214809F097F816
:104F80004946224809F093F84FF49971CFE700237E
:104F90003360636823B9C4E9006687B13D46DDE745
:104FA0001E606660F9E71A4915484FF4E473194A20
:104FB00009F07DF84FF4E471164809F06FF8524695
:104FC00002212046FFF792FD3D462846BDE8F087C6
:104FD0006FF00A05C2E76FF00405BFE78AF3118896
:104FE000BFF36F8FB8F1000FEFD000233A46314680
:104FF000204609F095F8E8E764060201BD060201C3
:10500000E8030201D206020191060201A80602018C
:105010004E060201BE05020108B54268034602F0D1
:105020000302032A81600AD06AB908490848452367
:10503000084A09F03CF84521064809F02FF80068B5
:1050400000225A6008BD0020FAE700BFBE18020126
:10505000E8030201E806020130B50C460E4985B0AE
:105060000291D0F8CC110546CDE9003100F1F001F4
:105070004FF0FF33204604F019FE50B9012384F8A5
:105080006C30D5F8C83123B1204605B0BDE83040BA
:10509000184705B030BD00BF7BE301012DE9F04F9B
:1050A000012381460569466889B005F55B77D7E835
:1050B000EF2F002A03D1C7E8E13F0029F7D10CBF49
:1050C0001A46002240F0B180B368B16A05F5F47861
:1050D0001C1F104609F0A1F984426FD8013A00F074
:1050E0009E80B2FA82F24FF00044D44072682046AB
:1050F000073222F00302C5F83422B16A09F08DF9B3
:10510000C5F83802B36A40466343033323F0030310
:1051100002EB4302230103EB4403093323F00303AF
:1051200003EBC403C5F82C221A440832C5F8282220
:105130007368C5F83042C5F824323D4BC5E9AB630E
:10514000316800F029FA0446002835D1D9F810B0AA
:10515000D9F804A0D9F800300BF53279CDE9060072
:1051600005934846DAE90734012B08BF103C06F0E6
:105170008DFCDAF824002F4905AB01EB80214FF4B8
:10518000806248460093234606F09AFC2A490BF5B4
:105190002E7006F00DFBDAE9050183685C684CB1FE
:1051A0005B46264AA047044630B9DAE90501836820
:1051B0001B692BB96FF05704002129E0013288E701
:1051C0000122984704460028F6D11D4B2846C5F811
:1051D000C8311C4BC5F8CC311B4B0393D5F8383282
:1051E0000293D5F83432CDE9008305F50F73B26A26
:1051F000D5F8681300F098F904460028DCD105F1D1
:10520000F00004F0F9FD0028C5F870030ADB022164
:10521000384609F0EAF8204609B0BDE8F08F6FF093
:105220000B04C9E76FF01504C6E76FF07704F2E7E7
:10523000D5E30101E83D0021BBE30101AFE301013A
:10524000C9520101F1E401014D5201012DE9F04182
:1052500090460C4699B30B788BB3D0F8BC50A5F5AB
:10526000DE7614354FF0FF324FF0FF33284605F05D
:1052700035FD2146304609F082F80746A0B9304690
:10528000104909F07CF8064620B92846BDE8F041EF
:1052900009F0A9B81F22214648300AF040FC86F8E0
:1052A0006770C6F86880F0E7284609F09CF8434626
:1052B000224639463046BDE8F041FFF7CDBEBDE895
:1052C000F08100BF4C1A020113B5044640B100231F
:1052D0000122CDE90032074BD0E9091204F0BAFCF3
:1052E000236F1B6823B1606F02B0BDE81040184700
:1052F00002B010BD4C1A020113B5044608462169DC
:1053000001F55B71D1E8AF1F022910D193B1A0B1B3
:105310000121CDE900311346D0E9091204F09AFCCD
:10532000074B984208BF6FF00B0002B010BD6FF042
:105330000F00FAE76FF04C00F7E76FF00100F4E7B9
:105340002EF8FFFF2DE9F84389461546066906F554
:105350005B73D3E8AF3F022B66D11368EBB11B78C8
:10536000DBB1D6F86873002F3FD106F5E8784FF02F
:10537000FF324FF0FF33404605F0B0FC304629685D
:1053800008F0FDFF044660B93046294908F0F7FFF0
:10539000044638B9404609F026F86FF01500BDE81C
:1053A000F883012705F108032367AB696464636729
:1053B000002384F86C3067B1404609F014F82146A8
:1053C0003046A36E2A68FFF747FE0020C9F8004068
:1053D000E5E71F22296804F148000AF0A0FB4046D7
:1053E00084F8677008F0FFFFEFE73046104908F0D7
:1053F000C6FF04460028D0D0002705F10803036744
:10540000AB6980F86C70436740641F22296848309C
:105410000AF085FB22460121304684F8677000F0CF
:1054200065F80028D1D0B8E76FF00F00B7E700BFEC
:105430004C1A020110B50C46006900F55B73D3E805
:10544000AF3F022B0FD189B10A4900F52E7006F04B
:105450008FFA20460AF018F87822002120460AF038
:1054600034FB002010BD6FF00F00FBE76FF0010070
:10547000F8E700BF283100212DE9F04F05460E4620
:1054800090460027D0F8BCA085B0AAF5BA74214692
:105490003046FFF72AF9E0B9134BA4F1480B029309
:1054A000DAF810303246CDE9008329464FF0FF3359
:1054B0005846AAF5DE7904F0F9FB88B97823012271
:1054C00003FB079383F86C20DAF80C300BB15846D5
:1054D00098477B1C022B4FF0010704F17804D6D1CA
:1054E00005B0BDE8F08F00BF1FE501011FB51446F0
:1054F00090B18AB1012912D10A4B00F1F001029357
:10550000D0F8CC31483201934FF0FF33204600935E
:1055100004F0CCFB04B010BD6FF01500FAE70020DA
:10552000F8E700BF1FE501012DE9F04387B00E4603
:10553000DDE90E811446DDE910251F4630B329B39D
:10554000DFF850C000F1F009002D08BF65469EB994
:10555000CDE9034400F5DE74204605960AF027F9EC
:1055600003ABCDE900432A463B464146484604F09A
:1055700003FE07B0BDE8F083002241460E92484684
:105580002A4607B0BDE8F04304F04ABF6FF01500AB
:10559000EFE700BF79540101F0B5044687B02B4A0C
:1055A00004AB0E4692E8030083E80300002C49D0C8
:1055B000184604F053FA0546B0B94FF0FF33E16CDA
:1055C00004F15407A163CDE9010000933846236D2F
:1055D00004F1380209F019FCA06C08F0CFFFC4F800
:1055E000BC0020B96FF00B05284607B0F0BDA06CD9
:1055F00008F0C4FFC4F8C0000028F3D0236CD4F82E
:10560000BC10C4F890300423C4F89430C4F8AC3013
:105610000223E3620E4BB4F84820C4F88C10616C8E
:10562000236204F18C03C4F8A070A4F89820C4F895
:10563000B870C4F8A810A4F8B020C4F8A400A661FB
:105640002363D1E76FF01505CEE700BF0CFF010122
:105650003C020201014B0360002070476802020116
:1056600008B5044808F00DFD034808F00AFD0020C5
:1056700008BD00BF130702014807020108B503482F
:10568000034A0021121A08F0B1FF08BDE002002110
:10569000E8350021074808B5074A0849121A08F0FA
:1056A000A7FFBDE808400648064A0749121A08F055
:1056B0009FBF00BF00000021E00200214C24020136
:1056C00000000021000000214C24020138B50546ED
:1056D0000C4699B1D1E901230F48096808F0D1FCC3
:1056E000D4E90423E1680D4808F0CBFCE1690C48DB
:1056F00008F0C7FCA1690B4808F0C3FC012D05D1D7
:10570000EFF305810848103908F0BBFC2146284614
:10571000BDE8384004F0CABE75070201A5070201C2
:10572000D5070201E50702011408020130BFFFF7A7
:10573000FDBF00BF2DE9F04105460B4EDFF82C8080
:10574000324606EB0807CC1B204609490AF0B0F99F
:10575000A01942460021083C0AF0B7F92C6707F16E
:105760000800BDE8F08100BF000000000400000058
:105770000CFF010110B5204C204808F082FCA36A00
:10578000990137D51E4808F07CFC1E20A36ADA0177
:1057900003D51C4808F075FC1F20174CA36ADB02D8
:1057A00003D5194808F06DFC0220A36A1C0303D539
:1057B000164808F066FC21200F4CA36A590303D554
:1057C000134808F05EFC2220A36A9A0303D511480F
:1057D00008F057FC2320084CA36ADB0303D50E48CE
:1057E00008F04FFC2420A36A6FEA03436FEA1343D7
:1057F000A36210BD1D20C9E700ED00E028080201EA
:105800004108020155080201700802019B080201CB
:10581000BA080201E0080201FB08020170B5204C41
:10582000064620480D4608F02CFCA36AD90435D55D
:105830001D4808F026FC1720A36A1A0503D51B484B
:1058400008F01FFC1820164CA36A9B050FD51848BA
:1058500008F017FCA16BA36A180407D5154808F0D7
:1058600010FC1EB1A36A23F40043A36219200C4C60
:10587000A36A5A0503D5104808F003FC1A20A36A4E
:10588000DB0503D50D4808F0FCFB1B20044A936A96
:1058900043F47F43936200232B7070BD1620CBE747
:1058A00000ED00E0270902013E0902015009020152
:1058B000640902017E09020194090201B009020192
:1058C00070B5294C064629480D4608F0DAFBA36A54
:1058D000D8063FD5264808F0D4FB1120A36A190743
:1058E00003D5244808F0CDFB12201F4CA36A9A0769
:1058F0000FD5214808F0C5FB616BA36A1B0607D5CD
:105900001E4808F0BEFB1EB1A36A23F08003A36209
:105910001320154CA36ADE0703D5194808F0B1FB24
:105920001420A36AD90602D4A36A9A0714D50E4B91
:105930009B6ADB0610D5134940F22D13124A134817
:1059400008F0B5FB124808F0B2FB40F22D110E48EA
:1059500008F0A4FB1020C1E7034A936A43F0FF0359
:10596000936200232B7070BD00ED00E0C9090201B5
:10597000E009020150090201140A02012D0A020184
:10598000440A0201960A0201640A0201E8030201C4
:10599000E00A0201F0B5704B0446586800258BB050
:1059A000C0F3080385F31188BFF36F8F02F07F46C1
:1059B000B6F17F4F06D102F00C06082E11D16748D0
:1059C00008F05FFB664940F21B43664A664808F0F0
:1059D0006EFB664808F06BFB40F21B41614808F023
:1059E0005DFB16074CBF0C460125002CEAD00026B3
:1059F000DA1E8DF80760092A00F29F80DFE802F0C6
:105A0000059397769D9D9D9D9D9B594808F039FB78
:105A10008DF80760504EF36A9A0704D5554808F090
:105A200030FB00232AE0F36A002B01DA5248F6E744
:105A3000F36A5B006AD5514808F023FB7369A269D9
:105A400043F480737361BFF34F8FBFF36F8F32F8EE
:105A5000023C726922F480727261BFF34F8FBFF310
:105A60006F8F03F47F42B2F55F4F26D1DBB2022B7A
:105A700023D12168424808F004FB23689DF80720E1
:105A8000CAB902AE04F120073246206861680834C2
:105A900003C2BC421646F7D1099A002D59D0C2F371
:105AA000080121B96FEA52226FEA42220992184690
:105AB00002A9FFF70BFE0BB0F0BD274B9A6AD2B2DA
:105AC00032B101200DF10701FFF7FAFE0346D5E7D9
:105AD0009A6A12F47F4F05D001200DF10701FFF7FC
:105AE0009DFEF3E79B6AB3F5803F02D3FFF742FECA
:105AF000ECE7244940F2ED231A4A1B4808F0D7FA94
:105B0000214808F0D4FA40F2ED2167E71D494FF42F
:105B10003C73144A144808F0CAFA1C4808F0C7FA43
:105B20004FF43C715AE700200DF10701CCE700204B
:105B30000DF10701D3E7164871E7A3F11002154BE9
:105B400010F4F87F1449154808BF194608F099FA6F
:105B500067E76FF30802A9E700ED00E0720B0201AE
:105B60009E0B0201640A0201E8030201B10B02016B
:105B7000EF0B0201070C0201290C0201380C020193
:105B8000580C0201BE180201750C0201990C0201A9
:105B9000C90C0201440B0201590B0201EE0C020177
:105BA000064B5A6942F010025A615A6942F4806207
:105BB0005A615A6922F008025A61704700ED00E00C
:105BC000EFF30880EFF3098101B57246FFF7E2FEBB
:105BD00001BD00BF002080F31488BFF36F8F002049
:105BE00080F30A8880F30B880F4880F3088803F05D
:105BF00079F800200D490860BFF34F8F00F02CF8B2
:105C0000402080F311880A484FF40061401880F367
:105C10000988EFF314800221084380F31488BFF34E
:105C20006F8F08F0F6FC0000E856002194ED00E0CC
:105C3000E8450021002318460649D1F89020C2F318
:105C40000722934200DB7047C1F89830C1F8A000EA
:105C50000133F6E700ED00E010B572B6002484F3DE
:105C60001388FFF7E7FF23464FF0FF300C4A03F19C
:105C700020010133102B42F82100F8D100234FF00E
:105C8000FF30074A03F160010133102B42F8210075
:105C9000F8D162B6BFF34F8FBFF36F8F10BD00BF57
:105CA00000E100E01EF0040F0CBFEFF30880EFF3FB
:105CB0000980816911F8021C0229FFD001B57246E2
:105CC00008F098FC01BD00BF40B2002807DB0123AB
:105CD0004109034A00F01F00834042F82130704719
:105CE00000E100E040B200280CDB01220649430934
:105CF00000F01F008240203341F82320BFF34F8F74
:105D0000BFF36F8F704700BF00E100E0054B420911
:105D100053F82220012300F01F0003FA00F0104086
:105D2000704700BF00E100E038B5D30704460D46D8
:105D300012D48B1C072B10D96B23114A114912481E
:105D400008F0B5F9294611480623224608F0AFF9B4
:105D50006B210B4808F0A2F9002360B20028ACBF09
:105D600000F160400A4A4FEA4313DBB2ABBF00F5D3
:105D7000614000F00F0080F80033135438BD00BFBD
:105D8000020D0201390D0201E8030201540D020166
:105D900014ED00E0044B054A23F07F039360BFF34A
:105DA0004F8FBFF36F8F70470028000100ED00E0B8
:105DB00042F8203C009B0B4942F81C3C019B21F01F
:105DC000010142F8183C029B42F8081C42F8143CBE
:105DD0004FF0807342F8043C0023203A0265436789
:105DE000704700BF814A010100B50D4B1546986010
:105DF000026F0C4B0E461A60036E83F30B882C4621
:105E000086F309880020044B984720460021002291
:105E10000023024C2047000037E60101814A0101BE
:105E200050330021483100211022014B1A61704784
:105E300000ED00E0054B5A699B689A421FBF044A77
:105E4000536843F080535360704700BF50330021C4
:105E500000ED00E0084B9B6883420BD1EFF3058314
:105E600043B1064B5A6842F080525A605A6A22F493
:105E700000425A6206F044BE5033002100ED00E0BB
:105E800014498A684FF030001044EFF3098C80E821
:105E9000F01F402080F31288BFF36F8F0E4F4FF03A
:105EA00000664A698A603E60106F0C4C2060506F3B
:105EB0000023536780F3118802F1300090E8F01F4F
:105EC0008CF3098802F1000004B508F0ADFBBDE8D1
:105ED000044070475033002104ED00E048310021B8
:105EE000002340210348C21801331E2B82F80013FF
:105EF000F9D1704700E100E008B5EFF30583064AE9
:105F0000103B02EBC30152F8330049688847BDE8F3
:105F10000840FFF78FBF00BF5CFD0101014800682A
:105F200070470000483100211FB50121094B0A4A82
:105F30000A4800F0F7F80023064A0393084B0121B2
:105F4000019301A8D31A029300F010F905B05DF88F
:105F500004FB00BF000001210000002168020201D3
:105F6000E00200210A7A0B6810B562F304031C46B4
:105F7000CB68520923F01F0343EA4203044A43F06B
:105F80000103C2F89800C2F89C40C2F8A03010BDCE
:105F900000ED00E010B5074BD3F89030C3F30723B2
:105FA000013B984202D8FFF7DDFF10BD6FF01500EE
:105FB000FBE700BF00ED00E02DE9F04F0F4614466F
:105FC00006464FF000084B4D85B0B84580F28E80F4
:105FD000D6F80490B9F1000F35D0B9F11F0F40F297
:105FE000838019F01F0F7FD1D6F800A01AF01F0F81
:105FF0007AD1504608F05FFB834609EB0A0001386E
:1060000008F059FB83456FD11BF1160F6CD05C452E
:106010006ADDC5F898B0D5F89C10C5F898B0D5F8E9
:10602000A03021F01F0143F01F0AD6E900321A44C4
:10603000994202F1FF391BD1CA4508D131465FFAB6
:106040008BF008F041FB08F101080C36BDE7314642
:10605000C5F898B0D5F89C30E0B263F30402C5F8F7
:106060009C2008F031FB10F1160F3DD0441CEAE7EC
:10607000C5F898B0D5F8A020013B23F01F0302F02B
:106080001F021343CA453146E0B2C5F8A030E8D03C
:1060900008F01AFB10F1160F26D0C5F898B0D5F805
:1060A0009C209DF808300AF1FF3A62F304038DF852
:1060B0000830D5F8A0309DF808205B0863F347123C
:1060C0008DF80820D6E900321344009323F01F0313
:1060D0005344A3EB0903013023F01F036946C0B208
:1060E0000393FFF757FFBEE76FF01504204605B096
:1060F000BDE8F08F00ED00E00522044BC3F89420CA
:10610000BFF34F8FBFF36F8F704700BF00ED00E00C
:10611000BFF35F8F0022024BC3F89420704700BF8B
:1061200000ED00E038B50C4D0C462A78FFF744FF2F
:10613000287016300FD140F28913084A08490948DF
:1061400007F0B5FF2146084807F0B1FF40F289117A
:10615000024807F0A3FF38BD98330021940D0201D7
:10616000BE180201E8030201C30D02012DE9F74F39
:10617000314D894606464FF00008AB462F4FC845C3
:1061800002DB03B0BDE8F08FD6F804A0BAF1000F2F
:106190004CD031680846019108F08DFA0199044607
:1061A0000AEB0100013808F086FA84424FF014022D
:1061B000234B15D002FB08F36FF015024BF80320B8
:1061C00040F299131F4A2049204807F070FF4946C2
:1061D0001F4807F06CFF40F299111A4807F05EFF64
:1061E00014F1160F2C60EBD01978A142E8DD02FB08
:1061F00008B0C7F89840C7F89840D7F89C4000F11D
:106200000801007B64F304000871D7F8A0000C7942
:10621000400860F347140C71D7F89C1021F01F015F
:106220006960D7F8A01021F01F01296108F1010869
:1062300014350C36A3E700BF4C31002100ED00E01F
:1062400098330021940D0201BE180201E8030201F7
:10625000EF0D02012DE9F0416B4D6C4ED5F89030F9
:106260003468C3F307239C4286B013D940F202235B
:10627000674A6849684807F01AFFD5F89020214618
:106280006648C2F3072207F012FF40F2022160487D
:1062900007F004FF0020FFF73BFF614BC5F8C0305B
:1062A00084421BD15F4D01A82C70FFF7D3F9002663
:1062B00007464FF061085C4CB74216D100202B789E
:1062C0005149D1F89020C2F307229342C0F2958041
:1062D0000020FFF711FF06B0BDE8F081716801EB07
:1062E0000011FFF73FFE0130DAE7019A300102EBBF
:1062F0000613D3F80CC00CEA0401B1F1807F57D02B
:106300000AD8B1F5001F29D0B1F5800F43D0B1F5FF
:10631000801F14D00136CFE7B1F1006F48D0B1F142
:10632000805FF7D159689B681258013B21F01F002C
:106330000344CDE9021223F01F0301220BE0596848
:1063400012589B68CDE902122122013B21F01F0067
:10635000034423F01F038DF8102036E059681258CB
:106360009B68CDE902124122013B21F01F0003444A
:1063700023F01F031CF0010F8DF81020059325D08A
:106380002A498423224A244807F091FE284807F02E
:106390008EFE84217BE759689B681258013B21F0EF
:1063A0001F000344CDE9021223F01F030622D2E7A7
:1063B000596812589B6821F01F00013BCDE9021279
:1063C000034423F01F038DF810800593287802A959
:1063D000FFF7E0FD00280CDA0E4940F235230C4AA5
:1063E0000D4807F064FE134807F061FE40F23521C6
:1063F0004DE72B7801332B708CE7C1F89830C1F84A
:10640000A00001335DE700BF00ED00E0740202016F
:10641000940D0201BE180201E80302011E0E0201E2
:10642000AAFF4400983300210000F0FF520E020141
:10643000780E0201A70E020108B50649064821F0B0
:106440000701C1F1045202F58032FEF769FA00201B
:1064500008BD00BFD3A900216031002170B541699A
:106460000446867A0A4D59B1437ADB0706D42C23B9
:1064700003FB06535B6A1B689B68984700236361B4
:106480002C20214600FB0650BDE8704009F00ABAF6
:106490005C0200212C22024B02FB0030704700BF3F
:1064A0005C0200212C21827A054B01FB02339A6A9F
:1064B0001B7F801A1B3323F00303B0FBF3F07047FC
:1064C0005C02002138B52C24827A064B04FB02338F
:1064D0005B6AD3E901240C601568FFF7E3FF04FB56
:1064E000005038BD5C02002108B543684BB1074934
:1064F00007486323074A07F0DAFD6321054807F0E0
:10650000CDFD03824369C36008BD00BF050F0201D2
:10651000E8030201E00E02012DE9FF470546684647
:1065200017461C46039109F075FADDE9008955B953
:106530005C494FF485735C4A5C4807F0B8FD4FF442
:106540008571594818E005F11406EFF3118A4023CC
:1065500083F31288BFF36F8F304606F049FD68B9A8
:106560008423534A5349514807F0A1FD314652480C
:1065700007F09DFD84214E4807F090FD304606F05F
:106580005BFD6B8B002B5AD02A8B9A4239D90022A3
:106590000023284604F018FE0446002831D0304677
:1065A00006F034FD68B94FF49973414A43493F48B6
:1065B00007F07DFD3146424807F079FD4FF49971AF
:1065C000D9E78AF31188BFF36F8F039D002D59D04F
:1065D00042464B46684609F042FA2C21A27A394BD2
:1065E000204601FB02335B6A03A91B681E68DDE9D4
:1065F0000023B0476061002837D12046FFF72EFF07
:106600002EE06C8B3046631E6B8306F0FFFC002887
:10661000C9D08AF31188BFF36F8F2B7F2A8B1B336E
:10662000121BAC6A23F0030302FB0344254B264AEA
:10663000EB1A9B105343A3722B7FE372C5E73046DE
:1066400006F0E4FC0028AED08AF31188BFF36F8F08
:1066500023463A46284604F0B7FD04460028B4D144
:106660000024204604B0BDE8F087039B9D420BD96F
:10667000164940F25F130C4A0C4807F018FD40F22F
:106680005F115EE72B466561002101226160228176
:106690006382E27A04F1180009F017FA2046FFF746
:1066A00023FFDEE71F0F0201E00E0201E8030201F3
:1066B00064060201BD060201D20602019106020132
:1066C000A80602015C020021A38B2EBA240F02014E
:1066D0002DE9F0410446F8B100264FF02C081D4F7B
:1066E0002546646805F10802D2E8EF3F591EC2E86A
:1066F000E01F0028F8D113F0FF0319D140F2D7139F
:10670000154A1649164807F0D2FC2946154807F0E5
:10671000CEFC40F2D71108E013494FF4E2730E4A61
:106720000F4807F0C4FC4FF4E2710B4807F0B6FCC9
:10673000012B0AD1AB7AEE6008FB03736E601B6A13
:10674000284623B19847002CCAD1BDE8F081FFF755
:1067500085FEF8E75C020021E00E02013E0F020117
:10676000E80302014B0F02013A0F0201034670B524
:1067700005688288DC889E68A818A41AAD1B641B73
:10678000A14209D9064907483E23074A07F08FFC72
:106790003E21054807F082FC0A449A8070BD00BF84
:1067A0009B0F0201E8030201600F020108B5828815
:1067B00003468A420BD20949094840F2C313094AE9
:1067C00007F075FC40F2C311064807F067FC521A47
:1067D000828000680844186008BD00BFBF0F020136
:1067E000E8030201600F0201064AD2F8AC3123F03F
:1067F0000043C2F8AC310022034BC3F84C21D3F85C
:106800004C317047002001410060014173B5354BA8
:10681000D3E84F3F00233449CDE90033334BD3F85D
:106820000445BFF35F8FD1F80465BFF35F8FD3F8E2
:1068300004259442F3D16B46224601212B4807F0F0
:106840007CFF324605460F21274801AB07F075FF54
:10685000E0B1019B0DB9009302E0009A9A42FAD888
:10686000009B22481C44013CD0F84C3524F07F4466
:106870009C421F4932D0FFF7B7FFC0F84C451D4B73
:10688000009A9A4218D901230B7001E0002DE7D13C
:10689000194AD2F8AC3143F00043C2F8AC31134B83
:1068A000D3F84C2132B90121144A5160D3F84C314C
:1068B00003B1116001230DE0BFF35F8FD0F8043501
:1068C000E41A24F07F440E4B033C9C42DBD90023A6
:1068D0000B7000230B4A137002B070BD0B78002BB5
:1068E000F7D0D5E79D330021001001410060014140
:1068F0009B330021FEFF7F000020014100B00041DA
:10690000FBFF7F009C330021F8B51E490023C1E83E
:10691000423F52BB1C4B1D783DB305231B4E1C4F01
:1069200034780134B4FBF3F303EB8303E41A08F087
:106930001FF8184A137823B157F82430C01A0728D3
:1069400013D9154BD3F8141141B10021C3F8141118
:10695000D3F8143134700CB901231370347808F073
:1069600007F847F824002846F8BD0C4A0025D2F85D
:10697000AC3123F00043C2F8AC310122084B5A601D
:10698000F1E700BF9D3300219C3300219A330021A1
:106990006C31002199330021005000410020014159
:1069A00000B000410122024BC3F84025704700BFF0
:1069B00000000841502307B5244A0021C2F80C35D5
:1069C0001422234B0846C3F820214FF40062214BC8
:1069D000C3F8BC254FF48062C3F838250DF10702D7
:1069E00002F0E2F900280BDA1B491C4840F2472369
:1069F0001B4A07F05CFB40F24721194807F04EFBA9
:106A00009DF80710174808F0E5F89DF8071016489C
:106A100008F0E0F89DF80710144808F0DBF89DF83E
:106A200007100A4808F0D6F89DF8070002F0F8F9B8
:106A30004FF400220E4BC3F844230022C3F84C212C
:106A4000D3F84C3103B05DF804FB00BF00B0004147
:106A50000030204100200141DF030201E803020170
:106A6000CF0F02014C610141282001412C2101413D
:106A70000060014108B5054A054B104613603F23ED
:106A8000536002F08BF9002008BD00BF8031002167
:106A900000E0FFFF70B50446807AFFF7FBFC6169F8
:106AA000054649B1637ADB0704D4436A20461B6874
:106AB0009B689847002363612146284608F0F2FE50
:106AC000034B1B681BB1BDE870402A20184770BDFE
:106AD0008831002108B5034B186808F0D8FE002063
:106AE00008BD00BF8C310021082808B50BD870B153
:106AF000431E072B0BD8DFE803F005040A140A0A2B
:106B00000A14042008BD10280DD020280BD00749F6
:106B100007485223074A07F0CAFA5221054807F0EE
:106B2000BDFA0220EEE70520ECE700BFBE18020127
:106B3000E8030201F90F0201811EC9B21E2938B50E
:106B4000054613D80A4CCC4014F001040CD0094877
:106B500007F0D4FD044638B12846FFF7C5FF0146CB
:106B600004F10C0007F0DAFD204638BD0024FBE7F5
:106B700041000040B4020021014B1860704700BF83
:106B800088310021F8B501280546DDE9067609D0EF
:106B9000042804D1144807F0B1FD044620B90024AC
:106BA0002046F8BD1148F6E72846FFF79DFF04F19F
:106BB0000C050146284607F0B1FD002FF0D0002E4D
:106BC000EED0228A638A61699B1AE268521A9B1A84
:106BD0009E4203D92046FFF77BFDE0E73246394667
:106BE000284607F08FFDDBE75C02002188020021C8
:106BF000038A014623B1034B186883689B681847D2
:106C0000122070477401002110B5084B084C186021
:106C1000206808F006FE30B1206806498368BDE8A8
:106C200010401B6818476FF0120010BD8C31002116
:106C300074010021D56A010137B540230C460A4989
:106C40000093411A491105462346084A084807F0AF
:106C5000ACFD014628B12846234603B0BDE83040CC
:106C6000184703B030BD00BFA431002119E801016D
:106C700098FC0101C9B2012908B509D90849094898
:106C80007E23094A07F013FA7E21074807F006FA27
:106C90000C22036901FB0233986C00F0070008BD69
:106CA00068100201E80302012B10020170B5C9B29D
:106CB0000129034600690BD91749184840F2E1132E
:106CC000174A07F0F4F940F2E111154807F0E6F928
:106CD000EFF31186402484F31288BFF36F8F0C25E5
:106CE00005FB0104A46C14F0C00401D0A24210D131
:106CF000012205FB01008264002086F31188BFF3A6
:106D00006F8F28B95B6803EBC1035B68984700206D
:106D100070BD4FF0FF30F0E768100201E803020198
:106D20002B10020170B50D4606490446411A49115F
:106D300040220548FFF7BAFF2B4601462046BDE832
:106D400070401847A431002198FC0101F8B50022D9
:106D5000012105460520FEF7E7FF104801F0BCFFC2
:106D60000446B8B907F0FDFE2F690D49384607F013
:106D7000EDF9031E09DB0126BE642D69084905F102
:106D8000200007F0E3F9031E02DA1C462046F8BD96
:106D90006E65FBE76FF00404F8E700BF556E010174
:106DA000E40202011FB5002201236C46CDE9022353
:106DB0006B46074ACDE9004407F027FD28B94FF498
:106DC00080420023684604F009FB04B010BD00BFF8
:106DD00025E8010110B5EFF31184402383F31288F5
:106DE000BFF36F8F074A136823F00201DB071160BE
:106DF00002D4012001F050FF84F31188BFF36F8F9C
:106E000010BD00BFFC3100210C22104B014602FBDB
:106E10000033002030B4D3E910521864EFF311802E
:106E2000402484F31288BFF36F8F9C6C04F0C0047D
:106E300044F002049C6480F31188BFF36F8F1DB18E
:106E40002B4630BC0248184730BC7047A4310021A3
:106E500098FC0101012808B506D0072808D098B988
:106E60000F4B9B6C5B0719D1BDE80840FFF7CCBF07
:106E70000C4940F20B330C4A0C4807F018F940F269
:106E80000B31094807F00AF9064940F21533064A62
:106E9000064807F00CF940F21531F2E708BD00BFD3
:106EA000A4310021BE1802012B100201E8030201E7
:106EB00010B4EFF31180402282F31288BFF36F8F7A
:106EC00017490B6843F0020413F001030C6019D05A
:106ED000144BD3F80C14D3F80C3413F0010311D075
:106EE000EFF3118182F31288BFF36F8F0E4A936C18
:106EF00003F0C00343F00203936481F31188BFF3EE
:106F00006F8F012380F31188BFF36F8F1BB10020B7
:106F100010BCFFF779BF012010BC01F093BE00BF89
:106F2000FC31002100500041A43100212DE9F04145
:106F3000012206464149D1E8EF3FC1E8E02F002891
:106F4000F9D1A3B93E493F484B60CB608A60FDF759
:106F5000CDFF00280BDA3C494FF42D733B4A3C48E7
:106F600007F0A5F84FF42D71384807F097F8002E78
:106F70004DD0731E012B56D8012E06D1354BD3F8B8
:106F80001C3403F00303022B41D008F0C4FC054677
:106F900050B1EFF31188402383F31288BFF36F8F52
:106FA00001252C4C2C4F21E02C4B1B78002BF0D0D2
:106FB0000222284B8046C3F80823F2E74DB340462F
:106FC00007F05BFBD4F81835DBB2012B0ED1D4F8F7
:106FD00004215AB10022C4F80421D4F80421022269
:106FE000C4F818252022C7F88021A360D4F81824FB
:106FF000D4F81834D203E1D503F00303022B01D0F7
:10700000012EDBD155B188F31188BFF36F8FBDE836
:10701000F0810021212005F0E3FCD3E702220D4B93
:10702000C3F80423F3E70E4940F2C623074A084891
:1070300007F03DF840F2C62196E700BFA0310021DD
:1070400090310021C43100218C1002012B1002016B
:10705000E80302010050004100E100E0E3350021B7
:10706000BE180201EFF31182402383F31288BFF3AD
:107070006F8F0A4BD3F8001161B10021D3F80805D6
:10708000C3F80011D3F80031C0B282F31188BFF306
:107090006F8F70476FF00A00F7E700BF0090004164
:1070A000F0B503468478C678EFF3118E402080F364
:1070B0001288BFF36F8F1D7893F801C0641B3440B2
:1070C000A24288BFA2B2AF18374028461F708EF385
:1070D0001188BFF36F8F8F188F4217D165450CD180
:1070E000EFF31181402080F31288BFF36F8F18787F
:1070F000587081F31188BFF36F8F1B79A41AA342D4
:1071000090B222BF0122064B1A60F0BD03EB000EC5
:107110009EF805E0013001F801EB3040DCE700BFEC
:10712000009000412DE9F0472F4D00690E46A8421E
:1071300014460BD02D492E4840F203132D4A06F079
:10714000B6FF40F203112B4806F0A8FFDB4313F013
:10715000010504D02030FFF7A3FFBDE8F087B2B3EC
:10716000EFF31187402383F31288BFF36F8F092059
:10717000FEF7CCFD80460920FEF7B4FD87F31188A9
:10718000BFF36F8FDFF870A04FF40079CAF8005199
:10719000DAF8003101232546184FCAF80030C7F845
:1071A0008091DAF80031A3B1FFF75CFF031EA4BFA2
:1071B00005F1FF35ADB2C7F88091A8BF7355002D1A
:1071C000EFD1B8F1000F02D00920FEF77DFD204677
:1071D000C3E7EFF31180402383F31288BFF36F8F6F
:1071E00007F04BFADDE700BF00320021D6100201A4
:1071F000E8030201A41002010090004100E100E058
:10720000F8B5184B07690D469F42144625D016491C
:107210001648E523164A06F04AFFE521144806F011
:107220003DFF4FF0FF334FF0FF32384604F0D6F801
:10723000224629460F48FFF733FF0646384604F03A
:1072400051F83EB94FF0FF324FF0FF330A4804F0D7
:10725000C5F8E6E7A41BA4B23544002CE1D12046D2
:10726000F8BD00BF00320021D6100201E803020180
:10727000A4100201353200211032002138B5204B14
:1072800004699C420BD01F491F4840F247131F4A14
:1072900006F00DFF40F247111C4806F0FFFE0122E8
:1072A0002046114608F008FB0122002104F11000DD
:1072B00008F002FB40F2074323874FF0706323621C
:1072C0000C230025012184F82430114B84F835501B
:1072D000E586D3F80425092022F00102C3F804252D
:1072E000C3F80051D3F80021C3F804132A461960EB
:1072F000FEF71AFD0920FEF7E7FC284638BD00BF5F
:1073000000320021D6100201E8030201A41002019C
:107310000090004110B5FFF7A5FE002820DB174BB9
:10732000C0B293F8222093F8214093F82310141B45
:1073300031EA04040DD193F8372093F8364093F8DE
:107340003810141B31EA04040BD101220C4B5A6093
:107350000EE09C180132114084F8250083F82210B9
:1073600010BD9C180132114084F83A0083F83710A0
:107370000448BDE8104003F0B5BF00BF0032002153
:10738000009000411032002138B5036961B92149EC
:107390006423214A214806F08AFE214806F087FE30
:1073A00064211D4806F07AFE486850B91D496523DE
:1073B000194A1A4806F07BFE1B4806F078FE652144
:1073C000EFE7586800B30024884219D108688CB9E7
:1073D0009C685860A14200D19860002008602AB1E2
:1073E0005A680A609A68596002B9996000200FE0F3
:1073F0002846E9E720609868814208BF9C60ECE776
:1074000005680446002DF3D1002AE9D16FF015007C
:1074100038BD00BF4211020106110201E80302015A
:107420004B1102015A1102016C11020108B50368E7
:10743000590914D0012906D14FF6FF7203F01F033A
:10744000DA40D2070ED40B490B484FF482630B4A43
:1074500006F02DFE4FF48261084806F01FFE4FF043
:10746000FF32EBE70360064B0648012908BF1846C8
:1074700008BD00BFB6110201E80302018311020139
:1074800000088C4100058C4170B5446801F01F056F
:10749000207C86B045EA4015A068002872D0B2F57D
:1074A000001F04D1294602F075F800204EE0606804
:1074B000667CB2F5800F46624FF0000601A8019687
:1074C000466032D1B3F1007F14BF052304238DF849
:1074D00004300023CDE904030393E3686E46CB40F8
:1074E00013F0010F34D1B2F1A07F31D1684600957D
:1074F000FFF79CFF009B803350F82330DB0727D435
:107500006A462946A06801F0EBFE163018D00296B4
:107510002946A06803AA01F083FD002816DB01229A
:107520002946A06801F0B4FFBFE7B3F1C06F05D0F2
:10753000B3F1007F14BF01230223C8E70323C6E78A
:107540006946A06801F084FF0028E0DA06B070BD4B
:1075500032462946A06801F0C3FE0028D8D19DF824
:107560000010A06801F058FF0028D1D00749084852
:1075700040F2F113074A06F09AFD40F2F111054876
:1075800006F08CFD6FF08500E0E700BFDF0302012D
:10759000E8030201D91102012DE9F043466840F2E7
:1075A0000635337CD00601F01F0747EA431748BF72
:1075B000032302EA050558BFC2F3401387B0B5F5AF
:1075C000837F14468DF8033043D00DD8062D16D096
:1075D00005D8A5B1022D3ED06FF0150036E0B5F507
:1075E000807FF9D101250AE040F20222954234D091
:1075F000B5F5407F33D0B5F5007FEDD102252203EC
:107600002FD5012372688B409360B06880BB03A8BC
:107610000397FFF70BFF039B00EB8300C4F30043CA
:1076200083F00103C4F34044D0F8002244EA430449
:107630009DF8033022F4706244EA830422F00F02C2
:1076400044EA05231343C0F80032002007B0BDE828
:10765000F0830725D3E70425D1E70525CFE70325E8
:10766000CDE7630341BF012372688B40D360CCE751
:1076700039460DF1020201F033FE14F4403F80461A
:1076800017D13946B06801F0AFFEB8F1000FDCD178
:107690009DF80210B06801F0BFFE0028D5D01E4949
:1076A0001E48FC231E4A06F002FDFC211C4806F081
:1076B000F5FC4FF0000901ABCDE90199CDE90439A2
:1076C000CDF80C903946B06803AA01F0A9FC4845F2
:1076D000BBDB14F4003314D09DF80330C4F3004432
:1076E00084F001048DF80E308DF80C508DF80D40AB
:1076F0004B463946B06803AA01F054FD0028C4DAAD
:10770000A3E7CDE904330DF1030303933946B068D1
:1077100003AA01F085FCF1E7DF030201E80302019F
:10772000D91102014209034670B502D0012A1ED0C8
:1077300070BD144E326951680029F9D0012503F05B
:107740001F030C689D400029F2D08A682A4012D09D
:107750004B6873B90C4989230C4A0D4806F0A7FC05
:107760000C4806F0A4FC8921084806F097FC0A4E54
:10777000E0E7304698471CB1236821461C46E2E703
:107780002346FAE7D0FC01010512020106110201AD
:10779000E80302016C110201B4FC010138B545682F
:1077A000A86890B101F006FE014670B9A86801F022
:1077B000CBFD044658B902460649A86801F078FD99
:1077C000224605210A20FEF7AFFA002038BD6FF0EF
:1077D0000400FBE72577010110B504460269A2B059
:1077E0001749C2F88000002001F0E0FF00220121CB
:1077F0001220FEF799FA8422002101A8646808F09B
:1078000064F90023012001AA61680432D940C90744
:1078100044BF00FA03F142F8041C2168D940C907AB
:1078200048BF00FA03F103F1010348BFD163102BF5
:10783000EAD101A801F0E0FF002022B010BD00BF96
:107840008BE8010138B5114922F07F45D1E90030BC
:10785000D41AE31840F10000C1E90030A5F5001387
:10786000B3F5400F09D20A4B1B681A0A1B065819B8
:10787000084B42F10001C3E9000105F0F3FD0146A8
:107880002046BDE8384005F055BD00BFD0170021A7
:10789000EC320021D81700210D4B1868010A0006B0
:1078A000BFF35F8F0B4BD3F80435181841F100017B
:1078B000B3F5801F0AD2084BD3E90023904271EB45
:1078C000030303D210F1807041F10001704700BF43
:1078D000EC32002100600141D81700212DE9F74367
:1078E00006F05EFF294BD3F8042391070BD5D3F89C
:1078F000042142B10022C3F80421254AD3F80431FF
:10790000136801331360214CD4F80433DA031FD514
:10791000204BD3E8EF2F22F00101C3E8E01F00283D
:10792000F7D1D30702D4D4F840318BB10025C4F885
:107930004051D4F84031FFF7AFFFEFF3108272B639
:10794000154BD3E90267B042B94104D282F31088E3
:1079500003B0BDE8F0834FF0FF38D3E900104FF0DB
:10796000FF391D60C3E902894FF48033C4F84833FE
:10797000C4F84051D4F8403182F310880029E7D090
:10798000009032463B4628468847E1E700600141C7
:10799000EC320021E4320021C01700212DE9F84F1C
:1079A00006460F46434DD5E8EF8F28F00103C5E8A2
:1079B000E23F002AF7D14FF480393F4CC4F80893D6
:1079C000BFF35F8FBFF36F8FFFF766FFB04271EBBE
:1079D000070308F0010840D2384B301A67EB010169
:1079E000984271F1000148D2354BD3E902239F42FE
:1079F00008BF96423AD04FF0000C26F07F408346F5
:107A000003216FF0020EC4F84893C4F840C1D4F8C3
:107A10004031DFF8B0A02BF07F43C4F84035C4F804
:107A20004493D4F80425AEEB02035B4423F07F4378
:107A300053451BD9D4F840315BB1D4F80425131A4F
:107A400023F07F43B3F5000F10D9C4F840C1D4F838
:107A5000403101EB020B0131DDE71B4BD3E8EF1F97
:107A600041F00101C3E8E21F002AF7D1144B174A85
:107A7000C3E902671A6000225A60B8F1000F16D0FD
:107A8000D5E8EF3F43F00103C5E8E23F002AF7D114
:107A90004FF48032084BC3F804230B4BD3E8AF3FBD
:107AA000DB0742BF4FF48002094BC3F80021BDE859
:107AB000F88F00BFE8320021006001410100800022
:107AC000C0170021FDFF7F00E4320021457801014D
:107AD00000E100E070B54FF0FF3000254FF0FF31BE
:107AE000164C174B0226C4F80833C4F84833154B1C
:107AF000C4F80855C3E902014FF480334FF4800203
:107B0000C4F80433104B0121C4F804631620C3F8F1
:107B100080212A46FEF708F91620FEF7D5F8012342
:107B20000A4AA3600021236009481360FFF736FF6B
:107B30003046FFF7FBF9284670BD00BF00600141E9
:107B400003000F00C017002100E100E0E83200212F
:107B5000FFFF7F00431C10B50F4C05D08442A8BF27
:107B60000446012CB8BF0124FFF796FE0B4AD2E968
:107B70000031C01AB0F5000F074A0AD220449042E3
:107B800028BF1046BDE81040C01841F10001FFF7C2
:107B900005BF1046F6E700BFFFFF7F00D0170021AA
:107BA00008B5FFF779FE024B1B68C01A08BD00BF7D
:107BB000D017002102460B46014803F08FB800BFE2
:107BC000E4010021014803F051B900BFE4010021A4
:107BD00070B5064688B00D462348244903F0E8FDF9
:107BE00003A8F8F79CFA224807F01BFE002834D0BF
:107BF000204B01A80193EBF7E7FE88BB4FF0FF3065
:107C00004FF0FF31FFF7D6FF044638B91A491B4839
:107C1000EBF730FA044620B1FFF7D4FF204608B056
:107C200070BD41F64C5302A80293EDF775FC20B1EC
:107C3000FFF7C8FF6FF08504F0E7012368468DF871
:107C40000030F9F7C7FF0028F2D1FFF7BBFF336917
:107C50000B481D60FEF790FFE0E76FF01204DDE7D0
:107C60006FF01504DAE700BFF432002121EA0101C8
:107C7000ECFC0101857C0101E0170021397E010146
:107C80000D7E010103460A4610B5114881680C6853
:107C900064B910496623104A104806F008FA1048E3
:107CA00006F005FA66210C4806F0F8F91946A047D7
:107CB00068B10C494FF436730B4A084806F0F7F9DF
:107CC0000A4806F0F4F94FF436710748ECE710BDA6
:107CD000ECFC01016F1202013B120201E8030201F8
:107CE0008F120201DF030201B5120201EE1202013E
:107CF00030B5344885B0EBF7A1F8044600285BD1D5
:107D0000EBF7FAF9EBF704FAF8F70BFAF8F70BFAD6
:107D1000F8F70DFAF8F709FAF8F709FAF8F709FA97
:107D20000121204601AA8DF80440EBF7CFF8002886
:107D300041DB02252046294601AA8DF80450EBF7C5
:107D4000C5F8002837DB08230721204601AAADF833
:107D50000430EBF7BBF800282DDB4FF0FB13019349
:107D600040F203230321204601AAADF80830EBF7C7
:107D7000ADF800281FDB0421204601AA8DF804502D
:107D8000EBF7A4F8002816DB40230621204601AAC1
:107D9000ADF80430EBF79AF800280CDB41F25A6397
:107DA00098420CD984F31188BFF36F8F04231846CF
:107DB00002DF6FF00B000446204605B030BD2046C0
:107DC000F9E700BF79E9010108B50A490A4807F057
:107DD00092FD00280CDA09492F23094A094806F0C8
:107DE00066F9094806F063F92F21054806F056F9AF
:107DF00008BD00BFF4320021402E0021BE18020150
:107E000028130201E803020151130201094B93F800
:107E1000FB31042B02D1810709D47047022B02D118
:107E2000020704D47047082B03D1830601D5FFF75E
:107E3000CBBF70479E33002170B53A4C94F8FB31AC
:107E400003B394F8FB31042B3ED120783E282DD18A
:107E5000A378022B28D00D2B28D1E378012B25D134
:107E6000A588C5F3001500220023294606F09AFCD8
:107E70000646E8B9BDB1002384F8FB31BDE8704087
:107E8000FFF7A2BF4FF0FF304FF0FF31FFF792FE38
:107E900048B9204604F2FB1100F00AFD0546FFF741
:107EA00091FE002DCDD070BD0125DCE70025DAE77D
:107EB00062781C4902320C3006F024FC31461A4B21
:107EC0001B681A489847D6E7022B15D100220023D9
:107ED0000820FEF731FE05460028E4D0628804320F
:107EE000B2F5FE7F14D20F4905F10C0006F00AFC32
:107EF0000D4B29461B68E4E7082BBCD10022002368
:107F00002020FEF719FE628805460028E7D1CAE75F
:107F1000002383F31188BFF36F8F0423184602DF19
:107F2000A9E700BF9E330021F032002124FD0101AA
:107F300042F26403984244D030D842F21903984286
:107F400020D842F20C03984215D840F21D4240F26C
:107F50000643904218BF984214BF0120002070478A
:107F6000A0F501502838184B80B2C34003F001033C
:107F700083F001007047A0F500500D3841F2412315
:107F800080B2F2E742F2320398421AD0A0F50150D3
:107F90000338012894BF00200120704742F2850376
:107FA000984209D842F267039842D9D842F2660350
:107FB000C01A18BF012070474FF6025320F0080086
:107FC000F6E70020704700BF2F8040202DE9F341E5
:107FD000B74D06882A78044633B2002A40F06384FD
:107FE00042F23D018B4241DC42F235018B4226DCFC
:107FF00042F206018B4232D02CDC40F603418B4228
:1080000042D004238DF80730AA4B2788D3F800808C
:10801000B8F1000F69D1B7F5105F4FEA97235FD22F
:10802000002B60D0013B072B5DD8DFE813F0780010
:108030005C008A00F9004B015C005C005B01A6F566
:108040000053373B062B15D8DFE803F02121211917
:1080500014212100A6F50053083B022BD1D804219E
:10806000012395480278A2B90370CAE742F27F0261
:108070009342C6D100230521EB710223F1E70023CF
:108080000621EB712B72F8E78B4B1A70B9E70421CC
:10809000F3E79A42B5D03046FFF74AFFA8B10E2366
:1080A0006B700123EB700C23A970AE80AB710123C0
:1080B0002B7040F635439E4203D1AB79002B00F084
:1080C000F083002002B0BDE8F0810F236B70042321
:1080D000AB700C23EB700123A5F805602B71E6E76C
:1080E0003F2B00F0298301217DE0744920460DF1EA
:1080F00006030DF10702C047012801468BD09DF809
:10810000063013B9012940F0C2830F236B7004239A
:10811000AB700123E9702B71A5F80570C7E7204605
:1081200040F2064230F9033B934206D040F21D4232
:108130009342D8D1EDF76AF801E0ECF7A9FF0146C8
:1081400051E0204640F6354130F8032B13B28B4204
:1081500028DC40F62C418B420ADC40F60142934277
:108160002FD040F603429342BDD1F7F7CFFFE6E7A9
:10817000A2F62D43082BB6D801A252F823F000BF77
:10818000C9810101E7800101E7800101E780010168
:10819000DB810101E7800101E1810101E78001014B
:1081A000F781010140F67B42934227D040F67C42A2
:1081B00093422CD040F66342934294D1EAF7F8FF01
:1081C000BDE7EAF7E3FFBAE79DF807303C49033320
:1081D0008DF80730F8F7E2FFB1E7ECF7CFFEAEE736
:1081E00006F062FCC1B23846FFF7A2FE80F0010043
:1081F0008DF8060083E7ECF7EFFEA0E79DF8073067
:108200002F4904338DF80730F9F73DFC97E79DF8C7
:1082100007302B4902338DF80730F9F757FC8EE70A
:108220002388A3F58053013B082B3FF65CAF01A2E6
:1082300052F823F0598201016B8201017F82010112
:10824000E7800101E7800101E7800101E78001018A
:10825000E78001019F8201019DF80730184808332B
:108260008DF80730F8F788FF69E79DF80730144864
:1082700040338DF8073006F0D5FB0021B3E700222C
:108280009DF8073008338DF807300D4B1A605A609F
:10829000EB7A23F0600343F06003EB72EDE79DF8A7
:1082A0000730074806338DF80730F8F7C7FF46E771
:1082B0009B350021043300219A3500219C35002193
:1082C000A235002141F2054322889A427FF40BAF88
:1082D0009DF80730E4490333E01C8DF80730F9F7C7
:1082E00037FC2CE7204630F8033BA3F50053013B55
:1082F0007E2B3FF6F8AE01A252F823F0F98401017B
:10830000FF84010111850101E7800101238501013D
:10831000298501012F850101418501014785010161
:108320004D850101E7800101E7800101E78001013E
:10833000E7800101598501016B850101718501010A
:1083400077850101E78001017D85010183850101B8
:10835000958501019B850101AD850101E780010142
:10836000BF850101D1850101E3850101E78001019C
:10837000E7800101E7800101E7800101E780010159
:108380000D8601011F86010131860101E78001018F
:10839000E7800101378601013D8601014386010125
:1083A00049860101E7800101E78001015B86010147
:1083B000618601016D8601017F86010191860101BF
:1083C00097860101E7800101E78001019D86010197
:1083D000B5860101C7860101CD860101D386010161
:1083E000D9860101EB860101FD86010103870101A8
:1083F000E7800101E7800101E7800101E7800101D9
:10840000E7800101E7800101E7800101E7800101C8
:10841000E7800101E7800101E7800101E7800101B8
:10842000E7800101098701012187010133870101EB
:108430001B870101E7800101E7800101E78001015D
:10844000E7800101E7800101E7800101E780010188
:10845000E7800101E7800101E7800101E780010178
:10846000E7800101E7800101E7800101E780010168
:10847000E7800101E7800101E7800101E780010158
:10848000E7800101E7800101E7800101E780010148
:10849000E7800101E7800101E7800101E780010138
:1084A000E7800101E7800101E7800101E780010128
:1084B000E7800101E7800101E7800101E780010118
:1084C000E7800101E7800101E7800101E780010108
:1084D000E7800101E7800101E7800101E7800101F8
:1084E000E7800101E780010153850101E780010177
:1084F000E7800101A3860101EAF764FE1FE69DF80B
:108500000730594803338DF80730ECF7B7FD16E60E
:108510009DF80730544808338DF80730F9F716F8FE
:108520000DE6F8F7A8FE0AE6ECF786FF07E69DF8E9
:1085300007304D4801338DF80730F8F76BFEFEE544
:10854000F9F71DFAFBE5F9F705F9F8E5F9F75AFA35
:10855000F5E5F9F74FFBF2E59DF8073042480133A6
:108560008DF80730F8F754FDE9E5F8F758FDE6E532
:10857000F8F7A0FDE3E5F8F7B9FDE0E5F8F780FFCF
:10858000DDE59DF80730384907338DF80730F8F7F7
:1085900080FED4E5F8F7CAFFD1E59DF807303249EF
:1085A00010338DF80730F8F740FEC8E59DF8073026
:1085B0002D4808338DF80730F8F7EAFDBFE59DF840
:1085C0000730294902338DF80730F9F73CFAB6E550
:1085D0009DF80730244902338DF80730F9F744FA43
:1085E000ADE59DF8073008338DF807308F23EB7128
:1085F000CC232B7230236B72EC23AB72C023EB7253
:1086000001232B7300236B73AB7336E69DF80730A1
:10861000154902338DF80730F8F75CFE8FE59DF8B9
:108620000730114804338DF80730ECF7B9FD86E5C3
:10863000ECF79EFD83E5F8F700FD80E5F8F720FDF7
:108640007DE5F8F787FD7AE59DF8073006480133A8
:108650008DF80730F8F78CFD71E5F8F76BFD6EE5E6
:10866000F8F75FFD6BE500BFA23500219DF80730EC
:108670008E4808338DF80730F8F760FE5FE59DF807
:1086800007308A4904338DF80730F8F77FFE56E546
:10869000ECF790FD53E5F8F7B8FE50E5F9F750F91F
:1086A0004DE59DF80730814901338DF80730F8F723
:1086B00055FF44E59DF807307C4901338DF80730BC
:1086C000F8F77FFF3BE5F9F77FF938E5F9F7CAF8E6
:1086D00035E5F9F7FAF832E59DF8073073480233CB
:1086E0008DF80730F9F7DCF829E59DF807306F4879
:1086F00001338DF80730F9F7DDF820E5F8F78EFF44
:108700001DE5F8F799FF1AE59DF807306748023331
:108710008DF80730F8F75DFD11E5F8F720FE0EE55E
:108720009DF80730614804338DF80730F8F762FD93
:1087300005E5ECF759FC02E520464FF60C5230F8FF
:10874000033B934246D84FF60252934224D803F299
:10875000FF3292B20A2A3FF6C6ACA3F57C43013B36
:108760000A2B3FF6C0AC01A252F823F0ED870101BD
:10877000FF870101E7800101E7800101E780010136
:108780004D880101E7800101E7800101298801018D
:108790003B88010153880101A3F57D43033B092B6D
:1087A0003FF6A1AC01A252F823F000BF6588010199
:1087B000E78001016B880101E7800101E780010189
:1087C000E780010171880101E7800101E780010173
:1087D000778801014FF6145293424FD04FF616524C
:1087E00093427FF480ACECF79FFEA8E49DF807303D
:1087F0002E480C338DF80730F7F79DFC9FE40022DC
:108800009DF8073040338DF80730284B1A80EB79FC
:1088100023F0230343F02303EB712B7A23F00703A8
:1088200043F007032B7228E59DF807301F481733E4
:108830008DF80730F7F79AFC81E49DF807301B4864
:1088400020338DF80730F7F7B5FC78E4F7F78CFCA8
:1088500075E49DF80730154801338DF80730F7F7B8
:10886000C6FC6CE4F9F7B6F969E4ECF755FE66E48A
:10887000F7F7D3FC63E4F9F796F960E49DF8073065
:108880000A4904338DF80730F7F7CBFC57E49DF81D
:1088900007300E22AB7001236A70EB70AF80A971B4
:1088A00005E42B700DE44FF0FF300BE4A2350021FE
:1088B00038B5094C0D4623781BB9BDE83840F7F7A9
:1088C00022BEA278611C023207F0F2F800200423D5
:1088D00020702B7038BD00BF9B3500211FB50023D1
:1088E0000A2201930293CDF80B300091014601A8B2
:1088F00007F015F940F24D13074A0849084805F0FA
:10890000D6FB084801A9009A05F0D1FB40F24D11B1
:10891000014805F0C3FB00BF7F130201BE1802012E
:10892000E8030201AC130201322337B50125ADF88B
:10893000043000231A216846104A8DF80630ADF83D
:1089400000508DF80230F7F721F8044698B905F089
:1089500073FF80B2F5F758F82A4621460C20FDF740
:10896000E3F92A4621461120FDF7DEF92A46214681
:108970000820FDF7D9F9204603B030BDDD8801019C
:1089800008B54FF0FF304FF0FF31FFF713F948B152
:1089900007490848E623084A05F089FBE62106480E
:1089A00005F07CFBFBF78CFEBDE80840FFF70AB939
:1089B000C3130201E80302017F13020108B50A494B
:1089C0000A4806F098FF00280CDA09492F23094AC3
:1089D000094805F06CFB094805F069FB2F210548A3
:1089E00005F05CFB08BD00BF08330021402E0021CC
:1089F000BE18020128130201E8030201511302010B
:108A000013B500246FF009034FF480620A490B4844
:108A1000009403F055F80A49084806F082FF094916
:108A2000094802F0C5FE224604211A20FDF77CF910
:108A3000204602B010BD00BFE8410021402E0021B9
:108A4000D0130201818901010833002110B50120F2
:108A500094B0F4F79BF847480DF1010100F0F8FCE1
:108A600018B16FF00B0014B010BD42480DF10201B7
:108A700000F0EEFC0028F4D10DF103013D4800F0B8
:108A8000E7FC01460028ECD1342207A807F01DF8C6
:108A90001A220B230321CDE901231223CDE903314F
:108AA0000A238DF81430344B9DF801201B888DF873
:108AB0002220ADF8153040F601320D23ADF8282004
:108AC0008DF8173040F201122C4B2D4806931E23CF
:108AD000ADF82C20ADF838209DF8032009900C90BB
:108AE00040F601208DF81D308DF83A200123FF2239
:108AF0009DF80240ADF8340012A88DF820308DF8B2
:108B000021308DF82E408DF841208DF8453006F04B
:108B10000AF80028A7D140F20673ADF84C300823BC
:108B20008DF84B008DF84E301648436881681B68FD
:108B30000269DB040ED4144940F21143134A14486D
:108B400005F0B5FA134805F0B2FA40F211410F48AA
:108B500005F0A4FA136823F4805313600B684FF4F4
:108B600020220C21984700287FF47DAF01A8F4F75C
:108B700083FB78E7E40000215B14020100058C41CF
:108B800000088C41B4FC01010B140201DA1302014C
:108B9000E8030201491402012DE9FF41214805F0D3
:108BA000D1FF002604461F4B1F4FD3F83880B04535
:108BB00003D8002004B0BDE8F081636A97E807009D
:108BC0001D6801AB83E807000C221946284606F011
:108BD00084FF78B975B122692B699A420AD1AB69D1
:108BE000A2699A4206D8E2699A4203D963696A691E
:108BF00093430CD0256A75B10C4805F042FA002366
:108C000083F31188BFF36F8F0423184602DFE368F4
:108C100001361C44CBE7064805F033FA636A1D6051
:108C2000F5E700BF002A000114FF01015E140201F4
:108C30008714020110B9024B1B681847704700BF28
:108C40001833002110B538B101280BD1BDE8104010
:108C500000200B49F4F70CBE0A4B0120BDE8104080
:108C60001B68184708494C23084A094805F01FFAB1
:108C7000084805F01CFA4C21044805F00FFA00BF23
:108C8000358C010118330021BE180201BA1402010B
:108C9000E8030201F714020108B598B1012804D1D4
:108CA000BDE808400020F4F7FFBD07495F23074AED
:108CB000074805F0FCF9074805F0F9F95F2103487A
:108CC00005F0ECF908BD00BFBE180201BA1402019C
:108CD000E8030201F7140201014B186000207047FD
:108CE000183300210022D30003F1FF7303F5803312
:108CF000D3F80013013107D0D3F800130132D3F8B1
:108D00000433202A0B60EED11E4BD3F83021072A02
:108D10000DD1D3F83431022B09D11B4BD3F80024E9
:108D2000D00742BF0022C3F81421C3F81821154B05
:108D3000D3F83021072A1FD1134AD2F80014C907EB
:108D400044BF6FF00101C2F80014D3F83431023B84
:108D5000022B11D97F230D4A0D49C2F81831002387
:108D6000C1F8043EC1F8083EC2F82431C2F82C31E3
:108D700002F57F22C2F81031064B1A68064BC3F881
:108D8000442570470000FF010050004100200041D1
:108D9000000008410080FF0100600041014B1860A5
:108DA000704700BF1C33002110B50B4B14461868E8
:108DB00058B90A490A4840F2F3130A4A05F077F90C
:108DC00040F2F311074805F069F905F0D0FE0028DC
:108DD000A4BF2070002010BD1C33002144150201E7
:108DE000E80302010715020108B5094B186858B9D4
:108DF000084909484FF40273084A05F058F94FF43E
:108E00000271064805F04AF9BDE8084005F0AFBE1A
:108E10001C33002144150201E80302010715020179
:108E20000123024A8340C2F80435704700F0004134
:108E3000034A4309D35C00F01F001844C0B27047D6
:108E40003324020110B504460846FFF7F1FF04EB96
:108E50004000838ADA051CD5C3F3432123F4F85379
:108E6000838204F1120204F1720032F8023F13F41B
:108E7000807F03D0C3F3432399420AD09042F4D1B8
:108E8000002204EBC1035A6004F1780005F089FE6A
:108E900000B910BD054906484FF4DB73054A05F0DB
:108EA00006F94FF4DB71034805F0F8F8DF0302011F
:108EB000E80302015A15020108B50268014610468E
:108EC00005F08EFE58B910494FF482630F4A1048DE
:108ED00005F0EDF84FF482610C4805F0DFF802F080
:108EE0001F0352090B600BD0012A0BD0094940F235
:108EF0001943064A064805F0DAF840F21941EBE753
:108F0000054808BD0548FCE7B611020183110201BE
:108F1000E8030201BE18020100058C4100088C41E3
:108F2000072808B50BD90849084840F2A733084A72
:108F300005F0BDF840F2A731054805F0AFF8800014
:108F400000F5807008BD00BFCD150201E8030201E5
:108F500098150201024611F0010030B511D18B07BE
:108F6000C1F3400019D50D49086A50600C4A0862E7
:108F7000D2F83021072A08BF0A6A003818BF01203A
:108F80000BE0084C064D236A13602362D5F830517C
:108F9000072D08BF246A002BE1D030BD00088C41AA
:108FA0000000FF0100058C41F7B504460846FFF7B5
:108FB0003FFF04EB4006B38A0D46DB072AD5204667
:108FC00005F001FF2946204605F01CFE50B1204661
:108FD00005F047FE0023276807EB8000C0F8103536
:108FE000C0F81035204600242946FFF72BFFB48235
:108FF00001A80195FFF760FF019B00EB8300D0F80B
:109000000022064B134043F00203C0F80032204612
:1090100003B0F0BD6FF01500FAE700BFF0F0FCFF01
:109020002DE9F0430E461746044685B058B95A4913
:109030005A4840F25E435A4A05F039F840F25E4120
:10904000574805F02BF80846FFF7F2FED7F80080E6
:109050000546B8F1000F19D0204605F0F7FD18BB02
:109060004346CDE900008DF80E008DF80F000DF19C
:109070000F0230460DF10E0105F01CFE04EB450217
:10908000938A23F0020343F0010393827B689BB32E
:109090003146204693F80080D3F8049005F0CBFDCC
:1090A00028B1B9F1000F1FD06FF0150027E004EBD5
:1090B0004500838A23F4604323F020038382B9F1BF
:1090C000000F11D0B8F1030FEED87B6821685B6800
:1090D00093F800C04FEA8C031944B8F1000F11D186
:1090E000C1F81085C1F8108504EB4502938A23F07E
:1090F0001C0343EA88039382BB6843BB002005B08E
:10910000BDE8F083D1F8102522F00302C1F8102544
:1091100022681344D3F8102522F44F3222F440720F
:10912000C3F810253202D3F8101502F47C5242EA3B
:1091300008420A43C3F8102504EB4C03A3F87C60F3
:10914000838A43EA4C3343F020038382CCE73146E1
:10915000D3E900782046FFF775FE002FCED0636874
:109160009F4206D004F1780005F001FD002804DAE2
:10917000C5E7A3689845F5D1002004EBC003C3E917
:10918000017804EB4505AB8AC0B243EA402343F4BF
:109190008073AB82B2E700BFD7150201E80302017A
:1091A0005A1502012DE9FF410C4616461F46054699
:1091B00058B93C493C484FF48D633C4A04F077FF72
:1091C0004FF48D61394804F069FF0846FFF730FE1F
:1091D000804616B3284605F02EFD18B9284605F03E
:1091E00011FD08BB2146284605F017FD10B1737824
:1091F000012B19D001238DF80F300023721CCDE90B
:1092000000632046B31C0DF10F0105F053FD05EB83
:109210004802938A43F003039382002F3FD02146F4
:10922000284605F008FD20B96FF0150004B0BDE830
:10923000F08100223E782B6805EB480003EB8603A3
:10924000C3F81025C3F81025838A4FEA860C23F44F
:10925000604323F020038382797801B32A68BF78C2
:109260006244D2F81035090423F4991323F4F85317
:10927000C2F81035230201F4403103F47C530B4350
:109280003905D2F8105501F480110B432B43C2F875
:109290001035838A43EA463343F02003838200205B
:1092A000C4E700BFD7150201E80302015A15020105
:1092B00008B558B90749084840F27143074A04F015
:1092C000F6FE40F27141054804F0E8FEC0E90312E1
:1092D00008BD00BFD7150201E80302015A150201BB
:1092E00070B51546044658B9134940F27A43134AFB
:1092F000134804F0DCFE40F27A41104804F0CEFE40
:109300004AB9104940F223330C4A0D4804F0CFFE0D
:1093100040F22331F1E705F075FC48B10846FFF74C
:1093200087FD04EB40040020A38A5B0B2B7070BD0B
:109330006FF01500FBE700BFD71502015A150201B7
:10934000E8030201E215020170B5044658B9164956
:1093500016484FF49163164A04F0A9FE4FF4916148
:10936000134804F09BFE90F88C50D5B96022294632
:10937000143006F0AAFB2668E8B20135FFF7D0FDED
:10938000082DF9D1002546F30730C6F87C51D6F8F0
:109390007C31FCF799FC0123284684F88C30A367C4
:1093A00070BD6FF07700FBE7D7150201E8030201FB
:1093B0005A15020108B558B90849094840F28F43C7
:1093C000084A04F074FE40F28F41064804F066FE3D
:1093D00090F88C00003818BF012008BDD715020195
:1093E000E80302015A15020108B558B907490848AF
:1093F00040F29D43074A04F05AFE40F29D41054861
:1094000004F04CFEBDE80840FFF7CEBDD7150201C1
:10941000E80302015A15020108B558B9084909487C
:1094200040F2A443084A04F042FE40F2A441064838
:1094300004F034FE0548BDE8084005F0B2BB00BFAB
:10944000D7150201E80302015A150201800100212B
:1094500010B50C4658B90A490A4840F2AB430A4ACB
:1094600004F025FE40F2AB41074804F017FE074820
:1094700005F07DFB0028A4BF2070002010BD00BFB8
:10948000D7150201E80302015A15020180010021EB
:109490002DE9F3410D461646044658B938494FF4B4
:1094A000A563384A384804F002FE4FF4A5613548F8
:1094B00004F0F4FD05F0B1FB48B9344940F23543FE
:1094C000304A314804F0F3FD40F23541EFE72046E1
:1094D00005F098FB2768F8B1204605F0ACFB804604
:1094E000D0B9204605F0BDFB0546FFF719FD47F84A
:1094F00000803B58236803EB8503D3F8102542F026
:109500000102C3F8102526B101232268AB40C2F83E
:10951000043302B0BDE8F081D7F80433002BA4BFB8
:109520004FF00043C7F804334EB9194940F24F4396
:10953000144A154804F0BBFD40F24F41B7E72846F6
:10954000FFF776FC04EB4004A38AC3F38203042BE9
:1095500011D0052B11D001A80195FFF7ADFC019B9F
:109560000169D94001F001010231284602B0BDE88D
:10957000F04105F0ECBB0321F7E70221F5E700BF5E
:10958000D71502015A150201E8030201EC15020188
:109590000D16020108B558B90749084840F22F5383
:1095A000074A04F084FD40F22F51054804F076FD8F
:1095B000BDE8084005F007BCD7150201E803020129
:1095C0005A1502012DE9F04F07468BB058B9704982
:1095D000704840F25C63704A04F069FD40F25C61DF
:1095E0006D4804F05BFD804658F804AB0822DAF8B9
:1095F00004135046C9B241F0004105F0B7FB051E07
:109600002FDA0023032108A8CDE90833FFF7A2FCD5
:109610004FF0000B614B0DF120090293029A604953
:1096200012F8013B0292DA088A5C03F0070322FA7F
:1096300003F3DB071BD40BF10103022B4FF0010BEB
:1096400009F10409EAD14FF000410022504605F02B
:109650008DFB032108A8FFF77DFC0028D8D125F059
:1096600000450124002D7DD10BB0BDE8F08F4D4B9E
:109670005B440393D9F800100029DCD091FAA1F1E2
:10968000B1FA81F1039B1C7841EA44142046FFF7AC
:10969000CFFB07EB4000828AC808C2F38203CDE902
:1096A00004230193012319F8006001F0070103FA74
:1096B00001F126EA010109F8001007A80794FFF755
:1096C000FBFB0799049A803150F8216012F0100FCB
:1096D000059BC6F301462CD021464046019A05F071
:1096E000CAFA07A80794FFF7E7FB079BF6B2803397
:1096F00050F82330C3F301439E4207D10021204696
:1097000005F025FB3146204605F021FB07A807940C
:10971000FFF7D2FB0122079B02FA03F30362224BFD
:10972000D3F83031072B01BF036A036A036A036A67
:10973000A0E7022E14BF022103212046049305F066
:1097400006FB049B032B03D0022E07D1012BDDD196
:1097500021464046019A05F08EFAD7E7032ED5D16F
:10976000022BF4E795FAA5F3B3FA83F304FA03F2B4
:1097700025EA020503F5A2725AF8222007EB4303FB
:109780004046B3F87C10C2F3014205F074FA69E771
:10979000D7150201E80302015A1502014324020110
:1097A00038030201432402010000FF01F8B5174607
:1097B0000E4649B90C490D4834230D4A04F077FC94
:1097C00034210B4804F06AFC0A4D2C7944B912206C
:1097D000FCF77AFA012320462B712E60AF60F8BDAA
:1097E0006FF07700FBE700BF09120201E8030201F6
:1097F000181602012033002138B518B1154B1B791A
:10980000012B09D0144915484723154A04F04FFC91
:109810004721134804F042FC0023124A50F8234029
:1098200003F5A2710133102B42F82140F6D1002339
:109830000C4A00F13C0103F5B27451F8045F0133A6
:10984000102B42F82450F6D1D0F88030C2F80433FF
:1098500038BD00BF2033002153160201E803020186
:10986000181602010020014108B5094B1B79012B94
:1098700009D0084908487623084A04F018FC7621E4
:10988000064804F00BFC064A8340C2F8043308BDC6
:10989000203300218A160201E80302011816020192
:1098A0000020014108B5094B1B79012B09D008495B
:1098B00008487E23084A04F0FAFB7E21064804F09B
:1098C000EDFB064A8340C2F8083308BD203300216F
:1098D0008A160201E8030201181602010020014164
:1098E000F8B501260027124B124DD3F80C4304B9EA
:1098F000F8BD94FAA4F0B0FA80F006FA00F30F284D
:1099000024EA03040BDD0C490C4840F217230C4AEF
:1099100004F0CDFB40F21721094804F0BFFB094BCE
:1099200082009F502B68002BE1D0A9689847DEE7A2
:109930000020014120330021E5160201E803020165
:10994000B3160201002101412DE9F0410E461746F0
:109950000C4D55F81C4FAC4203D16FF01200BDE81E
:10996000F081314654F8440CA4F14408FAF7BDFEE6
:1099700030B9C7F800804046BDE8F04105F015BB9E
:109980002468E8E72C33002110B5D0E909124A60B9
:10999000416A00F124031160C0E9093343680446B9
:1099A00003B19847054A936833B11279062A03D95F
:1099B0000720226802499847002010BD2C3300215F
:1099C000F01602012DE9F04107460D460B4E56F800
:1099D0000C4FB44202D16FF001000AE0394654F84E
:1099E000240CA4F12408FAF780FE20B91DB1C5F8B3
:1099F0000080BDE8F0812468EBE700BF2C33002134
:109A000038B5044600B30068F0B10378E3B1002133
:109A1000FFF7D8FFD8B104F11C03C4E907330D4B9D
:109A200004F12402196903F10C00A16260621A6159
:109A30000A609D6835B11B79062B03D9072022687F
:109A40000549A847002038BD6FF01500FBE76FF00F
:109A50001000F8E72C330021F216020138B5124C41
:109A60000546216819B100200131216038BD24224A
:109A7000204606F02AF82B682846A3602B7923712C
:109A800004F10C03C4E9033304F11403C4E90533FE
:109A900004F11C03C4E9073300F01AF80028E5D1EB
:109AA000236801332360E1E72C33002138B5074DEB
:109AB0002C68013C2C6044B900F012F8214628467D
:109AC000BDE83840242206F000B838BD2C33002110
:109AD00008B50248FFF794FF002008BD840100216B
:109AE0000148FFF751BF00BF840100210EB4431E9F
:109AF000062B33B588BF0020094B05AC54F8045B36
:109B000053F82010074804F0BCFA21462846019477
:109B1000FAF79EFF02B0BDE8304003B0704700BFC7
:109B20003C0302010D1702012DE9F04F87B01746E3
:109B30009B460446DDF840A000284BD0056A35B1AD
:109B40002D6825B1AC4607B0BDE8F04F6047E36A29
:109B50009F4242D80026BE4203D1002007B0BDE894
:109B6000F08F182303FB06F8D4F83090A26909EBB4
:109B700008052B1D0593CAB9686969680368B5F8BB
:109B80000CC0C91AAB680CF1030E5D1E05EB0C1579
:109B90005B4205EB4E051D4005EBCC0385680633A3
:109BA000A94228BF4FF0FF3105F0CBF959F8083032
:109BB00020460293236AB1B29B6A01935AF8263079
:109BC00000935BF82620059B05F034FA0028C5D1E8
:109BD0000136C0E76FF01500C0E70148BEE700BFDF
:109BE00040F4FFFF10B5044690B1028D43899A42BC
:109BF00009D0084A936833B11279032A03D942681D
:109C00000549042098472046BDE8104005F048BFAC
:109C100010BD00BF2C330021A817020130B54489C4
:109C20008C4212D9436A013C5D882C4003EBC4038B
:109C300059609A60BFF35B8F426A53880133538047
:109C4000438D01334385002030BD0148FCE700BF50
:109C500041F4FFFF70B4039E144658B1006A48B146
:109C600043B1013406D0002E04DBC46F14B1A44606
:109C700070BC6047014870BC704700BF2DF8FFFF03
:109C800070B4039E144660B1006A50B14BB1013408
:109C900007D0002E05DBD0F88C4014B1A44670BC70
:109CA0006047014870BC70472DF8FFFF2DE9FF4762
:109CB000DDF834800E4691469A460546002876D057
:109CC000002974D0B8F1000F71D001F16407384653
:109CD00005F01AFBBAF1FF3F49D1346E06F150028C
:109CE00004F18000844204F01F0C07D2C4F3411138
:109CF00052F8211021FA0CF1C90736D4012104F0E1
:109D00007F04600952F8203004F5806A01FA0CF1F2
:109D100004F201440B4304F07F0442F8203034661F
:109D20006B6C4A4603930E9B2946CDE901830C9B3D
:109D300030460093534605F086FB384601F0D2FAD0
:109D40002C7874B196F89C405CB1AB6A013330D189
:109D50000021284605F017FB044610B1284605F0FF
:109D6000E8FA204604B0BDE8F0870134BAE7BAF556
:109D7000806FD5D3AAF580637F2B06F150010FD8F1
:109D8000580951F8204003F01F0324FA03F2D207C8
:109D90000BD4012202FA03F3234341F82030BFE73A
:109DA000054C384601F09EFADBE7044CF9E7024C1B
:109DB000D7E70024D5E700BF2DF8FFFF29F8FFFF04
:109DC00008B583681A0C0AD1094A93682BB1127935
:109DD000022A02D9032007499847002008BDA3F5AD
:109DE00080338360180CB0FA80F04009F6E700BFBA
:109DF0002C330021CA17020138B50446E8B100F13E
:109E00006405284605F070FBD4F8AC309B692BB98B
:109E1000D4F8A040103C002C03DC01E0012B05D05D
:109E2000074C284605F05EFB204638BDD4F8B40048
:109E300005F052FAA0F11004EDE7024CF4E700BF80
:109E40002EF8FFFF2DF8FFFF38B50446E8B100F10A
:109E50006405284605F048FBD4F8AC309B692BB963
:109E6000D4F8A440103C002C03DC01E0012B05D009
:109E7000074C284605F036FB204638BDD4F8B00024
:109E800005F02AFAA0F11004EDE7024CF4E700BF58
:109E90002EF8FFFF2DF8FFFF2DE9F041A3F1100888
:109EA00053F8087C002388B00693ADF81E301023C9
:109EB000CDE904120E9D0446D0F8B800ADF81C5050
:109EC00001688668A8EB0101B14228BF4FF0FF315D
:109ED0000DEB030204F0FCFF1028BFB20BD02449A5
:109EE0004FF4DF73234A244804F0E1F84FF4DF71A4
:109EF000204804F0D3F804F16406304605F0F4FA83
:109F0000D4F8AC309B69D3B9D4F8A020D4F8AC30E5
:109F1000D4F8B4009B69CBB9CDE90282CDF80080BA
:109F2000012202A905F0B3F8B0B1144940F2C913F7
:109F3000104A114804F0BBF840F2C911D8E739467D
:109F4000D4F8B40005F039F90246DFE7012B03D15C
:109F50003946FFF763FEE7E7D4F8B40005F086F969
:109F6000304605F0BFFA284608B0BDE8F08100BFD2
:109F70002E180201EB170201E80302014718020143
:109F8000F0B504468E680D46B6B23146D0F8B00042
:109F900085B005F012F9D4F8AC3007469A699AB941
:109FA0000095CDE902500123D4F8B00002A905F0D4
:109FB0006EF848B10F497D230F4A104804F077F836
:109FC0007D210D4804F06AF8D4F8AC309B69012B70
:109FD0000ED13A463146D4F8B000FFF71FFE38B133
:109FE00004498323044A054804F061F88321E8E723
:109FF00005B0F0BD53180201EB170201E80302019E
:10A000002DE9FF4103689E6A06F16408404605F0A9
:10A010006BFAD6F8AC309B69DBB9D6F8B0000DF11D
:10A020000A0203A905F08FF80446D6F8AC309B6904
:10A03000012B07D1D6F8B00003AA0DF10A0105F0F3
:10A04000C7F804463CB9404605F04CFA04B0BDE8F8
:10A05000F0810024E9E7BDF80A3000216268A360BE
:10A0600030464FF0FF3305F0C4F9054605F052F9CC
:10A07000A368404603F58033A36005F033FAE5B1E9
:10A08000AB6A696C013308BF2368284608BFAB621E
:10A090002368A28900916F6B04F11001B847002872
:10A0A0000BDA1149114840F25A23114A03F0FFFF1D
:10A0B00040F25A210E4803F0F1FF404605F014FA31
:10A0C000284605F02CF92046FFF77AFE38B13046D5
:10A0D0002146FFF755FFD6F8B00005F0C7F8404617
:10A0E00005F000FA92E700BF5C180201E8030201E4
:10A0F000EB1702012DE9F04385B00F46904603A906
:10A100000D9A0646994605F0B5FA044650B30C9DE3
:10A11000039BD6F8B8009D42A8BF1D460168D0F841
:10A1200008C0611A614528BF4FF0FF312B464A46EF
:10A1300004F0CEFE85420BD00B490C484FF405735A
:10A140000B4A03F0B4FF4FF40571094803F0A6FF72
:10A1500023464246394630460095FFF79DFE05B03E
:10A16000BDE8F0830348FAE768180201E80302013A
:10A17000EB1702012EF8FFFF2DE9F0478AB00D46DC
:10A18000DDE9129716469846044620B9944E3046AB
:10A190000AB0BDE8F0870029F8D0002BF6D00021E6
:10A1A000A022C0F8C81005F090FC012204F1640060
:10A1B000114605F081FB8B4BC4F8AC506667AC626E
:10A1C000E367894BC4F88030884BC4F88430884BEF
:10A1D000C4F88830874BC4F88C30874BC4F8903073
:10A1E000864BC4F89430864BC4F89830AB693BB9C1
:10A1F000002FCBD097E8070004F1A00383E8070005
:10A20000AB69012B04D02B6A03BB6FF00506BEE7D8
:10A21000D4F8AC00002800F0E080036A002BF4D0F2
:10A220009B68002BF1D0984742060CD50021D4F84A
:10A23000AC0005F047F906460028A8D100212120EE
:10A2400002F0CEFBE4E74307F8D5DCE71B69002BFF
:10A25000DBD028469847AB69012B04BF0023286157
:10A2600000F0010008BF6B6184F89C00AB69DBB9AA
:10A270003B7A002B00F0838009F10C03C4F8BC305A
:10A28000B9F1000F82D0D9F80820002A00F0A3808D
:10A290009B68002B00F09F805A4B04935A4B059308
:10A2A0005A4B06935A4B0793AB69012B07D1564B78
:10A2B0000493544B0593564B0693544B079300213C
:10A2C00004F1C003C4E9303306ABC4F8B8800222FD
:10A2D00000932846019104ABFFF726FC06460028B0
:10A2E0007FF455AFAB693BB92B6B1B68C4F8B0303A
:10A2F0002B6B9B69C4F8B430AB69012B07D12B6B76
:10A300009B69C4F8B0302B6B1B68C4F8B430D4F828
:10A31000B40004F07DFF2B6B1B68C3F82C802B6B03
:10A320009B69C3F82C80D5F818A0BAF1000F07D1AB
:10A33000D4F8A4300993D4F8B0305B89534520D8C1
:10A3400094F89C30C4E9004463B100230293314B7C
:10A35000204601933523304A0394009304F1080109
:10A3600005F071F8AB69002B7FF411AF042128468A
:10A3700005F0A8F8074600283FF409AF26E04B4651
:10A380007CE74846D4F8A41005F065F90746E0B12B
:10A39000D8F800100890411AD8F80800002281422D
:10A3A00028BF4FF0FF31D4F8A430404604F0C9FD77
:10A3B000009701230022D4F8B00008A904F067FE3A
:10A3C000074618B90AF1010AB5E7144F284605F007
:10A3D00072F83E46DBE6114ED9E66FF01506D6E67A
:10A3E0002DF8FFFFF5A001013DF5010123F6010164
:10A3F00075F60101999E0101F5F40101499E0101E3
:10A40000F99D0101761802017C18020101A00101E9
:10A41000E3F4010161F50101821802012EF8FFFF4A
:10A42000F0B505460E46174687B0074A03AC07CA83
:10A4300084E807000C9A3146009228463A46019477
:10A44000FFF79AFE07B0F0BD2CFF010138B5436954
:10A4500005463BB90024EA686042537843F00103A3
:10A46000537038BD984704460028F3D000F1FF032D
:10A47000FE2B0ED92123094A09490A4803F017FE89
:10A4800029680948224603F012FE2121034803F0FF
:10A4900005FEEB6844421C70DDE700BF8518020131
:10A4A000A8180201E8030201C018020170B50446B1
:10A4B000EFF31186402383F31288BFF36F8F0E4BA7
:10A4C0009D6805F0C1F9042C0CD10C4987230C4A76
:10A4D0000C4803F0ECFD0C4803F0E9FD8721084827
:10A4E00003F0DCFD86F31188BFF36F8F2846BDE8CB
:10A4F0007040FBF7AFBC00BF5033002107190201C9
:10A50000E5180201E80302012419020138B50A4BDB
:10A5100053F82040013053F82050A54200D838BDF0
:10A52000606830B1037EDB0701D4FFF78FFF08348A
:10A53000F3E723689847FAE75C030201012270B54C
:10A54000374B86B003201A70FFF7E0FFFCF732FAB2
:10A5500005F0ADFA0420FFF7D9FF324C324DAC4282
:10A56000264628D931494423314A324803F09FFD19
:10A57000314803F09CFD44212D4803F08FFD54F831
:10A580000C3C059354F8103C049354F8143C03938A
:10A5900054F8183C029354F81C3C019354F8203CA6
:10A5A000009354E90A2354E90C0101F081FB54F8AB
:10A5B000303C5E65D3E7AE4204F13004DFD301F0F6
:10A5C000C3FF184CAC421FD918496823184A1948D0
:10A5D00003F06DFD184803F06AFD6821CCE7D4E96B
:10A5E0000A23B3F1FF3F08BFB2F1FF3F05D052EAA3
:10A5F0000301206803D102F025FA3034E2E70F4965
:10A60000183002F04FFDF8E7E9D302F00FF803F03D
:10A61000B4FA0B4A938923F00103938106B070BD0D
:10A62000E335002150FE0101B0FE01017A1902015B
:10A6300059190201E8030201A7190201D1C1010160
:10A64000602F00210023012270B586B0CDE90423DC
:10A650000F220193CDE9023214230F4D0F4E03FB5D
:10A6600000550F4906EBC016044601EB00214FF4DC
:10A67000807230460B4B009501F01AFB337C2C7432
:10A6800023F004033374084B013403EBC423EE605E
:10A690006B6006B070BD00BF50330021E02E00217A
:10A6A000E84D0021B9A80101E84500217FB500204F
:10A6B000FFF72CFF344B03F5006282F3088883F325
:10A6C0000A88E023314C84F822302023E3770023EA
:10A6D00023766376A37684F82030626A42F4E0221F
:10A6E000626284F82330FBF75BFAFBF79DFB4FF0C7
:10A6F000FF33A362E362FBF7ADFDFBF715FC2448D3
:10A7000001F080FB234B244A93420ED92349CC23EA
:10A71000234A244803F0CBFC234803F0C8FCCC2197
:10A720001F4803F0BBFC1C33EEE7FCD3FCF73AF9FF
:10A730000120FFF7EBFE02201C4CFFF7E7FE02F0C2
:10A740002FF81B4B00255C611A4B4FF400620593F8
:10A7500001231949CDE903532046184BCDE9015592
:10A76000009501F0A5FA0646237C204623F0040359
:10A77000237401F0E7FC2846FFF764FF31462046CA
:10A780000E4AFBF731FB00BFE845002100ED00E079
:10A79000E02F002198FC01015CFD0101C6190201B6
:10A7A00059190201E8030201A7190201602F0021D3
:10A7B00050330021DE190201E84E00213DA50101C0
:10A7C00038B50D4C0D4DAC4213D90D4925230D4A1A
:10A7D0000D4803F06CFC0D4803F069FC2521094885
:10A7E00003F05CFC2046D4E9011205F030F818347F
:10A7F000E9E7F7D3002038BDCC010021E4010021B6
:10A800004D1A0201E3190201E8030201A71902012E
:10A81000F8B505460E4600F11404EFF31187402306
:10A8200083F31288BFF36F8F204602F0E1FB68B913
:10A8300084231B4A1B491C4803F039FC21461B4852
:10A8400003F035FC8421164803F028FC204602F072
:10A85000F3FB2846314603F05CFB05F10C0001F0E8
:10A8600057FF28B139462046BDE8F84005F09EB8AC
:10A87000204602F0CBFB68B94FF49973084A0C49A3
:10A88000094803F014FC21460A4803F010FC4FF479
:10A890009971D8E787F31188BFF36F8FF8BD00BFB8
:10A8A00064060201BD060201E8030201D2060201AC
:10A8B00091060201A806020108B50D4B9B6893F9A9
:10A8C0000E30002B09DB4024EFF3118384F3128850
:10A8D000BFF36F8F03F0B6FEF6E7064906481C2368
:10A8E000064A03F0E4FB1C21044803F0D7FB00BF39
:10A8F00050330021871A0201E8030201661A02019F
:10A9000008B583684BB90B490B48A4230B4A03F0E5
:10A91000CEFBA421094803F0C1FBD0E9003213604B
:10A920005A600023027CC0E9003322F00202027464
:10A93000836008BDDA1A0201E8030201AF1A0201BE
:10A940002DE9F74F0446884692461E469DF8309002
:10A95000EFF3058373B152EA06030BD05E499923E6
:10A960005E4A5F4803F0A3FB5E4803F0A0FB992119
:10A970005A4819E004F10805EFF311874FF0400B36
:10A980008BF31288BFF36F8F284602F031FB68B952
:10A990008423554A5549524803F089FB29465448B7
:10A9A00003F085FB8421504803F078FB284602F031
:10A9B00043FB626A23699A4276D2EFF311838BF3E9
:10A9C0001288BFF36F8F83F31188BFF36F8F5BB96A
:10A9D0004849BB23484A424803F069FB414803F019
:10A9E00066FBBB214448DFE72668B44219D0C6B1F4
:10A9F0003046FFF785FF06F1180002F02FFCE268F1
:10AA000000244146706905F053F83046B46701F000
:10AA100099FB3946284604F0C9FF204603B0BDE83B
:10AA2000F08F206A6669B04207D3A3695A1E90422C
:10AA300003D8E268191A914207D23049B423274A51
:10AA4000274803F034FBB42192E7B9F1000F21D07D
:10AA5000414605F02DF8236AE2681344A269236297
:10AA6000934201D163692362636A01336362002404
:10AA7000284602F0CBFA50BB4FF499731A4A20498A
:10AA8000174803F014FB29461E4803F010FB4FF44F
:10AA9000997188E7E1698E4218BF0B46981A4146C2
:10AAA000E06105F005F8DFE75AEA06030CD0164B23
:10AAB00022469B683946C3F814802846CDE900A693
:10AAC00001F0CEFB0446A8E76FF02204D0E787F33D
:10AAD0001188BFF36F8FA0E7051A0201F11A020176
:10AAE000E80302014A1A020164060201BD060201DE
:10AAF000D2060201131B0201AF1A02012B1B020135
:10AB000091060201A8060201503300212DE9F74306
:10AB10000446884617461D46EFF3058383B152EA83
:10AB200005030DD060494FF49773604A604803F005
:10AB3000BEFA604803F0BBFA4FF497715B4818E027
:10AB400004F10806EFF31189402383F31288BFF361
:10AB50006F8F304602F04CFA68B98423564A574941
:10AB6000534803F0A4FA3146554803F0A0FA842173
:10AB7000514803F093FA304602F05EFA636A002B04
:10AB800067D0E2684046E16904F092FFE369E26859
:10AB90001344A269E361934204BF6369E361636A9A
:10ABA000013B6362EFF31183402282F31288BFF30B
:10ABB0006F8F83F31188BFF36F8F5BB94149BB235C
:10ABC000414A3B4803F073FA3A4803F070FABB215C
:10ABD0003D48CEE72568AC424BD0002D4AD02846F0
:10ABE000FFF78EFE05F1180002F038FB206A63695A
:10ABF000984207D3A3695A1E904203D8E2681B1AF1
:10AC0000934209D231494FF4A473284A284803F0EB
:10AC10004EFA4FF4A47191E7696904F049FF236A81
:10AC2000E26828461344A2692362934204BF636921
:10AC30002362636A013363620024AC6701F082FA25
:10AC40004946304604F0B2FE2546284603B0BDE82A
:10AC5000F08357EA05031FD01D4B22469B684946E7
:10AC6000C3F814803046CDE9007501F0F9FA0546C5
:10AC7000EBE70025304602F0C9F980B94FF499732B
:10AC80000D4A14490A4803F012FA3146124803F0FB
:10AC90000EFA4FF499716BE76FF02205EAE789F33A
:10ACA0001188BFF36F8FD0E7051A0201F11A020174
:10ACB000E80302014A1A020164060201BD0602010C
:10ACC000D2060201131B0201AF1A02012B1B020163
:10ACD0005033002191060201A80602012DE9F3413B
:10ACE000044617461E46EFF3058565B154497323A4
:10ACF000544A554803F0DBF9544803F0D8F973215E
:10AD0000504803F0CBF9EFF31188402383F3128806
:10AD1000BFF36F8F4E4802F06BF960B984234D4A40
:10AD20004D49494803F0C3F949494C4803F0BFF97C
:10AD300084214848E5E7464802F07EF9484BE2683E
:10AD40009B6892B1A068984227D057EA06022CD19E
:10AD50003F4802F05BF990B188F31188BFF36F8F21
:10AD60006FF00F0002B0BDE8F08193F90E100132D0
:10AD7000C4E902323648216102F048F978B94FF44B
:10AD80009973344A3749304803F091F930493648CD
:10AD900003F08DF94FF49971CBE72169E7E788F368
:10ADA0001188BFF36F8F0020DCE793F90E1090F944
:10ADB0000E30994205DA9942A8BF194604F058FDB1
:10ADC000054622464146CDE90076214801F048FA81
:10ADD0000028E8D0EFF31186402383F31288BFF3F5
:10ADE0006F8F1B4802F004F9002897D0184802F032
:10ADF00023F9A068C0B1236821699C420AD04BB1F5
:10AE000093F90E309942A8BF19466FF07F0399421B
:10AE1000B8BF194604F02CFD30B131460C4804F09F
:10AE2000C5FD6FF00A009DE7002DF6D1084802F03D
:10AE3000EDF80028A3D086F31188BFF36F8FF0E7F9
:10AE4000F31B0201D11B0201E8030201051C0201F0
:10AE50007033002164060201BD060201D206020120
:10AE60005033002191060201A8060201F8B50546FB
:10AE7000EFF3058363B15549EA23554A554803F07A
:10AE800016F9554803F013F9EA21514803F006F981
:10AE90008368002B00F09480504A9268934240F0FF
:10AEA0009280C3684BB94E494FF48173484A494870
:10AEB00003F0FDF84FF48171E7E7012B03D0013B6C
:10AEC000C3600020F8BDEFF31187402484F312889B
:10AED000BFF36F8F434802F08BF860B98423424A76
:10AEE00042493C4803F0E3F83E49414803F0DFF8AB
:10AEF00084213D48CAE73B4802F09EF82969A868CA
:10AF000004F0B6FCEFF3118384F31288BFF36F8F64
:10AF100083F31188BFF36F8F5BB93649BB23364A81
:10AF20002C4803F0C4F8354803F0C1F8BB2132487F
:10AF3000ACE72C68A54215D100232A48C5E90233A5
:10AF400002F064F8002836D14FF49973264A2C4950
:10AF5000204803F0ACF823492A4803F0A8F84FF43E
:10AF60009971C6E7002CE7D0A3683BB92649A42312
:10AF7000214A184803F09BF8A421D8E70026D4E919
:10AF8000003213605A60237CC4E9006623F0020398
:10AF90002374A66004F1180002F060F9AC6094F923
:10AFA0000E3020462B61A66701F0CCF839460D48DB
:10AFB00004F0FCFC85E787F31188BFF36F8F80E70F
:10AFC0006FF015007EE74FF0FF307BE7F31B0201C7
:10AFD000D11B0201E8030201051C020150330021CC
:10AFE0002A1C02017033002164060201BD06020121
:10AFF000D2060201131B0201AF1A02014A1A020112
:10B0000091060201A8060201DA1A020108B5836856
:10B010004BB90B490B48A4230B4A03F048F8A42171
:10B02000094803F03BF8D0E9003213605A6000236E
:10B03000027CC0E9003322F002020274836008BD82
:10B04000DA1A0201E8030201AF1A02012DE9F04702
:10B0500004460D4691469A469DF8206000F1080787
:10B06000EFF31188402383F31288BFF36F8F3846C4
:10B0700001F0BEFF60B984234A4A4B494B4803F0B4
:10B0800016F839464A4803F012F8842145481BE077
:10B09000384601F0D1FF06B16568EFF31183402215
:10B0A00082F31288BFF36F8F83F31188BFF36F8F22
:10B0B00063B94049BB23404A3C4802F0F8FF3F488F
:10B0C00002F0F5FFBB213C4802F0E8FF234653F8AD
:10B0D0000C6F9E4215D0A6B100243046FFF796FFB4
:10B0E00006F1180002F0BAF83046B467C6F81490BA
:10B0F00001F028F84146384604F058FC2046BDE8E7
:10B10000F087BAF1000F14D0082002F0CDFA002821
:10B110003FD00122C0F804900260016801F00301F1
:10B120005DB922680A430260626820606AB96060A3
:10B130000BE04846C9F800A0EFE72A68032A1DD8AB
:10B1400001606168A1B9C4E900000024384601F03B
:10B150005DFF08BB4FF49973124A1949134802F076
:10B16000A6FF3946174802F0A2FF4FF499718DE708
:10B170000A6802F0030202430A60D8E722F00302E1
:10B180000A4302602A6802F0030240EA02032B60CD
:10B19000DBE76FF00B04D9E788F31188BFF36F8FFB
:10B1A000ACE700BF64060201BD060201E80302012C
:10B1B000D2060201131B0201AF1A02014A1A020150
:10B1C00091060201A80602012DE9F74306469046C2
:10B1D0001F4600F10805EFF31189402383F312881D
:10B1E000BFF36F8F284601F003FF68B98423264A16
:10B1F0002649274802F05BFF2946264802F057FF00
:10B200008421214802F04AFF284601F015FF3468E6
:10B210000CB32368726823F00303944208BF736081
:10B22000336023689B0704D06668204604F038FC2E
:10B230003446284601F0EAFEE8B94FF49973124A01
:10B240001549134802F033FF2946144802F02FFF36
:10B250004FF49971D5E758EA0703EAD049462846E2
:10B26000CDE9008706F10C0200F0FAFF38B90C4B6B
:10B270009B685C6903E089F31188BFF36F8F2046F8
:10B2800003B0BDE8F08300BF64060201BD06020101
:10B29000E8030201D206020191060201A80602019A
:10B2A0005033002108B583684BB90B490B48A423E0
:10B2B0000B4A02F0FCFEA421094802F0EFFED0E99F
:10B2C000003213605A600023027CC0E9003322F090
:10B2D00002020274836008BDDA1A0201E803020167
:10B2E000AF1A020170B50446EFF31186402585F3CD
:10B2F0001288BFF36F8F2F4801F07AFE60B9842364
:10B300002D4A2E492E4802F0D2FE2A492D4802F03D
:10B31000CEFE8421284818E0264801F08DFEEFF388
:10B32000118385F31288BFF36F8F83F31188BFF306
:10B330006F8F63B92449BB23244A214802F0B7FE2A
:10B34000234802F0B4FEBB21204802F0A7FE256886
:10B35000AC4212D08DB12846FFF7A4FF05F11800CA
:10B3600001F07CFF00232846AB6700F0EBFE31467E
:10B37000BDE870400F4804F019BBD4E902329A428C
:10B3800018BF01330B48A36001F040FE68B94FF4C9
:10B390009973094A0F490A4802F089FE05490E4887
:10B3A00002F085FE4FF49971B4E786F31188BFF37C
:10B3B0006F8F70BD7433002164060201BD06020167
:10B3C000E8030201D2060201131B0201AF1A0201B7
:10B3D0004A1A020191060201A8060201F7B50446C5
:10B3E00016461D46EFF305837BB152EA05030CD0E8
:10B3F0002D4988232D4A2E4802F059FE2D4802F08F
:10B4000056FE8821294802F049FEEFF311874023B8
:10B4100083F31288BFF36F8F274801F0E9FD60B90D
:10B420008423264A2649224802F041FE2249254823
:10B4300002F03DFE84212148E5E71F4801F0FCFDB4
:10B44000A368D3B1013B1C48A36001F0DFFD68B9DC
:10B450004FF49973194A1C49154802F028FE164901
:10B460001A4802F024FE4FF49971E4E787F311883B
:10B47000BFF36F8F002003B0F0BD56EA05030BD178
:10B480000D4801F0C3FD0028E2D087F31188BFF317
:10B490006F8F6FF00F00EEE722463946CDE9006569
:10B4A000054800F0DDFEE6E7611C0201411C0201D7
:10B4B000E80302014A1A0201743300216406020102
:10B4C000BD060201D206020191060201A806020190
:10B4D0002DE9FF410446794EEFF31187402383F3B2
:10B4E0001288BFF36F8F764801F082FD68B984231C
:10B4F000744A7549754802F0DAFD7149744802F0E2
:10B50000D6FD84216F4802F0C9FD6D4801F094FD1D
:10B51000D4F88450F5B9022104F19C0004F0D8F964
:10B52000002840D004F1940500220121284601F0B2
:10B530001BFC0028F8D100234FF0FF3202934FF09C
:10B54000FF333946CDE900235D4804F18C0201F058
:10B5500069FCC1E7D4F888202B68954208BFC4F87D
:10B560008830C4F88430D4F89C30554843F0020346
:10B57000C4F89C30EB68D5F8048023F0040343F052
:10B580000103EB6001F042FDF8B94FF499734D4AA5
:10B5900050494E4802F08BFD49494F4802F087FD63
:10B5A0004FF49971AEE7D4F89C30DD06C3D5C4F8EA
:10B5B0009C00434801F02AFD0028E6D087F311885B
:10B5C000BFF36F8F04B0BDE8F08187F31188BFF33C
:10B5D0006F8FB8F1000F0AD140493C4840F2F32385
:10B5E0003F4A02F064FD40F2F3213D488BE72846D4
:10B5F000C047EFF31187402383F31288BFF36F8FA7
:10B600002F4801F0F5FC00283FF471AF2C4801F001
:10B6100013FDEB68D90623F0010236D4EA60EB682B
:10B620009A0716D5306823F00203EB6088B1002238
:10B63000036870B141688D4235D103686ABB726896
:10B640003360904200D17360002340F8083BFFF75D
:10B6500049FED4F89C3023F00203C4F89C30DB058B
:10B6600029D4D4F88450003D18BF0125144801F0B6
:10B67000CDFC002889D087F31188BFF36F8F002D90
:10B680003FF42AAF01F094F826E723F01103EB60B2
:10B6900005F11000FFF726FEC1E7136073689842BA
:10B6A00008BF7260D0E702461BB1196818460B4606
:10B6B000BFE71946FAE70025D8E700BF7833002135
:10B6C0008033002164060201BD060201E803020185
:10B6D000D206020191060201A8060201041D020120
:10B6E000AE1C0201F8B5C36804469A070E46C3F3C0
:10B6F00040054FD45F074FD40B680BB983680B60CC
:10B70000E368D80736D5A3685BB92549254840F2D8
:10B710005713254A02F0CBFC40F25711224802F0A1
:10B72000BDFC02253360376867B3204B9A68D7F8B1
:10B7300080309A4220D104F0EEF880F00100C0B2CF
:10B74000D7F89C30D907C3F380021ED502B308B3E3
:10B7500000232360D7F8883083B9C7E921443846ED
:10B7600004F0C2F8E36843F00403E3603368A360C5
:10B770002846F8BD0125D6E70020E1E71C60C7F8A0
:10B780008840ECE76FF0150506E06FF0120503E066
:10B790001B07DDD56FF00F0500233360E8E700BF1E
:10B7A000CF1C0201E8030201AE1C0201503300214C
:10B7B00038B50D46044648B90C499C230C4A0D483F
:10B7C00002F075FC9C210A4802F068FC39B90A496C
:10B7D0009D23074A074802F06AFC9D21F3E71022E7
:10B7E000002104F072F9656038BD00BFEA1C020157
:10B7F000AE1C0201E8030201041D0201F8B5C36892
:10B80000064603F00503002B0C4614BF0127002752
:10B8100029D085685DB91D491D4840F2C1131D4AF4
:10B8200002F045FC40F2C1111A4802F037FC012237
:10B83000002104F1100004F03FF820461649FFF7FC
:10B84000B7FFE36843F01003E360F3685B0712D5CA
:10B85000336823606BB9D5F8883033B9C5E9214422
:10B86000284604F041F83846F8BD1C60C5F8884009
:10B87000F6E73460F4E7D5F884302360D5F88830F3
:10B88000C5F88440002BEBD1F0E700BFD51C0201C6
:10B89000E8030201AE1C0201E7F8010137B50C46CE
:10B8A000019059B9284940F27D13284A284802F0EE
:10B8B000FEFB40F27D11254802F0F0FB4B684BB9CE
:10B8C00024494FF4BF73214A214802F0F0FB4FF4A2
:10B8D000BF71F0E7EFF31185402383F31288BFF3C4
:10B8E0006F8F1D4801F084FB60B984231B4A1C49FB
:10B8F000174802F0DCFB18491A4802F0D8FB8421F3
:10B900001648D9E7144801F097FB204601A9FFF734
:10B91000E9FE0446104801F079FB68B94FF49973C9
:10B920000E4A11490A4802F0C2FB0B490F4802F0C7
:10B93000BEFB4FF49971E3E785F31188BFF36F8F76
:10B94000204603B030BD00BFEA1C0201AE1C02015C
:10B95000E8030201FE1C020180330021640602019B
:10B96000BD060201D206020191060201A8060201EB
:10B9700070B50C46054658B9384940F2CD13384ADF
:10B98000384802F094FB40F2CD11354802F086FBB6
:10B99000C368DB0509D534494FF4E773304A3148B1
:10B9A00002F085FB4FF4E771EFE703F0B4FF48B115
:10B9B0002E4940F2CF132A4A2A4802F078FB40F27F
:10B9C000CF11E2E74CB92A494FF4E873244A2548DD
:10B9D00002F06DFB4FF4E871D7E7EFF311864023D7
:10B9E00083F31288BFF36F8F224801F001FB60B927
:10B9F0008423214A21491B4802F059FB1D49204854
:10BA000002F055FB84211C48C0E71A4801F014FBE2
:10BA100028462146FFF7F2FE0546164801F0F6FAE1
:10BA200068B94FF49973144A16490E4802F03FFB67
:10BA30001049154802F03BFB4FF49971E3E786F398
:10BA40001188BFF36F8F3DB14FF0FF324FF0FF33DE
:10BA500004F11000FFF7C2FC284670BDEA1C020189
:10BA6000AE1C0201E80302011B1D02014A1D020176
:10BA7000591D02018033002164060201BD06020146
:10BA8000D206020191060201A806020108B558B9C2
:10BA90000849094840F22633084A02F008FB40F200
:10BAA0002631064802F0FAFAA022002104F00DF82F
:10BAB00008BD00BFD51C0201E8030201AE1C020153
:10BAC000F0B589B004460E9D58B92F4940F2533362
:10BAD0002E4A2F4802F0EBFA40F253312B4802F085
:10BAE000DDFA49B92B494FF45573284A284802F02A
:10BAF000DEFA4FF45571F1E7D0F89C0010F0010028
:10BB000009D0254940F25533204A214802F0CFFAA6
:10BB100040F25531E2E7C4E9210004F18C00C4E9A8
:10BB2000230004F19400C4E9250055B328790028C6
:10BB300040F2011008BF0120C4F89C0000204FF023
:10BB4000FF364FF0FF37CDE90330CDE90100CDE9F5
:10BB500006672046114B009400F00EF955B1296894
:10BB600011B1204603F0DDFE6B791BB1A38943F0D0
:10BB70000103A381204600F065FFC4F8804009B0AE
:10BB8000F0BD0120D8E700BFA11D0201AE1C0201DB
:10BB9000E8030201A71D02016D1D0201D1B40101DC
:10BBA0007FB50D46044658B9374940F28633374AC7
:10BBB000374802F07CFA40F28631344802F06EFADF
:10BBC00003F0A9FE48B1334940F287332F4A304889
:10BBD00002F06DFA40F28731EFE7EFF31186402370
:10BBE00083F31288BFF36F8F2B4801F001FA60B91D
:10BBF00084232A4A2A49264802F059FA2649294824
:10BC000002F055FA84212548D8E7234801F014FAB8
:10BC1000D4F89C3013F0060F15D165BBD4F88450CE
:10BC200095B91D4801F0F2F940BB4FF499731B4AD6
:10BC30001D49174802F03BFA17491C4802F037FA31
:10BC40004FF49971DFE7B5B943F004032046C4F817
:10BC50009C3003F049FE00234FF0FF3202934FF077
:10BC6000FF333146CDE900230B4804F1940201F083
:10BC7000D9F804B070BD43F00C03E7E786F31188F0
:10BC8000BFF36F8F2846F4E7A11D0201AE1C02012D
:10BC9000E80302014A1D020180330021640602010B
:10BCA000BD060201D206020191060201A8060201A8
:10BCB0002DE9F04385B00F9D04460F2D0E469846A2
:10BCC00037D1274B984538D104F15803C4E91633CE
:10BCD000109B0027A38104230732A57322F00705D8
:10BCE00006EB0509494623742046C4E90677A76098
:10BCF000E773F9F71FFD0E9B073020F00700A066E1
:10BD0000C4E9186502930D9BA9EB000901930C9BF4
:10BD10004A460093314643462046FAF749F8114B0C
:10BD200067659B6803B1DB6E4846E36605B0BDE816
:10BD3000F08305F110031E2BC6D940F24B230A4AAB
:10BD40000A490B4802F0B3F929460A486FF00F037D
:10BD50000E2202F0ACF940F24B21034802F09EF9AA
:10BD6000B9A8010150330021AD1D0201D01D02010F
:10BD7000E8030201501E0201F0B587B00446DDE978
:10BD80001276EFF3058575B1194940F21733194A58
:10BD9000194802F08CF9194802F089F940F217317C
:10BDA000144802F07BF90595109D04950F9D0395AD
:10BDB0000E9D02950D9D01950C9D0095FFF778FF56
:10BDC000B6F1FF3F08BFB7F1FF3F05D056EA0703C2
:10BDD00005D1204600F036FE204607B0F0BD3A46B9
:10BDE000334604F11800064901F05CF9F4E700BF9E
:10BDF000F31B0201AD1D0201E8030201811E0201D5
:10BE0000D1C10101012310B50374838100230446CD
:10BE1000C0E9183301F042FC014B9C6010BD00BF2B
:10BE20005033002170B590F91020037C002A49DBC3
:10BE3000D90647D163F07F030374264B984209D19A
:10BE4000254926485223264A02F031F95221244836
:10BE500002F024F9234C224652F8183FE16993423C
:10BE600007D1C0E900210860E0610FE08B42F8D003
:10BE70001B68002BF5D093F90E6090F90E50AE427E
:10BE8000F4DD5968C0E9003108605860A569954241
:10BE900000D005B9E568A3685BB91349EA23134AE2
:10BEA0000E4802F004F9124802F001F9EA210F48A5
:10BEB000CEE71A7CD20606D1DA897F2A03D9AA698D
:10BEC0000AB9636170BDAB4202D0284601F00AF89E
:10BED0006561F7E7E02E0021C81E0201E8030201B8
:10BEE000A61E020150330021151F0201E91E0201A6
:10BEF0004A1A020138B590F910200146002A037C45
:10BF00001BDA224A03F07F039042037409D12049CF
:10BF10005A23204A204802F0CAF85A211D4802F04C
:10BF2000BDF8DC0707D51D495B231A4A1A4802F001
:10BF3000BEF85B21F2E703F0F7FC194D2A4652F8F0
:10BF4000184FAB68944200D004B9EC688B4214D00F
:10BF50005BB91449EA23144A0F4802F0A8F81348C1
:10BF600002F0A5F8EA211048D9E71A7CD20604D1DC
:10BF7000DA897F2A01D9A2692AB1A34202D02046D8
:10BF800000F0B0FF23466B6138BD00BFE02E0021FA
:10BF9000C81E0201A61E0201E80302013C1F0201A5
:10BFA00050330021151F0201E91E02014A1A020145
:10BFB00008B5124A936880B1197C11F0090F0CD1B1
:10BFC0000F49D9230F4A104802F071F80F4802F0C8
:10BFD0006EF8D9210B4802F061F86FF00A019967F9
:10BFE0000B4958674B6843F080534B60002383F341
:10BFF0001188BFF36F8F9368986F08BD503300218D
:10C000007F1F0201551F0201E8030201E81F020120
:10C0100000ED00E070B504460D46F9B9EFF3058672
:10C02000E6B91A4B5A699B689A4217D000F0EEFFA6
:10C0300078B940F26D13164A1649174802F037F8DE
:10C040002146164802F033F840F26D11104802F014
:10C0500025F83046BDE87040FFF7AABF204600F043
:10C06000D5FF68B94FF49973094A0A490A4802F0A2
:10C070001EF82146094802F01AF84FF49971E5E7D5
:10C0800085F31188BFF36F8F70BD00BF503300215F
:10C090006406020191060201E8030201A8060201FA
:10C0A00008B583684BB909490948A423094A01F036
:10C0B000FEFFA421074801F0F1FF03F035FC037CEB
:10C0C00023F0020303740023836008BDDA1A02011F
:10C0D000E8030201AF1A020138B5184CA168E06903
:10C0E0000B68814214BF1A46002249680B605960F0
:10C0F000A368E1692AB9124AC3E900210B60E36130
:10C100000AE092F90E5093F90E00854212DD516853
:10C11000C3E900210B605360A569094B9D4200D023
:10C1200005B9E568A3689D4202D0284600F0DAFE12
:10C13000656138BD8A42DED01268DBE750330021EA
:10C140006833002138B50446EFF31185402383F3AB
:10C150001288BFF36F8F174800F04AFF68B9842335
:10C16000154A1649164801F0A2FF1249154801F078
:10C170009EFF8421104801F091FF0E4800F05CFF03
:10C180002046FFF74FFE0B4800F040FF68B94FF420
:10C190009973094A0C490A4801F089FF05490B487F
:10C1A00001F085FF4FF49971E4E785F31188BFF33F
:10C1B0006F8F38BD8433002164060201BD06020181
:10C1C000E8030201D206020191060201A80602015B
:10C1D00038B5A0F11804EFF31185402383F31288DA
:10C1E000BFF36F8F174800F003FF68B98423164A26
:10C1F0001649174801F05BFF1249164801F057FF36
:10C200008421114801F04AFF0E4800F015FF204636
:10C2100003F0B8FB0B4800F0F9FE68B94FF49973CE
:10C22000094A0D490A4801F042FF06490B4801F04E
:10C230003EFF4FF49971E4E785F31188BFF36F8FE8
:10C2400038BD00BF8433002164060201BD0602012F
:10C25000E8030201D206020191060201A8060201CA
:10C260002DE9F047DFF8D4A0354D1746DDE90898F1
:10C27000DAF80820334BA84204460E461A600BD168
:10C280003149324840F2B923314A01F010FF40F2FF
:10C29000B9212F4801F002FFEFF31183402383F30C
:10C2A0001288BFF36F8F284600F0A2FE60B9842386
:10C2B000284A2949254801F0FAFE2946274801F075
:10C2C000F6FE84212348E5E7284600F0B5FEDAF8BB
:10C2D00008503946284603F02FFBB8F1FF3F08BF4E
:10C2E000B9F1FF3F06D04A4643461D4905F1180003
:10C2F00000F0D8FE204600F089FE68B9194940F2E6
:10C300006D13144A114801F0D2FE2146164801F07F
:10C31000CEFE40F26D11D5E7094800F077FE40B936
:10C32000104940F26D130B4A084801F0C0FE044961
:10C33000ECE73046BDE8F047FFF73ABE5033002146
:10C34000843300218833002110200201E803020118
:10C35000A61E020164060201BD060201D206020108
:10C36000D1C1010191060201A80602012DE9F041A7
:10C3700004460D46EFF31187402383F31288BFF381
:10C380006F8F594800F034FE60B98423574A5849EA
:10C39000584801F08CFE5449574801F088FE84212A
:10C3A000524818E0504800F047FE237C03F01F027B
:10C3B000002A0CBF0126002662D103F07F032374FC
:10C3C0004E4B9C4209D14E495A234E4A494801F0EE
:10C3D0006EFE5A214B4801F061FE204603F0A4FA9C
:10C3E000237C6DB243F08003DA07A573237407D56D
:10C3F00045495323434A3F4801F059FE5321E9E799
:10C40000DFF80881424652F8183FD8F81C109342D2
:10C4100008D1C4E900210C60C8F81C400DE08B4233
:10C42000F7D01B68002BF4D093F90E00A842F6DD7C
:10C430005968C4E900310C605C60D8F81840944237
:10C4400000D00CB9D8F80C40D8F808309C4202D083
:10C45000204600F047FDC8F81440234800F0D6FD00
:10C4600000283AD14FF49973204A2949214801F014
:10C470001EFE1D49274801F01AFE4FF499718FE7FF
:10C480009B0728D5A16841B923491A48A423234A08
:10C4900001F00DFEA42121489DE720466DB203F076
:10C4A00043FAA5730B68994209D14B68C4E900139C
:10C4B0001C604C60D1E74A689342F6D01B68002BA1
:10C4C000F3D093F90E20AA42F5DD5A68C4E9003290
:10C4D00014605C60C1E7A573BFE787F31188BFF301
:10C4E0006F8F3046BDE8F08184330021640602017D
:10C4F000BD060201E8030201D2060201E02E00217E
:10C50000C81E0201A61E02013C1F02015033002179
:10C5100091060201A8060201DA1A0201AF1A02010D
:10C52000034648B9EFF3058232B9064A5169926869
:10C53000914201D0FFF73CBD83F31188BFF36F8FA9
:10C54000704700BF5033002110B5EFF31184402332
:10C5500083F31288BFF36F8F284800F049FD60B95C
:10C560008423274A2749284801F0A1FD2349274869
:10C5700001F09DFD8421224812E0204800F05CFD7E
:10C58000EFF3058373B1224940F23B33214A1E4841
:10C5900001F08DFD204801F08AFD40F23B311D483D
:10C5A00001F07CFD1D4B9A68D37B012B0CD11C49FB
:10C5B0004FF44F73174A144801F079FD164801F003
:10C5C00076FD4FF44F71EAE7013BD3730B4800F05F
:10C5D0001DFD68B94FF49973094A12490A4801F0E0
:10C5E00066FD0649104801F062FD4FF49971C2E7FB
:10C5F00084F31188BFF36F8F10BD00BF8433002117
:10C6000064060201BD060201E8030201D20602012E
:10C61000F31B0201A61E02014A1A02015033002137
:10C620004920020191060201A806020170B5EFF34C
:10C630001186402383F31288BFF36F8F2A4800F0DE
:10C64000D7FC68B98423294A29492A4801F02FFDDB
:10C650002549294801F02BFD8421244801F01EFDC5
:10C66000264D214800F0E8FCAB68DA7B6AB9244922
:10C6700040F24D33234A1F4801F019FD224801F0D2
:10C6800016FD40F24D311F48E8E7EFF3058161B137
:10C690001E4940F24E331B4A164801F008FD1A4865
:10C6A00001F005FD40F24E31EDE70132DA732A4622
:10C6B00052F8184F944200D004B9EC681A7CD206A4
:10C6C00004D1DA897F2A01D9A2692AB1A34202D012
:10C6D000204600F007FC23466B613146BDE8704000
:10C6E0000148FFF797BC00BF8433002164060201B4
:10C6F000BD060201E8030201D20602015033002107
:10C700007A200201A61E02014A1A0201F31B02014D
:10C7100038B50446EFF31185402383F31288BFF345
:10C720006F8F184800F064FC68B98423164A1749D3
:10C73000174801F0BCFC1349164801F0B8FC8421ED
:10C74000114801F0ABFC0F4800F076FC204603F0E6
:10C750002FF904460B4800F059FC68B94FF499735F
:10C76000094A0D490A4801F0A2FC06490B4801F0AC
:10C770009EFC4FF49971E3E785F31188BFF36F8F47
:10C78000204638BD8433002164060201BD06020143
:10C79000E8030201D206020191060201A806020185
:10C7A000024B03F11802C3E90622704750330021FF
:10C7B00070B5EFF3058373B138494FF49063384A8D
:10C7C000384801F074FC384801F071FC4FF4906176
:10C7D000334801F063FCEFF31186402383F31288A2
:10C7E000BFF36F8F314800F003FC60B98423304AF7
:10C7F00030492C4801F05BFC2C492F4801F057FCD4
:10C8000084212B48E5E72D4C284800F015FCA16851
:10C81000E0690B68814214BF1A46002249680B6028
:10C820005960A368E1692AB9254AC3E900210B6070
:10C83000E3610AE092F90E5093F90E00854223DD80
:10C840005168C3E900210B605360A5691C4B9D42F0
:10C8500000D005B9E568A3689D4202D0284600F0E3
:10C8600041FB1248656100F0D1FB88B940F26D13BD
:10C870000F4A14490B4801F01AFC0C49124801F008
:10C8800016FC40F26D11BCE78A42CDD01268CAE7AF
:10C890003046BDE87040FFF78BBB00BFF31B0201C1
:10C8A000A61E0201E80302014A1A02018433002194
:10C8B00064060201BD060201D206020150330021C6
:10C8C0006833002191060201A80602012DE9F0411A
:10C8D00006460C46EFF3058777B134494FF493636E
:10C8E000334A344801F0E3FB334801F0E0FB4FF4F6
:10C8F00093612F4801F0D2FB50EA010304D1FFF706
:10C9000057FF0020BDE8F081EFF31188402383F347
:10C910001288BFF36F8F294800F06AFB60B9842347
:10C92000274A2849234801F0C2FB2449264801F040
:10C93000BEFB84212248DDE7244D204800F07CFB2B
:10C94000A868234B1860FFF7D5FAA868234632463B
:10C950002049183000F0A6FBAA680446137C17484B
:10C9600043F00403137400F051FB68B940F26D13F7
:10C97000134A19490F4801F09AFB1049174801F072
:10C9800096FB40F26D11D5E74046FFF711FBAB680F
:10C99000D3E90A23B3F1004F08BFBA42B1D103F083
:10C9A00035F8201A20EAE070ACE700BFF31B020163
:10C9B000A61E0201E80302014A1A02018433002183
:10C9C00064060201BD060201D206020150330021B5
:10C9D00088330021D1C1010191060201A80602019C
:10C9E00070B506460D46EFF3058474B1114940F267
:10C9F000C643114A114801F05AFB114801F057FB98
:10CA000040F2C6410C4801F049FBFFF75FFFB5F16A
:10CA1000FF3F08BFB6F1FF3F1FBF47F6FF734FF45C
:10CA20007A72E0FB0234D80B0CBF4FF0FF3040EAC3
:10CA3000444070BDF31B0201A61E0201E80302017F
:10CA40004A1A020138B50446EFF31185402383F3F7
:10CA50001288BFF36F8F204800F0CAFA68B98423A8
:10CA60001E4A1F491F4801F022FB1B491E4801F0C6
:10CA70001EFB8421194801F011FB174800F0DCFA75
:10CA8000237C5B0710D504F1180000F0E7FB237C42
:10CA9000204623F004032374FFF7C4F92946BDE8B8
:10CAA00038400D48FFF7B6BA0B4800F0AFFA68B946
:10CAB0004FF49973094A0D490A4801F0F8FA0649FA
:10CAC0000B4801F0F4FA4FF49971D3E785F311881C
:10CAD000BFF36F8F38BD00BF8433002164060201AD
:10CAE000BD060201E8030201D2060201910602011D
:10CAF000A8060201014B9868704700BF503300211F
:10CB00002DE9F84304468789EFF31185402383F329
:10CB10001288BFF36F8F824800F06AFA68B98423E5
:10CB2000804A8149814801F0C2FA7D49804801F07C
:10CB3000BEFA84217B4801F0B1FA794800F07CFA12
:10CB4000237C180717D5764800F060FA68B94FF4CF
:10CB50009973744A7749754801F0A9FA7049764883
:10CB600001F0A5FA4FF49971E4E785F31188BFF35A
:10CB70006F8FBDE8F883D90943F0080240F0838045
:10CB80002274A36813B12046FFF78AFA04F1180053
:10CB900000F064FBA66D04F15808B04511D04FF0C9
:10CBA000000976B13046FFF77BFA06F1180000F075
:10CBB00055FB3046C6F87890FFF734F9A66DB045BE
:10CBC000EFD1DFF87881D8F808309C427AD1EFF3C2
:10CBD0000589B9F1000918BF4FF00109D8F81860AC
:10CBE000574A964200D00EB9D8F80C60B34202D032
:10CBF000304600F077F92046C8F8146001F018FDBF
:10CC0000B9F1000F02D04F48FFF7FCF8D8F8083010
:10CC10009C426AD1EFF30586002E66D1A389DA071C
:10CC20001FD53F4800F0F2F9002890D085F3118815
:10CC3000BFF36F8F86F31188BFF36F8F04231846FD
:10CC400002DFEFF31185402383F31288BFF36F8F68
:10CC5000334800F0CDF900283FF461AF304800F0D0
:10CC6000EBF92F4800F0D2F978BB40F26D132D4A52
:10CC700030492E4801F01BFA29492F4801F017FAD4
:10CC800040F26D1156E7304A03F07F0343F008038A
:10CC90009442237408D12D495A232D4A234801F088
:10CCA00006FA5A212A4846E7D90707D529495B23BE
:10CCB000274A1E4801F0FBF95B21F3E7204602F00A
:10CCC00033FE5EE74FF0000988E72846FFF770F96A
:10CCD00021494FF4EE731E4A144801F0E8F91F4849
:10CCE00001F0E5F94FF4EE71DCE70D4800F08EF944
:10CCF00000283FF42CAF85F31188BFF36F8FFB073B
:10CD00007FF537AF40F2A253114A1549074801F0A9
:10CD1000CEF92146134801F0CAF940F2A251C1E709
:10CD20008433002164060201BD060201E80302010A
:10CD3000D206020191060201A80602015033002129
:10CD400068330021E02F0021E02E0021C81E0201DF
:10CD5000A61E02013C1F0201AB200201B620020107
:10CD6000D8200201E32002012DE9F8430646884657
:10CD70001746EFF31189402383F31288BFF36F8FB7
:10CD8000214800F035F9054668B984231F4A204937
:10CD9000204801F08CF91C491F4801F088F98421D2
:10CDA0001A4801F07BF9184800F046F93468A642A9
:10CDB0001FD004B32046C4F878806761FFF770F98C
:10CDC00004F1180000F04AFA2046FFF72BF80E484D
:10CDD00000F01CF988B94FF499730C4A0F490D48BB
:10CDE00001F065F908490E4801F061F94FF49971B5
:10CDF000D6E70025EBE72546E9E789F31188BFF37D
:10CE00006F8F2846BDE8F883843300216406020151
:10CE1000BD060201E8030201D206020191060201E9
:10CE2000A8060201D3B5DDE90667089CCDE90067D5
:10CE3000FFF716FA1CB1034B9B685B69236002B0D5
:10CE4000D0BD00BF50330021027C034612F01F0208
:10CE500010D10A4988420DD00949086868B1D989BA
:10CE60007F2909D893F90E20064B1B689A42B8BF58
:10CE7000002070470020704710467047E02E0021C8
:10CE8000B00100218C33002108B568B10F4B9842E6
:10CE90000AD303F11802904206D21822C01AB0FB3E
:10CEA000F2F302FB13034BB109490A483F230A4A34
:10CEB00001F0FDF83F21084801F0F0F80122074B8E
:10CEC000C0105843064B1A5408BD00BF6030002103
:10CED00029210201E803020101210201ABAAAAAA49
:10CEE000E435002170B50C4B0C4D1E7CFFF7ACFFF8
:10CEF000182303FB06550446284600F0AFF900222C
:10CF0000074B9A553CB1621E2846BDE87040054962
:10CF1000D31700F0C7B870BD503300216030002136
:10CF2000E435002189CE010138B5EFF311854023A6
:10CF300083F31288BFF36F8F234800F059F868B964
:10CF40008423224A2249234801F0B1F81E4922488D
:10CF500001F0ADF884211D4801F0A0F81A4800F056
:10CF60006BF81E4B1E4A9C681068A04213D1FFF755
:10CF7000B9FF154800F04AF800BB4FF49973134A03
:10CF80001849144801F093F80F49174801F08FF839
:10CF90004FF49971DFE700211B7C1160134AD35CC9
:10CFA000002BE6D02046FFF74FFF0028E1D0237C7E
:10CFB000DB0601D1FFF790F82046D8E785F311880A
:10CFC000BFF36F8F38BD00BF8433002164060201B8
:10CFD000BD060201E8030201D2060201503300211E
:10CFE0008833002191060201A8060201E4350021E0
:10CFF000006838B1044B00F003001B7CC01A18BF56
:10D00000012070470120704750330021002302683F
:10D010000360EFF30581074B986811B1017CC907E4
:10D0200005D41B7C1843831A58425841704701208D
:10D03000704700BF50330021024B1A7C9B6813439A
:10D040000360704750330021024B1868984208BFB4
:10D0500000207047B4010021034B1B680BB9FAF79D
:10D060009FBD0020704700BF9033002130B570B1E4
:10D070000B4B5B6898420AD0036843B1D3E90421A3
:10D08000D0E90445121941EB0501C3E90421D0E9B7
:10D09000003213605A600023C0E9003330BD00BF86
:10D0A000B4010021B3F1FF3F08BFB2F1FF3F2DE90A
:10D0B000F84F04469B4615461F4600F0B280D0F854
:10D0C0000090B9F1000F0CD057496423574A5848D3
:10D0D00000F0EDFF574800F0EAFF6421534800F0EC
:10D0E000DDFF8160EFF31188402383F31288BFF3E3
:10D0F0006F8F5148FFF77CFF824660B984234F4A07
:10D100004F494B4800F0D3FF4B494E4800F0CFFF4A
:10D1100084214A48E3E74848FFF78EFFBBF1000F40
:10D12000494A1FDBFFF798FF064601354BF1000B1C
:10D13000454A2D184BEBE073D2E90017C4E90453BC
:10D140006D1843EB0707FFF77FFF0346DFF8FCE0AE
:10D15000DEF80490EBB9C4E900E9C9F80040CEF864
:10D16000044028E06FF00103D2E900125B1A4FF08F
:10D17000FF3161EB02025B1B62EB0B02012B72F1D0
:10D180000001BCBF01234A464FF0000AC4E9043243
:10D19000D9E7D3E9041CD4E904208A4270EB0C0BD4
:10D1A0002EDA891A5A686CEB0000C3E90410C4E94E
:10D1B000003214605C60FFF747FF84420ED1244BBD
:10D1C0001B685BB9BAF1000F02D1FFF745FF0646B5
:10D1D000304602F004FC0021FAF7BCFC1648FFF7C9
:10D1E00015FFB0B94FF49973144A1A49104800F06A
:10D1F0005EFF1149184800F05AFF4FF4997188E713
:10D20000521A60EB0C004B45C4E90420A3D01B6804
:10D21000A0E788F31188BFF36F8F28463946BDE831
:10D22000F88F00252F46F8E7F8220201D4220201E8
:10D23000E80302014A1A0201943300216406020144
:10D24000BD060201D206020178300021B40100219E
:10D250009033002191060201A806020170B5044630
:10D26000EFF31186402383F31288BFF36F8F2A48B0
:10D27000FFF7BEFE68B98423284A2949294800F0EF
:10D2800016FF2549284800F012FF8421234800F0AA
:10D2900005FF2148FFF7D0FE23683BB3FFF7D4FE1C
:10D2A00005462046FFF7E2FE00224FF00043A5426C
:10D2B000C4E9042312D000241748FFF7A7FE20BBBF
:10D2C0004FF49973154A1949164800F0F0FE1249B7
:10D2D000174800F0ECFE4FF49971D7E7FFF7BCFE5A
:10D2E00002F07DFB0021FAF735FCE4E7D4E90423E2
:10D2F000B3F1004F08BF012A04D100224FF00043D0
:10D30000C4E904236FF01504D6E786F31188BFF350
:10D310006F8F204670BD00BF943300216406020168
:10D32000BD060201E8030201D206020191060201D4
:10D33000A80602012DE9F047DFF804910246C9F87A
:10D340000000FFF781FE8846044600260027DFF82C
:10D35000F4A04FEAE27CDAE9001354B1D4E90450B6
:10D36000AA427CEB000E1EDAAD1A60EB0C00C4E999
:10D3700004500024521843EB0C032046CAE9002352
:10D38000C9F8004002F02BFB2146FAF7E3FB2E48D8
:10D39000FFF73CFED0B188F31188BFF36F8FBDE873
:10D3A000F047FFF7C1BD691843EBE5732046C4E9B8
:10D3B0000467CAE90013FFF759FE01224FF000434A
:10D3C0002148C4E90423FFF721FE78B94FF499738B
:10D3D0001E4A1F491F4800F06AFE1B491E4800F004
:10D3E00066FE4FF49971194800F058FE88F31188D1
:10D3F000BFF36F8F2046A3689847EFF3118840234F
:10D4000083F31288BFF36F8F0F48FFF7F1FD58B910
:10D4100084230E4A11490F4800F049FE0A4910487A
:10D4200000F045FE8421DEE70748FFF705FED9F846
:10D430000020521BC9F80020FFF706FE044688E7CB
:10D4400090330021783000219433002164060201DA
:10D4500091060201E8030201A8060201BD060201CD
:10D46000D206020110B5EFF31184402383F3128832
:10D47000BFF36F8F0B48FFF7BBFD68B984230A4ADF
:10D480000A490B4800F013FE06490A4800F00FFE57
:10D490008421054800F002FE0248FFF7CDFD20463A
:10D4A00010BD00BF9433002164060201BD060201D5
:10D4B000E8030201D206020170B5EFF311864023A2
:10D4C00083F31288BFF36F8F1A48FFF791FD68B995
:10D4D0008423194A19491A4800F0E9FD15491948E9
:10D4E00000F0E5FD8421144800F0D8FD1148FFF755
:10D4F000A3FDFFF7B1FD144AD2E90045041945EB3D
:10D50000E0750C48FFF782FD68B94FF499730A4A39
:10D510000E490B4800F0CBFD06490D4800F0C7FD51
:10D520004FF49971DFE786F31188BFF36F8F2046C0
:10D53000294670BD9433002164060201BD06020134
:10D54000E8030201D20602017830002191060201AF
:10D55000A80602012DE9F84F4F1E0F4206460D4660
:10D560009A460BD02F4918232F4A304800F09FFDD0
:10D570002F4800F09CFD18212B481CE0141D4DD2B3
:10D5800041F0040B00F11408EFF31189402383F3F9
:10D590001288BFF36F8F4046FFF72AFD68B98423D6
:10D5A000244A2549214800F082FD4146234800F0E5
:10D5B0007EFD84211F4800F071FD4046FFF73CFDD1
:10D5C000224659463046D04704464046FFF71EFDE6
:10D5D00068B94FF49973174A1949144800F067FD68
:10D5E0004146184800F063FD4FF49971E2E789F372
:10D5F0001188BFF36F8F8CB144F8046B7DB13C424E
:10D600000DD03523084A1049084800F050FD214646
:10D610002A460E4800F04BFD3521ADE70024204698
:10D62000BDE8F88F9804020118230201E803020103
:10D63000B304020164060201BD060201D206020122
:10D6400091060201A80602013C2302016E23020199
:10D650002DE9F04105460E46174602F05CF928B95F
:10D66000074B9B68DC6E14B9BDE8F081054C3B4666
:10D67000324629462046BDE8F041FFF76BBF00BFA8
:10D6800050330021CC01002102460021014B024809
:10D69000FFF760BF79E00101CC010021014BC366B7
:10D6A000704700BFCC0100210146024A0020FFF76D
:10D6B000CFBF00BF79E0010107B5074B4FF400620F
:10D6C000009306494FF0FF330548FEF7F9F90020B3
:10D6D00003B05DF804FB00BF74030201387700213A
:10D6E000803000212DE9F04F43688BB08046924690
:10D6F000009383789C0740F1F98000250878002882
:10D7000000F0F68025280AD04B1C019301354146D4
:10D71000009B98470028C0F2E3800199EEE74E781D
:10D720008B1C252E0193F1D000270A22B9463C46D6
:10D730001F2C22D8A6F12003102B20D8DFE803F0FD
:10D74000141F1F1A1F1F1F0B1F1F1F121F171F1F22
:10D75000090044F00104019B13F8016B0193002EB2
:10D76000E6D13AE044F0020444F00404F3E744F064
:10D770000804F0E744F01004EDE77F2C24D8A6F16C
:10D780003003092B08D860064EBF02FB073744F070
:10D79000200402FB0939DEE72A2E0DD161065AF872
:10D7A000043B53D4002BA7BF44F020049946C3F197
:10D7B000000944F02804CEE72E2E05D1630600F1BF
:10D7C000978044F04004C6E76C2E2ED028D8682EEF
:10D7D00032D06A2E37D04C2E35D0002F46F02003A1
:10D7E000B8BF24F04004A3F16502BCBF0027A4B277
:10D7F000022A01D9612B2BD10AF1070A07279D4E76
:10D800002AF0070A0AF1080A210760D506EB070B80
:10D8100034465C455DD1AE1BA9EB0709A21959E15D
:10D82000742E98D07A2E96D0D7E7260648BF44F4B7
:10D83000007444F080048EE7E00548BF44F40074AF
:10D8400044F4807487E744F4207484E71F4682E739
:10D85000A6F16302122A00F2D880DFE812F013006A
:10D860004D00D600D600D600D6004D00D600D6001A
:10D87000D600D600D600E800D100D600D6001A00A7
:10D88000D600A0005AF8043B012704AE8DF81030F2
:10D89000BAE75AF8046B784B002E08BF1E4614F006
:10D8A000400F304614BF39464FF0FF3102F04AF9BD
:10D8B0000746A9E741462020009B984700280FDB38
:10D8C000013CA742F6D34D44A1462D1B9EE74C4692
:10D8D000F7E7414614F8010B009B9847002898DAB7
:10D8E00098F8023043F0040388F802304FF0FF3517
:10D8F00028460BB0BDE8F08F220630D5A3052AD507
:10D900000AF1070A2AF007039A4659685AF8080BE1
:10D9100024F0100B00291FFA8BFB2FDA40424BF446
:10D92000806B61EB410104AC0A23224602F016F938
:10D930001BF0400FA0EB040200F08E802BF00104DE
:10D940009742A4B240F38F80002E40F08E802BF0DF
:10D950001104A4B21DE05AF8040BC117D8E7E00582
:10D960005AF8041B01D40846F7E7A20547BF48B29E
:10D9700041F3C01108B241F3C031C9E750EA0103D5
:10D98000D1D16306CFD5002FCDD124F011043A4672
:10D99000A4B23B4640F206410C4262D124E024F09E
:10D9A00010040A23A4B214F0800243D014F40071CE
:10D9B00017BF0AF1070A5AF8040B2AF00702924629
:10D9C0001CBF51685AF8080B50EA01023ED124F0FE
:10D9D000160B62061FFA8BFB3CD5002F3AD124F0C0
:10D9E00017043A463B46A4B221075AD4E10705D5AD
:10D9F000994572DDA9EB03039F184B469B464AE00D
:10DA000044F0100410237826CDE7782B04D1C6F11A
:10DA1000780343F01003C6E741462520009B984752
:10DA20000028FFF65DAF02354146304670E6082318
:10DA30000026B8E714F480715AF8040BC4D014F42B
:10DA400000711ABFC0B2114680B2BDE724F00604CF
:10DA50001FFA84FB04AC68E713465C46E10699D5DF
:10DA60002EB90133C0E71346F8E73B46F6E7023329
:10DA7000BAE700BF2B24020124240201CDE90232BF
:10DA800041462020009B98470028FFF629AF0BF164
:10DA9000010BDDE90232D945F0DCEB1A03EB0B0593
:10DAA0005B46E10627D541463020CDE90232009B96
:10DAB00098470028FFF614AFDDE902327EB9013540
:10DAC0002F44791B8A4229DB144604AE94BB2A44B6
:10DAD000A9EB03091546914440E017468EE702354D
:10DAE00041463046CDE90232009B98470028DDE9E7
:10DAF0000232E5DAF4E640F206410C42E0D014F0DE
:10DB0000020F05F10105414614BF2B20202014F41B
:10DB1000806FCDE9023218BF2D20E5E7CDE9023252
:10DB20004146009B3020013598470028DDE902324C
:10DB3000C7DAD5E6013C4146CDE90232305D009BB3
:10DB400098470028DDE90232C0DAC9E641462020C4
:10DB5000009B013598470028FFF6C2AEA9EB0503EC
:10DB6000002BF3DCD9E500BF7047EFF311834023AE
:10DB700083F31288BFF36F8FFEE708B5F6F78EFECA
:10DB800010B110F1580F06D1F6F7A6FE10F1580F9C
:10DB900002D00028F8D008BD0020FCE7836800EB25
:10DBA000C101B3F5004F2CBF51F8220031F812002B
:10DBB000704700EBC1018068B0F5004F2CBF41F801
:10DBC000223021F812307047012208B5FFF7E6FF36
:10DBD000D04008BD836800EBC101B3F5004F08D306
:10DBE0004B681AB143F001034B60704723F0010307
:10DBF000FAE74B881AB143F001034B80704723F0DA
:10DC00000103FAE753000122FFF7D3BF10B500224A
:10DC10000C46FFF7C3FF201A10BD10B50C46FFF7E6
:10DC2000D3FF204410BD08B58368B3F5004F06D379
:10DC3000FFF7CAFF01288CBF0020012008BD00208B
:10DC4000FCE78368B3F5004F34BF04230823C91AE7
:10DC5000081AC00870478368B3F5004F28BF013920
:10DC6000B1FA81F0C0F11F0070472DE9F041044680
:10DC700016460F46FFF7A8FF314605462046FFF738
:10DC8000A3FF05442A4639462046FFF7BBFF31462D
:10DC90002046FFF7C2FF2B46014600222046BDE882
:10DCA000F041FFF786BF2DE9F04115460E460446C8
:10DCB000FFF78AFFA5EB0608771B0744424631466B
:10DCC0002046FFF79FFF3A4629462046FFF79AFF76
:10DCD0004346002229462046FFF76BFF294620468F
:10DCE000FFF79BFF3B46014600222046BDE8F0417E
:10DCF000FFF75FBF2DE9F04104460D46FFF793FFA4
:10DD00008046002846D129462046FFF75DFF0146A0
:10DD10002046FFF7A0FF04EB80010E6996B90122AF
:10DD2000E36882401343E36002220D612B462946DB
:10DD30002046FFF73EFF032229462046BDE8F0417A
:10DD4000FFF737BF022231462046FFF727FF0322A5
:10DD5000014607462046FFF721FF864206D088F39A
:10DD60001188BFF36F8F0423184602DF3B4602225F
:10DD700029462046FFF71DFF032233462946204649
:10DD8000FFF717FF39462B462046FFF712FF022206
:10DD90003146D2E7BDE8F0812DE9F0411746032274
:10DDA0000E460446FFF7FAFE8642054607F10408D0
:10DDB0000AD10122E368BA4023EA0203E3600023A8
:10DDC00044F82830BDE8F081022231462046FFF7B2
:10DDD000E5FE0322014607462046FFF7DFFE8642A6
:10DDE00006D1022229462046FFF7D8FE864207D0F8
:10DDF000002383F31188BFF36F8F0423184602DFDB
:10DE00002B4639462046032244F82850FFF7D1FE1E
:10DE10003B4629462046BDE8F0410222FFF7C9BE35
:10DE200038B504460D46FFF7FEFE70B92946204678
:10DE3000FFF7CAFE01462046FFF70DFF29460246BE
:10DE40002046BDE83840FFF7A7BF38BD38B50122EE
:10DE500005460C46FFF7A2FEC30713D42146284609
:10DE6000FFF7DBFE01462846FFF7D0FE844209D1CA
:10DE700021462846FFF7CAFE01462846FFF7CDFE99
:10DE8000844207D0002383F31188BFF36F8F0423EC
:10DE9000184602DF38BD2DE9F04705468946FFF7F1
:10DEA000DAFE05EB800ADAF81070064677B94FF013
:10DEB000FF34EB680136B4401C4019D094FAA4F644
:10DEC000B6FA86F6331D55F8234008E03C464FF07D
:10DED000030821462846FFF777FE48450BD3214625
:10DEE0002846FFF7B3FF324621462846FFF754FF86
:10DEF0002046BDE8F087214603222846FFF74EFE64
:10DF0000B8F101080446CAF81000D0D08742E0D129
:10DF1000CDE770B5002973D0046801222046FFF7D1
:10DF200090FE014605462046FFF738FE104006D118
:10DF300080F31188BFF36F8F0423184602DF294650
:10DF40002046FFF76AFE01462046FFF75FFEA84223
:10DF500007D0002383F31188BFF36F8F0423184683
:10DF600002DF29462046FFF751FE01462046FFF713
:10DF700054FE854207D0002383F31188BFF36F8FCF
:10DF80000423184602DF002229462046FFF722FE1E
:10DF90002946FFF742FE0122014606462046FFF7CA
:10DFA000FDFDC2070CD431462046FFF74FFF314636
:10DFB0002046FFF735FF324629462046FFF755FE3B
:10DFC00029462046FFF722FE01220146064620464A
:10DFD000FFF7E4FDC3070DD431462046FFF736FFB7
:10DFE00031462046FFF71CFF2A4631462046FFF700
:10DFF0003CFE354629462046BDE87040FFF77ABE14
:10E0000070BD70B5056809B9002070BDAB6801F03E
:10E010000704B3F5004F34BF042208220734144428
:10E02000E40804EBD1049C4228BF1C462846214644
:10E03000FFF731FF06460028E6D001462846FFF7E5
:10E04000C3FDA04209D93444314628462246FFF791
:10E050002AFE21462846FFF74DFE2846012231467A
:10E06000FFF7B8FDAB68B3F5004F34BF04230823B6
:10E0700003EBC6031844C8E71146FFF7C2BF0020F0
:10E0800070470FB407B504A951F8040B0191F6F7D6
:10E09000DFFC03B05DF804EB04B07047002383F3AA
:10E0A0001188BFF36F8F0423184602DF70470FB447
:10E0B00007B504A951F8040B0191F6F7C9FC03B0A8
:10E0C0005DF804EB04B07047838B13F0070306D1AF
:10E0D0000368002B18BF032008BF00207047022BE5
:10E0E00005D1C08BB0FA80F0400980007047012B49
:10E0F00004D10368002B18BF0520EDE7002070470E
:10E1000010B50C4600B111B96FF0150010BD081D17
:10E1100000F02FF80028F9D1A368032BF6D9F3E714
:10E120002DE9F0410D4607461946281D90461E462A
:10E13000F6F772FF044638B1334642462946384660
:10E14000A446BDE8F0416047BDE8F08138B50C4613
:10E15000054658B151B10B6843B14B6833B1202229
:10E16000002101F0B2FC00202C6138BD6FF01500D9
:10E17000FBE7034658B1426802F00302012A03D0CC
:10E18000032A04D1026812B10020986070476FF032
:10E1900015007047704720B183682BB11B6833B1FD
:10E1A00018476FF0150070476FF00400704718466D
:10E1B000704730B450B149B142B1846854B1256957
:10E1C00045B141F8040B236930BC18476FF01500C6
:10E1D00030BC70476FF00400FAE730B413460446D1
:10E1E00050B1006860B182686AB195685DB10A4655
:10E1F000AC46616830BC60476FF0150030BC7047BA
:10E200006FF00100FAE76FF00400F7E70A460346F3
:10E2100010B458B1006868B1816871B1CC6A64B15A
:10E220008C6A54B15968234610BC18476FF015002A
:10E2300010BC70476FF00100FAE76FF00400F7E7D9
:10E240000A46034610B458B1006868B1816871B1DC
:10E250008C6A64B1CC6A54B15968234610BC184723
:10E260006FF0150010BC70476FF00100FAE76FF017
:10E270000400F7E70369D3F8700370476FF0850077
:10E280007047084608B5114618B101F09FF8002004
:10E2900008BD6FF00100FBE7084608B5114618B14C
:10E2A00001F08BF8002008BD6FF00100FBE713B50B
:10E2B00004460846216901F55B71D1E8AF1F0229C8
:10E2C00009D15BB168B100931346D0E90912FBF79D
:10E2D000D7FC02B010BD6FF00F00FAE76FF04C00F2
:10E2E000F7E76FF00100F4E72DE9F84315461C4607
:10E2F000DDE908230F4616469846A9B3BDB3B4B36B
:10E3000012F1010C43F10001BCF1020F71F10001A7
:10E3100030D2D4F800C0BCF1000F09D00169D1F8A7
:10E3200070138C4504D96FF00B002160BDE8F883B1
:10E33000B3F1FF3F08BFB2F1FF3F0CBF4FF001093F
:10E340004FF000094A462146384601F048F840B9E6
:10E35000B8F1FF3F08BFB6F1FF3FF3D06FF06800A0
:10E36000E4E728600020E1E76FF00100DEE76FF0EE
:10E370001500DBE76FF08500D8E701F085B838B508
:10E380000D46044600F148012846F6F7AEF903466B
:10E3900030B1284604F1C001F6F7A7F928B90123E6
:10E3A0005B4203F07803E01838BD0020FCE702F57B
:10E3B0002E7102F5327001F09EBAD0F8B030A0F59F
:10E3C0002E70003B18BF012300EB8300D0F8A4029D
:10E3D00000F094BFC86828B1096983681B680BB155
:10E3E000002218477047FCF741BDD0E8EF3FC0E876
:10E3F000E21F002AF9D1704710B5436804691B6811
:10E40000C4F8683304F5E87001F03AFA002104F525
:10E410005B70FFF7EAFF084610BD030103EB400302
:10E42000093323F0030303EBC003484303300833ED
:10E4300020F003001844400070472DE9F8430646D9
:10E440004FF001080569D0F8049005F55B77D7E82F
:10E45000EF3F022B03D1C7E8E28F002AF7D141D169
:10E4600095F86C30002B40D195F8E430002B3CD16E
:10E470002846D5F8681300F054F8044680BB73684A
:10E480003669D3E9050183681B693BB32246984787
:10E49000044628BB414606F53270FDF781FBD6F8ED
:10E4A000480305F5F476F7F7D5FC3046D9F80010A7
:10E4B00000F072F8044698B90146D022304601F0C7
:10E4C00004FB21464FF4F272284601F0FEFA214681
:10E4D0003846FFF78AFF2046BDE8F8836FF05704FF
:10E4E0000221F5E76FF07704F5E76FF00F04F2E72C
:10E4F00010B50846029B114652B993F86C202AB910
:10E500000122184683F86C20F6F7DEFE002010BDCD
:10E510001A6F9468002CF9D05A6FA047F6E700F004
:10E52000B3BF38B50D46044660B1F03001F046F98E
:10E530000DB1002038BDC4F8BC51C4F8C051C4F8B6
:10E54000C451F6E76FF01500F4E70268D2F8C8305E
:10E5500013B1D2F8C41018477047704783690BB9DC
:10E56000C36B19707047012070478369012B03D179
:10E57000C36B1878C0B270470420704738B5C41D0B
:10E58000E4002046FFF780F8054618B12246002136
:10E5900001F09BFA284638BD38B5044638220021E0
:10E5A00001F093FA1822002104F1A40001F08DFA81
:10E5B0001822002104F18C0001F087FAD4F8C00081
:10E5C000FBF710FBD4F8BC00FBF70CFBD4F8803051
:10E5D00004F154050BB128469847382200212846FB
:10E5E00001F073FAFBF762FA002038BD01F06DBA52
:10E5F00001F05EBA01460068F7F768B808B5F7F7AA
:10E6000095F8BDE80840F7F715BC00210120F7F7A1
:10E610005DB808B5F7F7BEFBF7F730F8F7F73AF84B
:10E62000F7F75EFCFCF742F8036E83F30B88704744
:10E630006FF08500704761B662B680F31188BFF352
:10E640006F8F704708B5F8F7E1F872B6002383F3CF
:10E650001188BFF36F8F00F09FF850B1BFF34F8F59
:10E6600030BF00BF00BF00BF00BF00BF00BF00BF82
:10E6700000BF62B6BFF36F8F08BD10B50446F8F750
:10E68000C5F872B6002383F31188BFF36F8F00F0D3
:10E6900083F850B1BFF34F8F20BF00BF00BF00BF52
:10E6A00000BF00BF00BF00BF00BF84F31188BFF3ED
:10E6B0006F8F62B610BD40E800F313F4803FD8B20C
:10E6C00008BF6FF01500704730B50C684B6885B017
:10E6D0000A894D890094013B24F01F04234402F071
:10E6E0001F0242EA451223F01F0369468DF80820F5
:10E6F0000393F7F74FFC05B030BD7047416A896856
:10E70000F7F70ABF38B50D4614461146F8F72EF84C
:10E7100022462946BDE8384001F0CAB910B50C467A
:10E720000121F8F723F8047010BD10B5036801212A
:10E730001C78F8F73BF8204610BDF0B5D0F804730C
:10E74000064617F002001CBFC2F1807018604FF03F
:10E75000000518BF01204FF0010C4FF4803E0CFA69
:10E7600005F40C4214D00EFA05F43C4210D005F525
:10E77000A87456F82440A41A34F07F4408BF4FF020
:10E78000807408B91C6002E01868A042FAD8012021
:10E790000135042DE3D1F0BDF8F7B6B8F8F724B889
:10E7A000F8F722B80220F8F7C7B9F8B5069F054672
:10E7B0000469C9B2EFF3118C402080F31288BFF3D3
:10E7C0006F8F0C2606FB0146B06C00F0070EBEF101
:10E7D000010F11D1B76400268CF31188BFF36F8F3E
:10E7E00046B90C2000FB0144C4E910236B6853F8C0
:10E7F000313098473046F8BD00F0C00087420CBF6A
:10E800006FF077064FF0FF36E6E713B580240094EB
:10E81000FFF7CBFF02B010BD0069CBB200EB431095
:10E82000002110471046FCF75DBD00F096B900F0DE
:10E8300095B98022F8F73ABA4FF4AF607047436851
:10E8400000205B681B690B607047436802EA0100A7
:10E850005B6821EA020198600020D9607047436834
:10E8600000205B6899607047436800205B68D9604E
:10E87000704743685B685A6821EA0200114098605B
:10E880000020D9607047FAF79DBE30B451F820508F
:10E890000C4601EB80023DB10146AC46D4F8800045
:10E8A000002330BC126C604730BC704710B5006963
:10E8B0000F299FBF00EB810440F821202364002032
:10E8C00088BF6FF0150010BD002070471020704702
:10E8D0000F290ED843685B68CB40DB0709D50122BE
:10E8E0008B00DBB203F1824303F5903300201A6002
:10E8F00070476FF01500704738B50F290C46056951
:10E9000033D843681B68CB40DB072ED5D5F884107D
:10E9100021FA04F303F001031AB99BB96FF07700F1
:10E9200022E0002BFAD111B91220F7F7CDF901221C
:10E93000D5F88430A2401343C5F88430E0B2FAF72A
:10E9400093FF0AE0E0B2FAF7ADFF0122D5F8843078
:10E95000A24023EA0203C5F88430D5F8843013B905
:10E960001220F7F7BFF9002038BD6FF01500FBE764
:10E9700008B5F8F791FF08BDFFF7F7B810B54FF0ED
:10E98000FF304FF0FF31F9F715F9044628B9E4F7E5
:10E99000A1FB044618B1F9F715F9204610BDF9F7A7
:10E9A00011F92046F8F7E8F8F7E738B50B8A0D4675
:10E9B0003BB101F10C00FFF7B8FE012818D0022886
:10E9C00003D06FF01504204638BD4FF0FF304FF0F4
:10E9D000FF31F9F7EFF804460028F4D1E868F1F7C1
:10E9E00087FD0446F9F7EEF8ACB1F9F7EDF9EAE77F
:10E9F0004FF0FF304FF0FF31F9F7DCF80446002804
:10EA0000E1D1E868F9F7E2FA0446F9F7DBF8002CFF
:10EA1000D9D1F9F7D9F92846F7F75AFE0024D2E7F9
:10EA2000F9F70ABA10B532220021044601F04DF878
:10EA3000202323708023A3706FF03F0363716FF076
:10EA40001B03A3722823A3732223E3730423A37558
:10EA50006FF0080363766FF03C03A3766FF0040356
:10EA6000E3760E232377302384F820306FF03F03C2
:10EA700084F82130792384F822307E2384F82330EF
:10EA80006FF0010384F82430032384F825308023B9
:10EA900084F82630072384F82730402384F82D306B
:10EAA000042384F82E3010BD034607B5998800680A
:10EAB0009B790090ADF804108DF80630BDF8033056
:10EAC00068460A2B28BF0A23ADF80330E6F772FA2E
:10EAD00003B05DF804FB684620F007018D4601B5E0
:10EAE000F0F748F8BDE8014085467047684620F0D9
:10EAF00007018D4601B5F0F731F8BDE801408546C4
:10EB00007047684620F007018D4601B5FFF746FEC5
:10EB1000F0F7FEFDBDE801408546704708B5F5F702
:10EB200041FC002008BD38B504464518AC424FF002
:10EB3000000000D138BDFAF757F90028FADB04F8D5
:10EB4000010BF3E703465A6B00233C309A4200D195
:10EB50007047C16801330844F8E770470020FAF7AE
:10EB600071B87047EEF72EBD0346002018470246E5
:10EB700010B5116891B1B1FA81F3C3F11F000123FF
:10EB8000834021EA0303D2E8EF4F8C4204D1C2E86C
:10EB9000EC3FBCF1000FF6D1EBD110BD6FF00B00D4
:10EBA000FBE710B50368CB40DB0710D401238B4093
:10EBB000026843EA0201D0E8EF4F944204D1C0E872
:10EBC000EC1FBCF1000FF6D1F2D1002010BD6FF0A8
:10EBD0001500FBE741F00041C0F8801000207047AD
:10EBE00043090AD0012B0BD14FF6FF7300F01F0031
:10EBF00023FA00F000F0010070474FF0FF33F5E713
:10EC00000020704710B504460846FAF711F904EBE6
:10EC10004004207DC0F3401010BD10B504460846E6
:10EC2000FAF706F904EB4004A08A00F01C00003853
:10EC300018BF012010BD10B504460846FAF7F8F8D1
:10EC400004EB4004207DC0F3400010BD10B5044625
:10EC5000FFF7F1FF20B12046BDE81040FFF7D2BF1B
:10EC600010BD10B504460846FAF7E2F804EB40047C
:10EC7000A08A400B10BD70B5044608461646FAF748
:10EC8000D7F8083034F810300D46DA0509D5C3F34B
:10EC9000432304EBC3023146284654F8333052680C
:10ECA0009847A3682BB131462846E268BDE870401A
:10ECB000184770BD2DE9F3411746DDE9085801906A
:10ECC00001A80C461E46FAF7F7F8019B391E18BF3B
:10ECD000012100EB8300231E18BF0123002E43EA0D
:10ECE00041030CBF00210C21002D43EA01030CBF9E
:10ECF00000214FF47061B8F1000F43EA01030CBF2B
:10ED000000214FF44031D0F800220B4322EA0303E4
:10ED100004B124780FB13F787F001C430EB13678E0
:10ED2000B6003C438DB1297809023443B8F1000F95
:10ED300003D098F800804FEA0848214341EA0801CF
:10ED4000C0F8001202B0BDE8F0812946EDE71FB51A
:10ED50000DF10F03019300238DF80F101A46194689
:10ED60000093FFF7A7FF05B05DF804FB2DE9F0471E
:10ED70000025044688462E464FF00109AA46D7B220
:10ED8000AF420CD1D4F87C3133B10023C4F87C31CC
:10ED9000D4F87C3146F000463046BDE8F08728467E
:10EDA000FAF7BEF8A0F580739B0809FA03F318EA96
:10EDB000030F05D022581AB144F800A022581E4370
:10EDC0000135EDB2DCE738B504460D46FFF71AFF12
:10EDD000A8B12046FFF72FFF88B92046FFF741FF73
:10EDE000012322688340C2F80833236803EB8000C4
:10EDF000D0F8103523F00303C0F8103538BD28468D
:10EE0000BDE838400021FFF7A2BF2DE9F04389B0EB
:10EE1000109E0446894690460021202268461F46DF
:10EE2000129D00F052FE1F2E97BF01234FF0FF33BB
:10EE3000B34003F1FF332361119BC4E90098C4E997
:10EE400002766361183445B10FCD0FC495E80F0009
:10EE500084E80F0009B0BDE8F0836D46F4E773B5B0
:10EE60000468651C31D08568A9422ED264182CD064
:10EE70005E18AE4288BF6B1A056A35B10093052350
:10EE8000A8470346184602B070BD2146BFF35B8F0A
:10EE9000184618B142EA0104A4070AD103280EDC7F
:10EEA000013910448242EDD011F8014F02F8014BB4
:10EEB000F8E711F8014B013802F8014BE9E751F886
:10EEC000044B043842F8044BE8E76FF02103D9E71C
:10EED00073B50468651C31D08568A9422ED26418C8
:10EEE0002CD05E18AE4288BF6B1A456A85B92146A0
:10EEF000184618B141EA0204A4070ED1032812DC17
:10EF0000013A0844814214D1BFF35B8F184602E0F6
:10EF100000930523A84702B070BD12F8014B0138D9
:10EF200001F8014BE5E752F8044B043841F8044B73
:10EF3000E4E712F8014F01F8014BE3E76FF021001D
:10EF4000E9E773B504681D46661C2BD083689942B7
:10EF500028D2641826D06E189E42866A88BF5D1A31
:10EF60002EB105230095B047284602B070BD4FF082
:10EF7000013021462B4650430BB18C0707D1032BA0
:10EF800009DC0B4499420AD1BFF35B8FECE701F82F
:10EF9000012B013BF0E741F8040B043BEFE701F8DC
:10EFA000012BEFE76FF02100DFE70020704710B47E
:10EFB000046B02460B4684B9C1681F2998BF23FA27
:10EFC00001F4416861B18068834209D21069184038
:10EFD00051F82430184410BC7047234610BC184721
:10EFE0004FF0FF30F7E770B5436B05460E46E3B9C7
:10EFF0000469621C09BF43680C401C680C1B214655
:10F000002846FFF7D4FF864207D02B6901331C4402
:10F01000AB689C42F3D34FF0FF342868431C07D001
:10F02000AB68A34204D9204470BD98470446F4E776
:10F030000020F9E730B5059CC4E90002039A21815C
:10F040001989E260049A618121856261D3E9002512
:10F0500002EB0113C4E906128A1C236203EB42038C
:10F060006A1C13446D422B406362836953B90139B2
:10F07000E2698B4202EB031206DB002393736FF00D
:10F080007F03D373002030BD0133D381F0E72DE936
:10F09000F04FB0F830A004465546002685B002EB8C
:10F0A000030891460E9A00EBCA031FFA88FB9A6385
:10F0B000A3F83CB008F1FF32C3690F1D0192B045BF
:10F0C0001ADC238D2586A3EB0B032385236A618934
:10F0D0005A8801390A4003EB4203A3F804A0BFF3A6
:10F0E0005B8F0020226A538801335380638D013384
:10F0F000638505B0BDE8F08FE06A2A0157F8041C6B
:10F1000003EB0515029303680392C91A8368083755
:10F11000994228BF4FF0FF31FFF749FFDDE9023286
:10F12000985000226A6057F8082CAA60019A96420B
:10F13000ACBF00220122B145D8BF42F00202AA8131
:10F140000136ED89BBE7F0B550B3456A448E6B8854
:10F15000A34230D0631C43864389BFF35B8F013BDE
:10F160001C4005EBC4056B689EB209B1AD680D602B
:10F17000D0F81CC09BB20CEB031100EBC3039D8FB6
:10F18000078D2F44013D07859D878D896F070ED51B
:10F19000058ECD8100210686986B996302B114809B
:10F1A000F0BD9D8FC989013D0CEB01119D878D89B3
:10F1B000ED07F6D4ECE70020F2E7C36903EB011397
:10F1C00098687047C36909015958C06AFFF70BBFB7
:10F1D00070B5BFF35B8F0D46016A1646838E4A8871
:10F1E00004469A4212D05A1C82864289013A134040
:10F1F00001EB43018988298089B2FFF7E3FF2A8860
:10F20000E36903EB02139B68336070BD0020FCE7E9
:10F2100010B5026893691269920017D543B9438EFD
:10F22000026A81694489013B1B1B02EB4102938006
:10F2300003689B69012B08D1838E426A81694089EA
:10F24000013B1B1A02EBC102938010BD23B9026A75
:10F25000138843F00103138003689B69012B01BFEE
:10F26000426A138843F001031380EEE710B5BFF341
:10F270005B8F026804469369126992001AD57BB9C4
:10F28000036A426A5B888169013B02EBC102928892
:10F290009B1A628D9BB29A4214D80023638510BDDD
:10F2A000012BFAD1436A026A5B888169013B02EB58
:10F2B0004102ECE763B9436A1B88DB4303F00103B7
:10F2C000002BEAD06369002BE7D020469847E4E79B
:10F2D000012BE2D1036AEFE7036A828E59889142DB
:10F2E0000AD0418901390A4003EB42039A88C36975
:10F2F00003EB02139868704700207047BFF35B8FE1
:10F30000C36803B1184770474FF0FF324FF0FF3327
:10F31000FCF764B810B1C36A0133C362704738B1F7
:10F32000C26A013AC2621AB9026B02B110470262A4
:10F33000704770B50446056A05F164063046FFF76C
:10F34000E3FF636AA3F580637F2B0BD80122590981
:10F35000503503F01F039A4055F8213023EA020389
:10F3600045F82130D4E90F124A60E16B04F13C0307
:10F3700011602046C4E90F33FFF7D1FF3046BDE8E6
:10F380007040FBF7AFBF10B5436A8CB00A932023DF
:10F39000044602460B9102A8194600F023FA2823DE
:10F3A0000122CDE9003220463522616A02ABFAF72C
:10F3B00051FC00EAE0700CB010BD30B1006A20B121
:10F3C00019B1D0F8803003B11847704730B1006AE6
:10F3D00020B119B1D0F8843003B11847704730B16B
:10F3E000006A20B119B1D0F8883003B11847002065
:10F3F00070472DE9F8430746884615469946066842
:10F40000B74203D100242046BDE8F8836A1CA6F168
:10F410003C0402D0636AAB42F5D0B8F1000F10D0C3
:10F4200020224146204600F068FB50B9B9F1FF3F69
:10F4300002D0A36A4B45E6D06B1C02D1A36A01330C
:10F44000E1D03668DCE770B505460C461E46CAB109
:10F4500020232046194600F0C5F90123E362049BEE
:10F460006662A362059B25626363069BA363079B99
:10F4700063646A6804F13C03C4E90F526B60226C58
:10F48000136070BD0A70E8E710B5044690B1036AD6
:10F4900083B102784AB193F89C3033B1436AB3F533
:10F4A000806F02D30121FFF76EFF2046BDE81040B8
:10F4B000FFF73FBF10BD20B1036A13B15B6803B112
:10F4C0001847704708B530B1036A3BB1DB682BB110
:10F4D0009847002008BD6FF01500FBE76FF00500AE
:10F4E000F8E77047FBF7FEBE4FF0FF324FF0FF33F7
:10F4F000FBF774BFF8B500F16407A1F110060546EB
:10F5000038460C46FFF7F0FF3046FAF759FC80B159
:10F5100054F8083C24F8083CD5F8C43044F80C3CB6
:10F5200005F1C00344F8103CC5F8C46054F80C3C25
:10F530001E603846FFF7D6FF0020F8BD38B50D46EF
:10F5400000F164042046FFF7CFFF55F8083C204641
:10F5500003F5803345F8083CBDE83840FFF7C2BFEB
:10F560002DE9F043282A89B08846109D52D1D5F85C
:10F57000B800202301688468A8EB0101A14228BFDC
:10F580004FF0FF316A46FFF76AFC05F16406D8F8D0
:10F5900020903046FFF7A8FF4B464FF0FF326946F8
:10F5A0002846FFF726FF044640B3076B003F18BF0D
:10F5B0000127D8F82430DB0722D514B14FF0FF33F0
:10F5C000A36217B12046FFF7A5FE3046FFF78AFF7A
:10F5D0001CB1A36B0BB120469847AB6F1BB14A46D9
:10F5E000694628469847AFB13046FFF77DFF204671
:10F5F000FFF795FE3046FFF775FF0BE00746D8E7AB
:10F6000064B93046FFF76EFF6B6F1BB14A4669461F
:10F6100028469847002009B0BDE8F083C4F8289038
:10F62000E8E770B500F16406A1F110050446304624
:10F63000FFF75AFF2846FAF7C3FB38B120462946A0
:10F64000FAF79EFCD4F8B000FFF710FE3046BDE894
:10F650007040FFF747BF10B548B149B143688B42CE
:10F6600006D382680468D21A5B1A4360A01810BDE2
:10F670000020FCE72DE9F3470546D0F8AC000E4624
:10F68000174618B9002002B0BDE8F087036A002BC6
:10F69000F8D09B68002BF5D098474307F2D543F686
:10F6A0009823002F18BF1F4605F1640805F1C00913
:10F6B0004046FFF719FFD5F8C0404C4532D08CB317
:10F6C000D4E90023536022681A60C4E90044D5F8E5
:10F6D000AC3021899B69ADF8061013B9D5F8A0307C
:10F6E0003360D5F8AC309B69012B04D1D5F8B40058
:10F6F000FFF763FD30604046FFF7F4FE002C4BD16E
:10F70000002FBFD0D5E92B32182112891B6B01FBCA
:10F710000233D5F8C820AABB21200021FDF760F9EB
:10F72000013FC5E7D5F8AC30D3F818A0BAF1000F07
:10F730001CD13146D5F8B4000DF10602FFF703FDE8
:10F7400004460028D7D1D5F8B4301B8D0BB900245E
:10F75000D1E7D5F8A010D5F8BC00FFF77CFFD5F8AD
:10F76000A03004463360ADF806A0C4E7BAF1010F3B
:10F77000EDD13246D5F8B4000DF10601FFF728FDB2
:10F780000446B8E71969284690476FF4FB6398422E
:10F79000C2D000288CD075E7BDF8063004F1100007
:10F7A00003F58033A3603368103B33606BE720B10F
:10F7B00019B112B1C0E901220160704738B50446A1
:10F7C00018B938BD3C38FFF75FFE20688442F9D194
:10F7D0000025D4F8AC00C4E92C55FFF76CFEC4F842
:10F7E000AC50EEE7F8B50446A1B199420E4628BFE9
:10F7F0001E46751C013D05D012F8017B00F8017B07
:10F80000002FF7D1994207D9891B4A19002100F02E
:10F810005CF9711B0846F8BD00230C4404F8013C58
:10F82000F7E740B1C368587810F001001EBF1878A0
:10F83000B0FA80F040097047EFF31183402383F35F
:10F840001288BFF36F8FFEE708B5FFF7F5FF10B41E
:10F8500000F10C04C0E903440024446110BCF5F736
:10F860005FB813B501240094FBF76AF802B010BD2D
:10F8700090F90E308B4201D0FCF778BD0020704724
:10F8800003460020C3E90033C3E9020070470123A7
:10F8900007B5009300230A461946FBF7D7FB03B0D0
:10F8A0005DF804FB002307B50A4600931946FBF7F1
:10F8B000CDFB03B05DF804FB3AB18A4205D3C0E941
:10F8C0000212C0E90000002070476FF01500704779
:10F8D000012302688B4022EA0303036022FA01F04D
:10F8E00000F001007047704720B100228C301146B3
:10F8F000FDF73ABA704710B5FBF7D0FF041E08DDDC
:10F90000EFF31180402383F31288BFF36F8FFCF76E
:10F9100007FE204610BDEFF30580003818BF012018
:10F9200070476FF057007047D0E9003213605A609B
:10F930000023C0E90033704738B504460D46FCF794
:10F94000D9FA237C43F002032374D5B1A5602B6858
:10F950009D4209D16B68C4E900531C606C6010E0E3
:10F960006A689A42F6D01B68002BF3D093F90E1008
:10F9700094F90E209142F3DD5A68C4E90032146014
:10F980005C6038BD10B5037C044613F0280F0CD121
:10F9900083680BB1FCF784FB237C204623F004032F
:10F9A0002374BDE81040FCF73DBA10BDFCF732BB34
:10F9B00038B5054604680020AC4200D138BD002CA3
:10F9C000FCD02046FCF76CFB04F11800FDF746FC68
:10F9D0002046FCF727FA2C680120A542EDE708B580
:10F9E0000246FDF731FB70B1D0E904319B1A61EB9F
:10F9F000E272B3F1004F72F1000104DA002AACBFE9
:10FA00001846002008BD6FF00040FBE708B5FDF781
:10FA100053FD08BDB3F1FF3F08BFB2F1FF3F70B522
:10FA200006461D46144614D01A4316D0002B08DB98
:10FA3000FDF742FD041941EB0501C6E900413046DE
:10FA400070BD6FF001031C1B4FF0FF3363EB05012A
:10FA5000F3E74FF0FF342146EFE70024FBE7B3F173
:10FA6000FF3F08BFB2F1FF3FF8B5074616461C46F8
:10FA700010D054EA020311D0FDF71EFDB0420A4631
:10FA8000A14103460AD2F31A64EB0204C7E9003429
:10FA90003846F8BD4FF0FF331C46F7E70023FBE77D
:10FAA00020B1011F50F8040CFAF7B2BE704770473E
:10FAB0000A44431E914200D1704710B511F8014B22
:10FAC000914203F8014FF9D110BD0244034693421D
:10FAD00000D1704703F8011BF9E70139024410B562
:10FAE000904201D1002005E0037811F8014FA342B4
:10FAF00001D0181B10BD0130F2E710B56AB1013911
:10FB0000841810F8012B11F8013F9A4203D1A0424A
:10FB100001D0002AF5D1D01A10BD1046FCE70139FA
:10FB2000034610B532B111F8014F013A03F8014B09
:10FB3000002CF7D11A440021934200D110BD03F8E4
:10FB4000011BF9E70246014410B58A42134603D06F
:10FB50001C780132002CF8D1181A10BDF0B5C3F191
:10FB60003707044603F01F031046FFB2082BE6B226
:10FB700032D0102B3DD06508A40845EAC17544EA8F
:10FB800081748A082D1942EB5102290941EA027158
:10FB90006D1842EB1212290A41EA02616D1842EB1C
:10FBA0001222290C41EA02416D1842EB1242AD18B3
:10FBB00042F10002EC0844EA4274D10804EB8402EA
:10FBC000A6EB4205EDB2092D0CD90134A5F10A05C9
:10FBD00041F10001EDB212E0E40806F0070544EA45
:10FBE0004174C908303554EA010200F8015BBDD107
:10FBF000F0BD240906F00F0544EA01740909092D36
:10FC000084BFED19EDB2EDE7756A01010000000057
:10FC10000000000098FC0101C1A7010100000000E4
:10FC200000000000D0FC010100000000B4FC010154
:10FC300029890101000000001DEB01010000000006
:10FC400000000000ECFC0101D57A01010000000079
:10FC500039640101000000000000000008FD0101FE
:10FC60000000000024FD0101018A010100000000E4
:10FC7000B9D60101000000000000000040FD0101B4
:10FC80004D8A010100000000998B01010000000075
:10FC9000615601010000000095100201F00202010E
:10FCA000F0FE0101BE010021A43100214D6D0101D2
:10FCB000000000001112020100030201B8FE010160
:10FCC000C2010021443200219D77010100000000A3
:10FCD0001F12020114030201B8FE0101C401002138
:10FCE000503200219D77010100000000F610020152
:10FCF00000000000B0FE0101C0010021003200211F
:10FD00007D720101000000002D1202017801002126
:10FD1000DCFE0101C60100215C320021D97701011E
:10FD2000000000007413020100000000280302011B
:10FD3000C8010021F0320021F17C01010000000027
:10FD40000E070201B80000210C020201BC010021D3
:10FD500048140021F9E30101000000000000000048
:10FD60000BE60101000000000BE6010100000000AD
:10FD70000BE60101000000000BE60101000000009D
:10FD80000BE6010165EB010169EB010100000000D8
:10FD90000BE60101000000000BE60101000000007D
:10FDA0000BE601010032002115730101E40000217E
:10FDB00087E80101000000000BE6010100000000DF
:10FDC0000BE60101000000000BE60101000000004D
:10FDD0000BE60101000000000BE60101000000003D
:10FDE0000BE60101000000000BE60101E1980101B2
:10FDF00069EB0101000000000BE6010100000000BA
:10FE00000BE60101000000000BE60101000000000C
:10FE1000DD780101000000000BE601010000000098
:10FE20000BE60101000000000BE6010100000000EC
:10FE3000BD890101000000000BE601010000000087
:0CFE40000BE60101000000000BE60101D0
:10FE5000C8130021E83B0021000200008D4701018A
:10FE6000000000000000000000000000070000008B
:10FE70000000000065040201000000000000000016
:10FE800048130021E8350021000600006547010104
:10FE9000000000000000000000000000070000005B
:10FEA00000000000580402010000000000000000F3
:10FEB0000172010125710101997501013FE80101FC
:10FEC0004BE801015FE8010169E8010173E8010104
:10FED000897401018973010100000000D1E801016A
:10FEE000ADE80101C9E80101CDE80101F9E801012E
:10FEF000A56D010133E801010BE8010100000000DC
:10FF0000756C01010000000000000000ED9A010185
:10FF100006000000DEE61E28EAAC45B80235000007
:10FF2000DEE61E284CBBCE8F02350000000200002A
:10FF30000002000000000000252627000102030344
:10FF40002804000090420000BE1100004C01000097
:10FF5000E80B000086040000010203030102030312
:10FF6000010100020700010204010001000001017B
:10FF7000000001000100000100010000000000007D
:10FF8000020B000001000B0002000A00050009003E
:10FF90000A000800140007001E00060032000500D9
:10FFA0004B0004006400030096000200FA00010008
:10FFB000F40100000102030302030001F401FA004E
:10FFC000960064004B0032001E0014000A00050079
:10FFD000020001000C0802170D01010209090101CC
:10FFE0000602091818030101090983838503020128
:10FFF000230202240910040405050B0B040B2B1B20
:020000040102F7
:100000001B159A9A1C021D16130501490D150508AA
:10001000061B1B0F01010000FEFEFEFEFEFEFEFEA3
:10002000FEFEFEFEFEFEFEFEFEFEFEFEFE16FEFED8
:10003000FEFEFEFEFEFEFEFEFEFE1F1FFE26FEFE76
:10004000FEFEFEFEFEFEFEFEFEFEFEFEFEFEFEFED0
:100050003E3EFEFEFEFE3B3B60009006BE022C01D3
:10006000D012CE0528049042BE1164005006AE02A4
:100070007205DA43081300010202A301B103BF05B0
:10008000EF024906A309C505F50B2512010203037A
:100090000102030301020401020303002804904249
:1000A000BE117205DA4308132C00D002CE010440C1
:1000B000100028049042BE112C00D002CE01B400E2
:1000C000500BEE0364005006AE02B400500BEE037A
:1000D0000102030328049042BE1128049042BE117D
:1000E00001020303000102020100000007000000FA
:1000F0000000000000000000000000000406080AE4
:100100000C0E10121416181C1E20222426282A2C2D
:100110002E30323436383A3C3E40424446484A4C0F
:100120004E021A50000000002800000018000000D5
:10013000500100005001000000000000141E0000EB
:10014000301100003C730000B45F0000B80BD00712
:100150006C396C390000000070170000A00F00001F
:100160003C2800003C2800000000DC05E803D41710
:10017000000000000000000000000000000000007F
:10018000141E00003011000060EA000060EA000068
:1001900000002CA6E0A120A820A80000000000007C
:1001A0000000000000003408E803280A280A0000C4
:1001B0000000000000000000E3A3C30001020005EE
:1001C000040008080000000000000000000000001B
:1001D0000000000000000000000001010101020217
:1001E0000202030303030405060708090A0B0C0DAA
:1001F0000E0FD8ECF0F4F8F9FAFBFCFDFEFF00015D
:10020000020300100200FA00000000009D500101EE
:100210003BE40101F95201010000000045530101D6
:100220003554010175E20101E9E201017DE20101BC
:10023000AFE2010199E2010183E201010000000047
:10024000000000006BE501015DE5010167E50101CA
:100250005BE501010000000000000000000000005C
:10026000000000004BE5010100000021000000003B
:1002700006000100020000007C02020100000001F3
:10028000D10E020106000000E0FF03010000002182
:10029000D90E020121000000E0FF0021C564010128
:1002A00000000000FBE601019C020201B80202010D
:1002B0000001000000000000388100219C020201C2
:1002C000CC0202010301000000000000E0880021D0
:1002D0009C020201E0020201FB010000000000009C
:1002E0000C950021396C0101256D01010000000011
:1002F000B16E0101D56D01012FE801012BE801016B
:10030000FFFF000000088C41E40000210000000015
:1003100001000000FFFFFFFF00058C41E400002109
:100320000000000000000000D17B01017DE9010117
:10033000ABE90101080000000300000010170201F2
:100340002317020136170201491702015C17020147
:100350006F170201821702019517020108FC0101C3
:1003600010FC010148FC010150FC010190FC01015D
:1003700098FC01019623020100010000881300008F
:10038000647261676F6F6E2F6C6962732F7363683D
:1003900065642F7372632F73636865645F68616C53
:1003A0005F7274632E6300574553545F544F50443B
:1003B00049522F6E72662F6170706C696361746947
:1003C0006F6E732F6970635F726164696F2F7372F0
:1003D000632F62745F6863695F6970632E63006591
:1003E0007272203D3D203000415353455254494FD5
:1003F0004E204641494C205B25735D2040202573EB
:100400003A25640A00094661696C656420746F20AE
:10041000707574206461746120696E746F206D73EF
:1004200067713A2025642E0A00094661696C65648B
:1004300020746F2067657420646174612066726F38
:100440006D206D7367713A2025642E0A006E726606
:100450005F62745F6863690074785F746872656175
:10046000645F69640071756575655F746872656164
:10047000645F696400574553545F544F5044495278
:100480002F7A65706879722F6C69622F6865617068
:100490002F686561702E630028616C69676E202685
:1004A0002028616C69676E202D20312929203D3D6F
:1004B00020300009616C69676E206D75737420626D
:1004C00065206120706F776572206F6620320A00A8
:1004D0006279746573203E20686561705F666F6F36
:1004E0007465725F627974657328627974657329C3
:1004F0000009686561702073697A652069732074EA
:100500006F6F20736D616C6C0A00686561705F735A
:100510007A203E206368756E6B737A2873697A65FA
:100520006F6628737472756374207A5F6865617092
:100530002929006368756E6B305F73697A65202BBB
:10054000206D696E5F6368756E6B5F73697A65288D
:100550006829203C3D20686561705F737A005745CB
:1005600053545F544F504449522F7A6570687972E2
:100570002F696E636C7564652F7A65706879722F68
:100580006B65726E656C2E6800216B5F69735F70BE
:1005900072655F6B65726E656C282900096B5F631D
:1005A000757272656E745F6765742063616C6C65EB
:1005B00064207072652D6B65726E656C0A0057451C
:1005C00053545F544F504449522F7A657068797282
:1005D0002F6C69622F7574696C732F6F6E6F66660E
:1005E0002E63007374617465203D3D2030550021F9
:1005F0007379735F736C6973745F69735F656D7032
:10060000747928266D67722D3E636C69656E74730C
:1006100029007472616E73697420213D2028287648
:100620006F6964202A293029007374617465203D44
:100630003D202831554C203C3C2028312929006D93
:1006400067722D3E72656673203D3D2030007374E5
:10065000617465203D3D202831554C203C3C2028CC
:1006600030292900574553545F544F504449522F65
:100670007A65706879722F696E636C7564652F7A1C
:1006800065706879722F7370696E6C6F636B2E681A
:10069000007A5F7370696E5F756E6C6F636B5F7607
:1006A000616C6964286C2900094E6F74206D792093
:1006B0007370696E6C6F636B2025700A007A5F73CC
:1006C00070696E5F6C6F636B5F76616C6964286CD8
:1006D000290009496E76616C6964207370696E6CDB
:1006E0006F636B2025700A00574553545F544F5079
:1006F0004449522F7A65706879722F6C69622F7540
:1007000074696C732F6E6F746966792E63006970FB
:100710006330002A2A2A20426F6F74696E67206E48
:10072000524620436F6E6E6563742053444B2076AF
:10073000332E342E312D62323066383631396261D3
:100740003961202A2A2A0A002A2A2A205573696E2A
:1007500067205A6570687972204F532076342E34A2
:100760002E322D3333666136613761616336612025
:100770002A2A2A0A0072302F61313A202030782547
:10078000303878202072312F61323A20203078259D
:10079000303878202072322F61333A20203078258B
:1007A0003038780A0072332F61343A2020307825AF
:1007B000303878207231322F69703A202030782515
:1007C000303878207231342F6C723A2020307825FE
:1007D0003038780A0020787073723A2020307825FB
:1007E0003038780A004661756C74696E6720696EEE
:1007F000737472756374696F6E206164647265737B
:100800007320287231352F7063293A2030782530D3
:1008100038780A00556E68616E646C6564204952D0
:10082000516E3A2025640A002A2A2A2A2A20555382
:10083000414745204641554C54202A2A2A2A2A0A53
:100840000020204469766973696F6E206279207A8E
:1008500065726F0A002020556E616C69676E656471
:10086000206D656D6F7279206163636573730A0033
:100870002020537461636B206F766572666C6F77AE
:100880002028636F6E746578742061726561206ED4
:100890006F742076616C6964290A0020204E6F20F5
:1008A000636F70726F636573736F7220696E7374B8
:1008B00072756374696F6E730A002020496C6C65F1
:1008C00067616C206C6F6164206F66204558435FE0
:1008D00052455455524E20696E746F2050430A00A1
:1008E0002020496C6C6567616C20757365206F66AC
:1008F0002074686520455053520A002020417474CA
:10090000656D707420746F206578656375746520FB
:10091000756E646566696E656420696E7374727560
:100920006374696F6E0A002A2A2A2A2A20425553C4
:10093000204641554C54202A2A2A2A2A0A002020DF
:10094000537461636B696E67206572726F720A001F
:100950002020556E737461636B696E6720657272D7
:100960006F720A00202050726563697365206461AC
:10097000746120627573206572726F720A002020A4
:100980004246415220416464726573733A20307864
:1009900025780A002020496D7072656369736520AF
:1009A0006461746120627573206572726F720A00EF
:1009B0002020496E737472756374696F6E2062755E
:1009C00073206572726F720A002A2A2A2A2A204D21
:1009D0005055204641554C54202A2A2A2A2A0A00DA
:1009E0002020537461636B696E67206572726F7249
:1009F0002028636F6E746578742061726561206D64
:100A000069676874206265206E6F742076616C6916
:100A100064290A0020204461746120416363657386
:100A2000732056696F6C6174696F6E0A0020204DE7
:100A30004D46415220416464726573733A203078A8
:100A400025780A002020496E737472756374696F8B
:100A50006E204163636573732056696F6C617469BE
:100A60006F6E0A00574553545F544F504449522FFC
:100A70007A65706879722F617263682F61726D2F69
:100A8000636F72652F636F727465785F6D2F666137
:100A9000756C742E6300212828285343425F5479D3
:100AA0007065202A2920282830784530303045309C
:100AB0003030554C29202B20307830443030554C84
:100AC0002920292D3E434653522026202831554CBB
:100AD000203C3C20283055202B2034552929290042
:100AE00009537461636B696E67206F72204461748F
:100AF00061204163636573732056696F6C6174692B
:100B00006F6E206572726F7220776974686F75748A
:100B100020737461636B2067756172642C20757338
:100B200065722D6D6F6465206F72206E756C6C2D13
:100B3000706F696E74657220646574656374696F43
:100B40006E0A0A00526573657276656420457863A3
:100B5000657074696F6E20280053707572696F75C7
:100B60007320696E746572727570742028495251D1
:100B70002000535053454C20696E207468726561A3
:100B800064206D6F646520646F6573206E6F7420E0
:100B9000696E646963617465205053500A0065731F
:100BA0006620213D202828766F6964202A29302973
:100BB000000945534620636F756C64206E6F742086
:100BC0006265207265747269657665642073756309
:100BD0006365737366756C6C792E205368616C6CF9
:100BE000206E65766572206F636375722E0A002A27
:100BF0002A2A2A2A2048415244204641554C542052
:100C00002A2A2A2A2A0A0020204275732066617542
:100C10006C74206F6E20766563746F7220746162ED
:100C20006C6520726561640A002020446562756706
:100C3000206576656E740A0020204661756C74200C
:100C4000657363616C6174696F6E202873656520DC
:100C500062656C6F77290A00415243485F455843EB
:100C6000455054207769746820726561736F6E20F7
:100C700025780A0A00094661756C74206573636102
:100C80006C6174696F6E20776974686F7574204643
:100C9000535220696E666F0A0009486172644661AA
:100CA000756C7420776974686F7574204846535268
:100CB00020696E666F205368616C6C206E65766586
:100CC00072206F636375720A002A2A2A2A2A204436
:100CD00065627567206D6F6E69746F7220657863E9
:100CE000657074696F6E202A2A2A2A2A0A002A2A25
:100CF0002A2A2A20257320256429202A2A2A2A2AFA
:100D00000A00574553545F544F504449522F7A6557
:100D1000706879722F617263682F61726D2F636FD3
:100D200072652F636F727465785F6D2F6972715F82
:100D30006D616E6167652E63007072696F203C3D66
:100D400020282831554C203C3C2028332929202DAF
:100D50002031290009696E76616C696420707269BE
:100D60006F7269747920256420666F722025642073
:100D7000697271212076616C756573206D7573746D
:100D8000206265206C657373207468616E20256C29
:100D9000750A0A00574553545F544F504449522F27
:100DA0007A65706879722F617263682F61726D2F36
:100DB000636F72652F6D70752F61726D5F6D7075E9
:100DC0002E630009436F6E6669677572696E6720EE
:100DD000257520737461746963204D5055207265C8
:100DE00067696F6E73206661696C65640A0A000941
:100DF0004D61726B696E6720257520617265617344
:100E000020666F722064796E616D69632072656718
:100E1000696F6E73206661696C65640A0A00095225
:100E200065717565737420746F20636F6E66696792
:100E30007572653A20257520726567696F6E73203B
:100E400028737570706F727465643A202575290A6D
:100E50000A002128726567696F6E5B6964785D2E90
:100E600064745F617474722026202831554C203CD4
:100E70003C202830292929000952414D5F4E4F431B
:100E80004143484520776974682044545F4D454D7F
:100E90005F434143484541424C4520617474726947
:100EA000627574650A0A00094661696C656420749C
:100EB0006F20616C6C6F63617465204D50552072BA
:100EC0006567696F6E732066726F6D2044540A0AFD
:100ED00000464C4153485F30005352414D5F300053
:100EE000574553545F544F504449522F7A657068A8
:100EF00079722F6C69622F6E65745F6275662F62FE
:100F000075662E63006275662D3E6672616773209A
:100F10003D3D202828766F6964202A2930290070F9
:100F20006F6F6C007265715F73697A65203C3D205C
:100F300073697A65006C69737400627566006F6C22
:100F4000645F72656620213D20300009627566206D
:100F5000257020646F75626C6520667265650A0095
:100F6000574553545F544F504449522F7A65706827
:100F700079722F6C69622F6E65745F6275662F627D
:100F800075665F73696D706C652E63006275662DA2
:100F90003E6C656E203D3D203055006E65745F628D
:100FA00075665F73696D706C655F7461696C726F93
:100FB0006F6D2862756629203E3D206C656E00626B
:100FC00075662D3E6C656E203E3D206C656E00574B
:100FD0004553545F544F504449522F7A6570687995
:100FE000722F736F632F6E6F726469632F6E7266F8
:100FF00035332F736F632E6300574553545F544F3F
:10100000504449522F7A65706879722F696E636C0B
:101010007564652F7A65706879722F626C75657476
:101020006F6F74682F6275662E6800574553545F62
:10103000544F504449522F7A65706879722F647208
:1010400069766572732F636C6F636B5F636F6E7429
:10105000726F6C2F636C6F636B5F636F6E74726F14
:101060006C5F6E72662E630074797065203C20435D
:101070004C4F434B5F434F4E54524F4C5F4E524682
:101080005F545950455F434F554E5400657272206E
:101090003E3D203000636C6F636B4034313030353F
:1010A00030303000574553545F544F504449522F0D
:1010B0007A65706879722F647269766572732F65CC
:1010C0006E74726F70792F656E74726F70795F6E67
:1010D0007266352E630026656E74726F70795F6E6E
:1010E0007266355F64617461203D3D206465762DD4
:1010F0003E646174610072616E646F6D40343130C2
:10110000303930303000574553545F544F504449C4
:10111000522F7A65706879722F696E636C75646599
:101120002F7A65706879722F647269766572732F91
:101130006770696F2F6770696F5F7574696C732E64
:10114000680063616C6C6261636B00094E6F2063C1
:10115000616C6C6261636B210A0063616C6C62613B
:10116000636B2D3E68616E646C657200094E6F2082
:1011700063616C6C6261636B2068616E646C657244
:10118000210A00574553545F544F504449522F6D24
:101190006F64756C65732F68616C2F6E6F72646914
:1011A000632F6E7266782F68616C2F6E72665F6750
:1011B00070696F2E68006E72665F6770696F5F702E
:1011C000696E5F70726573656E745F636865636B8B
:1011D000282A705F70696E2900574553545F544F39
:1011E000504449522F7A65706879722F647269761B
:1011F0006572732F6770696F2F6770696F5F6E72AA
:1012000066782E630063622D3E68616E646C657261
:10121000006770696F4034313863303830300067B0
:1012200070696F403431386330353030006D626F33
:101230007840343130313230303000574553545FCC
:10124000544F504449522F7A65706879722F696EF5
:10125000636C7564652F7A65706879722F64726942
:10126000766572732F656E74726F70792E68006187
:1012700070692D3E6765745F656E74726F7079205A
:10128000213D202828766F6964202A293029000909
:1012900043616C6C6261636B20706F696E74657220
:1012A0002073686F756C64206E6F74206265204EC9
:1012B000554C4C0A00574553545F544F50444952C3
:1012C0002F6E72662F7375627379732F626C7565FA
:1012D000746F6F74682F636F6E74726F6C6C65726D
:1012E0002F6863695F6472697665722E63000954C2
:1012F000686520656E74726F707920736F757263A4
:10130000652072657475726E656420616E20657209
:10131000726F7220696E206120626C6F636B696E00
:10132000672063616C6C0A00574553545F544F50FB
:101330004449522F6E72662F696E636C7564652F17
:101340006D70736C2F6D70736C5F776F726B2E683E
:1013500000096B5F776F726B5F7375626D69745FA5
:10136000746F5F71756575652829206661696C65A4
:10137000642E0A0062745F6863695F736463005778
:101380004553545F544F504449522F6E72662F7329
:1013900075627379732F6D70736C2F696E69742F1A
:1013A0006D70736C5F696E69742E6300094D5053E4
:1013B0004C204153534552543A2025732C20256428
:1013C0000A0A00657272636F6465203D3D2030003B
:1013D0004D50534C20576F726B00574553545F5418
:1013E0004F504449522F7A65706879722F696E6345
:1013F0006C7564652F7A65706879722F647269768E
:101400006572732F6770696F2E6800286366672D99
:101410003E706F72745F70696E5F6D61736B2026D2
:1014200020286770696F5F706F72745F70696E7388
:101430005F74292831554C203C3C202870696E2966
:10144000292920213D2030550009556E7375707093
:101450006F727465642070696E0A00140A00455248
:10146000524F523A2043616E6E6F742066756C66FF
:10147000696C6C204558545F415049207265717504
:101480006573742E0D0A005741524E494E473A205B
:101490004F7074696F6E616C204558545F415049BC
:1014A0002072657175657374206E6F742066756C3B
:1014B00066696C6C65642E0D0A00574553545F5481
:1014C0004F504449522F6E72662F6472697665726E
:1014D000732F6D70736C2F636C6F636B5F636F6ED4
:1014E00074726F6C2F6E7266785F636C6F636B5F84
:1014F0006D70736C2E6300094E6F7420737570707D
:101500006F727465640A00574553545F544F5044DA
:1015100049522F6D6F64756C65732F68616C2F6E07
:101520006F726469632F6E7266782F68656C706580
:1015300072732F6E7266785F677070695F64707027
:10154000692E6300705F6770706920213D20282834
:10155000766F6964202A29302900574553545F5417
:101560004F504449522F6D6F64756C65732F6861DD
:101570006C2F6E6F726469632F6E7266782F64725F
:1015800069766572732F7372632F6E7266785F6708
:1015900070696F74652E6300574553545F544F5004
:1015A0004449522F6D6F64756C65732F68616C2FA1
:1015B0006E6F726469632F6E7266782F68616C2F2C
:1015C0006E72665F6770696F74652E6800696E641D
:1015D0006578203C203800705F696E7374616E63BB
:1015E0006500705F6368616E6E656C0070696E5F48
:1015F0006861735F7472696767657228705F696E8E
:101600007374616E63652C2070696E2900696E7455
:101610005F656E61626C6500574553545F544F506F
:101620004449522F6D6F64756C65732F68616C2F20
:101630006E6F726469632F6E7266782F647269765A
:101640006572732F7372632F6E7266785F69706351
:101650002E6300705F636F6E666967202626202800
:101660006D5F63622E7374617465203D3D204E5240
:1016700046585F4452565F53544154455F494E4962
:101680005449414C495A454429006D5F63622E73A9
:1016900074617465203D3D204E5246585F44525659
:1016A0005F53544154455F494E495449414C495A4E
:1016B000454400574553545F544F504449522F6D91
:1016C0006F64756C65732F68616C2F6E6F726469DF
:1016D000632F6E7266782F68616C2F6E72665F6919
:1016E00070632E6800696E646578203C2031360096
:1016F000756E726567697374657265642025732001
:101700006275730A0067656E657269630025730010
:101710006D6574616C3A20656D657267656E63799D
:101720003A20006D6574616C3A20616C6572743AA0
:101730002020202020006D6574616C3A206372695E
:10174000746963616C3A2020006D6574616C3A20A5
:101750006572726F723A2020202020006D657461DE
:101760006C3A207761726E696E673A202020006DB6
:101770006574616C3A206E6F746963653A2020204D
:1017800020006D6574616C3A20696E666F3A2020A6
:1017900020202020006D6574616C3A2064656275BC
:1017A000673A20202020200025733A206672656564
:1017B000696E67206E6F6E2D656D70747920766925
:1017C000727471756575650D0A00756E6578706562
:1017D00063746564206275666665722068656C6412
:1017E00020636F756E7465720D0A00574553545F20
:1017F000544F504449522F6D6F64756C65732F6C54
:1018000069622F6F70656E2D616D702F6F70656EE0
:101810002D616D702F6C69622F72706D73672F72FE
:10182000706D73675F76697274696F2E630073748D
:1018300061747573203D3D2073697A656F66287207
:10184000705F6864722900737461747573203D3D24
:10185000203000726574203D3D2030007374617447
:101860007573203E3D203000737461747573203DA4
:101870003D206C656E0072785F76710074785F76DB
:1018800071004E5300574553545F544F50444952D2
:101890002F7A65706879722F6B65726E656C2F6434
:1018A00065766963652E63007263203E3D202D28B6
:1018B0003078666629202626207263203C2030007E
:1018C0000964657669636520257320696E69743AD9
:1018D00020696E76616C6964206572726F7220286F
:1018E0002564290A00574553545F544F50444952C8
:1018F0002F7A65706879722F6B65726E656C2F66D2
:101900006174616C2E6300726561736F6E20213D9E
:10191000204B5F4552525F4B45524E454C5F504104
:101920004E49430009417474656D70746564207498
:101930006F207265636F7665722066726F6D2061CD
:10194000206B65726E656C2070616E696320636FD9
:101950006E646974696F6E0A00574553545F544F43
:10196000504449522F7A65706879722F6B65726E98
:10197000656C2F696E69742E6300746872656164AA
:101980005F64617461203C3D205F5F7374617469C2
:10199000635F7468726561645F646174615F6C69E0
:1019A00073745F656E640009756E65787065637445
:1019B0006564206C69737420656E64206C6F63616C
:1019C00074696F6E0A00646576203C3D205F646533
:1019D000766963655F6C6973745F656E64006D61E1
:1019E000696E00574553545F544F504449522F7A03
:1019F00065706879722F6B65726E656C2F6B6865A8
:101A000061702E630021617263685F69735F696E44
:101A10005F6973722829207C7C20282874696D6591
:101A20006F7574292E7469636B73203D3D202828DF
:101A3000286B5F74696D656F75745F74297B307D89
:101A400029292E7469636B732900090A006865618E
:101A500070203C3D205F6B5F686561705F6C6973EF
:101A6000745F656E6400574553545F544F5044494A
:101A7000522F7A65706879722F6B65726E656C2F64
:101A800069646C652E63005F6B65726E656C2E63B6
:101A90007075735B305D2E63757272656E742D3E6A
:101AA000626173652E7072696F203E3D2030005771
:101AB0004553545F544F504449522F7A65706879AA
:101AC000722F6B65726E656C2F696E636C756465E1
:101AD0002F6B73636865642E680074687265616457
:101AE0002D3E626173652E70656E6465645F6F6E16
:101AF00000574553545F544F504449522F7A6570F4
:101B00006879722F6B65726E656C2F6D73675F718C
:101B10002E630021617263685F6972715F756E6C1C
:101B20006F636B6564286B65792900286D73677135
:101B30002D3E77726974655F707472203E3D206D32
:101B40007367712D3E6275666665725F737461724C
:101B5000742920262620286D7367712D3E777269BF
:101B600074655F707472203C3D20286D7367712D21
:101B70003E6275666665725F656E64202D20312950
:101B80002920262620282873697A655F74292875FC
:101B9000696E747074725F7429286D7367712D3E5D
:101BA0006275666665725F656E64202D206D736771
:101BB000712D3E77726974655F70747229203E3DA5
:101BC000206D7367712D3E6D73675F73697A652948
:101BD00000574553545F544F504449522F7A657013
:101BE0006879722F6B65726E656C2F6D7574657890
:101BF0002E630021617263685F69735F696E5F695C
:101C00007372282900096D757465786573206361A6
:101C10006E6E6F74206265207573656420696E73E3
:101C200069646520495352730A006D757465782D97
:101C30003E6C6F636B5F636F756E74203E20305532
:101C400000574553545F544F504449522F7A6570A2
:101C50006879722F6B65726E656C2F73656D2E637C
:101C6000002828617263685F69735F696E5F6973DA
:101C7000722829203D3D203029207C7C2028287492
:101C8000696D656F7574292E7469636B73203D3DB2
:101C9000202828286B5F74696D656F75745F7429DF
:101CA0007B307D29292E7469636B73292900574580
:101CB00053545F544F504449522F7A65706879727B
:101CC0002F6B65726E656C2F776F726B2E6300776A
:101CD0006F726B2D3E717565756520213D2028283A
:101CE000766F6964202A29302900776F726B202172
:101CF0003D202828766F6964202A29302900776FD3
:101D0000726B2D3E68616E646C657220213D2028E7
:101D100028766F6964202A2930290021666C616762
:101D20005F746573742826776F726B2D3E666C61E5
:101D300067732C204B5F574F524B5F44454C4159C2
:101D400041424C455F4249542900216B5F69735FF2
:101D5000696E5F69737228290073796E6320213D73
:101D6000202828766F6964202A2930290021666C92
:101D700061675F74657374282671756575652D3E9E
:101D8000666C6167732C204B5F574F524B5F515508
:101D90004555455F535441525445445F4249542987
:101DA00000717565756500737461636B0057455309
:101DB000545F544F504449522F7A65706879722F9E
:101DC0006B65726E656C2F7468726561642E63005A
:101DD000282828287072696F2929203D3D20313537
:101DE000202626207A5F69735F69646C655F74687A
:101DF000726561645F656E7472792828656E7472AD
:101E000079292929207C7C202828283135202D205B
:101E10003129203E3D2028282D3136292929202608
:101E2000262028287072696F2929203E3D20282805
:101E30002D313629292026262028287072696F29FD
:101E400029203C3D20283135202D20312929290009
:101E500009696E76616C6964207072696F72697469
:101E60007920282564293B20616C6C6F776564209C
:101E700072616E67653A20256420746F2025640ABC
:101E8000000954687265616473206D6179206E6F1A
:101E900074206265206372656174656420696E20D8
:101EA000495352730A00574553545F544F504449A5
:101EB000522F7A65706879722F6B65726E656C2F20
:101EC00073636865642E6300217A5F69735F696478
:101ED0006C655F7468726561645F6F626A65637484
:101EE000287468726561642900574553545F544FE4
:101EF000504449522F7A65706879722F6B65726E03
:101F0000656C2F696E636C7564652F6B74687265A0
:101F100061642E68005F6B65726E656C2E63707510
:101F2000735B305D2E63757272656E7420213D2087
:101F30002828766F6964202A293029002169735F77
:101F40007468726561645F64756D6D792874687218
:101F50006561642900574553545F544F50444952BA
:101F60002F7A65706879722F6B65726E656C2F6958
:101F70006E636C7564652F6B737761702E6800619A
:101F80007263685F6972715F756E6C6F636B6564B5
:101F9000286B657929207C7C205F6B65726E656C8F
:101FA0002E637075735B305D2E63757272656E742F
:101FB0002D3E626173652E7468726561645F73742F
:101FC00061746520262028282831554C203C3C206F
:101FD0002830292929207C20282831554C203C3CB8
:101FE000202833292929290009436F6E74657874E4
:101FF00020737769746368696E67207768696C65B8
:1020000020686F6C64696E67206C6F636B210A00D7
:1020100073697A656F66285F73636865645F737060
:10202000696E6C6F636B29203D3D2030207C7C20E5
:102030006C6F636B20213D20265F73636865645F6E
:102040007370696E6C6F636B005F6B65726E656C4D
:102050002E637075735B305D2E63757272656E747E
:102060002D3E626173652E73636865645F6C6F6398
:102070006B656420213D203155005F6B65726E6594
:102080006C2E637075735B305D2E63757272656E56
:10209000742D3E626173652E73636865645F6C6F57
:1020A000636B656420213D20305500217465726D9D
:1020B000696E617465000961626F72746564205FA6
:1020C00063757272656E74206261636B2066726FF5
:1020D0006D20646561640A0021657373656E7469BF
:1020E000616C000961626F72746564206573736569
:1020F0006E7469616C207468726561642025700A71
:1021000000574553545F544F504449522F7A6570DD
:102110006879722F6B65726E656C2F74696D65736B
:102120006C6963696E672E6300282874696D656F3A
:1021300075742920262620282875696E747074729B
:102140005F742928736C6963655F74696D656F7569
:1021500074732929203C3D20282875696E74707499
:10216000725F74292874696D656F7574292920263A
:102170002620282875696E747074725F742928741B
:10218000696D656F75742929203C20282875696E52
:10219000747074725F7429282628736C6963655F94
:1021A00074696D656F757473295B282873697A6526
:1021B0005F7429282828696E742973697A656F66A7
:1021C00028636861725B31202D202832202A20216B
:1021D00028215F5F6275696C74696E5F74797065E0
:1021E000735F636F6D70617469626C655F70285FA7
:1021F0005F747970656F665F5F28736C6963655F94
:1022000074696D656F757473292C205F5F747970C4
:10221000656F665F5F282628736C6963655F746904
:102220006D656F757473295B305D292929295D29D6
:10223000202D203129202B202873697A656F66288C
:10224000736C6963655F74696D656F75747329205C
:102250002F2073697A656F662828736C6963655FE0
:1022600074696D656F757473295B305D292929293F
:102270005D29292026262028282875696E74707407
:10228000725F74292874696D656F75742929202D12
:1022900020282875696E747074725F742928736CB5
:1022A0006963655F74696D656F7574732929292089
:1022B000252073697A656F662828736C6963655F8A
:1022C00074696D656F757473295B305D29203D3DC0
:1022D00020302900574553545F544F504449522FE2
:1022E0007A65706879722F6B65726E656C2F746990
:1022F0006D656F75742E6300217379735F646E6F03
:1023000064655F69735F6C696E6B65642826746FC2
:102310002D3E6E6F64652900574553545F544F50EE
:102320004449522F7A65706879722F6B65726E65B9
:102330006C2F6D656D706F6F6C2E6300616C6967DB
:102340006E203D3D2030207C7C20282875696E74ED
:102350007074725F74296D656D20262028616C6928
:10236000676E202D20312929203D3D203000096D48
:102370006973616C69676E6564206D656D6F7279F4
:102380002061742025702028616C69676E203D20D3
:10239000257A75290A00737973776F726B7100FF64
:1023A000FFFFFF1F00418866AA1AFFFF4433006445
:1023B0007261676F6F6E2F6C6962732F66656D2F28
:1023C0007372632F636F6D6D6F6E2F6D70736C5FC3
:1023D00066656D5F70696E735F636F6D6D6F6E2E96
:1023E0006300647261676F6F6E2F6C6962732F6632
:1023F000656D2F7372632F636F6D6D6F6E2F6D70D0
:10240000736C5F66656D5F7574696C732E6300B481
:102410000B111891A8422EF671C1848C5EEA79B135
:1024200032608F00286E756C6C29002A666C6F61B3
:10243000742A0000203030303030303030303030CE
:10244000303030000100000000280001FFFFFFFFD6
:10245000FF1F00001F000000000000007FFE0000C2
:10246000E40700001D400000000000000000000024
:1024700000000000FFFFFFFF1FFF1B00BAABBABA4E
:1024800010101010A0354D00FF000000C40900001E
:102490000000000000C0004100000000000000003B
:1024A0000C00000000FF7F0000000000671C01011D
:1024B00000000000791C01010000000085550001AA
:1024C00000000000C51C010100000000C11C01014A
:1024D00000000000DCCC0001FF000000F80001015A
:1024E000010000004D0402010000000059470101F5
:1024F0000000000001470101000000000000000092
:102500007FE0010101000000000007200000010041
:1025100008FD01010100000008FD010100000000AC
:1025200002000000000000000000000000020000A7
:1025300000A00041000000000000000000000000BA
:10254000000000000000000000000000000000008B
:10255000000000000000000000000000000000007B
:10256000000000000000000000000000000000006B
:10257000000000000000000000000000000000005B
:10258000000000000000000000000000000000004B
:10259000000000000000000000000000000000003B
:1025A000000000000000000000000000000000002B
:1025B000000000000000000000000000000000001B
:1025C00024FD0101FFFF0000FFFF0000FF000000ED
:1025D00005170201000000004999010100000000F8
:1025E00000000000000000000000000000000000EB
:1025F0000000000000000000000000009002000049
:10260000B4010021B401002100000000000000001E
:10261000000000000000000000000000E85600215B
:102620004C2000000000000000000000000000003E
:10263000E4010021E401002100000000000000008E
:102640000E000000F8010021F80100210000000048
:102650000800000040000000387F00213881002180
:10266000387F0021387F00210000000000000000BA
:1026700024020021240200210000000001000000CB
:1026800000000000000000000000000040020021E7
:1026900040020021000000000000000000000000D7
:1026A000540200215402002100000000000000003C
:1026B0000000000068020021680200210000000004
:1026C000070007000000000000000000A80202014F
:1026D0003888002100000000000000000000000019
:1026E0009402002194020021000000000B000B0066
:1026F0000000000000000000BC0202010494002160
:10270000000000000000000000000000C0020021E6
:10271000C0020021000000000A000A0000000000C2
:10272000956A0101D0020201DCA8002115E015E044
:10273000DEE61E2883845186023501000028000150
:102740007C149EAD83D98EEF39F63C71338512C16E
:102750008E5E234EED612819453CF49887F7467745
:102760000E49E14E48356AA97BC3D1A5DB2D7948D6
:10277000E0BAA4DB94C56CDFF53F517E17CD94B170
:1027800042DFEF739326994264C0368E6E2FF503B5
:10279000622E484BE3E2CF8D0F9A771266D9CF8C29
:1027A000E6C2901156C908511E5ABBA1392B7ABAFC
:1027B000F2AF4374ADD46424329CECDDBBD15969D3
:1027C000320C621D828588E50ABA5380A63ADCF98C
:1027D000FF7ACF69F4A20B5EFA9FD325485626BC38
:00000001FF
