:040000030000499917
:020000040000FA
:10000000883E002099490000E96100008549000010
:1000100085490000854900008549000085490000A8
:10002000000000000000000000000000F94900008E
:100030008549000000000000854900008549000056
:10004000810B0000810B0000810B0000810B000080
:10005000810B0000810B0000810B0000810B000070
:10006000810B0000810B0000810B0000810B000060
:10007000810B0000810B0000810B0000810B000050
:10008000810B0000810B0000810B0000810B000040
:10009000810B0000810B0000810B0000810B000030
:1000A000810B0000810B0000810B0000810B000020
:1000B000810B0000810B0000810B0000810B000010
:1000C000810B0000810B0000810B0000810B000000
:1000D000810B0000810B0000810B0000810B0000F0
:1000E000810B0000810B0000810B0000810B0000E0
:1000F000810B0000810B0000810B0000810B0000D0
:10010000810B0000810B0000810B0000810B0000BF
:10011000810B0000810B0000810B0000810B0000AF
:10012000810B0000810B0000810B0000810B00009F
:10013000810B0000810B0000810B0000810B00008F
:10014000810B0000810B0000810B0000810B00007F
:10015000810B000053B94AB9002908BF00281CBF11
:100160004FF0FF314FF0FF3000F00CB8ADF1080C4C
:100170006DE904CE00F008F8DDF804E0DDE90223C3
:1001800004B07047704700BF2DE9F0478C468E469B
:10019000089E154604461946002B40F0D080724553
:1001A00047D9B2FA82F74FB1C7F120030EFA07FC24
:1001B000BD40BC4020FA03F343EA0C0C4FEA154E55
:1001C000A8B2230CBCFBFEF80EFB18CC08FB00F910
:1001D00043EA0C43994528D9EB1808F1FF3204D2C1
:1001E000994502D9A8F102022B44A3EB0903A4B25A
:1001F000B3FBFEFC0EFB1C330CFB00F044EA034493
:10020000A04214D92C190CF1FF3304D2A04202D918
:10021000ACF102032C44241A43EA02401EB1FC4014
:10022000002334607360BDE8F0874246DDE7634633
:10023000F1E7002A79D0B2FA82F3002B3FD01946B9
:10024000C1F1200302FA01F500FA01F42EFA03F2DB
:100250000EFA01FE20FA03F3AFB243EA0E034FEAAF
:10026000154EB2FBFEFC0EFB1C201A0C0CFB07F813
:1002700042EA004290455AD9AA180CF1FF3004D244
:10028000904502D9ACF102002A44A2EB08029BB2CD
:10029000B2FBFEFC0EFB1C220CFB07F743EA0243F9
:1002A0009F4246D9EB180CF1FF3204D29F4202D98B
:1002B000ACF102022B44DB1B42EA004202E0AEEB4F
:1002C000020301224FEA154EAFB2200CB3FBFEFC35
:1002D0000EFB1C330CFB07F840EA034398452AD970
:1002E000EB180CF1FF3004D2984502D9ACF10200B2
:1002F0002B44A3EB0803A4B2B3FBFEFC0EFB1C33A0
:100300000CFB07F744EA0344A74216D92C190CF159
:10031000FF3304D2A74202D9ACF102032C44E41B00
:1003200043EA00400F46114678E71F2188E7604600
:10033000ABE76246BFE76046DBE76346EFE773453E
:1003400006D916B9002108466DE7C6E9000EF9E79F
:10035000B3FA83F787B9734501D3824207D8841A69
:100360006EEB030301209C461EB900215BE7384673
:10037000FAE7C6E9004CF8E7C7F1200CBB4000FAE9
:1003800007F422FA0CF520FA0CF1BA401D432EFABC
:100390000CF30EFA07FE4FEA154941EA0E011FFA67
:1003A00085FEB3FBF9F809FB18300B0C08FB0EFABD
:1003B00043EA00439A4540D9EB1808F1FF3004D2D4
:1003C0009A4502D9A8F102002B44A3EB0A0389B293
:1003D000B3FBF9F809FB183308FB0EFE41EA0341B1
:1003E0008E452CD9691808F1FF3304D28E4502D905
:1003F000A8F10203294443EA0040A1EB0E01A0FB4F
:1004000002984145CE46434602D306D14C4504D21C
:100410000138B9EB020E68EB0503002EA5D0B4EB52
:100420000E0261EB030101FA0CFC22FA07F3F9401A
:100430004CEA0303C6E9003197E74046C5E7434667
:10044000D9E700002DE9F74F9A4683688146994223
:100450000C46154677D25B1A934274D3002300935F
:10046000BAF1000F58D06A4604F048FC002864D165
:10047000DDF80080013DC3462C44344E344D354FE9
:100480006A4621464846CDF8008004F037FCDDF886
:100490000080002851D1B8F1000F4CDBD9F80830AA
:1004A000984548D2019CA3EB08039C4243D8D9F855
:1004B0000410D9F80C00414483689B68002B3FD09E
:1004C00022469847002838DBC6F80056C6F804567E
:1004D000C6F80856C6F80C56C6F81056C6F8145694
:1004E000C6F81856C6F81C56C7F80056C7F8045682
:1004F000C7F80856C7F80C56C7F81056C7F8145670
:10050000C7F81856C7F81C56BAF1000F0ED0C345ED
:1005100013D208F1FF34B3E7511E21446A4604F0B8
:10052000EDFB50B9DDF80080C346A6E744445C45C6
:1005300003D80134A4E76FF0150003B0BDE8F08FD5
:100540006FF05700F9E74FF0FF30F6E700800150F9
:100550003546526E009001500822F0B5002789B050
:1005600004F050FCCB6A0C4603930B6B06460493D5
:100570004B6B684605938B6BCDE901770693CB6B8C
:100580006946079313466A46009704F075FC3146A6
:100590000546304604F070FC216B05440391616B05
:1005A00068460491A16B0591E16BCDE90617694698
:1005B00004F062FC31460544304604F05DFC05441D
:1005C000206ACDE904770090606A03970190A06AE1
:1005D0000290A06B0690E06B0790304604F04CFC54
:1005E0000544606AD4F838C00090A06ACDF810C005
:1005F0000190E06AD4F83CC00290606BCDE905C080
:100600000390206A0790304604F036FC0544E06A07
:10061000CDE904770090206B03970190606B029006
:10062000206A0690A06A0790304604F00CFC236B09
:100630002D1A0093636B30460193A36B0293E36B17
:100640000393636A0693E36A0793082304F0FBFBB2
:10065000636B2D1A0093A36B30460193E36B0293F7
:10066000236A0393636A0493A36ACDE90537236B76
:100670000793082304F0E7FBA36B2D1A0093E36BA9
:100680003046CDE90137636A0393A36A0493E36AB2
:100690000593636B0793082304F0D5FB2D1A10D53F
:1006A0000823314630460C4A04F0E6FB2D18F7D4F7
:1006B00009B0F0BD082331463046074A04F0C3FBB9
:1006C0002D1A002DF6D108223146034804F0A6FB6E
:1006D0000128EFD1ECE700BFD86500002DE9F04F0D
:1006E000002503689DB003934368DFF8B891049335
:1006F0008368DDE903470593C36806930369DDE971
:1007000005AC0793436908938369DDE9072B0993D7
:10071000C3699E460A93099B009351F825600CAB70
:1007200096FA86F843F8258059F8046B4FEAF223CD
:1007300083EAB213464483EA72633344009E02EABA
:100740000B0826EA020686EA08063344734487EA61
:100750000A064FEA743E8EEAB40E264007EA0A08FB
:1007600086EA08068EEAB45E0135B644102D03EB26
:100770000C067344D446DDF800E040F084804A491A
:100780000B91294601350DF1700E05F00F0C0EEBA3
:100790008C0C5CF840CC01F00F094FEABC48CDF856
:1007A00004C088EAFC1801F10E0C0CF00F0C0EEBE3
:1007B0008C0C5CF840CC09314FEAFC4ECDF808C0F7
:1007C0008EEA7C4E01F00F010DF1700C0CEB8101F3
:1007D0000CEB890951F8401C59F840CC402D8C4451
:1007E000019988EAD1080299C4448EEA912EF44412
:1007F00006EA02084FEAF62E2BEA060181EA080112
:100800008EEAB61EDDF82C808EEA766E714458F8BA
:1008100004EF49F840CC71446144DDF800C04FEA70
:10082000733E614484EA070CCDF82C808EEAB30E47
:100830000CEA030C04EA07088EEAB35E8CEA080CA3
:10084000F4448C4401EB0A0ECDF800B0BA4622D134
:1008500003996144016004991944059B4160234454
:100860008360069B3B44C360079B73440361089B02
:1008700033444361099B134483610A9B5B44C36116
:100880001DB0BDE8F08FBA46CDF800B027469346BC
:100890001C46324641E79346274632461C4676467A
:1008A00063466EE7D464000010650000036803F03F
:1008B0001F025B09026004D0012B034818BF00200F
:1008C00070470248704700BF0028845000258450BC
:1008D0002DE9F047058B0446280717460CD501295A
:1008E0000CBF45F0100545F02005258387F31188DE
:1008F000BFF36F8FBDE8F087022905F0070540F0D0
:100900009480204604F098FE052864D801A353F88B
:1009100020F000BFED0800002B0A0000D7090000FE
:1009200099090000B3090000C509000001F00703A0
:100930005A1F012A1FD8002221F00701062BD4F8E4
:10094000008089B2C4E9002209D1434603E0628BEA
:10095000013262831B68002BF9D141F0020120466D
:10096000218304F069FE4FF0000900286DD041F0AA
:100970002001218369E0042B0AD121F0070189B20B
:100980002046218304F058FE10B141F0200121835C
:100990004FF00008C14658E02369D3F80090238B3C
:1009A00023F0070343F006034FF000082383464675
:1009B0004BE02369D3F80490238B23F0070343F023
:1009C0000403F1E72369D3F80890238B23F007038E
:1009D00043F00503E8E74FF00008C146E7E70122CE
:1009E00043F00803238387F31188BFF36F8F002A36
:1009F0003BD1B8F1000F4AD1B9F1000F02D0204627
:100A00002C49C847EFF31187202383F31288BFF3E3
:100A10006F8F238B23F008039BB22383D9063FD526
:100A200023F01002228303F007056669218B002E54
:100A3000BFF67CAF00239946D4F8008021F007016F
:100A4000C4E9003341F001012183238B03F0070A3D
:100A5000AA4502D0A268002AC1D1B8F1000F02D184
:100A6000B9F1000FDAD00022BAE7A1680029C0D09E
:100A70000D680029BDD03346524620464F68B8471E
:100A80001DB12B6829461D46F3E72B46FAE7414680
:100A9000334652462046D8F8008004F0BCFDA8E753
:100AA0009A067FF523AF23F02002228303F0070587
:100AB00027E700BF71560000002210B50C4B1C78D0
:100AC00084420FD00132052A03F11003F7D16FF0F1
:100AD000010010BDD2685078C00706D5107820B943
:100AE0000B60F6E7DA68002AF4D16FF01200F0E745
:100AF0001C640000002318460649D1F89020C2F378
:100B00000722934200DB7047C1F89830C1F8A0007B
:100B10000133F6E700ED00E0002807DB012341097F
:100B2000034A00F01F00834042F82130704700BFA5
:100B300000E100E000280CDB01220649430900F037
:100B40001F008240203341F82320BFF34F8FBFF3B3
:100B50006F8F704700E100E00028ACBF00F16040FB
:100B6000064B4FEA4111C9B2ABBF00F5614000F03E
:100B70000F0080F800131954704700BF14ED00E017
:100B8000EFF30583034A103B02EBC301496852F8B7
:100B900033000847386C000030B50F4AD2F8903067
:100BA000C3F30723013B984213D80C7A0B6864F314
:100BB00004031D46CB68640923F01F0343EA440382
:100BC00043F00103C2F89800C2F89C50C2F8A0306C
:100BD00030BD6FF01500FBE700ED00E04FF0FF3196
:100BE0003F22034B0020C3E90012024A1360704702
:100BF0002C15002028150020084B70B5C31A0D468F
:100C000007499B10044659434022064804F0BEFDA4
:100C10002B4601462046BDE8704018476C14002062
:100C2000B76DDBB6D0620000402373B50B4C009368
:100C3000041B0B460D460A49A41061430646094AA7
:100C4000094804F0CEFD014628B130462B4602B0DB
:100C5000BDE87040184702B070BD00BF6C140020A2
:100C6000B76DDBB657580000D0620000014B002082
:100C70001B6818475C140020014B09201B681847AB
:100C80005C140020014B1B68184700BF5C14002057
:100C9000014B08201B6818475C1400202B4A2DE9E3
:100CA000F041022106460520FFF756FF1379002B7D
:100CB00045D1274B136001231371264A117900296E
:100CC0003DD12549137111604FF050222349C2F8DC
:100CD00014350879002832D121480B710860214968
:100CE000C2F88035087950BB1F480B710860C2F804
:100CF00018351E4A117911BB1D4913711D4B116026
:100D00001B689B0602D40520FFF706FF00244FF066
:100D10001C08194F356908FB04539BB118461C2267
:100D2000002105F0ACFA0C2303FB045501231C44FD
:100D3000042C0761AB67EDD10020BDE8F0816FF0B6
:100D40000400FAE76FF01500F7E700BF5C1400201D
:100D5000CD150000641400206D0C00001815002053
:100D6000790C000020150020850C000010150020D3
:100D7000910C000000E100E0B0640000044B054A63
:100D80001B68B3FBF2F35843034B43F001031847CE
:100D90004800002040420F0090630000024B0B60AF
:100DA00001231360704700BFA8640000004870472B
:100DB000A0640000F8B50E461946304604F0B3FDB5
:100DC00030B346EA030414F0030421D10BB9002028
:100DD000F8BD01202146104D23F003031759C5F833
:100DE0008405C5F80405D5F808C41CF0010FFAD035
:100DF0003751BFF35F8F0434A342C5F88415C5F89B
:100E00000415EBD1044AD2F80034DB07FBD5DEE74A
:100E10006FF01500DCE700BF009003500B4670B583
:100E20001146184604F07FFD00B31A43C2F30B02CB
:100E3000E2B9B1F5805F01D2002070BD18460224EE
:100E40004FF0FF350B4B0144C3F88445C3F804450C
:100E50000560D3F80064F607FBD500F580508842A2
:100E6000C3F88425C3F80425EED1E5E76FF015003B
:100E7000E3E700BF00900350024B0B6001231360B7
:100E8000704700BF181400200048704798640000A5
:100E90004FF480714FF48052024B0020C3E90012DE
:100EA000704700BF181400200D4B1868010A000697
:100EB000BFF35F8F0B4BD3F80435181841F10001D5
:100EC000B3F5801F0AD2084BD3E90023904271EB9F
:100ED000030303D210F1807041F10001704700BF9D
:100EE0001414002000500150F80000202DE9F041BA
:100EF000064672B6002383F31188BFF36F8F052374
:100F00001C4FDFF874803D786C1CB4FBF3F303EBEB
:100F10008303E41AFFF7C8FF184A137823B158F87F
:100F20002430C31A072B1ED94FF05023D3F81411C5
:100F300051B10021E5B2C3F81411D3F814313D705A
:100F400014B9012325461370FFF7AEFF48F82500BA
:100F5000BFF34F8F20BF00BF00BF00BF00BF00BF67
:100F600000BF00BF00BF86F31188BFF36F8F62B66A
:100F7000BDE8F0818616002034150020851600207B
:100F80004FF0502310B5D3F818141E4C11F4803FC5
:100F9000D3F818241BD002F00302022A02D0012A3F
:100FA00012D101224FF05023C3F818250022C3F8B4
:100FB0000421D3F8042101229A602268A2B9D3F84F
:100FC0000421002AFBD017E004F027FDE9E7D3F85D
:100FD0001424D207E5D5D3F81C2402F00302013A09
:100FE000012AF1D822681AB10222C3F8042310BDE5
:100FF000D3F80421002AFBD00022C3F80421D3F83F
:101000000431F4E72015002070B5114D6C6BA4B1CC
:101010004FF47A735C430A23B4FBF3F40D4ED6F815
:1010200000316BB995F8393053B90A20FFF7A6FEA5
:10103000013CF4D16FF0730008E04CF25034EDE75E
:1010400095F8393003F0FF00002BF3D170BD00BFDD
:101050002014002000B0025010B500220124094BDA
:10106000C3F80045C3F800211C6008B9002010BD7A
:10107000FFF7CAFF18B9044B83F83840F6E76FF062
:101080007300F4E700B00250201400202DE9F04175
:1010900006461746984604F0DBFC002863D106F0AC
:1010A0006043B3F1005F61D1B3075FD1324C94F874
:1010B0003030012B05D043455BD194F83830002BFC
:1010C00057D000232D4AB8F1020F0BBFC2F810759C
:1010D000C2F80475C2F81465C2F808650CBFC2F8FE
:1010E0001815C2F80C1584F8393023680CBF082590
:1010F0000425C3B994F838306BB100221F4B05F1B9
:10110000A045C3F80021012305F52C352B60BDE86F
:10111000F041FFF779BF0120FFF79EFF10F1740F38
:10112000EBD1BDE8F081A36823B1E6606161E761BE
:101130000020F6E7114AA6602161A76184F830809B
:10114000C2F800310123C2F8043394F8382002F0C9
:10115000FF0012B9FFF780FFEAE705F1A04505F5AA
:101160002C352B60E4E74FF0FF30DAE76FF00C002E
:10117000D7E76FF00F00D4E72014002000B0025032
:10118000094B93F83020012A03BF002083F8380070
:10119000064B6FF00F0001BFC3F808231A61C3F8B4
:1011A0000005C3F8000170472014002000B0025071
:1011B00038B5054604F04CFCA8BB1E4B186818B1A6
:1011C00093F83020012A31D100221B4CC4F81C15A1
:1011D000C4F8205583F8392090B993F8383043B1DA
:1011E0000023C4F800310123E360BDE83840FFF775
:1011F0000BBF0120FFF730FF10F1740FF0D138BDA5
:10120000042183F83010C4F800210122C4F804231B
:1012100093F8383003F0FF001BB9FFF71DFF0020E3
:10122000EDE7E260FBE74FF0FF30E8E76FF00F001B
:10123000E5E700BF2014002000B00250124B70B54B
:1012400053F82050013053F82060AE4200D870BDF2
:101250006C68B4B1237EDB0711D4636953B12046B7
:10126000984738B10028B8BF4042FF28A8BFFF20E8
:10127000E3681870E268537843F00103537008354F
:10128000E3E72B689847FAE778640000084B9A6810
:101290005A621A699A629A69DA62DA689A6032B1B5
:1012A0005A691A61DA699A610022DA6070477047F8
:1012B0002014002010B5224BD3F8002192B1002257
:1012C000204CC3F8002194F8381094F8302071B9FC
:1012D0000121032A84F8381005D0042A05D0022AF7
:1012E00000D1996010BD5960FCE7D960FAE7032A84
:1012F00019D0042A19D0022A04D1012384F82030FD
:10130000FFF7C4FFA36813B9012384F8303094F8C1
:10131000393003F0FF0013B9D4E9003198470023B6
:1013200084F82030DEE70223E8E7032284F8202057
:10133000D3F81C256262D3F8203584F82830E1E721
:1013400000B00250201400200268154BFF2A08BF8D
:101350004FF0FF32C3F824254268FF2A08BF4FF040
:10136000FF32C3F828258268FF2A08BF4FF0FF32FA
:10137000C3F83025C268FF2A08BF4FF0FF32C3F818
:1013800034250269FF2A08BF4FF0FF32C3F8382521
:101390004269FF2A08BF4FF0FF32C3F83C2570476F
:1013A00000B0025030B58DB06C46184D0FCD0FC453
:1013B00095E8030084E8030015496846D1F8243510
:1013C000DBB20693D1F82835DBB20793D1F830357C
:1013D000DBB20893D1F83435DBB20993D1F8383554
:1013E000DBB20A93D1F83C35DBB20B93FFF7ACFFCD
:1013F0000023C1F8003101230B60D1F80031002B2C
:10140000FBD006A8FFF7A0FF0DB030BD7063000051
:1014100000B002502DE9F0471746002900F0A380E4
:101420004C68B4B3D4E900458B68A3B3D3E9006337
:1014300093B38DB39D4240F096800135092D00F2A3
:10144000928091F800A05FFA85F804F001FB002873
:1014500040F08C80DFF8209199F83000012840F0AE
:10146000888099F83830D3B10122444BC3F808235F
:1014700004F0C6FA08B1FFF795FF002C31D0A8F1AF
:101480000203072B2DD8DFE803F05C5A581F56548F
:1014900052122546C8E71E4601351D44CEE7FFF728
:1014A000DBFD7430E0D16FF07300BDE8F087E379C5
:1014B0001B06A27943EA0243627943EA02232279B6
:1014C00013432E4AC2F83C36E3781B06A27843EA5F
:1014D0000243627843EA022322781343274AC2F880
:1014E00038360024FF0347EA052789F8394047EAE0
:1014F0000A07DFF8889047F44057C9F80041C9F857
:101500003476FFF781FD7430CDD0C9F8004146B381
:10151000A8F10208D9F83C26D9F83836B8F1070FF7
:101520001FD8DFE808F01D1B19171614121000232E
:10153000BFE70023C0E70023C1E70023C6E700237D
:10154000C7E70023C8E7110EF171110CB171110A40
:10155000717132711A0EF2701A0CB2701A0A72702E
:1015600033700020A1E76FF015009EE74FF0FF30C9
:101570009BE76FF00F0098E72014002000B00250A6
:101580000C22104B014602FB0033002030B4D3E99B
:101590001C521867EFF31180202484F31288BFF3E4
:1015A0006F8F9C6F04F0C00444F002049C6780F3CA
:1015B0001188BFF36F8F1DB12B4630BC024818470E
:1015C00030BC70476C140020D0620000092813D88A
:1015D000DFE800F005101212121212120E0C074B67
:1015E000986F10F0070007D1FFF7CABF0220FBE792
:1015F0000320F9E70120F7E7704700BF6C140020D3
:101600002C232DE9F3411E4D0F4603FB0055EB68DB
:101610002E89D5F820801E440423314640460DEB28
:10162000030204F032F8044620B10124204602B03F
:10163000BDE8F08146F60813BDF804206D899A4292
:101640001AD1BDF806309D4201D00324EEE70423F1
:1016500040460DEB0302A91904F017F80028E4D165
:1016600046F60713BDF804209A42EED1BDF80630C5
:101670002B4433443B60D9E7002DF1D0E5E700BFB0
:10168000901300202DE9F84F0746884691469A4668
:101690000026234D234C0A9BB34201D8002010E0C2
:1016A0000A9B3846A3EB060BBBF5806F28BF4FF4AF
:1016B000806B1D4A5B4606EB090103F0E6FF10B1A3
:1016C0000120BDE8F88F5B464046174A06EB0A0149
:1016D00003F0FDFF0028F3D1144BC5F800465E442B
:1016E000C5F80446C5F80846C5F80C46C5F81046C6
:1016F000C5F81446C5F81846C5F81C46C3F8004698
:10170000C3F80446C3F80846C3F80C46C3F81046AD
:10171000C3F81446C3F81846C3F81C46BBE700BF1D
:10172000008001503546526E0C010020009001509F
:1017300037B5114B0446DD6D03F0DFFF854203D260
:10174000204603F0DAFF05464FF42E73A1686A467F
:101750003039204603FB151103F0D0FA10B10120F7
:1017600003B030BD0099A268521AF9D00123204677
:10177000FEF768FEC00FF3E790130020F7B5019065
:1017800001A81F461646FFF791F8019B9DF82040DF
:1017900000EB8300D0F80032064D24021D4044EADD
:1017A0008703194341EA46022A43C0F8002203B0E6
:1017B000F0BD00BFF0F0FCFFF7B51E4F05463E6AD6
:1017C000304603F09AFF4FF42E7358436B79FA6D4D
:1017D000012B12BFE82300231146B4682F79A4F12E
:1017E000300407F1FF3702FB074418BF5343A4EB53
:1017F00000041C442B6818BF5100013B304601FB1C
:10180000034403F07AFF0746304603F07DFF0822C9
:101810000146684604F033FD2B796A468DF80030A6
:1018200021463B46304603F052FF003818BF0120E6
:1018300003B0F0BD9013002030B5816885B0103939
:1018400021F00704054603F05FFF102201466846B9
:1018500004F015FD10226846064904F005FD10232A
:101860006A462146284603F032FF003818BF01209F
:1018700005B030BD2E6700004FF050230022C3F8A2
:101880002421D3F8242101221A62094A126822B1C4
:101890004FF40072C3F804237047D3F82421002AC0
:1018A000FBD00022C3F82421D3F82431704700BFB5
:1018B000181500204FF050230022C3F82021D3F840
:1018C000202101229A61094A126822B14FF48072E4
:1018D000C3F804237047D3F82021002AFBD000224C
:1018E000C3F82021D3F82031704700BF1015002025
:1018F00010B4EFF31180202282F31288BFF36F8FB0
:1019000022490B6843F0020413F001030C601AD063
:101910004FF05023D3F80C14D3F80C3413F0010318
:1019200011D0EFF3118182F31288BFF36F8F184A41
:10193000936F03F0C00343F00203936781F31188B0
:10194000BFF36F8F012380F31188BFF36F8F1BB13B
:10195000002010BCFFF714BE4FF05022C2F8003137
:10196000D2F8003101230B491360096819B1C2F89C
:10197000043310BC7047D2F80031002BFBD0002399
:10198000C2F80031D2F80031F3E700BF0C15002097
:101990006C1400206414002070B5EFF3118620232E
:1019A00083F31288BFF36F8F124A136823F002018A
:1019B00013F00103116018D14FF05024012242F2BC
:1019C0001075C4F808236260C4F80031D4F80031FF
:1019D000D4F80C24D4F80C34D20306D5DB0704D594
:1019E0000120FFF7CBF9013DF2D186F31188BFF357
:1019F0006F8F70BD0C1500202DE9F04F064643682F
:101A000093B05A6B5368117A03EBC101994205D820
:101A10006FF00104204613B0BDE8F08F587900281C
:101A200000F058820833F1E73B68C3F3C322082A69
:101A3000C3F3080400F24B825849895C40F2FF125C
:101A4000944208BF4FF0FF34B3F10C5F4FEA1362CA
:101A500015D2222A15D8DFE802F017262B3A2E35A8
:101A60003A14141414404B141414141414141414AD
:101A70004E84878A1414148D9295989B9E004E2A4A
:101A800028D06FF08504C5E7C5F80C45621C54D01A
:101A90000CA80C94FEF70AFF0C9B4FF0010A09FA00
:101AA00003F383603AE0C5F814454FF0000A1BE0E9
:101AB000C5F80845EAE74FF0000AC5F80845601C7C
:101AC00024D13AE04FF0010AC5F80C45F7E7C5F814
:101AD0001045EAE7C5F81445D8E7C5F808450029D8
:101AE000E3D14FF0000A0621631C26D0002016E047
:101AF000C5F80C45F3E7C5F860457B88621C03F028
:101B000001031AD0002BC3D14FF0010A0CA80C948A
:101B1000FEF7CCFE0C9B09FA03F3C36001203B687F
:101B200000911A0444BF00204FF0010A01465246BA
:101B30002046C3F34123FFF721FE0437B8457FF465
:101B400073AF02212B20164FFFF706F8304603F043
:101B5000B0FE97F83030756832691BB36FF07704C8
:101B60004DE1C5F86445C8E7C5F86845C5E7C5F85F
:101B70006C45C2E7C5F824454FF0010AB4E7C5F843
:101B8000284583E7C5F83045F6E7C5F83445F3E75F
:101B9000C5F83845F0E7C5F83C4577E72C6C000000
:101BA00020140020A14BC7E90032002D00F0BE80B8
:101BB00095F829401CB195F82A30002B61D169684D
:101BC000FF2900F07C81AA68FF2A00F07881EB6889
:101BD000FF2B00F0748128690E2840F070811129D4
:101BE00040F06D81122A40F06A810D2B40F0678130
:101BF0006B69FF2B02D00F2B40F06181AB69FF2B8B
:101C000002D0102B40F05B81ACBB4FF003082346A1
:101C1000012221461120CDF80080FFF7AFFDCDF85D
:101C20000080234601222146A868FFF7A7FDCDF8D2
:101C30000080234601222146E868FFF79FFDCDF88A
:101C400000802869234601222146FFF797FD686935
:101C5000FF2806D0234601222146CDF80080FFF759
:101C60008DFDA869FF2806D00323009300230122DD
:101C70001946FFF783FD95F82A3013B9281DFFF7A1
:101C800063FB6B6A6A4C7B6395F8293087F83A30BE
:101C900003F0B6FE20B10123C4F80833FFF782FB3E
:101CA0002B68C4F84035AB7F697F2A7F9B0143EAEC
:101CB000C1031343EA7F43EAC213C4F844354FF427
:101CC0007F03D3F83021D3F83431072A11D1022B06
:101CD0000FD095F82320D4F84435002A40F09A809C
:101CE00043F44033524AC2F844354FF4C063C2F85B
:101CF00040364F4995F82030D1F8002622F07F4237
:101D000022F0FF02134395F8212043EA026395F87D
:101D1000222043EA426395F8232043EA0273C1F884
:101D200000363B6813B12B20FEF7F6FEDFF804C146
:101D30004FF0000EBCE80F000CAC0FC49CE8030091
:101D4000AB234FF001090DF10C0BCDF80CE084E84A
:101D50000300CBE901EEC7E902EE8DF80C30344BFD
:101D600087F8309087F838E0D3F824250DF1300853
:101D7000D2B20692D3F828254046D2B20792D3F8C1
:101D80003025D2B20892D3F83425D2B20992D3F8D2
:101D90003825D2B20A92D3F83C35DBB20B93FFF769
:101DA000D3FA97F83830D3BB4846FFF755F9824647
:101DB0000DF118094846FFF7C7FABAF1000F31D103
:101DC000524659463046FFF725FB0446B8B9232052
:101DD000FEF7D4FF9F220323CDF830A04146C8F878
:101DE00004A030468DF8302052460793CDF818B045
:101DF000CDF83890FFF70EFB03230446E0B13046E0
:101E000003F070FD97F83030002B3FF403AEFFF77E
:101E1000B7F9FFE523F4003343F4803362E76FF052
:101E2000770AC5E76FF00404E9E700BF1159000025
:101E300000B00250706300001A46594605F13000A8
:101E400004F0EBF9044600283CD17268537F023B52
:101E5000012B32D9157F023D022D8CBF00250125B3
:101E6000304603F06AFE00282FDBC2B2C0F38010B8
:101E7000A842C4D0002382F04002ADF808308DF8AB
:101E8000082002AA069201220C934146C8F80830A5
:101E9000304607928DF83020CDF83490FFF7BAFA2B
:101EA00004460028ABD1304603F047FE041E01DB98
:101EB000E107F8D404EAE474A1E70125D0E76FF064
:101EC00015049CE76FF0120499E7044697E76FF05A
:101ED00015049FE51F6893F804804FF00109156809
:101EE00007EB88082AE600BF30B50D46816887B049
:101EF000102302AA1039044603F0C7FB002802DAB7
:101F0000012007B030BD1022204602A903F03DFD9C
:101F100000283FD11022204902A804F07EF90028B1
:101F20000CBF012302232B70A1680123183921F073
:101F3000070120460DF10702103903F0A6FB002827
:101F4000DEDB9DF80730204603F00F021B096A70A4
:101F50002B7101220DF1070103F017FD10B96B7809
:101F6000042B03D901236B7000232B71A268204638
:101F7000183A22F00702083AA91C03F018FD0028BD
:101F8000BED1A2682046183A22F00702E91C03F0ED
:101F90000EFDB6E70323C6E72E67000030B585B017
:101FA0006946012004F0EAF8002839D102A904208A
:101FB00004F0E4F8012808BF03234FF0000104BF38
:101FC0008DF808308DF80B309DF800009DF8084022
:101FD000204B1A78042A05D0052A23D1421E18BFA7
:101FE000012272B35A78042A05D0052A21D1621E33
:101FF00018BF01222AB39A78042A03D09DF803500F
:1020000095421ED1DA78042A03D09DF80B509542F0
:1020100017D11A79042A10D15879831E022B16D9A8
:10202000FF2014E0A2EB000CDCF1000242EB0C02FA
:10203000D7E7151B6A426A41DCE79DF802509542DA
:10204000EAD00131032903F10603C2D1012005B012
:1020500030BD00BF1A6C00001FB50A4B6A461C6AEF
:102060001023A1682046103903F00FFB38B9102265
:102070006846054904F0D1F8204604B010BD00249C
:10208000FAE700BF901300202E67000000222DE920
:10209000F04F8FB00446CDE90A2202F068FEDFF867
:1020A000FC9000283BD03E4DD9F80030AB4203D124
:1020B00010460BA9FFF7A4FAD9F82C30AB4203D194
:1020C00001200AA9FFF79CFADDE90A239A4284BF9E
:1020D00013460B92A360D9F8242052680292002282
:1020E000039202990A4403999342069101F1010176
:1020F0000391F6D8204602F03AFE10B34FF42E7248
:102100000021D9F85C30534303F13002D9F828306C
:10211000013B0298014491420AD2013BF9E7FFF7E3
:102120009BFF04F1080103F0C6FAA3680B93D2E702
:10213000039A934205D80123E37100200FB0BDE854
:10214000F08F6368174A03F0FF239342D9F8208089
:10215000D9F84CB017D12368012B14D158460CA9DB
:10216000FFF7C2FE9DF83030032B0CD15846FFF725
:10217000DFFA584603F029FF5846A16803F0FFFE36
:102180005846FFF759FB6379012B40F09980DDF841
:102190000CA0054D054F064E8CE000BF90130020AB
:1021A0003DB8F39600010004008001503546526EA0
:1021B00000900150C5F80076C5F80476C5F8087699
:1021C000C5F80C76C5F81076C5F81476C5F81876FB
:1021D000C5F81C76C6F80076C6F80476C6F8087608
:1021E000C6F80C76C6F81076C6F81476C6F81876D7
:1021F000C6F81C76069A23680232D21A524557D383
:10220000D9F82420012B116852F83A0002EBCA02D7
:1022100052F8082CA0EB0100A2EB010204900592F9
:102220002DD1E2680793022A26D04046FFF780FAB4
:10223000D9F84C000CA9FFF757FEE279012A0DD01E
:10224000D8F808108DF82720183921F007014046EA
:10225000079B0DF12702103903F065FE9DF833301E
:10226000012B02D1404603F0B0FE4046A16803F0C6
:1022700086FE4046FFF7E0FA5846FFF759FA00237A
:10228000029A04994046FEF7DDF8029B414600930E
:102290004046DDE90432FFF7F5F92046FFF78CFAF6
:1022A00023680133236018B1454A13680133136072
:1022B0000AF1FF3ABAF1000F7FF47CAF01232360EB
:1022C00002234FF0010A3F4E3F4D404F6371039B85
:1022D0009A453FF632AFC6F80056C6F80456C6F81F
:1022E0000856C6F80C56C6F81056C6F81456C6F866
:1022F0001856C6F81C56C7F80056C7F80456C7F853
:102300000856C7F80C56C7F81056C7F81456C7F841
:102310001856C7F81C56236853454ED8D9F82420C0
:102320004FEACA0352F83A10083B0691116805912A
:10233000D9F85010C8580968411A04912179012927
:1023400039D1D158059B029AC91A404600230791FA
:10235000FEF778F8029B0799049A009358460B46BB
:102360004146FFF78FF92046FFF726FA0223237133
:1023700018B1134A1368013313600023029A0499B9
:102380005846FEF75FF8DDE90512029B521A0093EA
:102390005946049B4046FFF775F92046FFF70CFAB3
:1023A0002368013323600123237130B1044A136889
:1023B0000133136001E00229DFD00AF1010A86E748
:1023C0000C050020008001503546526E00900150EF
:1023D0002DE9F7432F4E07460D460024B0464FF037
:1023E0002C091DB1284602F0C2FC08B1224643E088
:1023F000FFF732FE30B901200CB1002F31D003B00D
:10240000BDE8F08301A903F056F903460028F2D194
:10241000D8F82420019851681A460A44904203F1E2
:102420000103FAD86A79012A1DD1002CDED128686F
:102430002246984298BF214609FB0280202332465B
:10244000006A03F022F90028D5D11DB13268124B81
:102450009A421CD1631C022B4FF0010406F12C069A
:10246000BFD10020CBE7022AC0D12A68012A05D9B2
:102470009A42BBD884F001020021DDE7B6D124B135
:102480002A79023A18BF0122F6E72246D4E74FF034
:10249000FF30B1E7901300203DB8F3962DE9F04FDF
:1024A0000027ADF5477DCDE9050170220021A6A8E2
:1024B00003F0E5FE904C914B914DCDE9A643914B35
:1024C000914ECDE9A853914B059ACDE9AA63904B63
:1024D000904DAC9303F17453A3F52303A3F69243F9
:1024E000AD93059B52891B898B4C1344059A8B4EE7
:1024F000D2F80C909944B9452DD8A6A912A803F09A
:1025000006FC069BFBB1059B06981C89DB68A6AA06
:102510001C442146042303F0B8F8089098B946F605
:102520000812BDF89812059B91425B8967D1BDF8EE
:102530009A12994207D104230698A6AA214403F0CF
:10254000A4F800285DD04FF0FF33049304980DF5F4
:10255000477DBDE8F08FA9EB0708B8F5807F28BF5D
:102560004FF48078C5F80046C5F80446C5F808461B
:10257000C5F80C46C5F81046C5F81446C5F8184607
:10258000C5F81C46C6F80046C6F80446C6F8084614
:10259000C6F80C46C6F81046C6F81446C6F81846E3
:1025A000C6F81C46434639465D4A069803F06DF866
:1025B00082460028C7D1C346594BBBF1010B01D25B
:1025C000474498E7C09A511CC09113F8010B02F5DB
:1025D00046726A443F2902F8580CEED9B0A9A6A861
:1025E0000393FEF77BF8AE9AAF9912F5007241F1B2
:1025F0000001CDE9AE21039BCDF800A3DDE7002B60
:10260000A1D146F60713BDF898229A429BD1059BAB
:1026100044485B89C16D23440993099ABDF89A32F5
:1026200013444FF42E720A93436A5B6802FB013134
:102630005A422F311140826A406D013A5A43434356
:10264000521A5B1A9A4228BF1A460A9B93423FF6D7
:102650007AAF231D4FF0FF3403930494039B0A9A2F
:10266000934280F0D582059B5B892BB1039B099A2D
:10267000934204BF043303930423039906988AAA60
:1026800003F003F800287FF45EAF039ABDF8283208
:10269000111D099ABDF82A828A4209D84FF6FF75A2
:1026A000214830F8022BAA423FF44DAF9A42F8D1AC
:1026B000102B0AD0222B00F09B80012B36D0039ADE
:1026C00008F104031A440392C8E7B8F1200F7FF41D
:1026D0003AAF43460698A6AA02F0D7FF00287FF437
:1026E00032AF4246A6A912A803F097FD00287FF456
:1026F0002AAF01230893E2E767E6096A85AE67BB64
:1027000072F36E3C3AF54FA57F520E518C68059BD3
:10271000ABD9831F008001503546526E00900150A6
:10272000841500209013002010670000B8F1200FDE
:102730003FF609AF43460698A6AA02F0A6FF044654
:1027400000287FF400AF5A25014670228AA803F0C2
:1027500096FD1F4B1F4A2049CDE98A231F4B204875
:10276000CDE98C131F4B204ECDE98E031F4B909368
:1027700003F17453A3F52303A3F692439193A49B0F
:102780005A1CA49216F8011B03F546736B443F2AAA
:1027900003F8C81C0CD994A98AA8FDF79FFF929B47
:1027A000939A13F5007342F10002CDE99232A4949A
:1027B000013DE4D28AA97AA803F0A9FA4246A6A963
:1027C0007AA803F02AFD041E18BF0124644276E7AC
:1027D00085AE67BB67E6096A72F36E3C3AF54FA5B2
:1027E0007F520E518C68059BAE6B0000ABD9831FE6
:1027F000002C7FF464AFB8F1800F3FF6A4AE4346DF
:102800000698A6AA02F041FF00287FF49CAEC149B9
:102810000DAD0D913023284662AA5B3103F064F9B7
:10282000002840F0AD8113680D9E28461E443146B5
:1028300030236AAA03F058F9002840F0A1810D9FC7
:10284000F31B002B40F39C813B7828467A93136856
:102850007BAA1F44394606237AAC03F045F90028C9
:1028600040F08E810D9A6168A26053189F420D93CB
:1028700040F07381A84B0C2200211B688AA898475E
:10288000D4F80490B9F1070F40F07A814A46A34981
:10289000A06803F0C2FC002840F072818B9A082ADD
:1028A00040F06E819E498C9803F0B7FC002840F000
:1028B00067810DAF03233146384662AA03F014F94D
:1028C000002840F05D811368002B00F059810D9DB8
:1028D000591E11602A78002A40F052812B446A1C4C
:1028E0009E420D9240F04C81412940F04981A6ABB7
:1028F00003EB080623603146302320468AAA03F002
:10290000F3F8002840F03C817A9B8A9A0DF5F47B1D
:1029100013449E42C0F03481324659466AA803F0FF
:1029200044FA002840F02C813246594672A803F040
:102930003CFA0490002840F023816B78042B40F08F
:102940001F812022399061906990A91C584602F09D
:10295000FAFD5AAF202205F1220182A802F0F3FD10
:1029600062AC202238466AA902F0EDFD204672A929
:10297000202202F0E8FD0821384602F010FA002873
:1029800040F0FE80204602F00AFA0646002840F099
:10299000F7800A466348394602F040FA012840F0C1
:1029A000EF80082221465F4802F038FA01280B9098
:1029B00040F0E6802AAC0DF1680A0823594A204607
:1029C00002F0D9FB504608218AAD219602F0DCF9CD
:1029D000202212A902F0B7FD0823514628462246BC
:1029E00002F06FFA294650464E4A02F0FCFA0823DC
:1029F00039462846224602F064FA2946494A22A866
:102A000002F0F1FA0822484F5946284602F0FAF936
:102A100082A992A802F0F6F9394642A802F0F2F92A
:102A200007F120014AA802F0EDF929462046079255
:102A30000092A7F1400342AA02F0C3FAA7F14402B0
:102A4000009292AB2A464AA942A802F013FD214601
:102A50002046079BA7F1400202F08DFB2246A7F11A
:102A60004403284692A902F0E7FC07995046CDE9B5
:102A700010B5CDE90E6702F0AAF90799054622A81C
:102A800002F0A5F9A842B8BF284685B205F1FF3B80
:102A90000FFA8BFB5946504602F090F95946824690
:102AA00022A802F08BF9003818BF0120BAF1000A01
:102AB00018BF4FF0010A0EAB4AEA400A53F82A1039
:102AC000079A32A802F09EF920313AA802F09AF94A
:102AD0001146204602F058F90B9B023D2360A7F1F6
:102AE00040032DB20793002D50DA082321462046DB
:102AF0000E4A32AD02F03FFB224628460C4B3AA963
:102B000002F09AFC08222946064802F087F90128BB
:102B100015D00FE0AE6B00006C640000126C00007A
:102B2000096C0000F865000018660000D865000018
:102B3000D465000008232846384A02F084F95AA9CF
:102B400055F8293051F82920B9F1010983EA020327
:102B500046EA0306F4D2B6B112E0525C0DAD8A9299
:102B60000133394628468BAA0D9302F08EFF38B9FF
:102B70000D9B8B9A8C9313449F420D933FF480AE30
:102B80004FF0FF3304934FF0FF3498E5244B224677
:102B90003AA932A802F073FB29461AA802F00EF9EE
:102BA0002946074622A802F009F9031E18BF01238F
:102BB000381E18BF012040EA43000EAB53F8201026
:102BC00019B3082242A802F01DF94AA8203102F0E8
:102BD00019F901462246124B42A802F02DFC0823A7
:102BE00042AA009332A9079B52A802F0EAF90C4BC3
:102BF00032AA00934AA93AAB42A802F03BFC214614
:102C00002046074B52AA02F08AFA013D2DB26AE72C
:102C1000089B012B7FF497AC98E400BFF865000097
:102C2000D46500002DE9F0474FF02C0808FB00F8B0
:102C3000DFF89890454209EB0806376A05F02C0545
:102C40004D4404468A4604222946384602F09DFE39
:102C500010B93069C30613D554B13846FEF768FD84
:102C60009AF80730042B06D1D9F82000FEF760FD52
:102C70000120BDE8F087FFF791F90428F8D1F3E7C8
:102C800059F80820124B9A420AD0002CF0D0BA68AA
:102C9000002AEDD0002338461946FDF7D3FBE7E7BD
:102CA000F26833899B18F0D27289D218EDD2316A5A
:102CB0008B689A42E9D240F60C631842E5D1284667
:102CC000FFF7ECFB0028D4D0DFE700BF9013002013
:102CD0003DB8F3962DE9F7432D4BD3F80423910724
:102CE0000BD5D3F8042142B10022C3F80421294AAC
:102CF000D3F80431136801331360254CD4F804333E
:102D0000DA033FD5244BD3E8EF2F22F00101C3E8CB
:102D1000E01F0028F7D1D30702D4D4F840318BB399
:102D20000025C4F84051D4F84031FEF7BDF8EFF368
:102D30001182202383F31288BFF36F8F174BD3E9DF
:102D40000267B042B94120D3D3E900984FF0FF3079
:102D50004FF0FF311D60C3E902014FF48033C4F826
:102D60004833C4F84051D4F8403182F31188BFF39E
:102D70006F8FB9F1000F05D032463B460020CDF8E9
:102D80000080C84703B0BDE8F083A946EDE700BF67
:102D900000500150141400200C140020D800002012
:102DA00008B5034801F08AFEBDE8084001F036BED0
:102DB000906400004FF050232DE9F041D3F8042334
:102DC000D0070DD5D3F8002152B10022C3F800215D
:102DD000D3F800210122C3F80823334B1B6898471E
:102DE0004FF0502301250026D3F804432F4F04F061
:102DF00082045CBB4FF05023D3F8042391050DD51A
:102E0000D3F8242152B1C3F82441D3F824214FF43C
:102E10000072C3F80823264B1B6898474FF05023D5
:102E2000D3F80423D2053DD5D3F82021002A39D088
:102E30000022C3F82021D3F820214FF48072C3F878
:102E400008231C4BBDE8F0411B681847B4FA84F016
:102E5000C0F11F00830003F580739BB203F1502380
:102E600005FA00F2196892B224EA02040029C0D0DF
:102E70001E601B684FF05023022AC3F808230DD1AF
:102E8000D3F81814D3F8181401F00301012905D15F
:102E9000C3F81825C3F804239960AAE73B68C0B2B9
:102EA0009847A6E7BDE8F0816414002020150020B3
:102EB000181500201015002001222DE98048B54B7F
:102EC0008FB003201A70FEF7B9F90022B24BC3F895
:102ED000A821C3F8AC204FF48062C3F8B8254FF4A2
:102EE0000062C3F83C25D3F8A821002A22DBD3F8DE
:102EF000AC30002B1EDBA94B18680168D1B1B1FAC8
:102F000081F30122C3F11F039A4021EA0204D0E8B1
:102F1000EF5F8D4203D1C0E8E64F002EF7D1ECD130
:102F20009D4943F00043C1F8A831C1F8AC309C4B37
:102F3000C3F804250420FEF781F99A4D9A4BC3F893
:102F40000056C3F80456C3F80856C3F80C56C3F825
:102F50001056C3F81456C3F81856C3F81C5603F598
:102F60008053C3F80056C3F80456C3F80856C3F894
:102F70000C56C3F81056C3F81456C3F81856C3F8C5
:102F80001C568A4C60220021204603F078F901206B
:102F900004F12001FDF790FD98B9042004F14C01E3
:102FA000FDF78AFD68B9E826814A012002F5E86349
:102FB0000AA9626223650A9602F05CFE10B1012044
:102FC00056E1FEE70A9B0420226D0AA9A3620A9635
:102FD00002F050FE002800F0CC80012384F8583025
:102FE00000210846FFF7F4F90028E8D1A76A666DCA
:102FF000B74202D0731C9F42E1D1E82FDFD80023F3
:103000009846626A216D043204319E4240F0B880D5
:10301000236AD8688368DB689847B74205D9636A32
:1030200003EBC6035B684345C9D101230A9303F14F
:1030300001230B93002306A9206ACDE90C33FEF788
:1030400053FFE06C08A9FEF74FFF9DF81830012BE5
:1030500040F0B2809DF81A30032B40F0AD809DF80F
:103060002030012B00F0A8800223D4F820900D938B
:1030700099F80030012B40F0D1804FF42E7AE36DA7
:103080004846039302F039FB4FF0FF38D346D9F896
:103090000830454F303B0AFB1033464E0493C7F8C7
:1030A0000056C7F80456C7F80856C7F80C56C7F8B4
:1030B0001056C7F81456C7F81856C7F81C56C6F865
:1030C0000056C6F80456C6F80856C6F80C56C6F898
:1030D0001056C6F81456C6F81856C6F81C56049B67
:1030E0009DF80C10CDF808B00BF1FF3B1BFB013134
:1030F0004846012308AA02F0C8FA0028FFF65FAF8D
:103100000122484608A902F040FC20B9029BB8F110
:10311000FF3F08BF9846BAF1010AC0D1B8F1FF3F9E
:1031200009D0B8F1E70F7DDC08F101030A9340F202
:103130000113ADF82C30D9F808100123183921F00B
:103140000701484608AA103902F09FFA00287FF4C8
:1031500036AF0122484608A902F017FC10B101233E
:103160008DF820309DF8203003F00F038DF82F30BC
:1031700024E00A9B206A636502F0BFFAE0652FE74E
:1031800052F8338051F8330080457FF418AF013393
:103190003BE700BF8416002000A002502815002045
:1031A000007001503546526E00800150901300208F
:1031B000100500200090015000230D930AA801F093
:1031C000D6FD80F001000AA9C0B2FFF701F900287E
:1031D0007FF4F5AE0AA801F0CAFDC0BB0AA8FEF74D
:1031E00055FF9DF82F3084F85830033B012B05D84C
:1031F00002F0D5FF10B1FF2384F858309DF82F302E
:10320000023B022B05D802F0C9FE10B1FF2384F85F
:10321000583094F85830FF2B14D1FEE7042B3FF4BC
:103220002CAFCCE60223A8F1E8088DF82D304FEA48
:10323000680308F00108013308F101080A938DF8CA
:103240002C8078E700210846FFF7C2F8B7E69DF822
:103250002F60012E19D1FEF7A1FE831E022B054619
:1032600004D830460AA9FFF7DDFC00B92846C0B2F1
:10327000042884F858008DF82F0010D8012813D89E
:1032800022D0FF2384F858301EE001200AA9FFF75E
:10329000C9FC10B99DF82F00EAE70520E8E70528EA
:1032A000EFD102F07CFF0DE00AA8FEF7EFFE94F8E4
:1032B0005830DA1E012A0CD802F071FF0028E0D144
:1032C00002F06CFE0028DCD194F85830FF2B04D1BA
:1032D000FEE7023B012BF7D8F2E70021012B089112
:1032E0000DD100210846FFF79DFC054660B9089BFB
:1032F00001330893089B012B00F0BF80FEE70846CE
:10330000FFF766F80028ECD04FF0FF3510220021BF
:103310000AA802F0B4FF002D40F0B38040F215126D
:103320000126584BDFF86091C3F80026C3F8042645
:10333000C3F80826C3F80C26059A2389534C134476
:10334000C9F8003015206660FDF7F4FB4FF4001259
:103350004F4B2F46C4F80833C4F848334D4BDFF8C1
:1033600038A1C3F880214FF0FF334C4A5660C2F8B1
:103370004833C2F808336660C4F84833C4F80833E9
:103380004FF0FF385AF8044B0DF1280BC4F80883AE
:1033900044F30730FDF7CEFB6660C4F84C71D4F8F7
:1033A0004C31C4F81071D4F81031C4F84471D4F819
:1033B0004431C4F80075D4F80C350A93D4F81435A8
:1033C0000B93D4F808350C93D4F810350D93C4F84A
:1033D0000C85C4F81485C4F80885C4F810854FF02E
:1033E00000085BF8040B431C05D00023012219469A
:1033F0000093FEF7C3F908F10108B8F1040FF0D10A
:1034000080220021A01802F03AFF8022002104F55A
:10341000C07002F034FF6B1C022B4FF00105AFD1DE
:103420004FF0FF321E4BC3F808254FF050235E606B
:10343000C3F80823BFF36F8F72B60023154903F159
:1034400020000133102B41F82020F8D100234FF049
:10345000FF30104A03F160010133102B42F82100C4
:10346000F8D1FDF747FB002383F30B8883F30A8829
:103470000C4BD9F800009847FEE7236A5B68059378
:1034800044E7FEE700300050F013002000500150E8
:1034900003000F0000E100E07064000000400150F4
:1034A00000700150010000202DE9F74F4FF0010896
:1034B00008FA00F8164604461F466FEA0802DFF8CD
:1034C00034A1DAE8EF3F03EA0201CAE8E01F00286E
:1034D000F7D14FF48035DFF82091A540C9F80853A3
:1034E000BFF35F8FBFF36F8F08EA03030093FDF70D
:1034F000DBFCB04271EB07034BD2404B301A67EB59
:103500000101984271F1000171D23D4B03EB0413AC
:10351000D3E902239F4208BF964243D04FF0000BED
:1035200026F07F4EF446032004F150039B009BB22B
:1035300003F1502303F58033C9F84853C3F800B0B2
:103540001A6804F5A872019201992CF07F4249F89B
:1035500021206FF00202C9F84453D9F80415521A19
:103560006244DFF8A0C022F07F4262451AD91A688F
:103570005AB1D9F80415A1EB0E0222F07F42B2F540
:10358000000F0FD9C3F800B01A6800EB010C01302E
:10359000DAE71D4BD3E8EF1F41EA0801C3E8E21F59
:1035A000002AF7D1164919482301C850002001EB21
:1035B0000412C2E902675060009BABB1DAE8EF3F4A
:1035C00043EA0803CAE8E23F002AF7D10A4BC3F8EE
:1035D00004530D4BD3E8AF3FE340DB0742BF4FF44A
:1035E00000120B4BC3F8002103B0BDE8F08F6FF061
:1035F0001500E1E708140020005001500100800090
:10360000D8000020FDFF7F000C14002015360000BC
:1036100000E100E02DE9F843384922F07F45D1E987
:103620000063921B140A22F0FF02921943F1000377
:10363000C1E90023A5F50011B1F5400F0AD23049C8
:1036400009684FEA112C09064E192E494CF1000762
:10365000C1E9006712F5807243F10003FFF724FF10
:103660002346EFF31181202282F31288BFF36F8F7C
:10367000DFF89480254FD8F80000254D404508BF5D
:103680000020DFF890903C60D5E9002620B1C468A6
:103690009C420EDDE41AC4609A1846EBE3760023E0
:1036A000C5E900263B6081F31188BFF36F8FBDE849
:1036B000F883A21846EBE476C5E90026D0E900328B
:1036C00013605A600023C0F80C90C0E9003381F306
:1036D0001188BFF36F8F83689847EFF31181202320
:1036E00083F31288BFF36F8F3B68D8F800001B1B71
:1036F000404508BF00203B60C6E700BFF000002047
:1037000014140020F80000204000002010140020B5
:10371000E8000020010000802DE9F0414FF0FF306B
:1037200000264FF0FF315E4C5E4B4FF40012C4F8A0
:103730000833C4F848335C4BC4F80865C3E9020198
:103740004FF4803302210125C4F80433574BC4F8E9
:1037500004131520C3F88021FDF7FEF91520FDF7AD
:10376000DBF9534BA5604FF48072256030461D6035
:103770000023FFF799FE4F4BD3E8EF2FC3E8E15F3B
:103780000029F9D1002A3ED14B4B9D6099685A60BF
:1037900001F00301A942DA6035D1DA609A68032AA0
:1037A00031D8EFF31184202282F31288BFF36F8F98
:1037B0004FF6FF754149888E00F00702C88EA84277
:1037C00035D0062A33D8DFE802F012320432123242
:1037D000120001230130C88684F31188BFF36F8F74
:1037E0008BB100233449364801F015FF0BE000206F
:1037F0001860086AC0B9C1E90733C2B9224602217C
:103800002F48FDF765F8EFF3058595B1EFF31186C5
:10381000202383F31288BFF36F8F01254FF05024CC
:103820004FF00008214F25E003600B62E5E700231D
:10383000D2E7244B1B78002BE8D04FF05023022214
:103840002E46C3F80823E9E73046FDF74FFBD4F8CE
:103850001835DBB2012B0DD1D4F8042152B1C4F8D4
:103860000481D4F804210222C4F818252022C7F8C4
:103870008021A360D4F81824D4F81834D203E3D5F7
:1038800003F00303022BDFD135B186F31188BFF3B8
:103890006F8F0020BDE8F081C4F80433F9E700BF62
:1038A0000050015003000F00D800002000E100E0AC
:1038B0000814002004140020F41300206C140020CD
:1038C00088140020841600202DE9F04F8B46914685
:1038D0001C46002595B0029099F8000008B92846CA
:1038E00043E225280CD05946029B98470028C0F295
:1038F0003C8209F1010301350493DDF81090EBE7F8
:10390000182200210EA802F0BAFC99F801A0BAF121
:10391000250F53D00022964694461746164609F1C5
:103920000100014610F8013B2B2B75D06ED8202BDF
:1039300074D0232B75D02AB19DF8402042F040026C
:103940008DF84020BEF1000F05D09DF8402042F0D8
:1039500020028DF84020BCF1000F05D09DF84020DA
:1039600042F010028DF840202FB19DF8402042F027
:1039700008028DF840202EB19DF8402042F004024C
:103980008DF840209DF8402002F04400442803D1E7
:1039900022F040028DF840209DF840202A2B42F072
:1039A00080028DF8402040F0A5809DF841204B1CFE
:1039B00042F001028DF8412000274BE04FF0000853
:1039C000474609F1020304939DF84120D60740F1D0
:1039D000498154F8047B002F06DA9DF840107F429D
:1039E00041F004018DF84010500740F1428154F835
:1039F000048BB8F1000F80F23F819DF8412022F046
:103A000002028DF841204FF0FF3835E12D2B0BD00D
:103A1000302B90D1012284E7012782E74FF0010C7F
:103A20007FE74FF0010E7CE701267AE713460CFB97
:103A30000707303F1A4612F8010BA0F13006092E95
:103A4000F4D99942B8D09DF84020F90F61F34102B2
:103A50008DF840201A782E2A0CBF012100219DF8F4
:103A6000412061F341028DF841204FD15A782A2A32
:103A700045D04FF000080A2601331A4612F8011B00
:103A8000A1F13000092844D99DF84020C2F340013B
:103A900041EAD87161F341028DF840201A786C2A0E
:103AA00058D03CD8682A42D06A2A5CD04C2A62D0CE
:103AB00013F801AB9DF84120BAF1780F049311D8A7
:103AC000BAF16D0F64D8BAF1690F0BD8BAF1570F7C
:103AD0007CD8BAF1410F00F0AF80AAF14502022A6A
:103AE00040F2AA809DF8402042F001028DF840206B
:103AF000002295E00B4600274FF00A0C9AE79DF84C
:103B00004120023342F004028DF841204FF00008BA
:103B1000C4E706FB08181346A8F13008ADE7742A7D
:103B200025D07A2AC4D106219DF841200CE05A788C
:103B3000682A9DF8412006D1012161F3C6028DF863
:103B400041200233B4E7022161F3C6028DF841201F
:103B50000133ADE75A786C2A9DF8412001D1042148
:103B6000EBE70321F0E705219DF84120ECE7072171
:103B70009DF84120E8E7BDF8402022F4F04222F011
:103B8000020242F4804242F00202ADF84020DFE738
:103B90000121AAF16E00C0B2814040F28240014290
:103BA00025D111F0240F50D1CB079BD503209DF8D0
:103BB000421002F07802A2F1400C60F30201DCF145
:103BC00000028DF8421042EB0C0229E00120AAF11C
:103BD0005801C9B200FA01F111F4624F2CD111F46D
:103BE000043F27D140F6010001423FF47BAF0221A0
:103BF0009DF8420002F07802402A61F3020008BFFB
:103C00009DF840108DF8420004BF41F001018DF88D
:103C10004010003A18BF0122BAF1630F18BF00220A
:103C20009DF84010C1F34000024362F341018DF85A
:103C30004010C9E60146DBE704219DF8422061F30C
:103C400002028DF842200122EAE703209DF842108B
:103C500002F0780260F30201003A18BF01228DF8E9
:103C60004210DDE79DF940100029A8BF4FF0FF3753
:103C7000BAE691077FF5C7AE9DF842109DF8412046
:103C800001F007010139C2F3C302032952D8DFE86A
:103C900001F0022A6149D11E042904D8DFE801F0AD
:103CA000190F0F191900012A54F8041B15D0022A04
:103CB00015BF084608B2C11741F3C03110E0E01D3E
:103CC00020F007000446406854F8081BCDE90E10A8
:103CD00030E054F8041BC817F8E748B241F3C011AC
:103CE000CDE90E0126E0D11E042904D8DFE801F059
:103CF000130B0B131300012A54F8041B0FD0022AD4
:103D000008BF89B20CE0E11D21F007010C464968AB
:103D100054F8080BE4E7002154F8040BE0E7C9B2BB
:103D20000020D3E7073424F00704D4E90001CDE9EB
:103D30000E0108349DF8401011F0030618D04E46CD
:103D4000049BB3420AD8A6EB0906002E30460CDBD2
:103D50003544D2E554F8041B0E91EBE7594616F8AA
:103D6000010B029B98470028EADA15B0BDE8F08FF6
:103D7000BAF1780F3FF6C1ADBAF1620F18D8BAF1B7
:103D8000250F49D0BAF1580F7FF4B7ADDDE90E0128
:103D90000DF13603009310AA08AB8DF843A001F093
:103DA000F2FB119B81469DF843A0129A039398E081
:103DB000AAF1630015283FF6A0AD01A656F820F041
:103DC000133F00002D3F0000FB380000FB380000CF
:103DD000FB380000FB3800002D3F0000FB380000DE
:103DE000FB380000FB380000FB380000573F0000A4
:103DF000533F0000AD3E0000FB380000FB380000E0
:103E0000293E0000FB380000533F0000FB38000053
:103E1000FB380000533F000059465046029B98472C
:103E20000028A2DB013568E5B8F1000FDDF8389015
:103E300034DB002019F800200AB180452CD100267F
:103E4000324609EB0003059303969DF8421011F0EA
:103E50001003069300F09C800230039B490618442F
:103E600048BF8018002F40F3A8809DF840203F1ADB
:103E70005307C2F3800800F1A080500640F1C180D2
:103E800046B159463046029B98470028FFF66DAF71
:103E9000464601353022B5E00130CBE7484602F016
:103EA000B5F9B9F1000F3FF428ADC8E70E98002826
:103EB00065D070238DF843300DF13603009310AABE
:103EC00008AB002101F05FFB002681464FF0780A25
:103ED000119B129A03939DF8423043F010038DF822
:103EE00042300DF13600B8F1000FA0EB09000ADBFB
:103EF0009DF84010804521F040018DF8401002D916
:103F0000A8EB0003039306B101300DF136030593CE
:103F10009BE700260E9A0DF121038DF82020012049
:103F20003246039605930DF120098EE70A075DBF1F
:103F3000C1F300114901CEB22B26DDE90E12002A91
:103F4000BFF624AF494262EB42022D26CDE90E12A4
:103F50001CE700261AE70E9B072A3FF6CEACDFE8E7
:103F600002F00C04060C08080C0C1D70C5E41D8042
:103F7000C3E4EA17C3E90052BFE41D60BDE4384B57
:103F800006460246039005930520A3F105095CE768
:103F90000B0748BF013060E7104607925946029B65
:103FA00098470028079AFFF6E0AE4146002908F13D
:103FB000FF38F1DC3D4447466D1A3EB15946304664
:103FC000029B98470028FFF6D0AE01359DF84220AD
:103FD000D10601D4130707D559463020029B9847D4
:103FE0000028FFF6C2AE0135069B3BB1594650464C
:103FF000029B98470028FFF6B8AE0135039E2E4479
:104000000AE02022B846D0E759463020029B984764
:104010000028FFF6AAAE0135731B002BF4DC4E46D8
:10402000059BB34214D8A6EB0906002E3046FFF6D6
:104030009CAE35442F447B1B002B7FF75EAC59466A
:104040002020029B98470028FFF68FAE0135F2E74B
:10405000594616F8010B029B98470028E0DA84E6DF
:10406000436700000FB41FB506AB53F8042B03934E
:10407000002104480091FFF727FC05B05DF804EB30
:1040800004B070478355000005460C4608B599B149
:10409000D1E9012313480968FFF7E4FFD4E90423B9
:1040A000E1681148FFF7DEFFE1691048FFF7DAFF2A
:1040B000A1690F48FFF7D6FF012D05D1EFF3058168
:1040C0000C481039FFF7CEFFEFF31183202383F361
:1040D0001288BFF36F8FEFF3118283F31288BFF35F
:1040E0006F8FFEE74467000074670000A46700005C
:1040F000B4670000E367000070B5264C26480E4602
:104100001546FFF7AFFFA36AD80640D52348FFF74F
:10411000A9FF1120A36A190703D52148FFF7A2FFC1
:1041200012201C4CA36A9A070FD51E48FFF79AFF6E
:10413000616BA36A1B0607D51B48FFF793FF1EB1EF
:10414000A36A23F08003A3621320124CA36ADE0744
:1041500003D51648FFF786FF1420A36A9C0603D5F3
:104160001348FFF77FFF15200A4B9A6AD10658BF04
:104170009A6A9A6A920642BF5A6A22F400525A62B6
:104180009A6A42F0FF029A6200232B7070BD1020E1
:10419000C0E700BF00ED00E0F76700000E68000018
:1041A00042680000566800006F68000086680000E2
:1041B000A668000070B5244C24480E461546FFF74B
:1041C00051FFA36AD90435D52148FFF74BFF1720CB
:1041D000A36A1A0503D51F48FFF744FF18201A4C9D
:1041E000A36A9B050FD51C48FFF73CFFA16BA36A90
:1041F000180407D51948FFF735FF1EB1A36A23F449
:104200000043A3621920104CA36A590503D5144832
:10421000FFF728FF1A20A36ADA050DD51148FFF72A
:1042200021FF1B20084A936A43F47F4393620023D3
:104230002B7070BD1620CBE7A36A9B04F2D50A4809
:10424000FFF710FF1C20EDE700ED00E0D66800004E
:10425000ED68000042680000FF6800001969000076
:104260002F6900004B690000A668000010B5204CC3
:104270002048FFF7F7FEA36A990137D51E48FFF7DC
:10428000F1FE1E20A36ADA0103D51C48FFF7EAFEFF
:104290001F20174CA36ADB0203D51948FFF7E2FE83
:1042A0000220A36A1C0303D51648FFF7DBFE21207A
:1042B0000F4CA36A590303D51348FFF7D3FE2220FE
:1042C000A36A9A0303D51148FFF7CCFE2320084CBC
:1042D000A36ADB0303D50E48FFF7C4FE2420A36ABC
:1042E0006FEA03436FEA1343A36210BD1D20C9E7C1
:1042F00000ED00E0646900007D6900009169000044
:10430000AC690000D7690000F66900001C6A000073
:10431000376A00002DE9F0415C4B05465F680026D6
:104320008AB0C7F3080486F31188BFF36F8F02F0D9
:104330007F43B3F17F4F06D102F00C03082B13D15A
:104340005348FFF78FFE002635464FF00008E31E66
:104350008DF80780092B00F28680DFE803F00A7AE7
:104360007E7584848484848210074CBF0D460126A8
:10437000EBE74848454CFFF775FE8DF80780E36A88
:104380009A0704D54448FFF76DFE00242AE0E36A4B
:10439000002B01DA4148F6E7E36A5B00F5D54048B7
:1043A000FFF760FE6369AA6943F480736361BFF33A
:1043B0004F8FBFF36F8F32F8023C626922F4807234
:1043C0006261BFF34F8FBFF36F8F03F47F42B2F58B
:1043D0005F4F1FD1DBB2022B1CD129683148FFF798
:1043E00041FE2C689DF80730002B4BD12022294636
:1043F00002A801F039FF099B002E40D0C3F3080248
:1044000022B96FEA53236FEA43230993204602A996
:10441000FFF73AFE1D4B9A6AD2B232B101210DF17B
:1044200007022846FFF768FE11E09A6A12F47F4FF0
:1044300006D001210DF107022846FFF7BBFE06E07A
:104440009B6AB3F5803FA0D32846FFF70FFF0446D1
:10445000C8E700210DF10702E3E700210DF1070293
:10446000EAE711488FE7114B17F4F87F104911481C
:1044700008BF1946A4F11002FFF7F4FD85E76FF3BA
:104480000803C2E70AB0BDE8F08100BF00ED00E01C
:10449000916A0000BD6A0000D56A0000F76A00005A
:1044A000066B0000266B0000436B0000636A00008F
:1044B000786A0000686B000010B572B6002484F3BF
:1044C0001388FCF717FB23464FF0FF300C4A03F12B
:1044D00020010133102B42F82100F8D100234FF0C6
:1044E000FF30074A03F160010133102B42F821002D
:1044F000F8D162B6BFF34F8FBFF36F8F10BD00BF0F
:1045000000E100E08FB5A54AA54B22F07F029A603A
:10451000BFF34F8FBFF36F8FD3F88820A14822F4E9
:104520007002C3F88820A04A0021121A01F0A7FEE9
:104530009E489F4A9F49121A01F096FE9E489F4A44
:104540009F49121A01F090FE002250B2012101325F
:10455000FCF702FB452AF8D10020FCF76FFE994BCF
:1045600003F5006282F3088883F30A880021E022C1
:104570008B4B954E83F82220D97719765976997608
:1045800083F820105A6A42F4E0225A6283F823101A
:104590005A6942F010025A615A6942F480625A61C3
:1045A0005A6922F008025A6110221A614FF0FF3254
:1045B0009A62DA62D3F8902012F47E4F29D0BFF3CA
:1045C0005F8F824AC3F89410C3F8C020022280484B
:1045D000C3F89810C3F89C20C3F8A0000120C3F8CA
:1045E000980000F10050C3F89C0000F5DF2000F2B5
:1045F000E270C3F8A0003270D3F89000C0F3072037
:1046000082424BDB0522C3F89420BFF34F8FBFF3E8
:104610006F8F704934784D6820461DB11F2D55D8D5
:104620006FF015043470022501246B4B6B49C3F8FD
:1046300000450020C1F8D05601F009FB204601F0EA
:1046400006FBC1F804471C22C1F804496448C1F8BC
:10465000004B002101F013FE624B614A20461361BA
:10466000FCF7ECFD2846FCF7E9FD002383F30B88FB
:104670005D4C5E4DA4F5205686F30B8884F30988C3
:10468000002004498847184619461A46A847024898
:104690008047FEE7ED610000FB610000C3F8982051
:1046A000C3F8A0100132A7E7C7F89880D7F89C306C
:1046B00063F30405C7F89C5001F02EF868E0D1457B
:1046C000F2D15FFA88F001F027F8ABE7EF06A7D147
:1046D0000B68DA06A4D143E800F21D4412F4803FCF
:1046E0005FFA82F805F1FF3A08BF6FF015084AE853
:1046F00000F2D7B2D20393D5B84591D1A0458FDA55
:10470000274FC7F89880D7F89C20C7F89880D7F82B
:10471000A09022F01F02934249F01F09CFD0013B25
:10472000C7F8988023F01F02D7F8A030D14503F0D6
:104730001F0343EA02032046C7F8A030BCD000F0B4
:10474000EBFF10F1160F3FF46BAFC7F89880D7F866
:104750009C209DF8083009F1FF3962F304038DF8BD
:104760000830D7F8A030009525F01F059DF80820E7
:104770004D445B08A5EB0A05013063F3471225F0B1
:104780001F056946C0B28DF808200395FCF704FAAE
:1047900010F1160F3FF444AF441C43E70000000043
:1047A00000ED00E0D8000020881600204000002026
:1047B000D4000020A06E0000000000204000002077
:1047C000606E0000883E002087160020AAFF44008B
:1047D000E1FF0F00BC6400000010005000400050DA
:1047E00048150020C8640000883E0020B92E000053
:1047F00008B501F0F8F858B1584BD3F8202A3AB967
:104800000D21C3F8201A0121C3F81C19C3F81C2973
:104810000022D30003F57F03D3F80013013107D042
:10482000D3F800130132D3F80433202A0B60F0D1FF
:1048300001F0D9F8002840F0888001F0D4F840B1A8
:10484000474B484AC3F830254FF050230122C3F8A4
:1048500058254FF47F03D3F83021D3F83431072A99
:1048600006D1023B012B9EBF00223F4BC3F84C25D3
:1048700001F0B9F850B14FF05023D3F80024D1071C
:1048800042BF0022C3F81421C3F8182101F0B8F880
:1048900048B14FF05023D3F80024D20744BF6FF043
:1048A0000102C3F8002401F09EF818B165222B4BD9
:1048B000C3F80C2701F0A4F8B0B12B4BD3F8203487
:1048C000002B11DA4FF050230322C3F818250122E0
:1048D0009A60D3F80421002AFBD00022C3F80421F7
:1048E0000122DA60C3F8182500F02FFFE8B17E221C
:1048F0001A4B1B49C3F80C27C3F83C297F231B4ADA
:10490000C2F818310023C1F8043EC1F8083E01F591
:104910004821C1F81031C2F82431C2F82C3102F517
:10492000FF1202F58052C2F8A032114AD2F88C3040
:1049300043F44063C2F88C300E4A0F4B1168C3F841
:104940004415D269C3F84C2508BD2922034BC3F88E
:104950000C270322C3F83C276FE700BF004000503C
:10496000009003504400EFBE002003500020005090
:1049700000ED00E00080FF000060005030BFFFF756
:10498000FDBF00BFEFF30880EFF3098101B5724668
:10499000FFF7C0FC01BD00BF002080F31488BFF307
:1049A0006F8F002080F30A8880F30B880F4880F314
:1049B0000888FFF71DFF00200D490860BFF34F8FE7
:1049C000FFF77AFD202080F311880A484FF4006138
:1049D000401880F30988EFF314800221084380F324
:1049E0001488BFF36F8FFFF78DFD0000883E002015
:1049F00094ED00E0883E00201EF0040F0CBFEFF3A2
:104A00000880EFF30980816911F8021C0229FFD0A8
:104A100001B5724601F0E3FB01BD00BF10B50A4CC1
:104A200023681BB101232360002010BD00F04EF865
:104A30000028F7D00138072803D8044B53F820008A
:104A400010BD034810BD00BF64150020846600003F
:104A5000FE8FFFFFBFF34F8F0549064BCA6802F474
:104A6000E0621343CB60BFF34F8F00BFFDE700BF91
:104A700000ED00E00400FA0530B44FF0FE320025EE
:104A80000B4B0C4C0C494968C3F80024C3F80424B0
:104A9000C3F80824C3F80C24C3F81024C3F8142462
:104AA000C3F81824C3F81C24C4F8005530BC0847C8
:104AB00000508450004084504C000020024BD0E94C
:104AC0000012C3E9001270474C00002008B500F046
:104AD00013F830B900F014F828B9064AC2F80C0AE5
:104AE00008BD032008BD00F009F800F043F80420D9
:104AF00008BD00BF00508450002070470020704760
:104B000010B5154800F05EF800B110BD134800F074
:104B100059F80028F9D1124C204600F053F800282B
:104B2000F3D1104B10481C6000F04CF80028ECD179
:104B30000E4800F047F80028E7D10D4800F042F891
:104B400001460028E1D100F039F8044608B900F028
:104B50004DF8204610BD00BF6C000020680000200A
:104B6000640000205C00002060000020580000204D
:104B70005400002008B50B4800F02EF80A4800F059
:104B80002BF80A4800F028F8094800F025F80948F1
:104B900000F022F8084800F01FF8BDE8084000F0D7
:104BA0000FB800BF6C0000206800002064000020E7
:104BB00060000020580000205400002000207047B2
:104BC000704700BF08B5034B02681B681068984720
:104BD000002008BD8400002008B5034B02685B6814
:104BE00010689847002008BD8400002070B5094C6B
:104BF000094D2069AB68984718B1084B08485B68B5
:104C000098470021074AEB6811602069BDE87040B1
:104C1000184700BF70000020840000204C000020D6
:104C2000A46600006815002010B5044650B1636802
:104C300013F0685F05D0064A934202D000236260F9
:104C4000236010BD034B04485B689847EFE700BF43
:104C50002C5F5CA94C000020C4660000C8B143680A
:104C60000D4A934213D013F0685F0ED0012350E831
:104C7000002F194640E8001C9CF0000FF7D1012AD4
:104C8000F5D0BFF35F8F0020704704487047044899
:104C900070476FF4E04070472C5F5CA9E98FFFFF1D
:104CA000EA8FFFFF034680B1426809498A420AD071
:104CB00012F0685F05D0BFF35F8F002210461A60C4
:104CC000704704487047044870476FF4E0407047ED
:104CD0002C5F5CA9E98FFFFFEA8FFFFF10B5044648
:104CE00020B10023034A2360626010BD0248FFF731
:104CF000C3FEF6E73A00003AEC660000F7B500297B
:104D00000746164629DB83688B4226D97B68C06834
:104D1000CC18836801AA5B6969469847002213464C
:104D20000199481E019011B96FF0150017E0009924
:104D3000486874B95542D1F800C0AC45E64628BF72
:104D4000AE46AC450EFB003372440AD808310091E0
:104D5000E6E7E51AB5FBF0F5EDE76FF0210003B0EB
:104D6000F0BD7A689B1AC6E900300020F7E7437966
:104D7000012B07D10368012B04D10079431E58424F
:104D80005841704700207047002310B51C465AB2A6
:104D9000914200DC10BD40F823400133F7E70023C7
:104DA0001A4610B55CB2A14203DCB2FA82F04009A7
:104DB00010BD50F8234001332243F3E701234A1189
:104DC00050F8220001F01F018B40184070474B1E25
:104DD00010B55BB2041D1A0603D45A1E54F82210F3
:104DE00071B101335BB24BB103F18042013A50F82B
:104DF0002220B2FA82F2C2EB43139BB218B210BD6A
:104E00001346E8E7002310B55CB2A24200DC10BDF7
:104E100051F8234040F823400133F5E710B5013A3B
:104E200052B2130601D5002010BD50F8224051F8AF
:104E300022309C4205D802F1FF32F2D24FF0FF300F
:104E4000F2E70120F0E7F0B5002406469C46204634
:104E500065B2AC4500DCF0BD51F8247052F8243046
:104E60003D1AED1AAF4218BF002046F8245038BF53
:104E700040F001000134EBE7F0B50024064620467F
:104E800065B2AB4200DCF0BD51F8247052F82450FA
:104E90003D440544AF4218BF002046F8245088BF67
:104EA00040F001000134EBE7002300EB8101884270
:104EB00000D3704751F8042D43EA52030B60D30727
:104EC000F5E72DE9F74F00273C463D464FFA87F9B5
:104ED000994516DB4FF0FF364FF0000806EB43060E
:104EE0000196019F53FA88FE4FFA8EFEBE455FFA87
:104EF00088F628DB00EBC30040F8044C03B0BDE8A3
:104F0000F08F4FF0000EF04602EB870A51F82EC0EA
:104F10005AF804694FF0000BACFB066C36195CEBD9
:104F2000050C28BF4FF0010B0EF1010E34464FFA6D
:104F30008EF6B1456546D844E8DA40F82740454644
:104F400064460137C2E7A9460025013676B202EB76
:104F50008E0A77B2BB4205DC40F82E4008F101080A
:104F60004C46BEE76FF00307774351F826C05AF866
:104F700007704FF0000BA7FB0C7C3F195CEB090C92
:104F800028BF4FF0010BE1463C465D440136E0E7A7
:104F900070B59DF910601D4633460446FFF76CFF5F
:104FA00030B9324621462846FFF738FF012807D09E
:104FB00033462A4621462046BDE87040FFF743BFEE
:104FC00070BD70B59DF910601D4633460446FFF76D
:104FD0003AFF38B133462A4621462046BDE87040A4
:104FE000FFF74ABF70BD2DE9F04F1D46A7B006ABD5
:104FF000CDE904310290294610469046FFF7E7FEBE
:10500000C0EB851424B22146002CB8BF04F11F0167
:10501000634203F01F0316AF384641F3471104F013
:105020001F0658BF5E42FFF7AFFE002E4FEA810019
:105030002CDD002213463844C6F1200E9D421AD8BA
:105040000126AB00039307EB8503019305F1FF38BD
:1050500026AB4FEA450903EB8808002C55DA26AB4E
:1050600003EB86062A4656F8881C0298FFF7CAFE0C
:1050700027B0BDE8F08F58F823C001330CFA06F1D1
:105080000A4340F8042B2CFA0EF2D7E72A46414691
:105090003844FFF7B7FED3E75AF8883C53F821208D
:1050A00026AB03EB810353F8403C6344D31A34BF6F
:1050B0004FF0010B4FF0000B9A4204D0BBF1000CF3
:1050C00018BF4FF0010C5EF8882C013042F82130F7
:1050D00041B24945E0DBA6EB0C035E422946384667
:1050E0005E41FFF7E1FE039B294698336B4453F87A
:1050F000402C58F8403C019843EAC273013C48F800
:10510000403C24B2FFF7D0FEA7E7002026AB86F094
:10511000010E844603EB860A03EB8E0ED8E730B50A
:1051200005461C4691B0684693F90030FFF7C9FE6A
:1051300069462846D4F8AC30984711B030BD70B5F8
:105140000368054613F00106144605D013460A46C7
:105150000146FFF791FE064621462846FFF7A4FECA
:1051600046B104F18042013A55F8223043F0004341
:1051700045F8223070BDF0B50F460646A1B019467D
:10518000384615461C46FFF70AFE28B1304621B0C6
:10519000BDE8F040FFF7F8BD224639466846FFF704
:1051A00031FE294608A8FFF72DFE10A82146FFF77B
:1051B000EBFD012318A81093FFF7E6FD2246684691
:1051C00008A9FFF72BFE30B92246304610A9FFF799
:1051D00019FE21B0F0BD009BDA0709D421466846CC
:1051E000FFF762FE2246294610A8FFF7A8FFE5E771
:1051F000089BDB0707D4214608A8FFF755FE224687
:10520000294618A8F1E7012823461CD108AA6946B7
:105210006846FFF718FE21466846FFF745FE22461E
:1052200018A910A8FFF7FAFD013005D110A92346EF
:105230002A460846FFF720FE10A92346084618AA6A
:10524000FFF701FECEE76A4608A8FFF7FCFD2146FE
:1052500008A8FFF729FE224610A918A8FFF7DEFDCF
:10526000013005D118A923462A460846FFF704FE57
:1052700018A92346084610AAFFF7E5FDBFE72DE968
:10528000F04793F900600446894692B031461046D3
:1052900015461F46FFF783FD002840F095803B46EA
:1052A0004A4649460AA8FFF73AFF3B4621460AAA62
:1052B00002A8FFF734FF0AAA114610463B46FFF743
:1052C0002EFF3B462A4649464846FFF728FF07F18E
:1052D00004083B462A4629462846FFF720FF434656
:1052E0002A46214620460096FFF752FE43462A46AC
:1052F000294628460096FFF74BFE43462A4621469C
:1053000028460096FFF75DFE3B462A46214620468A
:10531000FFF705FF43462246214628460096FFF741
:1053200037FE43462A46214620460096FFF730FEC8
:105330002368DB074BD53346424621462046FFF71C
:105340009BFD824631462046FFF7AEFD06F18043C5
:10535000013B54F8232042EACA7244F823203B461A
:10536000224621462846FFF7DAFE434629462846CC
:1053700002AA0096FFF725FE43462946284602AAC0
:105380000096FFF71EFE02A9084643462A460096ED
:10539000FFF717FE3B462146204602AAFFF7BFFE55
:1053A0000AAA4346104621460096FFF70AFE3246F7
:1053B00029462046FFF726FD49462846FFF722FDED
:1053C00048460AA9FFF71EFD12B0BDE8F087314636
:1053D0002046FFF769FDC2E72DE9F0418AB0044697
:1053E00015460E461C22002103A800F048FF0323A7
:1053F00095F9008032463146204602932F1D2B46F8
:10540000FFF78DFE3B462146204602AACDF80080DC
:10541000FFF7D7FD2B46324621462046FFF77FFE99
:105420003B4621462046CDF8008005F18402FFF777
:10543000AFFD0AB0BDE8F081F0B51C460746154641
:105440000E4689B011466846FFF769FE23466A4654
:1054500039463846FFF763FE23462A4669466846C2
:10546000FFF75DFE23466A4631463046FFF757FE9A
:1054700009B0F0BD2DE9F0478AB0DDF848A0144628
:10548000564680461D46894616F9047B0246334639
:10549000214602A80097FFF794FD02AA5346114641
:1054A0001046FFF73CFE53464146404602AAFFF72E
:1054B00036FE53462146204602AAFFF730FE334609
:1054C0004A46294628460097FFF77BFD53462A4661
:1054D000294602A8FFF723FE02A9334642460846A2
:1054E0000097FFF76EFD02A9334622460846009753
:1054F000FFF767FD33464246214620460097FFF7F7
:1055000060FD5346224649464846FFF708FE3346AB
:105510004146204602AA0097FFF753FD5346224614
:1055200029462846FFF7FBFD33464A4629462846CA
:105530000097FFF746FD3A46204602A9FFF762FCB6
:105540000AB0BDE8F087F8B50E46D11C48BF911DE2
:10555000144641F38701FFF717FC0025671E6AB266
:10556000A24205F1010500DBF8BDBB1A23F00301DF
:10557000B25C03F00303DB009A40435813434350EB
:10558000EDE7002070472DE9F84F9A46D378814621
:105590006F2B0F461546A3F1410B2BD026D8582B65
:1055A00014BF0A261026DDF828803246002348461C
:1055B0003946FAF7CFFD092A08F1FF38D4B21ED8D0
:1055C0003034B145E4B277F1000788F8004001D3E8
:1055D000D04511D82B789B0605D5082E15D1AB7870
:1055E00043F00803AB704046BDE8F88F03F0F703C3
:1055F000702BD5E70826D6E781460F46D5E7BBF1E5
:10560000190F94BF37345734DBE7102EEBD1AB784A
:1056100043F01003E6E730B400258C68CB6004F05B
:105620000304032C14BF2C464C688D6014B1A446AF
:1056300030BC604730BC7047038B13F0070306D1C2
:105640000368002B18BF032008BF00207047022BFF
:1056500005D1408BB0FA80F0400980007047012BE3
:1056600004D10368002B18BF0520EDE70020704728
:1056700010B4EFF31182202484F31288BFF36F8FEC
:10568000416110BC0121FBF723B9002930B4044665
:105690000DDB806888420AD9401A834207D8E06847
:1056A0006468214484682468A44630BC60476FF075
:1056B000150030BC704710B484680A46183C24F0CA
:1056C0000704A4F11801042310BCFFF7DEBF002972
:1056D00030B404460DDB806888420AD9401A834200
:1056E00007D8E0686468214484686468A44630BCD4
:1056F00060476FF0150030BC704708B5C06883681C
:10570000DB689847006808BD08B5C0688368DB6837
:105710009847407908BDFEE730B50C684B6885B006
:105720000A894D890094013B24F01F04234402F0B0
:105730001F0242EA451223F01F0369468DF8082034
:105740000393FBF729FA05B030BD4FF47F03D3F87C
:105750003021D3F83401072A05D10238022894BF3A
:10576000002001207047002070470B464FF0502268
:105770000121C2F81416002118470C220369C9B28E
:1057800002FB0133986F00F00700704770B50346C5
:10579000C9B20069EFF31186202484F31288BFF3A5
:1057A0006F8F0C2505FB0104A46F14F0C00401D019
:1057B000A24210D1012205FB01008267002086F37E
:1057C0001188BFF36F8F28B95B6803EBC1035B6877
:1057D0009847002070BD4FF0FF30F0E78022FFF7C0
:1057E000D5BFF8B5069F05460469C9B2EFF3118C21
:1057F000202080F31288BFF36F8F0C2606FB014632
:10580000B06F00F0070EBEF1010F11D1B76700268F
:105810008CF31188BFF36F8F46B90C2000FB014455
:10582000C4E91C236B6853F8313098473046F8BD03
:1058300000F0C00087420CBF6FF077064FF0FF36D4
:10584000E6E713B580240094FFF7CBFF02B010BD4C
:105850006FF08500704710B41C240069CBB204FBC4
:105860000300002110BC10472DE9F0410646FFF768
:105870006CFF0D464FF05024C0B14FF001080027D7
:105880000520C4F81886C4F81476FBF777FA40466A
:10589000C4F81486FBF772FAC4F81476C4F81876C4
:1058A00030462B46BDE8F04100211847C4F81406E5
:1058B000F6E708B50169FFF748FF48B14FF05022FD
:1058C000D2F8583503F003030B720123C2F85835A0
:1058D0004FF050230022C3F8B8250720BDE8084048
:1058E000FBF74CBA4FF05021022310B5C1F8B83580
:1058F0000469FFF72AFF20B1237A03F00303C1F8FC
:10590000583510BD03695B680BB9FFF7D2BF70470C
:1059100008B901230B7070474FF4000200230020E8
:10592000C1E900237047002809DBB0F5801F06D2CB
:10593000C0F5801081428CBF0020012070470020FC
:1059400070474FF4801200230020C1E90023704704
:1059500038B581B90569EFF31180202383F31288EC
:10596000BFF36F8F1C462B7833B100232B7080F36D
:105970001188BFF36F8F38BDFBF7B8FAEFF31180D2
:1059800084F31288BFF36F8FEDE738B515460C46E8
:1059900059B1FFF7B9FE2146254411F8013B834276
:1059A00003D1A942F9D1012038BD0020FCE738B568
:1059B0000C460123114622460546FFF766FE0028E5
:1059C0000FDB012221462846FFF7DFFF18B1032332
:1059D0000020237038BD2378012B14BF022301233C
:1059E000F6E70120F6E74FF47F03D3F83021D3F830
:1059F0003401022808BF072A0CBF0120002070478D
:105A00004FF47F03D3F83001D3F83431C31F584229
:105A10005841704703460020184738B54FF05024CE
:105A20000223C4F808330123E360002342F2107517
:105A3000C4F80431D4F80431D4F81834DB0304D5A5
:105A40000120FBF79BF9013DF6D138BDFFF7E5BF1B
:105A500008B5FFF77AFE60B14FF05023D3F8B825B0
:105A6000920706D1D3F8580500F00300013818BF9B
:105A7000012008BD08B503695B682BB9FFF732FF49
:105A8000BDE80840FBF77CBB08BD70B504680D1B82
:105A9000002D02DC6FF05F0070BD94F90060237888
:105AA000002E0ADB631C0360237813600368C91AA5
:105AB00013688B42EED80020EEE703F07F035C1EF4
:105AC000032C0ED89D42E5DD002414600468013BE0
:105AD000013404605E1C1568E8D0247844EA05248B
:105AE000F3E76FF06300D7E770B404680E1B002E75
:105AF00007DD26789E4208D10134046070BCFFF7B0
:105B0000C4BF6FF05F0070BC70476FF06100FAE7D0
:105B10001FB5002291420CBF0623042301A9CDE941
:105B2000012203928DF80430FBF774FC002818BFA3
:105B30006FF0040005B05DF804FB7FB5FF238DF81E
:105B400003300DF10303002201930123CDE902325A
:105B5000052303A98DF80C3001AB04920593FBF7E4
:105B600059FC08B99DF8030007B05DF804FB2DE966
:105B7000F84307460D461646D0F804C0C1F30B03A0
:105B8000002A61D0C2F30B0151EA03045CD1002D5D
:105B90005ADBDCF82C30AA189A4255D8FFF7B2FE2F
:105BA00021463846D7F80480FFF7B2FF002848D1D5
:105BB000D8F82C30B34225D100210220FBF7F8FAA7
:105BC000B146044621463846FFF7C2FE64B94D444B
:105BD000A6EB09063846FFF7B0FF041E04DB14F0FD
:105BE0000104F7D1002EE3D101213846FFF790FFE1
:105BF000002C14BF254605463846FFF73BFF2846D4
:105C0000BDE8F883B6F5803F09D3ABB253B9294656
:105C10000120FBF7CDFA4FF480390446D2E7B6F500
:105C2000805F09D3C5F30B0030B92946FBF7C0FAF2
:105C30004FF480590446C5E74FF000096FF0150492
:105C4000C0E76FF00405D7E76FF01505D7E707B594
:105C5000019001A8FAF72AFE019B00EB8300D0F81F
:105C6000003223F0E04343F04053C0F8003203B069
:105C70005DF804FB2DE9F04F87B00E46C0B203A9D2
:105C80001746FAF719FF044600283AD1039B002B68
:105C900037D0D3E9018AD86804A9836805AA5B696B
:105CA000D6F800909847059B254601932146234648
:105CB0000498C2440430019A914204D133602046D2
:105CC00007B0BDE8F08F4FF0000CD0F800E050F8BE
:105CD000042C944502D301310830ECE7A8450CD8D8
:105CE000AA45EBD999450FD907EBC302A5EB080BE1
:105CF00047F833B0C2F804E0013375440CF1010CED
:105D0000E5E76FF01504DAE76FF00B04D7E7F8B5B5
:105D10000C468A6E0546D1E90831D0001B1841F1C6
:105D20000001C4E908318021501C38282244A066B3
:105D30004FF0000782F8281004F128060BD9C0F1B3
:105D400040023946304400F09AFA20463146FAF7CC
:105D5000C5FC3846A766C0F138020021304400F087
:105D60008EFA236A626A1BBA12BA3146C4E9182352
:105D70002046FAF7B3FC2B1D211F243551F8042FC0
:105D80000433100E03F8080C100C03F8070C100A6B
:105D900003F8060C03F8052CAB42EFD1702200216A
:105DA000204600F06CFA0120F8BD2DE9F3410C46C5
:105DB000074611460223204601AAFFF795FE054635
:105DC000E8B9019E1F2E0ED9202238462368A6F17D
:105DD0002001194400F048FA236833442360284620
:105DE00002B0BDE8F081C6F12008014642463846BF
:105DF00000F045FA3246216807EB0800EAE76FF049
:105E00000205ECE72DE9F0430E4607461D46904695
:105E1000416885B0002A70D0002B6ED0042B01D9C8
:105E2000AB076AD116F0030467D1002E65DBCA6A9E
:105E30007319934261D83846FFF764FD214638460E
:105E4000FFF766FE002855D1032D1CD8042103233B
:105E500032466846FBF71AF9044601463846FFF712
:105E600077FD9CBB2A464146684600F0FDF90223B7
:105E7000324604216846FBF709F9044601463846D4
:105E8000FFF766FD22E008F06043B3F1005F02D146
:105E900018F0030F29D0102DA94628BF4FF0100984
:105EA00041464A46684600F0DFF949460223324639
:105EB0006846FBF7EBF8044601463846FFF748FD15
:105EC00024B9B5EB0905C8444E44E4D10121384654
:105ED000FFF71EFE05463846FFF7CCFD002C18BF25
:105EE0002546284605B0BDE8F08302233246294600
:105EF0004046C0E76FF00404E8E76FF01505F0E7EF
:105F000038B50C461946204615461A46FFF70BFDD4
:105F100030B11BB12146284600F0A6F9002038BD5B
:105F20006FF01500FBE72DE9F3471D4606460F46C7
:105F30009046FFF7E2FB6C1E044440420440082CEC
:105F40001AD83046FFF7E0FB82462A4641466846AB
:105F500000F08AF95146621B0DEB050000F08FF945
:105F600023466A4639463046FFF7B1FB003818BF72
:105F7000012002B0BDE8F0874FF0FF30F9E70423BD
:105F800007B5019181680DEB0302183921F0070173
:105F90001839FFF7C8FF03B05DF804FB07B501200F
:105FA00001A9FAF789FD70B9012301986A46816851
:105FB0008DF80030183921F007010839FFF7B3FFD9
:105FC00003B05DF804FB0120FAE7012307B58168FF
:105FD00001AA183921F007018DF80430FFF7A3FF5B
:105FE00003B05DF804FB38B54FF050244FF4007354
:105FF000C4F8083301236362002342F21075C4F829
:106000002431D4F82431D4F85C34DB0304D50120E6
:10601000FAF7B4FE013DF6D138BD38B54FF0502443
:106020004FF48073C4F808330123E361002342F284
:106030001075C4F82031D4F82031D4F85434DB037F
:1060400004D50120FAF79AFE013DF6D138BD2DE9BD
:10605000F04F81460F469B46164685B0002A00F059
:106060008A80002B00F085800029C0F2848042687D
:10607000CB18D26A93427ED87C4204F00304FFF727
:1060800041FC5C4528BF5C46734203F0030306F005
:10609000030558BF5D426D4205F003055D4528BF0D
:1060A0005D46ABEB0402ABEB050322F0030823F0E3
:1060B00003039845C8BF984602F0030ACABFD21A24
:1060C000CDF804A00192B8F1000F16D006EB050B35
:1060D0004146032358463A19FAF7D8FF824601464B
:1060E0004846FFF735FCBAF1000F38D1AC4204D076
:1060F00042465946301900F0A0F8BCB1C4F104057D
:106100000DF1080B0421032358467A1BFAF7BEFF52
:10611000824601464846FFF71BFCBAF1000F1ED12C
:10612000224630460BEB050100F09EF8019BEBB1D7
:1061300008213A190DEB010003234244FAF7A6FFA8
:10614000824601464846FFF703FCBAF1000F06D12C
:1061500008EB0400019A02A9304400F085F8484693
:10616000FFF788FC504605B0BDE8F08FDDF804A0CD
:10617000F5E79A46F6E76FF0150AF3E713B50C4614
:10618000C0B201A9FAF798FC30B92146019802B0D3
:10619000BDE81040FBF7A8BE012002B010BD1FB53E
:1061A000012001A9FAF788FC10B1012004B010BD4C
:1061B000019C02A92046FBF797FE0028F5D19DF827
:1061C0000B30032BF2D12046FFF7FFFEEEE7FEF780
:1061D00025BC0021012008B5FDF756FF704708B522
:1061E00001460068FDF750FFFEF7C8BB61B662B616
:1061F00080F31188BFF36F8F7047EFF31180202376
:1062000083F31288BFF36F8F7047704703460020F7
:106210001A5C02B970470130FAE710B55AB101397A
:10622000841810F8012B11F8013FA04201D09A42C6
:10623000F7D0D01A10BD1046FCE7431A934210B5B0
:1062400000EB020308D3024601399A420BD011F841
:10625000014F02F8014BF8E70A4412F8014D8A4257
:1062600003F8014DF9D110BD10B5431E0A44914207
:1062700000D110BD11F8014B03F8014FF7E70346B9
:10628000C9B20244934200D1704703F8011BF9E7F9
:10629000F89EFF7F01000000DD0B00000000000001
:1062A00000000000D0620000CF610000000000008C
:1062B0001937000000000000A12D000000000000C0
:1062C00000000000EC620000000000000863000015
:1062D000A36B00009863000054630000CC00002012
:1062E0006C1400209D0C0000000000007C6B00007E
:1062F000E46300003C630000CE00002000010020A9
:10630000F919000000000000896B00000000000087
:1063100024630000D000002000000000910E000067
:1063200000000000015F0000B50D00001D0E000020
:10633000890E000043590000790E00004F600000F4
:10634000055E00006F5B0000AD0D000019590000F4
:106350009D0D000051580000DD570000435800001B
:10636000000000007B57000000000000000000005B
:10637000FF000000FF000000FF000000FF00000021
:10638000FF000000FF00000000000000000000000F
:106390000338FDD870470000F1180000991900007B
:1063A000810F00004D5A000079180000E75F0000DF
:1063B000B51800001B6000001118001D0D18001F0B
:1063C0000E1800200F180021101800221218001EAD
:1063D000B86300000600000000B00250D063000067
:1063E00001000000000000000000000000000000AC
:1063F000000000000000000000000000000000009D
:10640000040300000000000BF40100000001010083
:1064100000008000C2281700D863000000000000C0
:1064200000000000000001000863000001000000FF
:106430000000010000800E00086300000200000060
:1064400000800F00008000000863000003000000CF
:106450000000000000807100EC62000004000000F9
:106460000080710000800E00EC6200007F6200007E
:10647000008000500090005098620000A062000070
:10648000B0620000B8620000D0620000D06200007C
:1064900000000000175700000400000000FF00008B
:1064A0000400000000FF00000008000000100000D1
:1064B000290C0000F90B0000000000000000002083
:1064C0004000000006000100695800006B57000002
:1064D00000000000982F8A4291443771CFFBC0B56D
:1064E000A5DBB5E95BC25639F111F159A4823F929F
:1064F000D55E1CAB98AA07D8015B8312BE853124F8
:10650000C37D0C55745DBE72FEB1DE80A706DC9BB8
:1065100074F19BC1C1699BE48647BEEFC69DC10F64
:10652000CCA10C246F2CE92DAA84744ADCA9B05CA0
:10653000DA88F97652513E986DC631A8C82703B063
:10654000C77F59BFF30BE0C64791A7D55163CA0671
:1065500067292914850AB72738211B2EFC6D2C4D7D
:10656000130D385354730A65BB0A6A762EC9C2816B
:10657000852C7292A1E8BFA24B661AA8708B4BC201
:10658000A3516CC719E892D1240699D685350EF42B
:1065900070A06A1016C1A419086C371E4C774827E2
:1065A000B5BCB034B30C1C394AAAD84E4FCA9C5B58
:1065B000F36F2E68EE828F746F63A5781478C884A9
:1065C0000802C78CFAFFBE90EB6C50A4F7A3F9BE8B
:1065D000F27871C608200001FFFFFFFFFFFFFFFFF9
:1065E000FFFFFFFF000000000000000000000000AF
:1065F00001000000FFFFFFFF512563FCC2CAB9F391
:10660000849E17A7ADFAE6BCFFFFFFFFFFFFFFFF69
:1066100000000000FFFFFFFF96C298D84539A1F4A3
:10662000A033EB2D817D0377F240A463E5E6BCF84F
:1066300047422CE1F2D1176BF551BF376840B6CB1A
:10664000CE5E316B5733CE2B169E0F7C4AEBE78E16
:106650009B7F1AFEE242E34F4B60D2273E3CCE3B8B
:10666000F6B053CCB0061D65BC86987655BDEBB32D
:10667000E7933AAAD835C65A7F520000D953000092
:1066800059050000FF8FFFFFFF8FFFFFFE8FFFFF09
:10669000FE8FFFFFFD8FFFFFFC8FFFFFFC8FFFFFD3
:1066A000FB8FFFFF436F756C64206E6F74206C6FFF
:1066B000636B20706F7765722073617665206D75EE
:1066C000746578006D757465785F667265652063C2
:1066D000616C6C65642077697468204E554C4C2061
:1066E000706172616D6574657200000043616E27B0
:1066F0007420696E697469616C697A65206D75745E
:1067000065782C20776173204E554C4C0D0A0000A3
:1067100001000200100011001200200021002200E0
:10672000230024003000310032003300FFFF77C225
:1067300095F360D2EF7F3552500F2CB67980286EDA
:10674000696C290072302F61313A20203078253071
:106750003878202072312F61323A2020307825306D
:106760003878202072322F61333A2020307825305B
:1067700038780A0072332F61343A2020307825307F
:106780003878207231322F69703A202030782530E5
:106790003878207231342F6C723A202030782530CE
:1067A00038780A0020787073723A202030782530CB
:1067B00038780A004661756C74696E6720696E737B
:1067C0007472756374696F6E20616464726573734B
:1067D00020287231352F7063293A203078253038DF
:1067E000780A00556E68616E646C65642049525188
:1067F0006E3A2025640A002A2A2A2A2A204D50555A
:10680000204641554C54202A2A2A2A2A0A002020B0
:10681000537461636B696E67206572726F722028B2
:10682000636F6E746578742061726561206D69674D
:106830006874206265206E6F742076616C696429CB
:106840000A002020556E737461636B696E67206562
:1068500072726F720A002020446174612041636388
:106860006573732056696F6C6174696F6E0A0020DE
:10687000204D4D46415220416464726573733A2045
:10688000307825780A002020496E7374727563741D
:10689000696F6E204163636573732056696F6C6125
:1068A00074696F6E0A002020466C6F6174696E67B0
:1068B0002D706F696E74206C617A792073746174C5
:1068C0006520707265736572766174696F6E20659C
:1068D00072726F720A002A2A2A2A2A2042555320ED
:1068E0004641554C54202A2A2A2A2A0A002020539D
:1068F0007461636B696E67206572726F720A002043
:1069000020507265636973652064617461206275EB
:1069100073206572726F720A002020424641522035
:10692000416464726573733A20307825780A0020D8
:1069300020496D70726563697365206461746120BC
:10694000627573206572726F720A002020496E733F
:106950007472756374696F6E2062757320657272EC
:106960006F720A002A2A2A2A2A20555341474520B5
:106970004641554C54202A2A2A2A2A0A002020441B
:1069800069766973696F6E206279207A65726F0A21
:10699000002020556E616C69676E6564206D656DC1
:1069A0006F7279206163636573730A0020205374EA
:1069B00061636B206F766572666C6F772028636FFA
:1069C0006E746578742061726561206E6F742076D4
:1069D000616C6964290A0020204E6F20636F707219
:1069E0006F636573736F7220696E7374727563740D
:1069F000696F6E730A002020496C6C6567616C20BA
:106A00006C6F6164206F66204558435F5245545552
:106A1000524E20696E746F2050430A002020496C4A
:106A20006C6567616C20757365206F66207468659E
:106A300020455053520A002020417474656D7074D3
:106A400020746F206578656375746520756E646564
:106A500066696E656420696E737472756374696FBC
:106A60006E0A0052657365727665642045786365C9
:106A70007074696F6E20280053707572696F75733A
:106A800020696E74657272757074202849525120A5
:106A900000535053454C20696E20746872656164E0
:106AA000206D6F646520646F6573206E6F7420695C
:106AB0006E646963617465205053500A002A2A2A63
:106AC0002A2A2048415244204641554C54202A2A23
:106AD0002A2A2A0A002020427573206661756C7488
:106AE000206F6E20766563746F72207461626C65CE
:106AF00020726561640A0020204465627567206524
:106B000076656E740A0020204661756C742065738A
:106B100063616C6174696F6E2028736565206265BE
:106B20006C6F77290A00415243485F4558434550EE
:106B300054207769746820726561736F6E202578C0
:106B40000A0A002A2A2A2A2A204465627567206DCB
:106B50006F6E69746F7220657863657074696F6EAB
:106B6000202A2A2A2A2A0A002A2A2A2A2A2025739F
:106B700020256429202A2A2A2A2A0A006D783235FB
:106B8000723634333566403000666C6173682D634D
:106B90006F6E74726F6C6C657240353030333930A3
:106BA000303000636C6F636B4035303030003059EB
:106BB000301306072A8648CE3D020106082A864879
:106BC000CE3D03010703420004C7C03E66D831BC76
:106BD0008ACB97CDA1E00EFFA83232AC9F9B3C81BF
:106BE000FE06BE656A9B7E7F2634F174E6F085283A
:106BF000A288A0582144985050E2221647DE7A918C
:106C000082B7AAEB8EBB53AEAD2A8648CE3D0301B8
:106C100007002A8648CE3D02010004010403040255
:106C2000040104010403010403040104000102033C
:106C3000040506070B00000000000000D3610000FF
:106C400000000000D361000000000000D3610000DC
:106C500000000000D361000000000000D3610000CC
:106C6000B52D0000155A000000000000D36100009F
:106C700000000000D361000000000000D3610000AC
:106C800000000000D361000000000000D36100009C
:106C900000000000D361000000000000D36100008C
:106CA00000000000D361000000000000D36100007C
:106CB00000000000D361000000000000D36100006C
:106CC00000000000D361000000000000D36100005C
:106CD00000000000D361000000000000D36100004C
:106CE00000000000D52C000000000000D36100006F
:106CF00000000000D361000000000000D36100002C
:106D000000000000D361000000000000D36100001B
:106D100000000000D361000000000000D36100000B
:106D200000000000D361000000000000D3610000FB
:106D300000000000D361000000000000D3610000EB
:106D400000000000D361000000000000D3610000DB
:106D500000000000D361000000000000D3610000CB
:106D600000000000D361000000000000D3610000BB
:106D700000000000D361000000000000D3610000AB
:106D800000000000D361000000000000D36100009B
:106D9000B5120000155A000000000000D361000089
:106DA00000000000D361000000000000D36100007B
:106DB00000000000D361000000000000D36100006B
:106DC00000000000D361000000000000D36100005B
:106DD00000000000D361000000000000D36100004B
:106DE00000000000D361000000000000D36100003B
:106DF00000000000D361000000000000D36100002B
:106E000000000000D361000000000000D36100001A
:106E100000000000D361000000000000D36100000A
:106E200000000000D361000000000000D3610000FA
:106E300000000000D361000000000000D3610000EA
:106E400000000000D361000000000000D3610000DA
:106E500000000000D361000000000000D3610000CA
:106E60002DE9F041036883F30888002383F3148835
:106E7000BFF36F8FBFF36F8FDFF818C0064F4FF06F
:106E80000058D0F804E0A7EB0C0770460047BDE8B7
:106E9000F08100BF00000020400000200000000042
:106EA00040000020400000200090D00300000000BF
:106EB000554A000094000020980000206400002043
:106EC0008000002078000020740000207000002066
:106ED000C4000020BC000020B4000020000000001E
:106EE000AC000020DD4C0000294C00005D4C00008F
:106EF000A54C00009C000020A40000206C15002080
:106F00003A00003A701500203A00003A741500204B
:106F10003A00003A781500203A00003A7C1500202B
:106F20003A00003A801500203A00003A00000000C4
:086F30000000000015E015E06F
:020000040001F9
:100000003DB8F3960000010000020000FCAB0200C6
:100010000001000001001B000000000000000000C3
:1000200000000000000000000000000000000000D0
:1000300000000000000000000000000000000000C0
:1000400000000000000000000000000000000000B0
:1000500000000000000000000000000000000000A0
:100060000000000000000000000000000000000090
:100070000000000000000000000000000000000080
:100080000000000000000000000000000000000070
:100090000000000000000000000000000000000060
:1000A0000000000000000000000000000000000050
:1000B0000000000000000000000000000000000040
:1000C0000000000000000000000000000000000030
:1000D0000000000000000000000000000000000020
:1000E0000000000000000000000000000000000010
:1000F0000000000000000000000000000000000000
:1001000000000000000000000000000000000000EF
:1001100000000000000000000000000000000000DF
:1001200000000000000000000000000000000000CF
:1001300000000000000000000000000000000000BF
:1001400000000000000000000000000000000000AF
:10015000000000000000000000000000000000009F
:10016000000000000000000000000000000000008F
:10017000000000000000000000000000000000007F
:10018000000000000000000000000000000000006F
:10019000000000000000000000000000000000005F
:1001A000000000000000000000000000000000004F
:1001B000000000000000000000000000000000003F
:1001C000000000000000000000000000000000002F
:1001D000000000000000000000000000000000001F
:1001E000000000000000000000000000000000000F
:1001F00000000000000000000000000000000000FF
:10020000B0A100205D490100CFCC020049490100A6
:100210004949010049490100494901004949010092
:100220000000000000000000000000002D4A010056
:100230004949010000000000794C010049490100D2
:100240002D4D01002D4D01002D4D01002D4D0100C2
:100250002D4D01002D4D01002D4D01002D4D0100B2
:100260002D4D01002D4D01002D4D01002D4D0100A2
:100270002D4D01002D4D01002D4D01002D4D010092
:100280002D4D01002D4D01002D4D01002D4D010082
:100290002D4D01002D4D01002D4D01002D4D010072
:1002A0002D4D01002D4D01002D4D01002D4D010062
:1002B0002D4D01002D4D01002D4D01002D4D010052
:1002C0002D4D01002D4D01002D4D01002D4D010042
:1002D0002D4D01002D4D01002D4D01002D4D010032
:1002E0002D4D01002D4D01002D4D01002D4D010022
:1002F0002D4D01002D4D01002D4D01002D4D010012
:100300002D4D01002D4D01002D4D01002D4D010001
:100310002D4D01002D4D01002D4D01002D4D0100F1
:100320002D4D01002D4D01002D4D01002D4D0100E1
:100330002D4D01002D4D01002D4D01002D4D0100D1
:100340002D4D01002D4D01002D4D01002D4D0100C1
:100350002D4D0100FFFFFFFF80EA101404F0F014A0
:1003600080EA0410604081EA111404F0F01481EA7C
:100370000411614082EA121404F0F01482EA0412BB
:10038000624083EA131404F0F01483EA0413634018
:1003900080EA102404F47F4480EA0420604081EA6B
:1003A000112404F47F4481EA0421614082EA12248A
:1003B00004F47F4482EA0422624083EA132404F4B2
:1003C0007F4483EA0423634081EA500404F05534F7
:1003D00080EA4400614083EA520404F0553482EA22
:1003E0004402634082EA900404F0333480EA8400DB
:1003F000624083EA910404F0333481EA840163406B
:10040000704700BF82EA900404F0333480EA84002D
:10041000624083EA910404F0333481EA840163404A
:1004200081EA500404F0553480EA4400614083EAD4
:10043000520404F0553482EA4402634080EA1024F6
:1004400004F47F4480EA0420604081EA112404F42B
:100450007F4481EA0421614082EA122404F47F444B
:1004600082EA0422624083EA132404F47F4483EA8C
:100470000423634080EA101404F0F01480EA0410AE
:10048000604081EA111404F0F01481EA0411614023
:1004900082EA121404F0F01482EA0412624083EA41
:1004A000131404F0F01483EA04136340704700BF90
:1004B0002DE9F14F94464FEA930B8A68CB680868A0
:1004C0004968FFF749FF0BF1060E33E083EA134456
:1004D00080EA134582EA134746BA96EA34446040FC
:1004E00000F00F1684EA063420F00F1684EA161086
:1004F00054BA94EA0106724002F00F1486EA0436F8
:1005000022F00F1486EA14124CBA6540694001F0DB
:100510000F1485EA043521F00F1485EA14115CBA32
:1005200067407B4003F00F1487EA043723F00F1471
:1005300087EA1413BCE8F0006040694072407B40D9
:1005400000F0E03400F0103500F00F3040EA5400C5
:1005500040EAC50080EA900404F0332480EA840075
:10056000604001F0E03401F0103501F00F3141EA54
:10057000540141EAC50181EA910404F0332481EA7F
:100580008401614002F0E03402F0103502F00F32D5
:1005900042EA540242EAC50282EA920404F0332499
:1005A00082EA8402624003F0E03403F0103503F085
:1005B0000F3343EA540343EAC50383EA930404F088
:1005C000332483EA8403634081EA324787EA134590
:1005D00081EA354690EA060484EA034B82EA1B422C
:1005E00080EA044484EA054483EA144A85EA144410
:1005F0008BEA044B84EA374481EA0B4181EA1641D5
:1006000004EA0A00454082EA04082BEA0800414057
:100610008AEA0B0602EA060084EA34438AEA3A468A
:1006200003EA060778404540414088EA38478BEAAC
:100630003B4007EA000985EA090583EA07094640C5
:1006400006EA0906714085EA010005EA354646409A
:1006500006EA314181EA304181EA364606EA30460F
:1006600086EA3546344008EA010886EA01052A4050
:1006700086EA364003405A4081EA31431F407C40BD
:1006800080EA030709EA070988EA0908544088EA6A
:10069000020806EA0A0601EA0B018AEA0B02154083
:1006A0008AEA3A42104045408BEA3B4003405E40B4
:1006B0004240174079404D404E40E443F64386EABD
:1006C00018435D4085EA054083EA134386EA034107
:1006D00083EA384284EA114383EA04435FEA3343FE
:1006E000BEF1010E3FF6F2AE1ED4BCE8F000604051
:1006F000694072407B4020BCFFF784FE286069603F
:10070000AA60EB60BDE8F08F2DE9E0414FF2F00206
:1007100080EA1031114080EA0130484041088208E7
:10072000C3084FF0000E4FE700F0113001F0113117
:1007300002F0113203F0113340EA410040EA820036
:1007400040EAC3004FF2F00280EA1031114080EA23
:1007500001304840BDE8E0812DE9F04F02F11C0571
:100760000646074600EB850851F8040B043A46F8A4
:10077000040BF9D14FF0010CFFF7C6FF5FEA302000
:1007800080EA0C001ECF41404A4053405C401EC6E8
:100790002000464517D04FEA4C0C1CF4807F18BF50
:1007A000ACF1E50C2C2DE7D03C2D06D1FFF7ACFFCA
:1007B00006CF41404A4006C6100006CF41404A409D
:1007C00006C61000D8E736E90F00FFF7C5FD043D67
:1007D00086E80F00F7D1BDE8F08F00BF2DE9F14F9B
:1007E00003F11C0402EB840C4FEA930B8A68CB687C
:1007F00008684968FFF7B0FD3CE9F00060406940D7
:1008000072407B400BF1060E4EE083EA134480EA0F
:10081000134582EA134746BA96EA3444604000F032
:100820000F1684EA063420F00F1684EA161054BA24
:1008300094EA0106724002F00F1486EA043622F0B0
:100840000F1486EA14124CBA6540694001F00F1487
:1008500085EA043521F00F1485EA14115CBA67406B
:100860007B4003F00F1487EA043723F00F1487EA64
:10087000141344BA44404DBA4D4056BA56405FBA7C
:100880005F4087EA174886EA174B84EA17464FEA23
:1008900038488BEA1B4485EA1B4788EA1B4580EAF7
:1008A0003440694072407B4000F0703400F0803585
:1008B00000F00F3040EA440040EAD50080EA90049E
:1008C00004F0332480EA8400604001F0703401F0C9
:1008D000803501F00F3141EA440141EAD50181EA56
:1008E000910404F0332481EA8401614002F0703401
:1008F00002F0803502F00F3242EA440242EAD502A9
:1009000082EA920404F0332482EA8402624003F013
:10091000703403F0803503F00F3343EA440343EAB5
:10092000D50383EA930404F0332483EA8403634009
:10093000C943DB4381EA000483EA044686EA0201F4
:1009400083EA014382EA334583EA14435C4084EA44
:1009500000077FEA040A8AEA024A8AEA010B87EA68
:1009600011488AEA374A80EA060181EA1A418AEA8E
:10097000030A04EA0A00454088EA040707EA0B0074
:1009800041408AEA0B0608EA060084EA34428AEA11
:100990003A4602EA060358404540414087EA374359
:1009A0008BEA3B4003EA000985EA090582EA03096C
:1009B000464006EA0906714085EA010005EA354627
:1009C000464006EA314181EA304181EA364606EA8C
:1009D000304686EA354634400F4086EA010508EA8B
:1009E000050886EA3640024088EA020881EA314278
:1009F00013405C4080EA020309EA030987EA090719
:100A0000674088EA040806EA0A0601EA0B018AEA56
:100A10000B0425408AEA3A44204045408BEA3B4B90
:100A200002EA0B02564084EA0B04234059406E4010
:100A3000694087EA364080EA384080EA060380EA67
:100A4000104481EA134585EA344585EA17427D4022
:100A500082EA354180EA05403CE9F00060406940A7
:100A600072407B40BEF1010E3FF6CFAE20BCFFF7D7
:100A7000C9FC28606960AA60EB60BDE8F08F00BF28
:100A8000FFF76ABE2DE9F00791E8F807B2E8021017
:100A90005B1854EB0C04B2E802104D4156EB0C0607
:100AA000B2E802104F4158EB0C08B2E8021059EBC3
:100AB00001095AEB0C0A80E8F80780410130BDE8D3
:100AC000F00770472DE9F00791E8F807B2E8021047
:100AD0005B1A74EB0C04B2E802108D4176EB0C0645
:100AE000B2E802108F4178EB0C08B2E8021079EB03
:100AF00001097AEB0C0A80E8F80780414042BDE822
:100B0000F00770472DE9F007524290E87800B1E80D
:100B100080071740DB1918EA020854EB080419EAA9
:100B2000020955EB09051AEA020A56EB0A0678C0D3
:100B300090E87800B1E8800717407B4118EA020886
:100B400054EB080419EA020955EB09051AEA020AEE
:100B500056EB0A0678C080410130BDE8F0077047C7
:100B60002DE9F007524290E87800B1E8800717407D
:100B7000DB1B18EA020874EB080419EA020975EB9A
:100B800009051AEA020A76EB0A0678C090E87800AE
:100B9000B1E880071740BB4118EA020874EB08046B
:100BA00019EA020975EB09051AEA020A76EB0A0648
:100BB00078C080414042BDE8F00770472DE9F00160
:100BC00052424FF0040890E8300091E8C000A31BA7
:100BD0001340E41AF618EB1B1340ED1AFF1830C04F
:100BE000C0C1B8F10108EED1BDE8F001704700BF07
:100BF00000B592EC080AB1E8805707EE101A53ECE2
:100C0000102A56EC114AA7FB0251A8FB020BE7FB86
:100C10006310E9FB62B041EC145AA8FB0351EAFBF4
:100C20006201E7FB64B5E7FB6605E8FB661505EEC8
:100C300010BAA9FB03B6EAFB6316ECFB6356E8FBAC
:100C4000640BE9FB641BEAFB645BECFB646B05EE85
:100C5000900AACFB023012EE104AEEFB6250E9FB48
:100C60006460EAFB64B0E7FB6431E8FB645112EEB8
:100C7000904AE8FB6461E9FB64B1EAFB640106EEBB
:100C8000103AA7FB043213EE104AE7FB6462E8FB5C
:100C900064B2E9FB6402EAFB641211EE904AE9FBDC
:100CA0006453EAFB646313EE904AE7FB64B3E8FB2A
:100CB0006403E9FB6413EAFB642306EE905A17EE23
:100CC000109A99E8000610EE108AA9FB0854EAFB76
:100CD00068B412EE108AECFB6804EEFB6814E9FBC2
:100CE0006824EAFB683410EE908AEEFB6865E9FB45
:100CF00068B5EAFB680512EE908AECFB6815EEFB1E
:100D00006825E9FB6835EAFB684507EE106A11EED5
:100D1000108AAEFB0876E9FB6806EAFB681613EE5C
:100D2000108AECFB6826EEFB6836E9FB6846EAFBB6
:100D3000685611EE908AECFB68B7EEFB6807E9FB9A
:100D40006817EAFB682713EE908AECFB6837EEFB26
:100D50006847E9FB6857EAFB686700BD2DE9F04F7B
:100D600007EE900AFFF744FF17EE908A07EE90BA5D
:100D7000A8EC084A88E8FF00BDE8F08F00B591E8CC
:100D80009857A3FB0352A3FB0401E3FB6420E3FB9E
:100D9000671042EC145AA3FB0752E3FB6802E4FB22
:100DA0006415E3FB6805E3FB6925A4FB07B6E3FBD9
:100DB0006926E3FB6A56E4FB670BE4FB682BE3FB65
:100DC0006A5BE3FB6C6B40EC151AA4FB0810E4FBB8
:100DD0006950E3FB6C60E3FB6EB0E7FB6721E4FB6B
:100DE0006951E4FB6A61E3FB6EB1E4FB6E0106EE60
:100DF000102AA7FB0832E4FB6A62E4FB6CB2E4FB56
:100E00006E02E7FB6E12E7FB6853E7FB6963E4FBE6
:100E10006CB3E7FB6C03E7FB6E13E8FB6E2306EE97
:100E2000905AA7FB0954E7FB6AB4E7FB6C04E8FBA4
:100E30006C14E8FB6E24E9FB6E34E8FB6865E7FBA5
:100E40006AB5E8FB6A05E8FB6C15E9FB6C25E9FB74
:100E50006E35EAFB6E4507EE106AA8FB0976E8FBE3
:100E60006A06E9FB6A16E9FB6C26EAFB6C36EAFBCC
:100E70006E46ECFB6E56E8FB69B7E9FB6907E9FBD8
:100E80006A17EAFB6A27EAFB6C37ECFB6C47ECFB62
:100E90006E57EEFB6E6700BD2DE9F04F07EE900A2E
:100EA000FFF76CFF17EE908A07EE90BAA8EC084A9D
:100EB00088E8FF00BDE8F08F30B44FF0000310F871
:100EC000014B11F8015B013A84EA050443EA04038B
:100ED000F5D1A3F101034FEAD37030BC704700BFD6
:100EE0004FF0000310F8012B013943EA0203F9D156
:100EF000A3F101034FEAD370704700BF30B411F87B
:100F0000014B12F8015B6C4000F8014B013BF6D13C
:100F100030BC70472DE9F00791E8F807B2E80210FD
:100F20005B1854EB0C04B2E802104D4156EB0C0672
:100F3000B2E802104F4158EB0C08B2E8021059EB2E
:100F400001095AEB0C0A8941B3F1FF3374F1FF3404
:100F500075F1FF3576F1000677F1000778F10008AA
:100F600079F101097AF1FF3A51F100015B184C4126
:100F70004D4156F1000657F1000758F1000859EBB2
:100F8000D1795AEB010A80E8F807BDE8F00770470D
:100F90002DE9F00791E8F807B2E802105B1A74EB4C
:100FA0000C04B2E802108D4176EB0C06B2E8021098
:100FB0008F4178EB0C08B2E8021079EB01097AEB6B
:100FC0000C0A89415B184C414D4156F1000657F11E
:100FD000000758F1000859EBD1795AEB010A80E873
:100FE000F807BDE8F007704718EB040859EB05094E
:100FF0005AEB060A5BEB070B5FF0000C4CF1000CA0
:1010000018EB050859EB06095AEB070A5BEB070BCF
:1010100050EB0C005FF0000C51EB0C0152EB0C029A
:1010200063414CF1000CB8EB070879F100097AF143
:10103000000A7BEB040BA841B141A241B3416CF122
:10104000000CBBEB050BB041B941AA41BB416CF1AF
:10105000000C4CF001068CF0020718EB060859EB67
:101060006C095AEB6C0A7BEB6C0B70EB6C0471EB4C
:101070006C0572EB670653EB6C076CEB6C0C18EBB2
:101080000C0059EB0C015AEB0C025BF1000354F11C
:10109000000455F1000556EBDC7657EB0C07704762
:1010A0002DE9F04F07EE900AFFF7A2FD59EC168AE2
:1010B00017EE10AAFFF798FF59EC148A5BEC15AAFB
:1010C000FFF792FF17EE908A88E8FF00BDE8F08FE7
:1010D0002DE9F04F07EE900AFFF750FE59EC168A03
:1010E00017EE10AAFFF780FF59EC148A5BEC15AAE3
:1010F000FFF77AFF17EE908A88E8FF00BDE8F08FCF
:101100007BB972B90029BEBF00204FF0004106E054
:1011100008BF00281CBF6FF000414FF0FF3000F007
:1011200057B8ADF1080C6DE904CE002909DB002B9E
:101130001ADB00F07CF8DDF804E0DDE9022304B0FE
:101140007047404261EB4101002B1BDB00F06FF860
:10115000DDF804E0DDE9022304B0404261EB410127
:10116000524263EB43037047524263EB430300F088
:101170005EF8DDF804E0DDE9022304B0404261EBF3
:1011800041017047524263EB430300F050F8DDF831
:1011900004E0DDE9022304B0524263EB43037047ED
:1011A00053B94AB9002908BF00281CBF4FF0FF31CE
:1011B0004FF0FF3000F00CB8ADF1080C6DE904CE33
:1011C00000F035F8DDF804E0DDE9022304B07047F3
:1011D000704700BF10F8012B11F8013B012A28BF0E
:1011E0009A42F7D0D01A7047034611F8012B03F842
:1011F000012B002AF9D17047034613F8012B002A6E
:10120000FBD1181A01387047430803F05533C01A50
:1012100000F03333800800F0333018444FF00133CE
:1012200000EB101000F00F305843000E70472DE90E
:10123000F0478C468E46089E154604461946002BFC
:1012400040F0D080724547D9B2FA82F74FB1C7F16A
:1012500020030EFA07FCBD40BC4020FA03F343EA2A
:101260000C0C4FEA154EA8B2230CBCFBFEF80EFB8B
:1012700018CC08FB00F943EA0C43994528D9EB1830
:1012800008F1FF3204D2994502D9A8F102022B4499
:10129000A3EB0903A4B2B3FBFEFC0EFB1C330CFB57
:1012A00000F044EA0344A04214D92C190CF1FF3396
:1012B00004D2A04202D9ACF102032C44241A43EA1E
:1012C00002401EB1FC40002334607360BDE8F0872B
:1012D0004246DDE76346F1E7002A79D0B2FA82F3AD
:1012E000002B3FD01946C1F1200302FA01F500FAA4
:1012F00001F42EFA03F20EFA01FE20FA03F3AFB264
:1013000043EA0E034FEA154EB2FBFEFC0EFB1C2017
:101310001A0C0CFB07F842EA004290455AD9AA1869
:101320000CF1FF3004D2904502D9ACF102002A44FE
:10133000A2EB08029BB2B2FBFEFC0EFB1C220CFBD4
:1013400007F743EA02439F4246D9EB180CF1FF32FC
:1013500004D29F4202D9ACF102022B44DB1B42EAC9
:10136000004202E0AEEB020301224FEA154EAFB29B
:10137000200CB3FBFEFC0EFB1C330CFB07F840EA11
:10138000034398452AD9EB180CF1FF3004D2984555
:1013900002D9ACF102002B44A3EB0803A4B2B3FBC7
:1013A000FEFC0EFB1C330CFB07F744EA0344A74288
:1013B00016D92C190CF1FF3304D2A74202D9ACF193
:1013C00002032C44E41B43EA00400F46114678E731
:1013D0001F2188E76046ABE76246BFE76046DBE770
:1013E0006346EFE7734506D916B9002108466DE755
:1013F000C6E9000EF9E7B3FA83F787B9734501D35D
:10140000824207D8841A6EEB030301209C461EB962
:1014100000215BE73846FAE7C6E9004CF8E7C7F178
:10142000200CBB4000FA07F422FA0CF520FA0CF16C
:10143000BA401D432EFA0CF30EFA07FE4FEA154987
:1014400041EA0E011FFA85FEB3FBF9F809FB1830DB
:101450000B0C08FB0EFA43EA00439A4540D9EB18FF
:1014600008F1FF3004D29A4502D9A8F102002B44BA
:10147000A3EB0A0389B2B3FBF9F809FB183308FBA5
:101480000EFE41EA03418E452CD9691808F1FF335D
:1014900004D28E4502D9A8F10203294443EA004050
:1014A000A1EB0E01A0FB02984145CE46434602D374
:1014B00006D14C4504D20138B9EB020E68EB0503A6
:1014C000002EA5D0B4EB0E0261EB030101FA0CFC77
:1014D00022FA07F3F9404CEA0303C6E9003197E723
:1014E0004046C5E74346D9E7F7B5002240F603403A
:1014F000114605F095F80446002840F0948004F069
:1015000093FD214641F2030001AA05F089F8044643
:10151000002840F08880019A444DD16805F12C03E1
:10152000D1F80100D1F8051003C3104603F066FF9F
:10153000214641F2010001AA05F072F80446002894
:1015400071D10198C3685A7885F824205A88EA84B2
:101550001A7985F82520B3F807202A85B3F80530D5
:101560006B8503F04BFF214641F2020001AA05F012
:1015700057F80446002856D1019F05F13406FA6851
:10158000531C4132344618685968083303C49342E7
:101590002646F7D1384603F031FF1CF0BEFE044664
:1015A000002840D195F83E30980636D54FF0FF30F0
:1015B0004FF0FF3104F000FF0646002800F09F8145
:1015C00007210C301BF07BFC6FF00903012703702F
:1015D0001023C0F802408471047122464770C37022
:1015E000314640F6334005F01BF80446D8B94FF0B9
:1015F000FF304FF0FF3104F0DFFE0646002800F018
:101600007E8139460C301BF069FC2246314640F69B
:10161000314005F005F8044628B995F830305906F0
:1016200006D46FF01204204603B0F0BDC0000020C5
:10163000002142F2030001AA04F0F2FF0446002850
:10164000F1D1019BBE4EDA68D2F80100D2F8051044
:1016500003C6184603F0D2FE214642F2020001AA58
:1016600004F0DEFF04460028DDD1019CE368B3F8F6
:10167000012091B249B1D97839B1A5F8B420DA780E
:10168000114606F1200023F066FC204603F0B6FE6A
:10169000002142F23A0001AA04F0C2FF04460028E9
:1016A00040F012810198C368B3F80130A5F8C83042
:1016B00003F0A4FE95F8306016F0200619D14FF023
:1016C000FF304FF0FF3104F077FE0446002800F0B1
:1016D000168102210C301BF0F2FB0123214603701E
:1016E0004670324640F66D4004F09AFF04460028EA
:1016F00099D195F850301B0712D5002142F21C00F9
:1017000001AA04F08DFF044600288CD10198C3681B
:10171000D3F80120D3F80530C5E9262303F06EFE87
:1017200095F890305F0610D5002142F22A0001AAF8
:1017300004F076FF044600287FF475AF0198C36873
:101740005B7885F8CA3003F059FE4FF0FF304FF058
:10175000FF3104F031FE0446002800F0D08008215B
:101760000C301BF0ACFB95F890100246754811F058
:10177000020F754B08BF034695F891008E0648BFCF
:1017800043F0400310F0090F18BF43F4006301F069
:10179000010143EA011000211CF013F92146002247
:1017A00042F2010004F03CFF044600287FF43BAF06
:1017B00095F83030B5F8B410980600F18C80C9B9AE
:1017C00041F2050001AA04F02BFF044600287FF433
:1017D0002AAFB5F8B430019C4BB9E368B3F80120E7
:1017E000A5F8B4209A885948114623F0B4FB204646
:1017F00003F004FE4FF0FF304FF0FF3104F0DCFD4A
:10180000044600287BD008210C301BF058FB95F8CB
:1018100090300246D90747BF47A1D1E900014FF0F8
:1018200000514B481CF0CDF82146002240F6014003
:1018300004F0F6FE044600287FF4F5AE014601AA46
:101840004FF6014004F0ECFE044620BB019803F083
:10185000D5FD21464FF6024001AA04F0E1FE044600
:10186000C8B90198C368B3F80130A5F8753003F022
:10187000C5FD95F875305A070DD521464FF6034042
:1018800001AA04F0CDFE30B90198C3685B7885F8F1
:10189000743003F0B3FDEB7913BB1CF0E4FB04469A
:1018A00000287FF4C0AE07F097FA044600287FF4C2
:1018B000BAAEEB79002B3FF4B6AE082125481BF0F9
:1018C00074FF04F0E1FDAEE6421D7FF4ACAE1F23D1
:1018D000A5F8C830EEE600298CD16FF00404A2E62A
:1018E0002E78002ED9D195F875309B061ED54FF075
:1018F000FF304FF0FF3104F05FFD044610B96FF088
:10190000680490E606210C301BF0D9FAD5F80130B6
:1019100021460360104B32469B8883804FF6064079
:1019200004F07EFE04460028B7D07CE66FF0850404
:1019300079E600BFAFF300809088000200800020AD
:10194000500100200E1207002E120700780100201F
:101950001088000248010020C100002000000000A3
:101960002DE9F04F87B0054617461E460391836860
:1019700004AA5B689847002831DBDDE9044AA7FB2D
:1019800004B307FB0A371AA3D3E900234FF0FF394A
:1019900058463946FFF704FCDFF85C80D94578EB00
:1019A000070302901ED312A3D3E90023A6FB04B4BD
:1019B00006FB0A4458462146FFF7F2FBD94578EB6F
:1019C000040403460ED30299AA6899420DD3BDF8C8
:1019D0004010284600911468DDE90221A04707B0B5
:1019E000BDE8F08F6FF08500F9E76FF01500F6E7BE
:1019F00000CA9A3B00000000FFC99A3B00000000AB
:101A00002DE9F04F2DED028B4FF000088BB03E4DCD
:101A10008DF81C008DF81D108DF81E200DF11C0A8C
:101A20001AF8013B08EE103AD5E900730293AB892E
:101A30000593BB6838465B68029908AA9847002856
:101A400019DBDDE908430393304B039AA4FB03B68B
:101A500003FB02662AA3D3E900234FF0FF39314686
:101A60005846FFF79DFB2A4BD94573EB06060490B9
:101A700006D26FF085000BB0BDEC028BBDE8F08F95
:101A80009FED247AB8EE488AC8EE077A9FED227A55
:101A900067EEA77A67EE877AFCEEE77A4FF47A73FF
:101AA00017EE902A5A431346A2FB0464039A304669
:101AB00003FB024412A3D3E900232146FFF770FB86
:101AC000134AB14572EB04040346D2D30499BA68B1
:101AD000994202D26FF01500CDE705993846009182
:101AE00014680299049AA0470028C4DB08F1010891
:101AF000B8F1030F05F1100592D10020BBE700BF3C
:101B000000CA9A3B00000000248B0300002D310125
:101B1000FFC99A3B00007F4300409C460000000044
:101B20002DE9F04F8FB0C24C00AF23788A46B860E1
:101B30002BB9204617F082FC204617F0BBFD4FF072
:101B4000000BBC4BC7F804A0A3FB0A231B093B6195
:101B5000B74817F0CFFC8146002856D1B64D2B7CF4
:101B6000002B40F0B9804FF47F03D3F80C2CEA46E9
:101B7000013200F08481D3F80C2CAE4B172AA3FB62
:101B800002134FEA131640F2A580FE604FF00008E2
:101B90005646C7F814B0C7F800900622A44807F1CB
:101BA000200117F0E7FC002840F06C81A34BA968E6
:101BB000EC68986807F1200C07F1380EDCF800306B
:101BC0001F22994603E0A0420ED0531C22D04B4660
:101BD000D34013F0010313BF002101311C4601342F
:101BE000884202F1FF32EED19548C5E90214D7F8D8
:101BF00014B04FF00E0916F0E9F8B54617F0B0FC36
:101C00008B4817F05BFD0028A2D148463C37BD4603
:101C1000BDE8F08F0CF1040CE645CFD1874B4FF0B7
:101C2000180CD3E900921346C5E9021462464FF03E
:101C3000000B41469C46286807F1200EC0F58068DD
:101C40004FEA58184FEA8808904528BF90465FEA47
:101C5000980A034627D0C7E9063EAEF104006C6837
:101C600000EB8A0A50F804EF4FEA5E0303F05533A5
:101C7000AEEB03034FEA930E0EF0333E03F0333323
:101C8000734403EB131303F00F3303EB032303EB52
:101C900003431B0EC3F1200382451C44E2D1D7E964
:101CA000063E18466C6000EBC803B3F5806F18461B
:101CB000A2EB080247D0C644002ABFD1FB6801F15D
:101CC000010898452860FFF468AFD7F814B0D7F83A
:101CD0000090B54601232B747B68172B40F29C8043
:101CE0000024BB68C7F8149003EB8B08062241461A
:101CF0004F4817F03FFCC646002840F0C880D5E9A1
:101D000002164E4BA8F1040C98685CF8043F1F22A1
:101D1000994603E0B0420ED0531C20D04B46D3402E
:101D200013F0010313BF002101311E460136814229
:101D300002F1FF32EED142484FF00E09C5E902161A
:101D400016F044F85AE76B684B4580F08C80634589
:101D500040F289800023C5F804B01846ABE708F1CB
:101D600014036345C5E90216CFD1344B4FF0180C6C
:101D7000D3E9009213469FED2C7B624620469C4699
:101D80002968C1F580635B099B00934228BF134615
:101D90005FEA930AFB6126D0AEF104046E6804EB9F
:101DA0008A0AC7F818E054F804EF4FEA5E0303F01C
:101DB0005533AEEB03034FEA930E0EF0333E03F0C0
:101DC0003333734403EB131303F00F3303EB032399
:101DD00003EB03431B0EC3F120031E4454456E6006
:101DE000E1D1D7F818E0FB6901EBC301B1F5806FD1
:101DF0002960A2EB030225D0FB699E44002AC0D1D2
:101E000004463B6901349C420BF1060B08F11808AB
:101E1000FFF46CAFD7F8149017F0A2FB48463C379C
:101E2000BD46BDE8F08F00BF0000000000000000CC
:101E30008C390020ABAAAAAA602100205C080020EF
:101E4000308E03006B684B4505D2634503D985EDA1
:101E5000007B0021D0E7104815F0B8FF4FF00D09C6
:101E600017F07EFBCCE64FF480630B48D7F814B034
:101E70002B604FF00D0915F0A9FFB546BEE64FF4F3
:101E8000047682E6D7F814B08146B546B6E6064633
:101E900017F066FBB146B3E6308E03002DE9F04142
:101EA000002498B003941EF056FF0746254603A869
:101EB0002E4EDFF8C8800BF027FC8DF820403268EA
:101EC000039B1A420DD0736808A80093284BC4F1F5
:101ED0004001002C18BF43462044264A17F042FD1B
:101EE00004440135092D06F10806E8D11FF0DEFB98
:101EF00000200BF01DF868B1002305930793012320
:101F000004A9069319F053FC002803DB069B9B07EA
:101F1000FCD1079B0FB91EF03AFF00F0AFF8D0B923
:101F200000F0DCF8044640F6CD40002104F0FD044A
:101F300023F0EEF9012C10D10F4822F056FE18B113
:101F400000210D4801F094FE002140F6CD4023F021
:101F5000DFF919F04EFB0324E5E740F6CD40002100
:101F600023F0D6F9002001F0B1F800BF1883030078
:101F7000929703008E8F0300246903008C8F030067
:101F800008B5C269910404D509490A481AF0F5FF59
:101F900008E0836B0BB10849F7E7910704D50121ED
:101FA0001BF00BF8002008BDD305FBD50349ECE777
:101FB00084830300D00C0020788303006C8303002B
:101FC00010B5044640220021064824F087F93F223C
:101FD0002146044824F0E8F90123024A02F8013CB2
:101FE00010BD00BF110D002008B5C3699A0405D5C6
:101FF000084909481AF0C1FF002008BD826B012A78
:1020000004D8D90501D50549F3E70AB19B07F3D5F3
:102010000349EEE784830300D00C00206C830300A7
:102020006083030008B5C3699A0405D507490848C9
:102030001AF0A3FF002008BD13F00A0FFAD0836B3B
:102040000BB10449F3E70449F1E700BF84830300BF
:10205000D00C0020788303006083030007B54FF0A5
:10206000FF338DF804004FF0FF3201A902480AF057
:102070003FFD03B05DF804FB2C6F030008B5882218
:102080000021054824F02AF9034B03F1100023F046
:10209000CAFA002008BD00BFD00C0020014601484C
:1020A00023F0C6BAE00C002003681B78022B0AD08C
:1020B000043B012B0ED800224FF40030064B83F86E
:1020C0003E20FFF7EBBF0122034B4FF4803083F833
:1020D0003E20F6E7704700BFD00C0020F7B500F0B7
:1020E00005FA10B17B48FFF76BFF18F02EFF0BF0DD
:1020F000BFFF024600287FD07748FFF761FF0BF053
:10210000DDFF10B17548FFF75BFF0CF077F810B1F9
:102110007348FFF755FF00F05FFD10B17148FFF7FE
:102120004FFF00F051FB10B16F48FFF749FF00F07F
:1021300097FC10B16D48FFF743FF18F02EFE10B169
:102140006B48FFF73DFF00F033FF10B16948FFF720
:1021500037FF0CF081F810B16748FFF731FF674C8B
:102160000420FFF77BFF94F84030002B48D06449EF
:1021700020461AF0F6FE4FF40046002700224FF6E4
:10218000FF71CDE900675F4823F059FA0146E0612D
:102190005C4823F050FA0CF069F8D4E90C23012ACA
:1021A00073F1000318DB23F093F94FF47A72A0FB6C
:1021B000020302FB0131C00B4FF47A72002340EAA4
:1021C0004140C90BFEF79CFFD4E90C239042994192
:1021D00002DB0220FFF762FFE369002BCED013F091
:1021E000380F02D01FF0ADFDA063E3691A0509D5D1
:1021F00040F20112A2870CE0FF21FFF701FC7EE70D
:102200004149B5E713F4806201D00122F2E7DD0411
:10221000F0D4580439D5012138481AF0CEFEE369CC
:102220005A0608D501234FF4C03284F83F303748AE
:10223000002313F011F8E3691B0605D5002333488A
:1022400084F83F3022F079FF2C481AF0BCFEA368D6
:102250000546034392D094F83E30D3B90520FFF7EA
:10226000FDFE002140F6CD4023F052F800F0D2FCF4
:1022700002200BF089FF20BB02200BF033FF002D62
:10228000B4BF0320207A03B0F0BD1904C7D50221E2
:10229000C2E794F83F20002AE0D102236E211046C5
:1022A00000F0DEFC792694F83E30002BD6D0013EBB
:1022B000D4D00BF0DBFF00214FF4004023F028F8CE
:1022C000F1E700214FF4A47023F022F80BF0CEFFC9
:1022D000CEE700BFD58F0300F48F03000F900300FB
:1022E0002C9003004B9003006D9003008D90030031
:1022F000B1900300D690030001910300D00C0020A0
:1023000084830300E00C00206083030000000020B1
:102310002DE9F3410C46154627496A4607461E46F5
:102320001AF091FBB8B1DDF80080B8F1000F12D1BE
:10233000231F042B02D96FF0150009E01F4F22461E
:1023400039463046A847002802DB07F8008040469F
:1023500002B0BDE8F0816A46384619491AF073FBAD
:1023600050B1009B43B9112CE5D1224615493046A6
:10237000A84700EAE070EBE76A46384612491AF0CF
:1023800062FBB0B10098A0B100230A2201A9019319
:1023900017F012FBDDE9002393420AD01B7843B902
:1023A000012806D8082CC6D10849224601EBC001F5
:1023B000DDE76FF00100CBE72F9103009A080020C2
:1023C000899103008808002017910300080200206B
:1023D00002460B46014812F0A1BB00BF980A00203C
:1023E000014812F00DBC00BF980A002038B5044621
:1023F0000D464FF0FF304FF0FF31FFF7E9FF2A465F
:102400000349204623F0D0FFFFF7EAFF002038BD44
:102410009A08002010B5044618F0A4FCE8B14FF06B
:10242000FF314FF0FF30FFF7D3FF2046FEF7E4FE09
:10243000214602460A4801F007FD002804DAFFF7AA
:10244000CFFF6FF0040010BD08222146054823F09D
:10245000ABFFFFF7C5FF0020F5E76FF01500F2E7CF
:10246000239103009A08002013B5044610B90020F8
:1024700002B010BDFEF7C0FE1128F8D16A46204612
:10248000094903F0B1FC0028F1DB2046074923F09D
:1024900044FF0028EBD02046054923F03EFF0038DA
:1024A00018BF0120E4E700BF3D9103004491030001
:1024B0005691030008B5094818F054FC18B90849AA
:1024C0000648FEF791FE0748FFF7CEFF18B9064908
:1024D0000448FEF789FE002008BD00BF9A080020CE
:1024E0006891030088080020449103002DE9F74318
:1024F000DFF8B08098F80030002B44D101F0D6FD11
:10250000061E31DB214801F0D1FC214818F02AFCDD
:1025100018B920491E48FEF767FE1E491C48FEF701
:1025200059FE044668B96D4600900190082168463E
:102530001FF0A6F80746DFF85890BC4201DA042CD9
:1025400016D11548FFF790FF18B914491248FEF745
:102550004BFE01234FF0FF304FF0FF3188F8003081
:10256000FFF736FFFFF73CFF304603B0BDE8F083CE
:102570004846032115F8013B094A17F0F3F90134E5
:1025800009F10209D9E70026EEE700BF71910300C7
:102590009A080020689103008808002044910300F5
:1025A000449B03000A3C002010B50446FFF75CFF83
:1025B000E8B14FF0FF314FF0FF30FFF709FF204641
:1025C000FEF71AFE214602460A4801F03DFC0028AB
:1025D00004DAFFF705FF6FF0040010BD1122214659
:1025E000054823F0E1FEFFF7FBFE0020F5E76FF062
:1025F0001500F2E77D9103008808002038B50446F5
:102600000D464FF0FF304FF0FF31FFF7E1FE0023A2
:1026100009482370FFF728FF40B12A4620460649A3
:1026200023F0C2FEFFF7DCFE002038BD294620461D
:102630000CF048F9F6E700BF8808002002460B4678
:10264000014812F06BBA00BFD0090020014812F017
:10265000D7BA00BFD0090020F0B507460E461D4688
:1026600014468DB02C22002101A823F037FE8DF8EE
:10267000047002968DF82C5024B12246202103A824
:1026800018F09BFB4FF0FF324FF0FF3301A90248D7
:102690000AF02EFA0DB0F0BDF06E0300064B1A786A
:1026A000824208D018700023C0F103001A46194670
:1026B000C0B2FFF7D1BF7047303C002008B54FF0E3
:1026C000FF304FF0FF31FFF7B9FF0B4B1B782BB1F9
:1026D0000A4B1A680A4B1B689A4203D3BDE80840AC
:1026E000FFF7B4BF074B18780BF03AFF0028F5D17D
:1026F0000120FFF7D3FFF1E7313C00209C210020AF
:10270000982100202F3C002070B5154604460E4647
:102710004FF0FF304FF0FF31FFF790FF042D1FD82F
:10272000DFE805F02C1E3A430300012C00D8DEB987
:102730002846002332462146FFF78EFF1D4B1B78AB
:1027400073B11D4B1A681D4B1B689A4208D215F0D5
:10275000FB0F05D14FF400520023194812F07CFD05
:10276000BDE87040FFF772BF6342164803F01203E2
:1027700032461221184418F020FBD9E70E4A13689C
:102780000BB1013B1360012C04D8122300216343D9
:102790000C4AD1540720CCE7074A002013680133C4
:1027A0001360FFF77BFF0520C3E720460BF0CAFF4D
:1027B0000820BEE7313C00209C2100209821002009
:1027C000300000200B3C002070B5002494B0212282
:1027D00021460BA806AE03AD03946C602C7223F067
:1027E0007DFD21461222304623F078FD082128463F
:1027F000FFF7FCFD18B14FF0FF3014B070BD212180
:102800000F4B104A00950BA817F0ACF81121304679
:10281000FFF7F4FE04460028EDD10B480CF04EF90A
:102820009DF818302246002B14BF30460020074B7D
:102830000BA90BF0C5FF003818BF01204042DCE7B0
:10284000949103009C910300EBAD0200180200205C
:1028500038B54FF0FF304FF0FF310F4DFFF7EEFE70
:102860000E4822F06AFC2B7873B10BF067FE044629
:1028700078B9FFF713FF2B7833B123462246214660
:1028800001202C70FFF7E8FE0024FFF7DFFE204652
:1028900038BD4FF0FF34F8E7313C00203000002015
:1028A000F8B504460D46FFF7D3FF064678BB1FF088
:1028B00052FAA04202D81FF04EFA0446154F4FF0CC
:1028C000FF304FF0FF31FFF7B9FE3B78C3B9124B31
:1028D0001D70124B1C60124B1B68A34206D2284687
:1028E0000BF03EFE80B90120FFF7D8FE3A7885F064
:1028F00001032AB90121104639701146FFF7ACFED9
:10290000FFF7A4FE3046F8BD4FF0FF36F8E74FF072
:10291000FF36F7E7313C00202F3C002098210020B3
:102920009C21002008B50A46024923F03DFD012004
:1029300008BD00BFA29103002DE9F34100240A461F
:102940000D462146074600940194E84623F0C6FC54
:10295000082168461EF094FE061E13DD013DB5EB0E
:10296000440F4FEA440006D9032118F80430064A00
:10297000384416F0F7FF0134B442F0D1012002B020
:10298000BDE8F0812046FAE7449B0300002307B529
:102990004FF0FF32009301918DF800004FF0FF33AC
:1029A000694603480AF0A4F803B05DF804FB00BFD1
:1029B000046F030070B505460E460A468CB0002130
:1029C00023F08CFC31462846FFF718FE08B92B7817
:1029D0005BBB012306A907A8069304F027FB069B0F
:1029E0001BB39DF81C3009AC032B27D8DFE803F09C
:1029F0000220222414492046FEF7F6FB9DF81D30E4
:102A0000314604939DF81E30284603939DF81F30ED
:102A10000E4A02939DF82030059401939DF82130D1
:102A200000939DF8223016F09DFF01200CB070BD80
:102A30000749E0E70749DEE70749DCE70A212046C6
:102A4000064A16F08FFFD9E73D910300CB910300B2
:102A5000A9910300B0910300BA910300C49103004F
:102A600010B590B00BF004FB0446002829D10BF000
:102A700025FB10B914480BF081FB00230E93134B78
:102A800001A80193124B0293124B0393124B049330
:102A9000124B0593124B0693124B0893124B07935C
:102AA000124B0993124B0A93124B0B93124B0C933C
:102AB000124B0D93124B0F930CF098F9204610B067
:102AC00010BD4FF0FF34F9E7E7AE02009DAE020003
:102AD0008FAE020039290100252901003FAE020016
:102AE00047AF020081AE020073AE020067AE020083
:102AF00043AE0200B529010059AE02004DAF0200FD
:102B0000BBAE02000121014822F092BDA0210020AD
:102B10002DE9F3414FF0FF364FF0FF370025294CE8
:102B2000DFF8B080D8E8AF3F53B10022CDE90067AD
:102B30000321254822F083FD0646D8E8AF3F3BB984
:102B400000221146104602B0BDE8F041FEF758BF22
:102B50004FF0FF324FF0FF331C4811F0DFFF16F04B
:102B600002071AD00221184822F065FD0025184CF2
:102B7000E378012B1AD0022B1CD04FF0FF364FF018
:102B8000FF37D5B9A27861782078FEF739FF85F054
:102B900001050E4812F034F8C4E7F307E8D5012127
:102BA000094822F048FD3D46064CE1E740F6CD4697
:102BB0000027E6E74FF40046FAE7002211461046E8
:102BC000E3E700BF323C0020A0210020200A0020C3
:102BD000363C0020AC21002010B50BF049FA044629
:102BE00078B90122084BD3E8EF1FC3E8E02F002893
:102BF000F9D1064822F017FD054822F0A2FB204635
:102C000010BD4FF0FF34FAE7AC210020A0210020D6
:102C1000580D0020002008B50D4BD3E8EF2FC3E876
:102C2000E10F0029F9D10B4822F087FA01210A4867
:102C300022F0FEFC00234FF4A472084812F0C0FEFC
:102C4000002211461046FEF7DBFE002008BD00BF43
:102C5000AC21002060000020A0210020580D0020A1
:102C60002DE9F04180460F4616461D460D4C4FF0AB
:102C7000FF324FF0FF330C4811F050FF84F8008012
:102C80006770A670E570084811F0BAFF074822F097
:102C900052FA18B90121064822F0CAFC0020BDE80A
:102CA000F08100BF323C0020200A0020600000209C
:102CB000A021002010B50446492200211F3023F036
:102CC0000DFB1F2220460A4923F06EFB2F220949E3
:102CD00004F1200023F068FB0223012084F8573020
:102CE00040F20113206584F85500A4F8643010BD4B
:102CF000FC9103001592030002460B46014811F0B7
:102D00000DBF00BFE4090020014811F079BF00BFEA
:102D1000E40900204FF0FF304FF0FF3110B5FFF70E
:102D2000EBFF064B1B7833B9054BD3F83042FFF766
:102D3000EBFF204610BD0024F9E700BFA3080020E8
:102D4000E42100201FB50C4B8DF804001B7863B103
:102D500000230293039340F6CD42002301A90748C4
:102D600009F0C6FE05B05DF804FB054BD3F8302230
:102D7000D3F834320292EDE7A3080020186F030065
:102D8000E421002008B50B490B788BB1002301200A
:102D9000094A0B70C2E98C3382F83832074A107046
:102DA000074822F0CAF9BDE808400420FFF7CABF6F
:102DB00008BD00BF3B3C0020E4210020A308002008
:102DC000900000204FF0FF304FF0FF3170B5FFF75B
:102DD00093FF1A4B1B783BB318F0C6F8184DD5E992
:102DE0000064B042A14126DA18F0BEF8B042A14119
:102DF0001EDAD5E9004518F0B7F840F2E733201A9B
:102E000065EB0101C90341EA5041C003C0184FF40A
:102E10007A724FF0000341F10001FEF7C1F902465A
:102E20000B46084812F018FABDE87040FFF76CBF77
:102E300000221346F5E7FFF7A5FFF5E73B3C00202E
:102E4000200E002090000020F8B51D4C1546247877
:102E5000A4B31C4C267886422ED14FF410701A4C25
:102E600000FB0644D4F83072D4F83402BE1886420F
:102E700022D89F4220D1301A43424341204619F0C4
:102E800078FDC8B9D4F830322B44C4F8303218F089
:102E90006BF843F698220D4B801841F10001C3E90D
:102EA00000014FF4F0220023094812F0D5F9032065
:102EB000FFF748FF0120F8BDFFF764FF0020FAE7A5
:102EC0003B3C0020A3080020E4210020200E00202D
:102ED0009000002038B51A4D14462A7803460AB1EE
:102EE000A2422BD143BB1748174AC0E98C3113705B
:102EF0004FF48063A0F838324FF468239942C0F849
:102F00003C3219D8042119F079FDA8B92C7018F0B9
:102F10002BF843F698220D4B801841F10001C3E9CC
:102F200000014FF4F0220023094812F095F9022025
:102F3000FFF708FF012038BDFFF724FF0020FAE764
:102F40003B3C0020E4210020A3080020200E0020AC
:102F50009000002070B5134B0D461B7803B3124B45
:102F60001B7883421AD14FF41072104C02FB0344B9
:102F7000D4F8346296B1D4F830329E420ED820464E
:102F800019F038FD864209D1202D07D101250020F6
:102F900084F83852FFF7D6FE284670BDFFF7F2FEE0
:102FA0000020FAE73B3C0020A3080020E421002099
:102FB00000B50B4B89B001930A4B01A802930A4B51
:102FC00003930A4B04930A4B05930A4B06930A4B4F
:102FD00007930CF031F8002009B05DF804FB00BF46
:102FE000CBAF02009FAF0200F1AF020015B00200AC
:102FF00085AF0200152D010065AF020070B5134EBC
:103000004FF0FF304FF0FF31FFF776FE3378ABB96A
:1030100000250FE0002108461DF095FE044690B9FA
:103020000520FFF78FFE0122094B0A481A70347001
:1030300022F083F8FFF768FE284670BD064B93F830
:103040003852002DE6D1FFF79DFEE1E73B3C002022
:10305000A308002090000020E4210020014B1B6801
:10306000184700BF8002002030B5044685B00D46E9
:1030700010220021684623F031F902238DF8023036
:10308000044B2A4621466846019316F089FD05B097
:1030900030BD00BF5D30010080B505460E461746C5
:1030A000984612F0E9FB034601F052FE0446DFF8B1
:1030B0001890424649F8003039463046A84754F83F
:1030C000090001F0C3FD00BF08000000044608B578
:1030D000EFF31183202383F31288BFF36F8F0AF07D
:1030E00043FF204602F068FA024818F068FA19F027
:1030F00006FEFCE7209203002DE9F047058B04460D
:10310000280717460CD501290CBF45F0100545F0DE
:103110002005258387F31188BFF36F8FBDE8F08703
:10312000022905F0070540F09480204618F0DCFAEB
:10313000052864D801A353F820F000BF1531010021
:1031400053320100FF310100C1310100DB310100C8
:10315000ED31010001F007035A1F012A1FD8002298
:1031600021F00701062BD4F8008089B2C4E90022BF
:1031700009D1434603E0628B013262831B68002B56
:10318000F9D141F002012046218318F0ADFA4FF049
:10319000000900286DD041F02001218369E0042B53
:1031A0000AD121F0070189B22046218318F09CFA48
:1031B00010B141F0200121834FF00008C14658E0D2
:1031C0002369D3F80090238B23F0070343F0060311
:1031D0004FF00008238346464BE02369D3F8049060
:1031E000238B23F0070343F00403F1E72369D3F8AB
:1031F0000890238B23F0070343F00503E8E74FF023
:103200000008C146E7E7012243F00803238387F360
:103210001188BFF36F8F002A3BD1B8F1000F4AD15C
:10322000B9F1000F02D020462C49C847EFF31187AF
:10323000202383F31288BFF36F8F238B23F00803BF
:103240009BB22383D9063FD523F01002228303F0DB
:1032500007056669218B002EBFF67CAF00239946D7
:10326000D4F8008021F00701C4E9003341F00101E6
:103270002183238B03F0070AAA4502D0A268002A03
:10328000C1D1B8F1000F02D1B9F1000FDAD000229C
:10329000BAE7A1680029C0D00D680029BDD0334627
:1032A000524620464F68B8471DB12B6829461D4637
:1032B000F3E72B46FAE74146334652462046D8F814
:1032C000008018F03DFAA8E79A067FF523AF23F0B7
:1032D0002002228303F0070527E700BF6DB7020035
:1032E000034A13680BB9526813600020704700BF8F
:1032F0008402002030B50C460E4985B00291D0F80A
:10330000CC110546CDE9003100F1F0014FF0FF335B
:10331000204610F01DFF50B9012384F86C30D5F819
:10332000C83123B1204605B0BDE83040184705B08C
:1033300030BD00BF91BA02002DE9F04F0123814654
:103340000569466889B005F56D77D7E8EF2F002A43
:1033500003D1C7E8E13F0029F7D10CBF1A4600228C
:1033600040F0B180B368B16A05F5F4781C1F1046CF
:1033700018F0DEFB84426FD8013A00F09E80B2FA6A
:1033800082F24FF00044D44072682046073222F0A7
:103390000302C5F83422B16A18F0CAFBC5F8380236
:1033A000B36A40466343033323F0030302EB430253
:1033B000230103EB4403093323F0030303EBC403AA
:1033C000C5F82C221A440832C5F828227368C5F8BB
:1033D0003042C5F824323D4BC5E9AB63316800F09B
:1033E00029FA0446002835D1D9F810B0D9F804A03C
:1033F000D9F800300BF53279CDE90600059348463F
:10340000DAE90734012B08BF103C21F082FEDAF81C
:1034100024002F4905AB01EBC0214FF40062484660
:103420000093234611F044FE2A490BF52E7021F03B
:103430001AFEDAE9050183685C684CB15B46264AEE
:10344000A047044630B9DAE9050183681B692BB946
:103450006FF05704002129E0013288E701229847E4
:1034600004460028F6D11D4B2846C5F8C8311C4B30
:10347000C5F8CC311B4B0393D5F838320293D5F8FD
:103480003432CDE9008305F50F73B26AD5F8B01375
:1034900000F098F904460028DCD105F1F00010F0A6
:1034A000FDFE0028C5F8B8030ADB0221384618F0F3
:1034B00027FB204609B0BDE8F08F6FF00B04C9E789
:1034C0006FF01504C6E76FF07704F2E7EBBA02007D
:1034D000F0420020D1BA0200C5BA020065350100F1
:1034E00007BC0200E93401002DE9F04190460C468A
:1034F00099B30B788BB3D0F8BC50A5F5DE761435B4
:103500004FF0FF324FF0FF33284611F007FB214602
:10351000304618F0BFFA0746A0B93046104918F0F7
:10352000B9FA064620B92846BDE8F04118F0E6BAD7
:103530001F222146483022F037FF86F86770C6F810
:103540006880F0E7284618F0D9FA43462246394603
:103550003046BDE8F041FFF7CDBEBDE8F08100BFC9
:103560009297030013B5044640B100230122CDE930
:103570000032074BD0E9091210F0BEFD236F1B6823
:1035800023B1606F02B0BDE81040184702B010BD13
:103590009297030013B504460846216901F56D7141
:1035A000D1E8AF1F022910D193B1A0B10121CDE91B
:1035B00000311346D0E9091210F09EFD074B9842E6
:1035C00008BF6FF00B0002B010BD6FF00F00FAE7FC
:1035D0006FF04C00F7E76FF00100F4E72EF8FFFF03
:1035E0002DE9F84389461546066906F56D73D3E85B
:1035F000AF3F022B66D11368EBB11B78DBB1D6F875
:10360000B073002F3FD106F5E8784FF0FF324FF04E
:10361000FF33404611F082FA3046296818F03AFA32
:10362000044660B93046294918F034FA044638B9DE
:10363000404618F063FA6FF01500BDE8F8830127E3
:1036400005F108032367AB6964646367002384F8AA
:103650006C3067B1404618F051FA21463046A36EEF
:103660002A68FFF747FE0020C9F80040E5E71F225F
:10367000296804F1480022F097FE404684F86770FC
:1036800018F03CFAEFE73046104918F003FA044608
:103690000028D0D0002705F108030367AB6980F844
:1036A0006C70436740641F222968483022F07CFE1A
:1036B00022460121304684F8677000F065F8002842
:1036C000D1D0B8E76FF00F00B7E700BF92970300C3
:1036D00010B50C46006900F56D73D3E8AF3F022BBF
:1036E0000FD189B10A4900F52E7021F0F7FC204670
:1036F00020F0B3FF78220021204622F0EFFD0020C9
:1037000010BD6FF00F00FBE76FF00100F8E700BF9E
:10371000302400202DE9F04F05460E469046002744
:10372000D0F8BCA085B0AAF5BA7421463046FDF7A2
:1037300051FDE0B9134BA4F1480B0293DAF81030B5
:103740003246CDE9008329464FF0FF335846AAF5AB
:10375000DE7910F0FDFC88B97823012203FB079382
:1037600083F86C20DAF80C300BB1584698477B1C74
:10377000022B4FF0010704F17804D6D105B0BDE863
:10378000F08F00BF35BC02001FB5144690B18AB15E
:10379000012912D10A4B00F1F0010293D0F8CC318B
:1037A000483201934FF0FF332046009310F0D0FCD5
:1037B00004B010BD6FF01500FAE70020F8E700BF75
:1037C00035BC02002DE9F04387B00E46DDE90E81DD
:1037D0001446DDE910251F4630B329B3DFF850C089
:1037E00000F1F009002D08BF65469EB9CDE90344FC
:1037F00000F5DE742046059621F0A1F903ABCDE972
:1038000000432A463B464146484610F0C3FD07B0F8
:10381000BDE8F083002241460E9248462A4607B092
:10382000BDE8F04310F00ABF6FF01500EFE700BFEE
:1038300015370100F0B5044687B02B4A04AB0E469D
:1038400092E8030083E80300002C49D018460CF0EE
:1038500021FF0546B0B94FF0FF33E16C04F1540786
:10386000A163CDE9010000933846236D04F13802CD
:103870001FF01DF9A06C18F00CFAC4F8BC0020B9B8
:103880006FF00B05284607B0F0BDA06C18F001FAE8
:10389000C4F8C0000028F3D0236CD4F8BC10C4F8DE
:1038A00090300423C4F89430C4F8AC300223E362AF
:1038B0000E4BB4F84820C4F88C10616C236204F1FC
:1038C0008C03C4F8A070A4F89820C4F8B870C4F8A9
:1038D000A810A4F8B020C4F8A400A6612363D1E71F
:1038E0006FF01505CEE700BF806F0300C0830300B3
:1038F00037B504460821C06A18F011FB00234FF6C3
:10390000FF72104DADF804306368ADF800208DF8FB
:103910000620E26819182B401344181A60606846A4
:10392000ADF8021018F053FA6946204618F016FB5D
:103930002046211D18F025FA63682B40A36003B0D0
:1039400030BD00BF0000FFFF2DE9F7430F46814661
:103950000821C06A18F0E3FA80463C68124D241A28
:103960003C6004EA0506B4421CD3A0B210B903B00F
:10397000BDE8F08308236A462146484618F0C8F996
:103980000028F4D16946A0B218F0B5FA38B1BDF8F4
:103990000230BDF804202E4013441E443C60A4EBCA
:1039A0000804E0E70020E2E70000FFFF2DE9F04710
:1039B000044688B000F11407384621F021FAA06AC5
:1039C0008368DB689847E06228B96FF015052846E0
:1039D00008B0BDE8F087A06A8368DB689847036891
:1039E000013B1F2BF1D8E368B3F5803FEDD8A06A07
:1039F000216805AA1DF029FB0028E6D1E568002D05
:103A0000E3D0069BB5FBF3F203FB1255002DDCD18E
:103A1000238A012BD9D9E36A009593F805804FF0EA
:103A2000FF334FF0FF32384611F078F80821E06A92
:103A300018F075FAA9460646238A1FFA85FA5345F7
:103A400044D8238A4B4500F0FF809A450BD100995A
:103A5000082342462046891B18F068F918B96946C0
:103A6000204618F08EF969462046FFF76DFF05469F
:103A7000002840F0EB8000994FEA11494FEA0949CC
:103A80006160C4F80890A3688B420DD808232046D3
:103A900001AA18F03DF9B8B901AB13F8012B904514
:103AA00032D101300828F8D1636869466FF30F03FB
:103AB0002046009318F065F942462046E3680099D5
:103AC00018F034F900283CDA0546BFE0E1682B0421
:103AD000891B13FA81F1424608232046009118F011
:103AE00025F978B16946204618F04BF909F101092A
:103AF00008234246204600991FFA89F918F016F962
:103B000000289ED0013597E7A08801A918F0F3F9A5
:103B1000626810B9911B6160B5E7BDF808A0BDF8F7
:103B20000610E06AC4F80890514418F0F8F94844C7
:103B30008242A060EED1BAF1000FEBD06FF01C050D
:103B400084E05DD04FF6FF79636806EB0308E36815
:103B50001FFA88F29B1B9A42CDF800801CD34FF0CD
:103B600000086168B8F1000F30D06FF30F012046F4
:103B70000091694618F005F92046009918F00EF9F1
:103B80000028A1D1E368A288A3EB46039A425DD145
:103B9000204618F000FA97E708234146204603AA7A
:103BA00018F0B6F800288FD103A91FFA88F018F092
:103BB000A2F930B1BDF80C304B4502D1BDF8103040
:103BC0000BB1B044C3E74FF00108CAE7204618F034
:103BD000E5F800287FF478AF6368214AE168134074
:103BE0000B44A3EB46036360134041462046A360A9
:103BF00018F055FAC4E7E26AA36812681344A36098
:103C0000D4E901318B4208D9424620465B1A18F0AC
:103C10008DF80028FFF658AFEDD16168E36801EB3D
:103C200046029A42AED10E4BA06801EA03029042CE
:103C3000A8D0204618F0B2F800287FF445AF62689B
:103C4000074B1A40A2609DE76FF02C05384610F034
:103C5000D7FF002D7FF4BBAE0123A374B7E600BFEE
:103C60000000FFFF014B036000207047EC8303005E
:103C700070B5C4690D469CB31E4A2379565CB342A5
:103C800031D01D4A525C9A4230D1A368984700282F
:103C900010DA022D0CD0032D0BD110F1860F07D0B6
:103CA000D4E8EF3F43F00203C4E8E23F002AF6E71E
:103CB000267170BD022D267101D00020F9E7D4E8ED
:103CC000EF3F23F00403C4E8E23F002AF7D1D4E831
:103CD000EF3F23F00203C4E8E23F002AEDD0F6E70D
:103CE0006FF05700E5E76FF07700E2E76FF08500CF
:103CF000DFE700BFD99E0300D59E030070B5104BCF
:103D00000D461C68B4B10F4B196800238B4202DBCF
:103D10006FF0010070BD224612F8106B864202D08F
:103D200014460133F2E7E06820F05FFF28B100207D
:103D30002C60EFE76FF00C00ECE76FF01200E9E7A2
:103D4000B0020020EC83030010B5436888B00293F2
:103D500083680C46CDE9033200230A68C068CDE9C8
:103D60000623054901AA05931DF073F9079808B9C0
:103D7000059B236008B010BDDDC602002DE9F743A6
:103D80000D46DDE90A8791461E46044620B96FF0CC
:103D90000D0003B0BDE8F0830029F8D0002AF6D06A
:103DA0008B680846DB6898470368B6FBF3F203FBB1
:103DB0001262002AEBD1B8FBF3F203FB1282002A55
:103DC000E5D1002FE3D0B7FBF3F103FB117100291C
:103DD000DDD117EB080FDAD2C4E90096C4E90587F4
:103DE0002161A160E56003686A4663620C9BC4E9D7
:103DF00007314379CDE900612846074984F8283026
:103E00001DF027F9019A002AC1D0D4E905310B44ED
:103E10009A42BCD30020BCE753C7020010B54FF450
:103E20002814DFF820C086B0CDE904C40824029429
:103E300004AC0194BDF8204000941BF049FF06B08B
:103E400010BD00BF180028002DE9F0410C4B0546BD
:103E50001C680E4617467CB100F018F963682046CE
:103E6000D3F8108032463B462946C047044600F04E
:103E700017F92046BDE8F0816FF00104F9E700BFB3
:103E80005024002000230360044B5A6812B9C3E990
:103E90000000704710605860704700BF5424002035
:103EA000014B1860704700BF50240020002330B53C
:103EB00085B0CDE902330546019000F0E7F8094BE3
:103EC0001C6844B9284600F083F8044600F0E8F87E
:103ED000204605B030BD636820461B6801A998479D
:103EE0002468EEE7542400201FB5CDE901010392B8
:103EF00000F0CCF8074B1C6824B900F0D1F820463C
:103F000004B010BD636820461B6801A99847246867
:103F1000F2E700BF542400200022024BC3E9002234
:103F2000704700BF542400200022024BC3E9002246
:103F3000FFF7F2BF5C2400202DE9F74307460C464B
:103F400009B100230B6000261E4DDFF880904D451F
:103F50000FD31D4B1D6885B355F8188C3846414664
:103F600001AA183D18F06FFD10B3D6B914BB2E4648
:103F70001EE0D5F800803846414601AA18F063FDDE
:103F800050B116B954B92E4606E0002240463168B9
:103F900018F059FD0028F5D11835D8E7019B2360AA
:103FA000F1E700224046316818F04DFD0028DDD1D0
:103FB000AD69D0E7019B2360D9E7304603B0BDE887
:103FC000F08300BF3C6E03005C240020E46E03001D
:103FD0002DE9F04780464FF000470026DFF8A49017
:103FE000DFF8A4A03D46264C4C450DD3DAF800403E
:103FF000002C40D0183CB8F1000F24D1226952BBEC
:10400000A469F5E72F46EDE7B8F1000F03D1226967
:104010004AB91834E8E700224146206818F013FD39
:104020000028F4D1F5E76368BB4206DDAF4202D059
:10403000AB42A8BF2B461D46EBE7EAD19047002EC6
:1040400008BF0646E5E700224146206818F0FBFC61
:104050000028D3D1D4E76368BB4206DDAF4202D06B
:10406000AB42A8BF2B461D46CAE7C9D19047002ED8
:1040700008BF0646C4E7AF42C4D13046BDE8F0876A
:104080003C6E0300E46E03005C2400204FF0FF321E
:104090004FF0FF33014810F041BD00BFAC0A0020D3
:1040A000014810F0ADBD00BFAC0A002038B5094D85
:1040B000FFF7ECFF2B785BB9FFF736FF00F068F8ED
:1040C000044608B901232B70FFF7EAFF204638BDEC
:1040D0000024F9E73C3C00202DE9F04306460F465A
:1040E000048F99B00134A4B200F10808651EADB286
:1040F000B5F5004F47D04A23294605AA404618F097
:1041000042FA04F57F543F34A4B28146214601238C
:1041100040460DF10B0218F036FAB9F1000F0146D6
:1041200010DC002810DC338FAB4209D132466B1E05
:1041300022F8383F4FF400410223404618F0EEF8D1
:104140002C46D3E7002808DC2946404618F0C2F97F
:104150002146404618F0BEF9E5E709F160030DEB92
:1041600003090023094A09F84C3C05A8009703AB52
:10417000CDF80C80ADF8104018F09BFC0028DFD083
:1041800019B0BDE8F0830020FAE700BF21CB0200A0
:104190007FB50123694602200193FFF7AFFD044676
:1041A00060BB022002AA01A918F0BAFA044610B1B5
:1041B00010F10C0F22D10399B1F5803F23D20023D7
:1041C0001846009A9468084484421AD30133082B95
:1041D000F9D10E4D69612B8353682846AB60D368D3
:1041E000EB6318F033FD044640B9094E28466E6073
:1041F000FFF748FE28466E60FFF752FE204604B0E7
:1042000070BD9BB2E5E76FF02004F7E7642400205F
:10421000CC84030008B5054817F0D1F9044817F01D
:10422000CEF9044817F0CBF9002008BD49920300ED
:104230008D920300C0920300014813F0E9BD00BF56
:10424000E884030038B5044618B90F4B0F485B6883
:1042500098476168B1F5683F10D0B1F5680F0DD08F
:104260000B4DA9420AD011F46861206807D00146BD
:10427000084820F066FD00232360656038BD1422E5
:1042800022F02CF8F9E700BFF8070020ED920300B8
:104290002C5F5CA9A429002008B560B34368B3F57E
:1042A000683F0ED0B3F5680F18D0144A934220D05F
:1042B00000684FF0FF324FF0FF3310F02FFC58B181
:1042C00015E001220368D3E8EF1F002903D1C3E8FA
:1042D000E02F0028F7D10AD1002008BD0368084A62
:1042E0001B7803F5807352F82330002BF4D0054877
:1042F000F3E70548F1E76FF4E040EEE72C5F5CA9D7
:1043000000000350E98FFFFFEA8FFFFF08B520B3DD
:104310004368B3F5683F09D0B3F5680F13D0114A6D
:1043200093421DD0006810F06BFC14E0002203687B
:10433000D3E8EF1F012903D1C3E8E02F0028F7D10C
:1043400009D0094808BD00210368084A1B7803F515
:10435000807342F823100020F4E76FF4E040F1E7A7
:104360000348EFE72C5F5CA9E98FFFFF00000350D3
:10437000EA8FFFFF10B5044618B91D4B1D485B6856
:1043800098476368B3F5683F2FD0B3F5680F2CD01A
:10439000194A934219D1236803BB4FF0FF324FF003
:1043A000FF332146154810F0C1FA08B923681BB93C
:1043B0000F4B13485B68984714220021206821F0B6
:1043C0008DFF4FF46863636008E0B3F5680F0DD8A4
:1043D0003A2B03D040F6BA629342DED1206820F037
:1043E0000FFD636843F03A03636010BD054AF3E7CD
:1043F000F8070020ED9203002C5F5CA9A42900209F
:10440000139303003A00003A08B5064940231422EA
:10441000054820F089FCBDE808400449044813F031
:1044200087BF00BFA4240020A4290020F08403003B
:104430000485030008B50348034A0021121A18F046
:104440003EFC08BDD00C0020F03E0020074808B517
:10445000074A0849121A18F034FCBDE8084006481B
:10446000064A0749121A18F02CBC00BF00000020B1
:10447000CF0C002028A10300000000200000002035
:1044800028A10300F0B507460C4687B000292DD0BF
:10449000D1E901231D48096817F091F8D4E90423F4
:1044A000E1681B4817F08BF8E1691A4817F087F8A4
:1044B00026460025F36A29460493EB1C0393B36A4E
:1044C00015480293AB1C0193736A1036009332694E
:1044D0006B1C043517F073F8102DEBD1216E0F48CB
:1044E00017F06DF8A1690E4817F069F8012F05D192
:1044F000EFF305810B48103917F061F82146384673
:1045000007B0BDE8F04010F0AFB800BF4093030023
:1045100070930300A0930300B0930300F49303008F
:10452000049403003394030030BFFFF7FDBF00BFC6
:104530002DE9F04105460B4EDFF83080324606EBA0
:104540000807CC1B2046084921F0A2FEA0194246CC
:104550000021083C21F0C2FEAC6707F10800BDE86D
:10456000F08100BF000000007C6F03000800000025
:1045700010B5204C204817F022F8A36A990137D5CE
:104580001E4817F01CF81E20A36ADA0103D51C4848
:1045900017F015F81F20174CA36ADB0203D5194842
:1045A00017F00DF80220A36A1C0303D5164817F074
:1045B00006F821200F4CA36A590303D5134816F0BF
:1045C000FEFF2220A36A9A0303D5114816F0F7FFD5
:1045D0002320084CA36ADB0303D50E4816F0EFFF37
:1045E0002420A36A6FEA03436FEA1343A36210BD5A
:1045F0001D20C9E700ED00E047940300609403002C
:10460000749403008F940300BA940300D9940300B8
:10461000FF9403001A95030070B5244C0646244805
:104620000D4616F0CCFFA36AD90435D5214816F003
:10463000C6FF1720A36A1A0503D51F4816F0BFFF4F
:1046400018201A4CA36A9B050FD51C4816F0B7FF1B
:10465000A16BA36A180407D5194816F0B0FF1EB164
:10466000A36A23F40043A3621920104CA36A5905DE
:1046700003D5144816F0A3FF1A20A36ADA050DD556
:10468000114816F09CFF1B20084A936A43F47F43AD
:10469000936200232B7070BD1620CBE7A36A9B04A6
:1046A000F2D50A4816F08BFF1C20EDE700ED00E084
:1046B000469503005D9503006F9503008395030005
:1046C0009D950300B3950300CF950300E895030083
:1046D00070B5264C064626480D4616F070FFA36AB4
:1046E000D80640D5234816F06AFF1120A36A19079F
:1046F00003D5214816F063FF12201C4CA36A9A07C9
:104700000FD51E4816F05BFF616BA36A1B0607D529
:104710001B4816F054FF1EB1A36A23F08003A36266
:104720001320124CA36ADE0703D5164816F047FF84
:104730001420A36A9C0603D5134816F040FF1520E9
:104740000A4B9A6AD10658BF9A6A9A6A920642BF81
:104750005A6A22F400525A629A6A42F0FF029A623E
:1047600000232B7070BD1020C0E700BF00ED00E0FB
:10477000189603002F9603006F95030063960300BD
:104780007C96030093960300E89503002DE9F04121
:104790005A4B05465F6800269CB0C7F3080486F3B1
:1047A0001188BFF36F8F02F07F43B3F17F4F06D1C3
:1047B00002F00C03082B13D1514816F000FF00261D
:1047C00035464FF00008E31E8DF80780092B00F2F4
:1047D0008580DFE803F00A797D7583838383838195
:1047E00010074CBF0D460126EBE74648434C16F038
:1047F000E6FE8DF80780E36A9A0704D5424816F072
:10480000DEFE00242AE0E36A002B01DA3F48F6E7E7
:10481000E36A5B00F5D53E4816F0D1FE6369AA69EC
:1048200043F480736361BFF34F8FBFF36F8F32F830
:10483000023C626922F480726261BFF34F8FBFF362
:104840006F8F03F47F42B2F55F4F21D1DBB2022BB1
:104850001ED129682F4816F0B2FE2C689DF807304B
:104860009BB96822294602A821F012FD099B002E5F
:1048700040D0C3F3080222B96FEA53236FEA4323FF
:104880000993204602A9FFF7FDFD1CB0BDE8F081A9
:104890001A4B9A6AD2B22AB101200DF10701FFF733
:1048A00017FF0FE09A6A12F47F4F05D001200DF137
:1048B0000701FFF7B1FE05E09B6AB3F5803FA0D387
:1048C000FFF756FE0446C9E700200DF10701E6E7B1
:1048D00000200DF10701ECE70F4890E70F4B17F4AC
:1048E000F87F0F490F4808BF1946A4F1100216F0CF
:1048F00066FE86E76FF30803C2E700BF00ED00E045
:10490000E19603000D9703002597030047970300E6
:10491000569703007697030093970300B39603001E
:10492000C8960300B8970300064B5A6942F010027C
:104930005A615A6942F480625A615A6922F0080247
:104940005A61704700ED00E0EFF30880EFF3098152
:1049500001B57246FFF71AFF01BD00BF002080F3CA
:104960001488BFF36F8F002080F30A8880F30B88D0
:104970000F4880F308880AF04BFC00200D490860BE
:10498000BFF34F8F00F02CF8202080F311880A48E5
:104990004FF40061401880F30988EFF3148002217E
:1049A000084380F31488BFF36F8F00F0A5F8000070
:1049B000B0A1002094ED00E070880020002318468C
:1049C0000649D1F89020C2F30722934200DB7047DA
:1049D000C1F89830C1F8A0000133F6E700ED00E01F
:1049E00010B572B6002484F31388FFF7E7FF23465F
:1049F0004FF0FF300C4A03F120010133102B42F835
:104A00002100F8D100234FF0FF30074A03F1600185
:104A10000133102B42F82100F8D162B6BFF34F8F5B
:104A2000BFF36F8F10BD00BF00E100E01EF0040F68
:104A30000CBFEFF30880EFF30980816911F8021CC5
:104A40000229FFD001B5724618F03DF901BD00BF43
:104A500040B2002807DB01234109034A00F01F0090
:104A6000834042F82130704700E100E040B2002866
:104A70000CDB01220649430900F01F00824020336D
:104A800041F82320BFF34F8FBFF36F8F704700BFF4
:104A900000E100E0054B420953F82220012300F019
:104AA0001F0003FA00F01040704700BF00E100E073
:104AB00040B2002801F10101ACBF00F16040064B9B
:104AC0004FEA4111C9B2ABBF00F5614000F00F00E1
:104AD00080F800131954704714ED00E0044B054AA8
:104AE00023F07F039360BFF34F8FBFF36F8F704747
:104AF0000002010000ED00E008B5FFF7EFFF104BEA
:104B0000D3F8882022F47002C3F88820D3F88820D4
:104B100042F4A002C3F888204FF04042C3F8342288
:104B2000BFF34F8FBFF36F8F0023E1EE103AFFF713
:104B300081FCFFF78BFC00F0EDF80FF05BFE00BF8F
:104B400000ED00E08189203A41F0020181814FF4BB
:104B50007D41C0F8C4101360009B08495360019B5D
:104B600021F001019360029B9161D3604FF080734B
:104B7000D36100230265C367704700BF993001000D
:104B8000104B9B6883421AD1EFF30580B8B9EFF35D
:104B90001181202282F31288BFF36F8F9A8922F04D
:104BA00002029A81EFF3148323F0040383F3148841
:104BB000BFF36F8F81F31188BFF36F8F70476FF072
:104BC00015007047F83400200E461546002300B546
:104BD000E1EE103AEFF3148323F0040383F3148817
:104BE000BFF36F8FBFF36F8F0B4B826F98600B4BD0
:104BF0001A60836E83F30B882C4686F309880020A5
:104C0000034B98472046002100220023014C2047F7
:104C1000F1CC020099300100F8340020C0290020B6
:104C20001022014B1A61704700ED00E0054B9A69B4
:104C30009B689A421FBF044A536843F080535360F5
:104C4000704700BFF834002000ED00E0084B9B687F
:104C500083420BD1EFF3058343B1064B5A6842F010
:104C600080525A605A6A22F400425A6210F00ABE18
:104C7000F834002000ED00E023498A6882F8C5E09E
:104C80004FF030001044EFF3098C80E8F01F1EF065
:104C9000100F03D102F1840080EC108A202080F3F1
:104CA0001288BFF36F8F194F4FF000668A698A60D0
:104CB0003E60906F164C206092F9C5E0D06F0023E3
:104CC000D36780F311881EF0100F03D00023E1EEAC
:104CD000103A03E002F1840090EC108AEFF31483A1
:104CE00023F0040383F31488BFF36F8F02F13000C5
:104CF00090E8F01F8CF3098802F1000004B517F06A
:104D0000F1FFBDE804407047F834002004ED00E0F6
:104D1000C0290020002320210348C2180133452B5D
:104D200082F80013F9D1704700E100E008B5EFF315
:104D30000583064A103B02EBC30152F83300496871
:104D40008847BDE80840FFF771BF00BF046A030051
:104D50000148006870470000C02900201FB50121EC
:104D6000094B0A4A0A4800F0F7F80023064A039361
:104D7000084B0121019301A8D31A029300F0F6F821
:104D800005B05DF804FB00BF000007200000002014
:104D900014850300D00C00200A7A0B6810B562F36A
:104DA00004031C46CB68520923F01F0343EA420365
:104DB000044A43F00103C2F89800C2F89C40C2F8CC
:104DC000A03010BD00ED00E010B5074BD3F89030D7
:104DD000C3F30723013B984202D8FFF7DDFF10BD64
:104DE0006FF01500FBE700BF00ED00E02DE9F04F8C
:104DF0000F46144606464FF000084B4D85B0B845A7
:104E000080F28E80D6F80490B9F1000F35D0B9F158
:104E10001F0F40F2838019F01F0F7FD1D6F800A03A
:104E20001AF01F0F7AD1504617F09EFF834609EB08
:104E30000A00013817F098FF83456FD11BF1160F58
:104E40006CD05C456ADDC5F898B0D5F89C10C5F803
:104E500098B0D5F8A03021F01F0143F01F0AD6E921
:104E600000321A44994202F1FF391BD1CA4508D1D8
:104E700031465FFA8BF017F080FF08F101080C361D
:104E8000BDE73146C5F898B0D5F89C30E0B263F381
:104E90000402C5F89C2017F070FF10F1160F3DD0EA
:104EA000441CEAE7C5F898B0D5F8A020013B23F0F0
:104EB0001F0302F01F021343CA453146E0B2C5F892
:104EC000A030E8D017F059FF10F1160F26D0C5F822
:104ED00098B0D5F89C209DF808300AF1FF3A62F3AB
:104EE00004038DF80830D5F8A0309DF808205B0841
:104EF00063F347128DF80820D6E90032134400937B
:104F000023F01F035344A3EB0903013023F01F03D5
:104F10006946C0B20393FFF757FFBEE76FF0150471
:104F2000204605B0BDE8F08F00ED00E00522044BFF
:104F3000C3F89420BFF34F8FBFF36F8F704700BF4C
:104F400000ED00E0BFF35F8F0022024BC3F8942016
:104F5000704700BF00ED00E010B5034C2278FFF76A
:104F600045FF207010BD00BF3D3C00202DE9F74FEC
:104F7000294D8A4606464FF00008AB46274FD045DC
:104F80001BDAD6F80490B9F1000F3FD0316808461B
:104F9000019117F0E9FE0199044609EB010001387F
:104FA00017F0E2FE84424FF014021D4B08D002FBC2
:104FB00008F36FF015024BF8032003B0BDE8F08F43
:104FC00014F1160F2C60F8D01978A142F5DD02FB20
:104FD00008B0C7F89840C7F89840D7F89C4000F14F
:104FE0000801007B64F304000871D7F8A0000C7975
:104FF000400860F347140C71D7F89C1021F01F0192
:105000006960D7F8A01021F01F01296108F101089B
:1050100014350C36B3E700BFC429002000ED00E0D2
:105020003D3C0020F0B55349534DD1F890302C68E9
:10503000C3F307239C4287B000F299800020FFF75A
:1050400081FF4E4BC1F8C030844216D14C4D01A8AF
:105050002C70FEF707FE002607464A4CB74213D1D4
:1050600000202B784349D1F89020C2F307229342C5
:1050700077DBFFF75BFF002046E0696801EB00117A
:10508000FFF78AFE0130DFE70199300101EB0613DB
:10509000DA682240B2F1807F52D00AD8B2F5001F00
:1050A00034D0B2F5800F3ED0B2F5801F12D0013659
:1050B000D4E7B2F1006F43D0B2F1805FF7D15A6804
:1050C0009B680958013B22F01F00034423F01F0393
:1050D000012032E05A689B680958013B22F01F000A
:1050E00003440120844623F01F0340EA4C10CDE91D
:1050F00002218DF8100002A928780593FFF764FEBD
:1051000000282ADA6FF0150007B0F0BD5A689B68D6
:105110000958013B22F01F0003444FF0020C01200C
:1051200023F01F03E1E75A689B680958013B22F00E
:105130001F000344022023F01F034FF0000CD4E7AC
:105140005A689B680958013B22F01F0003444FF046
:10515000030C012023F01F03C7E72B7801332B70CA
:10516000A5E7C1F89830C1F8A00001337BE74FF004
:10517000FF30C9E700ED00E020850300AAFF4400EE
:105180003D3C00200000F0FF08B5024814F0CAFBC7
:10519000FEE700BFDB97030008B5024B1B6898478A
:1051A000002008BDD829002008B5054816F007FAE8
:1051B000002383F31188BFF36F8F0423184602DFA7
:1051C000E097030008B50649064821F00701C1F140
:1051D000005202F5E02216F09EF9002008BD00BF43
:1051E000FB060220DC2900204FF0FF324FF0FF3396
:1051F00001480FF093BC00BF1C03002001480FF0D2
:10520000FFBC00BF1C03002038B50546FFF7ECFFCC
:105210002A460821074816F0FCF8044628B925B1AB
:10522000FFF796FD0C22044B1A50FFF7E7FF2046CC
:1052300038BD00BFDC2900200C00000010B504467A
:10524000FFF7D2FF2146034816F044F8BDE81040AE
:10525000FFF7D4BFDC29002070B541690446867A87
:105260000A4D59B1437ADB0706D4302303FB0653BA
:105270009B6A1B689B689847002363613020214626
:1052800000FB0650BDE870401FF049BE4C0B0020EB
:105290003022024B02FB0030704700BF4C0B002055
:1052A0003021827A054B01FB0233DA6A1B7D801ABA
:1052B0001B3323F00303B0FBF3F070474C0B0020CB
:1052C00038B53024827A064B04FB02339B6AD3E95B
:1052D00001240C601568FFF7E3FF04FB005038BDA4
:1052E0004C0B00202DE9F04385B0054668469046FA
:1052F0001C46039120F0EEF8DDE90067EFF3118919
:10530000202383F31288BFF36F8F6B8A002B41D069
:105310002A8A9A4225D90022002328460FF0C0FC91
:105320000446F0B189F31188BFF36F8F039B002B04
:1053300041D032463B46684620F0F1F83021A27A4F
:105340002C4B204601FB02339B6A03A91B681E6895
:10535000DDE90023B047606170BB2046FFF77CFFAA
:1053600024E0698A4B1E6B8289F31188BFF36F8F2B
:105370002B7D2A8AEC6A1B3323F00303521A02FBAB
:1053800003441C4B1C4AEB1A1B115343A3722B7D85
:10539000E372CBE789F31188BFF36F8F2346424650
:1053A00028460FF07DFC04460028BFD1002420468B
:1053B00005B0BDE8F0836361012300262381039BD0
:1053C0003146E27A6660638204F1180020F086FFBD
:1053D0006369268205F11806E360304617F0EFFC9A
:1053E000EA8B2B8AD6E8AF1F5B1A9342B8BF1346ED
:1053F000EB83DCE74C0B0020ABAAAAAA2DE9F04115
:10540000044600253027104E0CB9BDE8F08104F1A8
:105410000800D4F8048017F0D2FCC0B20128F4D1FF
:10542000A17AE560794301F11800304465603144A8
:1054300017F0CEFC4B6A204613B198474446E3E789
:10544000FFF70AFFFAE700BF4C0B0020052370B5F9
:10545000144D154E2C780134B4FBF3F303EB8303A6
:10546000E41A1CF0CDFB114A137823B156F824300E
:10547000C01A072814D94FF05023D3F8141141B1A2
:105480000021C3F81411D3F814312C700CB9012386
:1054900013702C781CF0B4FB46F82400012070BD7A
:1054A0000020FCE73F3C0020E82900203E3C002093
:1054B000054B03EB8000D0F8003223F0E04343F0CB
:1054C0004053C0F80032704700258450012208B5CF
:1054D0000B4B0C49C3F8002502230020C1F8D0363D
:1054E000FFF7E6FF1046FFF7E3FFC1F80427C1F816
:1054F0000429C1F8002BBDE8084000F03BB800BF0C
:10550000001000500040005007B500220D4B0E491E
:10551000C3F8A821C3F8AC204FF48062C3F8B825C3
:105520004FF400620948C3F83C250DF107021CF056
:1055300062FD002803DB9DF8070009F077FF03B048
:105540005DF804FB00A002502CA0025028A10250DC
:1055500048B1054B054A1B68B3FBF2F35843044BB3
:1055600043F0010318477047AC07002040420F008A
:10557000007003000149024816F006B9588503007F
:10558000FC2900201FB578B1002301930393012368
:1055900069460848029316F00AF9029B9B0700D15E
:1055A000039B05B05DF804FB024805B05DF804EB11
:1055B00016F048B9FC290020BFF34F8F0549064B70
:1055C000CA6802F4E0621343CB60BFF34F8F00BFA1
:1055D000FDE700BF00ED00E00400FA0508B5002279
:1055E0004FF4FE214FF0005009F006FF0122034B5B
:1055F000C3F80025BFF34F8F20BFFDE700400050E8
:1056000008B54FF0FF33044A13603F231046536040
:1056100009F0F8FE002008BD182A0020084B0246B9
:10562000596811B11968884207D0D86830B19968B3
:1056300004488A4218BF002070471846704700BFD0
:10564000202A0020282A002002460B4601480FF09D
:1056500065BA00BF340A002001480FF0D1BA00BF7C
:10566000340A002038B504460D464FF0FF304FF0A5
:10567000FF31FFF7E9FF2046FFF7D0FF08B143688D
:105680007BB90B4B5A6812B1DA686AB9012243F848
:105690003240002403EBC2035D60FFF7DDFF2046CC
:1056A00038BD6FF07704F8E76FF01B04F5E700BF33
:1056B000202A002038B131B18B6918440278024B9E
:1056C000002A08BF18467047E997030001200149E6
:1056D000FFF7C8BF648503002DE9F74F0446D4F8EF
:1056E000FC300846002B64D1130765D404F1FC019B
:1056F000C0B2FEF703FB002804DA6FF0120003B01B
:10570000BDE8F08FD4F8FC000028F6D016F0DDFFDD
:105710000028F2D0D4F814A0D4F81890BAF1000FF1
:10572000E56908BF4FF0100AB9F1000F08BF4FF04C
:10573000100965B9D4F8FC00CDE9000516F0C5FFE5
:105740006A4620491BF085FC019D002D37D0666A12
:10575000802D38BF8025002E03D004DC4FF0FF36AB
:1057600001E04FF40076D4F82880D4F8FC00E76A12
:105770008368B8F1000F08BF4FF04008002FB3FB5B
:10578000F5FB08BF202716F0A0FFD4F8FC3000205E
:1057900023600D4BC4E905A963600C4BC4E90A877B
:1057A000A3600B4BC4E9075BE3600A4B66622361AD
:1057B000A5E76FF00F00A2E76FF085009FE76FF09D
:1057C00015009CE75BD00200B7D002009BD002001E
:1057D00087D0020057D0020010B5036804465A6D06
:1057E0001AB1196E04481FF061FA216803481FF0CE
:1057F000A8FA0023236010BD940900202C09002082
:10580000002807DA5430522802D8034B1856704744
:105810006FF00400704700BF369F0300002805DAD0
:105820005A30582804D8044B185670470020704747
:105830006FF00400704700BFDD9E03002DE9F743C1
:10584000436804461E698846154601460022002327
:1058500023480FF06BF8014600283ED127686422E8
:10586000384620F03BFDD6F8E41000220023896A78
:105870001C480FF039F8386660B3B94649F8540F40
:1058800061684046FFF716FF8046304617F021FC5E
:105890002901AB0103F4006301F48071194305F0A1
:1058A00003030B4342463946CDF8009006F17C00D5
:1058B0001EF08DF9054606F5807017F012FC002DDC
:1058C00002DA2046FFF788FF284603B0BDE8F04320
:1058D000FFF796BF6FF00B05F3E703B0BDE8F08369
:1058E0002C0900209409002070B5436804461E6905
:1058F0000D4600220146002314480FF017F8014618
:1059000008BB3422206820F0E9FC61682846FFF7D4
:10591000D1FE0546304617F0DCFB2A46216806F129
:105920007C000DF0E3F9054606F5807017F0D9FB11
:10593000002D03DA216805481FF003FA2846BDE868
:105940007040FFF75DBF6FF00B0070BD480900208D
:1059500070B5044643681E69304617F0BAFB2168EB
:1059600006F17C001EF0D5F9054606F5807017F0AB
:10597000B8FB216803481FF0E4F92846BDE87040F1
:10598000FFF73EBF48090020F8B5154B0446002933
:1059900014BF0D461D4600231646C5F8FC3005F51C
:1059A000807738461FF02CFA284617F092FB2146E4
:1059B00032462846FFF790FE044648B9294605F1CD
:1059C0007C000CF027FE041E02DAFFF719FF0446E4
:1059D00000233846C5F8FC3017F083FB2046F8BD9D
:1059E000C00300202DE9F341054616461F46234C0F
:1059F000D4E8AF3FDA072AD520B96FF0010002B032
:105A0000BDE8F08101A917F042F80228024620D132
:105A100028461B4920F071FC0028EED1D4E8AF3FA6
:105A2000C3F3C0081B0712D4A4F188050722294636
:105A30003846B047062887BF0723B0FBF3F044F889
:105A4000888C85F8078094BFC5F80380E871002032
:105A5000D5E70428D1D128460A4920F04EFC054656
:105A60000028CAD104F1800120223846B04700281E
:105A7000A4BF241884F88050E9E700BF4801002043
:105A8000B7910300EB9703002DE9F04389B0DDF8EF
:105A900040909D795E791F7993F803C093F802E0F6
:105AA00093F801800C461B78B9F1000F15D0CDE9B1
:105AB0000639CDE904E81346CDE9027CCDE900566C
:105AC0000D4A13F04FFF002813DBA0422CBF6FF0EC
:105AD0001500002009B0BDE8F083CDE90583CDE9CC
:105AE00003CE1346CDE90167044A009513F03AFF4F
:105AF000E9E76FF01500EDE7F09703001498030055
:105B000070B504461E4615468CB0AAB129B10A46A6
:105B100002A8042115F077FD02A900912B46224628
:105B2000242103A8FFF7B0FF70B93146109A03A8EB
:105B3000FEF78AF90CB070BD03462421044A03A87D
:105B400013F010FF2328F0D96FF01500F2E700BF23
:105B50003598030007B5064B0648DA79C2EBC20256
:105B6000009200221146FFF7CBFF03B05DF804FB63
:105B7000C0000020B791030030B5044615468DB033
:105B80009AB129B10A4602A8042115F03CFD02A9E8
:105B900000912B462246242103A8FFF775FF60B928
:105BA00003A816F04CFF0DB030BD03462421044A73
:105BB00003A813F0D7FE2328F2D96FF01500F2E7FF
:105BC0003598030007B5009313460A46014603487B
:105BD000FFF796FF03B05DF804FB00BF659A030072
:105BE0000A4601460148FFF7C7BF00BF659A030098
:105BF00007B5009313460A4601460348FFF780FFA6
:105C000003B05DF804FB00BF5F9A03000A4601463B
:105C10000148FFF7B1BF00BF5F9A030007B50093CB
:105C200013460A4601460348FFF76AFF03B05DF8D2
:105C300004FB00BF509A03000A4601460148FFF7E3
:105C40009BBF00BF509A030007B500220346009196
:105C500003481146FFF754FF03B05DF804FB00BF93
:105C6000579A030007B500220346009103481146E6
:105C7000FFF746FF03B05DF804FB00BFEB9703009E
:105C800008B502480FF00EFA002008BDD404002029
:105C9000F8B51A4CD4E8AF3F13F0010F264620D0D8
:105CA00094F88070A4F188053FB92022144905F5C5
:105CB000847020F079FB85F82871EB799BB1D4E8EA
:105CC000AF3F5A0701D400F0DFFBD6E8EF3F23F4E3
:105CD0000062C6E8E12F0029F7D11B0501D5FFF7C7
:105CE000CFFF002009E001F037FA30B9EB79002B43
:105CF000E5D101F041FA0028E1D0F8BD48010020CB
:105D00003B98030007B5009313460A460146034833
:105D1000FFF7F6FE03B05DF804FB00BF6B9A0300CB
:105D20000A4601460148FFF727BF00BF6B9A0300F0
:105D300010B50024094B86B009480393CDE904440B
:105D40001FF0E7F903AB00934FF4E1620A23054922
:105D500003480FF0ADF9204606B010BD459803008A
:105D6000E8110020B04B0020014601480FF016BAA0
:105D7000E8110020014601481FF0A0B9E8110020F9
:105D800030B50378012B11D0022B21D06BB90A4614
:105D9000144B03F1100453F8045BA34242F8045B74
:105DA000F9D143881A0A8A70CB7030BD0A460D4B70
:105DB00003F1100453F8045BA34242F8045BF9D1E9
:105DC00043681A0C180E4A700870C3F30722EAE7FA
:105DD00000F11003013913F80129984201F8012F4D
:105DE000F9D1E2E7A39F030070B50C46511C15469C
:105DF00017F009FC064688BB20461A49FBF7EAF96A
:105E000020B120461849FBF7E5F918B900232B709B
:105E1000304670BD20461549FBF7DCF920B120461D
:105E20001349FBF7D7F908B90123F0E720461149D8
:105E3000FBF7D0F920B120460F49FBF7CBF908B9A1
:105E40000223E4E720460D49FBF7C4F920B12046C0
:105E50000B49FBF7BFF908B90323D8E76FF0150624
:105E6000D6E700BF3D9103004E980300A9910300BF
:105E700057980300B091030060980300BA910300A3
:105E80006C98030038B505461FF0A2F9044608B91E
:105E90000FF018FC054BD3E8AF3F0BB128469847ED
:105EA0001CB9BDE838400FF021BC38BDD02A002015
:105EB000022838B504460CBF0848094816F095FF7B
:105EC000054648B1013CE4B21F2C96BF054B0021AA
:105ED000195D0C3017F002F8284638BD0C0C002074
:105EE0004C0B0020B39F03000F2810B50CD80D28D1
:105EF0000CD90A4816F079FF044618B104210C3079
:105F000016F0ECFF204610BD1328F2D009B104486A
:105F1000F0E70220BDE81040FFF7CABF9C0C00204C
:105F2000DC0B0020F8B506460F4602F0C1FD044622
:105F300090B93946304606F0FDFA0546F0B93946C3
:105F4000304605F0DDF9164B1B6823B153F80C49B8
:105F500004B10C3CB3B9F8BD83781321012B4FF089
:105F6000000312BF1D46D0F8A050C0F8A03018F0B2
:105F7000A6FA204602F07EF9002DDAD028461AF063
:105F80003AFEDCE79B6813B13946304698472CB19E
:105F9000E26802B10C3A23461446DBE72246FAE7F0
:105FA000602C002038B5C5682B78B3B9B5F801402E
:105FB0000F21204602F04EFAE978054670B90C4AE6
:105FC000138813B1538843B901236FEA04506FEA71
:105FD000105022F81300074AD15438BD0173012133
:105FE00002F094F92846BDE8384002F043B900BFFA
:105FF0007C3B0020403C002010B5002486B003AB61
:1060000000934FF42C724FF0FF3305490548CDE95A
:10601000034405940FF04CF8204606B010BD00BFB5
:10602000B8520020D012002008B5064B184617F0D1
:10603000B2FB00F00B00D3E8EF2FC3E8E10F00291B
:10604000F9D108BD4801002010B5012104460C30EB
:1060500016F06FFF2146BDE810400023014A00788A
:1060600017F042BCC086030010B5012104460C3075
:1060700016F05FFF2146BDE810400A23014A007870
:1060800017F032BC7086030070B5314816F0C6FEBA
:10609000044600285AD000F10C05284616F051FF9E
:1060A000022805D004282FD02046FFF7A7F921E0C9
:1060B000238A032BF8D90421284616F03AFFFF2241
:1060C000438806882276228AC6F30B009A426083B0
:1060D000EAD10F2102F0BEF905460028E4D002F013
:1060E000E3F921462076320B284618F072F928464B
:1060F00002F0C0F8174BD3F8EC303BB3BDE870406A
:10610000154916481EF0DABF2846022116F011FF85
:10611000054600783E2812D017F02BFB10F002063F
:106120000DD140F69A430E4A0E490F4815F054FA25
:1061300086F31188BFF36F8F0323184602DF06230F
:1061400021460A4A287817F0CFFBADE770BD00BFA3
:10615000AC010020C0000020F4040020B81300208F
:10616000A3980300D7980300059903004086030015
:1061700010B5012104460C3016F0DBFE2146BDE8C7
:1061800010400223014A007817F0AEBB30860300AE
:106190002DE9F0470C460FF095FAE5682B78022BB5
:1061A00067D0042B05D02046FFF728F96FF01504BF
:1061B00008E0B4F81080B8F1020F08D82046FFF7C5
:1061C0001DF900240FF092FA2046BDE8F0876878A8
:1061D0003E2809D1B8F1030FF0D0EB78012B01D0A4
:1061E0000A2B46D1032704E017F0C3FA0746F80745
:1061F0003FD504F10C0601213046D4F814A016F066
:1062000090FE0221304616F094FE814600783E282A
:1062100007D1E3681B78012B01D00A2B06D1032696
:1062200014E017F0A6FAC10706460FD441F268132E
:10623000164A1749174815F0CFF9002383F3118840
:10624000BFF36F8F0323184602DF0226124A06238C
:10625000214699F8000017F047FBB20712D5636991
:10626000A5EB0A0513FA85F5E560A4F81080BB07D5
:10627000A7D52146094816F0BCFD094909481EF07A
:106280001DFF9EE72046FFF7B9F8F0E7A39803004B
:10629000229903000599030000860300AC01002049
:1062A000F4040020B81300202DE9F0478846164674
:1062B0008246002868D00023DFF8D490D9E8EF4F59
:1062C000C9E8E23F002AF9D1002C5DD02046FEF754
:1062D000E7FF0C232D4D274603FB00504388534511
:1062E0000DD0D9E8EF3FC9E8E27F002AF9D1002BB1
:1062F0004AD01F463846BDE8F047FFF77FB8A642B0
:1063000008D0204616F06CFD328AF16804F10C00CA
:1063100016F0DBFD2046FEF7C3FF0C2606FB0050FF
:106320004368ABB1B8F1000F12D12046FEF7B8FFB9
:10633000012106FB00504268536803F01F008140B2
:1063400010685B0900EB8300137ACBB117F02DFACC
:106350002046FEF7A5FF0C2606FB00508368002BA5
:10636000C8D02046FEF79CFF704305F80080204609
:10637000FEF796FF06FB0055A8680EF0C7FCB9E7CC
:10638000C94317F0C8FAE3E7BDE8F087D42A002034
:10639000A801002010B5C1E900239DF808300C4683
:1063A0000B72FEF77DFF0C22024B02FB00335C6098
:1063B00010BD00BFD42A0020F8B502460B46104895
:1063C00016F013FD0446C0B104210C3016F06CFD2C
:1063D0002046FEF765FF0C2700260A4D07FB0050FC
:1063E00046802046FEF75CFF07FB00508660204693
:1063F000FEF756FF07FB00556E602046F8BD00BF54
:106400006C0C0020D42A00200138C0B202289ABFA8
:10641000014B185C00207047FD9F030037B50C4608
:106420008DF8070000F0FF05A0B929B1072220462A
:106430000A491FF062FF40B9002009490DF1070227
:1064400005F0BEFF002003B030BD21462846FFF70F
:1064500069FDF7E76FF01500F5E700BF909F0300B7
:10646000C1D7020029289ABF014B185C0920704748
:10647000D39F0300034B0146D3F80401826892685E
:10648000104700BFC00000200421014817F08DB95B
:106490004801002038B50546FAF7AEFE202804462C
:1064A00015D829460B48FAF795FE70B122462946C1
:1064B00008481FF0EDFE002207482146031900F5A9
:1064C000847083F80821FFF7CDFB002038BD6FF002
:1064D0000B00FBE7C8010020C00000200048704707
:1064E000C8010020014902481EF0E8BDE404002074
:1064F000D012002070B505460C4639B1CB684A6908
:106500009B1A032B0ED86FF0150509E04FF0FF30F2
:106510004FF0FF31FFF750FF044618B96FF06805E0
:10652000284670BD2046FEF7BBFE0C22134BA61872
:1065300002FB0033032130465D8016F0E1FC05804C
:10654000238A0121033B8370304616F0E1FC40F6BC
:1065500035439D4209D12046FFF78CFF05460028B0
:10656000DED02046FEF74AFFDAE7214604481EF057
:10657000CBFC0025FFF7B6FFD2E700BFD42A0020EE
:10658000B4010020F8B50446458B077E807AFEF7FB
:106590007FFE6169064649B1637ADA0704D4836AEB
:1065A00020461B689B68984700236361214630465C
:1065B0001EF0B5FC194B93F83E309B062CD538469F
:1065C00002F0FCFB40B3437B073B012B03D9BDE842
:1065D000F84001F04FBE01F04DFE4FF0FF304FF09C
:1065E000FF31FFF7E9FE0446B0B100F10C070121CD
:1065F000384616F064FC012604210670384616F071
:106600005EFC002305808670C3702146BDE8F8401B
:1066100040F63540FFF76EBFF8BD00BFC000002058
:106620002DE9F043064617460C4685B069B94FF090
:10663000FF304FF0FF31FFF7BFFE044658B96FF04F
:106640006805284605B0BDE8F083887AFEF720FE8D
:10665000304B834258D10122002168461EF07BFC5A
:106660002046FEF71DFE0C23DFF8BC9003FB0090D4
:10667000C0F808D0204616F0E7FB01463046FFF789
:1066800039FF054618B12046FEF7B8FED9E74FF4AA
:10669000A022002368460EF06DFB804690B14FF4B7
:1066A000F1731D4A1D491E4814F096FF42463146BB
:1066B0001C4814F091FF85F31188BFF36F8F0323FB
:1066C000184602DF2046FEF7EBFD0C23584319F86D
:1066D0000060AEB12046093EFEF790FE092E0CD8B0
:1066E000DFE806F0050B0B08150B0B0B0B126FF018
:1066F0006E05A6E76FF00C05A3E76FF00405A0E7B1
:10670000002FC0D03C609CE76FF0150599E76FF053
:106710000B0596E76C0C0020A39803005E9903001C
:10672000059903008A990300D42A0020F7B5144B79
:10673000054693F94F300C46002B1DDA14B920465C
:1067400003B0F0BD082C4FF0000142F2180001AA7E
:10675000264628BF0826FFF763FF0028F0D1019FD7
:106760003246F968284601311FF092FD3846FEF79F
:1067700045FE3544A41BE1E76FF08500E0E700BF6C
:10678000C0000020022138B52B4817F00EF810EA9F
:1067900001044DD16FF00401274817F0BCF801F057
:1067A000D5F801F0C7FB01F045FE244B22462146F7
:1067B00040F603401C60FFF733FF044688B9204DC4
:1067C000FFF732FCD5F8040183685B685BB96FF0B2
:1067D0000201194817F09FF8042116F0E6FF6FF048
:1067E0008504204638BD984710F1580F0446EED076
:1067F00028B1042105F1880016F0D7FFF1E7114810
:10680000FEF724FA2146402205F134001FF066FD10
:10681000EC7185F8CB4005F035FD05F11C000A4907
:1068200016F0BCFF6FF001016C3017F074F8D8E778
:106830006FF07704D5E700BF480100207C3B0020C3
:10684000C0000020B8130020909F030038B5054613
:10685000104816F0A0FF430716D54FF0FF304FF059
:10686000FF31FFF7A9FD044688B107210C3016F06F
:1068700026FB294616F092FF00222146BDE838404B
:1068800042F21100FFF7CCBE6FF00A0038BD6FF086
:106890006800FBE74801002008B5084816F07BFFB8
:1068A000430707D5BDE80840002242F21000114618
:1068B000FFF7B6BE6FF00A0008BD00BF4801002018
:1068C00010B5FAF711FE034B1B6813B1BDE8104079
:1068D000184710BDAC2B002073B5274D0646D5F8E0
:1068E00004011EF082F900283FD06FF0020105F18B
:1068F000880017F010F8012116F057FFC30737D4AE
:1069000016F022FE044668BB1C4B1E60012205F1F6
:10691000D80011461EF01FFB05F1F4001EF0ECFA42
:1069200017481EF0F6FB6FF0070340F6C412154936
:10693000134800940EF0BCFB134911481EF051FCA3
:10694000D5F80401114983681B689847044648B983
:1069500026B902B0BDE87040FAF7C6BD05F178006F
:106960000EF0A0FB204602B070BD6FF01204F9E7F4
:106970006FF07704F6E700BFC0000020AC2B0020CA
:10698000B813002068550020CF99030091610100E1
:106990002DE9F041634AB0F80180118848F4704352
:1069A0009942054686B030D0518899422FD10123B3
:1069B000002122F813105C4AD65C00F0E7F9EB786E
:1069C0002C1D012B08BF594B204614BF002793F8FC
:1069D000237016F045FE2146D8B104A816F035FE06
:1069E000D5F81130CDF80930B5F81530ADF80D30C7
:1069F00001238DF80830EB78012B16D01321404687
:106A000017F0A4F806B0BDE8F0810023D0E7002617
:106A1000D3E7384617F098FA014604A816F0BEFEF0
:106A2000214602A816F0BAFEE5E7404F062297F885
:106A3000230004A902F064F8044640B905223C4949
:106A400097F8230002F05CF804460028D6D02046D0
:106A500040F2E242B5F8013004A920F8703B16F08C
:106A60009DFEB5F8173053430022C4F88830B5F8BE
:106A70001930A4F89030B5F81B30A4F89230EB78B8
:106A800022732C4A012BC4F8A42002F14702C4F857
:106A9000A8204FF4A472E370A4F8AC200CD102A992
:106AA00004F1770016F07AFED5F80B30C4F87F3089
:106AB000B5F80F30A4F883304FF0FF304FF0FF31BE
:106AC000FFF77AFC0546D8B102210C3016F0F7F931
:106AD00023882946038001AA42F23000FFF7A0FD77
:106AE00070B9019AD168C878FFF78EFC84F8A400C9
:106AF0000879FFF789FC84F8A5001046FEF77EFCB4
:106B00000721204601F002FC26B101212046267310
:106B100001F0FCFB204601F0F9FC204601F0AAFB45
:106B200070E700BF7C3B0020403C0020C0000020FC
:106B3000899F030001011B0000B5C16889B00B7873
:106B40004BBB8DF80030B1F8013001A8ADF8013031
:106B5000CB7804318DF80330B1F80730ADF8173039
:106B6000B1F80930ADF81930B1F80B30ADF81B3081
:106B70004B7B8DF81D3016F011FE084B68461A68E5
:106B80009B88CDF80B20ADF80F30CDF81120ADF873
:106B90001530FFF7FDFE09B05DF804FB9D9F030073
:106BA00038B5032104460C3016F0C3F940F63542DF
:106BB0000346B0F8010090420DD01D78E3682246EC
:106BC0001978FFF771FB35B103480EF09FF8BDE867
:106BD0003840FFF787BC38BD9801002038B50EF06B
:106BE00071FD284DD5F8F430002B48D00022002349
:106BF00005F1D8000EF0BEF8002840D10022002395
:106C000005F1F4000EF04CF8044668B940F6AA43CA
:106C10001D4A1E491E4814F0DFFC84F31188BFF39F
:106C20006F8F0323184602DFD5F8E80020B1FEF786
:106C3000E5FB0023C5F8E830204616F005F9C5F855
:106C4000E8002046FFF716FC98B112480EF05EF8F7
:106C50002046FEF725FB0C220F4B1F2102FB0030C4
:106C600022464088FFF720FB2046FEF7C7FBFFF7D0
:106C700039FCFFF737FCBDE838400EF037BD01F0B6
:106C800055FCF8E7C0000020A39803003B990300DF
:106C90000599030098010020D42A002038B504216A
:106CA00004460C3016F045F94578017822464088B4
:106CB000FFF7FAFA35B104480EF028F8BDE838407D
:106CC000FFF710BC38BD00BF98010020F8B506469C
:106CD0000024094DEF79E3B29F4202D86FF0010022
:106CE00007E02946304617F05CF80735631C08B109
:106CF0002046F8BD1C46EEE7C000002037B504462C
:106D00000D46B9B12846164917F04BF890B92946F7
:106D10001448C4EBC404204417F03CF8124817F0A0
:106D200036F8430703D5FEF7ABFF16F00FFC002043
:106D300003B030BD684616F058FC0028F8D168460C
:106D4000FFF7C4FF0028F5DA064BC4EBC400694620
:106D5000184417F01FF8002DE0D001462846DBE765
:106D6000909F0300C000002048010020064BD3E89C
:106D7000EFCF4CF4806CC3E8E2CF002AF7D1037A5E
:106D800019430172704700BF48010020084BD3E847
:106D9000EF2F22F48061C3E8E01F0028F7D15305EC
:106DA00004D500220220034905F02CBB704700BF28
:106DB0004801002047E002001FB500230190CDE903
:106DC000023302208DF80C1001AA034905F01AFBCA
:106DD000029805B05DF804FBCFDE0200F7B504466B
:106DE00070B1474D95F8CA2095F8CB300AB19A4258
:106DF00008D2013385F8CB30237A43F004032372A1
:106E000003B0F0BD00210222084601F079FE0646DB
:106E100048B120460121FFF7A9FF304603B0BDE885
:106E2000F04001F027BA8DF800006946354800F0BF
:106E30007DFD9DF8006026B101212046FFF796FFF9
:106E4000DEE73146304800F071FD95F8CB30B3B93C
:106E500095F8CB2095F8CA309A421CD1002242F214
:106E600029001146FFF7DCFB70B995F8CB300133F0
:106E700085F8CB30237A43F00403237204E03046D4
:106E800016F0D4FF0028E3D00021204803B0BDE86D
:106E9000F04000F04BBD2246671C394612F82E0B1D
:106EA00016F087FF064630BB95F8CB30013385F8E6
:106EB000CB30237A43F00403237295F85B305B07F1
:106EC00019D53946684616F065FF01234FF0FF30AB
:106ED0004FF0FF318DF80730FFF76EFA044650B1DE
:106EE000082269460C3015F0F0FF3246214642F286
:106EF0004E00FFF795FB012016F098FFC4E700BF96
:106F0000C000002029DF0200F9DE02005FDE02007F
:106F10002DE9F341044608B33F4D95F8CA2095F892
:106F2000CB309AB10132934211DC00210222084693
:106F300001F0E6FD0646A0B120460221FFF716FF4C
:106F4000304602B0BDE8F04101F094B913B1013B05
:106F500085F8CB30237A23F00403237202B0BDE816
:106F6000F0818DF807000DF107012C4800F0DEFCE0
:106F70009DF8076026B102212046FFF7F7FEEDE7F6
:106F80003146274800F0D2FC304616F04FFF074646
:106F900088B995F8CB3095F8CA209A4218D2013BAF
:106FA00085F8CB30237A024623F0040302201D49E2
:106FB000237205F027FA95F8CB3013B1012016F0B3
:106FC00035FF0021184802B0BDE8F04100F0AEBC2A
:106FD0004FF0FF304FF0FF31FFF7EEF904F10108F9
:106FE00006460028E7D007210C3015F068FF41461F
:106FF00016F0D0FE3A46314642F22800FFF710FB69
:107000000028D8D195F8CB30013B85F8CB30237AD6
:1070100023F004032372CEE7C000002029DF020022
:10702000F9DE020017DE02005FDE020038B50D4611
:107030000649CC7938B12B689C4228BF1C46C4EB6A
:10704000C4021FF025F92C6038BD00BFC00000202D
:1070500070B5044611B16FF0150070BDD8B121496B
:1070600016F09FFEB8B92046FFF730FE002832DA4E
:1070700023784BB91C48C2796ABB214616F08AFEB8
:107080000123C3711046E8E7012BE4D1A37903F093
:10709000C003C02BDFD1144DEB79012B1ED005F1BD
:1070A000880016F074FEC30707D4002CD3D0204606
:1070B0000C4916F076FE0028CDD1EE792146731CDE
:1070C0003046EB71FFF71AFE08B93046C5E7EB7999
:1070D000013BEB71C1E76FF07700BEE76FF00B008B
:1070E000BBE700BF909F0300C00000202DE9F341E3
:1070F0000446D8B1002141F2090001AAFFF790FA35
:10710000054698B9019E0622D6F80C80104908F170
:10711000010738461FF0F1F828B1062238460D491C
:107120001FF0EBF830B93046FEF768F9002002B0E6
:10713000BDE8F081D8F801303046C4F80130BB8892
:107140002570A4F80530FEF759F90120EFE700BFDC
:107150009D9F0300979F030007B56846FFF7C6FF92
:10716000044BD87118B169460020FFF7C7FD03B082
:107170005DF804FBC0000020F0B5294D89B0EE7920
:10718000002E46D195F87630DB0722D56A46314687
:107190004FF60940FFF744FAD8B9DDF800C0DCF833
:1071A0000C406378012B1E4628BF012673B1A31C37
:1071B00002AA1234174618685968083303C7A34255
:1071C0003A46F7D1186838609B88BB806046FEF766
:1071D00015F9EE71002416260127EB79E0B29842EA
:1071E00002D3B3B1002012E008AB06FB003353F822
:1071F000182C33F8143C6946CDF80120ADF8053061
:107200008DF80070FFF77AFD01340028E5D009B051
:10721000F0BD0021084609B0BDE8F040FFF718BFF7
:10722000C00000202DE9F0411D460E4617460346DA
:10723000002849D0002D47D00A0307D54C0743D476
:1072400016F0E0FE10BB01232B701FE0B10704789D
:107250001ED020492FB1B20603D591F890205006D8
:1072600035D5C4EBC40411F80480B8F1010F08D17E
:1072700001341846214416F073FE38B985F80080B1
:1072800002E0B8F1000FF9D0A7B90020BDE8F08105
:10729000720716D50F49C4EBC4040F5D012F07D147
:1072A0000134214416F05CFE0028EFD12F7001E07C
:1072B000002FFBD0B306E8D52B7843F002032B70E8
:1072C000E3E716F09FFEBEE76FF01500DEE76FF014
:1072D0008500DBE7C000002000232DE9F04F1446B5
:1072E0001D468FB00491516801908B4209D1FB2D4E
:1072F0000FD8974BB3F8C8309D4215D96FF02000D6
:1073000023E12268023502EBC302527801331544AF
:10731000EBE7019B082103F1180016F0A9FE0028F5
:10732000E7D06FF00A0010E1FB2D69D8019B0B211B
:1073300003F1180016F09CFE10B91F2D28BF1F2561
:107340004FF0FF304FF0FF31FFF736F805F104083A
:107350000746002800F0F78041460C3015F0AFFDDD
:107360004FF000090646424600211EF0B7FF49468D
:10737000D4F8008006F1040B636899450FD3019B94
:10738000F1705B7800223370032339467370012358
:107390000498B3700FB0BDE8F04FFFF741B998F80B
:1073A0000120881C13189D4298F800C008D2BCF137
:1073B000090FA5EB00021DD1002A1BDD4FF0080CC0
:1073C0005FFA82FA0AF101030BF801300131C9B208
:1073D0000BF801C0C3B2D8F80410584402931EF051
:1073E00057FF029B09F101099A445FFA8AF108F1FB
:1073F0000808C1E73846FEF701F86FF01500A4E071
:10740000002110220AA81EF069FF0027012340F284
:10741000726009933B46616808948B4207D100254E
:107420000123A846AB4603935FB938468DE0226836
:10743000023702EBC302527817448742DDD801338A
:10744000EBE7FB2F4FF0FF304FF0FF31BA4628BF7C
:107450004FF0FB0AFEF7B0FF0AF104060290002885
:1074600071D031460C3015F02AFD019B81465B78C6
:10747000002603704FF000035FFA8AF283700592D2
:10748000031D54F83B2004EBCB0102EBC8025278F9
:107490000232954209D14A6808F10108904509BFB6
:1074A00000250025A8460BF1010BBBF1010F12D0FE
:1074B00054F83B204FEAC80112EBC80C0BD09819C6
:1074C000E5B901259CF8012001329A550136F6B242
:1074D000059AB242D5D8039BBF1B7BB3002F0CBFCC
:1074E0000323012300220299049889F8036089F894
:1074F0000130FFF795F840BB039095E7012D05D1CA
:10750000525C013602250270F6B2E1E79CF80120D8
:10751000AAEB0601521B02328A4228BF0A46DCF857
:1075200004C0A91E6144079306921EF0B1FE069A9C
:10753000079B15443244ADB2D6B2C9E7B7FA87F318
:107540005B095B00CEE76FF068000FB0BDE8F08F1D
:10755000C000002070B500F10F0604460D4607225A
:1075600030460C491EF0C9FE0346207873B9052247
:10757000094901F0C5FA044658B10573002100F02D
:10758000C5FE2046BDE8704000F074BE06223146BC
:10759000EFE770BD909F0300899F0300F8B5046971
:1075A0000646456844B140F203432B4039D005F408
:1075B0008263B3F5806F34D015F4806302D115F483
:1075C000F84F2ED1184F3078FB79834229D9C0EB80
:1075D000C0000722154938441EF08FFEA8B115F0EF
:1075E000030306D197F82420082A02D8B2689F2AFC
:1075F00017D915F0300F09D09CB1EB0608D405F46B
:107600006035B5F5603018BF0120F8BD002CF6D10B
:10761000D6E902239A4204D81F2A02D9B3F5804F33
:10762000EDD90020F1E700BFC0000020909F0300CB
:1076300038B50E4D284616F018FD10F0010412D191
:10764000A5F118031846582221461EF047FE0346AE
:10765000D5E8EF2F42F00102C5E8E12F0029F7D16C
:1076600018465C7038BD0020FCE700BFB81400204D
:10767000F8B5044614F80F7B154B06460D46072255
:107680002046144983F823701EF037FE70B938463F
:10769000114901F0E1F9044610B96FF00B00F8BD93
:1076A000052100F033FE00202C60F8E72146384623
:1076B00016F0A4FF40B92146307801F0CDF9044618
:1076C0000028EAD00621ECE76FF01500E7E700BFDD
:1076D000C0000020909F0300899F03002DE9F3471D
:1076E0000F690D46496890463A1E18BF0122016590
:1076F0000DF103030646FFF795FD0446002840F010
:10770000E98006F10F03002F00F0E8802A69116874
:107710004FF0FF30C6F80F109188998092794FF0A2
:10772000FF319A71FEF748FE8146002800F0E9809B
:1077300019210C3015F0C3FB0446192200211EF05C
:10774000CDFD73782370AB68E370C3F307221B0C85
:1077500022716371EB68A371C3F307221B0C2372C0
:10776000E2716A6812F4004F14BF06230723D003A6
:1077700048BF03F00503910348BF03F0FB036372A6
:107780009DF80330A3726B6803F0C002C02A00F0BA
:10779000A7805A0600F1A680C3F3C0135B00DBB2DA
:1077A000A3747F23E374012323756B6803F44063A0
:1077B000B3F5806F14BF01230223A3756B68DB044C
:1077C00042BF03232375A3756A68C2F3802383F045
:1077D00001031B0150049BB248BF43F040039104D6
:1077E00048BF43F02003D20544BF012222766A68D5
:1077F000900779D043F0010A1FB9510501D443F035
:10780000030A900502D4B8F1000F03D04AF0020A2F
:107810001FFA8AFA002F69D0D1062A6948BF4AF0B8
:107820000403116858BF4AF00C03C4F80B10918888
:107830009BB2A4F80F10927962746A784946E27597
:10784000AA7842F236006275A4F8013001AAFEF768
:10785000E7FE044600283DD1019806F11807C368E9
:1078600093F90130B370FDF7C9FDD7E8EF3F43F05E
:107870000203C7E8E23F002AF7D16FF01001384653
:1078800016F0FDFBC20633D46A68092112F0030228
:1078900018BF0122384616F0FDFB0A213846CAF30C
:1078A000400216F0F7FB2A790C213846C2F3800219
:1078B00016F0F0FB6A790B213846C2F3800216F00D
:1078C000E9FB9DF803200321531E5A4238465A41D2
:1078D00016F0E0FB204602B0BDE8F0870A4A16E742
:1078E00003235DE701235BE79A468AE75346A4E753
:1078F000304606F1090116F033FB0028C4D00446D7
:10790000E8E76FF06804E5E7909F030008B520B949
:10791000044816F0AAFBC30701D4002008BD0248A2
:10792000FCE700BFB8140020A0140020034610B5E7
:10793000044816F09AFBC20703D5BDE81040024880
:10794000184710BDB8140020A014002008B500216D
:107950000348FFF7EBFF0022024B9A6108BD00BF0E
:10796000A7E10200C000002010B5054CA06930B1AD
:107970006FF00101183016F082FB0023A36110BDE7
:10798000C0000020F8B50446164816F06EFB430709
:107990000F4616461DD5FAB12046FFF7FFFDD8B1B8
:1079A000FFF746FE0546D0B1237821460370637881
:1079B0000022C3704760FFF791FE044638B16FF0B4
:1079C000010105F1180016F05AFB2046F8BD35609C
:1079D000FBE76FF00A04F8E76FF01504F5E76FF0C6
:1079E0000B04F2E7480100200023F7B50E460546D8
:1079F000019300285BD000F118070821384616F0E3
:107A000037FB002856D12D4816F02FFB420501D533
:107A1000FFF7BCF90921384616F02AFB50BB9EBB84
:107A200032460721384616F035FB0921384616F054
:107A30001FFB70B90C21384616F01AFB48B96FF0DD
:107A40000801384616F01BFB030726D4284616F01B
:107A5000D9FA28463246012116F05DFB019D044605
:107A600010B375B10021284600F050FC284600F004
:107A700001FC06E0284601A9FFF7FAFD04460028AC
:107A8000CDD0204603B0F0BD338823B9B278003A98
:107A900018BF0122C5E70122C3E70E21384616F0C0
:107AA000E7FA0028D2D1D4E7002DDFD1E9E76FF063
:107AB0001504E6E76FF07704E3E700BF4801002014
:107AC0002DE9F341C6687078FFF720FF04460028CF
:107AD00061D004F11808758816F062FB6FF48071AC
:107AE000404616F0CCFA33782C4F1BBB28460121B8
:107AF00000F0B0FC054650BB6FF08001404616F028
:107B0000BEFA03060ED5204616F093FAFFF73EF9AB
:107B100063683BB11B682BB1327920468DF8042095
:107B200001A99847BB699C4235D102B0BDE8F0413C
:107B3000FFF71ABF0921404616F09AFA18B12046FD
:107B40003178FFF707FD3378002BD5D1CEE7236DD1
:107B500000F17E0213F4002F12D0A368C0F87E302B
:107B6000A3899380A37B937163682BB15B681BB17E
:107B70002046019501A99847284600F07BFBBBE70A
:107B8000037AC3EBC303F918FB58C0F87E308B8827
:107B900093808B79E7E702B0BDE8F081C000002058
:107BA000F0B593B007460D46144600211C220BA8E1
:107BB0001EF094FB00230593002F41D0002D3FD0F1
:107BC000002C3DD007AE324607F1100313F8011D1B
:107BD000BB4202F8011BF9D14FF480711B4B1022FC
:107BE0000B931B4B0BA8CDE90D13314605AB0EF0E3
:107BF0001FFE28BB05F1100313F8012DAB4206F858
:107C0000012BF9D106AB029310231149CDE90043B2
:107C100007AA05980EF0D8FE054605980EF0C2FD9D
:107C2000284310D1631E04F11002073413F8011F1A
:107C300012F8015D9C421D701170F7D113B0F0BDB8
:107C40006FF01500FAE76FF00400F7E700248000FA
:107C50000044400470B59AB01822002103A81EF019
:107C60003DFB47F21213ADF808304FF4807344F235
:107C70000102ADF80A30304B694602A8CDE9042371
:107C80000EF04EFFF0B11F252C4BD3E8EF1F21F073
:107C90000101C3E8E21F002AF7D1294E0DF012FDC1
:107CA000346804B1043C002D264D18BF0025002C7B
:107CB0003BD023680BB1284698476468002C34D029
:107CC000043CF6E74122009801AB09A91DF0A1FE92
:107CD0000028D8D11C4A0DF125030DF1650153F898
:107CE000040B8B4242F8040BF9D12022174900986B
:107CF00001AB1DF039FE0028C5D100980EF052FDF1
:107D000005460028BFD110490E4816F016FB104852
:107D1000203116F012FB0F4BD3E8EF1F41F010019A
:107D2000C3E8E21F002AAFD0F6E70023C6E900331C
:107D30000DF0DCFC1AB070BD00000209B02B002071
:107D4000B82B0020A23C0020623C0020423C0020D6
:107D5000C23C00204801002030B5A7B01822002105
:107D600007A81EF0BBFA04233D22002116A8159394
:107D70001EF0B4FA47F21213ADF818304FF48073C6
:107D800044F20102ADF81A30234B2449CDE908230F
:107D900006A8202204AB0EF04BFDB8B16FF004042E
:107DA0000DF090FC1E4B1D6865B1002018601D4B46
:107DB000D3E8EF1F21F00201C3E8E21F002AF7D148
:107DC00024B3A8470DF092FC27B030BD164B0DF13F
:107DD0005502194603F1400053F8044B834242F820
:107DE000044BF9D105AB029320230B48CDE90013D6
:107DF00015AA412304991DF0DBFE0028CED104987A
:107E00000EF0D0FC04460028CAD0C7E70DA80649EA
:107E100016F093FA0DA8D4E700000209423C0020B6
:107E2000B42B0020B02B0020623C0020402208B57B
:107E300003491EF062FAB0FA80F0400908BD00BFA5
:107E400000A0030010B59AB004461822002103A830
:107E50001EF044FA44F21213ADF808304FF4807368
:107E60004FF48042ADF80A30114B2146CDE904238E
:107E700004230DF125008DF8243016F05EFA04F18C
:107E800020010DF1450016F058FA412201AB09A975
:107E900002A80EF0CDFC044602A81DF0D5FE2CB9B8
:107EA00001980EF07FFC01201AB010BD0020FBE706
:107EB0000000020910B560B31A4A136823B1043BED
:107EC000834229D05B68F9E7174BD3E8AF1F8907D6
:107ED00025D41468011D44605068116000B95160D8
:107EE000D3E8EF2F42F00101C3E8E01F0028F7D1EB
:107EF000D30701D5002010BD0C4BD3E8EF1F21F0B4
:107F00001001C3E8E21F002AF7D10948FDF732FF4C
:107F1000F0E76FF01500EEE76FF07700EBE76FF03A
:107F20000F00E8E7B82B0020B02B0020480100200C
:107F30001405002038B50C4BD3E8EF1F21F00101E8
:107F4000C3E8E21F002AF7D1084D2C683CB154F871
:107F5000043C043C0BB1002098476468F6E700231A
:107F6000C5E9003338BD00BFB02B0020B82B00207E
:107F7000044BD3E8AF3F13F0100F034808BF0020B5
:107F8000704700BF48010020A23C002070B50546A4
:107F9000194803688B4228D0184BD3E8AF3FDA0664
:107FA00026D5036813B16FF00F0070BD144AD2E8F4
:107FB000AF3FDB07F7D4D2E8EF3F43F00204C2E85B
:107FC000E64F002EF7D113F00204ECD101602946F0
:107FD0000C4816F0B2F90C4805F1200116F0ADF985
:107FE0000A48FDF7C7FE2046DFE76FF07700DCE7C1
:107FF0006FF07C00D9E700BFB42B002048010020BF
:10800000B02B0020623C0020823C002004050020B0
:1080100070B505460B4B1C6844B154F8243C243C15
:1080200013B12846297B9847646AF5E7064C074E4A
:10803000B44200D370BD236813B12846297B98470A
:108040002834F5E7582C0020D46D0300246E03007B
:1080500010B50446FDF724F9044901EB0011204650
:1080600015F04FFBBDE81040FEF73CBAC02B0020D6
:10807000002270B50446D1E901560748C1E9012242
:108080001CF042FF3DB1314620462B46BDE8704012
:108090006FF06D02184770BD3C0B002070B50546AF
:1080A000002200230E480CF065FEB8B90D4B1C6889
:1080B00034B154F81C3C243C03B19847646AF7E798
:1080C000094C0A4EB44204D32846BDE870400CF077
:1080D000E9BFA36803B198472834F3E770BD00BF38
:1080E0000C0B0020582C0020D46D0300246E0300DC
:1080F0002DE9F041044620270025EFF3118287F394
:108100001288BFF36F8FE16929B1206A0B68814241
:10811000E36108BF236282F31188BFF36F8F71B1EF
:10812000D1E901680748C1E901551CF0EDFE1EB117
:10813000002241462046B047FEF7D4F9DDE7BDE80E
:10814000F08100BF3C0B002037B5437B0446072B72
:1081500030D1031DD3E8EF2F42F48061C3E8E51F5F
:10816000002DF7D1550525D4D3E8AF3F990317D596
:10817000E378012B1ED1104B93F89130DB0719D512
:1081800094F8A430022B03D194F8A530022B11D01F
:108190000021022320461A46009115F00EFD09E049
:1081A000054B93F890301A07E2D515F0EBFC637B92
:1081B000072BDDD003B030BDC00000200348B0F86D
:1081C000B430B830002B08BF00207047C00000203A
:1081D00030B50446FCF7BCFD0D460D4A0D4989B08B
:1081E0000858D2F8C810884205D1204609B0BDE829
:1081F0003040FFF77DBF2434214610461CF05EFF5F
:108200001DB1694620461CF069FF09B030BD00BFB2
:10821000901F00200800000038B5002204468A4262
:1082200002D10024204638BD012004F1D003D3E858
:10823000EF5F002D04D1C3E8EC0FBCF1000FF6D1C5
:1082400002D0D8340244EAE7002CEAD0D022002140
:1082500020461EF043F804F1400004491CF05FFF83
:10826000034904F124001CF0FEFEDBE7A18C0100B1
:1082700085E3020008B500F1D003D3E8EF2F013AFF
:10828000C3E8E12F0029F8D1AAB90B4B984212D3C9
:1082900003F5D87290420ED2C01AD823B0FBF3F285
:1082A00003FB120038B905480CF030FDBDE808406A
:1082B00003480CF0F7BE08BDF81400200C0B00209A
:1082C0003405002010B5044616F0D3F80DF0FAF985
:1082D0000C4B04F1C401D3F8CC3043B90A4816F072
:1082E00036F80DF003FABDE81040FEF7FBB89942EE
:1082F00001D01B68F1E70DF0F9F92046FFF7BAFF4E
:10830000F1E700BFC00000208C01002070B5457B64
:1083100004468D4213D041730DB916F0AAF8637B61
:10832000012B09D1314D05F1B806616900294AD107
:10833000BDE87040FEF7D6B8072B01D07BB170BD09
:108340000023C4E90D33E378012BF8D104F1400098
:108350004FF42032BDE8704000230CF049BF082DD7
:10836000EDD801A353F825F03F8301008D83010070
:10837000B3830100BD830100BD830100BD83010003
:10838000B38301003F8301003F83010004F14005F6
:1083900028461CF0D2FE20460121FFF719FF204697
:1083A00016F00EF82846BDE87040002200230CF0BD
:1083B00053BF237B13B12046FFF72AFE2046BDE8BA
:1083C0007040FFF757BFA2690B68914208BFA361D5
:1083D00020466361FFF74CFEB5F8B430002B14BFA4
:1083E000304600200CF092FC9FE700BFC000002048
:1083F0002DE9F84306460F4690460025DFF83090F9
:10840000684200F0D800484416F033F8044620B122
:1084100083781E4208D1FFF72DFF6B1C022B4FF013
:108420000105EDD1BDE8F8834146B8472046F2E7A3
:10843000F814002000220F200149FFF7D9BF00BF28
:108440009BE40200002201200149FFF7D1BF00BFD9
:1084500049810100F8B506460C460027114D284613
:1084600016F007F8034658B1427B012A02D0073ABA
:10847000012A03D81A88B2420CD01846FFF7FAFE38
:108480007B1C022B4FF0010705F1D805E7D1002333
:108490001846F8BD9A781442FAD11846FFF7EAFE5A
:1084A000F5E700BFF8140020034BC01A034BC010BF
:1084B0005843C0B2704700BFF814002013DA4B686D
:1084C00070B51C46144305460E4608D0FCF740FC28
:1084D0000B4908580B49D1F8C810884201D1002235
:1084E00013460949002D14BF2846084614F07DFCA8
:1084F000044618B1711D0C3014F0D6FC204670BD36
:1085000008000000901F00207C0B002010B50446DE
:1085100005480CF0C7FD204600F01EFD2046BDE8D2
:108520001040FFF775BD00BF2405002000232DE992
:10853000F04F87B003930593A54B5A8A32B1A54DEE
:10854000D5F8CC4034B907B0BDE8F08F1B68002BDC
:10855000F5D1F8E754F8C43903B1C43B00269E496D
:1085600001E01C461346B5F8B420002A00F02E8125
:10857000D5F8C0204AB904F1C406002BE3D0D3F8E3
:10858000C420002AEDD0C43AEBE70A68002AF2D0F2
:10859000D4F8B020002AEED0D4F8B420002AEAD0D3
:1085A000D4F8B820002AE6D0637B072B66D120469A
:1085B0009047002862D004F1C803D3E8AF3F022BF4
:1085C0005CDC204615F055FF04460028BBD0637BD9
:1085D000072B40F0F2802046D4F8B030B5F8B41044
:1085E00004AA98470746002800F0CA80B5F8B420CE
:1085F000049B9A4206D30146D4F8B460204605ABEA
:1086000003AAB047059BDDF80C9001933B8A002B31
:1086100000F0D6803846DDF810A015F088F88046C6
:10862000002840F0D080B5F8B430DFF8B4B1002BAA
:1086300014BF58460020002200230CF09BFB78B9A1
:108640000022002364480CF02BFB064600283BD197
:10865000B5F8B430002B18BF5E4630460CF056FB20
:108660006FF00B053846FCF7C9FEB9F1000F00F0BA
:1086700083802A4620460199C8477DE0D4F8C4305B
:1086800004F1C402C6B9D5F8D010C5F8CC308A427E
:1086900001D1C5F8D03000232046C4F8C430D4F846
:1086A000B8309847002892D0637B072B40F0858034
:1086B0002046FFF707FE8AE73360D5F8D0309A42AC
:1086C00008BFC5F8D060E6E7019BC0F8049083605E
:1086D000B5F8B4B00022DA454FF000034FF00001C6
:1086E0003B4898BF1FFA8AFBFCF7FCFD814650B15E
:1086F000FCF7D6FD394B5A4603EB00133946484682
:1087000014F0DAFF8146B5F8B43094F8CC709A458D
:108710008CBF4FF00108023784F8CC8098BFFFB2BD
:1087200004F1C808D8E8EF3F0133C8E8E23F002A67
:10873000F8D104F1140A3146504615F008FEA3782A
:10874000012B21D0D8E8EF3F013BC8E8E23F002AE7
:10875000F8D13146504615F018FE4846FCF74EFE5B
:1087600020463146FFF784FCB5F8B4301C48002B96
:1087700008BF00200CF0CAFA1321204615F09FFE16
:108780002046FFF777FDDEE609F10C0B0421584681
:1087900014F0B6FB238807F0FD0743EA0733038094
:1087A000B9F810300221043B4380584614F0B0FB66
:1087B0004846FDF75FFE0028C4D1FDF793FEDFE7D2
:1087C0006FF079054EE76FF004054BE79368FFDE25
:1087D0003C0C0020C00000203C0B0020C02B0020DF
:1087E0007801002040F2E2432DE9F041D0F88860A2
:1087F0000446B6FBF3F6031DB6B2D3E8AF2F9204DE
:1088000013D5B0F88C20B2420FD8B0F88E20B24207
:108810000BD3D0E92412914207D1D3E8EF1F21F402
:108820000051C3E8E21F002AF7D1114B1D6865B162
:1088300055F8147C243D37B131462046B4F89230C7
:10884000B4F89020B8476D6AF1E70A4DDFF8288048
:10885000454501D3BDE8F0812F6937B13146204647
:10886000B4F89230B4F89020B8472835F0E700BF4C
:10887000582C0020D46D0300246E0300F8B50F4B74
:1088800005461C685CB1243C00F1A606236A13B1BE
:10889000314628469847646A0CB1243CF6E7084CF8
:1088A000084E05F1A607B44200D3F8BD236A13B100
:1088B0003946284698472834F5E700BF582C002051
:1088C000D46D0300246E0300F8B50F4B05461C68F9
:1088D0005CB1243C00F1A406E36913B1314628469B
:1088E0009847646A0CB1243CF6E7084C084E05F141
:1088F000A407B44200D3F8BDE36913B13946284652
:1089000098472834F5E700BF582C0020D46D0300A9
:10891000246E03002DE9F041074608460D4615F088
:108920007DF8064618B900263046BDE8F081144BA4
:108930001C6884B154F8183C243C0BB9646AF8E70D
:108940002946384698470028EDD0284615F066F8A5
:108950000028F3D1E7E70B4CDFF82C804445E3D245
:10896000E3680BB92834F9E72946384698470028C8
:10897000D9D0284615F052F80028F3D1D3E700BF2C
:10898000582C0020D46D0300246E03002DE9F04123
:10899000C37804468BB900F17E06114B1D687DB18A
:1089A000243D04F170076B691BB13A4631462046FD
:1089B00098476D6A25B1243DF5E700F17706ECE7AD
:1089C000084D094F04F17008BD4201D3BDE8F081A4
:1089D0006B691BB142463146204698472835F3E77C
:1089E000582C0020D46D0300246E0300F8B5437AA0
:1089F00004468372164615F006FF144B1D684DB1F0
:108A000055F80C3C243D1BB132462046617A98470C
:108A10006D6AF4E70E4D0F4FBD420DD3A6B9637AD0
:108A2000012B11D9A378012B0ED1207A04F170010A
:108A3000BDE8F84003F066BEAB691BB13246204684
:108A4000617A98472835E7E7F8BD00BF582C002029
:108A5000D46D0300246E030038B505460C460F485C
:108A60000221FFF7D9FBC0B1057223680367A38811
:108A7000A0F87430A37980F87630012343728372B2
:108A80008370074BC0F8B030064BC0F8B430064BCB
:108A9000C0F8B830054BC0F88C3038BDF814002051
:108AA000858E01006FE3020063E3020018002800D6
:108AB0002DE9F04106460F464FF000080F4D2846BD
:108AC00015F0D7FC044620B18378012B0DD0FFF7B9
:108AD000D1FB08F10103022B4FF0010805F1D80585
:108AE000EDD100242046BDE8F0813A46314615F02C
:108AF00065FD0028F6D12046E9E700BFF814002004
:108B00002DE9F84305460E4690460027DFF84C90C5
:108B1000784200F0D800484415F0ABFC044620B180
:108B20008378012B08D0FFF7A5FB7B1C022B4FF0AD
:108B30000107EDD100240DE036B13246294615F08B
:108B40003DFD08B92046EEE7637B4345FAD1237A21
:108B5000AB42F7D12046BDE8F88300BFF8140020EF
:108B6000002210B5837804460B70C3784B70037AEB
:108B70008B70437B81F82B20023BDBB2062B8EBF30
:108B800013462B48C35C204681F82830A378012B7C
:108B900014BF0023637A81F8293015F0C7FC81F8EF
:108BA0002A00A378012B40D104F170038B60237A53
:108BB000204AC3EBC30313444B60E27804F177030C
:108BC00004F17E0042BB1A460346C1E9032340F28A
:108BD000E242D4F888304B61B3FBF2F30B83B4F874
:108BE00090304B83B4F892308B8304F1A4030B6272
:108BF00004F1A6034B62D4F8A0302BB15B7CDA06FB
:108C000044BF012381F82B30D4F8A03013B15B7C32
:108C10009B0603D4002010BD0246D6E791F82B3006
:108C200043F0020381F82B30F4E76FF01500F2E710
:108C300040A00300C000002038B5044608460D4699
:108C400014F0ECFE38B3154B93F89030990707D425
:108C5000E37873B129462046BDE8384000F0CAB930
:108C600094F898309A07F3D5231DD3E8AF3F5B04FF
:108C7000EED42946204615F0EDFC58B92B88A4F80F
:108C80008C306B88A4F88E30AB88A4F89430EB88D5
:108C9000A4F8963038BD6FF01500FBE7C000002047
:108CA000F7B510F8333C0446A0F140060BBB304644
:108CB00015F04CFD244B1D684DB155F8203C243D6A
:108CC0001BB1304614F8341C98476D6AF4E71F4D09
:108CD0001F4FBD4205D3304603B0BDE8F040FFF75B
:108CE000C9BA6B681BB1304614F8341C9847283554
:108CF000EFE710F83E3C012B24D1A0F13C05D5E86C
:108D0000EF3F23F40052C5E8E12F0029F7D19B047F
:108D100010D5E36C69460093636D30460193FFF70D
:108D20008BFF38B9D5E8EF3F23F48053C5E8E23F25
:108D3000002AF7D1D5E8EF3F43F40063C5E8E23FEE
:108D4000002AF7D103B0F0BD582C0020D46D0300E9
:108D5000246E03000C4B10B91860002070471A688D
:108D600072B90269002AF7D1026832B9426822B9A1
:108D7000826812B94269002AEED06FF01500704780
:108D80006FF07700704700BF682C002008B568B10D
:108D9000094B00F10C011A6822B9074815F0D7FAFF
:108DA000104605E0914204D01268F5E76FF0150017
:108DB00008BD6FF07700FBE7602C0020012806D883
:108DC000044B404200F0D800184415F052BB00207C
:108DD000704700BFF814002038B50E481CF08CF81E
:108DE00000240D4D29460B4801341CF08DF80A2C47
:108DF00005F10C05F6D116F05AFA02F063FB0446B1
:108E000028B903F031FA044608B915F0C1FD20462F
:108E100038BD00BF3C0B0020E02B002010B50A4AF3
:108E2000136813B1936C63B90123482000FB03203E
:108E3000064C5B424460002003F048031A440A6079
:108E400010BD6FF00B00FBE76C2C0020FC860300CC
:108E500070B5044652EA030008D0FBF779FF074DCE
:108E6000074ED5F8C8503058854201D1002213462C
:108E70002046BDE870400431FFF722BB901F002060
:108E8000080000002DE9F0470F469046D0F8BC409E
:108E900044B1403C236B5BB92068BC3015F04CFCFE
:108EA000246CF5E7FDF71EFB00263046BDE8F08791
:108EB00004F1300948461CF03CF805460028F1D082
:108EC00014F035FC0028EFD1284613F0BDFF656C87
:108ED00006469DB9A38C058A403B9BB23F2B03D825
:108EE000238D9D4228BF1D46042106F10C0014F07D
:108EF00007F80580A38C043543806564BD421FD804
:108F0000B6F810A0554506D10022002348460BF0C4
:108F1000C7FEFCF773FAA38CA3F140023F2A06D8E0
:108F200055451ABF002213460A4AF361B261206810
:108F3000BC3015F001FC236B13B1204615F0DDFBAE
:108F4000636C9F422CBF0027DF1BC8F800306764AA
:108F5000ABE700BFB9E80200F7B504460026234D91
:108F6000234FBD4201D303B0F0BD2988204615F040
:108F70009AFC6B68019001A920469847002830DBD5
:108F8000019B2A889A829A8403F11002D2E8EF1F8B
:108F9000C2E8E06F0028F9D11E645E649E60A16B98
:108FA00003F10802F9B9C4E90D221C60DE6003F187
:108FB00030001BF0A1FF019843681B6803B198477C
:108FC000019B1033D3E8EF1F41F00101C3E8E21F1A
:108FD000002AF7D101984368DB6913B100F1100151
:108FE00098470835BDE70A60A263DEE7BC6D030061
:108FF000D46D030070B5134A0C461378064601334E
:1090000013F0FF010ABF01230B461946137012200B
:10901000082215F010FC054688B108210C3013F029
:109020004EFF22882946028062884280A288828080
:10903000E288C2803046BDE8704015F04ABC6FF04F
:109040000B0070BDE23C002023281FD81A2804D84A
:10905000431E182B0ED906207047A0F11B03082BC6
:109060001ED8DFE803F0051D1B231D19251D050073
:109070000320704701230F4A83401A40C2B90E4AA9
:109080001A40002A0CBF06200120704700F07F0321
:10909000522B05D1002070470120704705207047F2
:1090A00010F0400F14BF00200620704704207047C6
:1090B00002207047AAAA8A02545545012DE9F74FAC
:1090C000054608468946FCF7EBF818234343264F2C
:1090D0000446FA189168D9F80C60019105F14C002A
:1090E000D0E8AF0FC1073BD5D9F80C00007810715C
:1090F0000022FA503378D22B0ED12B6849461868DB
:1091000017F0D6FB40B101904846FCF777F9019B78
:10911000184603B0BDE8F08F18235C43002349468E
:109120001A4607EB0408281DD9F80C60D9F814B0CA
:10913000B9F810A0C8F8085015F093FB03460028B2
:10914000E6D0D9F81420A6EB0B0612FA86F6019A9F
:10915000C9F80C60A9F810A0C8F808203851D7E762
:109160006FF01503D4E700BF042D002070B50E4644
:10917000438D418B01328B4228BF0B469A420546F4
:1091800032D83046FFF760FF6FF01403034113F04D
:10919000010310D0FBF7DCFD144B1958144BD3F826
:1091A000C83099421ED0134B1B685A1A18BF4FF093
:1091B000FF32134601E04FF4702200210E48FFF702
:1091C00047FE044660B1FCF76BF818220B4B0121F7
:1091D00002FB003304F10C009D6013F070FE06707A
:1091E000204670BD0022E4E70024F9E708000000F3
:1091F000901F0020F42D0020AC0B0020042D002037
:10920000011F0A22002010B4064B9C6818338C42C0
:1092100008BF43F8100C013AF7D103485DF8044B3E
:109220001BF08FBD042D002010090020F8B54FF46D
:109230007022074600230D480E4613F0D6FD044663
:1092400090B100F10C050921284613F02DFE2046AF
:10925000FCF726F81822064B012102FB00332846B2
:109260009F6013F02CFE06702046F8BDAC0B00206A
:10927000042D002008B5EFF31181202383F3128819
:10928000BFF36F8F002303600C4B5A689AB9C3E990
:10929000000081F31188BFF36F8F09480BF002FFC4
:1092A000002807DA002383F31188BFF36F8F0323AD
:1092B000184602DF08BD10605860EAE7FC2C002069
:1092C0006C0500207FB5CB6804461D888DB15E8893
:1092D00076B1AE420DD31022002168461CF0FEFF8D
:1092E00005212046FFF7A2FF019058B9112007E0A1
:1092F000354601232A460421204615F0E5FC0020CE
:1093000004B070BD6B4631462846084A009415F0FB
:10931000F8FCDDE9011323B90846FCF76FF80A23CE
:10932000E8E7204615F0CFFBE9E700BFF1EB0200CC
:10933000F0B51D46036804460E4685B00121186845
:10934000174616F0BEFF38B904F14C0015F0FDFCCD
:1093500050BB122005B0F0BD65B310220021684655
:109360001CF0BCFF39462046FFF760FF029018B39F
:10937000BDF828302946ADF80430012328468DF881
:109380000C300E4A6B46009415F0BBFC9DF80C3077
:1093900002995BB10846FCF731F82A46314620466F
:1093A0009DF80C3015F090FC0020D3E7204615F016
:1093B0008AFBF9E70120CDE71120CBE73FF102005E
:1093C0002DE9FF41036804460D461868012116F097
:1093D00078FF40B904F14C0015F0B7FCA0BB122097
:1093E00004B0BDE8F0811022002168461CF076FF31
:1093F0000F212046FFF71AFF029038B34FF0010803
:10940000009405F10C072B8A012B04D82046029901
:1094100015F059FB18E0384613F09BFD6B460146EA
:109420000B4A06468DF80C8015F06BFC9DF80C304D
:10943000002BE8D00298FBF7E1FF32460E212046D0
:109440009DF80C3015F040FC0020C9E71120C7E75B
:109450003FF102002DE9FF41036804460D461868FC
:10946000012116F02EFF40B904F14C0015F06DFCFF
:10947000A0BB122004B0BDE8F08110220021684694
:109480001CF02CFF21212046FFF7D0FE029038B3BC
:109490004FF00108009405F10C072B8A012B04D82A
:1094A0002046029915F00FFB18E0384613F051FDE5
:1094B0006B4601460B4A06468DF80C8015F021FCE0
:1094C0009DF80C30002BE8D00298FBF797FF32464E
:1094D000202120469DF80C3015F0F6FB0020C9E74E
:1094E0001120C7E7BBF0020010B5044600F14803A5
:1094F000D3E8EF1F41F00101C3E8E21F002AF7D1D2
:10950000201F15F008FB04F1640004491BF007FE5E
:109510002068BDE8104001F05BBE00BFF3F202001E
:109520002DE9F0430F460446062187B007F10C00F1
:1095300013F0FFFC0588EDB1B0F80280B8F1000F20
:1095400017D0A84516D3002382888DF800308DF8F7
:1095500004304FF42053684601A9D7F80C90ADF8B9
:109560000220ADF8063013F0F3FF064660B10A237F
:1095700001E0454601232A460621204615F0A4FBBA
:10958000002007B0BDE8F0830146142201A83F7C0B
:109590001CF0A4FE07212046FFF748FE0290D8B138
:1095A0000A2341468DF81530284601AB0B4ACDE918
:1095B000036901948DF8147015F0A3FB9DF8153024
:1095C00002992BB10846FBF719FF9DF81530D2E739
:1095D000204615F078FAD3E71120D2E76FEE0200AB
:1095E0002DE9F0410E8A0446043EF6B2022E0846EA
:1095F0008CB001D0102E76D104210C3013F099FCE0
:109600000DF1040805884788011D3246404613F0D5
:10961000CCFF002869D085B377B3BD422DD8012196
:10962000606816F04EFE064678BB42F602038DF8DF
:10963000000069464046ADF8023013F089FF20B3C0
:1096400042F60303404606A98DF81860ADF81A30BB
:1096500013F07EFFC8B1012D03D14FF6FF739F4277
:1096600013D004F14C0015F070FB002814BF00204B
:1096700012200CB0BDE8F0813D4601232A460821A6
:10968000204615F021FB0020F3E7182200210DEB06
:1096900002001CF023FE09212046FFF7C7FD0890B9
:1096A000F8B101210C30CDE9064813F008FC002385
:1096B000099003700A2339468DF82C30284606ABF2
:1096C0000B4A15F01EFB9DF82C3008992BB108466B
:1096D000FBF794FE9DF82C30D0E7204615F0F3F907
:1096E000D1E71120C5E70420C3E70E20C1E700BF82
:1096F000F19901002DE9F0410E8A0446043EF6B2CC
:10970000022E08468CB001D0102E64D104210C30FA
:1097100013F00FFC0DF1080805884788011D32463B
:10972000404613F042FF002857D0A5B300268FB360
:10973000BD4230D84FF42053404601A98DF8046053
:10974000ADF8063013F004FF48BB1422002107A82F
:109750001CF0C4FD11212046FFF768FD0990002888
:1097600037D001210C30CDE9074813F0A8FB0023C6
:109770000A90394603701A4A0B93284607AB15F036
:10978000C0FADDE909131B78FBB90846FBF736FE82
:109790000A2301E03D4601232A4610210EE042F64D
:1097A0000103404607A98DF81C60ADF81E3013F088
:1097B000CFFE0028C9D010232A461946204615F0AE
:1097C00083FA00200CB0BDE8F081204615F07BF94B
:1097D000F7E71120F6E70420F4E70E20F2E700BFD8
:1097E00039990100F0B51D4603680E46003904465C
:1097F00018BF012187B01868174616F062FD40B9FE
:1098000004F14C0015F0A1FA002844D0002007B064
:10981000F0BD002D41D01822002168461CF05EFDED
:1098200047BB236829461B68284600930023ADF8F0
:1098300012300C9B1A4A0393BDF834308DF808603F
:10984000ADF8103001238DF814306B4615F059FA3D
:109850009DF81430C3B1002FD8D00198FBF7CEFD8E
:10986000002ED3D02A46122120469DF8143015F040
:109870002BFACBE7002213212046FFF777FC01905B
:109880000028CED11120C2E701990029BED0204680
:1098900015F019F9BAE71220B9E70120B7E700BFC0
:1098A0007FEB02002DE9F0410B8A04460D46002BA8
:1098B0003AD00668012105F10C0013F03AFB737BE6
:1098C0000746072B30D154F8043C6BB300230178D2
:1098D000184E043C16F833004FEAC308884206EBE2
:1098E000C30211D1298A5378994220D3536829465B
:1098F0002046984703464644B278012A14D19BB1CA
:10990000397889B100220CE001331C2BE2D10846E2
:10991000FFF79AFB2122C24012F0010204D119B1D3
:109920000623204615F0D0F90020BDE8F08104237D
:10993000E1E700BF248703002DE9FF414FF0000855
:109940004FF4205305460E46006802A914461768D6
:109950008DF80880ADF80A3013F0FAFDA0B142F698
:109960000103286803A98DF80C80ADF80E3013F0C0
:10997000EFFD48B123691BB15A88B24200D25E8024
:10998000012004B0BDE8F0816168286813F0E0FDB3
:1099900010B100232361F3E7E368A0681A786AB185
:1099A000B7F82AC0798B038A8C4594BFC3EB0C03AC
:1099B000C3EB0103934201DA0020E2E704210C30FB
:1099C00013F07DFA20610680236929465E80074BEB
:1099D0000194009338460023A26815F0E5FA0028A8
:1099E000EADB2069003818BF0120CAE7A9EC0200B1
:1099F0002DE9F34717680546894600685168144603
:109A0000D7F804A013F0A4FD804600284BD195227E
:109A10002946504616F036FA0646207540B1E368EE
:109A20001B780BB184F81480002002B0BDE8F087E9
:109A30002946504616F07EFC10B908232375F3E73B
:109A4000A068267513F007FA02210C3013F037FADC
:109A5000164B2061A0F800900093019433462946EC
:109A60003846A26815F0A0FA002807DA10F1FF0FB7
:109A700032BF0E204042C0B22075D5E72369002BCB
:109A8000D2D0A06814F08FFF7B8B7A8D9A4294BF5E
:109A9000C0EB0200C0EB0300E3681B78984294BF60
:109AA00000200120C1E70120BFE700BFB7E90200A5
:109AB000F7B5002304460E460022694628480AF0FE
:109AC00035FF0546D0B9FBF743F9264B29461A580E
:109AD000254B00981A6024221CF000FC009B0022F9
:109AE0001C60009C0023C4E90155C4E907551F48C8
:109AF00001A901950AF01AFF054620B16FF00B0588
:109B0000284603B0F0BD0146A02201981CF0E6FBF8
:109B10000198174B836054301BF0EEF9019B4C33D6
:109B2000D3E8EF2FC3E8E15F0029F9D1019B1C6066
:109B3000E369019F1BB904F10C001BF0DDF9E26938
:109B400007F19803C7F89820226AE36102B92362FB
:109B50001722019B5A855A8304333360D0E700BF34
:109B6000F408002008000000F42D00201009002057
:109B7000440500202DE9F74F0646EFF31187202317
:109B800083F31288BFF36F8F414C204614F001FF1E
:109B900023680546009387F31188BFF36F8F002871
:109BA0005FD0FBF77DFB182202FB00F33949C81890
:109BB00051F803B003690021D0E90247019390F8FE
:109BC0000480B0F806A01CF089FBA87AFBF760FBC4
:109BD0006969814651B16A7AD00705D4D9F828203D
:109BE000284612689268904700226A6129464846D2
:109BF0001BF095F9B8F1000F23D014B3236803B319
:109C00001B68F3B1BBF1000F1BD1201D15F0C7FA83
:109C10004046FFF719FA052813D8DFE800F02503BE
:109C20001225120304F14C03D3E8AF3FDA0708D53D
:109C3000236D33B14FF47022002304F168000BF060
:109C40000BFB009B6BB1314600201BF037FA00285C
:109C500007DA002383F31188BFF36F8F03231846BD
:109C600002DF03B0BDE8F08F54F84C3B1D68D4E828
:109C7000AF3FDB07E5D5002FE3D0002403E0284603
:109C80000199B8470134A3B25345F8D3D9E700BFCF
:109C9000FC2C0020042D002007B50B4600210246B5
:109CA000FBF756F801910E4909580E4800688842A2
:109CB00004D00D48D0F8C800884201D100221346D4
:109CC00001A90A480AF032FE014638B91C2201985F
:109CD0001CF004FB019803B05DF804FB0020FAE7D8
:109CE00008000000F42D0020901F002064090020CF
:109CF00010B50446806818B1FBF780FB0023A36011
:109D00002146BDE8104001481BF01BB86409002043
:109D10002DE9F743044668300F4690461E461BF077
:109D20000CFA206D48B9201D00F028F81321606856
:109D300003B0BDE8F04314F0C2BB0F4B98424FF0A4
:109D4000000317D045684360206DD0F81890FFF7E6
:109D5000CFFF00232068236514F06CFE3DB120681E
:109D6000CDF8009043463A4631460068A84703B014
:109D7000BDE8F0831D46ECE7F82D0020F7B550F85C
:109D8000044C0546002C55D000F1940104F11C0050
:109D900014F0C2FF2E1F05F15007002200233846A1
:109DA0000AF07EFF024658BBEB6C2BB101466FF008
:109DB00067033046FFF7ACFF002345F8043C05F18C
:109DC0004803D3E8EF1F21F00101C3E8E21F002A96
:109DD000F7D1E36973BB04F10C060022002330467F
:109DE0000AF05EFF78B9666886B921461248266097
:109DF0001AF0A7FF286803B0BDE8F04001F0D8BA18
:109E0000FBF7FCFAC9E7FBF7F9FAE6E7A268336863
:109E10009642636008BFA36077683FB1B3696FF093
:109E200067010093002320681A46B8473046FFF7C1
:109E30005FFFD8E703B0F0BDF408002038B5036D2C
:109E4000044623B3164A934221D0CB68DD78F5B19E
:109E5000052D406815D00F2D1AD1437A012B17D844
:109E6000022114F070FB08B1103011D104F1680028
:109E70001BF063F9226D137C43F00103137400207F
:109E800038BD437A032B03D8064AD15CE9E70E2597
:109E900000222B4611462046FFF73AFFEFE700BFAE
:109EA000F82D002047A0030010B50C4608B301B3FD
:109EB00015F0A6F9E8B1C3693BB153F8982902B18E
:109EC000983A196D8C4206D062B90430214614F0DC
:109ED00023FF204602E02046064A1A65BDE81040EE
:109EE000FFF706BFD2F8981001B1983913460A4619
:109EF000E7E710BDF82D0020F8B51D460F461646C1
:109F0000FBF7CEF91823044C03FB00400123C0E902
:109F10000376C3800575F8BD042D002010B51846E2
:109F2000144603491022A04700EAE07010BD00BFAC
:109F300060170020F8B506460F460024094D15F8B5
:109F4000013CB34207D12946384615F001FB10B158
:109F500005482044F8BD1034A02C05F11005EED1C1
:109F60000020F7E7452E0020442E0020F8B50646D5
:109F70000F460024094D15F8013CB34204D129468F
:109F8000384615F0E5FA30B90C34782C05F10C059B
:109F9000F1D10020F8BD02482044FBE7A9160020BB
:109FA000A8160020F8B506460F460024094D15F8FE
:109FB000013CB34207D13946284615F0C9FA10B121
:109FC00005482044F8BD0C34782C05F10C05EED181
:109FD0000020F7E7893B0020883B002038B5144675
:109FE0000D4B82680D469A4211D122792168C068D2
:109FF00015F0B6FA58B1D4F8C8302F2B09D804EBB5
:10A0000083021581018901335181C4F8C8300120D0
:10A0100038BD0020FCE700BFA9A4010038B50C46FC
:10A0200019466BB103F114055B698AB9E268A36054
:10A03000954200D1E36000230D681A464B61A847A2
:10A04000A3685BB9601C0649BDE8384015F0BCBA8E
:10A050001360E3689D4208BFE260ECE738BD00BFD3
:10A06000909F030070B5204B144682689A420FD12E
:10A07000A568C66875B922793046216815F070FA6E
:10A08000024628B11949013015F09EFA1570158164
:10A09000012070BDE0680028FBD02B888B420AD0DD
:10A0A000F6D2E068A36801380433E060003818BFD6
:10A0B0000120A360EDE7256822792946304615F096
:10A0C0004FFA024660B93046084915F049FA02468F
:10A0D0000028E6D02946013015F076FA237913706E
:10A0E000A3685B881381DCE7A9A40100909F0300AB
:10A0F000F8B5054600260B4C2746621C65B910468C
:10A10000094915F025FA28B901360A2E04F1100480
:10A11000F2D100273846F8BD2846217814F04EFACF
:10A12000F1E700BF442E0020909F030070B54A1C49
:10A130000C46054688B910460D4915F009FAA8B92C
:10A1400004F10A0604F10B025DB12846A17A14F06D
:10A1500035FA00B90026304670BD097814F02EFAA1
:10A16000EDE71046024915F0F3F9F2E72646F2E76B
:10A17000909F0300F8B5054600260B4C2746621C4D
:10A1800065B91046094915F0E3F928B901360A2ED8
:10A1900004F11004F2D100273846F8BD2846217892
:10A1A00014F00CFAF1E700BFF02E0020909F03009E
:10A1B0002DE9F04106460F46904613F0BEFC50B321
:10A1C00039463046FFF7D2FE054678B90446134AB1
:10A1D000104615F04CFAC0B90C225443104A601CCA
:10A1E0003946104415F0F0F9A5181655012105F16E
:10A1F000080001FA08F115F0D1F9BDE8F0414FF47B
:10A200000042002307480BF027B801340A2C02F162
:10A210000C02DDD1EAE7BDE8F08100BFB0160020F6
:10A22000A8160020201700202DE9F04180460F4697
:10A2300016461D46FFF7B6FE044648B91649FFF715
:10A24000B1FE044630B3394600F8018B15F0BCF975
:10A2500023899BB962899AB926816581254615F8BB
:10A26000010B294613F069FCA0B122462946BDE83E
:10A27000F041042312F8080BFBF7A4BCB34204D846
:10A280006289AA4206D2B342E7D963892681AB42EA
:10A29000E4D2E2E7BDE8F081909F03002DE9FF41A1
:10A2A0000E4617469846044628B96FF0150528460D
:10A2B00004B0BDE8F08102A913F022F90546002898
:10A2C000F3D1204601A912F0E2FB0198D0B9002099
:10A2D00002A9FFF767FE0446D8B9002EE7D011495E
:10A2E000FFF760FE0446D0B1002302A900F8013B4D
:10A2F00015F06AF90422404604F10801B84700EA63
:10A30000E075D4E70A2229460FF056FB0028DED07C
:10A31000CBE7002EEED1066046608660C7E76FF09F
:10A320000B05C4E7909F030070B50E4B144682687E
:10A330009A4214D1C56821686E1C304615F008F9A0
:10A3400018B13046616815F03FF90B352846216891
:10A3500015F0FEF818B12846616815F035F90120AE
:10A3600070BD00BFA9A4010008B513468168074A63
:10A37000914209D11A791968C06815F0F1F818B13D
:10A380000023036043600381012008BDA9A40100EC
:10A390004FF4A472002301480AF05EBFE0170020CA
:10A3A00008B50421084815F0F9F86FF002010648D5
:10A3B00015F0FFF8044815F05AF9C30701D5FFF767
:10A3C000E7FF002008BD00BF10180020024608B5B6
:10A3D0000749013015F0F8F800230C3202F8043C6C
:10A3E000D2E8EF1FC2E8E03F0028F9D108BD00BF66
:10A3F000909F03002DE9F047284B164682680746D8
:10A400009A422BD1C568AB8A43B34FF000086C1C4D
:10A4100005F11509B4F807309BB12246304614F80F
:10A42000011C14F0CBF8E0B9214614F8010CFEF73A
:10A430003FFB30B1437B072B08BF48F00108FDF715
:10A4400019FF0A344C45E5D1B8F1000F06D1AB69CC
:10A45000A5F8148013B14146384698470120BDE85D
:10A46000F08706F1700A5146307A13F066FB78B92E
:10A470000B4B9D4202D1304615F062FA2046094945
:10A4800015F0A2F8002304F8013CA4F80730D8E73F
:10A490005146204615F098F8D3E700BFA9A4010063
:10A4A000A4050020909F03002DE9F0471F46BDF84A
:10A4B000203006468846D1F80C90002B46D17B1EF2
:10A4C000012B46D8012F49460CBF15781588FFF798
:10A4D0002DFE044678B915B93846BDE8F0874946DF
:10A4E000FFF724FE0446B8B306F17001013015F001
:10A4F0006BF8337A2370D9F81C30DBB9B4F808A0B4
:10A500002581B9F81430AB4203D04946404615F0D6
:10A51000B1F8AA4505D00022307A06F17001FFF7A4
:10A5200047FE002DD8D10E49601C15F04DF825705E
:10A530002581D1E72A464146304698470028CCDBA2
:10A5400001380128DAD96FF00D00C6E76FF0060078
:10A55000C3E76FF00C00C0E76FF01000BDE700BF6D
:10A56000909F030073B50C460546082104F11000C6
:10A57000164615F013F8122304223146CDE90032B5
:10A5800028462246024B15F001FA02B070BD00BF0A
:10A59000B7FA020008B50121114814F0FFFF10F0CE
:10A5A000010F104B0AD1104A9A610D4815F05FF85F
:10A5B000830713D4BDE80840FFF7EABE1A8B588B17
:10A5C000012A4FF6FF7205D8904207D04FF6FF726E
:10A5D0005A83EAE790421983E7D0F7E708BD00BF46
:10A5E00010180020C01700200100FFFF10B56FF009
:10A5F000020104460E4814F0DCFF0D4815F037F850
:10A60000C20704D5002200230A480AF025FE20468E
:10A6100014F054FF58B12046FFF76AFD38B1037AB1
:10A62000DB0704D5BDE81040012115F069BA10BD63
:10A6300010180020E017002070B500250A4C661C99
:10A640000A49304614F084FF014630B9204615F01F
:10A6500047FA3146207815F01EFB01350A2D04F12A
:10A660001004ECD170BD00BF442E0020909F030069
:10A67000012110B51A4814F091FFC3072ED402210E
:10A68000174814F08BFF084007D11649164A0B886B
:10A69000164CA2421CD300B10B80154915481AF084
:10A6A0003EFD4FF4A47200231248FBF75DFB1249F4
:10A6B00012481AF034FD0221114814F06FFF1148BE
:10A6C00011491AF02CFDBDE810401048FEF75EBBA2
:10A6D0005068083203449BB20120DAE710BD00BF86
:10A6E000E42E0020003C0020246E03003C6E03009A
:10A6F000ADFD02007017002001AD0100E017002041
:10A7000010180020201700203DFE02007C050020CC
:10A7100000234360044B021D596811B9C3E90022AC
:10A7200070470A605A607047E82E002003462DE902
:10A73000F04148B1008A38B901244FF0140C114996
:10A74000DFF844E0714501D3BDE8F081D1E900763E
:10A75000BB4204D30CFB0672143A93420ED9344424
:10A76000A2B214460831EDE70CFB0578434507D04B
:10A7700001356219AE4292B2F6D1F2E70025F8E750
:10A780001046E1E7246E03003C6E03002DE9F74F0D
:10A7900099464FF6FF73BDF830500746002D08BFAD
:10A7A0001D46244B90461B88009183423CD203B047
:10A7B000BDE8F08F73682344BB4232D29CB20836A6
:10A7C0001D4B9E42F6D3F2E740468958019312F0A2
:10A7D000BFFE019B90B101340AF1010AA4B2736873
:10A7E0005345ECD9009B9C42E1D8BC42F3D30BFB10
:10A7F0000AF231688B18B8F1000FE5D1B9F1000FFA
:10A800000BD1013D1846ADB221460E9A0D9B9847DB
:10A81000002DCCD00028DED1C9E7DA689145DAD125
:10A82000EFE74FF0000ADAE701244FF0140B034E74
:10A83000C6E700BF003C00203C6E0300246E03000E
:10A8400030B5E5B01022002101A81BF047FD182209
:10A8500000210DEB02001BF041FD4FF41053ADF849
:10A8600014308023ADF816304FF480631D4D01A9DC
:10A87000CDE90735102262AB05A80BF0D9FF0CAC6F
:10A88000014660BB4FF4AC7220461BF027FD2A4600
:10A89000204662991BF03DF908BB23464FF6FF7135
:10A8A0000120114A15F077FA102220460F4905AB16
:10A8B0001BF044F9054662980BF074FF7DB908223D
:10A8C0000A4B03F11001187811F8014D013A03F811
:10A8D000014B0870F7D10821054814F05FFE65B000
:10A8E00030BD00BF0002C0030DFA02005017002067
:10A8F000101800202DE9F04119490446A1F130005B
:10A9000015461E46BDF818701AF02AFC154814F0BA
:10A91000AEFE010707D4FFF793FFFFF78DFE10216E
:10A920001148FBF791F92046FFF7E2FB68B1037A83
:10A93000DA070AD500F10C04204614F098FEC3078C
:10A9400003D40221204614F029FE10233A46069330
:10A9500031462846BDE8F041034B14F048BF00BF24
:10A96000A0170020101800205017002010B51B4819
:10A9700014F07DFEC0F3C00080F0010408B9FFF7B9
:10A980005FFF164814F073FE0346144814F06FFE80
:10A99000DA0621D5830608D5F4B1FFF74DFEBDE8F0
:10A9A000104010210E48FBF74FB920210B4814F03E
:10A9B000F5FD10220A4988181BF09FFC48B9094888
:10A9C0001AF0BBFBBDE810406FF00101034814F022
:10A9D000F0BDFFF7DFFDE0E710BD00BF101800205D
:10A9E00050170020E017002008B51021034814F08C
:10A9F000D5FDFFF7BBFF002008BD00BF10180020E9
:10AA00002DE9F041B8B00C46164621496A463E98F9
:10AA10001F4612F018F8002837D0009D01A92846DB
:10AA200012F035F865B1019870B900230DF10808EE
:10AA3000284641468DF8143012F062FD054650B1AB
:10AA40006FF0150425461AE00A2200210EF0B4FF2B
:10AA50000028EAD0F4E7CDF81080A4B1C02238462F
:10AA600008A9B047041EEDDBA40808ABCDE9063405
:10AA70004FF6FF710120074A04AB15F08CF9284608
:10AA800038B0BDE8F0812346F0E76FF01505F6E732
:10AA90004D9A030065A00100002330B5B5B00191C7
:10AAA0008DF808003393044601AB0D4601204FF6A4
:10AAB000FF71074A15F06FF9339B3BB19B0003AA66
:10AAC00029462046FBF7AAF835B030BD1A46F7E70D
:10AAD000DD9F01002DE9F34100F17008CDE900127E
:10AAE00004460F46007A4146164613F026F80546FE
:10AAF0006B464FF6FF7101200C4A15F04CF91DB161
:10AB00004146207AFFF7C8FF3946207AFFF712FA4C
:10AB100040B13146013014F057FD1DB14146207A55
:10AB200015F0B9F802B0BDE8F08100BF29A301001B
:10AB3000002307B50193FFF7F9FD411C89B20846D0
:10AB4000034A01AB15F027F9019803B05DF804FB47
:10AB500001F502002DE9F8431546894694226968FB
:10AB6000064615F08FF98046002842D10222304671
:10AB7000696815F0C2F900283ED04FF4702000211A
:10AB8000AF8AFFF789F80237044680B11D211C4BBC
:10AB900047613A464174C0F80C8043608561304695
:10ABA00014F060FB074638B92046FFF7A1F86FF0B4
:10ABB0000B052846BDE8F883012342464146FFF7CE
:10ABC0009BF9A98A07F10C00023112F078F920F8FC
:10ABD000029BAA8A29691BF05BFB21463046A760CD
:10ABE00014F036FC05460028E3D02046FFF780F835
:10ABF000DFE74FF0FF35DCE76FF01505D9E700BF61
:10AC000007F5020070B505468AB03A4814F02FFDEA
:10AC100042070C4667D515B16B7B072B66D166687A
:10AC200030460596FFF782FD2268ADF81800002A2D
:10AC30002FD005A9029130490023019101210091F3
:10AC40004FF6FF710593FFF7A1FD059E1EB96FF04A
:10AC500001000AB070BD6660002330688DF81030C6
:10AC600042F6030304A9ADF8123012F071FC40B9AA
:10AC70000598C3689B799B0608D515F045F8ADF893
:10AC80001800059815F0E7F8606028B96FF0150016
:10AC9000DFE70028E0D1DAE7BDF818003DB1012375
:10ACA000014622462846A375FFF754FFD1E76FF00F
:10ACB0007F0307930223ADF8203042F60213ADF86C
:10ACC000123005ABA57502930C4B4FF6FF71019343
:10ACD000012304AA00932B4609948DF81050FFF726
:10ACE00055FD0798B5E76FF00A00B2E76FF07F00F7
:10ACF000AFE700BF4801002035F5020031AF010089
:10AD000073B5044650F8083C00F130056FF00101BE
:10AD1000A0F120062846019314F04BFC0D4B0020B7
:10AD200044F81C3C0C4B314644F8183C01AB44F849
:10AD3000103C042324F8080C24F8060C24F80C3CDE
:10AD4000FFF760FF18B90221284614F027FC02B073
:10AD500070BD00BF40880300EDA501002DE9F0475C
:10AD6000304B1746826806469A4258D1D0F80C807C
:10AD70003C6808F1010508F11509B5F80730FBB189
:10AD80002A46204615F8011C13F018FCC0B14FF4F8
:10AD900095723146204615F075F8A8B103280FD0FA
:10ADA000052820460CBF4FF0030A4FF0020A13F0AB
:10ADB000FFFB824508D93B79534501D287F804A0AF
:10ADC0000A354D452BD0D8E74146304614F052FCA9
:10ADD000154B984523D1207A04F17001FFF7E2F872
:10ADE0000546E0B103890BB94389C3B12046FDF79D
:10ADF0005BFB2A890D4B0E4923F820206A8903EB5F
:10AE000080035A80182202FB00110B610423094AB7
:10AE100020464A60084A8B828A60FFF7F3FE0120D1
:10AE2000BDE8F087A9A40100A4050020803B002014
:10AE3000142E002040880300A5FB020070B50446D4
:10AE40008AB0384814F013FC42070D4663D514B19C
:10AE5000637B072B62D16E6830460596FFF766FC70
:10AE60002A68ADF81800002A2FD005A902912E49B2
:10AE700000230191012100914FF6FF710593FFF727
:10AE800085FC059E1EB96FF001000AB070BD6E60B2
:10AE9000002330688DF8103042F6030304A9ADF8A2
:10AEA000123012F055FB40B90598C3689B79DB0658
:10AEB00008D514F029FFADF81800059814F0CBFF61
:10AEC000686028B96FF01500DFE70028E0D1DAE705
:10AED000BDF818002CB101462A46204615F0A0F80E
:10AEE000D3E76FF07F0342F6021207930123ADF818
:10AEF000122005AA02920D4AADF82030CDE90032A9
:10AF00004FF6FF71234604AA09958DF81040FFF70C
:10AF10003DFC0798B9E76FF00A00B6E76FF07F00D5
:10AF2000B3E700BF4801002035F5020031AF010052
:10AF30002DE9F84F14463F4B826880469A4238D13B
:10AF4000D0F80C903C4B99451BD100263B4D284630
:10AF50003B4914F0FDFA78B90722294615F8010C8F
:10AF6000FDF7CEFD40BB236929461A6915F8010C8F
:10AF700053881288FFF758F901360A2E05F10C059F
:10AF8000E5D109F1010709F1150AB7F80720A389EE
:10AF90009A420BD1394617F8010CFDF789FD064698
:10AFA00020B1437B072B0AD0FDF764F90A375745D8
:10AFB000EBD14FF0010B2AE0FDF75CF9DCE7D9F8A3
:10AFC000203023B14146984708B93046ECE7942237
:10AFD0004146304614F056FF83460028F5D1A38938
:10AFE000022B17D1B7F807309A0720D530462269CF
:10AFF000A188FFF7AFFD054618B92269937D01339B
:10B0000093753046FDF736F9002DA560CEDA584627
:10B01000BDE8F88F012B0AD1B7F80730DB0706D55A
:10B0200030462269A18814F0FBFF0546E9E75D463A
:10B03000E7E700BFA9A40100A4050020893B002088
:10B04000909F030073B5437B0446072B0D461AD12E
:10B05000061D4FF48031304614F0A0FAC30315D416
:10B0600002232046CDE900332A460A4B0A4914F050
:10B070008DFC044620B16FF48031304614F099FA0B
:10B08000204602B070BD6FF07F04F9E76FF07704DF
:10B09000F6E700BFBDF602003DF5020007B5437BB1
:10B0A0000A46072B2CD14B683BB908234FF0040EFE
:10B0B000CDE9003E144B154909E0012B11D0097B65
:10B0C0005B00019341B1202311490093114B14F00F
:10B0D0005DFC03B05DF804FB0E230F4900930F4B9A
:10B0E000F5E74B8933B10C234FF0040CCDE9003C5C
:10B0F0000B4BE0E70A230221CDE90031094BDAE7E7
:10B100006FF07F00E5E700BFB7F802008F00030093
:10B110006DF7020029F702002DF7020001F7020087
:10B12000E9F60200D5F60200F8B5437B0646072B88
:10B130000C4643D1FFF71EF80546002841D083682E
:10B14000002B3ED000221746143B9C4209D01889A0
:10B150002189884208BF47F001075B691BB1143B96
:10B16000F3E70122F9E762B304F1100014F07FFA6B
:10B17000430703D52146304615F01FF877B104F197
:10B18000140105F1080014F0B1FBAB681BB90E49BE
:10B19000681C14F019FA57B9002007E02146304620
:10B1A0000A4AA781FFF7DEF90028E8D0F8BD00239E
:10B1B00021461A4630462568A847EDE76FF07F0024
:10B1C000F4E76FF01500F1E7909F0300D7F5020058
:10B1D000012370B500F170058EB004460390294636
:10B1E000007A8DF8103012F0A8FC90B1227A1AB3D0
:10B1F00002AE0421304610F006FA009624210F4AD0
:10B200002B4605A8FAF740FC05AA10460C49F8F7AA
:10B210006BFE4FF6FF7101200A4A03AB14F0BBFD31
:10B22000204613F0C5F99DF81010884202D220463E
:10B2300013F089F90EB070BD0092DFE7509A030059
:10B2400001AA01005DAD01002DE9F0410D4B06465C
:10B250001B680F46904623B153F8044904B1043CDF
:10B260000BB9BDE8F0811B681BB142463946304638
:10B2700098472CB1656805B1043D23462C46EFE79D
:10B280002546FAE7E82E0020012337B50546009051
:10B2900000F17001007A8DF8043012F04EFC78B99C
:10B2A0004FF6FF7101206B46134A14F074FD002124
:10B2B000284615F006F808B9FFF76CF903B030BD61
:10B2C0002846FEF757FF0028EAD08468002CE7D014
:10B2D000143C04F11003184614F0C9F9020709D40C
:10B2E000184614F0C4F9830704D421462846034ABB
:10B2F000FFF738F96469E9E75DAD010063F6020024
:10B30000F7B504460D466B46264A00918DF80400B9
:10B310004FF6FF71012014F03EFD29462046FAF752
:10B320008BFC002821DB2946204614F0FAFA294636
:10B330002046FEF7FFFD08B1FFF748F829462046F2
:10B34000FAF764FC002810DB0026174F17F8013CC1
:10B35000A34204D13946284614F0FAF838B9103619
:10B36000A02E07F11007F1D1002003B0F0BD0F4B64
:10B370001E44B368002BF7D053F8144904B1143CB1
:10B38000002501E0234614460022314610469D81E7
:10B39000FEF744FE002CE7D06269002AF2D0143A8E
:10B3A000F0E700BF69A30100F12E0020F02E00207D
:10B3B0002DE9F74F044603464FF6FF7101203A4A44
:10B3C00004F1700614F0E7FC3146207A14F000FD19
:10B3D0003146207A12F0B1FB50B1237A4FF6FF715B
:10B3E0008DF8043001206B46304A009614F0D3FCEF
:10B3F0002046FEF7BFFE074640B92046FEF778FE1E
:10B40000054600283DD103B0BDE8F08F8568002DCA
:10B41000F3D055F81489B8F1000F01D0A8F1140841
:10B420004FF00009CA4601E04546984605F1100B69
:10B430006FF00801584614F0BCF83146207A12F03B
:10B440007CFB80B92B464A4639462046A5F80CA01D
:10B45000FEF7E4FDB8F1000FCFD0D8F81430002B80
:10B46000E2D0143BE0E7584614F001F9C307E9D4F1
:10B470007B781BB13146781C14F0A6F805F114094D
:10B48000E8E73146207A12F058FB28B9284603B085
:10B49000BDE8F04FFEF79ABF3146681C03B0BDE827
:10B4A000F04F14F091B800BFF5A3010069A30100AB
:10B4B000034B42689A4204BF83691982704700BFF8
:10B4C0008F0003007FB54FF420520023ADF8162003
:10B4D00004AA02920A4A0120CDE900324FF6FF7118
:10B4E00005AA04938DF81430FFF750F9049B012B43
:10B4F00014BF6FF01500002007B05DF804FB00BF1B
:10B500003D03030010B50D4AD2F8EC301BB1D2F860
:10B510005C327BB901234FF4B87000FB0320084C68
:10B520005B42C0F8F040002003F4B873EC331A44D7
:10B530000A6010BD6FF00B00FBE700BF1818002079
:10B54000B8880300014608B5084814F015FF50B943
:10B55000074814F011FF28B10120064B404200F4C7
:10B56000B870184408BD0020F7E700BF1C18002081
:10B570008C19002018180020084B00F5B4701A68C8
:10B58000074BD0E8EF1F994204D1C0E8EC2FBCF183
:10B59000000FF6D1D0E8AF0F704700BF682C002035
:10B5A0001818002008B5FFF7E7FFF0B1026842B1B4
:10B5B000436833B1836813B90F4B1B783BB9042040
:10B5C0000CE00D4B1B7813B10AB183687BB981691C
:10B5D000436821B1181E18BF0120800008BD43B97F
:10B5E000002A14BF00200320F8E70320F6E701201B
:10B5F000F4E70220F2E700BFE33C002038B5044640
:10B60000051D0821284614F016FF064904F15700CD
:10B61000FCF7BCFC20B12846082114F0E8FE082005
:10B6200038BD00BF4509030038B50546EC220021AE
:10B630001AF054FE102105F1270012F076FE0446A0
:10B6400048B90521284614F0F6FEFCF791FC034B9F
:10B650001860204638BD0824FBE700BF902F00206B
:10B6600070B504460E4686B0FFF786FF04F1370238
:10B670001146F368054603F1100053F8046B83424A
:10B6800041F8046BF9D1237A052B40D8DFE803F0A9
:10B69000172323033F6502AB45490093096804F172
:10B6A000270304F1570001F0A9F880BB0A21201DEF
:10B6B00014F0C1FEAB680299D4F8EC00984720461C
:10B6C0000D2114F0B8FE201D102114F0B4FE204608
:10B6D00014F005FF19E094F8DC10D4F8D83002AD6E
:10B6E000CB40334903F001030095096843F0800320
:10B6F00004F1570015F0B2FA48B91022294604F1B6
:10B7000017001AF0FAFD20B1042006B070BD082021
:10B71000FBE70321204614F08EFE14F0E0FE002823
:10B72000F5D194F8DC300133DBB2142B84F8DC3033
:10B7300009D10D21204614F07EFE1021201D14F0A9
:10B740007AFE0020E1E7102104F1270012F0EDFD60
:10B75000003818BF0120C000D7E7102104F12700EE
:10B7600012F0E3FD0028D2D105B3EB68F3B1114B21
:10B77000E27A1B8812F0010FADF80830A37C08BFF5
:10B780000320DB0703D5002814BF0120022000237B
:10B790008DF80900C4E93833201D0C2114F04BFE4C
:10B7A000EB68D4F8EC0002A99847CAE70220ACE79E
:10B7B000902F0020C46F030073B5047A0546022C55
:10B7C00023D844B190F8DC30D0F8D840DC4004F005
:10B7D000010444F080040321284614F061FE06466B
:10B7E000A8B110210C3011F06AFB00900F482346DD
:10B7F000006805F1270205F1570115F02FFA0446FC
:10B8000050B13046F9F7FAFD01E0032C02D00820D0
:10B8100002B070BD0024DEE73146284614F0F4FD86
:10B82000281D214614F0E3FD2046F1E7902F00206B
:10B83000F7B50446FFF7A0FE261D05460E2130464B
:10B8400014F09AFD38B9504B2022196804F15700C2
:10B850001AF053FD90B30C21204614F021FE074648
:10B8600060B340210C3011F02AFB474B02461B68A5
:10B87000014603F1200053F804CB834241F804CB86
:10B88000F9D1203203F1200153F8040B8B4242F826
:10B89000040BF9D13946204614F0B6FD237A052B66
:10B8A0000CD8DFE803F0034F0E030B6C0421204695
:10B8B00014F0C1FDFFF780FF002852D0082003B02C
:10B8C000F0BD2046D4F8EC70FFF756FE4FF0FF3382
:10B8D0000546019370B904210DEB010012F025FD1E
:10B8E0000028EBD1019B2948B3FBF0F100FB11309C
:10B8F00001900EE08369002BEDD038469847244A2A
:10B90000A0F57423A3F5107393420190D6D9431C7C
:10B91000E1D00023C4F8D80084F8DC3055B12B689E
:10B9200043B10B21304614F086FD38462B68D4F81D
:10B93000D81098470321204614F07DFD0E2114F005
:10B940007AFD0EE02046032114F075FD0E2114F05F
:10B9500072FD30460A2114F06EFD6B68D4F8EC00DD
:10B9600098473046072114F066FD0820FFF7EAFDEE
:10B9700040B9204603B0BDE8F040FFF73FBE0421C8
:10B980002046DCE700209AE7902F002040420F007D
:10B99000BEBDF0FF70B505460E4605F15704FFF732
:10B9A000EBFD2246F36803F1200153F8040B8B42B0
:10B9B00042F8040BF9D105F1770203F1200153F8A5
:10B9C000040B8B4242F8040BF9D12046FCF72EFA07
:10B9D00018B3281D0E2114F02EFDD5F8EC40D4F834
:10B9E000A00080B9207A04F1700100F053FCC4F883
:10B9F000A00040B9104B1C68B4B9281D062114F0F2
:10BA00001AFD204608E0438A03F02403002BF1D0FE
:10BA1000437C9B07EED4032070BD2046FCF712FA4E
:10BA20000028E7D10B20F7E72846FFF701FF003891
:10BA300018BF0120C000EFE7902F002038B5134B4E
:10BA400005461B78E3B101F00F042846FFF7AAFD75
:10BA50000F4B03281B780CBF04F00B0444F00404C4
:10BA600005F5B670D0E8EF2F013203D1C0E8E13F11
:10BA70000029F7D1D0E8AF3F2BB144F0010038BD29
:10BA800001F00704E1E704F0FE00F8E7E33C0020E2
:10BA9000A4080020F8B50D460446D0F8EC70FFF776
:10BAA0006BFDED68EB78102B01D00620F8BDD7F8C0
:10BAB000A030002B73D0261D0F21304614F05CFC03
:10BAC00020B92046FFF7B0FD002871D10123637231
:10BAD0002B682046C4F80A30AB88E3810223237424
:10BAE000A978FFF7ABFFE0742046FFF75BFD10235A
:10BAF000607423752B7903F0030363756B7903F08E
:10BB00000103A375E37C1A0754D40521304614F0D1
:10BB100033FC00285CD0574B1B78A374E37C980659
:10BB200006D5AB78990603D51421304614F083FC72
:10BB3000E37CDA074ED5AB78DB074BD50D213046D9
:10BB400014F079FCA37D032184F8E830637D30464E
:10BB500084F8E93014F06FFC237BE17C2D7803EA54
:10BB60000102100704D5E27AA07C0243D20735D443
:10BB7000042D35D80B4313F0040307D02046FFF7FC
:10BB800011FD3D4B05EB85052B441B5C23722046C4
:10BB9000D7F8A01014F0F6FB20BB032086E7387A14
:10BBA00007F1700100F076FBC7F8A000002882D1F1
:10BBB00008207BE7AB781B07A7D50521304614F09A
:10BBC0003AFC637D03F0020363750023A3759CE7D1
:10BBD0002A4BA1E700236375A375B3E70523D5E7D7
:10BBE0000023D3E7D4F8EC309B7A032B33D022D850
:10BBF000013B012BDCD80521304614F0BDFB0028A9
:10BC0000CBD00C21204614F016FC022114F048FC85
:10BC100005460028CCD006210C3011F050F9D4F89C
:10BC2000113029460360B4F815308380204614F0A3
:10BC3000EBFB00203AE7042BBAD1237D627B9342D1
:10BC400028BF1346102B7FF430AF0521304614F087
:10BC500093FB0028A1D0237A002B9ED005213046EB
:10BC600014F08AFB0028C6D1237A013B012BC2D8ED
:10BC700093E700BFE53C00206BA00300E43C0020FC
:10BC800038B504460D49A0F1EC054C3019F047FADF
:10BC9000284614F061FD0A4A04F17C03D3E8EF1F43
:10BCA000C3E8E02F0028F9D14FF0FF338034D4E807
:10BCB000EF2FC4E8E13F0029F9D138BD830A030022
:10BCC000181800202DE9F041C7780446012F04D050
:10BCD0006FF015042046BDE8F08114F046FB0546E0
:10BCE000002800F0A980061D0421304614F044FB12
:10BCF000002840F0A4800321304614F03DFB10B131
:10BD00006FF00F04E6E73946304614F035FB0028A3
:10BD1000F6D12846FFF730FCD5F8EC3007469B7A81
:10BD2000032B40D030D8013B012B46D90F21201DD9
:10BD300014F022FB0028CBD1D4F8A00090B904F174
:10BD400070073A462020217A00F07CFBC4F8A0005E
:10BD500040B93A460420217A00F074FBC4F8A000F0
:10BD60000028B5D0438A13F0240FB1D0A27A022A5A
:10BD700023D9417CC907ABD5032A1ED09B06A7D582
:10BD8000037C102BA4D118E0042BCFD12846FFF759
:10BD900009FC032804D1002FC8D0FB68002BC5D0B4
:10BDA000284B1B7807E02846FFF7FCFB032804D14B
:10BDB000002FBBD0FB68002BB8D0D4F8A0303BB12B
:10BDC0002846FFF731FC044670B16FF0680481E744
:10BDD000207A04F1700100F05DFAC4F8A000002898
:10BDE000EED16FF00B0475E70B21284614F058FBD9
:10BDF00007460028E9D001210C3011F060F8092134
:10BE000080462846FFF71AFE2346224688F800009F
:10BE1000394605F1EC0012F024FD044618B138460D
:10BE2000F9F7ECFA56E730460F2114F004FB012134
:10BE3000284614F000FB4DE76FF07F044AE76FF0EF
:10BE4000040447E7E33C0020F8B5D0F8EC40054691
:10BE5000D4F8A030061D002B74D079BB0D213046DC
:10BE600014F08AFA074620B1D4F8A00008B114F003
:10BE7000D5FE374B1B6823B153F80C6906B10C3E55
:10BE800073B9284614F068FC637B072B5ED1627A95
:10BE9000A37A9A425AD02046BDE8F840FFF712BF75
:10BEA0001B6813B13946204698472EB1F26802B19B
:10BEB0000C3A33461646E3E73246FAE70139C9B28F
:10BEC0000E2998BF234A1B7C8CBF0927575C002B87
:10BED00031D1D4F8A00014F08EFE0023C4F8A030B5
:10BEE0000221304614F048FA48B9072F94BF1A4B84
:10BEF0001F213A46204698BFD95DFCF777FD032104
:10BF0000304614F039FA0028BBD0114B1B68002BC7
:10BF1000B7D053F80C6906B10C3E002BB1D05B686A
:10BF200013B139462046984776B1F26802B10C3A0F
:10BF300033461646F1E70221304614F01DFA002878
:10BF4000C7D1CDE70927CBE73246F1E7F8BD00BFFF
:10BF5000602C00205CA003004BA00300174B10B521
:10BF6000044618604FF0FF324FF0FF33144808F0DA
:10BF7000D5FD144809F076F9114808F041FEDCB10E
:10BF80000621114814F0F8F938B11048FFF750FCB9
:10BF900018B108210D4814F08EFC06210C4814F04D
:10BFA000EBF948B10B48FFF743FC28B1BDE810405E
:10BFB0000821084814F07FBC10BD00BF902F00205E
:10BFC000C8050020DC0500201C18002018180020DF
:10BFD0008C190020881900202DE9F0410B8A0446B5
:10BFE0000E46B3B3012106F10C0010F0A2FFA4F13C
:10BFF000EC05E83C07460421204614F0BDF940BB9F
:10C0000039780E2925D8DFF8508058F8313023B917
:10C010000721284614F04FFC1BE0284614F089FB4A
:10C0200030B90321204614F0A7F990B10821F0E7B8
:10C030003B78318A08EBC3021279914201D00A2180
:10C04000E7E73146284658F833309847014600283C
:10C05000DFD10020BDE8F081E08803002DE9FF4139
:10C0600090F8E930CF6823F0020380F8E9303B789C
:10C070000446D0F8EC6023B1BB7903F0C003C02BB9
:10C0800073D106F170080722394640461AF035F997
:10C0900088B13946307A00F04DFA054658B101466C
:10C0A000204614F06FF918B9082004B0BDE8F081FB
:10C0B000284614F0A0FD0D21201D14F05DF9002884
:10C0C0003FD042460220317A14F081FD0546002817
:10C0D000EAD0F378002B41D106F17E0318780128CD
:10C0E00027D19A7902F0C002402A22D1D3F8012048
:10C0F000C5F83E20B3F80530A5F8423096F8703008
:10C10000BBB196F8763003F0C003C02B11D01949AB
:10C1100001AACDE901870395FCF76AF93B6830462F
:10C12000C5F80130BB88A5F80530BB79EB71FCF789
:10C130002DFC00212846FAF73FFEC0B92846FAF741
:10C140004DFE94F8E9305B0703D50A21204614F030
:10C1500072F9B4F8E81021B10020A6E706F17703E0
:10C16000BCE72046FFF770FEF6E70A209DE70320B4
:10C170009BE700BF8F0703002DE9F0410546A0F1C2
:10C18000E80604460F463046012155F8EC8914F0C4
:10C19000D0FA00285BD0DFB10321304614F0ECF870
:10C1A000002854D03846FAF75DF90138C0B20828A3
:10C1B0008CBF00242B4B4FF0020198BF1C5C304613
:10C1C00014F039F921462846BDE8F041FFF73CBE9E
:10C1D00098F80B30002B3AD00321304614F0CCF8FD
:10C1E00020B92846BDE8F04114F0B6BA0521304622
:10C1F00014F0C2F8B8B114F8043C1F0707D514F8BE
:10C20000033C180703D51121304614F014F914F833
:10C21000043C23F0080304F8043C14F8033C23F026
:10C22000080304F8033C14F8033CD90711D5062190
:10C23000284614F000F90221304614F0FCF8236877
:10C24000D3F8A0301BB134F8041C0029BBD0BDE8E2
:10C25000F0819A0701D50821EAE75B07EBD50A21AF
:10C26000E6E700BF53A00300012208B5034B0448D2
:10C270001A70FBF71FFE002008BD00BFE33C002042
:10C28000E40500204FF41072002101481AF026B88E
:10C290009C2F00202DE9F74F07460E460025082465
:10C2A000DFF8188118F8013CBB420BD131464046FB
:10C2B00014F07EFC30B148233A4803FB050003B07C
:10C2C000BDE8F08F082C06D14046374914F070FCC9
:10C2D000002818BF2C460135082D08F14808E1D187
:10C2E000082C304D40D14FF00008A9464446C346C3
:10C2F000EA46524601202D498DF800B08DF80180A4
:10C30000FCF776F89DF8003033B944B3D9F84420EF
:10C31000636C9A4238BF4C4608F10108B8F1080F27
:10C3200009F14809E5D1C4B1D4F80100B4F80520F9
:10C33000E37900905146207804F10108AAF804201E
:10C340008AF80630FAF76AF84046174914F030FCCC
:10C3500018B1641BB4F5FC7F03D90020AFE74C464D
:10C36000DAE7134BE4105C4348235C432F553168F4
:10C37000621CA950AB18B28828199A80B2790D3482
:10C380009A711123062203732A5500222B19A3F850
:10C390000120084A1368013313604364064B186098
:10C3A0008DE700BF9C2F0020909F030071C5010006
:10C3B000398EE338982F0020942F00209D2F0020E5
:10C3C0002DE9F34105460E4617460D4C04F510784D
:10C3D000638A7BB12378AB420CD1D4F80100B4F866
:10C3E0000510E2790090ADF80410684639468DF8E2
:10C3F0000620B04748344445EAD102B0BDE8F08198
:10C400009C2F00202DE9F04105460E461746074CAB
:10C4100004F51078638A2B4202D039462046B04793
:10C4200048344445F6D1BDE8F08100BF9C2F002080
:10C4300008B5002202200249FFF7E4FF002008BDF2
:10C44000C10B03002DE9F04106460F46904600243B
:10C450000C4DB5F8113033420CD015F8013CBB42FD
:10C4600008D14146284614F0A3FB18B106482044E1
:10C47000BDE8F0814834B4F5107F05F14805E8D1F6
:10C480000020F5E79D2F00209C2F00202DE9F04192
:10C490000B780746012B0D4602D00020BDE8F08145
:10C4A0008B7903F0C003402BF7D100241E4E01F11D
:10C4B000010836F82C3C9A070CD516F83E3CBB42D6
:10C4C00008D106223146404619F017FF10B9174827
:10C4D0002044E3E74834B4F5107F06F14806E8D17C
:10C4E0000024134E05F1010836F81C3C9B0714D5B7
:10C4F00016F82E3CBB4210D14146304610F0D6FF14
:10C5000058B10A4BD5F8010004F13E029850D118F9
:10C51000B8F80420E0188A80C0E74834B4F5107FEA
:10C5200006F14806E0D1B8E7DA2F00209C2F002062
:10C53000CA2F0020F8B506460F4600240A4D15F80C
:10C54000013CB34207D13946284614F031FB10B103
:10C5500006482044F8BD4834B4F5107F05F148057D
:10C56000EDD10020F6E700BF9D2F00209C2F00207A
:10C5700038B5427B0C46072A10D1057A12F046F8EE
:10C5800001462846FFF7D6FF40B148216278044BA8
:10C5900001FB0233984204BF0123237038BD00BF62
:10C5A0009C2F0020F0B506461446184693B0002E86
:10C5B00051D03C2203A9A047041E4CDB304601A900
:10C5C00010F09EFF0546002845D16946304610F020
:10C5D0005EFA0098002838D1002C3FD0002001A935
:10C5E000FFF758FE0346002800F086803C2C9DF89B
:10C5F0000C2053D0102A3ED8382C69D140F2116259
:10C6000003AEC26000F1100411AF324603CABA4251
:10C6100020606160164604F10804F6D1D97BB3F8B6
:10C620000D2042EA0142062A52D15A7CD10705D593
:10C6300012F0300F04BF22F001025A745A6C304BD2
:10C6400019688A4214D91A6012E00A2229460DF0AC
:10C65000B3F90028C0D06FF0150509E021463F204E
:10C6600001AAFFF7EFFE18B14822214619F036FE65
:10C67000284613B0F0BD382C2AD103AE00F10C04CB
:10C6800011AF324603CABA4220606160164604F117
:10C690000804F6D11A7B112AC0D019E0102A1BD841
:10C6A00040F2116203AEC2600FAF00F110023446D7
:10C6B00003CCBC4210605160264602F10802F6D15C
:10C6C000206810605A8A02F0220190065982A5D48F
:10C6D000184614F090FABEE703AA00F10C0411AF5B
:10C6E000164603CEBE4220606160324604F1080463
:10C6F000F6D130682060CDE76FF00B05B8E700BFDA
:10C70000982F002008B5FFF715FF48B1054A1368B8
:10C71000834205D0044910600B6801330B60436409
:10C7200008BD00BF942F0020982F00202DE9F04372
:10C730008446894616462F4C9BB01D46DDE923876B
:10C740000CAB04F1300E1A4620686168083403C24D
:10C7500074451346F7D1206861461060227904A819
:10C760001A71202214F062FA6B462022224804A992
:10C7700000F072F80446C0BB102249460DF13500A6
:10C7800014F054FA102231460DF1450014F04EFA1F
:10C79000294611F8013B06220DF156008DF855305F
:10C7A00014F044FA2299062211F8013B0DF15D00C4
:10C7B0008DF85C3014F03AFA4346352268460CA9ED
:10C7C00000F04AF8044680B9404614F039FA0123D3
:10C7D00035228DF8303068463B460CA900F03CF815
:10C7E000044610B9384614F02BFA20461BB0BDE8B9
:10C7F000F08300BFC66F030084A0030070B50E462F
:10C800001D46144698B00146202204A814F00EFAE2
:10C81000202231460CA814F009FA1022294614A847
:10C8200014F004FA10222146684614F0FFF96B4612
:10C830005022684604A900F00FF840B9039B054A4E
:10C840001BBAB3FBF2F102FB11331C9A136018B050
:10C8500070BD00BF40420F002DE9F0418EB0074689
:10C860000C4615460021182208A81E4619F036FD70
:10C870004FF41053ADF81C308023ADF81E304FF448
:10C880004063DFF844801022CDE90938394605AB12
:10C8900007A809F0CDFF20B16FF004000EB0BDE88D
:10C8A000F08106AB0293102322464146CDE9006396
:10C8B00005982B4619F06FF90446059809F072FFA8
:10C8C0002043EBD0E8E700BF0002C00310B5094CDD
:10C8D0000A44914200D110BD11F8013B58400309B0
:10C8E000E35C0001C0B243401809205C1B01DBB2CD
:10C8F0005840EEE794A0030030B50D4D85B04FF0E1
:10C90000FF324FF0FF330B4801A908F0A3F80028CD
:10C91000F5D1094CAC42F2D2236813B1019A93428B
:10C9200003D1D4E9013101A898470C34F2E700BFE4
:10C93000F06E0300D40A0020E46E0300F0B5174641
:10C940001E4685B001909DF82800DDE90C54234671
:10C950002C432A468DF808008DF80910ADF80A70AE
:10C96000039608D0F8F7F4F90849D1F8C840084907
:10C9700009588C4201D100221346064801A918F03B
:10C9800030FA00EAE07005B0F0BD00BF901F002053
:10C9900008000000D40A0020002330B50E490F4CD7
:10C9A000A14201D3002030BD0A68934204D010692F
:10C9B0004BB9038010694380106908314388013303
:10C9C00043801346ECE71D69B5F9025005801B69E9
:10C9D0001069B3F90230EEE7646F03007C6F030067
:10C9E0002DE9F04F0546934600261F460369DFF800
:10C9F0007090B3F90280B3F90040DFF868A087B007
:10CA000023B2984501DC304626E059F834305A68A4
:10CA100012783AB11AF8042022B905951A782AB189
:10CA2000012A07D0304606460134E9E728469B68CC
:10CA30009847F7E79B685A46019302A83B4618F0CF
:10CA40006EFDDDE90223019805A918F0CAF9002856
:10CA5000E8D010F10C0FE6D107B0BDE8F08F00BFB1
:10CA6000686F0300CC0C00202DE9F84F0A9F0546A3
:10CA70009146984618F0ACFB0446A0BBF8F768F95D
:10CA8000DFF868B0064650F80B0018F0A7FB3860D6
:10CA9000EFF3118A202383F31288BFF36F8F2B6982
:10CAA00059693B688B4207DD013956F80B0021EAD2
:10CAB000E17108F04DFE01248AF31188BFF36F8FF6
:10CAC000286904304A46434608F054F9054638B10F
:10CAD00034B1F8F73DF9054B3968185808F038FEBD
:10CAE0002846BDE8F88F0024EAE700BF08000000F0
:10CAF0002DE9F04387B0044689461546984618F05C
:10CB000067FB08B10025A84643462A4602A818F04C
:10CB1000E1FCDDE90267E36823BB0E23059305AB67
:10CB20002A46009320464346FFF79EFF054600BB7A
:10CB300049466268206819F0ABFB32463B46204606
:10CB4000FFF74EFF05462069059E043008F0DEF829
:10CB50000D2E0EDCF8F7FCF8084B1858314608F09B
:10CB6000F7FD06E04846616898470028D5D16FF088
:10CB70002205284607B0BDE8F08300BF080000008A
:10CB80002DE9F74F9246D2F810B002780746042AF2
:10CB90000E4601F1FF3306D0052A7CD0022A54D07C
:10CBA00003B0BDE8F08F012BFAD943783E2B26D194
:10CBB000C378022B21D00D2B21D10379012B1ED15B
:10CBC000B0F80550C5F30015B7F80130033EB6EBD9
:10CBD000132FADF80430E3D19DB14FF000084FF0B2
:10CBE000000942464B4629469DF80400F9F77CF9B6
:10CBF000044648B9002DF4D0D2E70125E4E700252A
:10CC0000E2E74FF4A028EAE700F10C05022201A9AF
:10CC1000284610F05AF9228A638A61699B1AE268F1
:10CC2000521A9B1A9E4203D92046F8F7E7FBB7E752
:10CC30003246F91C284610F048F921465046DBF8E8
:10CC4000003003B0BDE8F04F1847032BA8D90022ED
:10CC500000230820F9F72CF904460028A0D004226C
:10CC6000D7F8013000F10C0528460DEB02010193C5
:10CC700010F02BF9BDF80630053E9E42D4D1228A31
:10CC8000638A61699B1AE268521A9B1A9E42CBD84A
:10CC90003246791DCEE7032B82D9002200232020C3
:10CCA000F9F706F9DFF83880044698B10422D7F87E
:10CCB000013000F10C0528460DEB0201019310F044
:10CCC00004F90023C8F80030BDF80630053EC3F370
:10CCD0000D03D2E7D8F800300133C8F800305FE721
:10CCE000DC310020102208B5034B0120C3F840249A
:10CCF000F8F748FC002008BD00300050084B70B524
:10CD0000C31A0D4607499B10044659434022064862
:10CD100014F0B6F82B4601462046BDE8704018478F
:10CD2000F4310020B76DDBB644680300402373B5CF
:10CD30000B4C0093041B0B460D460A49A41061439B
:10CD40000646094A094814F0C6F8014628B130469B
:10CD50002B4602B0BDE87040184702B070BD00BF5E
:10CD6000F4310020B76DDBB6450F030044680300C3
:10CD70002DE9F8430022012107460520F7F798FE28
:10CD8000114802F073FB0446C0B902F0A3FB25462C
:10CD90004FF01C094FF00C083E690C4909FB056077
:10CDA0000EF0F2FC031E0CDB012308FB05661D449C
:10CDB000042DB367F0D12046BDE8F8836FF004047A
:10CDC000F9E71C46F7E700BFFDCE010058890300D4
:10CDD0001FB5002201236C46CDE902236B46074AAA
:10CDE000CDE9004414F0A7F828B94FF4804200239D
:10CDF000684607F0BFFF04B010BD00BF710F03000D
:10CE000010B5EFF31184202383F31288BFF36F8FE3
:10CE1000074A136823F00201DB07116002D40120E6
:10CE200015F017F984F31188BFF36F8F10BD00BFA1
:10CE3000943200200C22104B014602FB00330020EC
:10CE400030B4D3E91C521867EFF31180202484F327
:10CE50001288BFF36F8F9C6F04F0C00444F002048B
:10CE60009C6780F31188BFF36F8F1DB12B4630BCD8
:10CE70000248184730BC7047F43100204468030072
:10CE800010B4EFF31180202282F31288BFF36F8F6A
:10CE900018490B6843F0020413F001030C601AD028
:10CEA0004FF05023D3F80C14D3F80C3413F00103D3
:10CEB00011D0EFF3118182F31288BFF36F8F0E4A06
:10CEC000936F03F0C00343F00203936781F311886B
:10CED000BFF36F8F012380F31188BFF36F8F23B1EE
:10CEE00000205DF8044BFFF7A5BF01205DF8044B5F
:10CEF00015F0A0B894320020F4310020092813D88E
:10CF0000DFE800F005101212121212120E0C074B7D
:10CF1000986F10F0070007D1FFF78CBF0220FBE7E6
:10CF20000320F9E70120F7E7704700BFF431002044
:10CF3000C3B21C20014A00FB03207047F4310020DB
:10CF40002DE9F041012280463749D1E8EF3FC1E8A1
:10CF5000E02F0028F9D133B9344935484B60CB6014
:10CF60008A600EF024FC08F1FF33012B4FD8B8F192
:10CF7000010F07D14FF05023D3F81C3403F0030303
:10CF8000022B44D018F024F9054658B1EFF311866E
:10CF9000202383F31288BFF36F8F01254FF05024B5
:10CFA000244F22E0244B1B78002BEFD04FF050236E
:10CFB00002220646C3F80823F0E755B330460FF0C7
:10CFC000B7FED4F81835DBB2012B0ED1D4F804210A
:10CFD0005AB10022C4F80421D4F804210222C4F872
:10CFE00018252022C7F88021A360D4F81824D4F88B
:10CFF0001834D203E1D503F00303022B02D0B8F1B9
:10D00000010FDAD155B186F31188BFF36F8FBDE8F8
:10D01000F0810021212018F07BF9D2E74FF0502356
:10D020000222C3F80423F2E7F0310020E0310020AF
:10D030001032002000E100E0EA3E0020024B0B60CD
:10D0400001231360704700BF188A0300004870472F
:10D050008C8903002DE9FF470023CDE901330393B9
:10D06000AB23314C8DF80430D4F8243501205FFA1D
:10D0700083FAD4F828355FFA83F9D4F83035D4F838
:10D0800034755FFA83F84FF0FF33D4F83865D4F87D
:10D090003C55C4F82435C4F82835C4F83035C4F8F4
:10D0A0003435C4F83835C4F83C3503F091F9BAF199
:10D0B000FF0F08BF4FF0FF3AB9F1FF0FFFB208BFF3
:10D0C0004FF0FF39B8F1FF0FF6B208BF4FF0FF384D
:10D0D000FF2FEDB208BF4FF0FF37FF2E08BF4FF014
:10D0E000FF36FF2D08BF4FF0FF35C4F824A5C4F864
:10D0F0002895C4F83085C4F83475C4F83865C4F888
:10D100003C55044660B9014601A813F0FCFF002815
:10D1100008DB232017F04DFD204604B0BDE8F08762
:10D120006FF004000446F7E700B002502DE9F04725
:10D13000436805460021586B88B014F04BF8041E74
:10D140006FDB002201212B20F7F7B2FC286914F0D5
:10D1500071F86E682A693046374903F067F8041E93
:10D1600057DBFFF777FF0446002852D19F234FF08B
:10D17000030A05AF0590014678600DF108093846AD
:10D180000DF10C08CDF80C90CDF810A08DF81430EE
:10D19000CDF81C8013F0B7FF041E3ADB5246494617
:10D1A00006F1300019F0A9F8044600283FD16A685A
:10D1B000537F023B012B38D9167F023E022E8CBFD3
:10D1C0000026012613F0E2FF002833DBC2B2C0F3D1
:10D1D0008010B0421DD00023012182F04002CDE931
:10D1E0000413ADF80430BB608DF80420384601AA62
:10D1F00003928DF81410CDF8188013F084FF0446C4
:10D2000038B913F0C3FF041E01DBE307F9D404EAC5
:10D21000E474284613F059FF03F0F6F808B103F060
:10D22000E3F8204608B0BDE8F0870126CAE76FF0B2
:10D230001204EEE70446ECE7FB1003007FB5054659
:10D240000E460FF0A7F90446002842D1286913F0D2
:10D25000D0FF286913F0EEFF66B1012E25D06FF0E4
:10D260008504284613F031FF286907F04FFD20465A
:10D2700004B070BD6E6803F053F8014630BBB923AB
:10D2800001A80191C0E901118DF8043013F03BFFB2
:10D29000041EE6DB0A2017F08CFC03F05DF8012188
:10D2A000706B13F097FF0446DBE76E682146706BE6
:10D2B00013F090FF041ED4DB30462A69064902F0C1
:10D2C000B5FF041ECDDBFFF7C5FEECE76FF00F04E2
:10D2D000C7E76FF00F04CAE7FB100300024B0B60B7
:10D2E00001231360704700BF983200200048704748
:10D2F000208A030010B501220648114617F02BFEC4
:10D3000015F0D9F9044C206015F0D2F960600020C6
:10D3100010BD00BFA03200209832002070B50C462E
:10D32000154615F0C5F929460646204614F031F990
:10D3300000B3B4FBF6F306FB1343DBB9B5FBF6F31E
:10D3400006FB1353B3B9AE4212D84FF0FF324FF081
:10D35000FF330A4807F00EFD15F0AAF906462046ED
:10D3600002F048FCAD1B3444F9D1044807F0CEFC70
:10D37000002070BD6FF01500FBE700BFA032002059
:10D38000F8B50E461946304617461D4614F001F909
:10D3900010B346EA050414F003041DD10DB90020B2
:10D3A000F8BD4FF0FF324FF0FF330D4807F0E2FCBD
:10D3B00025F00305A54206EB040008D1094AD2F87E
:10D3C0000034DB07FBD5064807F0A0FCE7E7395936
:10D3D00002F02AFC0434EDE76FF01500E0E700BF2F
:10D3E000A03200200090035070B546680546B06832
:10D3F00090B115F000F9014670B9B06802F050FA2A
:10D40000044678B902460949B06815F0DEF82246AC
:10D4100005210D20F7F74CFB2846BDE87040044974
:10D420000FF0E1B86FF0040070BD00BFB5D501008A
:10D43000791603002DE9F04340F206364768D0061E
:10D4400048BF4FF0030C3B7C02EA060658BFC2F30C
:10D45000401C87B001F01F05B6F5837F144645EAEE
:10D4600043158DF803C043D00DD8062E16D005D82D
:10D47000A6B1022E3ED06FF0150036E0B6F5807FE3
:10D48000F9D101260AE040F20222964234D0B6F5E4
:10D49000407F33D0B6F5007FEDD1022622032FD591
:10D4A00001237A688B409360B86890BB05F01F0336
:10D4B0006D092CD0012D75D13C4A02EB8302C4F3D7
:10D4C0000043D2F8001283F00103C4F3404444EA5D
:10D4D000430421F4706144EA8C0421F00F0144EA12
:10D4E00006230B43C2F80032002007B0BDE8F083EA
:10D4F0000726D3E70426D1E70526CFE70326CDE7A5
:10D50000630341BF01237A688B40D360CCE7284A8C
:10D51000D3E729460DF1020215F05AF814F4403F02
:10D5200080460CD12946B86815F06BF8B8F1000FA9
:10D53000DAD19DF80210B86802F0E4F9D4E74FF0B0
:10D54000000901ABCDE90199CDE90439CDF80C9082
:10D550002946B86803AA14F010FF4845C4DB14F448
:10D56000003314D09DF80330C4F3004484F0010468
:10D570008DF80E308DF80C608DF80D404B46294625
:10D58000B86803AA14F0ACFF0028CFDAACE7CDE905
:10D5900004330DF1030303932946B86803AA14F07A
:10D5A000ECFEF1E7803350F82330FFDE0028845092
:10D5B000002584504209034670B502D0012A17D0D5
:10D5C00070BD0D4E326951680029F9D0012503F074
:10D5D0001F030C689D400029F2D08A682A4002D0BF
:10D5E00030464B6898472CB1236821461C46F2E729
:10D5F000024EE7E72346F8E7846803006468030007
:10D60000F0B544681646A068227C01F01F0587B07B
:10D6100045EA421500286CD0B6F5001F04D1294612
:10D6200015F041F8002055E06268607CB6F5800F87
:10D6300050624FF0000001AA0190506037D1B3F161
:10D64000007F14BF052304238DF804300023CDE9A7
:10D6500004230393E3680DF1030723FA01F111F0AA
:10D66000010139D1B6F1A07F36D105F01F036A0957
:10D6700003F1800326D0012A3ED1214A52F82330FB
:10D68000DB0729D43A462946A06814F0A1FF1630DA
:10D690001AD002972946A06803AA14F06EFE00284B
:10D6A00018DB01222946A06814F0ADFFBAE7B3F1F8
:10D6B000C06F05D0B3F1007F14BF01230223C3E77D
:10D6C0000323C1E70F4AD9E73946A06802F024F9DD
:10D6D0000028DEDA07B0F0BD3A462946A06814F00B
:10D6E00077FF0028D6D19DF80310A06802F00AF950
:10D6F000D0E76FF08500EDE751F82330FFDE00BF83
:10D7000000288450002584504FF050231549D3F849
:10D71000002402F001030A4218BF43F01003D106AF
:10D7200048BF43F48073910648BF43F0800311065D
:10D7300048BF43F02003110748BF43F002035107DD
:10D7400048BF43F02003510648BF43F08003D10196
:10D7500048BF43F08003520148BF43F00803036011
:10D760000020704702000002034610B40C46DA881D
:10D77000006802F040021979224383689C693CB139
:10D78000064BA44613405DF8044B02F0B0726047AC
:10D790006FF057005DF8044B704700BF4000000673
:10D7A000F0B550F8185C85B06B682A69DC68D2E87F
:10D7B000AF2F012A22D06B6818389E68104A041BCC
:10D7C000E11001FB02663046DF6813F08CFF031E98
:10D7D00014DB3A1992F910108B420FD04FF0FF3042
:10D7E0004FF0FF3113743289CDE902010121003B72
:10D7F00018BF012328460091FFF7A0F805B0F0BD3F
:10D80000ACAAAAAA2DE9F84FD0F804B00746DBF875
:10D810000C50002618352C464FF00C0ADBF804207B
:10D82000B24205DC9BF81420002A44D1002040E0DD
:10D830000AFB06F8DBF8082052F8080002EB08099A
:10D8400017F0D3F900284AD04FF48031484613F03E
:10D8500035FF70BB44F8187C2046DBF8101017F039
:10D860005EFC9BF8142012B101364834D6E7012241
:10D87000DBF808001D4B00EB080999F8041002FAC8
:10D8800001F144E9043150F80800A4F1140183685F
:10D89000DB693BB3984700280BDB484613F023FFB6
:10D8A0004FF0E86104F8080C4846FFF75DFF0028D8
:10D8B000DADABDE8F88F4FF4004640F2E730002195
:10D8C000DBF800404FF47A720023E4FB0601F3F723
:10D8D00067FC02460B46284607F0BEFCA6E76FF041
:10D8E0001200E6E76FF05700E3E700BF11170300EF
:10D8F00010B504460269A2B01749C2F880000020A2
:10D9000002F0FEF8002201212A20F7F7D1F8842244
:10D91000002101A8646818F0E1FC0023012001AA9D
:10D9200061680432D940C90744BF00FA03F142F8E4
:10D93000041C2168D940C90748BF00FA03F103F16C
:10D94000010348BFD163102BEAD101A802F0ECF823
:10D95000002022B010BD00BFFF180300036803F0D1
:10D960001F025B09026004D0012B034818BF00208E
:10D9700070470248704700BF00288450002584503B
:10D980002DE9F04F1546074640F2FF1900EB8108DC
:10D99000574985B0B84503D1002005B0BDE8F08FE8
:10D9A0003B68C3F3C322082AC3F3080400F29A8039
:10D9B00050481B0E4C4508BF4FF0FF34865C222BAD
:10D9C00000F29380DFE803F01220252891919191D5
:10D9D0009191912B379191919191919191913A439C
:10D9E00046499191914C5154575A5D00C5F80C45E8
:10D9F000631C2AD003A80394FFF7B0FF0122039B06
:10DA000002FA03F383604AE0C5F814454FF0000BB7
:10DA10000CE0C5F80845EBE7C5F81045F6E7C5F892
:10DA20000845002EF2D14FF0000B0626601C0CD0EA
:10DA30004FF0000A36E0C5F80C45F2E7C5F860453E
:10DA40007B88621C03F001031ED10437A2E7C5F8EE
:10DA50006445F5E7C5F86845F2E7C5F86C45EFE7BA
:10DA6000C5F824454FF0010BE0E7C5F82845BFE7AE
:10DA7000C5F83045F6E7C5F83445F3E7C5F838454D
:10DA8000F0E7C5F83C45B3E7002BB3D103A80394F6
:10DA9000FFF764FF0122039B02FA03F3C3604FF018
:10DAA000010BDA463B6803A81A0444BF4FF0010B90
:10DAB0004FF0000A01930394FFF750FF039C019B72
:10DAC00000EB8400D0F80042C3F3412C330243EA58
:10DAD0008C0343EA0A030C40234343EA4B03C0F898
:10DAE0000032B2E76FF0150057E76FF0850054E79A
:10DAF000F0F0FCFFA4A00300036803F01F025B0921
:10DB0000026004D0012B034818BF00207047024870
:10DB1000704700BF002884500025845010B504468B
:10DB2000002201212120F6F7C3FF2369064A184687
:10DB3000616814F035FE002805DB2046BDE8104082
:10DB400002490EF050BD10BD091A03004D1B030021
:10DB50000123834070B5DC430C4AD2E8EF1F01EA91
:10DB60000405C2E8E65F002EF7D14FF48032824010
:10DB70000748C0F80823BFF35F8FBFF36F8F03EA36
:10DB80000100003818BF012070BD00BF58330020CD
:10DB90000050015070B4124922F07F46D1E90034A0
:10DBA000D01AC31844F10004C1E90034A6F50013EB
:10DBB000B3F5400F09D20B4B1B681A0A1B069C19C0
:10DBC000094B42F10005C3E90045EFF31181202321
:10DBD00083F31288BFF36F8F70BC08F077B800BF73
:10DBE000601C00205C330020681C0020D9B1012398
:10DBF0000D4A8340D2E8EFCF4CEA030CC2E8E1CFF4
:10DC00000029F7D14FF48033084A8340C2F8043327
:10DC1000074BD3E8AF3FC340DB0742BF4FF40012CE
:10DC2000044BC3F8002170475833002000500150C6
:10DC30005433002000E100E00D4B1868010A000693
:10DC4000BFF35F8F0B4BD3F80435181841F1000177
:10DC5000B3F5801F0AD2084BD3E90023904271EB41
:10DC6000030303D210F1807041F10001704700BF3F
:10DC70005C33002000500150681C00202DE9F04F5B
:10DC800085B016461F4604469DF840A0FFF760FF8A
:10DC90000190FFF7D1FFB04271EB07035CD23B4B21
:10DCA000301A67EB0101984271F1000109D36FF05E
:10DCB000150520460199FFF799FF284605B0BDE8F4
:10DCC000F08F334B03EB0413D3E902239F4208BFC9
:10DCD00096424ED04FF480382E4908FA04F8204678
:10DCE00026F07F4BC1F8488313F07EFF4FF0030905
:10DCF000584604F15005AD00ADB205F1502504F5CC
:10DD0000A87305F580350293029A20F07F4341F80D
:10DD10002230C1F84483D1F804351F4AC01A0338B1
:10DD200020F07F40904224D9286868B1D1F80435AA
:10DD3000A3EB0B0020F07F40B0F5000F039318D940
:10DD4000204613F051FF039BBAF1000FAFD109EB4E
:10DD5000030009F10109D7E7BAF1000FA7D10123A8
:10DD60000E4AA340D2E8EF0F1843C2E8E10F0029A2
:10DD7000F8D107490E982301C8500F9B01EB0412FC
:10DD80000025C2E90267536093E700BF01008000ED
:10DD9000501C002000500150FDFF7F005433002034
:10DDA0007FB500254FF0FF304FF0FF31194C1A4B73
:10DDB0000226C4F80833C4F84833184BC4F8085591
:10DDC000C3E902014FF480334FF40012C4F8043366
:10DDD000134B0121C4F804631520C3F880212A469F
:10DDE000F6F766FE1520F6F733FE01230D4AA36011
:10DDF000236013600C4B0D4A009328460023CDE9A5
:10DE00000155FFF73BFF3046FFF79AF8284604B06C
:10DE100070BD00BF0050015003000F00501C0020D7
:10DE200000E100E05833002095DB0100FFFF7F0098
:10DE30002DE9F34D2C4BD3F8042391070BD5D3F8E0
:10DE4000042142B10022C3F80421284AD3F8043146
:10DE5000136801331360244CD4F80433DA033DD53E
:10DE6000234BD3E8EF2F22F00101C3E8E01F002885
:10DE7000F7D1D30702D4D4F840317BB30025C4F8DE
:10DE80004051D4F84031FFF7D7FEEFF31182202341
:10DE900083F31288BFF36F8F164BD3E90267B0424A
:10DEA000B9411ED3D3E900184FF0FF3A4FF0FF3BC2
:10DEB0001D60C3E902AB4FF48033C4F84833C4F8A3
:10DEC0004051D4F8403182F31188BFF36F8F29B1EC
:10DED00032463B460020CDF80080884702B0BDE8BE
:10DEE000F08D2946EFE700BF005001505C33002061
:10DEF00054330020501C002030B5431C124C85B018
:10DF000005D08442A8BF0446012CB8BF0124FFF706
:10DF100093FE0E4B0C4DD3E90013401AB0F5000FE1
:10DF20000FD22218AA4228BF2A46002052180849B8
:10DF3000CDE90100009143F10003FFF79FFE05B01A
:10DF400030BD2A46F1E700BFFFFF7F00601C0020C4
:10DF500095DB010008B5FFF76FFE024B1B68C01A86
:10DF600008BD00BF601C0020012310B5074C152020
:10DF70006360F6F77BFD4FF40012054BC4F80833DD
:10DF8000C4F84833034BC3F8802110BD0050015042
:10DF900003000F0000E100E037B504690D4694F876
:10DFA00039304BBB0B7B022B29D10B680BBB94F890
:10DFB00038204B68D2B9134A591E914219D863636D
:10DFC00020460DF1070114F006FD10F10C0F0BD0E7
:10DFD000AB689DF8070013B104EB8002536194F81D
:10DFE0003830013384F8383003B030BD626B9A4268
:10DFF000E6D06FF01500F7E76FF00F00F4E76FF071
:10E000008500F1E7FEFFCF0710B50022046901216A
:10E010001820F6F74DFD00232046BDE810401946B4
:10E02000014A14F0B4BC00BF2DE00100B0F5827FBE
:10E03000F8B50C4602D10B4806F068FE01270A4EDF
:10E0400004B9F8BD94FAA4F5B5FA85F506EB850395
:10E050005B6913B129460548984707FA05F524EA94
:10E060000504EDE718070020DC060020E468030043
:10E0700010B5074C237843B9064816F0B6FD08B131
:10E08000012323702078013810BD0020FCE700BF79
:10E09000E63C0020E4690300064B1B7843B1064BC5
:10E0A0001B682BB18168C088003918BF012118474F
:10E0B000704700BFE73C00206033002010B5074CDC
:10E0C000237843B9064816F090FD08B10123237068
:10E0D0002078013810BD0020FCE700BFE73C00209D
:10E0E000C469030001282DE9F04103D0022841D181
:10E0F000012400E00024204F644204F00C04E619DF
:10E10000B6F806E0385931794EF480320125D0F85E
:10E1100010C01EF0010FDCF8003005FA01F514BF45
:10E120002B43AB43D0F80880CCF80030D8F800304F
:10E130009847F8B9F3883859317903F04003826879
:10E1400005699469B4B101222D688A402A420CBF46
:10E1500043F0986383F0307323F0794323F47F0313
:10E1600023F47F43A446BDE8F0414FF4800223F03E
:10E17000BF036047BDE8F081548B0300014B18607A
:10E18000704700BF60330020012837B51DD002283A
:10E190001DD101230F4A5B4203F00C03D05899189C
:10E1A0000C790569836801A95B68984740B92B68B9
:10E1B000019858400123A3401840003818BF01209F
:10E1C000003818BF012003B030BD0023E2E7002073
:10E1D000F9E700BF548B03000346012B084608D81B
:10E1E00041B10C21044A01FB03231B890380012058
:10E1F00070470020704700BF548B03001FB5134CBD
:10E200002378CBB9124816F0F0FCB8B10123237083
:10E2100010220021684618F061F840F6B8330193E7
:10E2200002230B488DF80C30836869469B68984739
:10E23000084B0028186004DB002004E02378002B42
:10E24000E6D14FF0FF3004B010BD00BFE83C002025
:10E25000E46803006433002008B5034800218368A4
:10E260001B689847C01708BDE4680300024B196893
:10E2700002488368DB68184764330020E4680300C1
:10E28000014B1868704700BF68330020014806F052
:10E290003DBD00BFFC0A0020014806F0B1BC00BF34
:10E2A000BC090020F0B503788BB004460E46174633
:10E2B00007AD032B20D8DFE803F002191B1D11491D
:10E2C0002846F2F791FF0595637839460493A378C1
:10E2D00030460393E3780C4A0293237901936379E0
:10E2E0000093A3790BF03EFB0BB0F0BD0749E7E7C5
:10E2F0000749E5E70749E3E70A212846064A0BF004
:10E3000031FBE0E73D910300CB910300A9910300AD
:10E31000B0910300BA910300C4910300F0B5044624
:10E3200089B00021164668461E221D4617F0D6FF0A
:10E330002046FAF7B9F80746204610F067F91E2282
:10E340006946FFF7AFFF204610F032F9012811D9D6
:10E35000F42D0FD8FC2007F06BFD044650B1314678
:10E36000C58007712A46083017F092FF21460348FE
:10E3700016F0CAFD284609B0F0BD00BF1C0B0020F6
:10E3800070B588B00646FAF78FF80446134D30464C
:10E3900010F03CF91E226946FFF784FF55F834302F
:10E3A000B34212D14FF0FF334FF0FF320C4806F06A
:10E3B000B5FB55F83400F9F75DFF002345F834301C
:10E3C00005EBC4052B71FFF767FF064B5B681BB1BC
:10E3D000002269462046984708B070BD9833002057
:10E3E000BC090020A833002070B594B0164605463D
:10E3F000FAF75AF80446284610F008F901A91E2237
:10E40000FFF750FF284609A9FAF7AAFB8EB99DF835
:10E410002520012A0BD10A4B03EBC4031A71094BC7
:10E420005B6823B104220DEB02012046984714B02B
:10E4300070BD044B5B68002BF9D0032201A9F4E7FF
:10E4400098330020A83300202DE9F04194B088468D
:10E450000446FAF729F8054600272046304E10F00A
:10E46000D5F81E2201A9FFF71DFF06EBC5031F719A
:10E47000B8F1000F1CD056F83530A34215D14FF03B
:10E48000FF334FF0FF32274806F048FB56F83500BF
:10E49000F9F7F0FE46F83570FFF7FEFE224B5B6899
:10E4A0001BB13A46284601A9984714B0BDE8F0814F
:10E4B0000221204610F047F84FF0FF334FF0FF32B3
:10E4C000184806F02BFB56F8353023B920460FF0DC
:10E4D000D0FF46F83500FFF7DFFE09A92046FAF71E
:10E4E0003FFB2046F9F7E0FF104A114B114620464A
:10E4F0001360FCF7A7FD0F4B69462046009310F010
:10E500008BF89DF82530012B03D120460A4910F0E5
:10E51000CAF8054B5B68002BC7D00222C2E700BFD8
:10E5200098330020BC090020A83300206C33002061
:10E53000C11C030000000202648F030010B5074CE9
:10E54000206838B10FF03AFE28B920680FF08DFE30
:10E5500000B9206010BD4FF0FF30FBE7943300207E
:10E560002DE9FF410646FFF7E9FF8EB14FF00108A4
:10E570001D4F1E481E4C00212246F9F703FA05469E
:10E5800058B1002323604FF0FF3004B0BDE8F081A4
:10E590004FF00308174F1848ECE700900346394640
:10E5A000424620680FF035FE074620B120680FF084
:10E5B0005CFE2560E7E7F8F76FF9024620B12068B6
:10E5C0000FF053FE2760DEE716B10C49FDF7F8FEA9
:10E5D0000025206803A9ADF80C508DF80E50F9F70E
:10E5E00003FA0028D1D0E1E7E48B03008407002080
:10E5F000943300206C07002098070020251D03009D
:10E600000128034609D8064A52F8300010B102EB3F
:10E61000C302107900F0010070470020FAE700BF44
:10E620009833002038B505464FF0FF324FF0FF33E6
:10E63000084806F073FA2846FFF7E2FF044628B1BF
:10E64000054B53F835000FF014FF0446FFF724FE86
:10E65000204638BDBC090020983300202DE9F04346
:10E66000264F93B04FF0FF324FF0FF33244806F0AF
:10E6700017FB04460079FFF7D5FF054618B9204679
:10E6800016F0F8FFEEE707A9FAF76AFA28269DF8D0
:10E690001D80B8F1010F2ED118220021B4F8069088
:10E6A00001A817F01BFE04F108034246394628462C
:10E6B00002970393ADF8109011F01FFCC0B101A9AF
:10E6C0002846FCF7BBFB01462079FFF799FF58B1BC
:10E6D00051B111F1780F01D00C3105D14220002148
:10E6E00016F016FE013ED2D12846F9F7C3FDC6E763
:10E6F0006FF01501E8E70021E6E700BF948B030007
:10E700002C0B002070B50D4E4FF0FF324FF0FF3351
:10E710000B4806F0C5FA057904462846FFF770FF56
:10E7200018B9204616F0A6FFEEE73368002BF8D0A4
:10E730002846E28804F108019847F2E7A833002050
:10E740001C0B002008B5064B53F8300030B11321E4
:10E750000FF0B5FEB0FA80F0400908BD0120FCE7DB
:10E76000983300202DE9F04107460E461446FFF786
:10E7700059FF804618B94FF0FF30BDE8F08111F025
:10E780007FFB05464046063DF9F774FDAC42F2D8E2
:10E79000F42CF0D8FC2007F04BFB05460028EAD00B
:10E7A00022463146C4800771083017F071FD0348D6
:10E7B000294616F0A9FB2046DFE700BF2C0B0020FE
:10E7C000F7B5324F16463A780C46002A5BD123B192
:10E7D0002F4A19685B6811605360A0B16A462D49E1
:10E7E000F7F702FB00280FDB9DF8063003F0C003AB
:10E7F000C02B08D10123002168468DF80030F8F7BE
:10E8000027FC002800DB1CB94FF0FF3003B0F0BD3F
:10E810002046F2F7F1FC431E1F2B0546F4D80246B2
:10E8200021461D4817F034FD1C4B1D485D741D4BDF
:10E830001E60FBF76DFF1C48FAF78CFA0028E3D145
:10E840001A48FAF7A3FA0028DED11948F8F744F875
:10E850000028D9D14FF0FF324FF0FF33154806F0B2
:10E8600089FA2046F7F716FE10B1F7F78BFFCBE7D2
:10E870001148F5F71BFB01233B70104816F061FDB2
:10E880000F4816F05EFD0020C0E700BFE93C002005
:10E89000A83300203D910300B70800206C0700203A
:10E8A0005407002068330020380700202807002084
:10E8B0008DE20100FC0A002042980300381D002070
:10E8C000701C0020012330B58FB004460D4607A808
:10E8D00006A90693F8F7AAFB069B13B312220021A0
:10E8E00009A817F0FBFC9DF81D30122104939DF838
:10E8F0001E300D4A03939DF81F3009A802939DF81E
:10E90000203001939DF8213000939DF822300BF0C8
:10E9100029F82A46204609A917F046FD00200FB025
:10E9200030BD6FF00100FAE72B9B0300F0B5104FEC
:10E9300005463B680C46C7B063B101AE4FF4807228
:10E94000304606A904F0E4FA22463046094915F09B
:10E950009AFB10B94FF0FF3007E028463B68B289B8
:10E9600006A998470028F5D0606847B0F0BD00BF01
:10E97000B03300209872030000232DE9F043ADF579
:10E980000B7D064608AF04A8039304F0C9FD3A4680
:10E99000474904A815F0EFFB0DF10C08054628B90E
:10E9A000002528460DF50B7DBDE8F0833B78012B53
:10E9B00005D0042BF4D17B68002BF1D103E07B68F8
:10E9C0000BB9FF2EECD138897A2812D8632801D8E8
:10E9D00000240BE00124A0F164039BB29C40354B62
:10E9E0002340002B54D1344B1C4049D120462546AE
:10E9F0000EE0D6283AD8C728EAD945F21F55A0F12B
:10EA0000C8039BB2DD4015F0010549D12C462846CC
:10EA1000D8F800300DF59279A9F80830002DBFD054
:10EA20003B78042BBDD0FF2E03BF042389F80030B0
:10EA30000023C0F103001CBF7B6889F80000494631
:10EA40003046C9F80430FFF771FF002CA9D099F8BF
:10EA50000030022BA5D1042389F800300023494659
:10EA6000FF20C9F80430FFF761FF9AE7B0F5C87FCF
:10EA7000AED1424600964CAB0BA900F083FA0DE0F4
:10EA8000424600964CAB0BA900F05AF82C46BFE763
:10EA9000424600964CAB0BA900F052F80024B7E7B1
:10EAA000424600964CAB0BA900F0D0F9F6E700BF48
:10EAB0009872030075A854000A040100014B186005
:10EAC000704700BFB0330020702310B50360084BBF
:10EAD0000C465B6A0BB9002010BD01F10C02201D31
:10EAE000083198470028F6D001232370F4E700BFCF
:10EAF000B4330020002310B58AB00B604B600B814B
:10EB00006D2303600D4B0C461B6913B900200AB03E
:10EB100010BD01A898470028F8D001232370019B5D
:10EB2000A370029BE370039B2371049B6371059B9D
:10EB3000A371069B03F5FA632381E8E7B433002051
:10EB4000F0B51C46002364389BB00E461746136090
:10EB5000162800F2C080DFE810F0170024003C0007
:10EB60004800410082008A00BE00BE00BE008D0049
:10EB70009C00BE001001BE00A300A800BE00B400AF
:10EB8000BE003700BE0031016B233B60964B1B6813
:10EB9000002B00F0A080202120461BB0BDE8F040F3
:10EBA0001847914D6B686BB10846984706466B2332
:10EBB0002D683B6015B320212046A84706EA0003D4
:10EBC000DDB21BE01E46F2E779233B60864B9B6873
:10EBD000DEE76C233B60844BDB68D9E7214638468F
:10EBE0001BB0BDE8F040FFF785BF0B784BB900259F
:10EBF00021463846FFF77EFF0540EDB228461BB0A0
:10EC0000F0BD8B7891F902C03B2BF0D8CB7891F90D
:10EC100003503B2BEBD80B7991F90400172BE6D866
:10EC2000737991F905101F2BE1D8B37996F9062075
:10EC30000C2BDCD8B6F90830A3F5FA639EB2642E2B
:10EC4000D5D8CDE90423684BCDE900C55B69CDE992
:10EC50000201002BCBD0684698470546C8E7624BB7
:10EC6000DB69002B37D01BB0BDE8F04018475E4B86
:10EC70009B69F6E70D783DB15B4B1D6A25B10A7BB8
:10EC80003079097AA847054621463846FFF71CFF28
:10EC9000B2E7214638461BB0BDE8F040FFF714BF8D
:10ECA00075233B60504B9B6A72E74F4DEB6A33B163
:10ECB0000846984706467523AD6A3B607AE71E46CC
:10ECC000F9E777236C223B600021204617F006FB12
:10ECD000454B1D6B0DB9002590E768220021684661
:10ECE00017F0FCFA6846A84705460028F3D0202212
:10ECF0006946204617F058FB302208A904F121008C
:10ED000017F052FB149BBDF8642063659DF85430E6
:10ED1000A4F8682084F858309DF8553084F866309F
:10ED20009DF8563084F859309DF8573084F85A30A1
:10ED30009DF8583084F85B309DF8593084F85C3089
:10ED40009DF85A3084F867309DF85B3084F85D3068
:10ED5000BDF85C30A4F85E30BDF85E30A4F86030D9
:10ED6000BDF86030A4F86230BDF86230A4F86430B9
:10ED70009DF8663084F86A3040E7722314223B60C5
:10ED80000021204617F0AAFA174B5D6B002DA2D088
:10ED900014220021684617F0A1FA6846A8470546E4
:10EDA000002898D09DF800302370019B6360029B7F
:10EDB000A360039BE360049B23611FE77B228DF824
:10EDC00000303A602380084B9B6B002B83D0694650
:10EDD00030789847054600283FF47DAF337823709C
:10EDE0009DF80030637009E7B43300200F4B0268D0
:10EDF0001A6042685A6082689A60C268DA60026982
:10EE00001A6142695A6182699A61C269DA61026A69
:10EE10001A62426A5A62826A9A62C26ADA62026B51
:10EE20001A63426B5A63826B9A637047B433002053
:10EE3000CD23036000230B70034B9B680BB1084686
:10EE400018471846704700BFF033002070B51C46C5
:10EE50000023C83888B00D46164613600E280ED819
:10EE6000DFE800F0082E3A3D440D0D0D6F0D540DF6
:10EE70005D0D6600CE231360364BDD680DB90020B2
:10EE80001CE007AB019306AB009304AA05AB03A9F2
:10EE900002A8A8470028F2D0012300222380626044
:10EEA0002372029A2376059BE260E361039A069B34
:10EEB00022612362049A079B6261636208B070BD9D
:10EEC000244B1D680DB1A847054621463046FFF783
:10EED000AFFF2840C0B2F1E71E4B5D68F2E7214664
:10EEE000104608B0BDE87040FFF7A2BFCF23136003
:10EEF0000B68236000236360164B1B69002BBED098
:10EF00002868211D08B0BDE870401847D32313605E
:10EF10000B682360002363600E4B5B69EEE7D5232B
:10EF200013600B682360002363600A4B9B69E5E76D
:10EF3000D72313600B68236000236360054BDB69F4
:10EF4000DCE7D12313600B68236000236360014B6F
:10EF50001B6AD3E7F0330020094B02681A6042684D
:10EF60005A6082689A60C268DA6002691A6142690E
:10EF70005A6182699A61C269DA61026A1A627047EB
:10EF8000F0330020B0F5C87FF8B51D460C464FF0B1
:10EF9000000302D013600020F8BD40F29111254E0D
:10EFA00011602B706B6094F9F67033682F72002B30
:10EFB000F1D0B3699847874202DB05232B70EAE75B
:10EFC0002378013B032B1DD8DFE803F0021E2A3112
:10EFD000D4F8CC303BB93368D4F8D01094F8F600AC
:10EFE00098470028E9D07768D4F8CC30628894F844
:10EFF000F600211DB8470028DFD001232B7073696C
:10F00000984768600120C7E7B368B4F8D42094F843
:10F01000F60004F1D60198470028CED00223EDE790
:10F02000F36898470028C8D003232B70EAE73369B8
:10F030009847E7E714340020D0F800C0F0B5BCF1E1
:10F04000000F13D047688FB186687EB105696DB136
:10F05000C4685CB1416949B182693AB1044BC3E902
:10F0600000C7C3E90345C3E905129E60F0BD00BFB8
:10F07000143400204FF40071014807F043B800BF7A
:10F08000EA3C002008B5F5F7D7F8F5F7BDF90E4BC7
:10F090000E4A92E803000E4A83E8030092E8030058
:10F0A0000C4B0D4A83E8030092E803000B4B0C4A1B
:10F0B00083E8030092E803000A4B83E80300BDE8FD
:10F0C000084008F04FBE00BF54340020DC0200208E
:10F0D000D402002048340020CC0200203C34002020
:10F0E000E402002030340020F0B5816885B010398A
:10F0F000054621F007040DF0EAFA6A460A4B03F1CF
:10F100001007164618685968083303C6BB423246D2
:10F11000F7D110236A46214628460DF0AAFA003896
:10F1200018BF012005B0F0BD7C8F030030B50D463F
:10F13000816887B0102302AA103904460DF084FAC2
:10F14000002802DA012007B030BD1022204602A9B3
:10F1500012F037FE00283AD110221E4902A817F0FB
:10F16000CCF800280CBF012302232B70204612F09C
:10F1700022FE012301460DF1070220460DF064FA3C
:10F180000028DFDB9DF80730204603F00F021B0943
:10F190006A702B7101220DF1070112F012FE10B9F5
:10F1A0006B78042B03D901236B7000232B71A268A9
:10F1B0002046183A22F00702083AA91C12F014FE61
:10F1C0000028BFD12046E91C12F066FEBBE70323EE
:10F1D000CBE700BF7C8F030013B50C4B0C4603EB51
:10F1E000C00001A90079F4F789FD014660B9221E2B
:10F1F00018BF0122019812F06CFE044601980DF030
:10F2000022FA204602B010BD0124FAE7EC8B03007D
:10F2100008B512F091FE58B1664BD3F8202A3AB9DE
:10F220000D21C3F8201A0121C3F81C19C3F81C29A9
:10F230000022D30003F57F03D3F80013013107D078
:10F24000D3F800130132D3F80433202A0B60F0D135
:10F2500012F072FE002840F0A48012F06DFE40B162
:10F26000554B564AC3F830254FF050230122C3F8BE
:10F2700058254FF47F03D3F83021D3F83431072ACF
:10F2800006D1023B012B9EBF00224D4BC3F84C25FB
:10F2900012F052FE50B14FF05023D3F80024D107A2
:10F2A00042BF0022C3F81421C3F818214FF47F0392
:10F2B000D3F83021D3F83431072A09D14FF0502345
:10F2C000D3F80024D20744BF6FF00102C3F8002432
:10F2D00012F032FE18B16522364BC3F80C274FF4FA
:10F2E0007F03D3F83021D3F83431072A16D1344BB9
:10F2F000D3F82034002B11DA4FF050230322C3F847
:10F30000182501229A60D3F80421002AFBD000229C
:10F31000C3F804210122DA60C3F818254FF47F03F3
:10F32000D3F83021D3F83431072A20D1023B022B05
:10F330001DD97E221F4B2049C3F80C27C3F83C2956
:10F340007F23204AC2F818310023C1F8043EC1F8D7
:10F35000083E01F54821C1F81031C2F82431C2F845
:10F360002C3102F5FF1202F58052C2F8A032164B82
:10F370001649D3F88C2042F44062C3F88C20086808
:10F38000134AC2F84405C969C2F84C15D3F888205D
:10F3900042F47002C3F88820BFF34F8FBFF36F8F22
:10F3A00008BD2922034BC3F80C270322C3F83C27CE
:10F3B00053E700BF00400050009003504400EFBEF0
:10F3C000002003500020005000ED00E00080FF000E
:10F3D00000600050074B090432B1603003EB0013AA
:10F3E0005960BFF34F8F704703EB0013C3F8081643
:10F3F000704700BF00100850014B12F0E2BD00BF83
:10F40000D5F30100014B1860704700BF6034002045
:10F4100010B5054B1446186812F0A0FD0028A4BFD3
:10F420002070002010BD00BF603400200123024A7C
:10F430008340C2F80435704700700150014B002032
:10F440001B68184764340020014B1B68184700BF35
:10F4500064340020014B09201B68184764340020E5
:10F46000014B08201B6818476434002010B5144C69
:10F47000237913BB01232371124B0028206018BF8E
:10F48000184600F037F8D0B923680F48002B08BFA2
:10F49000184600F0B9F890B923680C48002B08BF53
:10F4A000184600F0F9F850B923680948002B08BF46
:10F4B0001846BDE8104000F063B86FF0770010BD4B
:10F4C000643400203DF4010055F4010049F40100CA
:10F4D00061F4010008B5064B1B6843B10520F5F740
:10F4E000D9FA20B9BDE808400520F5F7B1BA08BD42
:10F4F00064340020074B0246187938B91A6001229B
:10F500001A714FF05023C3F8142570476FF077003D
:10F51000704700BF6C3400204FF050230022C3F826
:10F520000021D3F80021012208491A60096811B1AD
:10F53000C3F804237047D3F80021002AFBD000222F
:10F54000C3F80021D3F80031704700BF6C340020AD
:10F550004FF05023D3F80423D2070DD5D3F8002160
:10F5600052B10022C3F80021D3F800210122C3F8D0
:10F570000823024B1B681847704700BF6C340020FB
:10F58000054B0246187918B91A6001221A717047A2
:10F590006FF07700704700BF743400204FF05023A5
:10F5A0000022C3F82021D3F8202101229A61094AC0
:10F5B000126822B14FF48072C3F804237047D3F865
:10F5C0002021002AFBD00022C3F82021D3F82031CB
:10F5D000704700BF743400204FF05023D3F8042349
:10F5E000D2050ED5D3F820215AB10022C3F820212C
:10F5F000D3F820214FF48072C3F80823014B1B6815
:10F600001847704774340020074B0246187938B900
:10F610001A6001221A714FF05023C3F880257047F9
:10F620006FF07700704700BF7C3400204FF050230C
:10F630000022C3F82421D3F8242101221A62094AA6
:10F64000126822B14FF40072C3F804237047D3F854
:10F650002421002AFBD00022C3F82421D3F824312E
:10F66000704700BF7C3400204FF05023D3F80423B0
:10F6700092050ED5D3F824215AB10022C3F82421D3
:10F68000D3F824214FF40072C3F80823014B1B6800
:10F69000184770477C340020074B0246187938B968
:10F6A0001A6001221A714FF05023C3F818257047D1
:10F6B0006FF07700704700BF843400204FF0502374
:10F6C00010B5D3F818141E4C11F4803FD3F8182449
:10F6D0001BD002F00302022A02D0012A12D1012219
:10F6E0004FF05023C3F818250022C3F80421D3F8A3
:10F6F000042101229A602268A2B9D3F80421002AC9
:10F70000FBD017E012F015FDE9E7D3F81424D20777
:10F71000E5D5D3F81C2402F00302013A012AF1D8FE
:10F7200022681AB10222C3F8042310BDD3F80421C1
:10F73000002AFBD00022C3F80421D3F80431F4E7F7
:10F7400084340020F8B54FF0502301250026D3F86B
:10F750000443184F04F0820404B9F8BDB4FA84F0ED
:10F76000C0F11F00830003F580739BB203F15023A7
:10F7700005FA00F2196892B224EA02040029EBD0DB
:10F780001E601B684FF05023022AC3F808230DD1D6
:10F79000D3F81814D3F8181401F00301012905D186
:10F7A000C3F81825C3F804239960D5E73B68C0B2B5
:10F7B0009847D1E784340020036803F01F025B09F7
:10F7C000026004D0012B034818BF00207047024894
:10F7D000704700BF0028845000258450034A430925
:10F7E000D35C00F01F001844C0B2704702A10300B0
:10F7F000024611F0010010B50BD18B07C1F3400098
:10F800000DD50749086A50600862003818BF01200A
:10F8100005E0044C236A13602362002BEDD010BD79
:10F820000028845000258450F7B504460846FFF7A9
:10F83000D5FF04EB4006B38A0D46DB072AD52046E8
:10F8400012F079FD2946204612F0E6FC50B1204620
:10F8500012F0F8FC0023276807EB8000C0F8103591
:10F86000C0F810352946204612F015FD002101A8E8
:10F87000B1820195FFF7A0FF019B00EB8300D0F858
:10F880000022064B134043F00203C0F80032084642
:10F8900003B0F0BD6FF01500FAE700BFF0F0FCFF19
:10F8A00070B590F88C40054690F88D6024BB2146D9
:10F8B0006022143016F012FD2146114B286853F8CF
:10F8C00036608E420ED10024C0F87C41D0F87C31E5
:10F8D00040F30730F5F7BCF80123204685F88C305B
:10F8E000AB6770BDCBB29B0003F580727C2B04BF6D
:10F8F000845083580131E4E76FF07700F1E700BFEF
:10F90000F48B030090F88D00024B03EB800012F0A3
:10F910003FBB00BFB007002010B5064B90F88D002C
:10F920000C4603EB800012F019FB0028A4BF2070E6
:10F93000002010BDB00700202DE9F04F804658F898
:10F9400004AB90F88D40DAF804136A4BC9B207464D
:10F9500053F8342050468BB041F0004112F0C4FC03
:10F96000051E39DA0023CDE90833624BE60003EBCC
:10F97000C404636808A819460093FFF739FF331DD4
:10F9800003934FF0000B5C4B0DF120090293029A98
:10F99000584912F8013B0292039A02EBD3028A5CA7
:10F9A00003F0070322FA03F3DB071BD40BF1010377
:10F9B000022B4FF0010B09F10409E8D14FF000418F
:10F9C0000022504612F090FC009908A8FFF710FFA3
:10F9D0000028D6D125F000450124002D73D10BB0AD
:10F9E000BDE8F08F454B5B440493D9F80060002ECE
:10F9F000DCD096FAA6F6B6FA86F6049B1C7846EAA0
:10FA000044142046FFF7EAFE07EB4000818AF20823
:10FA1000C1F3820305930193012319F8020006F054
:10FA2000070603FA06F620EA060009F8020007A80E
:10FA30000794FFF7C1FE079A11F0100F02F1800240
:10FA400050F82260059BC6F3014623D04046019A38
:10FA5000214612F001FC07A80794FFF7ADFE079BB3
:10FA6000F6B2803350F82330C3F301439E4207D1EE
:10FA70000021204612F0C1FB3146204612F0BDFBAA
:10FA800007A80794FFF798FE0122079B02FA03F3E9
:10FA90000362AAE7022E14BF022103212046059328
:10FAA00012F0ABFB059B032B03D0022E07D1012BD9
:10FAB000E6D121464046019A12F0CEFBE0E7032E44
:10FAC000DED1022BF4E795FAA5F3B3FA83F304FA37
:10FAD00003F225EA020503F5A2725AF8222007EB89
:10FAE00043034046B3F87C10C2F3014212F0B4FB6A
:10FAF00073E700BFF48B030012A1030012A10300FF
:10FB0000F8B5084D0F462C79164644B92A20F4F76B
:10FB10009FFF012320462B712F60AE60F8BD6FF070
:10FB20007700FBE78C340020002330B50D4A50F8F5
:10FB3000234003F5A2710133102B42F82140F6D186
:10FB40000023084A00F13C0103F5B27451F8045F48
:10FB50000133102B42F82450F6D1D0F88030C2F88F
:10FB6000043330BD00A002500123024A8340C2F892
:10FB70000433704700A002500123024A8340C2F8B8
:10FB80000833704700A00250F8B5012600270B4B40
:10FB90000B4DD3F80C4304B9F8BD94FAA4F0B0FAB5
:10FBA00080F006FA00F324EA0304064B82009F501B
:10FBB0002B68002BEFD0A9689847ECE700A0025013
:10FBC0008C34002000A102500022034BC3F884258E
:10FBD000C3F80425704700BF00900350044AD2F8D0
:10FBE0000834DB07FBD50160BFF35F8F704700BFB0
:10FBF0000090035008B5C0F30B0383B90222094BF0
:10FC0000C3F88425C3F804254FF0FF320260D3F80F
:10FC10000024D207FBD5FFF7D7FF002008BD6FF007
:10FC20000C00FBE700900350012208B5054BC3F818
:10FC30008425C3F80425FFF7D1FFBDE80840FFF78E
:10FC4000C3BF00BF00900350036803F01F025B09AD
:10FC5000026004D0012B034818BF002070470248FF
:10FC6000704700BF00288450002584502DE9F347D9
:10FC70000B7F04465BBB4FF00108334D0E1F01F1B3
:10FC8000100701F10C0956F804AFBAF1FF3F1AD082
:10FC90003B78CDF804A001A8002B4ED0FFF7D4FF8D
:10FCA000019B08FA03F3836001A8CDF804A0FFF7D5
:10FCB000CBFF019B00EB8300D0F800322B4043F0D8
:10FCC0000303C0F80032B14507F10107DBD191F819
:10FCD0001DC00D8B4F7D8E7D8A7EC87E2368BCF152
:10FCE000000F0BD1D1E9008ED1E902C1C3F86085C4
:10FCF000C3F864E5C3F868C5C3F86C1542EA00228E
:10FD0000C3F80C75C3F80465C3F80855C3F810258B
:10FD100000232068C0F81031D0F81021C0F8083155
:10FD2000D0F80821C0F80C31D0F80C3140F307307E
:10FD300002B0BDE8F047F4F78BBEFFF785FF019BEB
:10FD400008FA03F3C360AFE7F0F0FCFF00220121E3
:10FD5000054B83F83820054BC3F808131961C3F825
:10FD60000025C3F8002170479834002000B00250ED
:10FD700070B5114D6C6BA4B14FF47A735C430A23D8
:10FD8000B4FBF3F40D4ED6F800316BB995F8393069
:10FD900053B90A2012F0E0F8013CF4D16FF073007F
:10FDA00008E04CF25034EDE795F8393003F0FF00ED
:10FDB000002BF3D170BD00BF9834002000B002507A
:10FDC00010B500220124094BC3F80045C3F80021F7
:10FDD0001C6028B1FFF7CCFF20B9054B83F83840F1
:10FDE000002010BD6FF07300FBE700BF00B00250B1
:10FDF000983400202DE9F04106461746984612F047
:10FE00006BFD002863D106F06043B3F1005F61D160
:10FE1000B3075FD1324C94F83030012B05D0434505
:10FE20005BD194F83830002B57D000232D4AB8F11D
:10FE3000020F0BBFC2F81075C2F80475C2F8146542
:10FE4000C2F808650CBFC2F81815C2F80C1584F882
:10FE5000393023680CBF08250425C3B994F838301D
:10FE60006BB100221F4B05F1A045C3F8002101230F
:10FE700005F52C352B60BDE8F041FFF779BF012077
:10FE8000FFF79EFF10F1740FEBD1BDE8F081A3687E
:10FE900023B1E6606161E7610020F6E7114AA660E0
:10FEA0002161A76184F83080C2F800310123C2F8D3
:10FEB000043394F8382002F0FF0012B9FFF780FFF6
:10FEC000EAE705F1A04505F52C352B60E4E74FF096
:10FED000FF30DAE76FF00C00D7E76FF00F00D4E7E0
:10FEE0009834002000B00250084B9A685A621A6990
:10FEF0009A629A69DA62DA689A6032B15A691A616A
:10FF0000DA699A610022DA607047704798340020FD
:10FF100000F01F0340090FD001280FD10A4A02EB5D
:10FF20008302D2F80002094B034043EA012343F065
:10FF30000203C2F800327047054AF0E7002280331E
:10FF400052F82330FFDE00BF00288450F0F0FCFFA1
:10FF50000025845010B50E4B0238D3F83C26D3F858
:10FF60003836072813D8DFE800F0110F0D0B0A0808
:10FF70000604100EC871100C8871100A48710A71BD
:10FF80001A0ECA701A0C8A701A0A4A700B7010BDC9
:10FF900000B00250023807281FD8DFE800F02927F8
:10FFA000251123211F04CB791B068A7943EA0243DA
:10FFB0004A7943EA02230A7913430E4AC2F83C36CF
:10FFC000CB781B068A7843EA02434A7843EA022345
:10FFD0000A781343074AC2F8383670470023E4E72B
:10FFE0000023E5E70023E6E70023EBE70023ECE747
:10FFF0000023EDE700B002500268154BFF2A08BF4E
:020000040002F8
:100000004FF0FF32C3F824254268FF2A08BF4FF0A3
:10001000FF32C3F828258268FF2A08BF4FF0FF325D
:10002000C3F83025C268FF2A08BF4FF0FF32C3F87B
:1000300034250269FF2A08BF4FF0FF32C3F8382584
:100040004269FF2A08BF4FF0FF32C3F83C257047D2
:1000500000B0025030B5194D8DB006AC0FCD0FC4B5
:1000600095E8030084E80300154906A8D1F8243573
:10007000DBB20093D1F82835DBB20193D1F83035EB
:10008000DBB20293D1F83435DBB20393D1F83835C3
:10009000DBB20493D1F83C35DBB20593FFF7ACFF3C
:1000A0000023C1F8003101230B60D1F80031002B8F
:1000B000FBD06846FFF7A0FF0DB030BD886F03008E
:1000C00000B0025070B590F8293004461BB190F88A
:1000D0002A20002A42D16068FF2800F0A080A16891
:1000E000FF2900F09C80E268FF2A00F098802569D3
:1000F0000E2D40F09480112840F09180122940F09C
:100100008E800D2A40F08B806269FF2A02D00F2A70
:1001100040F08580A269FF2A01D0102A7FD1BBB9A7
:1001200003211120FFF7F4FEA068FFF7F1FEE0685D
:10013000FFF7EEFE2069FFF7EBFE6069FF2801D0B4
:10014000FFF7E6FEA069FF2802D00321FFF7E0FEDB
:1001500094F82A3013B9201DFFF74EFF636A314D22
:10016000314E6B6394F8293085F83A304FF47F03B1
:10017000D3F83021D3F83431072A04D10123C6F84B
:100180000833FFF767FF2368C6F84035A37F617F18
:10019000227F9B0143EAC1031343E27F43EAC21378
:1001A000C6F844354FF47F03D3F83021D3F8343107
:1001B000072A0FD1022B0DD094F82320D6F844350E
:1001C00022BB43F44033184AC2F844354FF4C063AD
:1001D000C2F84036144994F82030D1F8002622F0B5
:1001E0007F4222F0FF02134394F8212043EA026386
:1001F00094F8222043EA426394F8232043EA0273EE
:10020000C1F800362B6833B9002070BD23F40033E9
:1002100043F48033D7E72B20F4F71AFCF4E76FF0B0
:100220001500F2E79834002000B0025038B50D4CAC
:1002300094F8305095B9C4E9001240B90020012368
:10024000C4E9020084F8303084F8380038BDFFF784
:1002500039FF0028F2D06FF01500F7E76FF0770054
:10026000F4E700BF983400202DE9F04104460F4622
:10027000154612F031FB002848D1DFF8A08098F82D
:100280003000012845D198F8383093B30123224E2D
:10029000C6F808334FF47F03D3F83021D3F8343154
:1002A000072A01D1FFF7D6FE1FB139466078FFF764
:1002B00071FE002788F83970C6F80071A37862785B
:1002C0001B0343EA022322781343E27843EA4233D2
:1002D000227943EA8233627943EAC233C6F834367C
:1002E000FFF746FD743008D0C6F800714DB9002004
:1002F00005E0FFF765FD7430C8D16FF07300BDE80D
:10030000F08129466078FFF725FEF0E74FF0FF30D7
:10031000F5E76FF00F00F2E700B0025098340020CC
:100320001FB500230B4A02A802920DF107021146E5
:100330008DF80730ADF80C30FFF796FF30B99DF817
:10034000073013F0010F18BF6FF00F0005B05DF814
:1003500004FB00BF050200012DE9F8431A4E2B20D3
:10036000F4F784FBFFF7F2FC96F83A3033BB174BF7
:10037000D3F82405D3F82895C0B2D3F83085D3F844
:100380003475D3F83855D3F83C4512F0C2FA5FFA09
:1003900089F012F0BEFA5FFA88F012F0BAFAEDB204
:1003A000F8B212F0B6FAFF2DE4B202D0284612F0ED
:1003B000B0FAFF2C02D0204612F0ABFA002386F8E8
:1003C0003030BDE8F88300BF9834002000B0025000
:1003D000044B93F838300BB9FFF7F2BC6FF077009D
:1003E000704700BF9834002008B5064B93F83030B2
:1003F000012B03D1FFF7AAFC002008BD6FF00F000E
:10040000FBE700BF98340020034B93F8300000381E
:1004100018BF0120704700BF9834002038B505464A
:1004200012F05AFAB8BB8B0738D11F4B186818B1B5
:1004300093F83020012A34D100221C4CC4F81C153A
:10044000C4F8205583F8392090B993F8383043B177
:100450000023C4F800310123E360BDE83840FFF712
:1004600087BC0120FFF7ACFC10F1740FF0D138BD50
:10047000042183F83010C4F800210122C4F80423B9
:1004800093F8383003F0FF001BB9FFF799FC002008
:10049000EDE7E260FBE74FF0FF30E8E76FF00C00BC
:1004A000E5E76FF00F00E2E79834002000B002505B
:1004B00010B5224BD3F8002192B10022204CC3F892
:1004C000002194F8381094F8302071B90121032AE2
:1004D00084F8381005D0042A05D0022A00D199608A
:1004E00010BD5960FCE7D960FAE7032A19D0042A45
:1004F00019D0022A04D1012384F82030FFF7F4FC3C
:10050000A36813B9012384F8303094F8393003F02C
:10051000FF0013B9D4E900319847002384F8203054
:10052000DEE70223E8E7032284F82020D3F81C2525
:100530006262D3F8203584F82830E1E700B0025039
:10054000983400200368034A01F5C07143F8212064
:10055000704700BF3546526E037C5BB10368074AA3
:10056000C3F82025012203685A6003680020C3F8FD
:10057000200570474FF0FF30704700BF3546526E80
:100580002DE9F0410E4617460C4D55F81C4FAC4274
:1005900003D16FF01200BDE8F081314654F8440CED
:1005A000A4F14408F0F716FE30B9C7F800804046C1
:1005B000BDE8F04112F04BBB2468E8E7D4340020DA
:1005C00010B5D0E909124A60416A00F124031160B4
:1005D000C0E909334368044603B19847054A936864
:1005E00033B11279062A03D90720226802499847B5
:1005F000002010BDD4340020799B03002DE9F04188
:1006000007460D460B4E56F80C4FB44202D16FF020
:1006100001000AE0394654F8240CA4F12408F0F74C
:10062000D9FD20B91DB1C5F80080BDE8F08124686E
:10063000EBE700BFD434002038B5044600B30068AF
:10064000F0B10378E3B10021FFF7D8FFD8B104F18E
:100650001C03C4E907330D4B04F12402196903F1AB
:100660000C00A16260621A610A609D6835B11B7955
:10067000062B03D9072022680549A847002038BD6A
:100680006FF01500FBE76FF01000F8E7D43400209E
:100690007B9B030038B5124C0546216819B1002038
:1006A0000131216038BD2422204615F017FE2B6849
:1006B0002846A3602B79237104F10C03C4E90333AA
:1006C00004F11403C4E9053304F11C03C4E907333E
:1006D00000F01AF80028E5D1236801332360E1E730
:1006E000D434002038B5074D2C68013C2C6044B947
:1006F00000F012F821462846BDE83840242215F0C3
:10070000EDBD38BDD434002008B50248FFF794FF92
:10071000002008BDB80700200148FFF751BF00BF07
:10072000B80700200EB4431E062B33B588BF002047
:10073000094B05AC54F8045B53F8201007480AF045
:100740003EFF214628460194F2F78EFC02B0BDE838
:10075000304003B0704700BF048C03009F9103003A
:10076000184B194A11F0805F30B50CBF1C46144677
:10077000036883EA010525420DD043F309040134DF
:1007800009D001EA0204114A1A4042F09F4242F4A1
:10079000E002944203D100230360012030BD0A0D22
:1007A00002F4E064B4F5806F05D1C3F38924C1F38A
:1007B00089218C4201D20020F0E752B203EB822360
:1007C0000360F8E700FC0F7000FCFF7F00FC0F00E7
:1007D0002DE9F04F0646D1E9039587B03C300F462E
:1007E0009A46059512F067FA9046044680B1C2F326
:1007F00089246CB1F36BCAF38922C3F38923934232
:1008000004D16FF0010007B0BDE8F08F6CD3002475
:10081000C8F3892B284612F037FA031D4B45F0D850
:100820000423A9EB000905AACDE9019203933A68D4
:10083000002100923046324612F070FA0028E2D1D0
:10084000059B1BBA6B4023F000430593BBF1000FDF
:100850001ED0290D01F4E062B2F5806F18D1AAEB29
:100860000402C2F3892CC5F38920844510D322F0F9
:100870007F4222F4700222F47F7222F0030242F0DF
:10088000804242F48012AA42BBD049B204EB8124D8
:10089000AAEB0401694011EA080127D145F30903D5
:1008A0000133AED0129BC5F30908984528BF98467E
:1008B000119BCDF80C800293109B324604334B44BD
:1008C00001933B6830460093434612F027FA002814
:1008D00099D1129B0146A3EB0802119B03EB080080
:1008E00015F0FCFC60198EE7014C91E71D4691E77D
:1008F00000FCFFFF30B587B003AD1446084B094A32
:10090000009512F0C8FA002804DA831C00D10020F8
:1009100007B030BD2946204612F0C0F9F7E700BF06
:100920000C00F07F0000F07F38B50749044615F051
:1009300018FD05490546201815F055FD0444605D75
:10094000B0FA80F0400938BDE9970300F0B51C46C5
:1009500040F2FF339A4205460E4685B004F1080C7A
:1009600008D160461A49F0F73FFC022323700020AB
:1009700005B0F0BD036F9702013343EA8223CDF83F
:1009800000C0144A12F087FA0028F1DB000D02AB18
:100990002070009347F00053314628460E4A43F03A
:1009A000080312F078FA0028E2DB40F20223B3EBEE
:1009B000105F4FEA105202D1039B6360D7E740F209
:1009C00001239A42D3D1C0F309006060CFE700BF92
:1009D000E997030000FC0F7800FC0F702DE9F04F41
:1009E00000258A46A946ABB01F46BDF8E030CDE9E8
:1009F0000A550593BDF9E430BDF8DCB006900493C8
:100A0000384612F041F9DAF80C3000EB020898454C
:100A100065D20423039309ABCDE90183069ADAF882
:100A20000030002100931046042312F077F90028CB
:100A300040F01981099B1BBA7B4043F000473C46BC
:100A40000997DAF800300A9308F104030B930AAB14
:100A5000369A89EA04061640844A16403DD1369AF1
:100A6000C2F38922002A00F0A4804FF03C0C0CFB5A
:100A700005FC34990CF1A8026A4442F86C1C3599C3
:100A800022F85CBC42F8681C3699B34642E9191951
:100A9000B146059942F8483C22F85A1C04990CF1D9
:100AA000A80322F8581C3A990DEB030C42F8541C89
:100AB0003B9942F8707C42E91414DDE90A01ACF17B
:100AC0004C0342E91EA8443A3B9382E80300684B7A
:100AD000CDE90466013536963A93424690E7359B58
:100AE000002B40F3BE803499349B08313491359902
:100AF0001C68013990465B6809943591A8E7B2F506
:100B0000817F1ED11C460026099BC3F30902964231
:100B1000E3D2049AA168C3F38923134441EA8321F1
:100B20002378626803F5407341EA0351DDE93A3006
:100B300098470028C0F2978004F10C04CDD101360B
:100B4000E2E71A46049B04EB8321DDE93A3098473B
:100B50000028C0F28880C0D0002D00F084803C22A4
:100B60002AAB013D02FB053252E91C73349352F863
:100B7000683C0AAE359352F8643C52F84C4C3693BC
:100B800032F85A3C52E91101059332F9583C86E893
:100B9000030052E91EA8049352F8543C52F8609C9A
:100BA0003A9352F8503C32F85CBC3B9352F8483CC4
:100BB0000994369AC2F3892232B1C4F389225A4584
:100BC0008BD305998A4288D2C4F30A52002A84D072
:100BD00040F201118A4292D1254A07933A9B9342EF
:100BE0003FF47BAF3C222AAB02FB05360021A6F185
:100BF000780015F073FB349B26F85CBC46F86C3C1F
:100C0000359BC4F3090B46F8683C369BC4F3892432
:100C100046E91939059BA4EB0B0426F85A3C049BC2
:100C200046E91EA826F8583C3A9B124A46F8543C1E
:100C30003B9B46F8707C46F8503C0BF10103059352
:100C4000049B4FF000591C4423B20493079B4FF0C0
:100C5000FF379A46002301359846CDE93532349363
:100C60003BE7002078E72BB0BDE8F08F0000F07F75
:100C70006107020000FC0F602DE9F04F984685B037
:100C8000836E0F9D119EDB691446AA199A4207468E
:100C900089461ED96FF0530043E02368E0680233B1
:100CA0001DD1D4E901130B449D4218D28D4216D3B5
:100CB000A3EB050AB24528BFB246691A0144524661
:100CC000109815F0E5FA109B554453441093A6EB89
:100CD0000A064EB36FF0010B08F1FF3ADDE7C4F8E6
:100CE00000B0BB6E5B69B5FBF3F25A436260B96E4C
:100CF000D1F814C0896A0AEB0C032B44B3FBFCF354
:100D00000CFB03F38B4228BF0B464946A360CDE999
:100D10000103009238460E9B044AFFF759FD002854
:100D2000BBDA05B0BDE8F08F3046FAE700FCF7FF0C
:100D30002DE9F04F97B00A93C36E164607460D464D
:100D4000126853B1934205D86FF05304204617B090
:100D5000BDE8F08F71688B42F6D900214FF004088E
:100D60000EABCDE90113009243463A463846CDF822
:100D70000C80CDE90E1111F0D1FF044610B110F135
:100D8000540FE3D1CDF80C804FF000080FAB029365
:100D9000CDF8048073683A460093414604233846F0
:100DA00011F0BCFF0446002848D010F1540FCDD1FB
:100DB000414656F821304FF0FF342B6081F001039B
:100DC000099356F823306B6016AB03EB810151F8A1
:100DD000203CAB600023EB6002230893A34A10ABD6
:100DE00092E80300042283E803004FF0FF3005F18E
:100DF000080102F007F80023A1464FF0FF389B4698
:100E0000CDE906330C900593404611F03DFF0422D6
:100E1000BB6E834403920DAACDE901B22A6800217A
:100E2000009238463A46DB6911F078FF064668B111
:100E300016F1540F00F01881344687E7DDE90E31D2
:100E4000C91A0029D4BF00210121B2E704220C985D
:100E50000DA901F0D7FF0D9B0C901BBA88EA030A7D
:100E6000BAF1000FCDF834A01DDA4FEA185303F49D
:100E7000F063A3F5A06673427341EA68002A40F06C
:100E8000FB80D5E90032C5E90023099B16AA02EBD5
:100E9000830353F8203CAB60089B012B3FF454AF15
:100EA000012308939AE7504611F0EEFEBB6EDA6913
:100EB00000EB0B03934200F2D7804FEA1A5101F482
:100EC000F061B1F5A06F2B680BF1040833D1042158
:100ED000039114A9CDE901810093314613463846A8
:100EE0003A4611F01BFF06460028A1D1149A0C9B2C
:100EF0009A4240F0B9800D9B04221B0DF86A0CA9A0
:100F00008AEAC37A01F07EFFF8620D9811F0BCFE08
:100F1000059B5844AB82109BC5E9030AAB61119B4A
:100F2000EB61069BEB754FF0FF330C934B464C4641
:100F3000D046994668E70CA90438CDE900800291B3
:100F40003846394611F0CEFF064600287FF470AFD0
:100F50000D9B190D11F4E0601CD1059AC3F3892390
:100F60009A4201D8013305930D99209B0A9A4B4070
:100F700013400B9362D1DDE922302A68CDE91428B1
:100F800014AA9847061E0B9B55DA16F1540F3FF42E
:100F900074AF51E7B0F5806F1DD1059A48B242FA9F
:100FA00081F18AB20592324A09EA020242F09F4276
:100FB00042F4E002934202D149F00049D4E7B9F18A
:100FC000FF3FD1D0C3F38923C9F389229342CBD801
:100FD00009EB8029C8E7B0F5C06F2B6813D101F089
:100FE000010208210692BA6E039110A9CDE9018190
:100FF00000933146D36938463A4611F08FFE0646D3
:101000000028B1D014E7C1F30A0240F2FF518A422E
:10101000AAD10821BA6E039112A9CDE901810093EA
:10102000D36931463A46384611F078FE54301BD029
:101030000123079398E70D9B03D199464B46A146A0
:1010400075E70C4A89EA03010A4052B1022EF5D134
:10105000C9F38922C3F389218A42EFD343F00049BF
:10106000ECE74FF0FF39E9E7002306E7A06F030044
:1010700000FC0F0000FCFF7F0021A97513B3B96EBF
:101080008869B2FBF0F300FB1323DBB9079BCBB1FC
:101090004FF0FF33149314AB0293129B3846CDE903
:1010A0000023CA692B68394611F01CFF20B110F1EA
:1010B000540F01D0044649E6DDE91332981A434241
:1010C0004341AB75294607F13C0011F0F4FD88B1AE
:1010D000FB6BC4F38922C3F389239A4204D144F001
:1010E0000044219B43B912E0611CFAD09A4288BFA8
:1010F000A4F58064219B3BB1AA8AC4F3892393425F
:1011000028BF1346219A1380002CBFF61FAEAB8A6E
:10111000C4F38924A34294BF00246FF0010415E6B0
:101120002DE9F04F8DB00693036A15688B61436A11
:101130008046CB612B780E460492002B00F088800D
:10114000464CC4F30A53022B059304D12846444964
:1011500015F049F905442846414915F002F90128DE
:10116000074606D12B782E2B0CD105F1010A5546E6
:10117000E7E7022806D102463A49284615F0BDF8AD
:10118000002865D005EB070AD1464FF0010B484611
:10119000334915F028F981444846314915F0E1F802
:1011A0000246C8B1012805D199F800102E2910D1A6
:1011B0009144ECE702280CD107902A49484615F0E3
:1011C0009CF8079A28B9BBF1010BF1D109F1020A89
:1011D000CDE70BF1010BEBE72B78002B34D0049B10
:1011E0001D60059B022B36D140F2FF33C4F38924E6
:1011F0009C4206F118091BD10DF1240B1A4B4A46EB
:101200000293069B3146CDE9007340464FF0F04310
:10121000CDF80CB0CDE909850B97FFF789FD041EC9
:1012200012DBA4D1F37D002BE8D16FF001040BE0B9
:101230000E4B314643EA842340460D4ACDF80090D8
:1012400011F029FE041ED7DA20460DB0BDE8F08F5C
:101250006FF01504F8E76FF01304F5E700FC2F00BA
:10126000E99703002E9C0300BF2F03000800002015
:1012700000FC0F702DE9F04F9046CE6A4A6B07468E
:10128000B2420C4685B05BD2B61A9E4228BF1E46BB
:10129000B146DFF8B0B001F1400AB9F1000F01D159
:1012A000304618E0216B480304D5BB6EE26BDB6966
:1012B0009A421BD1CA02636B10D404F13C02029221
:1012C00004F13802CDE900325146D4E90A23384608
:1012D00011F0D3FE30B105B0BDE8F08F6FF0010220
:1012E000C4E90E23216B41F480212163BB6EE26BC4
:1012F000DB6901929D1A4D4528BF4D4611F48011BE
:10130000CDE9028515D0A28838464BEA82220092A8
:1013100004F108015246FFF7AFFC0028DBD1636BF4
:10132000A8442B446363E36BA9EB05092B44E363F7
:10133000B3E7A26B38460092524611F0EFFCECE79F
:101340000020C8E7000010202DE9F04701231446D3
:1013500000228CB0C4E90623194B08AD06460F469F
:101360000FCB85E80F00DFF86080DFF8609004F1B4
:10137000180A504611F06DFC10B16FF0010018E032
:101380002946204612F079F8B0B93B6852460693D8
:101390007B682146079305ABCDE90283CDE9009038
:1013A000084B30460596FFF7C3FC0028DFD0831CAE
:1013B000DDD00CB0BDE8F0876FF05300F9E700BF57
:1013C000A86F0300FF03F07FAF2E0300080000208A
:1013D0002DE9F04F95B004460D46164600211C221B
:1013E0000CA8059314F07AFF012340F2022A13930C
:1013F000484B0DF120080FCB88E80F0012A811F020
:1014000028FC20B1A76A002F54D1384640E041465D
:101410000CA812F032F8002879D130461299A8476A
:10142000002835D130461399A84788BB204612AA18
:101430000CA911F085FD58BB8146DFF8E4B0364FAA
:10144000BDF844201FFA89F39A42D7D906AA0BEABD
:10145000892300922046314A3B430CA911F01BFD21
:10146000002804DA831C13D109F10109E8E7BAEB7B
:10147000105F4FEA10530ED1079B224600930021C4
:101480002046CDE90156069B11F040FE0028EBD026
:1014900015B0BDE8F08F059A002AE5D0B3F5007FBE
:1014A000E2D130460699A8470028F1D13046079985
:1014B000A847EBE7BB79012B01D03F68A3E73B6B63
:1014C00003F48813B3F5803F13D03B6B03F4901300
:1014D000B3F5003FF1D1CDE901567B6B2246009375
:1014E0002046BB6B07F1400111F010FE0028E4D04C
:1014F000CEE7CDE90156FB6A224600932046BB6A3F
:1015000007F1400111F002FE0028DED0C0E76FF0C5
:101510005300BDE7A86F03000800002000FC0F7017
:1015200000FCFF0338B5C26D436D00251344C26E45
:101530000446B3FBF2F102FB1133826E4365C565CD
:10154000D36A016EDB008B4294BF83658165D26AEA
:101550002946406E14F0C2FE01232246204604496B
:10156000FFF736FF18B1E36EC4E91655236638BDA0
:10157000D32C03002DE9F04F04460D4687B02046DA
:1015800005A911F098FF064658B9DDF81480A06E41
:10159000414611F0FAFD0646002853D010F1540FD1
:1015A00056D0304607B0BDE8F08F2A6B0DF1130A14
:1015B00012F4801FCDE9017AA3EB0703CDF80C905C
:1015C0001CD0AA882449204641EA8222009205F1D3
:1015D00008015A46FFF750FB70B901232246204606
:1015E000CDE902A9CDE9008704F1100111F083FED5
:1015F00060B110F1540F2BD00646D2E7AA6B5946C2
:1016000000922046224611F089FBE5E70137EB6B9B
:10161000BB42CAD8A36EE1699A6AE86C14F038FE3E
:10162000236904F110012B6463696B64A369AB64E3
:10163000A06E11F0ACFD2B6BC5F8388043F400337D
:101640002B63AEE707464FF0010905F1400BDEE7DB
:101650004FF0FF33236192E700001020002307B50D
:10166000044901AA0193FFF7B3FE00B9019803B042
:101670005DF804FB132D03002DE9FF4114460123FF
:1016800000226D46C4E90623124B06460F460FCBD7
:101690008DE80F0004F11808404611F0DAFA10B195
:1016A0006FF0010010E02946204611F0E6FE70B907
:1016B0003946404611F0D7FA30B14246214630460D
:1016C00011F03EFC0028E7D004B0BDE8F0816FF0D7
:1016D0005300F9E7A86F03002DE9F04F0D46816E26
:1016E0006A688B69C96914325F1E8A4294BFBF1849
:1016F0007F184FF0000AB7FBF3F70446D1466FF0AE
:10170000030B5F438BB06E68BE4219D34FF0FF32BC
:101710002B690892A9EB0302CDE9003208AE0296CC
:10172000214620462B6809F1040211F0DBFB00285A
:1017300047D1089B534500F0B2806FF0530040E062
:1017400040F2FE32ABEB06033B440436934294BFB7
:10175000F618B618BE424FF0FF0335D38DF81F3090
:10176000A26ED2E90632D21AB24236D301220392D5
:101770000DF11F02CDE901622A6800210092204686
:10178000224611F0CBFA10B110F1540F19D1A36E0B
:1017900021469A694FF0FF33099309ABCDE9012344
:1017A000009620462B68089211F09CFB10B110F1B6
:1017B000540F06D129462046404A08AB11F002FEDC
:1017C00058B10BB0BDE8F08FA7F11402964228BFC4
:1017D0001646BE428DF81F30C2D29DF81F206B689E
:1017E000D243ABEB0308C2F3C01202F5A062B044CF
:1017F00048EA0258AB6848F47F2848F4406888EA11
:1018000003031BBA089308AB19460422E86801F0E9
:10181000F9FA082208ABE860039202936B6809901A
:1018200001932B6804F11001009322460023204607
:10183000059111F060FD0028C3D10599B9F1000FA1
:1018400004D16B68D5F80CA003F104099DF81F3092
:10185000B7426FEA03034FEA036303F0004383EAEE
:101860000803AB604FF0FF336E60EB6006D9A36EE8
:1018700062699B6A1344B3423FF645AF4FF0FF33B2
:10188000224623602046002311F0FBFC002898D15B
:10189000A06E0369984700283FF435AF91E7042212
:1018A000CDE900920296214620462B6811F01AFBE2
:1018B000002886D1089B002B83D03EE708FCFF5F01
:1018C0002DE9F04F97B0CDE90823836E04465A6A9C
:1018D0008B68002A03F101030D46BDF88480BDF832
:1018E00088B08B601ADC0027002600234FF0FF32FF
:1018F0006968CDE91132CDE91323A06E1091C36C54
:10190000002B3CD0083B159311F03FFC002838D049
:1019100010F1540F40F0BB803E4610E0013242F01F
:101920000102B3FBF2F102FB1133002BDBD10126E4
:10193000284610A91093119611F095F9D0B14FF0E7
:10194000FF3300274FF001092846236110A9CDE994
:10195000107911F088F950B12046291D11F0ABFD26
:1019600050B110F11C0F40F09280002EBDD16FF0ED
:101970001B008CE03746B7E707464E46B5E7C3691C
:10198000C0E70DF1400904234946204605F108024D
:1019900011F0F9FC0028BBD10BAB07933D4B02467D
:1019A0000693C8F100031BB2CDE904B33A4B2046BD
:1019B0000293099B20990193089BCDF80C8000931A
:1019C0004FF0FF33CDE90B49FFF708F800289FD10E
:1019D00005F11801084611F03CF960B9EA7D0B46A3
:1019E0002E4902F5C06241EA02522046494611F0F2
:1019F000E9FC00288CD10023CDE90D330F9346B9C3
:101A000004F13C010DA811F049F904F1300111F085
:101A100045F904F1480A0DA8514611F03FF90D9B14
:101A200002466FF30903294620460D93FEF762FF35
:101A300068BBDDE90D3213430F9A134308D04946C2
:101A40002046174A0DAB11F0BDFC00287FF460AFB3
:101A500049462046FFF740FE00287FF459AFD5E9FC
:101A60000032C5E90023119BABEB0808EB60129B29
:101A7000A5F814802B61A064CAE9010036B904F10D
:101A80003C03303494E8070083E80700304617B081
:101A9000BDE8F08F6F34030000FC0F4008FC0F001E
:101AA0000CFCFF7F2DE9F04F40F2FF4C0D461F4626
:101AB000002140F2014497B00892209ADDF884801A
:101AC000064603EBC200984228D1002949D1AB7DDC
:101AD000002B5CD14FF0FF333361B5F814904FF019
:101AE0000008C346A9EB080ABAF1010F00F2E18031
:101AF000B8F1000F40F01181B36E5A6A002A00F36A
:101B0000218100233A46CDE9005329463046209BE7
:101B1000CDF80890FFF7D4FE044610E11A684FEAAA
:101B2000125EC2F30A52A24204D1AA8A0132AA82E8
:101B30000833C8E7624504D1AA8A0121013AAA8282
:101B4000F6E70EF4E062B2F5C06FF1D15A681268A0
:101B5000AA615A685268EA611A68C2F30052EA75CB
:101B6000E6E7AB8A002BB2D1424629463046FFF762
:101B700083FD044628B1831CA9D0204617B0BDE8D8
:101B8000F08F98F81730002BA1D0022473E04FF0AB
:101B9000FF312B68EA681093CDE913122B69B06E00
:101BA00011921293C16C01B3083915910BA90791D9
:101BB000B549304606910021CDE90411CDE9021165
:101BC00020990DF1400BCDE9007129460B96CDF817
:101BD00030B0FEF703FF044648B114F11C0F3FF488
:101BE00079AF14F1540FC8D174E7C169DCE70DF186
:101BF000340806F130094946CDE90D000F90404602
:101C000011F04CF806F13C03194606F1480A099315
:101C100011F044F8514611F041F8DDE90E100D9A2B
:101C200001436FF3090211430D9210D04246294639
:101C30003046FEF75FFE044600289ED143465946D3
:101C40003046924A11F0BEFB04460028C5D15946E1
:101C50003046FFF741FD04460028BED1119BEB60E2
:101C6000129B2B6106F13C0399E8070083E807000B
:101C7000B464CAE90144089BD6F828801B68109315
:101C8000089B5B68119306F120030993B8F1000FDC
:101C90003FF473AF08F10809484610A910F0E3FFBC
:101CA0008246002800F08480D8F80080EEE7C14624
:101CB00015E710AB0793764B1FFA88F20693534251
:101CC0001BB2CDE90493734B03920293209B002235
:101CD000CDE9007329464FF0FF333046CDF840B0D0
:101CE000FEF77CFE044650BBB36EDA6C02B9DA69CB
:101CF000BAF1FE0F0ED899694B1E03EB5203B3FBEA
:101D0000F1F34B43283A934228BF1346109A93426B
:101D1000BFF4EEAE08EB5A08E4E61FFA88F83A463C
:101D200029463046CDE90189209B009511F069FED6
:101D300004460028BBD010F11C0F3FF4DDAE002C90
:101D400099DA1AE7AB680132013342F00102B3FBC2
:101D5000F2F102FB1133002B7FF4D3AE4FF00108F8
:101D6000284610A91093CDF8448010F07CFF8246DD
:101D700000287FF4C6AE3046FFF770FC041EFFF665
:101D8000FCAEF36E1C1BB4EBD30F7FF6BAAE3A4633
:101D900029463046CDE901A9209B009511F031FE7E
:101DA000044618B110F11C0FC9D1AAE6C146A8E635
:101DB000CC46AE46BEE80F00ACE80F009EE80F0030
:101DC0008CE80F00089B994506D040F2FF4140F295
:101DD0000140209B9A451FD108F1200AB8F8042041
:101DE000B8F81CB05A45FFF45FAF98F81F100029EF
:101DF0003FF45AAF5046099910F035FF18B1A2EBE5
:101E00000B02A8F8042052464946304611F098F8D3
:101E10000028E3D00446B0E657F83A30C3F30A523C
:101E20008A421ED1B8F80420C3F389239A420AD10A
:101E300098F80630022B03D04FF0FF33C8E9023385
:101E40000AF1010AC5E7FBD998F80630013A022BDE
:101E5000A8F80420F4D1D8F82830013BC8F828307D
:101E6000EEE78242ECD1B8F80420C3F389239A420A
:101E7000E6D398F806300132022BA8F80420DFD10F
:101E8000D8F828300133E9E76F3403000CFCFF7FFA
:101E9000FF2C030000FC0F402DE9F04F05460F46D4
:101EA00091469A46866A9DB0002E5FD13E463B68B9
:101EB0000CAC04937B680DF1300805930FCE0FC472
:101EC00096E80F0014AE84E80F004B463A464146B0
:101ED0002846CDE900A6FFF7E5FD041E71DB384674
:101EE00004A910F0C0FE48B9BC46C646BEE80F00C3
:101EF000ACE80F009EE80F008CE80F00022C29D1FF
:101F00003946284605F14802FEF7F4FC044600284D
:101F100057D1149BFA7D0493159B02F5C06205937B
:101F2000944B019043EA02530893012331460093F6
:101F30002846183708AB04AA0997FFF7B3FD041E1B
:101F40003FDB4746B446BCE80F000FC79CE80F00D4
:101F500087E80F004FF0000BDFF82092864F012C2E
:101F600040F0B38005F1200303938DE006F10800F3
:101F7000B84201D1366897E7394610F074FE002860
:101F8000F8D1B379012BF5D1336BD902F2D5AB6E11
:101F9000F26A9B6A9A42EDD9736B3146F363EB6E3A
:101FA00028462B66FFF7E6FA044650B9336B3146F4
:101FB00023F480132846336311F026FC04460028DE
:101FC000D8D020461DB0BDE8F08F0AF1080104A862
:101FD00010F049FE08B9CAE902249AF80630022B2B
:101FE00007D10AF12C0104A810F03DFE08B9CAE996
:101FF0000B24DAF800A052E00121284610F0FCFF83
:10200000314605F1300010F056FE002863D02A6BEF
:10201000C5F838A0C2F389233A40C5E90C2AC4F3B5
:102020008922934201D2A4F58064149ADDF854A069
:102030000292069240F2FF3293420CBF002349EA1B
:10204000832308930023CDE9093401930223314609
:102050000093284608AB06AACDF81CA0CDF82C802A
:10206000FFF720FD041EACDB012C37D1C446B64679
:10207000A346029BCDE9043ABEE80F00ACE80F008E
:102080009EE80F008CE80F00039904A810F0EBFD08
:10209000DDE90C2408B9C5E90824D5F828A0BAF16F
:1020A000000F92D13246284604A9FFF74DF9041ECD
:1020B000A2DAA21C85D13246284604A9FFF7DCFA31
:1020C000044670B1831C7FF47CAFBBF1000F0CBFE2
:1020D0000024032475E740F2FF33A6E74FF0010A1E
:1020E000E9E72B6BC3F3090323B12846CAF10001CA
:1020F00010F082FF314605F1300010F0DCFD0028C1
:1021000035D02A6BC2F389233A402A630022C5E9FD
:102110000D22149A17490492159A2846059240F206
:10212000FF3293420CBF002349EA832308939DF8B2
:102130006730002203F5C06341EA0353CDE90A3852
:102140000223099201920093314608AB04AAFFF7DB
:10215000A9FC041EFFF635AFC446B646BEE80F0024
:10216000ACE80F009EE80F008CE80F00F7E640F2A5
:10217000FF33CEE708FC0F00FF0300800000F04FA4
:102180002DE9F041036B0446C3F309030F46A0B0E9
:10219000002B52D000251C22002108A814F09EF824
:1021A000012300268DF837300F930EA810F051FD53
:1021B00028B1002EEED1002D39D10125EBE72046C4
:1021C0000EAA10A910F0BCFE58B99DF837300BBB11
:1021D000204618AA0EA9FFF7B7F800282FDA811CAD
:1021E0005FD020B0BDE8F08191423ED1039A934286
:1021F0003AE0236BC3F389226FF39E23236300230A
:10220000C4E90D3340F2FF339A4235D0314B43EAF3
:10221000822332E00DF1200C0DF1400EBEE80F00DC
:10222000ACE80F009EE80F008CE80F00BDE7216BC3
:102230002046494249B210F0DFFE0020D1E7002DD0
:10224000E8D10DF108080346234A2046CDF8008066
:1022500018A910F020FE0028C3DBDDE90E31029A38
:102260009A42C1D1039B9942D4D008A904F130000D
:1022700010F021FD0028BCD1002300220493174B4D
:10228000CDF81C80CDE905230223204604AA08A925
:10229000FFF702FE0028A4DB032808BF46F0010672
:1022A00083E7002DB6D0002FB4D0204604F14802B9
:1022B00010A9FEF71FFB002893D19DF85720084B6B
:1022C00002F5C06243EA0253049316AB059301235F
:1022D000DBE700BF0000F04F00FCFF7F08FC0F6051
:1022E00008FC0F0010B5036B04469B0590B022D587
:1022F00000F1200208A910F023FE002844D1234B4E
:102300006A460293A36E2046DB6908A90393E36E35
:102310000493236F0593636F0693A36F07931C4B7E
:10232000009302AB0193012311F0A5FB60BB236B6B
:1023300023F400732363E36B1B0D13F4E06F06D1EA
:102340000121204610B0BDE81040FFF719BF20461C
:1023500004F1400208A910F0F3FDA8B9E36BA063F3
:10236000C3F38922236B08A96FF39E23C4E90C30C1
:10237000084B43EA8223CDE9023002AA012320461A
:1023800011F079FB0028DBD010B010BD0100020075
:10239000180010200000F04F73B514460E4600F1EF
:1023A000480221460546FEF7A5FA70B9E27D084BC2
:1023B00002F5C06243EA02530093183401236A46CF
:1023C00031462846019411F056FB02B070BD00BFA3
:1023D00008FC0F002DE9F04313F0020F8BB0064606
:1023E0000D469846039237D1129B05F108072B65DD
:1023F000002339466B63EB63EB643046C5F83080ED
:102400002B1D03AAFEF78CFE041E05DAA31C1AD1AD
:102410000398FEF789FAB0B10123AB71B36AA01C2F
:102420002B60B5625BD118F4807F0CD0039C74499B
:10243000204613F096FF225C002A4DD1336F834271
:1024400013D26FF023042B6B294643F4002330464C
:102450002B6311F07BFB04E0FFF744FF04460028E8
:10246000C2D020460BB0BDE8F083AB886549DFF8E9
:10247000A08140EA832041EA832140F4801048EAA9
:102480008323CDE90412CDE90604CDE908323946AB
:102490000323304604AA11F0EEFA10F11C0F044693
:1024A000CFD00028CFD144464FF000084FF00C09A0
:1024B0002B6D9A68424538D81B68002B65D0EB64B9
:1024C000B06E05F1400110F062FE40F20123B3EB63
:1024D000145F64D00024C4E76FF01304B3E718F46A
:1024E000007F40F08380240D012C40F08280AB8877
:1024F00018F4806F4FEA832308D043F000542B6B0D
:1025000044F4801443F480332B63CDE705F12802B3
:1025100043F000530092394630463B4A43F00803EB
:1025200010F0B9FC041EBFDA8DE72A6BD10705D481
:102530002B6B9A071DD408F10108B9E709FB08F2D3
:102540005868B5F804C081188B68825C496843EA12
:102550008C2302F54072009143EA0253394630461B
:102560002A4A10F098FC0028E2DA831CE0D00446E6
:1025700069E72A6D526809FB08229168B26F91429F
:102580003AD843F480332B63D5E7B36E986AF2F7F9
:102590003BFEE864002893D16FF00B0453E72B6BEC
:1025A0006FF0010243F480132B630023C4F309048A
:1025B000AA62EC622A646B64B36E9A6AAA64002C05
:1025C00088D040F2FE33934228BF1346A988EA6CB4
:1025D00043EA81230092394630460B4A43F00053C8
:1025E00010F059FC041EBFF675AF2CE76FF0100415
:1025F00029E76FF0140426E76FF01B0423E700BF00
:10260000E99703000000104000FC0F7000FCFF7F02
:102610000000102030B597B0054610F0C3FD044609
:1026200020B16FF00B04204617B030BDAB6E0146F1
:10263000DA6A686E13F052FED5E91A326C65DB6A0D
:102640002846DB00C5E91742934294BFAB65AA65F3
:102650000EA910F06EFF0446002832D11B4B08AAC9
:102660000293AB6E0EA9DB690393EB6E04932B6FA1
:1026700005936B6F0693AB6F0793154BCDE908304D
:10268000144B28460A93144B0B93144B0C9302AB38
:102690000D93032311F0EFF9044690B90346024667
:1026A0008DF84E000EA9284611F0E5F9044640B910
:1026B000012300906A4628460EA9019310F040FCC1
:1026C0000446284610F0A5FCADE700BF010002005B
:1026D000000010400800F00F319C0300180010208B
:1026E0002DE9F0439BB0044610F05CFD064600283F
:1026F00040F09F8001461C2212A813F0EFFD012339
:1027000019934D4B08AF0FCB87E80F00DFF83881E6
:10271000DFF8389118A810F09CFAB0B1236B04F1DF
:10272000300203EBD373236304F13C0307CA83E84D
:102730000700E26EE36A2266B3FBF2F102FB11339B
:1027400063650023C4E9163335E0394612A810F05A
:1027500094FE00286AD10823079305ABCDE90293C4
:10276000364B019000932046354B18AA12A9CDE9AB
:102770000548FEF7DDFA051E19DB4CD045F30905C7
:10278000013548D0129B20462362139B2C4A63627A
:102790000CAB009312A92B4B10F07DFB051E06DB42
:1027A0000C9B9AB21B0C022B09D06FF0150520462A
:1027B00010F02FFC2E4630461BB0BDE8F083012AF6
:1027C000F3D8236B82F0010223F4007343EA42231F
:1027D00023630F9B1BB1226F9342E6D82367109BA4
:1027E0001BB1626F9342E0D86367119B43B1A26F44
:1027F0009342DAD8E26FA3679A4294BFE267E36735
:10280000A36E0E9A196A09B19142CED1E266DB69D4
:102810000D9A9A42C9D1204604F1300212A9FEF75E
:1028200069F8054600283FF475AFC0E76FF053051F
:10283000BDE76FF00B06BEE7A86F03000800F00FBE
:1028400000FCFF7F18001020319C0300BF2F030005
:1028500070B598B004460391FFF744FD00285CD1A1
:10286000034603AA204606A9FEF75AFC002854DBBB
:1028700040F2FF32C0F38923934250D0A26A000D88
:1028800002280E924FEA832504AE20D145F0005372
:102890002046244A009643F0080306A910F0FBFAEC
:1028A00000283ADB3246204610A910F049FB0028E8
:1028B00033D1159B33F47F022DD10121204610F036
:1028C0009BFB0EAB8DF83E20ADF83C20A3620023AD
:1028D00045F09F45059332460123204645F4E00527
:1028E00006A9049511F0C7F80E9BA362A8B9236B43
:1028F000C3F309038BB14FF0FF31204610F07CFB8E
:1029000006AA10A9FEF7B8FE38B9204610AA06A9F3
:10291000FFF742FD01E06FF0260018B070BD6FF0C8
:102920001500FAE700FC0F702DE9F04FADB0054639
:10293000CDE90412FFF7D6FC0346002840F01581CC
:102940000DF120094946284604AAFEF7E9FB061EB8
:10295000C0F20D8140F2FF38C6F38927474505D103
:102960006FF0150420462DB0BDE8F08F28460DF11C
:102970000E0305AA10A9FEF7D3FB041E32DBC4F335
:1029800089234345ECD0484610A910F06CF9AB6A96
:1029900080461893A31C35D1DDF814A07A4950461F
:1029A00013F0DFFC1AF800301BB1330D022B40F09E
:1029B000E0802B6F8342C0F0DF80B8F1000F19D0A8
:1029C0002B6B02346FF39E2343EA872343F09F432C
:1029D00043F4E0032B63089B6B63099BAB634FD10C
:1029E000BB460DE0A21CBDD10598FDF79DFF002858
:1029F000C9D1B7E7BDF80E30BB42F1D807F1010BE2
:102A0000002343E0330DB3EB145F4FEA145206D0BA
:102A1000022A0CBF6FF014046FF01304A2E7BDF894
:102A20000E30002840F0AB809F4201D1002499E78E
:102A3000022A25D1554A0DF1880A42EA8323284605
:102A4000534ACDF800A010A910F025FA002854DB55
:102A5000524628461AA910F073FA00284DD11F9B40
:102A600033F47F0247D10121284610F0C5FA18AB94
:102A70008DF86620ADF86420AB62B8F1000F9FD1ED
:102A8000BB46BDF80E20434B43EA82230024BDF829
:102A90000E202293404B3C4943EA8223CDE9243463
:102AA000059B4FEA822A1846239413F05AFC059B93
:102AB0006FF3130627934AEA070346EA0A0643F030
:102AC0008053064343F48013CDE928392696B8F1A4
:102AD000000F02D12F4C44EA8B24002328462B936D
:102AE00022AA052310A92A9410F0C5FF044630B18C
:102AF000189BAB6236E76FF02600044632E7B8F168
:102B0000000F17D02B6B1A0D12F4E06F12D06FF379
:102B10009E23C5E90C301F4BA86343EA8723CDE908
:102B2000063049460123284606AA10F0A4FF0446B1
:102B30000028DDD1189BAB622B6BC3F30903002B7C
:102B40003FF474AF4FF0FF31284610F055FA10AA49
:102B50001AA9FEF791FD044600287FF403AF28462A
:102B60001AAA10A9FFF718FCC7E70446FAE634468C
:102B7000F8E66FF01304F5E66FF02304F2E6022A9C
:102B80007FF41EAF56E700BFE9970300080000205E
:102B900000FC0F700000F04F000010402DE9F047DE
:102BA000A6B005460191FFF79DFB044688B9AB6AC4
:102BB00028461C9301AA0DF102031EA9FEF7B0FAE4
:102BC000831C044609D1DDF804804046FDF7ACFEC5
:102BD00040B9204626B0BDE8F0870028A8BF6FF0B6
:102BE0001004F6E740463D4913F0BBFB2B6F064649
:102BF000834270D3EB6E04AF394628462B6610F043
:102C000098FC04460028E4D10CAC0DF1780CBCE82B
:102C10000F000FC49CE80F0084E80F000DF1480A74
:102C20009DF84730002B4DD1DFF8BC900123394689
:102C3000284602AACDE9029A10F01DFF044600289A
:102C4000C7D19DF88F30D3B10121284610F0D4F9B7
:102C50001CABAB6214AA01230CA98DF87640ADF829
:102C60007440CDE9149710F006FF1C9B0446AB623C
:102C70000028AED14FF0FF31284610F0BDF9BDF865
:102C80000220174B46EA822643EA8223149300234C
:102C90001593144B284643EA8223CDE918379DF853
:102CA0008F3046F40016002B0F4B18BF002314AAD8
:102CB000CDE91A371EA90423CDE9166810F0DBFE12
:102CC000044686E7524628460CA910F039F9044616
:102CD0000028A5D07DE76FF023047AE7E997030089
:102CE000000010400800002008FC0F60F0B501F162
:102CF000080687B003920C460023314603AA054616
:102D0000FEF70EFA00282ADB030D022B29D140F230
:102D1000FF33C0F38920984204AF15D12B6A049386
:102D20006B6A05933A463146284610F009F9B0B966
:102D3000A368A080E362E368A06223630223A37117
:102D4000AB6A2360AC620AE0074B314643EA80235A
:102D5000064A2846009710F09EF80028E2DA07B0ED
:102D6000F0BD6FF01300FAE70800002000FC0F70C0
:102D70002DE9F04115460C4606464FF484720021B9
:102D8000284613F0ABFAA36A63B9284602231B490D
:102D900000F8083BEEF728FA0120A36A0133A3628A
:102DA000BDE8F081012B22D004F1200804F10807CE
:102DB000A288A38B93420BD1E07F0028F0D042463B
:102DC0003946304610F0BCF80028E9D10246A08010
:102DD0002B4639463046FDF7B9FD08B1831CDFD1DB
:102DE000A388023003F10103A380E1D0D4E7284691
:102DF0000223034900F8083BCCE700BF2F9C0300E7
:102E00002E9C030030B50C4D0A44914200D130BDD8
:102E100011F8013B83EA000404F00F0455F8244044
:102E200084EA101080EA131303F00F0355F82330DF
:102E300083EA1010E9E700BF248C030000B5837D0E
:102E400001463F2B8BB04BD813F0300024D0202804
:102E500002D10B6A188806E03028FAD0102806D173
:102E60000A6A22B11078B0FA80F0400914E00A68CA
:102E70009268C2B903F00F020B2A1DD8DFE802F0F6
:102E800006060606060615171C1C1C1ACB694A8A7C
:102E90001A44934203D101200BB05DF804FB13F8F0
:102EA000011B0029F5D00020F6E7CB69D2E7CB69FA
:102EB0001878D8E7488AD6E703F00E03082BF2D13A
:102EC000CA696846496A10F0D2FF0028E3D0684614
:102ED000FFF7B4FF0028DFD0684610F0EBFFF4E7FF
:102EE00003F0C002802A01D1C069BCE7402ADAD1D0
:102EF00003F00F030A2B02D1CB691868B3E703680C
:102F0000024AD8689042AED1F6E700BF793F03008D
:102F100010B582600022034CC0E90322C0E90041E1
:102F200010BD00BFAD3F0300F8B504461546A2B181
:102F3000066896B1C368D31802D287689F4207D249
:102F40002369084A002B08BF134600202361F8BDFF
:102F5000B04710B92369044AF4E7E36801202B4421
:102F6000E360F4E73A9C0300469C030010B48C7DB8
:102F70004B8A04F00F04022C03F1FF3318D1072B06
:102F800033D8DFE803F0040B320E32323211CB6952
:102F90001A7800235DF8044B11F011B8CB691A8838
:102FA000F7E7CB691A68F4E7CB69D3E90023F1E7C7
:102FB000072B1AD8DFE803F0040E19121919191596
:102FC000CB6993F90020D317032CE3D15DF8044BB0
:102FD00011F034B8CB69B3F90020F4E7CB691A6873
:102FE000F1E7CB69D3E90023EEE70369044A002B3C
:102FF00008BF134603615DF8044B0020704700BF13
:103000004F9C03004A8A042A02D1C96911F01FB8F3
:10301000082A02D1C96911F01DB802690349002AC2
:1030200008BF0A4602610020704700BF4F9C0300A2
:103030008A7D0B4602F00F020B2A11D8DFE802F05E
:103040000C0C0C0C0E060A0A0A0A100A01211A8A34
:1030500011F003B80221FAE70021F8E70521F6E7AD
:103060000369034A002B08BF134603610020704721
:10307000619C03002DE9F0410E46174686B01422EC
:103080000021044601A813F029F93A46314601A867
:1030900010F0F9FF10B9059B236107E04FF000081D
:1030A00020464346049A10F08AFF18B9002006B063
:1030B000BDE8F0812168049D21B92A462046FFF72A
:1030C00033FFF4E7E368A2682B44934205D92369F0
:1030D0000E4A002B08BF1346DEE763683A460191AB
:1030E00001A83146CDE90235CDE9048810F0CBFFC7
:1030F000049AE368AA421344E360029B6360059B61
:1031000001D12361D3E7024AE3E700BF3A9C030001
:10311000749C030070B5CB6904460D46002B7FD02C
:10312000FFF786FF002873D0AB7D03F00F020B2A58
:1031300073D8DFE802F00611111117171D3552522E
:10314000726FEB692046BDE870401A780023003AA0
:1031500018BF012210F033BF29462046BDE8704059
:10316000FFF704BF29462046BDE87040FFF74ABF7D
:10317000E96909B90A460EE03F2B0A880AD86B8A2A
:10318000023B934206D22369264A002B08BF13460E
:1031900023613DE002312046BDE8704010F063BF7E
:1031A00003F0C003802B10D06B8A13B923691E4A29
:1031B000EBE7013BE9690029DCD000229A42885CF8
:1031C00006D00028E7D00132F8E74FF0FF33F1E7EF
:1031D0000028E0D02369154AD7E76B6A13B9236941
:1031E000134AD2E7092A06D02046EA69696ABDE88F
:1031F0007040FFF73FBF2A6A002AF5D052F8083C1A
:10320000002BF1D029462046043A98470028EBD1FC
:10321000002070BD6A8AE969BDE72369054AB4E701
:103220000120F6E7889C03009C9C0300AF9C0300F0
:10323000C39C0300619C03002DE9F0438B7D054690
:1032400003F03002302A0C4687B011D10B6A1A887D
:103250000B8A9A4213D1E269A37DE2B913F0300FD1
:103260000DD12B696B4A002B08BF13462B613EE042
:10327000102AF0D10A6A32B11378002BEBD1012069
:1032800007B0BDE8F0833F2BE5D80846FFF7D6FD31
:103290000028E0D0F3E703F0C002402A0CD12368F5
:1032A000DB68002BEBD022462946002098470028F7
:1032B000E5D12B69584AD6E703F03001202940F0C8
:1032C000A280216A0E88002ED9D0802A05D0A28A39
:1032D000B24202D22B69514AC5E703F00F03052B16
:1032E00058D802212846228A10F0B7FE08B90020DB
:1032F000C6E7A37D03F00F03042B10D1B7003A46B5
:103300000023284610F05BFE0028F0D0296849BB56
:103310003A46284607B0BDE8F043FFF705BE052B47
:1033200001D1F700EBE700271422002101A812F0D9
:10333000D5FFD4F81C80214601A8FFF717FE28B955
:103340002B69002B92D1059B354A8CE7E369628A91
:1033500001371344E361BBB2B342ECD3049FC4F81A
:103360001C80CCE70027A37D214603F00E03042B2D
:1033700028460CD1FFF746FE0028B8D0E369628AE0
:1033800001371344E361BBB2B342ECD377E7FFF7F5
:10339000EDFDF1E74FF00008A37D03F0C002802AA5
:1033A0002CD103F00E03062B28D1E7692146D7F86C
:1033B00000902846C4F81C90B9F1000F18D1FFF70F
:1033C00037FE98B10122284601A98DF80490FFF735
:1033D000ABFD58B1E761E369628A08F10108134463
:1033E000E3611FFA88F3B342D6D348E7E7617EE78B
:1033F000FFF790FEE7610028EDD178E721462846E7
:10340000FFF788FEF7E72146284607B0BDE8F043FE
:10341000FFF780BEDC9C0300F39C0300029D0300C9
:103420001A9D030030B505460C688BB00CB901201D
:1034300013E0236821465B6823B12846984758B1BA
:10344000A468F3E7684610F095FD40B92B69064A79
:10345000002B08BF13462B6100200BB030BD69461E
:103460002846FFF7E9FEEAE7219D030010B58368CF
:1034700004463BB9C368094A002B08BF1346002025
:10348000E36010BD01220368984710B9E368044A5D
:10349000F2E7A368013BA360F3E700BF339D03009D
:1034A000469C030030B50446154685B0002A2FD04F
:1034B000A9B90268174B9A4211D0102D06D82A4696
:1034C00069462046FFF7EEFF05B030BD1022694681
:1034D0002046FFF7E7FF0028F6D0103DEDE7A36890
:1034E000AB4207D2E3680C4A002B08BF134600200A
:1034F000E360E9E72A4620462368984710B9E36865
:10350000064AF1E7A368AB4234BF00235B1BA3600C
:103510000120D9E7C7400300339D0300469C030008
:1035200010B582600022024CC260C0E9004110BDAB
:10353000C74003002DE9F3410F460DF10701064690
:10354000FFF794FF804620B39DF907309DF80740B0
:10355000002B33DA072504F07F0430460DF1070114
:10356000FFF784FFA8B11F2D9DF8073017D93E2D16
:103570008CBF0122FF22590627D0002C03DA3F2DF1
:1035800001D89A4216D0F368114A002B08BF13469F
:10359000F3604FF00008404602B0BDE8F0811C2DFA
:1035A0000ED113F0700F03D003F07802782AEAD11D
:1035B00044EA03741B0605F10705CED43C60EAE734
:1035C00003F07F02AA401443F4E73F2DF2D9DAE773
:1035D000419D03002DE9F341002506460F46A8460C
:1035E0002C4630460DF10701FFF740FF58B13E2C45
:1035F0009DF807100BD9012909D9F368104A002B4F
:1036000008BF1346F360002002B0BDE8F08101F06E
:103610007F02A4F12003C4F1200C02FA03F322FA82
:103620000CFC43EA0C03A24043EA08080B0645EAF7
:10363000020504F10704D4D4C7E90058E4E700BF49
:10364000419D0300F7B51F4600233B700B701360CC
:10365000836804460D46164623B901233B700020BB
:1036600003B0F0BD01A9FFF765FF70B922680A4BEE
:103670009A42F4D0A368002BF1D10849E068EDF735
:10368000A9FD0028E9D1E060E7E7019BDA0803F033
:10369000070332602B70E3E7C7400300469C03003A
:1036A00013B50446052921D8DFE801F0030F1720E0
:1036B000201E0122204601A9FFF7F4FE18B19DF952
:1036C0000430002BF5DB02B010BD0822002120469B
:1036D00002B0BDE81040FFF7E5BE01A9FFF72AFFE1
:1036E0000028F0D0019AF1E70422EFE7C368034A0B
:1036F000002B08BF1346C3600020E4E7519D030080
:1037000073B50D4601A90446FFF714FF064660B1E4
:1037100094E80F0085E80F0001998A4209D2E36816
:10372000064A002B08BF1346E3600026304602B06D
:1037300070BDA960A3685B1AA360F7E7639D0300EF
:1037400070B5937D044603F00F03154686B00B2B2E
:1037500000F26B81DFE813F00C001D001D001D005E
:10376000A600B200BE00E2000201020169013D01B3
:103770000139C9B2FD2906D8E368A04A002B08BF69
:103780001346E36046E0E96906B0BDE8704010F01A
:10379000B7BC0139C9B2FD29EED9022B34D102A937
:1037A000FFF718FF0646002834D06B8A013B072B31
:1037B00027D8DFE803F01F19260C26262604EB691C
:1037C000DDE90201C3E90001304606B070BDDDE964
:1037D00002321846E9690B600021914208BF984205
:1037E000F2D0E368864AC9E7E969DDE902320B8075
:1037F00098B2F1E7E969DDE902320B7003F0FF00EE
:10380000EAE7E3687F4AB9E7032B05D102A910F084
:1038100084FCB8B90026D7E76946FFF7DBFE00282D
:10382000F8D0DDE90032698A082908D1CDE90232F1
:10383000DDE90201EB69C3E900010126C4E7DA17FB
:10384000CDE902326B8A013B072BDAD801A252F88C
:1038500023F000BF993802008B38020003380200C1
:1038600075380200033802000338020003380200F2
:1038700031380200EB69DDE902211A601346D017E6
:10388000884208BF9342ACD1D7E7E869DDE902215D
:1038900013B20380D817F3E7E869DDE9022153B2D8
:1038A0000370F7E7052902D0FF297FF465AF2046B2
:1038B000E96906B0BDE8704010F044BC012902D0AF
:1038C000FF297FF459AF2046E96906B0BDE8704092
:1038D00010F044BC02297FF44FAF02A9FFF72AFE83
:1038E000002897D0029AB2F5803F02D3E368464A97
:1038F00044E7AB7D911C03F0C003802B02D1E36849
:10390000424A3BE76B8A9942F0D8E96921F8022BD9
:10391000204606B0BDE87040FFF7C4BD02297FF421
:103920002BAF02A9EE69FFF705FE00283FF472AF46
:10393000029A531C02D1E368354A1FE7AB7D511C44
:1039400003F0C003802BDAD06B8A994202D9E36876
:10395000304A13E700233146B354D9E702297FF4F4
:103960000BAF02A9FFF7CCFE00283FF453AF6B6A00
:1039700013B9E368284A01E7AB7D03F00F03092B75
:103980000AD0AB7D3F2B1ED90023EA69696A02A8E1
:1039900000F004FA06460FE02A6A002AF1D052F835
:1039A000083C002BEDD02946043A02A89847064669
:1039B00010B1049B002BE4D1204602A910F08EFB2D
:1039C0000640F6B200E703F03003203B18BF0123A6
:1039D000DBE702297FF4D0AE02A9FFF7ABFD064674
:1039E00000283FF417AF0299B1F5803FBFF47EAFD6
:1039F0006A8A99B9E86912F071FCE5E67B9D0300DB
:103A00008B9D03004F9C03009D9D0300AC9D030014
:103A1000BE9D0300CD9D0300C39C03008A4202D0DB
:103A2000E368034AAAE6E96972E7C368014AA5E6C2
:103A3000DD9D0300619C03002DE9F041937D054667
:103A400003F0C007402F0E4614468EB000F08D8064
:103A5000802F00F0878087B903F0300CBCF1200F75
:103A600016D007D8BCF1000F0AD10EB0BDE8F04166
:103A7000FFF766BEBCF1300F4ED0EB68764A32E0FD
:103A8000136A0BB101221A70224631462846ECE730
:103A9000176A518AB7F800C09269022E0CFB012206
:103AA000E26132D103F00F03052B2ED804A9FFF7F2
:103AB00027FE804678B9002024E02246FF2104A892
:103AC000FFF73EFE0646A0B13B8801333B80E36929
:103AD000628A1344E361069B53B13A88A38A9A42EF
:103AE000EBD3EB685D4A002B08BF1346EB60E2E7BF
:103AF0004646069B002BF4D1284604A910F0EEFAA6
:103B00003040C0B20EB0BDE8F0813B885A1C3A800C
:103B1000A28A9A42E5D9B7E703F00E03082B1DD11C
:103B2000136A128A1B889A4218D03946628AE06961
:103B300012F0D4FB616A8B6823B9CB6813B94B6868
:103B40001B685BB1E26904A810F091F930B104A8D8
:103B500000F094F810B9EB68414AC4E7236A228A5E
:103B60001A8091E7C3683F4ABDE71368DB6823B951
:103B70000EB0BDE8F041FFF793BD022933D104A98F
:103B8000FFF7BEFD002896D0A37D03F00F03092B9D
:103B900012D1236A83B1228A1A80226A52F8083C21
:103BA00053B12146043A04A8984728B9EB68002B82
:103BB0009CD1079B2C4A96E7236822460021DB68AC
:103BC00004A8069E984728B9EB68002B8ED1079B66
:103BD000264A88E7069B0BB19E42EDD8284604A9E9
:103BE00010F07CFA8EE7012926D005292CD041B1AE
:103BF000C3681F4A77E701360B2E04D1EB681D4AD4
:103C000071E7012601AF012239462846FFF74AFC39
:103C100000283FF450AF17F9013B002BEBDB0021EC
:103C2000154B0791049301ABCDE905362368224675
:103C3000DB6804A8984765E7082201A9FFF732FC72
:103C400008260028EBD136E704220DEB0201FFF72E
:103C500029FC0426F5E700BF619C0300FF9D0300DB
:103C60000E9E0300AC9D0300259E03002C9E0300C6
:103C7000519D0300419D0300C740030070B590B003
:103C800004461022002102A812F028FB0023019311
:103C90008DF8023023689B6843BB0025A37D03F0A9
:103CA0000F020A2A42D1E3691E68002E31D1019B1E
:103CB000ABB1228A934212D122469DF8021002A88B
:103CC000FFF7BAFE10B30DF1030301AA0DF10201D3
:103CD00002A8FFF7B7FCC8B1236A03B11D702046E4
:103CE00010F0E8F80028D9D1012010E02A4A0DF19F
:103CF0000201CDE902234FF0FF3301AA049302A889
:103D00000DF10303FFF79EFC0028C6D1002010B080
:103D100070BD314606A810F0BAF828B1357306A870
:103D2000FFF7ACFF0028F1D0B668BEE73F2B2AD8DA
:103D300003F03002102A1BD1236A03B11D70A37D4A
:103D400003F00E03082B18D1616A8B6823B9CB6886
:103D500013B94B681B6883B1E26906A810F087F8B5
:103D60000028A4D006A8FFF789FF00289FD1CDE73F
:103D70009A06E4D5236A1D8099E70021628AE069EA
:103D800012F0ACFA93E703F0C002802A8FD1A26947
:103D90009B0615608BD5EDE7C74003002DE9F04F7A
:103DA0009B4600239DB0044608A8CDE90633ADF834
:103DB000123010F05CF800283CD100274FF6FF7954
:103DC000BA46B84620460DF1110305AA04A9FFF72B
:103DD00039FC002840D19DF81130002B38D04FF627
:103DE000FF73994504D0BDF81230BB4240F0AD805E
:103DF000089B5B8AE3B1402B28BF4023002259096E
:103E000006A895B2A94200F2C78003F01F02DB06A4
:103E10000ED01CAB03EB8101C2F120034FF0FF3247
:103E2000DBB222FA03F351F8582C9A4240F0BA80E0
:103E300001200EE01BF0010FBFD108A8FFF71EFF05
:103E40000028BAD1E3685C4A002B08BF1346E36040
:103E500000201DB0BDE8F08F059B01932BB91BF02E
:103E6000040FBCD1E368554AEEE7019908A810F0A9
:103E70002CF828B19DF8363003F00F020A2A50D1F1
:103E8000B8F1000F0ED108A810F050F8002800F08B
:103E90008C800F9BD3F800A0BAF1000F00F089804E
:103EA000BDF83080019B434532D35546A368039348
:103EB0009DF810300293A368039A35B3934281D1E1
:103EC0002B681B681E4643B1DDE9012329462046C5
:103ED000B0470028BCD0AD68EDE7294612A80FF026
:103EE000D6FF10B9E368364AAEE7BDF85830019AFC
:103EF0009A42F0D1139B002BEDD00123204602996A
:103F00002B7312AAFFF798FDE3E793427FF45AAFB1
:103F100020469DF81010FFF7C3FB00287FF452AF36
:103F200096E703F03003202B22D1109A0DAB9A4272
:103F300017D1BDF828304B450FD04FF6FF72914591
:103F400006D0BDF81220BA4202D0E3681D4A7BE7D2
:103F50000022BDF83470ADF8122099460DF112021E
:103F6000109220469DF8101008AAFFF765FDD4E7CF
:103F7000002BF6D1BDF82C303F2BF2D859091CAAE2
:103F800002EB810103F01F020123934051F8582CEA
:103F9000134341F8583CE4E750F8045B0132013523
:103FA0003FF42FAFE368084A4EE7BAF1000F7FF401
:103FB0007CAF4FF0FF3875E70E9E03003C9E030078
:103FC000219D0300459E0300DC9C03002DE9F04F7A
:103FD00087B017469B460446DDF840A000284BD02A
:103FE000056A35B12D6825B1AC4607B0BDE8F04F84
:103FF0006047E36A9F4242D80026BE4203D10020B8
:1040000007B0BDE8F08F182303FB06F8D4F8309012
:10401000A26909EB08052B1D0593CAB9686969688F
:104020000368B5F80CC0C91AAB680CF1030E5D1E2D
:1040300005EB0C155B4205EB4E051D4005EBCC0373
:1040400085680633A94228BF4FF0FF310EF0CBFD43
:1040500059F8083020460293236AB1B29B6A019353
:104060005AF8263000935BF82620059B10F0CBF819
:104070000028C5D10136C0E76FF01500C0E7014840
:10408000BEE700BF40F4FFFF10B5044690B1028DBB
:1040900043899A4209D0084A936833B11279032AB6
:1040A00003D942680549042098472046BDE81040DE
:1040B00011F0E0BA10BD00BFD4340020669E0300AA
:1040C00030B544898C4212D9436A013C5D882C404A
:1040D00003EBC40359609A60BFF35B8F426A538855
:1040E00001335380438D01334385002030BD0148A7
:1040F000FCE700BF41F4FFFF70B4039E144658B1C3
:10410000006A48B143B1013406D0002E04DBC46F0D
:1041100014B1A44670BC6047014870BC704700BF32
:104120002DF8FFFF70B4039E144660B1006A50B1D1
:104130004BB1013407D0002E05DBD0F88C4014B110
:10414000A44670BC6047014870BC70472DF8FFFF63
:104150002DE9FF47DDF834800E4691469A46054624
:10416000002876D0002974D0B8F1000F71D001F189
:104170006407384610F0B1F9BAF1FF3F49D1346E07
:1041800006F1500204F18000844204F01F0C07D2B3
:10419000C4F3411152F8211021FA0CF1C90736D4A9
:1041A000012104F07F04600952F8203004F5806A90
:1041B00001FA0CF104F201440B4304F07F0442F8CD
:1041C000203034666B6C4A4603930E9B2946CDE93A
:1041D00001830C9B30460093534610F01DFA38467D
:1041E00000F094FD2C7874B196F89C405CB1AB6AF9
:1041F000013330D10021284610F0AEF9044610B149
:10420000284610F07FF9204604B0BDE8F08701345D
:10421000BAE7BAF5806FD5D3AAF580637F2B06F194
:1042200050010FD8580951F8204003F01F0324FA19
:1042300003F2D2070BD4012202FA03F3234341F81D
:104240002030BFE7054C384600F060FDDBE7044C4A
:10425000F9E7024CD7E70024D5E700BF2DF8FFFFB0
:1042600029F8FFFF08B583681A0C0AD1094A936838
:104270002BB11279022A02D903200749984700205E
:1042800008BDA3F580338360180CB0FA80F04009B4
:10429000F6E700BFD4340020889E030038B50446FA
:1042A000E8B100F16405284610F007FAD4F8AC3004
:1042B0009B692BB9D4F8A040103C002C03DC01E032
:1042C000012B05D0074C284610F0F5F9204638BDE3
:1042D000D4F8B40010F0E9F8A0F11004EDE7024CB6
:1042E000F4E700BF2EF8FFFF2DF8FFFF38B50446B6
:1042F000E8B100F16405284610F0DFF9D4F8AC30DD
:104300009B692BB9D4F8A440103C002C03DC01E0DD
:10431000012B05D0074C284610F0CDF9204638BDBA
:10432000D4F8B00010F0C1F8A0F11004EDE7024C91
:10433000F4E700BF2EF8FFFF2DF8FFFF2DE9FF4740
:104340008A46904603A90D9A0546994610F05AFBF5
:104350000446D8B10C9E039BD5F8B8009E42A8BF76
:104360001E4601688768611A33464A46B94228BF2B
:104370004FF0FF310EF0FEFB2346424651462846E1
:10438000009610F0DFFA04B0BDE8F0870048FAE7C5
:104390002EF8FFFF2DE9F0478AB00D46DDE91297B0
:1043A00016469846044620B9944E30460AB0BDE8F9
:1043B000F0870029F8D0002BF6D00021A022C0F809
:1043C000C81011F08BFF012204F16400114610F0B7
:1043D000C2FD8B4BC4F8AC506667AC62E367894B97
:1043E000C4F88030884BC4F88430884BC4F88830D7
:1043F000874BC4F88C30874BC4F89030864BC4F898
:104400009430864BC4F89830AB693BB9002FCBD0C1
:1044100097E8070004F1A00383E80700AB69012BCC
:1044200004D02B6A03BB6FF00506BEE7D4F8AC00DE
:10443000002800F0E080036A002BF4D09B68002B7A
:10444000F1D0984742060CD50021D4F8AC0010F00A
:1044500022F906460028A8D10021212010F058FF9B
:10446000E4E74307F8D5DCE71B69002BDBD02846DF
:104470009847AB69012B04BF0023286100F00100BD
:1044800008BF6B6184F89C00AB69DBB93B7A002BF9
:1044900000F0838009F10C03C4F8BC30B9F1000FBF
:1044A00082D0D9F80820002A00F0A3809B68002B56
:1044B00000F09F805A4B04935A4B05935A4B069336
:1044C0005A4B0793AB69012B07D1564B0493544BBE
:1044D0000593564B0693544B0793002104F1C003F8
:1044E000C4E9303306ABC4F8B880022200932846F2
:1044F000019104ABFFF76AFD064600287FF455AF33
:10450000AB693BB92B6B1B68C4F8B0302B6B9B6954
:10451000C4F8B430AB69012B07D12B6B9B69C4F88D
:10452000B0302B6B1B68C4F8B430D4F8B4000FF073
:1045300058FF2B6B1B68C3F82C802B6B9B69C3F84F
:104540002C80D5F818A0BAF1000F07D1D4F8A43008
:104550000993D4F8B0305B89534520D894F89C3047
:10456000C4E9004463B100230293314B2046019318
:104570003523304A0394009304F1080110F04CF8FD
:10458000AB69002B7FF411AF0421284610F083F8AB
:10459000074600283FF409AF26E04B467CE7484633
:1045A000D4F8A41010F01FFA0746E0B1D8F80010B4
:1045B0000890411AD8F808000022814228BF4FF025
:1045C000FF31D4F8A43040460EF00DFB00970123D4
:1045D0000022D4F8B00008A90FF042FE074618B92F
:1045E0000AF1010AB5E7144F284610F04DF83E468F
:1045F000DBE6114ED9E66FF01506D6E62DF8FFFF83
:104600003D4302000F47030047480300054A0300EB
:1046100045490300C7460300ED4202009D420200E7
:10462000A99E0300AF9E03007B480300B54603002C
:1046300033470300B59E03002EF8FFFFF0B5054693
:104640000E46174687B0074A03AC07CA84E807003E
:104650000C9A3146009228463A460194FFF79AFE9A
:1046600007B0F0BDB86F030038B5EFF31185202314
:1046700083F31288BFF36F8F064B9C6810F0C8FA63
:1046800085F31188BFF36F8F2046BDE83840F0F7FF
:10469000DDBA00BFF834002038B50A4B53F820408B
:1046A000013053F82050A54200D838BD606830B1C1
:1046B000037EDB0701D410F080FA0834F3E72368A7
:1046C0009847FAE7648C0300012270B52A4B86B044
:1046D00003201A70FFF7E0FFF0F716FF10F0D1FF8C
:1046E0000420FFF7D9FF254C254D2646AE4204F1A4
:1046F00030040FD300F0E6FF204CAC4226D300F08C
:10470000F5FFEDF7CBFB1F4A938923F0010393815B
:1047100006B070BD54F80C3C059354F8103C04935B
:1047200054F8143C039354F8183C029354F81C3C7E
:10473000019354F8203C009354E90A2354E90C01F6
:1047400000F0C8FD54F8303C5E65CEE7D4E90A239A
:10475000B3F1FF3F08BFB2F1FF3F05D052EA0301BA
:10476000206803D110F0EDFD3034C6E7064918305B
:1047700001F01CFAF8E700BFEA3E0020306C0300AD
:10478000F06C0300C81E00209F520300C82370B5C0
:10479000134E012203FB0066002386B0CDE90423FB
:1047A0000F220193CDE9023218234FF4A0720D4D70
:1047B0000D4903FB0055044602FB00110B4B30462C
:1047C000009500F087FD337C2C7423F004033374D0
:1047D000074B013403EBC423EE606B6006B070BD81
:1047E000001E0020F834002070900020B34D03001C
:1047F000708800207FB50020FFF74EFF294B03F59E
:10480000006282F3088883F30A880024E023264D9F
:1048100085F82230EC772C766C76AC7685F82040E3
:104820006B6A43F4E0236B6285F82340F0F77CF871
:10483000F0F7F6F94FF0FF33AB62EB62F0F7F2FB03
:10484000F0F78CFA194800F0AFFDF0F73FFE0120B9
:10485000FFF722FF0220164DFFF71EFF00F070FF4A
:10486000144B4FF480529D61134B1449059301235F
:104870002846CDE90343CDE90144114B009400F0F3
:1048800029FD06462B7C284623F004032B7410F0E8
:10489000E3FC2046FFF77AFF31462846084AF0F746
:1048A00093F900BF7088002000ED00E07820002020
:1048B000C81E0020F8340020B89E0300B0910020EC
:1048C000C946020038B5064C064DAC4201D3002063
:1048D00038BD2046D4E9011210F0DFF91434F4E7B2
:1048E00080090020A80900201FB5054CCDE9002350
:1048F00002940A46002110F08EF904B010BD00BFEA
:104900000DB4020038B5074C074DAC4201D300206E
:1049100038BD204610F0E6F908B91C34F5E76FF011
:104920001500F5E7F40800208009002073B50C4657
:10493000EFF31181202585F31288BFF36F8FC568CF
:104940005DB125602B68C3608369013383610020FA
:1049500081F31188BFF36F8F11E052EA030603D190
:104960006FF00B002560F3E7CDE900230246083025
:1049700000F006FE18B9034B9B685B69236002B028
:1049800070BD00BFF8340020F7B50D4604469DF811
:104990002010EFF31187202080F31288BFF36F8F70
:1049A000266AE068864240D22668B4421AD0CEB168
:1049B000304610F009FA06F1180010F050FD2946B3
:1049C000002554F8082F706911F062FC3046C6F8D3
:1049D000805010F041FC2046394610F070FC28460B
:1049E00003B0F0BDA268A9B12946E06911F050FCFE
:1049F000E369A26813446269E361934201D12369C8
:104A0000E3610020236A0133236287F31188BFF337
:104A10006F8FE5E7A06923692946984208BF60695E
:104A2000801AA06111F034FCEBE752EA03010BD0CD
:104A3000074904F1080089684D61CDE90023394632
:104A4000224600F09DFDCBE76FF02200DDE700BFBE
:104A5000F8340020F7B504460846EFF3118620210C
:104A600081F31288BFF36F8F216A00293BD0A268BF
:104A7000A16911F00DFCA369A2682568134462695D
:104A8000A361934204BF2369A361236AAC4203F18B
:104A9000FF33236236D02846002D34D0002710F093
:104AA00093F905F1180010F0DAFC6969A268E06971
:104AB00011F0EEFBE369A268284613446269E361E2
:104AC000934204BF2369E361236A01332362C5F87B
:104AD000807010F0C1FB04F10800314610F0EFFBCC
:104AE000384603B0F0BD52EA030111D00A49896883
:104AF0004861CDE900233146224604F1080000F068
:104B00003FFDEEE7002086F31188BFF36F8FE8E7E3
:104B10006FF02200F7E700BFF83400202DE9F341E1
:104B2000044617461E46EFF31188202383F31288AC
:104B3000BFF36F8F304BC2689B6872B18068984238
:104B400017D057EA060216D188F31188BFF36F8F8A
:104B50006FF00F0002B0BDE8F08193F90E10013242
:104B60002161C4E9023288F31188BFF36F8F0020FE
:104B7000F0E72169F3E793F90E1090F90E309942AE
:104B800030DA9942A8BF194610F032F9054622469C
:104B90004146CDE90076194800F0F2FC0028E6D045
:104BA000EFF31186202383F31288BFF36F8FA06881
:104BB000D0B1236821699C420AD04BB193F90E30E1
:104BC0009942A8BF19466FF07F039942B8BF1946B2
:104BD00010F00EF940B13146084810F070FB6FF04C
:104BE0000A00B7E70025D2E7002DF4D186F311883B
:104BF000BFF36F8FF3E700BFF8340020EB3E0020D7
:104C0000F8B583680546002B40D0234A926893424A
:104C10003FD1C368012B03D9013BC3600020F8BD1D
:104C2000EFF31187202383F31288BFF36F8F01699D
:104C3000806810F0DDF82C68A54207D10023C5E993
:104C4000023387F31188BFF36F8FE7E7002CF5D0AD
:104C5000D4E90032002613605A60237CC4E9006660
:104C600023F002032374A66004F1180010F0F7FB90
:104C7000AC6094F90E3020462B61C4F8806010F0CF
:104C8000EBFA3946054810F01AFBC7E76FF015003C
:104C9000C5E74FF0FF30C2E7F8340020EB3E0020BC
:104CA00073B51546EFF31186202282F31288BFF305
:104CB0006F8F0468B4B12368426823F00303944201
:104CC00008BF4360036023689B0704D065682046E3
:104CD00010F0D0FC2C4686F31188BFF36F8F20466E
:104CE00002B070BD55EA0302F5D000F1080231466A
:104CF0001046CDE9005300F043FC0028EFD1024BF1
:104D00009B685C69EBE700BFF834002070B5EFF3F7
:104D10001186202383F31288BFF36F8F0468A042AB
:104D20001BD0D4B1D4E90032002513605A60237C33
:104D3000C4E9005523F002032374A56004F11800B0
:104D400010F08DFB2046C4F8805010F085FA3146F3
:104D5000BDE87040064810F0B2BAD0E902329A427B
:104D600018BF0133836086F31188BFF36F8F70BD66
:104D7000EB3E002013B5EFF31181202484F3128859
:104D8000BFF36F8F846844B1013C846081F3118864
:104D9000BFF36F8F002002B010BD52EA030406D1AA
:104DA00081F31188BFF36F8F6FF00F00F3E7CDE948
:104DB00000230246014800F0E3FBECE7EB3E002055
:104DC00007B5074B4FF40062009306494FF0FF33DD
:104DD000054800F06DF9002003B05DF804FB00BF4A
:104DE0007C8C0300B0A10020901F00202DE9FF4122
:104DF00004462027534EEFF3118887F31288BFF340
:104E00006F8FD4F8CC50F5B9022104F1E40010F012
:104E1000AEF8002870D004F1DC05002201212846FC
:104E200010F0AFFA0028F8D100234FF0FF320293C0
:104E30004FF0FF334146CDE90023434804F1D4024B
:104E400000F0F4FDD7E7D4F8D0202B689542C4F8E1
:104E5000CC3008BFC4F8D030D4F8E43043F00203BB
:104E6000C4F8E430EB6823F0040343F00103EB6083
:104E70006B6888F31188BFF36F8F28469847EFF36C
:104E8000118887F31288BFF36F8FEB68D80623F081
:104E900001023ED4EA60EB689A0717D5306823F028
:104EA0000203EB6090B10021036878B1426895423B
:104EB0003DD10368002934D172683360904200D13B
:104EC0007360002340F8083BFFF720FFD4F8E4307C
:104ED00023F00203C4F8E430DB0530D4D4F8CC303E
:104EE000003B18BF012388F31188BFF36F8F002B9D
:104EF00081D000F043FC7EE7D4F8E430D90693D5A6
:104F0000C4F8E40088F31188BFF36F8F04B0BDE8E4
:104F1000F08123F01103EB6005F11000FFF7F6FEBE
:104F2000B9E70B607368984208BF7160C9E7014632
:104F30001BB11A6818461346B7E71A46FAE700236A
:104F4000D1E700BF1C350020EB3E002070B5C368E0
:104F50000546C3F340069B070C460DD501220021F0
:104F600004F108000FF0F7FF00232360054B656094
:104F70005A681AB9C3E90044304670BD14605C60D9
:104F8000FAE700BF1C350020F8B5C36804469A074D
:104F90000E46C3F3400542D45F0742D40B680BB9F9
:104FA00083680B60E368D80742BFA36802253360BB
:104FB000376858BF012557B31B4B9A68D7F8C830DC
:104FC0009A421ED110F004F980F00100C0B2D7F867
:104FD000E430D907C3F380021CD5F2B1F8B1002345
:104FE0002360D7F8D03073B9C7E9334438460FF09F
:104FF000D9FFE36843F00403E3603368A360284605
:10500000F8BD0020E3E71C60C7F8D040EEE76FF082
:10501000150506E06FF0120503E01B07DFD56FF002
:105020000F0500233360EAE7F8340020F8B5C368C1
:10503000064603F00503002B0C4614BF012700278A
:105040001CD085680122002104F110000FF083FFBD
:105050002046134910F007F8E36843F01003E360BB
:10506000F3685B0712D5336823606BB9D5F8D0308D
:1050700033B9C5E9334428460FF094FF3846F8BDEC
:105080001C60C5F8D040F6E73460F4E7D5F8CC30C2
:105090002360D5F8D030C5F8CC40002BEBD1F0E739
:1050A000854F03000146014810F008B8901F00200A
:1050B000F0B50446002089B00E9DC4E9330004F128
:1050C000D400C4E9350004F1DC00C4E9370055B36D
:1050D0002879002840F2011008BF0120C4F8E4003C
:1050E00000204FF0FF364FF0FF37CDE90330CDE918
:1050F0000100CDE9066720460C4B009400F028F92A
:1051000055B1296811B1204610F06BF86B791BB1CD
:10511000A38943F00103A381204610F012F9C4F8DB
:10512000C84009B0F0BD0120D8E700BFED4D020036
:1051300030B5044685B0EFF31185202282F3128842
:10514000BFF36F8FD0F8E42012F0060F08D1F9B941
:10515000D0F8CC0028B985F31188BFF36F8F15E024
:10516000B1B942F004022046C4F8E4200FF01AFF5F
:1051700000234FF0FF3202934FF0FF332946CDE971
:105180000023054804F1DC0200F050FC05B030BDFE
:1051900042F00C02E7E700BFEB3E002037B501907C
:1051A0000846EFF31184202181F31288BFF36F8F3B
:1051B000C16811F01E0F16D153EA020508D101A9EA
:1051C000FFF7E2FE84F31188BFF36F8F03B030BDA9
:1051D00041F00801C160019910308161034900F07C
:1051E000E5FC0120EEE70020ECE700BF19500300CA
:1051F00001460148FFF7D2BF901F0020F7B50C46CB
:1052000016461D460190EFF31187202383F3128881
:10521000BFF36F8F08460FF0B6FE55EA060309D1BB
:10522000204601A9FFF7B0FE87F31188BFF36F8F07
:1052300003B0F0BDE368324643F00803E360019B2E
:105240000449A36204F110002B4600F0AFFC0120DA
:10525000EAE700BF1950030001460148FFF7CEBF3F
:10526000901F00202DE9F0410546EFF31187202320
:1052700083F31288BFF36F8F0468A0421BD0D4B1B0
:10528000002620460FF097FF04F1180010F0E7F811
:10529000B0462046C4F880800FF0DEFF2C6801364F
:1052A000A54210D07CB120460FF085FF04F1180014
:1052B00010F0D5F8EDE787F31188BFF36F8F002664
:1052C0003046BDE8F081394601480FF0F8FFF7E7B6
:1052D000EB3E00202DE9F043984685B000F15803DD
:1052E000C0E91633109B002683810423073222F085
:1052F000070503740F9B01EB05090F4683734946AD
:10530000C0E906668660C6730446EFF711F90E9B86
:10531000073020F007002067C4E91A7502930D9B3F
:10532000A9EB000901930C9B4A460093394643467A
:105330002046EFF707FC054B66659B6803B15B6F82
:105340004846636705B0BDE8F08300BFF83400202D
:10535000F0B5002587B00595109DDDE9127604951E
:105360000F9D044603950E9D02950D9D01950C9D84
:105370000095FFF7AFFFB6F1FF3F08BFB7F1FF3F62
:1053800005D056EA070305D120460FF0DAFF204684
:1053900007B0F0BD3A46334604F11800014900F069
:1053A00005FCF4E79F520300012310B503748381C9
:1053B00000230446C0E91A3300F044FD014B9C6011
:1053C00010BD00BFF83400206FF00A01094A93684D
:1053D000C3F880100849D8674B6843F080534B608E
:1053E000002383F31188BFF36F8F9368D3F8800095
:1053F000704700BFF834002000ED00E070B590F970
:105400001020037C002A2FDBD9062DD11A4C63F023
:105410007F032246037452F81C3F216A934207D14E
:10542000C0E90021086020620FE09942F8D01B68B3
:10543000002BF5D093F90E6090F90E50AE42F4DDDA
:105440005968C0E9003108605860E569954200D0AC
:1054500005B9E568A3681A7CD20606D1DA897F2AE5
:1054600003D9AA690AB9A36170BDAB4202D028462C
:1054700000F01EFBA561F7E7F834002038B590F97D
:1054800010200146002A037C04DA03F07F03037432
:105490000FF0AAFE0D4D2A4652F81C4FAB689442FD
:1054A00000D004B9EC688B4207D01A7CD20604D134
:1054B000DA897F2A01D9A2692AB1A34202D0204603
:1054C00000F0F6FA2346AB6138BD00BFF834002087
:1054D000B3F1FF3F08BFB2F1FF3F03D002491830DC
:1054E00000F064BB704700BF9F520300034648B9F9
:1054F000EFF3058232B9064A91699268914201D070
:10550000FFF762BF83F31188BFF36F8F704700BF4F
:10551000F834002038B5184CA168206A0B68814225
:1055200014BF1A46002249680B605960A368216ABB
:105530002AB9124AC3E900210B6023620AE092F9FA
:105540000E5093F90E00854212DD5168C3E9002127
:105550000B605360E569094B9D4200D005B9E568D1
:10556000A3689D4202D0284600F0A2FAA56138BD8A
:105570008A42DED01268DBE7F834002014350020C0
:10558000F8B5DDE906670D4B0C46986811460C4AE4
:105590001060EFF31182202282F31288BFF36F8F25
:1055A0009D6828460FF032FE284632463B46FFF7FC
:1055B0008FFF2046BDE8F840FFF706BFF834002013
:1055C00024350020F8B50446EFF31187202383F338
:1055D0001288BFF36F8F037C49B203F01F02002AC9
:1055E0000CBF0126002635D103F07F032A4D03743A
:1055F0000FF0FAFD2A46037C817363F07F03037486
:1056000052F81C3F286A934207D1C4E90020046085
:105610002C620DE09842F8D01B68002BF5D093F96E
:105620000EC08C45F6DD5968C4E900310C605C6041
:10563000EC69944200D004B9EC68AB689C4202D09B
:10564000204600F035FAAC6187F31188BFF36F8F05
:105650003046F8BD9B071CD585680FF0C5FD8173EA
:105660002B689D4209D16B68C4E900531C606C60D3
:10567000EAE76A689A42F6D01B68002BF3D093F9E8
:105680000E208A42F5DD5A68C4E9003214605C607D
:10569000DAE78173D8E700BFF8340020034648B941
:1056A000EFF3058232B9064A91699268914201D0BE
:1056B000FFF78ABE83F31188BFF36F8F704700BF77
:1056C000F8340020EFF31181202383F31288BFF315
:1056D0006F8F054B9A68D37B013BD37381F311889D
:1056E000BFF36F8F704700BFF834002070B5EFF341
:1056F0001186202383F31288BFF36F8F0F4DAB68A1
:10570000DA7B0132DA732A4652F81C4F944200D0F9
:1057100004B9EC681A7CD20604D1DA897F2A01D94F
:10572000A2692AB19C4202D0204600F0C1F923466A
:10573000AB613046BDE87040FFF7D8BEF8340020BA
:10574000024B03F11C02C3E907227047F834002022
:1057500008B5FFF737FF70B1074B9B68DB7B53B988
:10576000EFF31180202383F31288BFF36F8FBDE81E
:105770000840FFF793BF08BDF834002070B5EFF381
:105780001186202383F31288BFF36F8F1A4CA16810
:10579000206A0B68814214BF1A46002249680B60D8
:1057A0005960A368216A2AB9144AC3E900210B6031
:1057B00023620AE092F90E5093F90E00854216DD3D
:1057C0005168C3E900210B605360E5690B4B9D42B2
:1057D00000D005B9E568A3689D4202D0284600F0D4
:1057E00067F9A5613046BDE87040FFF7EDBD8A421C
:1057F000DAD01268D7E700BFF83400201435002053
:10580000F8B550EA010306460C4603D1FFF7B6FF90
:105810000020F8BDEFF31187202383F31288BFF334
:105820006F8F124D124BA8681860FFF727FEA8680B
:10583000234632460F49183000F0B8F9AA680446EA
:10584000137C384643F004031374FFF7BDFDAB68C7
:10585000D3E90A23B3F1004F08BF002AD8D10FF0D3
:1058600033FE201A20EAE070D3E700BFF8340020AE
:10587000243500209F520300014B9868704700BFF9
:10588000F83400202DE9F84304468789EFF31186A8
:10589000202383F31288BFF36F8F037C190705D58C
:1058A00086F31188BFF36F8FBDE8F883D90943F001
:1058B00008026FD10274A36813B120460FF09CFC5C
:1058C00004F118000FF0CBFDA56D04F15808A845B0
:1058D00011D04FF0000975B128460FF08DFC05F18D
:1058E00018000FF0BCFD2846C5F88090FFF786FD34
:1058F000A56DA845EFD1DFF8C480D8F808309C42E8
:1059000050D1EFF30589B9F1000918BF4FF0010933
:10591000D8F81C50274A954200D00DB9D8F80C5041
:10592000AB4202D0284600F0C3F82046C8F8185011
:1059300007F0DCF9B9F1000F02D01F48FFF734FD82
:10594000D8F808309C4230D1EFF305836BBBA289B5
:10595000D20711D586F31188BFF36F8F83F31188B7
:10596000BFF36F8F0423184602DFEFF31186202365
:1059700083F31288BFF36F8F3046FFF725FDFB07D7
:1059800092D5002383F31188BFF36F8F0423184649
:1059900002DF89E703F07F0343F0080303740FF08D
:1059A00023FC88E74FF00009B2E786F31188BFF3C4
:1059B0006F8FE4E71435002078200020F8340020B1
:1059C000F8B5014615461C46EFF31186202383F3F4
:1059D0001288BFF36F8F037C1B0718D452EA0403AD
:1059E0001BD0114FB86888421AD08A6800F158035A
:1059F0009A4215D058310FF009FCB8682A46234660
:105A0000FFF766FD3046BDE8F840FFF7DDBC00203B
:105A100086F31188BFF36F8FF8BD6FF00F00F7E7C3
:105A20006FF02C00F4E700BFF8340020D3B5DDE9B7
:105A30000667089CCDE90067FFF7A2FD1CB1034B88
:105A40009B685B69236002B0D0BD00BFF8340020C2
:105A5000027C034612F01F0210D10A4988420DD081
:105A60000949086868B1D9897F2909D893F90E20B6
:105A7000064B1B689A42B8BF002070470020704751
:105A800010467047001E0020E40700202835002043
:105A90000122044BC01A044BC0105843034B1A5444
:105AA000704700BF40210020ABAAAAAAEB3E00200D
:105AB00070B50C4B0C4D1E7CFFF7CAFF182303FB7F
:105AC0000655044628460FF0CAFC0022074B9A559B
:105AD0003CB1621E2846BDE870400549D31700F06E
:105AE00065B870BDF834002040210020EB3E002056
:105AF000915A020038B5EFF31185202383F3128801
:105B0000BFF36F8F0F4B104A9C681068A04206D1FC
:105B1000FFF7CEFF85F31188BFF36F8F38BD0021EB
:105B20001B7C1160094AD35C002BF3D02046FFF7A1
:105B30008FFF0028EED0237CDB0601D1FFF7EAFCC3
:105B40002046E5E7F834002024350020EB3E002015
:105B5000024B1868984208BF00207047E8070020F1
:105B6000034B1B680BB9F8F7F5B90020704700BF6D
:105B70002C35002030B570B10B4B5B6898420AD0D1
:105B8000036843B1D3E90421D0E90445121941EB7C
:105B90000501C3E90421D0E9003213605A600023F3
:105BA000C0E9003330BD00BFE8070020B3F1FF3F7C
:105BB00008BFB2F1FF3F2DE9F84F0446994615465C
:105BC0001F467AD08160EFF31188202383F3128877
:105BD000BFF36F8FB9F1000FDFF8E8A020DBFFF70C
:105BE000BFFFDAE90027013549F100092D1849EB1B
:105BF000E07306464FF00109C4E90453AD1843EBC6
:105C00000707FFF7A5FF0346DFF8BCE0DEF804A0B6
:105C1000EBB9C4E900EACAF80040CEF8044028E035
:105C20006FF00103DAE900125B1A4FF0FF3161EB0C
:105C300002025B1B62EB0902012B72F10001BCBF87
:105C4000012300224FF00009C0E90432D9E7D3E96B
:105C5000041CD4E904208A4270EB0C0B24DA891A64
:105C60005A686CEB0000C3E90410C4E90032146008
:105C70005C60FFF76DFF84420ED1114B1B685BB96E
:105C8000B9F1000F02D1FFF76BFF064630460FF067
:105C9000CFFB0021F8F730F988F31188BFF36F8F3D
:105CA00028463946BDE8F88F521A60EB0C00534580
:105CB000C4E90420ADD01B68AAE700252F46EFE712
:105CC0002C35002058210020E80700202DE9F0475E
:105CD000284F024638600D46FFF73AFF4FF00008A4
:105CE0004FF00009244E4FEAE27ED6E9001350B18E
:105CF000D0E9044CA2427EEB0C0A19DAA41A6CEB30
:105D00000E0CC0E9044C0024521843EB0E0320464D
:105D1000C6E900233C600FF08BFB2146F8F7ECF856
:105D200085F31188BFF36F8FBDE8F047FFF7E2BE40
:105D3000611843EBE473C0E90489C6E90013FFF777
:105D400019FF01224FF00043C0E9042385F31188B5
:105D5000BFF36F8F83689847EFF31185202383F398
:105D60001288BFF36F8F3A68121B3A60FFF7F0FE9C
:105D7000B9E700BF2C3500205821002010B5EFF303
:105D80001184202383F31288BFF36F8FFFF7E8FE9F
:105D90000346054AD2E90001181841EBE37184F388
:105DA0001188BFF36F8F10BD5821002073B50446D2
:105DB000EFF31186202383F31288BFF36F8F83687C
:105DC000594003EA02050A40534000220093094962
:105DD0006B4601920FF0F8FADDE9003223EA020384
:105DE00004F10C003146A3600FF069FA284602B0B6
:105DF00070BD00BFE75503002DE9F04105460E4692
:105E000017460FF0E5F928B9074B9B685C6F14B98A
:105E1000BDE8F081054C3B46324629462046BDE8A8
:105E2000F0410FF00FBC00BFF834002080090020C3
:105E300002460021014B02480FF004BC0DB40200E1
:105E400080090020014B4367704700BF8009002094
:105E50000146024A0020FFF7CFBF00BF0DB4020089
:105E600001680E4A0346914215D1C169A2F1102280
:105E7000A2F1EF1291420ED18268012A0BD8C268BA
:105E800012B101698A4206D0586928B19B691B1A70
:105E90005842584170470120704700BF55AA00FF83
:105EA00070B50E4B9E68B6B13046FFF7D9FF044679
:105EB00018B9F3687BB935690DB9204670BD28461D
:105EC000FFF7CEFF28B9EB68B34204D12E462D6907
:105ED000F2E70446F1E70124EFE700BF3035002088
:105EE0002DE9F041404D06466869884600F04CF9BE
:105EF00018B100242046BDE8F0812C68DCB1AC6804
:105F0000CCB1002E6AD0B8F1000F69D008FB06F7BB
:105F1000B7FBF6F6B04565D1391D63D8BA0710D086
:105F200027F003020432EC6803E0616891420AD270
:105F3000A469002CF9D1686900F030F90028D9D0A3
:105F4000D7E73A46EFE7D4F808C0BCF1000F02D01B
:105F5000012010F0CBF9891A232904F120061CD85E
:105F60000123A360D4E90523AAB19361A3690BB10E
:105F700062695A610023C4E905332B69DB0703D545
:105F8000FFF78EFF0028E3D13A4600213046344621
:105F900010F0A4F9CFE7EB60E8E702F12000231846
:105FA0002039C3E9011CDC602169DFF844C01961B4
:105FB00044F800C00D48D86101B1CB6061695961F6
:105FC000A069986141B18B61996901B14B6101216F
:105FD0002361C4E90121CDE7EB60F5E73446AAE788
:105FE0004446A8E70446A6E730350020669911EE3E
:105FF00055AA00FF70B5424E0546706900F0C4F81E
:1060000000287BD1002D5FD03368002B5CD0B268B4
:10601000002A59D09D4203D3726813449D4202D393
:10602000012010F063F9A5F120042046FFF718FFC6
:106030000028F5D155F8183C012BF1D155F8143C46
:1060400045F8180CC3B19A68002A42D155F81C2CA7
:1060500002F120015A680A445A6055E905321A6172
:1060600055F8145C2B6903B1DD6020462022002125
:1060700010F034F923462C462069002836D0826877
:10608000002A33D163684268203313446360036994
:106090002361D4E90523F2B923BB436963618269B3
:1060A000A2610BB39C61A36903B15C61236903B175
:1060B000DC602022002110F011F933699B0703D521
:1060C000FFF7EEFE0028ABD17069BDE8704000F02C
:1060D00065B80023D0E79361A369002BDDD0626926
:1060E0005A61DAE7F360F7E7F460DCE7002BE4D10C
:1060F000F368A36103B15C61F460DEE770BD00BFCB
:106100003035002070B50C46164E1422002105468D
:10611000304610F0E3F81448706100F02DF8134990
:10612000134800F051F8232C1BD915F003031FBFAF
:10613000043CE418C3F10403ED182246002128466C
:1061400010F0CCF8C6E90054203CB5606C60B36830
:10615000084A1A60B368A2F11022A2F1EF12DA61C4
:10616000F36070BD3035002030340020F55F020050
:10617000E15E020055AA00FF024B1B6803B11847FD
:10618000704700BF14080020034B9B6803B11847F9
:106190006FF01D00704700BF14080020034BDB6840
:1061A00003B118476FF01D00704700BF14080020AE
:1061B000014B1B68184700BFF4070020014B1B6808
:1061C000184700BFF0070020024B1860024B002068
:1061D00019607047F4070020F007002010B50A4648
:1061E000044619B1024B00211B68984710BD00BF3F
:1061F000888C03000E4B0340B3F1607F06D1B1F5EC
:10620000885F0CBF00206FF086007047B3F1707F8D
:106210000BD101F4E043B3F5005F06D111F4E06F58
:1062200014BF00206FF0860070476FF08600704743
:106230000000C07F8A42F8B506460D4600F00A818C
:1062400001F0FE41B1F1C06F61D1884C22F4FF71C1
:1062500021F00101A14222F0FF0014D004F588547E
:10626000A04210D022F47F7626F00306A4F57064D5
:10627000A64208D004F5A064A04204D004F57454EA
:10628000A14240F0EB80D1B2784E19B922F480617E
:10629000B14224D125F4FF7424F00104B44225F066
:1062A000FF0112D0724EB1420FD025F47F7727F054
:1062B0000307A6F57066B74207D006F5A066B1429F
:1062C00003D006F57456B44209D115F0FF0406D088
:1062D000684E44F00074B44204BF02460D468BB1D0
:1062E00022F4FF7323F00103B3F1062F06D0624BB3
:1062F00022F4FF6121F00701994203D122F4807258
:1063000025F48075954214BF00200120F8BDB1F13D
:10631000A06F16D102F0FE43B3F1A06F40F0888069
:1063200082EA050333F47E1340F0828028047FD58F
:10633000C5F30540C2F3054290428CBF0020012006
:10634000E4E74E4B9D4209D1A3F500439A4200F089
:1063500081804B4B22F47E109842D4E7B1F1407F0C
:1063600060D102F0FE43B3F1407F5BD182EA0500C9
:1063700030F47E1456D131462846FFF73BFF002803
:106380006AD1404912F47C1701EA020113D0B1F13D
:10639000607FC2F3054333D1D1B241F0007101F106
:1063A0007E410339122901D83748445C15F47C1F1B
:1063B0002DD19C42A7E7B1F1607F0AD1D3B243F05F
:1063C000007303F17E43033B122B4BD82F49CB5C68
:1063D000E2E7B1F1707F17D106F4E043B3F5005F57
:1063E00042D10123C6F302218B4006F4E041B1F50E
:1063F000005FDBD10120C6F3022600FA06F4D5E7E0
:10640000B1F1707FD2D1F0E700242346CEE71FB967
:10641000C5F30541A1421DD0290403D5C5F30540AC
:1064200098428AE71A4B9D4202D1B2F1082F6AE7DF
:1064300025F0004323F47F03B3F1106F0CD102F079
:10644000FE43B3F1106F07D11248104040F01060C6
:10645000A84258E7012059E7002057E7002B7FF4B6
:1064600046AF4FE7002397E70023BEE70002000690
:1064700000130006FF000002004000060093C00465
:10648000000140050000C07F14A1030014A1030017
:106490000002C0030000FFF670B505460F480E4627
:1064A000FFF772FE044618B16FF08F04204670BDEE
:1064B0006B6933602B7F012B0ABF022330602B777F
:1064C000064818BF6FF09604FFF768FE0028EDD06D
:1064D000002CE9D06FF09604E8E700BF54340020A8
:1064E00038B50C4C0C48FFF74FFE65780A48FFF7AB
:1064F00055FE0A48FFF748FE022D08D12478E31F15
:106500005C425C410548FFF749FE204638BD002447
:10651000F8E700BF483500203C3400204834002014
:106520002DE9F047894615461C4600F075FD0646E4
:10653000002851D1D9F80070B7F800A00AF4E04360
:10654000B3F5804FBB6808BF25F0010535EA0303AA
:106550003AD1002C40D0B5F5006F40D0A5F50052DF
:1065600055425541284A24F4FF7323F00103934216
:1065700013D0264924F0FF028A420ED024F47F7003
:1065800020F00300A1F57061884206D001F5A061FA
:106590008A4202D01E4A934223D114F0FF0304D052
:1065A0001C4A43F00073934222D02B4622465046A9
:1065B000F968FFF73FFE804670B92B4622465046E9
:1065C0003969FFF737FEE0B96FF0840600233846DB
:1065D000C9F8003000F058FD3046BDE8F0870125CD
:1065E000C0E704F0FE43B3F1407F04D12304DCD5BF
:1065F0006FF08606EAE7B3F1A06FF7D0054B9C4237
:10660000D2E74646E8E700BF000200060013000696
:1066100000460006FF00000238B500F0FE43B3F16B
:10662000407F04460D4602D06FF0860038BDFFF76C
:10663000E1FD0028F8D114F47C1F18D0C4F3054301
:10664000032B137022D9224A2240B2F1607F31D14C
:10665000E4B244F0007404F17E44033C122CE3D80D
:106660001C4A125D9342DFD8202BDFD90EE0184B75
:106670002340B3F1607F0FD1E3B243F0007303F125
:106680007E43033B122B04D9002313706FF0850067
:10669000CCE71149CB5CD3E7B3F1707FF4D101F4BF
:1066A000E043B3F5005FEFD10123C1F302218B403A
:1066B000DBB2C5E7B2F1707FB6D105F4E042B2F5C6
:1066C000005FB1D10122C5F30225AA40CAE700BF8D
:1066D0000000C07F14A1030014A103002DE9F341C1
:1066E0004768D0F81480044638460E460FF0C5FAC5
:1066F0000546E8B9FFB22FB9B8F1000F05D06FF029
:10670000860515E0B8F1000FF9D0A36823F0031354
:1067100023F47F43002BF2D14FF6F87362889A423C
:1067200028D816482779FFF72FFD28B16FF08F057D
:10673000284602B0BDE8F08107B901A8314600F053
:106740001BFC05460D48FFF729FD10B1002DEFD1C8
:10675000ECE7002DECD10FCCD6F800C066460FC692
:1067600094E8070086E80700002FE1D1019BCCF8F0
:106770001430DDE76FF08505DAE700BF5434002000
:1067800010B5044650B10648FFF7FEFC20460FF056
:10679000A8F8BDE810400248FFF700BD10BD00BFDB
:1067A0005434002013B5044610B301A900F034FCA2
:1067B0000446E8B91D48FFF7E7FC58B100240198EA
:1067C0000FF046FA002818BF04461848FFF7E6FC09
:1067D00070B10AE00198037F032B11D10FF038FA52
:1067E00004461248FFF7DAFC28B10CB96FF08F04A9
:1067F000204602B010BD002C08BF6FF08704F7E7F9
:10680000022B0DD1032303774368DAB2FF2A0AD0A3
:106810001B0AD3D0D0E909120FF030FB0446CEE7B3
:106820006FF09604CBE76FF08404C8E7543400207F
:106830002DE9F04190461E46002288B003880546A7
:106840000F460592CDF81C803260B8F1000F65D07C
:10685000B8F1005F80F0A18023F0FF03B3F5E24FB1
:1068600002D0B3F5824F25D128460EF018FF04461A
:10687000002840F08680EB6883B16A8872B12B886B
:1068800003F44F41B1F5824F02D0B1F5884F05D1E5
:10689000DBB2222B36D02CD8122B38D03A4600232C
:1068A00008EB070112F8010B8A4243EA0003F9D111
:1068B000002B33D0284605A9FFF710FF0446A0B9E6
:1068C000059B9B6A6BB3059B39465A8828460692FE
:1068D00006AA029203F1280201929A6A00925B6A68
:1068E00042460FF0FCF9044680B30598FFF748FFD5
:1068F00047E0273BDBB21B2BD0D8294921FA03F311
:10690000DB07CBD50732B8EBD20FC7D206E040F297
:1069100009239A42F6D1B8F1400FBFD86FF0860430
:106920002FE06B681B0A07D1079905980EF099FFB5
:1069300004460028C7D0D8E742463946284607AB68
:106940000FF0A5F904460028EED0CEE70599069B86
:106950004A88D2B94B804FF6F873069A9A4219D8F2
:106960002B88059813B102889A4210D16B8813B115
:1069700042889A420BD13146FFF78EFD044600282B
:10698000B3D1204608B0BDE8F0819A42E3D06FF061
:106990008604AAE76FF08504A7E76FF08504F0E7A7
:1069A0000102000C38B504460D46FFF799FD30B1E1
:1069B0002A462146BDE8384002480FF04CBA6FF035
:1069C000880038BD4C3500202DE9F04F9B46002350
:1069D0008FB0099301F0FE43B3F1806F0E46DDE9FD
:1069E000187A9146DDF868800ED06FF08604099819
:1069F00000F04AFB002C40F0888010B10023C8F85A
:106A000000300FB0BDE8F08F0B464FF4807209A93B
:106A1000FFF786FD04460028E9D1099B1B8803F493
:106A2000E042B2F5005F1BD113F4E06F18D0384993
:106A300026F480728A420AD001F500718E4206D097
:106A400034498E4203D0A1F53F418A4208D1012545
:106A5000C3F302239D40102D0AD96FF08304C6E7CB
:106A600042F2040293423CD12B4B9E4240D10C2572
:106A7000002FBAD0AA4545D329460AA8FFF792FFAE
:106A800004460028B3D14F453AD07A19AAEB050342
:106A9000CDE90423CDE9029B09980DF1280ACDF830
:106AA00018800195CDF800A03346D0E909120FF007
:106AB0006EF9044600289AD1002D98D04F4505D193
:106AC0003946D8F8002078190FF0EFFB2A465146D6
:106AD00038460FF0DDFBD8F800302B44C8F8003002
:106AE00085E742F20702934202D10B4B9E42B4D09B
:106AF0000A4B9E4201D10D25BAE73A460025C5E76B
:106B00003A46C3E76FF0890471E7204676E700BF95
:106B10000010C00400FF4004000180040013C00402
:106B2000002273B503880A600092428804460D462D
:106B3000002A00F0FF80028802F4E042B2F5804FA4
:106B400000F0F88023F0FF03B3F5E24F02D0B3F575
:106B5000824F04D120460EF0A2FD0646D0B9694608
:106B60002046FFF7BBFD064660BB009B9B6AA3B1B6
:106B70000099204601F12803D1E909120FF091F89C
:106B800006460098002E40F0D2802946FFF784FC8C
:106B90000646B8B9304602B070BD63681B0A40F0C3
:106BA000BD802288618802F4E043B3F5805F0DD098
:106BB000B3F5005F0AD002F44F40B0F5824F1ED00B
:106BC0006FF085060098FFF7DBFDE3E710460EF057
:106BD00019FE06460028F5D147F201039A4220D15A
:106BE0004B080133DB0803EBC3033B330193DDE9BF
:106BF00000010EF036FE06460028B9D0E2E7B3F5F4
:106C0000E04FDDD147F201039A42E9D022F0FF03C1
:106C1000B3F5884F15D1CB1DDB0803EB43030133DC
:106C2000E4E744F201039A4202D1CB081033DDE7D6
:106C300022F0FF03B3F5E84FEAD1CB1DDB085B0080
:106C4000D4E7B3F5EE4F67D0B3F58E4F02D1CB1D2D
:106C5000DB08CBE702F44F40B0F5824F02D0B0F52D
:106C6000884F06D1D0B2422801D1CB08D7E74128BE
:106C7000EDD0B3F5E24FEAD0B3F5824F03D1CB1D8F
:106C8000DB085B00CBE744F20D039A4224D844F2C0
:106C900001039A42DBD9A2F58042023A0B2AD6D8E8
:106CA00001A353F822F000BFED6C02004F6C02000C
:106CB000F96C02004F6C02004F6C0200016D020083
:106CC000096D02004F6C02004F6C0200116D020052
:106CD0004F6C0200116D020047F202039A421BD072
:106CE00047F204039A42B2D140237FE74FF4A072E7
:106CF0004B095343203379E74FF4C0720B0AF8E78E
:106D0000CB1DDB08183371E7CB1DDB081C336DE7A7
:106D1000CB1DDB08023392E7202367E7204601A959
:106D20000EF0BAFF064600283FF461AF4AE70EF0C6
:106D3000CDFD47E76FF086062CE700BF10B51B4C72
:106D40001B48FFF721FA2378590744BF03F0FB03E0
:106D500023709A0705D500F0F5F8237823F0020395
:106D600023701348FFF71AFA1248FFF70DFA6378F9
:106D700013B111480FF080F8002304210E4863700E
:106D8000FFF72CFA0B48FFF709FA0948FFF7FCF95F
:106D90002378DB0705D50EF079FF237823F0010374
:106DA00023700348BDE81040FFF7F8B948350020CC
:106DB000483400203C3400204C35002070B5FFF7EB
:106DC0008FFB10B10024204670BD3448FFF7DCF97A
:106DD000044620B16FF08F04FFF7B0FFF3E7304DAA
:106DE0002B789E0706D400F0A5F804462B7843F0D4
:106DF00002032B702948FFF7D1F910B1002CE9D01C
:106E0000EAE7002CE8D12548FFF7BEF90446002840
:106E1000E0D12B78D80706D40EF036FF04462B7845
:106E200043F001032B701D48FFF7B8F90028E5D1A6
:106E3000002CD1D11948FFF7A7F90028CAD117486B
:106E40002E78FFF7ABF90028C4D11648FFF79CF95C
:106E500004460028BED16B783BB9F10705D512482E
:106E60000EF0F7FF022304466B700E48FFF796F909
:106E70000028C3D1002CAFD10848FFF785F90028BE
:106E8000A8D12B7805485A075CBF43F004032B7048
:106E9000FFF784F9002895D09CE700BF4834002014
:106EA000483500203C3400204C35002000F14042A1
:106EB0000F2A30B50CD82C241C4B04FB02331A7F4C
:106EC000022A02D15A69824224D06FF08B001AE064
:106ED0006FF04043441E9C420ED2144A00241346D5
:106EE000157F022D02D15569854210D00134102C36
:106EF00002F12C02F4D1E8E70D4BA2F580529A4240
:106F0000EBD96FF0870030BD6FF09600FBE72C22C5
:106F100002FB04331A7F022AF6D11A6A501CF3D0FE
:106F200001321A6200200B60EDE700BF50350020EF
:106F3000FFDFFF3F0122024B002083F8C022704791
:106F4000503500202DE9F0410A4C002526464FF02F
:106F5000010803272046C4F82080277701350EF06A
:106F6000C0FC102D04F12C04F4D1002386F8C032AB
:106F7000BDE8F08150350020F8B5244D0646244880
:106F80000F46FFF701F995F8C0422148FFF706F9CF
:106F9000002C34D000242B462246197FF9B13CB98D
:106FA000022905D1196A19B91979002918BF1C4697
:106FB0000132102A03F12C03EFD114B96FF08C00C9
:106FC0000BE0237F022B04D1236A5A1C1CBF013320
:106FD000236220460EF085FC10B100240DE01C4613
:106FE000237F7BB90123237736B10A4B651BAD1094
:106FF0005D4305F18045356000203C60F8BD6FF0D1
:107000008800EAE76FF09600E7E700BF5035002000
:1070100048340020A38B2EBA002370B50B600446C1
:1070200016480D46FFF7B0F8154B144893F8C062A8
:10703000FFF7B4F8FEB11348FFF7A6F8064618B1FB
:107040006FF08F04204670BD20462946FFF72EFFC3
:1070500010F18C0F044607D00A48FFF79FF800286C
:10706000F0D0002CEED1EBE706482E60FFF796F843
:107070006FF08704E6E76FF08804E3E74834002008
:10708000503500205434002010B504460848FFF75E
:107090007BF840B920460EF0DBFD04460448FFF7BC
:1070A0007DF810B10CB96FF08F04204610BD00BF01
:1070B0005434002070B40A4EDCB2456844F00074C9
:1070C000B4424FEA152503D035B970BC00F0A4B81E
:1070D0006FF0850070BC70476FF08600FAE700BF64
:1070E00005000002F7B5089E0D4FF5B2044645F0C5
:1070F00000754868BD424FEA10200AD060B900967A
:1071000004F1080000F054F808B91C23236003B010
:10711000F0BD6FF08500FAE76FF08600F7E700BF7B
:1071200005000002F7B5089E0D4FF5B2044645F084
:1071300000754868BD424FEA10200AD060B9009639
:1071400004F108000EF09EFF08B91C23236003B071
:10715000F0BD6FF08500FAE76FF08600F7E700BF3B
:10716000050000027FB50024C0F848410F4C0546D9
:1071700000940EF019FE044698B9102203AB05F5F1
:107180009C76019328463346009205F594710EF0E3
:107190001EFE044628B930460EF0A3FE204604B079
:1071A00070BD28460EF021FEF8E700BF0044400401
:1071B0002DE9F0411E46069B1746154A23F47E131F
:1071C000934204460D461BD10B88B3F5105F17D1CF
:1071D000A6F11002102A17D80E4BD340DB0713D5A7
:1071E0004FF4A67200210FF079F8022384F84C3195
:1071F0003A46334629462046BDE8F041FFF7B2BF84
:107200006FF08500BDE8F0816FF08600FAE700BFFF
:107210000002C003010101002DE9F04323F47E16B2
:10722000124BDDF82C909E42DDE9077CDDE909E890
:1072300015D10388B3F5105F11D1A2F11004102C01
:1072400011D80B4D25FA04F4E3070CD53B46CDE9E4
:107250000989CDE907CEBDE8F0430EF0EABE6FF034
:107260008500BDE8F0836FF08600FAE70002C003F6
:107270000101010073B50C4611461A4623880546E4
:10728000B3F5105F069E19D1A2F11004102C12D88C
:107290000C4BE340DB070ED50B4B9E420ED1002476
:1072A0002346009400F0A4F8204685F81C41C5F858
:1072B000186102B070BD6FF08600FAE76FF08500CC
:1072C000F7E700BF01010100004440042DE9F0414F
:1072D00016461F46D0F818210E4B05469A4288469E
:1072E00011D1314600F0A4F8069B044698420DD80F
:1072F000334628464246394600F0A8F80020079B4E
:107300001C60BDE8F0816FF08500FAE76FF089003E
:10731000F7E700BF0044400470B50088C8B0B0F57E
:10732000105F4D9E4F9D22D1A2F11000102821D850
:10733000134C24FA00F0C0071CD51248834216D122
:1073400005F00F00064315D1519B9D4215D8529B65
:1073500003A81D603346009600F04AF803A82B46A8
:107360004E9A509900F072F8304648B070BD6FF0F8
:107370008500FAE76FF08600F7E76FF08900F4E721
:10738000010101000044400470B5184E049CB34252
:10739000458802D06FF0850070BDEE1DB2EBD60FB0
:1073A0004FEAD60302D06FF08600F5E7079A9342C2
:1073B00018D8089A136047F2121200889042E9D157
:1073C000059A5B0001339342EDD12378042BEAD177
:1073D000B5F5807FDED10698621C00F073F90028B5
:1073E000DAD0E0E76FF08900D6E700BF00000209BD
:1073F000F8B5069F04461D4661B11646AFB9E9F7D8
:10740000ABF9002384F8116184F8127184F810310B
:1074100084F8133145B11022294604F1F0000EF032
:1074200037FF012384F81331F8BDE9F729FBE8E7BA
:1074300051B190F8103190F812210B4402F0010282
:107440009B1A23F00F00704708467047002B00F08E
:1074500081802DE9F04F1D4690F8109190F812317F
:1074600089B003F00106C9F1100A029306EB0A0382
:10747000AB420446934600F2C280884600F580770E
:10748000BAF1000F40F0AD80029B002B63D194F85D
:10749000133104F1F009002B40F0BE80224639463A
:1074A000484694F81131E9F703F80F2D40F2DC80DB
:1074B000DA464646A5F11003039323F00F03103379
:1074C0004344019394F8133163B3102351464A4661
:1074D0003846E9F713FD1022494630460EF0D8FE33
:1074E00094F81131224639464846E8F7E1FF019BFE
:1074F0001036B3420AF1100AE4D1039B08F11008D8
:1075000023F00F0115F00F05884440F08C804946A8
:10751000029B84F81031102240460EF0B9FE09B0EB
:10752000BDE8F08F5146102238460EF0B1FE102211
:10753000494630460EF0ACFE94F8113122463946E9
:107540004846E8F7B5FF019B10369E420AF1100A43
:10755000B8D1D2E7704794F811312246394604A8D1
:10756000E9F73CF994F81331002B6ED11036B5428F
:1075700032D304F1F00906E0103DB54208F11008DD
:107580000BF1100B28D31022594638460EF080FE1E
:10759000102240460DEB02010EF07AFE94F81131F4
:1075A0002246394604A8E9F719F994F81331002B5B
:1075B000E2D010230DEB030108464A46E9F79EFC92
:1075C000103D1022394648460EF062FEB54208F1E1
:1075D00010080BF1100BD6D27DBB84F8105104A912
:1075E00099E75946524607EB09000EF051FE029BFF
:1075F000103DD3444D44002B3FF449AFABE700F5B9
:107600008070114648442A460EF042FEA94484F890
:10761000109109B0BDE8F08F10234A46394638462C
:10762000E9F76CFC3AE70BF1100B594438462A464F
:107630000EF02EFEEBB2029369E7594638462A4611
:107640000EF026FE84F81051C9E7102304F1F0096A
:107650000DEB03014A460846E9F750FC1022484664
:1076600039460EF015FE81E7002D3FF450AF594624
:10767000DCE700BF00B589B00146684600F03EF87F
:1076800009B05DF804FB00BF00B591B00146684643
:1076900000F06AF911B05DF804FB00BF30B599B095
:1076A0000546684600F02AF86946044608A800F036
:1076B00051FA034608A928461C4300F089F92046E0
:1076C00019B030BD30B599B005466846144600F093
:1076D00015F82146044608A800F046F908A96A46AC
:1076E0000443084600F082F9034608A928461C43D3
:1076F00000F06CF9204619B030BD00BF38B50B68FA
:10770000114A1BBAC3614B6804461BBA83618B687C
:107710001BBA4361CB681BBA03610B691BBAC36018
:107720004B691BBA83608B691BBA4360CB69014606
:107730001BBA0360E9F7C6F90546034920462A4605
:10774000E9F7E0F9681E38BD8C8C03002DE9F041A3
:1077500006460C46904688B0684602F1200106F1C4
:107760002007E9F7B5FC6A4669466846E9F7D2FBA7
:1077700069463846E9F7ACFC3A463946384604F1E2
:107780002005E9F7C7FB6A4669466846E9F7C2FB88
:1077900041462846E9F79CFC6A4641463046E9F7EF
:1077A0007FFC2A4629466846E9F7B4FB2A46694623
:1077B0006846E9F7AFFB69466846114AE9F7AAFB54
:1077C00069462046E9F784FC324621462046E9F71F
:1077D000DFFB324621462046E9F7DAFB22463146F6
:1077E0002846E9F7D5FB6A4629462846E9F758FCBA
:1077F0003A4629462846E9F7CBFB08B0BDE8F081B8
:107800006C8D0300F0B504460D4699B02A466846D3
:107810002146E9F7BDFB69466846E9F759FC6A4627
:10782000214608A805F1200604F12007E9F738FCF5
:107830006A4629466846E9F733FC3246394610A8BD
:10784000E9F768FB324639463046E9F7A1FB314695
:107850002846E9F73DFC6A46204608A9E9F75AFBA5
:10786000224629462846E9F793FB6A46684608A956
:10787000E9F78EFB6A4639463846E9F711FC2A4695
:10788000684608A9E9F784FB6A4631463046E9F7BD
:1078900007FC3A4631463046E9F77AFB684610A9BC
:1078A000E9F716FC224669462046E9F771FB08A96C
:1078B00022460846E9F76CFB10A9084608AAE9F732
:1078C000EFFB3A46384610A9E9F762FB19B0F0BD64
:1078D0002DE9F04105460C46904688B00A466846B8
:1078E0002946E9F755FB69466846E9F7F1FB6A4620
:1078F0002946284604F12006E9F7D2FB05F12007C6
:107900006A4621466846E9F7CBFB3246394630469F
:10791000E9F73EFB31462046E9F7DAFB2A462146E5
:107920002046E9F735FB6A4621462046E9F730FB59
:107930006A4629464046E9F72BFB42463946384617
:10794000E9F7AEFB224629466846E9F721FB6A467D
:1079500031463046E9F7A4FB3A4631463046E9F76E
:1079600017FB08B0BDE8F08170B504460D4690B035
:1079700004F1200600F012F9304605F1200100F074
:107980000DF9214608A8E9F7A3FB08A908460D4A06
:10799000E9F7C0FA08A922460846E9F781FB08A9D9
:1079A0000846094AE9F7B6FA31466846E9F790FB16
:1079B000202269460DEB0200E9F77EFA013810B08B
:1079C00070BD00BF6C8D03004C8D030000F000B94A
:1079D00038B504460D4600F0FBF805F1200104F12E
:1079E0002000BDE8384000F0F3B800BF13462DE991
:1079F000F04FB9B08A46534A1946814610A8E9F7B4
:107A000061F85149024610A8E9F77CF88046179FB3
:107A10004C4908EAD77787F0010210A8E9F772F815
:107A2000179E5246F64328A918A8FFF78FFEF60FB7
:107A300020A9084686F0010200F092F8FE24C8F161
:107A4000010835466A4618A928A8FFF741FF6311C7
:107A50000DEB83031B6C04F01F0223FA02FB0BF0F7
:107A6000010675402A4628A918A8E9F7A7F82A466A
:107A700030A920A8E9F7A2F828A918A8FFF7C2FEA4
:107A8000013CDED26FEA0B0220A908A802F0010235
:107A900000F066F877406A4618A928A8FFF718FF93
:107AA0003A4628A918A8E9F789F83A4630A920A843
:107AB000E9F784F808A96A460846E9F7F1FA08A93F
:107AC000084600F09FF808A909F1200408460AF1C9
:107AD0002002E9F7E5FA204620A908AAE9F7E0FA2A
:107AE00008AA684618A9E9F7DBFA69466846E9F783
:107AF000EFFA18AA694608A8E9F7D2FA21466846BB
:107B0000E9F7E6FA08AA69461046E9F741FA684635
:107B10000E4A08A9E9F73CFA20212046E9F7E0F9E6
:107B2000024608A96846544244EA0804E9F746F8C0
:107B300048466946064AE9F7B3FA204639B0BDE837
:107B4000F08F00BFCC8C0300EC8C03004C8D030045
:107B5000AC8C03000A460149FFF748BF0C8D0300B7
:107B600070B588B004460D461646002120226846AE
:107B70000EF0B4FB002329462022204600930EF08D
:107B800087FB2A4669466846E9F702FA32466946A3
:107B90002046E9F713F808B070BD00BF0B681BBAA8
:107BA000C3614B681BBA83618B681BBA4361CB68A6
:107BB0001BBA03610B691BBAC3604B691BBA8360B4
:107BC0008B691BBA4360CB691BBA0360704700BF67
:107BD000CB691BBA03608B691BBA43604B691BBA44
:107BE00083600B691BBAC360CB681BBA03618B68E7
:107BF0001BBA43614B681BBA83610B681BBAC36134
:107C0000704700BF70B50D46052498B0064610A811
:107C1000E9F75EFA2A46684610A9E9F741FA69468B
:107C200010A8E9F755FA10A90846E9F751FA6A468B
:107C300010A908A8E9F734FA08A910A8E9F748FA42
:107C400010A90846E9F744FA10A90846E9F740FAEE
:107C500010A90846E9F73CFA10A908AA0846E9F76E
:107C60001FFA10A90846E9F733FA10A90846E9F700
:107C70002FFA10A96A4608A8E9F712FA08A910A86D
:107C8000E9F726FA10A90846E9F722FA013C10A9FB
:107C9000F5D1084608AAE9F703FA052410A9084611
:107CA000E9F716FA10A90846E9F712FA013CF5D1EE
:107CB00010A908AA0846E9F7F3F910A908A8E9F7F6
:107CC00007FA08A90846E9F703FA08A96A466846C8
:107CD000E9F7E6F91024694610A8E9F7F9F910A9BF
:107CE0000846E9F7F5F9013C10A9F5D12A460846FE
:107CF000E9F7D6F9402410A90846E9F7E9F910A9EF
:107D00000846E9F7E5F9013CF5D110A96A460846AD
:107D1000E9F7C6F9102410A90846E9F7D9F910A91E
:107D20000846E9F7D5F9013CF5D110A96A4608469D
:107D3000E9F7B6F9102410A90846E9F7C9F910A91E
:107D40000846E9F7C5F9013CF5D110A9084608AA8B
:107D5000E9F7A6F92A46304610A9E9F7A1F918B0C3
:107D600070BD00BF10B50C4C236813B10B4B1B68E2
:107D70002BB900F083FD30B90122084B1A600123B2
:107D80002360002010BD0138072801D9044810BD28
:107D9000044B53F8200010BD183800201438002080
:107DA000FE8FFFFF8C8D0300BFF34F8F0549064BFD
:107DB000CA6802F4E0621343CB60BFF34F8F00BF89
:107DC000FDE700BF00ED00E00400FA0530B44FF01D
:107DD000FE3200250B4B0C4C0C494968C3F80024BB
:107DE000C3F80424C3F80824C3F80C24C3F81024EF
:107DF000C3F81424C3F81824C3F81C24C4F800558D
:107E000030BC08470050845000408450F8070020E0
:107E1000024BD0E90012C3E900127047F8070020B6
:107E20000B4670B58CB006461446202103AA04A860
:107E30001D4600F0B7F9002835D1039B202B32D125
:107E40004FF0FF31194800F0CDFD40BB002000F09D
:107E5000F9FD00BB00942B46202206F1100004A976
:107E600000F092FC0446012000F0ECFD78B90F48C8
:107E700000F0C0FD38B9B4B9202104A800F090FD8D
:107E800020460CB070BD0A48FFF7A0FFF3E7094891
:107E9000FFF79CFFEBE70748FFF798FFDAE7044896
:107EA000FFF794FFD2E7044CEAE700BF8408002004
:107EB000AC8D0300C48D0300FE8FFFFFF0B50446B8
:107EC0000E4615468FB0002859D03E4B02689A42A4
:107ED00064D00DB1002969D027464FF4A07138460F
:107EE00000F05EFD202106A805AA00F05BF900283D
:107EF0005FD1059B202B5CD14FF0FF31324800F061
:107F000071FD70BB002000F09DFD30BB0023029589
:107F10002022019606A907F11000009300F0D6FA7E
:107F20000546012000F08EFD98B9274800F062FD5B
:107F300058B9002D41D1202106A800F031FD214B78
:107F40003B609CB128460FB0F0BD2048FFF73EFFD4
:107F5000EFE71F48FFF73AFFE7E71D48FFF736FF57
:107F6000D4E71A48FFF732FFCCE70025194800F0A4
:107F700041FD0028E6D01548FFF728FFE2E74FF063
:107F8000FF31144800F02EFD60B9134B0D4A1B68F9
:107F90009342EAD005B196B10F4F9EE700252846DF
:107FA0000FB0F0BD0948FFF711FFEEE76FF4E045B1
:107FB000C8E7202106A800F0F3FC084DC1E76FF4E4
:107FC000E045D3E7A5BCC95A84080020AC8D030066
:107FD000C48D0300700800201C380020FE8FFFFFB6
:107FE0002DE9F04F83B0002B00F0C7801D46002321
:107FF0000446884617462B608AB1002900F0BD80F0
:10800000002800F085805E4B02689A4244D1B7F5A3
:10801000806F0AD95B4E304603B0BDE8F08F002870
:1080200076D0574B02689A4236D1A146D9F83831FA
:108030001BB1D9F83020934235D94FF0FF31524867
:1080400000F0D0FC00287CD1002000F0FBFC0028D0
:1080500073D1002309F1100A4FEAC70B4246594673
:108060005046009300F096FA0646012000F0EAFC24
:1080700000285ED1444800F0BDFC002855D11F2ED9
:108080001AD076B92F6044B9404800F0B3FC20B153
:108090003F48FFF79BFE00E03E4E304603B0BDE890
:1080A000F08F3D4EEFE7002248461146FFF7B8FE3D
:1080B00006460028C1D0E6E7002248461146FFF7F1
:1080C000AFFE06460028DED14FF0FF312E4800F00B
:1080D00089FC00284DD1002000F0B4FC002844D1D8
:1080E0000023424659465046009300F053FA064694
:1080F000012000F0A7FC002833D1234800F07AFCCF
:108100000028BED02248FFF761FE002EBAD0C8E793
:108110004FF0FF311D4800F065FCD8B91F4B1A68BD
:10812000174B9A4211D01B4EAEE71948FFF74EFE8F
:10813000A5E71B48FFF74AFE9CE71948FFF746FEF4
:1081400087E71348FFF742FE7EE7B7F5806F05D952
:108150000C4E99E70E48FFF739FEDFE7DFF83C9059
:1081600064E70F48FFF732FEC7E70D48FFF72EFE22
:10817000B6E70748FFF72AFEADE76FF4E0468CE765
:10818000A5BCC95ADE8FFFFF8408002070080020BC
:10819000AC8D0300E88FFFFFFE8FFFFF1C3800202F
:1081A000C48D03002DE9F047DFF8ACA080460D46F2
:1081B000DAF800004FF0FF31914600F013FCA8BB45
:1081C000002000F03FFC68BBC5B100261E4F0AE04E
:1081D000182D2C4628BF18243946224600F0DEFB15
:1081E0002D1B26440BD018213846E9F799FC03468D
:1081F00008EB0600002BEBD0144C03E02E460024C5
:10820000C9F800601048182100F0CAFB012000F0F6
:1082100019FCA8B9DAF8000000F0ECFB50B92046D0
:10822000BDE8F0870A48FFF7D1FDCDE70948FFF721
:10823000CDFDC5E70748FFF7C9FD2046BDE8F0873B
:108240000348FFF7C3FDE5E75C390020FE8FFFFF21
:10825000C48D0300AC8D03007408002010B50446E3
:1082600050B1636813F0685F05D0064A934202D0AC
:1082700000236260236010BD034B04485B6898478D
:10828000EFE700BF2C5F5CA9F8070020E48D030036
:10829000C8B143680D4A934213D013F0685F0ED003
:1082A000012350E8002F194640E8001C9CF0000F05
:1082B000F7D1012AF5D0BFF35F8F00207047044843
:1082C0007047044870476FF4E04070472C5F5CA92A
:1082D000E98FFFFFEA8FFFFF034680B1426809493B
:1082E0008A420AD012F0685F05D0BFF35F8F002288
:1082F00010461A60704704487047044870476FF48E
:10830000E04070472C5F5CA9E98FFFFFEA8FFFFF19
:1083100010B5044620B10023034A2360626010BDFB
:108320000248FFF753FDF6E73A00003A0C8E0300CF
:1083300070B5164C4668056866608668C068A660B9
:10834000E06025600868124B124A1860486858605F
:1083500088689860C8680969D8601961536813F023
:10836000685F05D000230C49104651601360A84790
:108370000A48436813F0685F07D000220649236863
:10838000C0E90021BDE87040184770BD1408002006
:1083900000080020340800202C5F5CA92C08002075
:1083A0002DE9F047044684B0A64694F81FC0154650
:1083B0004FF01008002294F81E90637F0CF1010A20
:1083C00009EB1A2994F81CC003EB19230CEB132CAE
:1083D0006377E37E84F81CC003EB1C2394F81AC077
:1083E000E3760CEB132C637E84F81AC003EB1C239A
:1083F00094F818C063760CEB132CE37D84F818C056
:1084000003EB1C2394F816C0E3750CEB132C637D6F
:1084100084F816C003EB1C2394F814C063750CEBAE
:10842000132CE37C84F814C003EB1C2394F812C0D3
:10843000E3740CEB132C637C84F81E9003EB1C2379
:10844000637484F81FA084F812C094F810C00E461C
:108450000CEB13230EF8103F04AF02211046234605
:10846000CDE901E8009200F0B9FC10B1BD46BDE8CD
:10847000F0872021204600F047FD0028F6D129464C
:10848000304600F043FD0028F0D11F2D15D8C5F16E
:10849000270323F007036E46ADEB030DC5F120055E
:1084A0000DEB080401462A4620460DF017FF294629
:1084B000204600F02BFD38B9B5460021084600F0F3
:1084C00061FDBD46BDE8F087B546CFE7F0B589B0A0
:1084D0000546DDE90F46002C47D0202268460DF006
:1084E000D7FE66B3731E022B51D921466A4626F089
:1084F0000300204451F8043B1768814283EA0703D4
:1085000042F8043BF6D1B30719D026F003031DF857
:108510000310E25C4A400DF803205A1C96420ED923
:108520001DF80200A15C023341409E420DF802108A
:1085300005D91DF80310E25C4A400DF803202422FF
:10854000002128460DF0CAFE202269462846FFF782
:1085500027FF044610B9012300242B620821684636
:1085600000F068F9204609B0F0BD0F4624222146EC
:108570000DF0B4FE202239462846FFF711FF0446CD
:108580000028EFD1012320462B6209B0F0BD002363
:10859000BDE700BF2DE9F04300271D46036ABDB0CB
:1085A0000133CDE90477CDE90677CDE90877CDE948
:1085B0000A7775D004460E469046002D6ED02946A7
:1085C000449AFFF7EDFE002865D100221020E17FDC
:1085D00094F81EC0637F01F1010E0CEB1E2C217F6D
:1085E00003EB1C2301EB13216377E37E217703EB7D
:1085F0001123A17EE37601EB1321637EA17603EBC9
:108600001123217E637601EB1321E37D217603EBB9
:108610001123A17DE37501EB1321637DA17503EBAC
:108620001123217D637501EB1321E37C217503EB9D
:108630001123A17CE37401EB1321637CA17403EB90
:108640001123217C637404F1100701EB13232374BD
:1086500084F81EC084F81FE02346CDE90170022192
:108660001046009200F0BAFBA8B94046F10800F0AD
:108670004BFC80B95FEA162916D080464FEA0929DB
:1086800001E0C84510D0202104A800F03FFC08F507
:1086900080780028F5D03DB0BDE8F08304AD94E7C4
:1086A0001F203DB0BDE8F083B14507D0A6EB09011E
:1086B000C90804A800F02AFC0028ECD10CA800F09E
:1086C000F5FB0021084600F05DFC0028E3D11022F4
:1086D00012A938460DF0DCFDE07FA37F0138627FF0
:1086E000A3EBD0739BB2A2EBD332A377237F92B2DA
:1086F000A3EBD233E077E07E9BB2A0EBD3302377BD
:10870000A37E80B2A3EBD0336277627E9BB2A2EBF2
:10871000D332A376237E92B2A3EBD233E076E07D10
:108720009BB2A0EBD3302376A37D80B2A3EBD033F2
:108730006276627D9BB2A2EBD332A375237D92B2A7
:10874000A3EBD233E075E07C9BB2A0EBD330627533
:10875000A27C80B2A2EBD0322375637C92B2A3EBF1
:10876000D233E074207C9BB2A0EBD330A27420748F
:108770002946202220466374FFF712FE00288AD182
:10878000236A0133236286E7F0B589B005460E9E61
:10879000002B43D0684617461C460DF079FD66B3A2
:1087A000731E022B44D9A646EC4626F0030222444F
:1087B000DCF800305EF8041B594096454CF8041B69
:1087C000F6D1B30719D026F003031DF80310E25CBD
:1087D0004A400DF803205A1C96420ED91DF802009B
:1087E000A15C023341409E420DF8021005D91DF8EC
:1087F0000310E25C4A400DF803203A4669462846D9
:10880000FFF7CEFD044610B9012300242B62082196
:10881000684600F00FF8204609B0F0BDFFF7C0FD34
:1088200004460028F7D1012320462B6209B0F0BD91
:108830000023CAE7890000F047B900BF3AB101EB55
:10884000820251F8043B914240F8043BF9D1704751
:1088500008B500F037F830B900F03EF828B9064AFC
:10886000C2F80C0A08BD032008BD00F02DF800F086
:108870006DF8042008BD00BF0050845030B583B0AF
:10888000FFF7E6FF044610B90B4D2B6813B12046E5
:1088900003B030BD02460146FFF710FB50B9682215
:1088A000064901ABFFF79CFB20B92046044B2B6027
:1088B00003B030BD0524EAE79C390020A039002030
:1088C0005AEA5A5A0020704700207047014BC3F8FB
:1088D000040A70470050845010B5154800F06EF837
:1088E00000B110BD134800F069F80028F9D1124C0E
:1088F000204600F063F80028F3D1104B10481C60AC
:1089000000F05CF80028ECD10E4800F057F8002881
:10891000E7D10D4800F052F801460028E1D100F0FF
:1089200039F8044608B900F06FF8204610BD00BFC2
:1089300084080020800800207C08002074080020A3
:1089400078080020700800206C08002008B50B484B
:1089500000F03EF80A4800F03BF80A4800F038F80A
:10896000094800F035F8094800F032F8084800F0EE
:108970002FF8BDE8084000F00FB800BF84080020C1
:10898000800800207C080020780800207008002063
:108990006C08002000207047704700BF0DF085BCB8
:1089A00082B0019041B100239C461A4601980133E0
:1089B000994200F802C0F8D102B0704708B5034BE5
:1089C00002681B6810689847002008BD1408002042
:1089D00008B5034B02685B6810689847002008BD23
:1089E00014080020024B02689B681068184700BFFB
:1089F0001408002008B5034B0268DB68106898472C
:108A0000002008BD1408002070B5094C094D2069EC
:108A1000AB68984718B1084B08485B689847002135
:108A2000074AEB6811602069BDE87040184700BF35
:108A30000008002014080020F80700203C8E0300E6
:108A4000083A0020F8B51A4D1A4E0446B268286953
:108A50009047E8B9184F3B684CB1A3B1012B19D02E
:108A6000013B3B602869F36898470020F8BD43B993
:108A70000121124AC2F800151149D1F81029002A23
:108A8000FBD101333B60F368286998470020F8BDAB
:108A90000C48F8BD0A4AD2F81039002BFBD1074A1E
:108AA0006FF07E40C2F80035FFF710FF3B68D7E754
:108AB0000008002014080020083A002000408450DC
:108AC00000508450E98FFFFF2DE9F0410E4682B03F
:108AD000002879D000296FD0054601273D4C55E08C
:108AE000D4F80CC02068D4E901E14FEACE524B091A
:108AF00080EAC05842EA502243EACC638EEA020080
:108B00004B404FEA984E4EEA803E83EA08038CEAD7
:108B10005C1283EA0E03424011EB030E82EA90429C
:108B20004CEB0200082EB046C4E9023228BF4FF0D9
:108B3000080815F00303C4E9001CCDE900E032D1B8
:108B4000072E3DD8032E2CD9B8F10402C5F800E059
:108B500018D0042303F10801694411F8081C012A04
:108B6000E9540FD003F10900684410F8080C591CAF
:108B7000032A685406D103F10A026A4412F8082C49
:108B80000233EA54B6EB0806454415D0237E002B89
:108B9000A6D118212046E8F7C3FF0028F9D127768F
:108BA0009EE74246D6E72846424669460DF070FBEE
:108BB000B6EB08064544E9D1002002B0BDE8F081DB
:108BC000C5F800E06860DDE70029F5D0142002B0A8
:108BD000BDE8F0817821002031B10023013800F890
:108BE000013F01339942FAD1704700BF01202DE9BE
:108BF000F041764C764DC4F8100800F00BFC0023D1
:108C00006A68C4F84034C4F84434C4F84834C4F83A
:108C10004C34C4F86034C4F86434C4F86834C4F81C
:108C20006C34C4F8BC34D4F8C03402F0010223F030
:108C30000103C4F8C034D4F8C0341A43C4F8C024C3
:108C40002868072805D1D4F8C03423F00103C4F8FC
:108C5000C0345E4C8300D4F8C02403F01C0322F01F
:108C60001C02C4F8C024D4F8C0241343C4F8C03490
:108C7000D4F8C03495F89C2023F00203C4F8C03423
:108C8000D4F8C03495F8341023F44053C4F8C034F9
:108C9000AE6BD4F8C074002A4FEA063202F4405298
:108CA00042EA07024B4BC4F8C02408BF002309BBAB
:108CB0001A68C4F800245A68C4F804249A68C4F8EE
:108CC0000824DA68C4F80C24002E76D01A69012E24
:108CD000C4F810245A69C4F814246ED09A69C4F8F0
:108CE0001824DB69C4F81C342868072868D00020E1
:108CF000BDE8F0810229F8D11F683146384600F0FE
:108D0000FBFCDFF8D48050B3D8F800202F4B12685A
:108D1000C3F80024D8F800205268C3F80424D8F817
:108D200000209268C3F80824D8F80020D268C3F85D
:108D30000C24D8F800201269C3F81024D8F80020B9
:108D40005269C3F81424D8F800209269C3F8182493
:108D5000D8F80020D269C3F81C24BDE8F081D8F807
:108D6000003031461B683846C4F80034D8F800306B
:108D70005B68C4F80434D8F800309B68C4F8083441
:108D8000D8F80030DB68C4F80C34D8F800301B6920
:108D9000C4F81034D8F800305B69C4F81434D8F83B
:108DA00000309B69C4F81834D8F80030DB69C4F887
:108DB0001C3400F0B7FC0028A6D12868072896D1FB
:108DC0000122024BC3F87C2491E700BF005084507D
:108DD0000C3A0020AC3A0020680800202DE9F84F3A
:108DE0000024984683460F4691462D4E2D4DC022B5
:108DF00021463046DDF828A00DF070FAC5F8404451
:108E0000C5F84444C5F84844C5F84C44C5F8604426
:108E1000C5F86444C5F86844C5F86C4400F0F2FA3B
:108E20002046C5F8C04400F0F5FAC5F81048C6E978
:108E3000007B86F83490C6F838A0B8F1000F0AD04D
:108E400001230AF102024146D20006F1A00086F891
:108E50009C300DF01DFA102000F0C6FAFFF7C6FE98
:108E600040B9022F08D0072F04D01FB10E48FEF7DB
:108E7000ADFF0620BDE8F88F0B9B1A68094BC3F8BD
:108E800060240B9A5268C3F864240B9A9268C3F862
:108E900068240B9AD268C3F86C24BDE8F88F00BF31
:108EA0000C3A002000508450308E030010B5044668
:108EB000C02212490DF0ECF9114B6022D3F84004A6
:108EC0001049A060D3F84404E060D3F8480420615E
:108ED000D3F84C046061D3F86004A061D3F8640453
:108EE000E061D3F868042062D3F86C3404F13C00EC
:108EF0006362BDE810400DF0CBB900BF0C3A002012
:108F0000005084501C3B002000F074BA70B51B4C1C
:108F10002368072B17D0A36A06460D46B3B101207C
:108F200000F078FAA36A2B440F2BA3621CD901230B
:108F300001222946304600F0C1F9034620B9104B02
:108F40001B6C102B16D00023184670BDE36A002B53
:108F5000E5D0012000F02CFA2368072BDFD1A36AAB
:108F60002B440F2BA362E2D82368012B94BF00236C
:108F70000123DDE700F01CFAE5E700BF0C3A002012
:108F80001C3B00202DE9F04184B0DFF86081544B98
:108F9000D8F84020534CC3F8BC24A36A06460D46BB
:108FA00000AFB3B32368072B7ED1002000F000FA96
:108FB00000224B4BC3F8BC2415B1D8F858302B60B5
:108FC0002368072B2FD000260024454DC0222146C0
:108FD00044480DF083F9C5F84044C5F84444C5F849
:108FE0004844C5F84C44C5F86044C5F86444C5F825
:108FF0006844C5F86C4400F005FA2046C5F8C04442
:1090000000F008FA30461037C5F81048BD46BDE8F4
:10901000F081E36A002BCBD02368072B57D00120C7
:1090200000F0C6F9C4E7E36A1BB901222C4BC3F870
:1090300024252B4B256BD3F8402403353A60D3F815
:109040004424AD087A60D3F84814EA1DB960616819
:10905000D3F84C04012922F007036C46F860ADEB0D
:10906000030D2CD129466846FFF7B6FD65B30020F5
:10907000013D0DF1FF316D4411F8013F07F1100280
:1090800002EB830252F8102C56F82330534003436E
:1090900014BF01200020A942EED1ABB11248FEF767
:1090A00095FE1226A5468FE7012000F0B3F923684C
:1090B000002B7FF47AAF012000F07AF978E72A4696
:1090C00030463946FFF7BAFB0026A5467CE701206B
:1090D00000F0A0F92368072B3FF467AF9FE700BFBC
:1090E000005084500C3A0020308E03001C3B0020BE
:1090F000F0B501246E4A6F4B92F85C5092F84870BC
:10910000A5428646C3F820483AD04FF4FE64C3F81F
:10911000044AD3F8084A44F47F64C3F8084A002F8D
:109120003AD1002D40F0BE80634B1C7C14B11C680A
:1091300084425ED993F8244014B15C69844269D9B1
:1091400093F8384014B19C6A84426FD993F84C402C
:109150001CB1DC6B844240F28480564BC3F828EC8F
:10916000C3F82C1C4FF40061524AD2F8003A31EA9D
:109170000303FAD10023C2F8081AC2F82038F0BD60
:109180004FF47664C3F8044AD3F8084A44F47F6481
:10919000C3F8084A002F43D0474BD46C1F7C17B14B
:1091A0001F68BC4248D293F8247017B15F69BC4273
:1091B0005FD293F8387017B19F6ABC4261D293F8BE
:1091C0004C7017B1DF6BBC4263D227460C44D464A9
:1091D000946D0C449465374CC4F8287DC4F82C1D5C
:1091E000002DA2D0012DC4F8300CC4F8341C1BD0C3
:1091F000B8E75D68254485429CD9002505EB8505C7
:1092000003EB8503556D9A68DB68161B064405FB66
:10921000036EA2E79D692544854291D90125EDE7BA
:10922000C3F8300CC3F8341C90219DE7DD6A254457
:1092300085428BD90225E1E75E6807EB060C6445A1
:10924000B1D24FF0000C0CEB8C0C03EB8C0CDCF867
:109250000860DCF80CC0F71B566D274406FB0C7742
:10926000B4E71D6C2544854288BF03257FF675AFA2
:10927000C4E79E6907EB060C64459AD24FF0010CD7
:10928000E1E7DE6A07EB060C644598D24FF0020C6A
:10929000D9E71E6C07EB060C644538BF4FF0030C92
:1092A00093D2D0E7C3F8300CC3F8341C5AE700BFA0
:1092B0001C3B002000508450CC3A00202DE9F8439C
:1092C000DFF8E4900646D9E9105C0F461446002A00
:1092D00059D1CDBBFFB1D9F8401089F8484061BBE6
:1092E000D9F844307D1EB5FBF3F503FB05F545B118
:1092F000B5F5803F12D230462946FFF7F9FE7F1BB5
:109300002E443A46314628480CF0C2FFD9F8403086
:109310003B44C9F840300020BDE8F883D9F8444008
:109320003046C4F580384146FFF7E2FEA4F58033AD
:10933000ED181F444644DBD1E3E71B48FFF7D8FE96
:109340000023C9F84030CBE799F8483043B12946AB
:109350004846FFF7CDFEC9F84040BBE7002DB9D025
:10936000ACEB0502BA4209EB0500154628BF3D46A5
:1093700031460CF08DFFD9F840302E442B44C9F80B
:1093800040307F1BA6E7002BE8D0D9F850308B4245
:1093900005D35B1AC9F85030002DE1D19AE7034894
:1093A000FEF714FD1320B7E71C3B0020308E0300AE
:1093B00010B50C4C216C29B128B90A48FFF798FE6A
:1093C0000023236410BDC1F14002601800210CF09D
:1093D00085FF616C03482164FFF78AFE0023236444
:1093E000F0E700BF1C3B0020014B5864704700BFF2
:1093F0001C3B00200246024B0020C3E913217047AA
:109400001C3B00206022002101480CF067BF00BF18
:109410001C3B0020074AD2F81039002BFBD1064B29
:109420000449C2F800091870D1F81039002BFBD19B
:10943000704700BF00508450EC3E00204FF47F0383
:1094400010B4D3F8102C013221D0D3F8102CF2B97B
:10945000D3F8142C01322CD0D3F8142C4ABBD3F8F7
:10946000182C013232D0D3F8182C7ABBD3F81C2C2C
:10947000013202D0D3F81C3CABB34FF47F03D3F8D6
:109480001C2C032101322BD0D3F81C4C08E04FF4E4
:109490007F03D3F8102C0021013211D0D3F8104CE7
:1094A0000122002384600173027043605DF8044B65
:1094B00070474FF47F03D3F8142C0121013202D1FD
:1094C00040F2DC54ECE7D3F8144CE9E74FF47F03A7
:1094D000D3F8182C0221013202D0D3F8184CDFE760
:1094E00040F63404DCE702485DF8044BFEF76EBC3E
:1094F000308E030070B5037843B3D0E901520124E4
:10950000154B90F80CC0C3F8C441C3F84041C3F8F0
:10951000C441C3F83021D3F830118A42F7D100207A
:109520003F261E210422C3F82C01C3F80861C3F8AA
:109530000011C3F80C21D3F80C214CEA0202C3F845
:109540000C21C3F83851C3F82C4170BD0348FEF715
:109550003DFC0C2070BD00BF00508450308E0300D5
:109560000020034BC3F82C01C3F8C401704700BFAF
:10957000005084504FF0000C2DE9F84F864601242E
:109580004FF0FF354FF03F094FF01E0804270E46FD
:109590006046464BD3F8042112F00E0F53D0D3F897
:1095A0000C21D3F8301102F00302032AC3F82C0176
:1095B000C3F8BC41C3F8085169D0013242F0040A33
:1095C000D2B2C3F80CA1C3F830118EF80C20CEF83B
:1095D0000810D3F80C11D3F8302101F0030BD3F8A5
:1095E00038A1C3F8C441C3F84041C3F8C441C3F82B
:1095F0003021D3F830118A42F7D1C3F82C01C3F8D7
:109600000891C3F80081C3F80C71D3F80C210CF158
:10961000010C4BEA0202C3F80C21C3F838A1C3F8CD
:109620002C41D3F80421D10711D4BCF1640FB1D17E
:1096300000221E4B1E48C3F82C21C3F8C421FEF79C
:10964000C5FB102021E0D3F80421D207A2D5BCF13C
:10965000640FEDD04FF0FF3201210020134BC3F80F
:10966000BC11C3F80821D3F814213260D3F81821B3
:109670007260D3F81C21B260D3F82021F260D3F8D5
:1096800024213261D3F828317361BDE8F88F4A1C78
:109690009FD0491840EB00028D4270EB020238BFA8
:1096A0004FF0FF3100224FF0040A8AE70050845047
:1096B000308E03000A234360704700BFC368032B4A
:1096C00005D0022B14D80133C36001207047836892
:1096D0005A1C0FD000224FF0FF3CDB1842EB020176
:1096E00091420CBF19466146C0E902120120704741
:1096F0008368EFE7002070477F2809D851B101390E
:10970000022909D805497F280CBF08460020704768
:109710000248704708467047014870470100F7004B
:109720000300F7000129F0B407D0022900F0898076
:1097300000295AD07248F0BC70470022714C724B1D
:109740004FEAC00CC4F80015451C0CF57F04C3F8A3
:10975000082104F50444C3F80021C3F80421C3F828
:1097600000556A4E2468B44240F0B380196002E0AC
:10977000002940F0B580D3F80021D3F80841D3F890
:1097800004112243F4D0002C40F0B180002940F0B5
:10979000A78001245B4AC3F800150230C2F80045D7
:1097A0005B4AC3F80811C3F80011C3F80411C3F8E9
:1097B000000552F80C00574A904240F08E80524A01
:1097C0001C6002E0002840F08B80D2F80031D2F813
:1097D0000811D2F804010B43F4D0002940F08C802A
:1097E00000287DD1C2F8000528E00124464BC200C4
:1097F000444E204402F57F02C6F8004502F50442BB
:10980000C3F80811C3F80011C3F80411C3F8000528
:109810003E4D1268AA4260D11C6001E000285FD171
:10982000D3F80021D3F80811D3F804010A43F5D086
:1098300000295CD1002853D1C3F800050020F0BCFA
:10984000704701250022304B2E4F4FEAC00C4419BF
:109850000CF57F01C7F8005501F50441C3F8082154
:10986000C3F80021C3F80421C3F80045274E096856
:10987000B1422ED11D6000E091BBD3F80021D3F896
:109880000841D3F804112243F6D084BB41BB012424
:109890001C4AC3F800150230C2F800451C4AC3F840
:1098A0000811C3F80011C3F80411C3F8000552F8F9
:1098B0000C00184A904210D1134A1C6000E078B99D
:1098C000D2F80031D2F80811D2F804010B43F6D0D7
:1098D00083E7C3F8002510482DE7C3F80015FAE721
:1098E0000022094B0D48C3F80025F0BC7047002248
:1098F000C3F800250A481EE70023C2F80035F9E73F
:109900000C00F1000040845000900350005484503B
:109910000884FF00105484500600F7000200F7008E
:109920000100F700F8B50E4B06461D68AB789B07A3
:1099300012D56F6816F8014B29462CB90A20B84792
:10994000002805DB204609E02046B8470028F1DA68
:10995000AB7843F00403AB704FF0FF30F8BD00BFAD
:10996000488503000CB430B58BB004460D46202268
:10997000002102A80CF0B2FC0223002D06948DF801
:109980000A300C4B039312DB01D06B1E1C440FAA50
:109990000E9902A80794019200F002F915B1069BF6
:1099A00000221A700BB0BDE8304002B070470024AE
:1099B000EDE700BF3B670300242AF0B5044601D859
:1099C000012A40D12E4B1622EBF7C2F91A5001B1F1
:1099D0000C600020F0BD2F463D4615F8010B2028F5
:1099E000F9D0A0F109060346042EF4D92B282CD077
:1099F0002D282CD101262B78BD1C302B2DD1287879
:109A000040F02000782824D132F0100021D16B786A
:109A10002C46102202350020392B82BF03F1FF3380
:109A200043F02003263B303B9A421AD9A0FB0204A4
:109A30000CB9C01801D346F002062F462C4617F881
:109A4000013B3D46E8E70746C6E70026D3E7002688
:109A5000D3E7002A08BF0822DDE7002A08BF0A2250
:109A6000D9E701B10C60F20748BF4042B307B1D556
:109A7000034B2222EBF76CF91A504FF0FF30A9E7A5
:109A80000C0000002DE9F0410126B24201DCBDE8E6
:109A9000F08107463B461F4613F8014B002CF6D0D9
:109AA000252CF8D11D780237252DF3D00023DFF8BF
:109AB000EC809C461C461F2C27D8A5F1200EBEF139
:109AC000100F06D828FA0EFE1EF0010F53D12E2DCE
:109AD0003CD02E2D27D8242D33D02A2D36D0BCF1C2
:109AE000000FD4D0B445D5D145F020070B68A7F1BD
:109AF000650CBCF1020F01D9612F42D1073323F06D
:109B00000703083301360B60BFE77F2CDFD96C2DCC
:109B100023D01DD8682D27D06A2D01D04C2DDED141
:109B200044F4207408E0A5F1300EBEF1090FEED820
:109B30000A2404FB03E3202417F8015B002DBAD1AB
:109B4000CDE7BCF1000F18D0B34218D00023F3E7E3
:109B5000742DF1D07A2DEFD0C1E7250648BF44F42B
:109B6000007444F08004E7E7E50548BF44F400745E
:109B700044F48074E0E70024DEE79C46E6E76325D2
:109B8000B2E7692D02D007D8632D03D0250601D591
:109B9000A405B3D40433B5E7732DF6E78928010093
:109BA0002DE9F04F837893B08046D0F804909C075D
:109BB000CDE9081214D50B4600250B92187888B110
:109BC000252813D00133069341460135C8470028A4
:109BD00080F2F48398F8023043F0040388F80230EE
:109BE0004FF0FF35284613B0BDE8F08F93F801A081
:109BF0009A1CBAF1250F0692E6D04FF0000B5E4694
:109C00005F465C461F2C23D8AAF12003102B22D8D4
:109C1000DFE803F01521211B2121210B2121211334
:109C200021182121090044F00104069B13F801AB1F
:109C30000693BAF1000FE5D11BE044F0020444F0B2
:109C40000404F2E744F00804EFE744F01004ECE702
:109C50007F2C00F2F880BAF12E0F00F0D58000F2D0
:109C6000AE80BAF1240F00F0D580BAF12A0F00F0CF
:109C7000B680BBF1000F06D0099B5A460BA9089885
:109C80000B93FFF7FFFE002E4AF02003B8BF24F02D
:109C900040040493A3F16503BCBF0026A4B2022BC9
:109CA00004D94AF02003612B40F088826FEA0A0A47
:109CB0000AF0200307930B9B073323F0070303F1FC
:109CC00008020B92049A612AD3E900AB04F0400326
:109CD00040F0E680002B079B50460CAA08BF4FF0CF
:109CE000FF360093594644F4C05433460CF09EFCB2
:109CF00001304FF0010CDDF830A0C3B2B342039342
:109D0000A8BF03F1FF367023CDE9043C0AF1090333
:109D1000122B0DD90AF16303C62B40F2F4800AF22C
:109D2000E73340F2CE7293428CBF042303230593A2
:109D30009DF83430D80700F1E880A20700F1E880F0
:109D4000C4F3800B4FEA4B1B5FFA8BFB13F00C0F35
:109D500000F0EA80BBF1000F0CBF03230423BB42D9
:109D60000EDA2007A7EB03070BD42F44414620202F
:109D7000C847002805F10105FFF62CAFBD42F5D11B
:109D80000027BBF1000F07D041465846C8470028BE
:109D900005F10105FFF61EAF9DF83430AD4C13F010
:109DA000080FAD4B08BF1C462646324616F8010B7D
:109DB000002840F0B0802C1B02EB040B7AE1AAF1E2
:109DC0003003092B3FD814F0400F4FF00A020ABFAE
:109DD00044F0200402FB063602FB073725E7BBF1FF
:109DE000000F7FF422AF0B9A600652F8043B0B92EF
:109DF00001D51E4619E7002BA7BF44F020041F46DB
:109E00005F4244F0280410E763063FF5EBAE44F0F0
:109E100040040AE7BBF1000F3DD014F0400A099B53
:109E20000BA908980CBF3A4632460B93FFF72AFE5F
:109E30000B9B53F8042B0B93BAF1000F01D016467D
:109E4000F3E61746F1E6BAF16C0F16D00CD8BAF16A
:109E5000680F19D0BAF16A0F03D0BAF14C0F7FF432
:109E600008AF44F42074E0E6BAF1740F3FF4DDAEBD
:109E7000BAF17A0F3FF4D9AEFBE6200648BF44F4AE
:109E8000007444F08004D0E6E30548BF44F4007455
:109E900044F48074C9E65E46BB4634463746C4E6A1
:109EA000002B049B08BF0626652B0ED1721C44F4C0
:109EB0008054D2B21346112A4FF065014FF00002D0
:109EC00028BF11239446049107E0049B662B12D10E
:109ED00044F40054B4460122112350465946CDE9BA
:109EE000002C0CAA00F014FBDDF830A0C3B20393E1
:109EF000022305930AE716F0FF02DBD1652394469F
:109F000004930123E9E7022311E74FF02D0B1DE72E
:109F10004FF02B0B1AE7079B4146C01AC0B2C84747
:109F20000028BFF642AF55E614F4405F40F096803B
:109F3000039B002E03F1480308BF01266B44133B2B
:109F4000039A1AB113F8012D302A75D014F0100FAE
:109F5000039B18BF33461AF1040F72DBB24570DA67
:109F6000534544F400547CDD0AF101069E1B2AEAA5
:109F7000EA730133BBF1000F00D00133002E72D021
:109F8000721C13449F42CCBFFF1A002714F0090F24
:109F900003D12F44BD426AD10027BBF1000F07D087
:109FA00041465846C847002805F10105FFF612AEA4
:109FB000230510D541463020C8470028FFF60AAED9
:109FC000079B41460235C3F1780000F0F800C8470E
:109FD0000028FFF6FFAD200704D4AB467D195D4590
:109FE0004DD10027A10468D52AEAEA737642AAEB8C
:109FF000030A039A013B05F1010B524589BF0CAAE4
:10A000003020524450799E4241DC41460493C84777
:10A0100000280AF1010A049BFFF6DCAD5A1C09D1A5
:10A0200041462E200493C8470028FFF6D3AD05F122
:10A03000020B049B5D46DCE7039A013AD2B203921D
:10A040007EE75E1E14F4006F059A14BF05230323F8
:10A0500013448FE7CA9E0300C69E0300A10486D462
:10A06000F0E7002683E7E20648BF01338AE741466E
:10A070002020C847002805F101058BDAAAE54146F2
:10A080003020C84700280BF1010BA8DAA2E54146B1
:10A090000393C8470028FFF69DADE6060AD5039B4B
:10A0A000013307D105F1020B41462E20C847002895
:10A0B000FFF690AD5D465F4412E241469DF83500E3
:10A0C000C8470028FFF686AD002E5DDD41462E20F4
:10A0D000C8470028FFF67EAD01240CAB039A414629
:10A0E000A346A242CABFE21830205079C8470028D0
:10A0F000FFF670AD01340CABA642EFDAAC1C5C4449
:10A10000049B4146079A981AC0B2C8470028FFF638
:10A1100061ADBAF1000F4146B6BF2D202B20CAF128
:10A12000000AC8470028FFF655AD059B042B37D120
:10A130004FF47A7641460334BAFBF6F505F1300068
:10A14000C0B2C8470028FFF645AD06FB15AA642635
:10A1500041460134BAFBF6F505F13000C0B2C847FC
:10A160000028FFF637AD06FB15AA0A264146013442
:10A17000BAFBF6F505F13000C0B2C8470028FFF67B
:10A1800029AD06FB15AA12E0E40601D46C1CB7E762
:10A1900041462E20C847002805F10204B0DA19E52F
:10A1A000059B0234032BD2D0059B012BDDD10AF194
:10A1B000300004F1010B4146C0B277E7AAF1630316
:10A1C000122B00F2E580DFE813F013005400E300E7
:10A1D000E300E300E3005400E300E300E300E300F6
:10A1E000E300FC00DD00E300E3002900E300AB0036
:10A1F0000B9B01260DF1300A1A1D1B680B928DF87E
:10A20000303020072CD50AEB060B54465C4529D18B
:10A21000A5EB0A0ABF1B04EB0A0B4BE70B9B1A1DAD
:10A220000B92D3F800A0A94BBAF1000F08BF9A46D1
:10A2300014F0400F504614BF31464FF0FF310CF080
:10A24000C6F80646DDE741462020C8470028FFF64D
:10A25000C1AC013CA642F6D32F443D1B2746D2E7B2
:10A260003C46F7E7414614F8010BC8470028CDDA11
:10A27000B0E421060B9B32D5A2052BD5073323F082
:10A28000070303F10802D3E900010B9224F0100B3D
:10A2900000291FFA8BFB32DA40424BF4806B61EBF2
:10A2A00041010CAC0A2322460CF0ADF81BF0400F24
:10A2B000A0EB040200F09C802BF0010396429BB2BD
:10A2C00040F39F80BAF1000F40F09D802BF0110306
:10A2D0009BB21FE01A1D18680B92C117D6E71A1D12
:10A2E000E00519680B9201D40846F6E7A20547BFBE
:10A2F00048B241F3C01108B241F3C031C6E750EA99
:10A300000103CED16306CCD5002ECAD124F01104AE
:10A310003246A3B2344640F206410B426FD126E0EA
:10A3200024F010040A23A4B214F0800C0B9A4CD031
:10A3300014F4007115BF0732101D22F007020B90B4
:10A340000FBF106802F108010B91D2E9000150EA39
:10A35000010247D124F0160B62061FFA8BFB45D58C
:10A36000002E43D124F017043246A3B23446190715
:10A370005FD4D90704D5A74272DD3C1BA6183C4622
:10A38000A34650E044F0100410234FF0780ACBE7C6
:10A390004AF02003782B04D1CAF1780343F010036C
:10A3A000C2E741462520C8470028FFF613AC4146C6
:10A3B0005046C8470028FFF60DAC0235069BFFF754
:10A3C000FDBB08234FF0000AAEE7111D10680B918A
:10A3D00014F48071BBD014F400711ABFC0B261468E
:10A3E00080B2B4E724F006041FFA84FB0CAC5AE7F1
:10A3F00014465B46D9068ED5BAF1000F05D101345B
:10A40000B5E71446F6E73446F4E70234AFE74146D1
:10A410002020CDE90332C8470028FFF6DBAB0BF163
:10A42000010BDDE903325F45F1DC2C1B04EB0B056E
:10A430005C46D90616D5414630200392C84700280D
:10A44000FFF6C8AB039ABAF1000F32D0023541468D
:10A450005046C8470028039AFFF6BCAB2E441DE0C7
:10A4600016468DE740F206410B42F7D013F0020F7B
:10A4700005F101054146039214BF2B20202013F45F
:10A48000806F18BF2D20E4E7414630200392C84773
:10A49000002805F10105039AFFF69CAB731B9A4255
:10A4A000F2DB16460DF1300A2EB902EB050B3F1B0D
:10A4B00000E60135D2E7013E414603921AF8060054
:10A4C000C8470028039AEFDAFFF784BBCE9E03004B
:10A4D00041462020C847002805F10105FFF67AAB68
:10A4E0007B1B002BF4DC69E71FB502AB074A009326
:10A4F0004FF0CC330CF064F8DDE90201C00840EA0B
:10A500004170C90805B05DF804FB00BFCDCCCCCCD0
:10A510002DE9F04F9BB00F0D04460A939DF8903043
:10A520000592C1F30A520C93C1F31303C90F0791AB
:10A530007AB950EA03017ED10599302301274B7186
:10A54000079B0A6043F002030B7138461BB0BDE85D
:10A55000F08F40F2FF718A420BD10343079B059AAB
:10A560004FF0000714BF43F0080343F004031371D6
:10A57000EBE7A2F2354A43F48015234304F00102CD
:10A580004FEA85080CBF27F00107012748EA9478B5
:10A59000089208BF7F054FEA840602BF7F0DB7FA15
:10A5A00087F77F09BAF1000FC0F2B680504600F07D
:10A5B000EFF9BAF1030FC8BF0138049000F0F4F9C5
:10A5C000049B7C3016A9A3EB0A0A8244184600F0CB
:10A5D0007DFA12AB20462946019310AB16AA0297CA
:10A5E000009353460BF035FF049B04460D46152B94
:10A5F00000F28E8014ABA94A3046414600934FF0DA
:10A60000CC33DDE9109A0BF0DBFF149B159A9B0805
:10A6100043EA827303EB8303B34210D141463046D1
:10A6200000F0CAF9049B83428CBF4FF000084FF042
:10A630000108002715E01D46DFF864A29DE7089B8E
:10A64000002B55D1013E48F1FF31F01B61F10001B3
:10A6500000F0B2F9049BDDF8208083428CBF002714
:10A6600001270C9B002B40F0C880DDF828900026C5
:10A670004FF00A0B06960996DDE91001FFF734FF4B
:10A68000DDE912A3CDE90D01194650460F93FFF7FE
:10A690002BFF0A4603460D990B908B420E9B72EBE3
:10A6A00003010F9B80F0C480204629460F92FFF7DC
:10A6B0001BFF0B9B002E14BF4FF0000808F0010891
:10A6C0000F9A0BFB10460BFB03F50D9BF6B20446ED
:10A6D0001093554514BF002707F001070E9B0D4648
:10A6E000139211930B9B1293069B01330693C3E7BE
:10A6F000B01C48F1000100F05FF9049B83428CBF5D
:10A7000000200120B9EB00006AF10002CDE910023F
:10A710004FF000084746A4E7CAF1000B584600F086
:10A720003DF9BAF1FF3F0CBF8146A0F10109ABEB47
:10A73000090B0AEB09035846049300F035F916A9F2
:10A74000A0F17D0A584600F04FF912ABA9EB0A0AB6
:10A750002046019310AB294616AA00935346029750
:10A760000BF077FEB9F1010F04460D460ED8089B99
:10A7700013B94FF0010874E7109B4FF00108119ACC
:10A78000013B42F1FF32CDE9103252E7B9F13E0F01
:10A79000BED84FF0FF33A9F12000C9F1200103FA20
:10A7A00009F203FA00F023FA01F103FA09F3024374
:10A7B00026EA03060A4328EA020856EA08060CBFFE
:10A7C0004FF001084FF0000833E700FB02F60133B9
:10A7D000A1FB001232448C4275EB0206F5D2049ABA
:10A7E0001344259A1344D20F9342B8BF13460A9AD2
:10A7F0009A42A8BF1A46914639E70A21002201234E
:10A800000846E8E70BFB01FE0CF1010CA0FB0B0175
:10A810007144844275EB010EF4D2CC450DDDB9F1E3
:10A82000000F02D154EA050107D0012309933BE749
:10A830000A2000214FF0010CEBE7002F32D04FF03F
:10A840000A0B50461946FFF74FFE0BFB00F20B9127
:10A8500052450E9026D1002E14BF4FF0000808F08C
:10A860000108DDE91001FFF73FFE8A460D902946F9
:10A870002046FFF739FE0D9A0E9B0BFB10460D4646
:10A8800004461293F6B2CDE9102A0B9A9A460B9B16
:10A890001392069A01320692D3E700BFCDCCCCCCFE
:10A8A000CCFBFFFFB8F1000F05D0052E03D104F05B
:10A8B00001060436F6B2049B069A13449846099B97
:10A8C00053B9DDE912239D4208BF944204D1089B8D
:10A8D000002B49D1002F47D0042E94BF002601261B
:10A8E00030194FF00A024FF000034FF0010745F115
:10A8F00000011446904271EB030537D2F6B1B94519
:10A900001CDA0C9B6BB1259A08EB070313440A9AD7
:10A91000012BB8BF01239A42A8BF1A46974291461D
:10A920000CDD053008F1010807F1FF374FF00A028E
:10A930004FF0000341F10001E6F732FC4F450FFAFA
:10A9400088F8059BA8BF4F464FF000093FB2B844B6
:10A9500008F1FF3607F105089844B9450DDB059B62
:10A96000079A1E601A71F0E50126B9E704FB03F5AA
:10A970000137A2FB04232B44BCE70A220023E6F79D
:10A980000FFC303209F1010908F8012DE5E700BF9D
:10A99000014B5843800C704741340100014B584330
:10A9A000000D7047FB2E0B00024B5843C00C0130CA
:10A9B000704700BF4F93120070B50346094A00204C
:10A9C0004FF0CC364FF0333506FB03F402FB014465
:10A9D000A3FB023121449D4275EB010401D30130F8
:10A9E000F2E770BDCDCCCCCC1A232DE9F04FB0FBF3
:10A9F000F3FA334E03FB1A0389B004460D4606EB07
:10AA00000A1653B9D6E90023C1E90023D6E90201A9
:10AA1000C5E9020109B0BDE8F08F2A4A02EBC30381
:10AA2000D3E9008904AB404649460093D6E90223A6
:10AA30000BF0C6FD06AB83460F46404649460093E1
:10AA4000D6E900230BF0BCFD00238146DDE9066258
:10AA500016EB0B0652EB070828BF012333B1049B0A
:10AA6000059A013342F10002CDE9043220460391F8
:10AA7000FFF79AFF07461A2000FB0AF0FFF794FF42
:10AA80003F1A324643464846039900970BF0AFFD04
:10AA90000D4A4FEA141C640004F01E0352F82C40C7
:10AAA000DC4004F003042418304641F10001DDE9E4
:10AAB0000423C5E90041414600970BF098FDA7E744
:10AAC000D8700300087003005C8E03002DE9F04F7E
:10AAD0001A2700F11905DFF8E8A089B004460E46F0
:10AAE000B5FBF7F56F434FEA051B0AEB05153A1A5C
:10AAF0000AD1D5E90023C1E90023D5E90201C6E95D
:10AB0000020109B0BDE8F08F2B4B03EBC203D3E980
:10AB1000008904AB404649460093D5E902230BF077
:10AB20004FFD5AF80B206B68013ACDE9020106A9E6
:10AB300063F100034046009149460BF041FD8A460F
:10AB4000029900238146DDE906526D18039952EB04
:10AB5000010828BF012333B1049B059A013342F158
:10AB60000002CDE904323846FFF71EFF07462046B3
:10AB7000FFF71AFF3F1A2A464346484651460097B8
:10AB80000BF035FD0D4A4FEA141C640004F01E035F
:10AB900052F82C40DC4004F0030401342418284609
:10ABA00041F10001DDE90423C6E900414146009777
:10ABB0000BF01DFDA3E700BF08700300B08E03007B
:10ABC000A871030038B5044C044DAC4200D138BD27
:10ABD00054F8043D9847F8E700000000000000002A
:10ABE000704708B5C3699B0702D5032102F0E5F958
:10ABF000002008BD70B5044615461E4680F820109A
:10AC00000AF066FC4FF47A72A0FB020302FB0131EA
:10AC1000C00B4FF47A7240EA41400023C90BE6F7BB
:10AC20006FFA55EA0602C4E90A0103D043191D462A
:10AC300046EB0106C4E90C56022104F110000AF0AB
:10AC4000FAFC94F82000BDE87040032828BF0320D8
:10AC5000E7F704BA08B52D2200230321FFF7CAFF46
:10AC600000236E2219461846E7F7FAFFBDE80840B0
:10AC700001210220E7F714BE08B5002200230221BB
:10AC8000FFF7B8FF00236E2219461846E7F7E8FFE2
:10AC9000BDE8084001210220E7F702BE08B53C22CA
:10ACA00000230121FFF7A6FF0021012308466E22A1
:10ACB000E7F7D6FFBDE8084000210220E7F7F0BD26
:10ACC00008B54FF4967200230021FFF793FF00228E
:10ACD00002236E211046E7F7C3FFBDE808400121BB
:10ACE0000220E7F7DDBD03681A78082A19D8DFE8E3
:10ACF00002F0050F181812181814160093F82830CF
:10AD00001BB14FF40060E7F7C9B94FF48060FAE770
:10AD10004FF48050F7E70820F5E71020F3E72020F4
:10AD2000F1E7704703681A7812B1012A0BD0704717
:10AD30005B68012B02D14020E7F7B0B9022B0CD1A0
:10AD40004FF48070F8E75B68012B01D18020F3E7B6
:10AD5000022B02D14FF40070EEE770474FF48040B1
:10AD6000E7F79CB910B50446A8B1E6F745FA021F0B
:10AD7000042A03460FD82046234410F8012B22F062
:10AD800020014139192902D9303A092A03D89842B9
:10AD9000F3D1012010BD0020FCE700B58BB02422C8
:10ADA000002101A80BF09AFA01A8F4F7D5F80020C9
:10ADB0000BB05DF804FBF3F7DFBD122930B54FF09F
:10ADC00000010CBF11241F24535C13F0DF0F02D1CC
:10ADD0000023435430BDA142FAD0A3F16105192DDF
:10ADE00098BF203B43540131EEE7F42AF8B50546FD
:10ADF0000E46144601D90020F8BDFF2812D10027C5
:10AE000009E02846F3F7FCFB20B1224631462846EC
:10AE1000F3F7A8FC013706F09EFFFDB2A842F0D878
:10AE20000120E9E7F3F7ECFB0028E4D022463146A5
:10AE30002846F3F797FC231A58425841DCE70020D4
:10AE4000704708B10023037009B100230B700AB1E9
:10AE5000002313700120704708B5E7F7A5FBB0FA8F
:10AE600080F0400908BD08B50023E7F7F9FE01208E
:10AE700008BD08B54FF40040E7F710F9012008BD00
:10AE800008B54FF48040E7F709F9012008BD08B57F
:10AE9000E7F7C0FAB0FA80F0400908BD38B50546BA
:10AEA0000C460A4600210BF019FA21462846E7F71E
:10AEB0009DFAB0FA80F0400938BD37B50D4681B132
:10AEC00000230DF10601ADF80630F3F785F90446CD
:10AED00020B1BDF80600F3F757F92870204603B0FB
:10AEE00030BD0C46FAE72DE9F74388460746C1B264
:10AEF000B8F1000F0ED000200026E7F747FD3546D9
:10AF000006F0D8FE5FFA86F9484500D925B103B0AE
:10AF1000BDE8F0830120EFE748460DF10601ADF8EA
:10AF20000650F3F759F9044640B1BDF80630BB426C
:10AF300007D142464946FF2006F00FFF254601365D
:10AF4000DEE72C46FAE700207047704738B5054623
:10AF5000E7F7B0FE044618B106F0ACFE85F85700DE
:10AF6000204638BD0120704708B50AF0B1FA4FF409
:10AF70007A72A0FB020302FB0131C00B40EA4140A0
:10AF8000C90B08BD08B54FF0FF304FF0FF31E7F7B0
:10AF9000B3FEE7F7F7FEBDE80840E7F7B5BEF8B542
:10AFA00004460D4616461F464FF0FF304FF0FF3166
:10AFB000E7F7A2FE3B46324629462046E7F744FF24
:10AFC0000446E7F7A1FE2046F8BD38B504460D4615
:10AFD0004FF0FF304FF0FF31E7F78EFE0122294698
:10AFE0002046E7F777FF0446E7F78EFE204638BD98
:10AFF00038B5154604464FF0FF314FF0FF30E7F704
:10B000007BFE29462046E7F7A5FF0446E7F77CFECE
:10B01000204638BDE7F7F2BF836800EBC101B3F506
:10B02000004F2CBF51F8220031F81200704700EB9E
:10B03000C1018068B0F5004F2CBF41F8223021F8E3
:10B0400012307047012208B5FFF7E6FFD04008BD77
:10B05000836800EBC101B3F5004F08D34B681AB108
:10B0600043F001034B60704723F00103FAE74B887C
:10B070001AB143F001034B80704723F00103FAE754
:10B0800053000122FFF7D3BF08B58368B3F5004F23
:10B0900006D3FFF7D7FF01288CBF0020012008BD91
:10B0A0000020FCE78368B3F5004F34BF0423082376
:10B0B000C91A081AC00870478368B3F5004F28BF43
:10B0C0000139B1FA81F0C0F11F0070472DE9F0415C
:10B0D000174603220E460446FFF79EFF86420546AA
:10B0E00007F104080AD10122E368BA4023EA020307
:10B0F000E360002344F82830BDE8F08131460222A5
:10B100002046FFF789FF06462B46014603222046CC
:10B1100044F82850FFF78BFF334629462046BDE808
:10B12000F0410222FFF783BF38B504460D46FFF712
:10B13000ABFF70B929462046FFF784FF0146204641
:10B14000FFF7BAFF294602462046BDE83840FFF720
:10B15000BDBF38BD2DE9F04705468946FFF7ACFF76
:10B1600005EB800ADAF81070064677B94FF0FF3425
:10B17000EB680136B4401C4015D094FAA4F2B2FA40
:10B1800082F2131D55F8234009E03C464FF00308B6
:10B1900021462846FFF756FF484507D33246214649
:10B1A0002846FFF793FF2046BDE8F087214603229B
:10B1B0002846FFF731FFB8F101080446CAF810002D
:10B1C000D4D08742E4D1D1E72DE9F04114460E46B0
:10B1D0000546FFF737FFA4EB0608371B0744424636
:10B1E00031462846FFF74CFF3A4621462846FFF7EE
:10B1F00047FF4346002221462846FFF718FF214615
:10B200002846FFF71FFF3B46211800222846BDE8CD
:10B21000F041FFF70CBF2DE9F041164604460F46FA
:10B22000FFF710FF314605462046FFF70BFF0544A8
:10B230002A4639462046FFF723FF31462046FFF7CE
:10B2400001FF2B46311800222046BDE8F041FFF7F0
:10B25000EEBE2DE9F04104460D46FFF715FFB8BBE1
:10B2600029462046FFF7EEFE01462046FFF724FF61
:10B2700004EB80010E6996B90122E3688240134312
:10B28000E36002220D612B4629462046FFF7CFFEE0
:10B29000032229462046BDE8F041FFF7C8BE02223E
:10B2A00031462046FFF7B8FE0746034629462046AA
:10B2B000FFF7BDFE0322334629462046FFF7B7FEBF
:10B2C00039462B462046FFF7B2FE02223146E1E71F
:10B2D000BDE8F08170B500295CD0056801222846E0
:10B2E000FFF7E0FE014604462846FFF795FE1040B2
:10B2F00006D180F31188BFF36F8F0423184602DF55
:10B3000021462846FFF79EFE261831460022284691
:10B31000FFF782FE361AB44206D082F31188BFF3DB
:10B320006F8F0423184602DF002221462846FFF7CC
:10B330008FFE2146FFF786FE261801223146284659
:10B34000FFF76AFEC20708D431462846FFF7ECFE35
:10B35000324621462846FFF75EFF00222146284656
:10B36000FFF75AFE261A012231462846FFF754FEFF
:10B37000C30709D431462846FFF7D6FE2246314698
:10B380002846FFF748FF344621462846BDE870406E
:10B39000FFF75FBF70BD70B5056809B9002070BDCB
:10B3A000AB6801F00704B3F5004F34BF0422082254
:10B3B00007341444E40804EBD1049C4228BF1C4623
:10B3C00028462146FFF7C6FE06460028E6D001467D
:10B3D0002846FFF737FEA04209D9344431462846B3
:10B3E0002246FFF7F1FE21462846FFF732FF2846A6
:10B3F00001223146FFF72CFEAB68B3F5004F34BF96
:10B400000423082303EBC6031844C8E71146FFF7DB
:10B41000C2BF2DE9F8434B42066803EA010731EA4F
:10B4200003031446B2680ED0B2F5004F2CBF0823B8
:10B430000423BB4228BF3B46B946CF1B94B9002525
:10B440002846BDE8F883B2F5004F34BF0423082333
:10B45000994204D82146BDE8F843FFF79CBF4FF05E
:10B460000009EBE7B2F5004F34BF04250825FB1AAD
:10B47000E10804F0070001EBD301073003F00703F4
:10B4800003442B4401EBD301914228BF11463046BF
:10B49000FFF760FE80460028D1D0B36809EBC005F5
:10B4A000B3F5004F34BF042308231D4435447B1EED
:10B4B0001D44B5FBF7F57D43A5EB0905294630464C
:10B4C000FFF7F0FD2C44073424F00704A41B80454B
:10B4D00007464FEAE40408D2024641463046FFF7E9
:10B4E00073FE41463046FFF7B4FE39463046FFF75B
:10B4F000A9FD3844844208D2394630462246FFF737
:10B5000063FE21463046FFF7A4FE0122394630464D
:10B51000FFF79EFD94E7B2F5802F34BF0423082384
:10B520002DE9F0410026D21A8C18CD1D25F0070513
:10B5300024F00704641BE408056021462846AC603B
:10B54000EE60FFF7B9FD820002F11B07FF083146EC
:10B55000043205F110000AF0C1FE3A463146284691
:10B56000FFF78EFD3346324631462846FFF75FFD32
:10B57000A4EB0708284631460122FFF769FD424641
:10B580003946FFF77DFD3B46324639462846FFF7F0
:10B590004EFD21462846FFF773FD434632462146BD
:10B5A0002846FFF744FD214628460122FFF750FDBB
:10B5B0003946BDE8F041FFF74CBE002070470FB49C
:10B5C00007B504A951F8040B0191E7F74DFD03B04D
:10B5D0005DF804EB04B070470FB407B504A951F847
:10B5E000040B0191E7F740FD03B05DF804EB04B0F4
:10B5F000704708B5EFF31183202383F31288BFF35C
:10B600006F8FE9F7EBFFF0B56423044604250020B3
:10B610004FF00A0C11B1013D01D12570F0BDB2FB14
:10B62000F3F79A42FEB202D2012B00D030B130368D
:10B630000139013004F8016BC9B2C0B203FB172213
:10B64000B3FBFCF3D2B2E5E7A0F13003DBB2092B88
:10B6500002D80B7000207047A0F16103052B02D8BF
:10B6600057380870F6E7A0F14103052B01D83738A9
:10B67000F7E76FF015007047F7B5054601F00100D8
:10B6800000EB51069E424FEA510703D9002630468F
:10B6900003B0F0BD58B128780DF10701FFF7D4FFD2
:10B6A0000028F3D19DF80730013502F8013B013540
:10B6B0001744BA42EBD015F8010C0DF10701FFF762
:10B6C000C3FF0028E2D19DF807402401E4B21470C2
:10B6D00015F8020BFFF7B8FF0028D7D19DF8073007
:10B6E0001C4402F8014BE4E7038B13F0070306D177
:10B6F0000368002B18BF032008BF00207047022BEF
:10B7000005D1408BB0FA80F0400980007047012BD2
:10B7100004D10368002B18BF0520EDE70020704717
:10B7200010B50C4600B111B96FF0150010BD081D21
:10B7300000F0ACF80028F9D1A368032BF6D9F3E7A1
:10B740002DE9F0410D4607461946281D90461E4634
:10B7500000F0ADF8044638B1334642462946384633
:10B76000A446BDE8F0416047BDE8F08110B4EFF3B6
:10B770001182202484F31288BFF36F8F41615DF83A
:10B78000044B0121E7F7B8BC38B50C46054658B163
:10B7900051B10B6843B14B6833B11C2200210AF050
:10B7A0009DFD00202C6138BD6FF01500FBE7F8B55A
:10B7B00004460E46FFF7B4FF051E3BDBEFF3118294
:10B7C000202383F31288BFF36F8F4FF6FF71638BD3
:10B7D000278B8B4207F007072ED0062F2FD8DFE8E4
:10B7E00007F0182E082E180418006FF085050023A6
:10B7F00003E0013363830225012382F31188BFF341
:10B800006F8FBBB100233A4631462046FFF798FFC1
:10B8100010E000233360636823B9C4E9006627B1F0
:10B820003D46E4E71E606660F9E702212046E7F73F
:10B8300063FC3D462846F8BD6FF00A05D7E76FF078
:10B840000405D4E710B5EFF31182202383F31288A7
:10B85000BFF36F8F048B04F00704022C0AD0012C75
:10B860000CBF6FF004006FF0850082F31188BFF306
:10B870006F8F08E0438B013B9BB2438323B9214682
:10B88000E7F73AFC204610BD2046EEE7034658B1E4
:10B89000426802F00302012A03D0032A04D102689D
:10B8A00012B10020986070476FF015007047426831
:10B8B000034602F00302032A4FF00002816014BF26
:10B8C000104600685A607047704720B183682BB1FA
:10B8D0001B6833B118476FF0150070476FF0040014
:10B8E00070471846704720B183682BB15B6833B14D
:10B8F00018476FF0150070476FF004007047184646
:10B90000704730B450B149B142B1846854B125692F
:10B9100045B141F8040B236930BC18476FF015009E
:10B9200030BC70476FF00400FAE710B5044650B120
:10B93000006858B1836863B15B6953B16168984727
:10B9400000B9206010BD6FF01500FBE76FF001003B
:10B95000F8E76FF00400F5E730B41346044650B141
:10B96000006860B182686AB195685DB10A46AC460C
:10B97000616830BC60476FF0150030BC70476FF0F5
:10B980000100FAE76FF00400F7E70369D3F8B803A2
:10B9900070476FF085007047084608B5114618B12A
:10B9A00008F0FDFD002008BD6FF00100FBE7084630
:10B9B00008B5114618B108F0E9FD002008BD6FF088
:10B9C0000100FBE713B504460846216901F56D71D6
:10B9D000D1E8AF1F022909D15BB168B100931346CA
:10B9E000D0E90912F8F79EFB02B010BD6FF00F000E
:10B9F000FAE76FF04C00F7E76FF00100F4E72DE98C
:10BA0000F84315461C46DDE908230F4616469846BE
:10BA1000A9B3BDB3B4B312F1010C43F10001BCF101
:10BA2000020F71F1000130D2D4F800C0BCF1000F58
:10BA300009D00169D1F8B8138C4504D96FF00B0017
:10BA40002160BDE8F883B3F1FF3F08BFB2F1FF3FCB
:10BA50000CBF4FF001094FF000094A462146384615
:10BA600008F0A6FD40B9B8F1FF3F08BFB6F1FF3FAF
:10BA7000F3D06FF06800E4E728600020E1E76FF0A2
:10BA80000100DEE76FF01500DBE76FF08500D8E717
:10BA900008F0E3BD38B50D46044600F148012846DC
:10BAA000E5F798FB034630B1284604F1C001E5F7FD
:10BAB00091FB28B901235B4203F07803E01838BDFD
:10BAC0000020FCE702F52E7102F5327009F0F6BA9B
:10BAD000D0F8F830A0F52E70003B18BF012300EB22
:10BAE0008300D0F8A40208F0F2BCC86828B1096944
:10BAF00083681B680BB1002218477047F9F780B8BC
:10BB0000D0E8EF3FC0E8E21F002AF9D1704710B536
:10BB1000436804691B68C4F8B03304F5E87009F0A1
:10BB20006FF9002104F56D70FFF7EAFF084610BDBC
:10BB3000030103EB4003093323F0030303EBC003CA
:10BB400048430330083320F0030018444000704796
:10BB50002DE9F84306464FF001080569D0F8049036
:10BB600005F56D77D7E8EF3F022B03D1C7E8E28FE9
:10BB7000002AF7D141D195F86C30002B40D195F8CF
:10BB8000E430002B3CD12846D5F8B01300F054F82F
:10BB9000044680BB73683669D3E9050183681B6975
:10BBA0003BB322469847044628BB414606F532700F
:10BBB000F9F7BEFAD6F8900305F5F476E9F746F8FA
:10BBC0003046D9F8001000F072F8044698B90146E2
:10BBD000D02230460AF082FB21464FF4F27228460A
:10BBE0000AF07CFB21463846FFF78AFF2046BDE875
:10BBF000F8836FF057040221F5E76FF07704F5E75B
:10BC00006FF00F04F2E710B50846029B114652B9D7
:10BC100093F86C202AB90122184683F86C20E7F7C4
:10BC2000A1FC002010BD1A6F9468002CF9D05A6F47
:10BC3000A047F6E708F011BD38B50D46044660B1DF
:10BC4000F03008F083FF0DB1002038BDC4F8BC51BE
:10BC5000C4F8C051C4F8C451F6E76FF01500F4E71A
:10BC60000268D2F8C83013B1D2F8C4101847704730
:10BC7000704783690BB9C36B197070470120704717
:10BC80008369012B03D1C36B1878C0B270470420BD
:10BC9000704738B5C41DE4002046FAF7C9F80546D8
:10BCA00018B1224600210AF019FB284638BD38B5E4
:10BCB0000446382200210AF011FB1822002104F169
:10BCC000A4000AF00BFB1822002104F18C000AF0FA
:10BCD00005FBD4F8C000F8F7D7F9D4F8BC00F8F7A2
:10BCE000D3F9D4F8803004F154050BB128469847B5
:10BCF0003822002128460AF0F1FAF4F7F3FC00207C
:10BD000038BD10B484686468A4465DF8044B60478D
:10BD100070B4C66804680D0C06FB0544806A14FA0A
:10BD200081F184682468A44670BC60472DE9F04323
:10BD30000646884617461C46C36A89B01D686D4290
:10BD400005F020051CB9204609B0BDE8F083AC42DF
:10BD5000A14628BFA9466A464B4641463046FFF7F2
:10BD6000D7FF0028F0D16B46484502D1241A804401
:10BD7000E8E713F8012BBA4201D10130F4E70120C2
:10BD8000E2E70B6803F580330B60008A1A0CB0EB16
:10BD9000134F04BFA3EB02430B60704738B5C26872
:10BDA00003680D0C090C044602FB0131806A2D0466
:10BDB00000F06DFF50B9E26A29462046E3685279E7
:10BDC000FFF7B4FF002818BF6FF0050038BD01462B
:10BDD00010B507220446FF20F0F778FDE07110BD92
:10BDE0002DE9F04F07465368D06893B0034450697B
:10BDF000C34203D1002013B0BDE8F08FFC683B685C
:10BE0000080C04FB00330024A146D7F82CB013FA29
:10BE100081F504AB92E80300DBF8008083E80300BF
:10BE2000D2E9020106AB83E80300D2E9040108ABC2
:10BE300083E80300C8F10003019312AB03EBC90AC6
:10BE40005AF8346C4FEAC901AEB909F10109B9F1E8
:10BE5000030FF2D1002CCDD00AAE9BF80510A8EB51
:10BE6000040230190AF03AFA434632462946B86AC3
:10BE7000FFF747FFBFE7B4B9019B334013D05AF82F
:10BE8000382C2946B86ACDE90223FFF73AFF00288B
:10BE9000B1D1DDE902231A44F61A4AF8382C4AF8DF
:10BEA000346C1D44C9E7A8EB0402B24228BF3246F5
:10BEB000A2B101F148030DEB030A5AF8381C0AAB92
:10BEC0001819CDE902120AF0E3F9DDE90212114472
:10BED000B61A4AF8381C4AF8346C14444445ACD1BC
:10BEE00023462946B86A0AAAFFF70BFF002882D129
:10BEF00025440446A1E7F8B50D4606460722FF2073
:10BF00004C888F88F0F7E2FCEB79834205D13C4402
:10BF1000B4428CBF00200120F8BD0020FCE703687C
:10BF2000012B81BFC91801F1FF315B42194008465E
:10BF3000704738B50D460A4681680446FFF750FF42
:10BF4000EB686968024619446B69E06A1944FFF7B7
:10BF5000E6FFA3680344A360104638BD70B50D46E4
:10BF600086B0044646681822002168460AF0B6F9F1
:10BF7000029508256A46314620460395FFF730FFB3
:10BF800029460246E06AFFF7CAFF63681B1A10469B
:10BF9000636006B070BD4FF6FF7313B50022044610
:10BFA000ADF800308DF8063083686846ADF804209F
:10BFB000ADF80230FFF70BFF69462046FFF7CEFFD2
:10BFC00002B010BD70B506460C46C06A0821FFF7E6
:10BFD000A6FF0546F0682146401B80B2FFF78BFFA5
:10BFE00080B1A08878B94FF6FF7322889A4209D1B0
:10BFF0006288F3689B1AB3FBF5F205FB1230B0FAC6
:10C0000080F0400970BD0020FCE7F7B504460D46FE
:10C01000C06A0821FFF783FF0823074629682046E6
:10C02000FFF776FE0646002836D12B683B442B608E
:10C03000E26899B2D21B91422ED11A0C09BF228A12
:10C04000A3F5803102F1FF3203EB024120460823C1
:10C050006A462960FFF75CFEE8B9E36A5A796B46E5
:10C0600013F8011B8A420CD101300828F8D163680B
:10C0700005E02B68BDF802206FF30F0313442B601B
:10C080000AE069462046FFF79DFF0028F1D12946C6
:10C090002046E7F759FC0646304603B0F0BD2DE9CF
:10C0A000F04F0446A1B024220D4617A800210AF043
:10C0B00015F90821E06AFFF732FF814663682046E0
:10C0C0006FF30F0306A90693FFF75BFE069BE66876
:10C0D00001931E44A6EB090608233146204609AA0F
:10C0E0000796FFF715FE0028C0F21581E36A09AA3A
:10C0F0005979002312F8010B814240F0FB80013393
:10C10000082BF7D1A36862684B449A4280F0EB8019
:10C1100020460199FFF742FEFDE0BDF826306FF39F
:10C120000F061E44079620460BAA07A9DDF81CA09F
:10C13000FFF76BFF002840F0EE800BA91FFA8AF092
:10C14000FFF7D9FE48BB039B9A45ECD11022002192
:10C1500013A80AF0C3F81F9E17AB1193129695B15E
:10C16000D4F82C8008214046FFF7D9FE2F890246DB
:10C17000F1194046FFF7D3FEA168636802440A4400
:10C18000934280F09180002EBCD0204611A9FFF789
:10C19000D0FE002840F0BF80B4E7676808972046CB
:10C1A0000DAA08A9FFF731FF002840F0B480BDF8C0
:10C1B0003420BDF82C309A4244D0089B62689A42E1
:10C1C0003ED1BA45BFD1BDF83060002EBBD03DB1E5
:10C1D0002A88BDF82C309A4202D12B89B342B2D9B9
:10C1E000BDF82E803B0C1B049844E36A1F9A1B6821
:10C1F0001644591E5B4203F020030493A36801EA2E
:10C2000006001344009026EA0106ADF82E3006BB66
:10C21000009B5BB11F9A17A99B1A20460A4441460E
:10C22000FFF776FD002876D1009B1F930BA8FFF740
:10C23000CEFD20460BA9FFF791FE002883D06AE0CF
:10C240001F46ACE70DA9B8B2FFF755FE0028B4D0E1
:10C25000B7E7049B1F9FB34228BF334617AAA3EB3F
:10C26000070B029341465B4620463A44FFF750FDD8
:10C27000002850D11F9B01465B44182211A805934A
:10C280000AF02CF817AB1393059B204611A91493C1
:10C29000FFF74FFE00283ED11F9BD844FF1A029B98
:10C2A0003744FE1A1F90B2E731446B68ADF83E1078
:10C2B000204611A9CDE91337FFF73BFE58BB2B8869
:10C2C0000FA8ADF83C302B89ADF84030FF238DF836
:10C2D0004230FFF77CFD20460FA9FFF73FFED0B9A3
:10C2E0000123AB720EE72046FFF755FE00283FF40E
:10C2F0000FAF10E0A6EB0903204609A90393FFF74F
:10C3000061FE00287FF409AF204607A9E7F71CFB70
:10C3100000283FF408AF21B0BDE8F08F2DE9F04FC1
:10C320001E46837C04468946904695B0002B00F05B
:10C33000CB80C26A08211046FFF7F1FDB1B201902F
:10C340001046FFF7ECFDE368019A0746A3EB820372
:10C350008342C0F0BC801EB1B8F1000F00F0B7807E
:10C36000D4F804A0CDF810A0204605AA04A9FFF730
:10C370004CFE0546002841D1BDF814304B4507D08E
:10C38000DDF810A063685345EED1002E3CD135E0B6
:10C3900005A91FFA8AF0FFF7AEFD0028F0D0BDF81E
:10C3A00018307EB3B3422FD1B3464FEA1A43BDF8DB
:10C3B00016A01B049A44E36ACDF800801B685B4218
:10C3C00003F020030293029B51465B4528BF5B4666
:10C3D00020460CAA0393FFF79BFC002850D1039B37
:10C3E00000981A460CA909F088FF68B9039B009AC7
:10C3F000BBEB030B1A449A440092E4D1284615B0D3
:10C40000BDE8F08F002BF9D0002F3CD1BA4604F1E3
:10C41000140B4FF0FF324FF0FF335846F8F77EFB16
:10C42000238A9D424DD0D4E901320AEB02018B42AE
:10C430002ED39BB263B3FF230021ADF81E200CA8BE
:10C4400018228DF82230ADF81C90ADF8206009F06C
:10C4500045FF20460CA9CDE90E86FFF76AFD074689
:10C4600048B907A8FFF7B3FC204607A9FFF776FDF8
:10C47000074600B937465846F8F7C2FB3D46BDE7C8
:10C48000C2DC0546BAE7019B1F441FFA87FABEE7E4
:10C490002046E7F72DFA3DB9ADF82490CDF8288075
:10C4A000ADF82C608DF82E50204609A9FFF7F7FD56
:10C4B00007460028DFD19DF82E300135002BAFD084
:10C4C000D8E76FF01B07D6E76FF00C0596E76FF023
:10C4D000150593E700231A46FFF720BF2DE9FF4714
:10C4E0001E46837C04460F469046BDF83090002BD4
:10C4F00043D00821C06AFFF712FDE368A3EB4003B5
:10C50000B3423DD34FF0000A65680195204602AA68
:10C5100001A9FFF77AFD20BBBDF80830BB4206D168
:10C5200002A9A8B2FFF7E7FC50441FFA80FA019B6A
:10C5300062689A421AD0CA4516D9BDF80C30CBB100
:10C54000CA4517D3BDF80A10B3426FF30F0528BFD1
:10C550003346424620462944FFF7DAFB08B9BDF8C6
:10C560000C0004B0BDE8F0871D46CFE7BDF80830E9
:10C57000BB42E2D06FF00100F3E76FF00C00F0E790
:10C580006FF01500EDE713B500240094FFF7A6FF48
:10C5900002B010BDC06918B1D0E8AF0F00F00100C3
:10C5A0007047C3693BB1D3E8EF1F41F00101C3E815
:10C5B000E21F002AF7D17047C3693BB1D3E8EF1FF0
:10C5C00021F00101C3E8E21F002AF7D17047C369D7
:10C5D0003BB1DB682BB1DB691879B0FA80F0400918
:10C5E00070470120704770B5C56904460E460DB10D
:10C5F00003232B712046FFF7EAFFA8B10321204651
:10C60000B047002802DA10F1860F0ED1012125B9BA
:10C6100020463346BDE87040184720462971B04790
:10C62000002802DB00232B71002070BD002908DBED
:10C630008068884205D9401A904234BF002001200A
:10C64000704700207047704770B516461A46054679
:10C650000C46FFF7EBFF48B16968E868214482683F
:10C6600014683246A446BDE8704060476FF015007C
:10C6700070BD70B516461A4605460C46FFF7D6FF44
:10C6800048B16968E8682144826854683246A44623
:10C69000BDE8704060476FF0150070BD10B50B46E7
:10C6A0000446FFF7C3FF30B16168E0681944BDE894
:10C6B000104000F0ECBA6FF0150010BD08B5C0686E
:10C6C0008368DB689847006808BDC068704708B594
:10C6D000C0688368DB689847407908BD30B54C680E
:10C6E0000368A34201D2012030BD8A6822449342EC
:10C6F00001D30020F8E7D1E90452954203D36FF04B
:10C700000B038B61F5E7CA681B1B42F835304368A1
:10C71000086902EBC00253600B6901330B61E2E769
:10C7200037B50C46C0B201A91546E7F7E7FA00286D
:10C730000CDB019850B121462A46E7F705FB044679
:10C740000198FFF780FF204603B030BD6FF015045D
:10C75000F9E743680A689A428FBF00234A680120BC
:10C760009B1888BF18464B607047F0B58368044635
:10C7700085B0002B3CD0D0E90467016A33448B427A
:10C7800015D98269934235D8C06801AA394404F0AA
:10C790005CFC002835D1DDE90112E06883689B6804
:10C7A00063B3984768BB236A029A13442362626AA0
:10C7B000A368B3FBF2F502FB15353DB12068551BAC
:10C7C0002A4694F82810184409F088FDA368E06808
:10C7D00022683E442B4481684D683146A84758B9C9
:10C7E000E369ABB92369A268134423610023A36002
:10C7F000002001E06FF0210005B0F0BD6FF05700A0
:10C80000FAE70028F8DBD2E7135CDB43135401306E
:10C81000A36822688342F7D8E06881680D683146D2
:10C82000A8470028E8D13246E369A1682068984704
:10C830000028D7D0E0E72DE9F0478946164698460C
:10C84000044698B38268036913448269334493426F
:10C8500030D80025D4E90170A6EB050A3F1ABA4585
:10C8600015D2B54209D223685246184409EB050196
:10C8700009F00EFDA3685344A360B8F1000F1CD06B
:10C88000A068A8B12046BDE8F047FFF76EBF236857
:10C890003A46184409EB050109F0FAFC63682046A2
:10C8A000A360FFF762FF18B93D44D3E76FF00D00B6
:10C8B000BDE8F0876FF00B00FAE74046F8E7006943
:10C8C0007047F0B587B01F4604460D46164601F086
:10C8D00032F9022302930DF116030193BDF83030B3
:10C8E000ADF81600009332463B462946204603F039
:10C8F000EFF907B0F0BD70B58AB0BDF838601546E5
:10C900000021212201A81C4609F0E8FC8EB9202C48
:10C9100012D82246294601A809F0BAFC04F12803DE
:10C920006B4401A803F8246CE9F7B4FD20460AB073
:10C9300070BD6FF00604F9E76FF00C04F6E72DE91F
:10C94000FF411F460D4616460446E9F7C7FD8046DF
:10C95000E4F752FCBDF8283080B2CDE901800093A5
:10C9600032463B462946204603F0B2F904B0BDE802
:10C97000F0812DE9F04300F50179054685B0484680
:10C980000F4690461E46FFF79AFF78B1334642465F
:10C9900039464846FFF74FFF04463EB3D5F800023C
:10C9A000FFF751FE0023C5F800321FE0D5F8003232
:10C9B000986804F001FA0446D5F80002FFF785FEF6
:10C9C0008368DB689847D5F80002FFF77EFE2146B2
:10C9D00001AA04F03AFB044640B9DDE90112D5F89A
:10C9E0000002FFF75BFE04460028CFD0204605B0CA
:10C9F000BDE8F08300F50170FFF761BF30B5054673
:10CA000085B0084605F50071E7F778F9044698B94E
:10CA1000D5F80002FFF759FED5F8003202949A6863
:10CA2000014601925B682A46009305F501704FF4B8
:10CA30000073E7F7A3F90446204605B030BD002295
:10CA40001146E7F701BA034610B508460AB10021BE
:10CA5000116053B1D0B1411E11F8010F80B113F82C
:10CA6000014BA04201D13D28F6D100200EE0013358
:10CA700013600AE03D2808D0B0FA80F0400905E0D4
:10CA800018782F28F6D1002AF1D1012010BD10B559
:10CA900009B100230B6058B103461A781C460133D4
:10CAA0002AB13D2A03D02F2AF7D101B10B60201AF9
:10CAB00010BD2DE9F341DDF8208007460C461546F0
:10CAC0001E460190B8F1000F07D0D8F8001081B9C8
:10CAD000D8F804E0BEF1000F14D1384601A9E7F7F9
:10CAE0002BFA58B1C76833462A4621460198B84701
:10CAF00004E001AAFFF7A7FF0028E9D1002002B057
:10CB0000BDE8F081D8F808302A460893214633461C
:10CB1000F446019802B0BDE8F04160470830704724
:10CB200010B5134614460A4681880068FFF72BFDAE
:10CB3000A042A8BF204610BD2DE9F04F97B0044693
:10CB40009A468946019200297AD0DAB1BAFA8AF671
:10CB50007609258F04F1080B0135ADB2A8466F1E8A
:10CB6000BFB2B7F5004F39D04A233946584603AA19
:10CB7000FFF709FD002807DA10F1020F08BFB846D9
:10CB80003D46ECE70126E4E700F158030DEB030016
:10CB9000002303A900F84C3C4846E4F71BFB00289F
:10CBA000EED106BBB846B8F5404F4CD0238F04F108
:10CBB0000805434538D308F5804153462846019A75
:10CBC00089B2FFF7ABFB00280ADB46B14846E4F721
:10CBD00013FB4A460346414628461EE016B3002092
:10CBE00017B0BDE8F08F39465846FFF773FC0028B0
:10CBF000F6DB05F57F513F31584689B2FFF76AFCF5
:10CC00000028EDDB238FBB42E9D12246013B22F80D
:10CC1000383F4FF4004102235846FFF77FFB00EAFC
:10CC2000E070DDE70126BEE7224602234FF4004113
:10CC3000284622F8388FFFF771FB0028BBDACFE7D0
:10CC40006FF01500CCE76FF00B00C9E773B5C36B4D
:10CC500004460363C3B100F108063046E6F7A6FEBA
:10CC6000054670B902234FF4004130460DF106022B
:10CC7000FFF789FC0028B4BF4FF40043BDF806302D
:10CC80002387284602B070BD6FF01205F9E72DE941
:10CC9000F04187680446FB680D4616469847BB6816
:10CCA0002BB1324629462046BDE8F04118476FF0C7
:10CCB0005700BDE8F081002008B5E6F707FA09F053
:10CCC0000DBB09F0E5BA01460068E7F7DBBB08B524
:10CCD000E7F72AFCBDE80840E7F7A8BF00210120DC
:10CCE000E7F7D0BB836E83F30B887047E7F748BF45
:10CCF00061B662B680F31188BFF36F8F704708B5D5
:10CD000072B6002383F31188BFF36F8F00F06BF9C5
:10CD100050B1BFF34F8F30BF00BF00BF00BF00BF97
:10CD200000BF00BF00BF00BF62B6BFF36F8F08BD7A
:10CD300010B5044672B6002383F31188BFF36F8FDA
:10CD400000F051F950B1BFF34F8F20BF00BF00BFBB
:10CD500000BF00BF00BF00BF00BF00BF84F3118849
:10CD6000BFF36F8F62B610BD40E800F313F4803F4D
:10CD7000D8B208BF6FF01500704730B50C684B682B
:10CD800085B00A894D890094013B24F01F04234497
:10CD900002F01F0242EA451223F01F0369468DF894
:10CDA00008200393E8F710F805B030BD08B5E8F7A0
:10CDB000FBF908B5E8F7F0F9002008BD7047034615
:10CDC000D3E8EF0F421EC3E8E12F0029F8D17047E6
:10CDD000D0E8EF3F0133C0E8E23F002AF8D17047C6
:10CDE000002303824369C3607047816A8968E8F75A
:10CDF00079BAEFF31182202383F31288BFF36F8F88
:10CE000000230B60436833B9C0E9001182F3118835
:10CE1000BFF36F8F704719604160F7E7034610B5A5
:10CE2000EFF31181202282F31288BFF36F8F006825
:10CE300028B15C680268A0421A6008BF5A6081F39A
:10CE40001188BFF36F8F10BD014608B50830FFF79A
:10CE5000BFFF084608BD034618465B68002BFBD1A0
:10CE60007047426810B52AB10B461C465B68002B20
:10CE7000FBD16260416010BD10B5044628B901F1D4
:10CE80000800FFF7A5FF084610BD034618465B687B
:10CE9000002BFBD1FFF7E5FF2046F5E792B281605A
:10CEA0000160C2808280704783680B4403607047D2
:10CEB00003680B6043684B6083688B6070478388AE
:10CEC000026819448180D018704730B4848805689E
:10CED000A3188380281930BC09F0DAB910B583880B
:10CEE00002685C1C8480D154D01810BD30B5838892
:10CEF00002689D1C8580D418D154090A617030BD28
:10CF0000034600689A88401A114418609980704757
:10CF10000268531E036083880133838002F8011C7A
:10CF2000704703468288521A82800068084418605D
:10CF30007047034600689A88521A01449A80196023
:10CF4000704710B5036801211C78FFF7EAFF2046FF
:10CF500010BD10B5036802211C88FFF7E2FF2046D0
:10CF600010BD0022C0E90122027B016022F00F0205
:10CF700002730B6803B11847704770B504460D463D
:10CF8000D1B1037B5A0717D40268916859B143F0B5
:10CF90000403037393689847237B13F002020BD1B9
:10CFA00062F3820323732368C4E900532B681BB127
:10CFB0002046BDE87040184770BD037B816043F098
:10CFC00002030373704708B5027B910701D580689F
:10CFD00008BD036822F00F0202735B680BB90020E2
:10CFE000F6E79847FBE7E8F731BA0B464FF05022D7
:10CFF0000121C2F81416002118474FF47F032DE9D0
:10D00000F041D3F830210646072A0D464FF0502450
:10D01000D3F834311BD1023B022B18D94FF0010851
:10D0200000270520C4F81886C4F8147604F094FF8D
:10D030004046C4F8148604F08FFFC4F81476C4F890
:10D04000187630462B46BDE8F041002118470023F2
:10D05000C4F81436F5E70020704730B50D68D0E904
:10D0600000426868531E2344834208D3AB68013BE7
:10D0700003449C4205D84B689A4288BF4A6001200D
:10D0800030BD0020FCE708B5C26900685143FFF7D6
:10D0900005FBBDE80840E8F7C1BB38B51446C569D3
:10D0A0001A4605FB0141049B0068FFF7E2FABDE860
:10D0B0003840E8F7B3BB38B51446C5691A4605FBD6
:10D0C0000141049B0068FFF7BFFABDE83840E8F76C
:10D0D000A5BB4FF0FF324FF0FF3300F58070F7F73C
:10D0E0001DBDF7F78DBDF8B50E46174604464368DB
:10D0F0001D692846FFF7EDFF3B463246216805F1E2
:10D100007C0006F06AFD044605F58070FFF7E9FF34
:10D110002046BDE8F840E8F773BBF8B50E46174661
:10D12000044643681D692846FFF7D3FF3B46324655
:10D13000216805F17C0006F067FD044605F5807066
:10D14000FFF7CFFF2046BDE8F840E8F759BBF8B538
:10D150000E461746044643681D692846FFF7B9FF87
:10D160003B463246216805F17C0006F04FFD04463F
:10D1700005F58070FFF7B5FF04EAE470BDE8F840FC
:10D18000E8F73EBB38B5044643681D692846FFF7FB
:10D19000A0FF216805F17C0006F0B9FD044605F505
:10D1A0008070FFF79EFF204638BD70B50E460446DE
:10D1B00043681D692846FFF78CFF3246216805F158
:10D1C0007C0006F025FD044605F58070FFF789FF19
:10D1D0002046BDE87040E8F713BB38B50446436805
:10D1E0001D692846FFF775FF216805F17C0006F0F0
:10D1F000F2FC044605F58070FFF773FF2046BDE89A
:10D200003840E8F7FDBA70B5044643681E693046F9
:10D21000FFF75FFF216806F17C0006F0DAFC0546A7
:10D2200006F58070FFF75DFF2046E8F7D5FA28463F
:10D23000BDE87040E8F7E4BAF0B504464368C3B00F
:10D240001F690D463846FFF744FF21686A4607F11B
:10D250007C00F5F78DFD044607F58070FFF741FF70
:10D26000002C16DD00249DF8003002A99A1E5342BE
:10D2700053412B70019BFF22C5F80431681C09F053
:10D2800093F885F80041204643B0BDE8F040E8F748
:10D29000B7BA08BF6C70F6E738B505460469204692
:10D2A000FFF717FF04F17C0006F06AFC95F82030C8
:10D2B0001B0703D4D4F8FC00FFF7C5F9002504F5DB
:10D2C0008070C4F8FC50FFF70CFF284638BD38B515
:10D2D0000346084619461D69E8F7ECF90446284656
:10D2E000FFF7F7FE214605F17C00F5F7B1FA044699
:10D2F00005F58070FFF7F5FE2046BDE83840E8F7F9
:10D300007FBAF8B504460846214617462569E8F76E
:10D31000D1F9214606463846E8F7CCF904462846B6
:10D32000FFF7D7FE2246314605F17C00F5F7FCFAFF
:10D33000044605F58070FFF7D4FE2046BDE8F840AE
:10D34000E8F75EBA38B50346084619461D69E8F79E
:10D35000B1F904462846FFF7BCFE214605F17C00E2
:10D36000F5F71CFC044605F58070FFF7BAFE204671
:10D37000BDE83840E8F744BA034670B514461E6964
:10D380000846D6F8E420194692692260D6F8E420CF
:10D39000D2696260D6F8E420126AA260E8F78AF9DE
:10D3A0003046FFF796FE06F17C0006F0C0FC05460D
:10D3B00006F58070FFF795FE002DA1BFA3685B1BEB
:10D3C0000025E3602846BDE87040E8F719BAF8B5D3
:10D3D0000569074605F58076304607F011FD2846B9
:10D3E000FFF777FE284697F820207969E8F774F967
:10D3F0000446C0B905F17C0429462046F5F770F9CA
:10D4000000280BDA97F82030DA0707D49B0719D4E5
:10D4100029462046F5F7FEF8002808DAE8F7F0F983
:10D420000028044609DA0023C5F8FC3005E0204650
:10D430002946F5F755F9041EF0DB3046FFF751FE9B
:10D440002046F8BD6FF01D04EDE70346F0B5084631
:10D45000C3B019461F691546E8F72CF9044638464B
:10D46000FFF737FE21466A4607F17C0006F08DFB88
:10D47000044607F58070FFF734FE002C10DB002413
:10D480009DF8003002A99A1E534253412B70019B14
:10D49000FF22C5F80431681C08F086FF85F80041BA
:10D4A000204643B0BDE8F040E8F7AAB970B505469C
:10D4B000B1F8032086B04B7902AEADF808200C46D7
:10D4C0000D2200210DF10B008DF80A3008F006FF47
:10D4D000324631462846EAF763FB10B1002006B019
:10D4E00070BD029B0322ADF8043020461B0C01A93D
:10D4F0008DF8063008F001FFB0FA80F04009EEE741
:10D5000070B50D4600210446FFF7C1FA0D2818D169
:10D51000237B302B13D1002305F8063B04F10C06C6
:10D520002A462046012302210234FEF7A5F8B44220
:10D5300005F1FF35F4D1002070BD0123ECE7312B5C
:10D54000FBD06FF01500F7E7E6F7B0BD002070479D
:10D5500010B50C460178227888B08A420ED0694610
:10D56000E8F70EFC204604A9E8F70AFC10226846FA
:10D570000DEB020108F0C1FE08B010BD012A06D073
:10D58000022A07D072B940886388C01AF4E740685D
:10D590006368FAE71022611C013008B0BDE8104052
:10D5A00008F0ABBE6FF01500E6E7042A0AD0102A97
:10D5B0000DD0022A4FF0000315D103700B88438071
:10D5C00001207047012303700B684360F8E70223D2
:10D5D00000F8013B01F1100351F8042B994240F887
:10D5E000042BF9D1ECE718467047012310B506214A
:10D5F000044600F8013B00F098FE18B9A37963F0E7
:10D600003F03A37110BD70B504460D46E3F7F4FD6A
:10D61000112817D10223E25C3A2A13D10333112BCC
:10D62000F9D1053504F1120601232A4602212046CC
:10D63000FEF722F830B10334B44205F1FF35F3D1DF
:10D64000002070BD6FF01500FBE70B6803608B884E
:10D6500083808B798371037823F002030370704712
:10D660000078C0F34000704738B50446807AE7F789
:10D670000FFE6169054649B1637ADB0704D4836A0A
:10D6800020461B689B689847002363612146284613
:10D69000BDE8384007F043BC08B5E8F773FFBDE8C4
:10D6A00008400820E8F7EEBB08B5FFF7DDFFBDE84E
:10D6B00008400220E8F7E6BB2DE9F0410C4617468A
:10D6C000054601F10C0800F10C0140461E46FFF72B
:10D6D000EFFB6269E36839469B1A13FA87F36B82A2
:10D6E000012340466B722F82FFF71BFCE36828463C
:10D6F00073600023628AE360728163823460BDE8F4
:10D70000F08138B50C46D1E900320546DA600B6885
:10D710004A895A820868E7F771FE204610220021E4
:10D7200008F0DCFD2846BDE83840FFF79DBF438A7E
:10D7300023B9C068B0FA80F04009704700207047F4
:10D740007047D0F8A03083B15A7CD1070DD5D206EE
:10D750000DD51B7C102B0CBF042303234372807A4E
:10D7600098428CBF0020012070470223F6E7032374
:10D77000F4E70F2806D80D280BD8052814BF02207F
:10D7800003207047132804D01A2814BF0220012058
:10D79000704701207047D0E8AF0F70470B680360F7
:10D7A0008B8883808B7983717047034610B5D3E8EB
:10D7B000EF0F40EA0102C3E8E42F002CF7D110BDBF
:10D7C0000B4601461878E8F7ADBB38B5C3681D783D
:10D7D00075B90F21B3F80100EAF73CFE044638B1F1
:10D7E0002946EAF793FD2046BDE83840EAF742BDF6
:10D7F00038BD01210C30FFF79CBB70B5C568012115
:10D800002888EAF727FE044690B16E88EA88A9883E
:10D810002B89A0F8A660A0F8A810A0F8AA20A0F86C
:10D82000AC30EBF72BF82046BDE87040EAF722BD9C
:10D8300070BD37B5C5680121B5F80100EAF70AFEE9
:10D84000044688B32B781A2B19D1C378012B27D122
:10D850004FF480410430FFF7A8FF43040FD4D4F8FD
:10D860008C3069460093D4F8943020460193EBF74E
:10D87000C1FB204603B0BDE83040EAF7FBBC2B7883
:10D8800073B940F2E242B5F803305343C4F888302C
:10D89000B5F80530A4F89030B5F80730A4F8923008
:10D8A0002046EAF79FFFE4E703B030BD38B5C5680E
:10D8B0000121B5F80100EAF7CDFD044698B12B78B7
:10D8C0003BB9D5F80330C0F89830D5F80730C0F828
:10D8D0009C30201D4FF40031FFF767FF2046BDE864
:10D8E0003840EAF7C7BC38BD30B40446084602EBFE
:10D8F000C3039A4201D130BC7047114611F8085B4E
:10D90000A54206D1018A53789942F4D330BC5368BA
:10D9100018470A46EDE7D0E8EF3F0B40C0E8E23F8A
:10D92000002AF8D170472DE9F047D0F80C80028A20
:10D9300098F800309B00013393423DD9BDE8F08751
:10D9400008EB86030F21B3F80100B3F80370EAF780
:10D9500081FD044628B100F1C80947B92046EAF71D
:10D9600089FC013698F800309E42E9DBE6E76569FC
:10D97000002DF3D0A2692B6895422046636108BF51
:10D98000A361EAF71BFCF7F7C1F9C5F800A0236A09
:10D990007BB9C4E90755D9E8EF3F013BC9E8E23F4D
:10D9A000002AF8D100212046013FEAF711FCBFB25E
:10D9B000D3E71D602562EEE70026B246D2E7704746
:10D9C0007047C0F30723537000231070000C907051
:10D9D000000AD070C1F30720090E137150719371C2
:10D9E000D171704738B5C5680121B5F80100EAF773
:10D9F00031FD044688B1E878E8F706FD84F8A40014
:10DA00002879E8F701FD84F8A5002046EAF75CFFD5
:10DA10002046BDE83840EAF72DBC38BD10B5028875
:10DA200043889A4218D8052A16D9B3F5486F13D8F7
:10DA30008488B4F5FA7F0FD2C18840F67640A1F110
:10DA40000A0292B2824207D804FB0333B3EB810F80
:10DA500034BF0120002010BD0020FCE738B5C368AA
:10DA60000F21B3F801001D78EAF7F4FC044638B33F
:10DA700065B12846E8F7F6FC294602462046EAF753
:10DA8000B5FF2046BDE83840EAF7F4BB8378012BA8
:10DA900007D103F004F82046FFF753FE002808BF23
:10DAA00005252846E8F7DEFC294602462046EAF727
:10DAB0009DFF002DE5D00521204600F000FDE0E7A8
:10DAC00038BD70B5C6680F21B6F801003578EAF7A1
:10DAD000C1FC044670B34DB12846E8F7C3FC2946A3
:10DAE00002462046EAF782FF204603E0F378C27A36
:10DAF0009A4203D1BDE87040EAF7BCBB8278C3729A
:10DB0000012A08D10BB102F0CAFF2046FFF719FE27
:10DB1000002808BF05252846E8F7A4FC2946024648
:10DB20002046EAF763FF002DDED00521204600F0F5
:10DB3000C6FCD9E770BD0020704708B5EEF7FAFCC7
:10DB400018B1408A003818BF012008BD70B50646DC
:10DB50000D464FF0FF304FF0FF31E8F72DFC044643
:10DB600068B103210C30FFF7AAF9068085702146C1
:10DB7000BDE87040002240F20640E8F751BD6FF06A
:10DB8000680070BD38B54FF0FF3105464FF0FF30EB
:10DB9000E8F712FC044668B102210C30FFF78FF958
:10DBA0002B88214603800022BDE8384042F216004F
:10DBB000E8F736BD6FF0680038BD2DE9F0478146C3
:10DBC00088464FF0FF304FF0FF3117461E469DF854
:10DBD00020A0E8F7F1FB0546A0B107210C30FFF7C4
:10DBE0006EF9B9F8003080F802800380C7700671C2
:10DBF000A0F805A02946BDE8F047002242F2320015
:10DC0000E8F70EBD6FF06800BDE8F087C0680378E4
:10DC10000BB9E8F7BDBE7047F0B5C56801212F8884
:10DC200087B0B8B2EAF716FC064660B302ACD5F886
:10DC30000220D5F8063001946989009102F0CBFDED
:10DC400018B34FF0FF304FF0FF31E8F7B5FB054652
:10DC5000B0B112210C30FFF732F90346224623F807
:10DC6000027B144603CC596006A98C4218602246F8
:10DC700003F10803F5D1294642F21A00E8F73AFC0D
:10DC80003046EAF7F7FA07B0F0BD4FF0FF304FF03B
:10DC9000FF31E8F791FB04460028F1D002210C3057
:10DCA000FFF70DF92146078042F21B00E6E770B549
:10DCB00006460D464FF0FF304FF0FF31E8F77CFB92
:10DCC000044660B103210C30FFF7F9F80680857037
:10DCD0002146BDE8704042F22100E8F70BBC70BD60
:10DCE00073B5C368D9789A781E8842EA0122ADF8E4
:10DCF000002059791A79B4B242EA0122ADF8022023
:10DD0000D9799A79204642EA0122ADF804201A7A9C
:10DD10005B7A012142EA0323ADF80630EAF79AFB69
:10DD2000054628B902212046FFF7C1FF02B070BDA9
:10DD30006946EAF7EFFD38B91E212046FFF7B7FF25
:10DD40002846EAF797FAF1E74FF0FF304FF0FF313E
:10DD5000E8F732FB04460028F2D00E210C30FFF722
:10DD6000AEF800230680C0F80A30BDF80030214626
:10DD70004380BDF802308380BDF80430C380BDF815
:10DD80000630038142F22000E8F7B4FBD8E7D0E880
:10DD9000AF0F70470B6803608B8883808B7983712A
:10DDA0007047072208B508F0A8FAB0FA80F04009D9
:10DDB00008BDF8B50F46144638BB4FF0FF304FF0A2
:10DDC000FF31E8F7F9FA054610B327210C30FFF7C9
:10DDD00076F8224606463946FFF7DCFFC31D04F1FC
:10DDE000100152F8040B8A4243F8040BF9D11022B7
:10DDF000002106F1170008F071FA2946BDE8F84045
:10DE0000002242F22700E8F70BBC6FF01500F8BDC6
:10DE10006FF06800FBE7037A02465B0705D5014611
:10DE20002E3211F8010BFFF7C4BF704738B54FF021
:10DE3000FF3105464FF0FF30E8F7BEFA044658B10F
:10DE400029460C30FFF74AF82146BDE83840002249
:10DE500042F22D00E8F7E4BB6FF0680038BD10B463
:10DE600000F11803D3E8EF2F22F40051C3E8E41FB8
:10DE7000002CF7D1930404D501215DF8044B00F088
:10DE80008CB95DF8044B704770B5044686B00E46F9
:10DE900001300131FFF785FF2E341622002105469F
:10DEA000684608F01BFA10226946204608F025FA59
:10DEB00040B11022204606F12E0108F01EFAB0FAF9
:10DEC00080F04009284300F0010006B070BD38B56D
:10DED0004B6805460C4673B90B7A13B9037A5B0796
:10DEE00009D520682A7803789A4204D02946FFF79A
:10DEF000CBFF00B1656038BD00F1180208B50346DC
:10DF00001046FFF744FFC1050DD5D2E8EF0F40F4EE
:10DF10000050C2E8E10F0029F7D11846BDE80840DB
:10DF2000002100F03AB908BD08B500F11803184601
:10DF3000FFF72DFFC20506D51846FFF728FF030699
:10DF400044BF01230B7008BD10B50C4630B919B1A0
:10DF5000EEF79CFA00B1441C204610BD0024FBE7FC
:10DF600070B50D460446002846D0002944D000F183
:10DF700018031846FFF70BFF820711D40A68C4F88C
:10DF800009208A88A4F80D2001222272D3E8EF1F0D
:10DF900041F01001C3E8E21F002AF7D1002070BD54
:10DFA0004FF0FF304FF0FF31E8F706FA064630B386
:10DFB00007210C30FEF783FF03466278314603F8F1
:10DFC000012B2A68C0F80120AA8842F235009A8005
:10DFD0000022E8F725FB0028E1D104F10903AB4258
:10DFE0004FF001031EBF2A68C4F80920AA882372D3
:10DFF00018BFA4F80D20D1E76FF01500CFE76FF040
:10E000006800CCE713B5044680B10621684600F0ED
:10E010008CF948B99DF80530694603F03F03204666
:10E020008DF80530FFF79CFF02B010BD6FF01500B2
:10E03000FAE71830D0E8EF3F23F02003C0E8E23FD2
:10E04000002AF7D17047037AD90704D523F00103DA
:10E050000372E8F7C3BE990704D523F002030372E5
:10E06000E8F756BF704700207047D0E8AF0F704701
:10E0700008B5FFF7FAFF084100F0010008BD0346AC
:10E0800010B5D3E8EF0F00EA0102C3E8E42F002C3B
:10E09000F7D110BD012310B403FA01F104464AB1CF
:10E0A000D4E8EF3F0B43C4E8E23F002AF8D15DF823
:10E0B000044B7047C9435DF8044BFFF7E0BF73B5ED
:10E0C0001D469DF81C3004469DF8206063B15EB18A
:10E0D000069B6A4642F23801204600950193E9F713
:10E0E000FBF868B102B070BDCDE9001220466A4667
:10E0F00042F23701E9F7F0F80028F3D1002EE7D11A
:10E100001834D4E8EF3F43F00403C4E8E23F002AA8
:10E11000F7D10020E6E72DE9F04180460F464FF0A9
:10E12000FF304FF0FF3186B01446E8F745F9054659
:10E1300080B300F10C063FB301213046FEF7CEFE5E
:10E1400001213046FEF7CAFE304698F80110FEF76E
:10E15000C5FEDCB121883046FEF7C8FEC4B1A17807
:10E160003046FEF7BBFE284608F1180203A9082333
:10E170000097E8F70FF90022294642F23900E8F744
:10E180004FFA06B0BDE8F0813946D6E72146E2E70E
:10E190002146E5E76FF06800F3E70022FFF7BBBF19
:10E1A000203006F0CABF10B50446FFF7F9FF20463D
:10E1B000BDE810405822002108F090B838B5044658
:10E1C00020B304F11805FFF7EBFF08212846FFF7FD
:10E1D0004FFFE8B16FF080012846FFF750FF0306BC
:10E1E00004D52046FFF725FFE8F7D0FD0921284692
:10E1F000FFF73EFF18B100212046E9F7ABF90022F6
:10E200002046BDE838401146FFF785BF6FF0150086
:10E2100038BD2DE9F04385B00F4699460446DDF838
:10E220003080F8B100F118060B213046FFF720FFCF
:10E2300005460A213046FFF71BFF3DB118B12AB150
:10E240006FF085000BE0B8F1000FF9D1CDE9015076
:10E250004B4639462046CDF80080FFF730FF05B029
:10E26000BDE8F0836FF01500F9E7F8B5054618B979
:10E270006FF015042046F8BD00F118070821384654
:10E28000FFF7F6FE06460028F2D14FF0FF304FF0C0
:10E29000FF31E8F791F80446A0B101210C30FEF7F8
:10E2A0000EFE6B7821460370324642F23C00E8F7DE
:10E2B000B7F904460028DDD16FF001013846FFF7B9
:10E2C000DEFED7E76FF06804D4E77FB5C56828782D
:10E2D000E9F71CFB044698B143688BB19B687BB19E
:10E2E00001352846FFF7BCF902AE294650B1304649
:10E2F000FFF7ABF9636820469B68019601A9984730
:10E3000004B070BD2078FFF71FFE0346006802903E
:10E310009A889B79B280B371ECE708B5F8F74EFDA7
:10E32000002818BF6FF0040008BD08B5F8F73AFBE5
:10E33000002818BF6FF0040008BD01F12003013868
:10E3400013F8012D8B4200F8012FF9D170470023FB
:10E350000B60436813B9C0E9001170471960416050
:10E360007047D0F8BC00003818BF0120704708463D
:10E37000896918301160426800211A6010F80D2C6C
:10E3800007F0ACBF2438E9F7B3BE002203680BB92D
:10E39000184670478B4210D10B6842B9426803603F
:10E3A000914200D14360002301200B60704713604D
:10E3B0004368994208BF4260F5E71A461B68E6E7E2
:10E3C00010B50446006918B1E7F718F80023236177
:10E3D00010BD70B516460D4601210446E9F7F8FE5A
:10E3E000012E17D0022E17D1236913B12046FFF753
:10E3F000E7FF256121690A8A012A39D9CB681B8880
:10E4000004339BB29A4233D32AD92046BDE87040E8
:10E41000FFF7D6BF206918B92046FFF7D1FF01E00A
:10E420002A8A22B92846BDE87040E6F7E7BF018A8C
:10E43000438A46695B1AC168891B5B1A9A4207D9ED
:10E4400001460022204600F088FA00232361E9E714
:10E45000E9680C30FEF739FD2846E6F7CFFFC9E73B
:10E46000002323612046BDE87040012200F075BA08
:10E4700070BD10B500F1D002D2E8AF3F5BB1591CBE
:10E48000D2E8EF4F9C4204D1C2E8EC1FBCF1000F70
:10E49000F6D1F1D110BD1846FCE710B5437B044618
:10E4A000073B012B02D80121E9F730FF637B2BB139
:10E4B0002046BDE810400021E9F728BF10BD10B587
:10E4C000437B0446023B062B16D8DFE803F0090421
:10E4D0001515150B0900017300212046E9F716FFF9
:10E4E000002010BD0088FFF731FB0028F9D1637BC5
:10E4F000072BF5D10821F0E76FF07F00F1E710B5A9
:10E500000446D0F8A00028B9207A04F17001EEF793
:10E5100011F838B1E278438A2AB903F021000038B3
:10E5200018BF012010BD03F02400F8E782780346ED
:10E53000012A06D1C07A28B1D3F8A00010B1007C1E
:10E5400070470020704710B583780446012B27D10F
:10E55000437B072B27D10A0601F07F0310D5021D4C
:10E56000D2E8EF0F40F40040C2E8E10F0029F7D1F4
:10E570002046A372EDF7A6FB08B1637AA37210BD23
:10E58000427A9A4212D2827A9A420FD2021DD2E87D
:10E59000EF0F20F40040C2E8E10F0029E8D0F6E7D1
:10E5A0006FF01500EBE76FF07F00E8E70020E6E78B
:10E5B0008378012B0CBF407A0020704738B5037A6E
:10E5C00004468B42154615D100F1700107222846FA
:10E5D00007F093FE80B1E378072243B904F17E018E
:10E5E000284607F08AFEB0FA80F0400938BD04F1F1
:10E5F0007701F5E70020F9E70120F7E708B5EAF72A
:10E6000057FA10B1E9F736FE012008BD8378012BD7
:10E610000CBF70300020704713B582780B46012A7A
:10E6200015D10A88DB7802F00204D2078A7848BF45
:10E63000B4FA84F4B2FA82F148BF640949090BB90B
:10E6400041F002010094FFF7B8FA02B010BD6FF07C
:10E650001500FAE7F8B507460D464FF0FF304FF0CA
:10E66000FF31E7F7A9FE0646D0B10E210C30FEF7C8
:10E6700026FC04460E22002107F030FE3B8831467E
:10E6800023802B88002263806B8842F21300A380D2
:10E69000AB88E380EB882381BDE8F840E7F7C0BF93
:10E6A0006FF06800F8BD70B484780A46012C20D160
:10E6B000051DD5E8AF6FC6F3C024360502D570BC82
:10E6C000EAF7BABA0988A0F88C105188A0F88E1021
:10E6D0009188A0F89410D288A0F89620D5E8EF3F52
:10E6E00043F40053C5E8E23F002AF7D1204670BC4E
:10E6F00070476FF01500FAE7704710B50446F6F75B
:10E70000E1FF234653F8402BD2F8BC1061B92164D5
:10E71000D2F8C01061B9C2E92F33F6F7E7FF2068DD
:10E72000BDE81040E9F7CEBD8B42F6D00968EDE7B1
:10E730000B60C2F8C030F0E703682BB141681A687B
:10E740008B42026008BF4260704770472DE9F84372
:10E75000446B2CB154F8085905B1083D00270CB999
:10E76000BDE8F883D4E900682EB3F6F7ABFF0022CA
:10E77000D6F8BC3004F1400163B1994233D1236C27
:10E780004ABBD6F8C020C6F8BC30914201D1C6F8C9
:10E79000C0302764F6F7AAFF04F1300900220023F5
:10E7A0004846F6F77DFA064600BBD8F804300BB1B0
:10E7B000204698472760E3680BB120469847D8F871
:10E7C00020300BB120469847DDB1AB6803B1083B60
:10E7D0002C461D46C3E71360D6F8C030994208BFE7
:10E7E000C6F8C020D5E71A461B68C5E7B36923B150
:10E7F0006FF06D02F169206898473046E6F7FEFD3C
:10E80000CCE72B46E4E738B5406B0D4620B150F815
:10E81000084904B1083C00B938BD43689B680BB196
:10E82000294698472CB1A36803B1083B20461C46F3
:10E83000F1E72346FAE7F8B50E46002107461546EC
:10E8400000234FF480320846EAF702FB044630B159
:10E8500004210C30FEF733FB0770467045802046DC
:10E86000F8BD70B505460068B8B1407B072814D1E3
:10E87000002A0CBF012002200E7A864210DCC87AE2
:10E8800007280DD98A61CB6105F1300006F03CFB09
:10E890002846FFF732FF002070BD6FF07F00FBE7D6
:10E8A0006FF01500F8E7406B28B1838B08388B4276
:10E8B00001D08068F8E7704710B54AB989B2FFF710
:10E8C000F2FF28B143689B6913B1BDE810401847B7
:10E8D00010BD38B50D460521FFF7E5FF0023294699
:10E8E0001A46FFF7BEFF044610B12846E6F786FD3C
:10E8F000204638BD38B50B8A0546032B0C4621D976
:10E90000042104F10C00FEF714FB238A42889A428A
:10E9100018D14178B1B10378012B13D0132B11D04A
:10E92000022201202D68FFF786FF044650B1022124
:10E930000C30FEF7C4FA00232146037043702846CA
:10E94000FFF7C7FF002038BD406B28B18389083826
:10E950008B4201D08068F8E7704738B50B8A0546CE
:10E96000032B0C4604D82046BDE83840E6F746BDE8
:10E97000042104F10C00FEF7DCFA41882846FFF779
:10E98000E3FF0028EFD0436821465B699847EAE738
:10E9900070470346006828B15968026888421A60C7
:10E9A00008BF5A6070470346002003B970471A8AAF
:10E9B0005B681044F9E710B5D4680231237813B9C5
:10E9C0002170012010BD8B42FBD0038A023B0382E1
:10E9D00000201061F6E72DE9F04104468868FFF752
:10E9E000E2FF638B628D0D46934228BF134683423C
:10E9F0001DD300272165D1F808808F60F6F762FEED
:10EA000041462046EAF75AFB064638B1C5F8088069
:10EA10002765F6F76BFE3046BDE8F081618D638BAC
:10EA20002846994228BF1946ECF742FDF1E76FF0FE
:10EA30007906F0E72DE9F041C469074644B154F87E
:10EA4000986906B1983E0022154607F104080CB9F2
:10EA5000BDE8F081236D9BB905B98AB94046FFF73F
:10EA600098FF054658B101462046FFF7B4FF00283D
:10EA7000EED07B682B60BB687D6003B9BD60224629
:10EA800036B1D6F8983003B1983B34461E46DEE7DF
:10EA90003346FAE708B503680A8A1868C96801F0BE
:10EAA000E7FB002008BD38B5054601F10C000C4617
:10EAB000FEF74FFA2D680146238A2868E26801F0C4
:10EAC000C6FB002038BD38B504460D46EAF7F6FA15
:10EAD00030B1294604F15400BDE8384006F014BABC
:10EAE00038BD70B5044601F10C000D46FEF731FA51
:10EAF000266801462B8AEA68306801F0A8FB1E21CF
:10EB000000222046EAF732FB014610B12046FFF70B
:10EB1000DAFF002070BD70B40668F2695AB314467B
:10EB200054F8983903B1983B002211467CB9438DC3
:10EB3000408B8B4201D890421FD9824238BF024697
:10EB40009942306838BF194670BCECF77DBB8442EF
:10EB500007D0658D648BA94238BF2946A24238BFD1
:10EB6000224633B1D3F8985005B1983D1C462B4648
:10EB7000DCE71D46FAE71146D9E770BC704773B56C
:10EB80001446014605464FF49572206801F07AF963
:10EB9000207530B92946206801F0CEFB20B9082342
:10EBA0002375002002B070BD237AB3B1A3F118021F
:10EBB000534253419B000193638A29460093AE68F8
:10EBC000238AE2682068B047002808DB238A834252
:10EBD0000CD1002301202375E4E70223EBE710F1B9
:10EBE000FF0F03D34042C0B22075DAE70E20FBE7E7
:10EBF000F8B5936805460F461446166863B9506821
:10EC000001210C30FEF75BF9A0602B681B78002B0C
:10EC100014BF022301230370A3681B78012B03D0C8
:10EC2000022B1FD000201CE02B681B78002BF9D191
:10EC3000606804210C30FEF742F9E06007802A6822
:10EC4000E36852885A806168728D738B088A9A4291
:10EC500094BFC0EB0200C0EB0300042894BF002067
:10EC60000120F8BD2B681B78022BDBD160681221D4
:10EC70000C30FEF724F9E06007802B68E268591C2D
:10EC80000232113351F8040B994242F8040BF9D1C6
:10EC90006168728D738B088A9A4294BFC0EB020040
:10ECA000C0EB03001228D9E7D0680431037813B908
:10ECB0000170012070478B42FBD0002091680B8AC5
:10ECC000043B0B82106170472DE9F04188461746DE
:10ECD0000121042205461E46EAF748FA044670B1AF
:10ECE00004210C30FEF7EBF880F80080A0F80170EA
:10ECF000C67021462846BDE8F041FFF7E4BEBDE8F6
:10ED0000F0811FB5CDE9012300231A460093EBF7EC
:10ED10003DFD05B05DF804FB0022036803B97047B0
:10ED20008B420FD10B683AB942680360914200D11F
:10ED3000436000230B60704713604368994208BF2B
:10ED40004260F6E71A461B68E8E7D0E8EF3F43F079
:10ED50000802C0E8E12F0029F7D1C3F3C0007047D3
:10ED600007B5CA680C211388528800920D22EAF771
:10ED7000DFFA03B05DF804FB07B50022CB680A2177
:10ED80001B8800920B22EAF7D3FA03B05DF804FB6C
:10ED9000F8B5CB6804461F88BBB2162B24D90321D3
:10EDA000EAF744FA064608B302210C30FEF787F86A
:10EDB00000256FF008034570037031462046FFF7C9
:10EDC00082FEF7236383236867851B680433D3E8D7
:10EDD000EF1F41F48031C3E8E21F002AF7D120463B
:10EDE000FFF799FE2846F8BD0420FCE70E20FAE75D
:10EDF00070B504460E46002200230846F5F750FF82
:10EE0000054658B101462046EAF758F9044618B1BC
:10EE10002946304606F083F8204670BD6FF00104A5
:10EE2000FAE737B50C46054601F10C00FEF791F8FC
:10EE3000228A03460192E268122100922846132298
:10EE4000EAF7D0FC03B030BD37B50C46054601F1FA
:10EE50000C00FEF77EF8228A03460192E2682846FB
:10EE6000009200221146EAF7BDFC03B030BD2DE947
:10EE7000F04342F60103002591B0D2F80080074626
:10EE80000E4600680BA9D8F8049014468DF82C5053
:10EE9000ADF82E30FEF75CFB002800F082804FF4C6
:10EEA000205338680BA98DF82C50ADF82E30FEF7A2
:10EEB0004FFB38B1A3681BB15A88B24200D25E80C2
:10EEC000012010E061680846FFF76DFDB8F82A20C0
:10EED000B8F81A309A4294BFC0EB0200C0EB0300AE
:10EEE000032803D8002011B0BDE8F0830846FDF7E1
:10EEF000B2FF054661680846FFF755FD6B8A2A8A0E
:10EF0000A3EB020C6B69EA68D21AACEB0203B8F807
:10EF10001AC0B8F82A20944594BFC0EB0C00C0EB8F
:10EF20000200834228BF03466BB9887AE6F7B0F93E
:10EF300000220023FDF759FF05460028D2D00146E4
:10EF40006068FDF799FF002300933946D7F80480E5
:10EF50001023484602AAC047071E22DB227CE06835
:10EF6000BA421AD001460BA8FEF71FFBC8B1FAB28D
:10EF700002A906A8FEF719FB98B106A90BA8FEF78F
:10EF8000E7FA70B900230421637405F10C00FDF762
:10EF900096FFA0600680A36891E702A907F0ADF98B
:10EFA000EFE70023A3608BE72DE9F04F064685B01D
:10EFB000104690469946FFF7F6FC738B728D8B4690
:10EFC000934228BF1346834275D973684046039322
:10EFD000FDF741FF4FF0000A04464046FFF7E3FC0F
:10EFE000E168228A658A6369AD1ACB1AED1A778BBC
:10EFF000738D9F4294BFC0EB0700C0EB03008542B6
:10F0000028BF054625BB98F80A00E6F741F900221B
:10F010000023FDF7EAFE044608B9574627E00146FB
:10F020004046FDF729FF4046FFF7BDFCE168228A14
:10F03000658A6369AD1ACB1AED1A778D738B9F427F
:10F0400094BFC0EB0700C0EB0300854228BF054614
:10F05000CDF80090DBF804700A4403985946ABB22F
:10F06000B847071E07DABAF1000F18BF57463846EF
:10F0700005B0BDE8F08F0E9BABB9394604F10C002A
:10F08000FDF71DFF4046FFF78EFC738D728BB94470
:10F09000934228BF13468342BA441FFA89F9BCD968
:10F0A000AF429AD0B9E7394620460F9A0E9B98474F
:10F0B0000028E2D1B1E70027D9E700232DE9F34189
:10F0C00017681446D7F80480014613730646952244
:10F0D000404600F0D7FE0546207330B93146404621
:10F0E00001F028F928B908232373002002B0BDE8F5
:10F0F000F081A068798B7A8D038A914294BFC3EB2B
:10F100000103C3EB0203012BEFDD02210C30FDF7FD
:10F11000D6FECDE900558046A38831463846A26820
:10F12000FFF742FF031E06DA13F1FF0F2ABF5B420F
:10F130000E23DBB2D8E70120A8F80030D6E7002381
:10F140002DE9F34117681446D7F80480014613737C
:10F1500006469522404600F095FE0546207330B9DC
:10F160003146404601F0E6F828B908232373002011
:10F1700002B0BDE8F081CDE9005531463846A3889C
:10F18000A268FFF711FF002807DA10F1FF0F32BF66
:10F190000E204042C0B22073E9E70120E8E7F8B54D
:10F1A000054650F8044C071F00F14803D3E8EF1F51
:10F1B00021F00401C3E8E21F002AF7D1FCB1EB6C97
:10F1C00083B9636873B1201DFFF7E3FB0646014670
:10F1D0003846FFF700FC90B163683360A36866604F
:10F1E00003B9A660384605F15001FFF701FE30B1C2
:10F1F000384604F10C01BDE8F840FFF7F9BDF8BD51
:10F2000008B5437B072B01D0002008BD0421FFF780
:10F210009BFB0028F8D000F14803D3E8AF3FDB07A1
:10F22000F2D550F8040CF0E738B50546D1E8AF3F09
:10F23000DB0716D550F8040C98B1EB6C8BB9043091
:10F24000FFF7A7FB044660B10146281FFFF7C3FB89
:10F2500038B155F8043C5A6822609A685C6002B97B
:10F260009C6038BD70B50E461546FFF7C9FF78B1F2
:10F27000C3696BB1184650F8983903B1983B691CC3
:10F28000428D448BA24228BF2246914202D93BB90B
:10F29000002070BD2A463146BDE87040E9F766BFE0
:10F2A000D3F8984004B1983C18462346E8E7EBF7BA
:10F2B000DFB908B5FFF7A4FF40B1C06930B102461D
:10F2C00052F8983903B1983B002002B908BD518B20
:10F2D000528D8A4228BF0A46904238BF104633B149
:10F2E000D3F8981001B198391A460B46EDE7194644
:10F2F000FAE710B504466438EAF740FD54F8640CA8
:10F300001321BDE81040FFF7DAB870B550F8043C9F
:10F310000446061F002B34D039B1C36C002B30D00B
:10F320001B7CDA072DD505231EE005682846EBF780
:10F33000ABFF6B7A012B24D0E46C14B3237CDB0786
:10F340001FD5E368002BEED030466269617CE9F797
:10F350000DFF054638B1D4E90512E368984750B16E
:10F360002846E6F74BF80E2300223046BDE87040F1
:10F370001146EAF7CDBC29463046E9F79FFE002842
:10F38000EED170BD70B5CE68044633880D469AB292
:10F39000162A06D8002204231146EAF7B9FC0020F9
:10F3A00070BDF72243854283FFF7B5FB002331464A
:10F3B00020462A8AF1E708B500230A8AC968EAF7D5
:10F3C000A7FC002008BDFFF7F6BFFFF7F4BFFFF76B
:10F3D000F2BFFFF7F0BFFFF7EEBFFFF7ECBFFFF79D
:10F3E000EABFFFF7E8BFFFF7E6BFFFF7E4BFFFF7AD
:10F3F000E2BF70B50D46FFF703FF044628B9284663
:10F40000E5F7FCFF6FF07F0070BD00F10C062946A8
:10F41000304605F079FDE469C4B154F8985905B156
:10F42000983D0022104607E022467DB1D5F898307D
:10F4300003B1983B2C461D46831C01D1002AF4D110
:10F4400031462046FFF7D4FC0028EDD10020DBE751
:10F4500038B505460C46F6F735F92846FFF7D0FED5
:10F4600020B9F6F743F96FF07F0038BD0023236021
:10F4700083683BB9C0E90144FFF7DCFAF6F736F9D7
:10F480000020F2E71C608460F6E710B50C46FFF739
:10F49000B7FE90B1C36943B153F8482C983B9169CA
:10F4A000A14209D0D3F89830F5E7406828B18369C4
:10F4B000A34202D00068F9E7104610BD0120704752
:10F4C00008B5FFF79DFE78B1C3696BB1983B03F1B6
:10F4D0004C02D2E8EF0F20F00800C2E8E10F00294B
:10F4E000F7D1D3F89830F0E708BD08B50421FFF74D
:10F4F0002BFA20B14830D0E8AF0FC0F3C00008BDF0
:10F5000010600020704710B5029CA36833B1B1F5BC
:10F51000807F28BF0E21CAB221469847A37DE268AA
:10F52000013BDBB2A37522B11BB92046BDE81040F8
:10F53000104710BD1060918000207047B1F5807FAA
:10F5400028BF0E21009AC9B21368184700207047DF
:10F55000072208B506F0D1FEB0FA80F0400908BDD8
:10F5600070B50378044693420E46154603D1013028
:10F57000FFF7EEFF70B9A37AAB420DD1314604F12B
:10F580000B00FFF7E5FF20B101235B4203F00A0304
:10F59000E01870BD0023F8E70020FAE7034610B535
:10F5A000D3E8EF0F40EA0102C3E8E42F002CF7D1C3
:10F5B00010BD034610B5D3E8EF0F00EA0102C3E81F
:10F5C000E42F002CF7D110BD0B6803608B8883807B
:10F5D0008B79837170472DE9F0410D46069C0646F4
:10F5E0006FF0040104F11000FFF7E3FF45B330466C
:10F5F000EAF7C0FD074680B16368B5F5807F28BF94
:10F600000E251BB122463046E9B29847BB6823B1AC
:10F6100000221D6804F114000BB9BDE8F08183429B
:10F6200006D1234639463046BDE8F041EAF7F6BC3C
:10F6300025B129681A462B460D46EDE72946F9E71C
:10F6400063681BB12246294630469847A389002BA0
:10F65000E3D1256821463046AC46BDE8F0411A4664
:10F66000604711F1680F01D0FFF7B5BF7047D0E8D0
:10F67000AF0F704770B50D46064611F8010BE9F75C
:10F6800017FA044610B12C89E8F7F4FDA87A05F1C1
:10F690000B01E9F70DFA28B16B8A9C4238BF1C4672
:10F6A000E8F7E8FDAB8AA34207D0AB69AC8223B18F
:10F6B00021463046BDE87040184770BD08B50221AC
:10F6C0000C30FDF7FCFB6FF00802034600201A70B7
:10F6D000587008BD10B5144602210C30FDF7EFFB41
:10F6E00023890380002010BD10B5144604210C307E
:10F6F000FDF7E5FB2389038063894380002010BD6B
:10F7000070B51446002500F10C066268EBB29A420F
:10F7100005F1010501D8002070BDA268304632F81D
:10F720001310FDF7E3FBF0E7FFF7EABFF7B5089D1D
:10F7300006460C462F6851B973B900232A46089330
:10F74000E1B23046BC4603B0BDE8F0406047B1F5D9
:10F75000807F28BF0E24F0E7009313462A46B8475F
:10F76000089423462A4621462F68EAE7F0B50D465D
:10F7700087B0114606461A460C9C5DB983B92768C6
:10F78000002322463046BC46E9B20C9307B0BDE8E0
:10F79000F0406047B5F5807F28BF0E252768EFE76A
:10F7A00003A8FDF77BFBBDF81030012B08D8002320
:10F7B00000932246194630462568A84707B0F0BD99
:10F7C000022103A8FDF7B5FB0346BDF8102033F86E
:10F7D000027B0021974228BF1746009722463046F9
:10F7E0002568A847394603A8FDF7A3FBDBE738B532
:10F7F000BDF810401546A2420CD84CB16BB1A41A0A
:10F800008C42A8BF0C46A4B22246591906F040FD0E
:10F81000204638BD6FF00604FAE76FF00D04F7E7F5
:10F8200030B585B0C96814461D46EAF77FFC00B1C3
:10F8300000890223ADF80E00009329462046BDF84A
:10F8400020200DF10E03FFF7D2FF05B030BD1FB52C
:10F850000C461946E36810461C78BDF818203CB1E8
:10F8600010240133069404B0BDE81040FFF7BFBF79
:10F870005B88ADF80E30022300930DF10E03FFF705
:10F88000B6FF04B010BD30B51D46002385B0144648
:10F890008DF80C30EAF72CFC10B1037A8DF80C309F
:10F8A0000123294600932046BDF8202003ABFFF733
:10F8B0009EFF05B030BD38B5154600F10C0404219B
:10F8C0002046FDF7FCFA2B8903806B894380E968A9
:10F8D0000B782BB920464988FDF708FB002038BD7E
:10F8E000102220460131FDF7F0FAF7E70022036805
:10F8F0000BB9184670478B4210D10B6842B9426869
:10F900000360914200D14360002301200B607047E7
:10F9100013604368994208BF4260F5E71A461B68C6
:10F92000E6E710B5EAF73EFB044640B1014611F8A0
:10F93000010BE6F755F9002323606360A36010BD57
:10F9400070B500F1700605463146007AFEF7F5F80D
:10F9500004463146287A1CB1BDE87040FFF7E1BF8C
:10F96000EAF720FB10B104604460846070BD022A95
:10F9700010B508D1002300F170011A46007AEAF7A9
:10F9800053FC022010BDFFF7DBFFFAE72DE9F0473B
:10F9900006460D464FF47020002190461F469DF804
:10F9A00020A0DDF82490EAF777F9044688B1456095
:10F9B00080F811A0C0F81490C760C0F818804A46BB
:10F9C00051463046FFF74EFC054638B92046EAF767
:10F9D0008FF96FF00B052846BDE8F0870022012360
:10F9E0001146EAF789FA2846A56042464946B847D3
:10F9F000054618B12046EAF77BF9ECE72146304688
:10FA0000FFF726FD05460028E5D0F3E7F0B50768C7
:10FA100006463D78144689B035BB7B88B3F5245F34
:10FA200004D01BD8A3F52053032B1DD8ADF80A1022
:10FA3000022220460DF10A0106F06EF848B97B88D3
:10FA4000022220460DF10A01ADF80A3006F064F8F2
:10FA500070B16FF01503C4F85C3106E003F556434E
:10FA6000FF339BB2042B15D90125284609B0F0BD00
:10FA7000009003AA132331467768B847021E02DAC2
:10FA8000C4F85C21F1E703A9204606F045F80028F8
:10FA9000EAD0DEE7ADF80A10022220460DF10A0195
:10FAA00006F03AF80028D4D17B880222ADF80A305B
:10FAB0000DF10A01E8E738B5144600F10C05022102
:10FAC0002846FDF7FCF963890380A1892846FDF7E4
:10FAD0000DFA042104F11000FFF760FD002038BD8D
:10FAE00008B50C3029B10121FFF758FDC04308408B
:10FAF00008BD6FF00101FFF75CFD00F00100F7E7C2
:10FB000010B50446FFF7ECFF38B12146BDE81040C0
:10FB1000012211F8010BEAF74BBB10BD2DE9F041B2
:10FB20009846BDF818300646012B17462ED8434498
:10FB3000012B45462DDCEAF7DBFA044618B9EAF753
:10FB4000D7FA044640B3B8F1000F11D00023217A50
:10FB500021FA03F2D00703D53A78DA40D2071ED54E
:10FB60000133032BF4D13B7803F0070319432172CF
:10FB700006F17001601CFFF727FD337A0121204652
:10FB80002370FFF7BDFF2846BDE8F0816FF0060542
:10FB9000F9E76FF00C05F6E76FF01005F3E76FF08B
:10FBA0001205F0E770B504461546FFF787FC48B12B
:10FBB0002046EAF79DFA28B1037ADB0702D5012136
:10FBC000FFF79EFF85B9207A04F17001EAF7EAF9A0
:10FBD000024648B1014685600423BDE8704011F833
:10FBE000010B0832E5F7EEBF70BD2DE9FF418846F5
:10FBF00016461F46044628B96FF01505284604B07E
:10FC0000BDE8F08102A9FDF77BFC05460028F3D191
:10FC1000204601A9FCF73BFF0198D0B9002002A9BA
:10FC2000EAF788F9044648B9EAF762FA044678B375
:10FC3000002302A900F8013BFFF7C6FCB8F1000F52
:10FC400022D0022269463846B047002808DA054625
:10FC5000D4E70A222946F9F7AFFE0028DED0CBE729
:10FC60009DF800300228237204D000212046FFF7BF
:10FC700047FFC3E79DF801100129F6D8204601F09F
:10FC80000101FFF72DFFB9E72046EAF79FFBB5E733
:10FC90006FF00B05B2E737B504460D46EAF74AF9AF
:10FCA000024698B1037A0C308DF80430FFF7DFFC80
:10FCB00010F0010318BF01238DF80530022301AABB
:10FCC00029462046E5F794FF03B030BD0346F7E729
:10FCD00038B5BDF81010BDF818401046A142059D7A
:10FCE0000CD84CB16DB1641A9C42A8BF1C46A4B29A
:10FCF0002246294406F0CCFA204638BD6FF00604AF
:10FD0000FAE76FF00D04F7E713B5044610B90020C9
:10FD100002B010BD00238DF8043042F603030068E2
:10FD200001A9ADF80630FDF713FC0028EFD1E36818
:10FD300098880028ECD12046EAF7F8FC013080B220
:10FD4000E6E770B5CC681E46A37988B008468DF802
:10FD50000C301546FFF7D8FFADF80D002468237866
:10FD60006BB96388ADF80F30052300933146284600
:10FD7000BDF8302003ABFFF73AFD08B070BD631C3F
:10FD80000DF10F02113453F8041BA34242F8041B77
:10FD9000F9D11323E9E71FB5CDE9012300231A4662
:10FDA0000093EAF7F3FC05B05DF804FBEAF7DEBD6B
:10FDB00038B5044659B100F170052946007AEAF7D2
:10FDC0006BFE2946207ABDE83840FFF764BF38BD96
:10FDD000F8B506460F46EAF7C9F8394604463046F4
:10FDE000FDF7ABFE48B344B304F108056FF0010121
:10FDF0002846FFF7DEFBC20703D539463046EAF74F
:10FE00004BFE6FF002012846FFF7D3FB830703D5B3
:10FE100039463046FFF73FFF2846FFF728FC60B918
:10FE2000234603F8010BC4F80100C3F80300D5E82A
:10FE3000EF3FC5E8E20F002AF9D1F8BD38B5A0F1CF
:10FE40007705441C15F8010C29460C35FFF7C0FF57
:10FE5000A542F7D138BD002313B58DF8043042F622
:10FE60000303044601A90068ADF80630FDF770FBF6
:10FE700018B92046EAF75CFE0446204602B010BDE1
:10FE8000FFF717BA38B54C8AD3070546C4F30E04FA
:10FE900004D514F0950F2AD04B6843B3900704D5CE
:10FEA00014F4957F25D08B681BB3144014F4DE7FC7
:10FEB0000DD0EB7A2BB92846FEF721FBD8B90520E7
:10FEC00038BD14F0300F04D114F4C07F07D10020E6
:10FED000F6E72846FEF76CFB0228F5D8EFE7D5F8E1
:10FEE000A030002BEBD05B7CDB06E8D5EFE70220EF
:10FEF000E6E70320E4E70F20E2E72DE9F041437B4A
:10FF00000646072B0C46154686B040F08580002338
:10FF10008DF8143042F60303206805A9ADF81630B9
:10FF2000FDF716FB90B96768002F75D001232146B5
:10FF3000009004AAB84701286ED19DF8103013F044
:10FF4000300F69D02046EAF7F3FD0446002320680D
:10FF50008DF8143042F6021305A9ADF81630FDF7FE
:10FF6000F7FA18B12046EAF7E3FD0446002742F607
:10FF70000218206802A98DF80870ADF80A80FDF714
:10FF8000E7FAF8B9002320688DF8143042F602131E
:10FF900005A9ADF81630FDF7DBFA00283CD16768FB
:10FFA000002F39D0009002232146304605AAB847D9
:10FFB000022831D1BDF8143005EA0300003818BF1B
:10FFC00001202AE042F60303206803A98DF80C7093
:10FFD000ADF80E30FDF7BCFA0028D3D04FF4205313
:10FFE000206804A98DF81070ADF81230FDF7B0FA52
:10FFF0000028C7D042F60103206805A98DF81470C7
:020000040003F7
:10000000ADF81630FDF7A4FA0028BBD02046EAF779
:100010008FFD04460028ACD1002006B0BDE8F08179
:10002000F8B514460F46942261680646FFF72AFF8A
:1000300020BB012230466168FFF75FFF08B3A28949
:100040001B2130460232FFF70DF90546E0B1A189C8
:100050000C300231FCF733FF20F8027BA289A16843
:1000600006F016F9D4E9041228460123E9F744FF03
:1000700029463046BDE8F840FFF7BBB94FF0FF30E6
:10008000F8BD6FF01500FBE76FF00B00F8E72DE906
:10009000F74F0C9C804691461E460D4641B96BB900
:1000A0002668002322460C93E9B24046B44632E06B
:1000B000B1F5807F28BF0E252668F2E76368002B24
:1000C00059D1013E25896789B6B202F1010A002E95
:1000D00033D099F80010B14228BF3146012907D822
:1000E0000023224604210C9325684046AC4612E0CA
:1000F000BAF80020023993B289B2002B5AD09D423F
:10010000D4F800B001D89F4209D2002322460E2124
:100110004046DC460C9303B0BDE8F04F60472281B7
:1001200040460091224600210AF10203D8470028E8
:1001300040D099F80030B3420BD921464046EAF747
:10014000ADFF002836DA00230C9322460E212568E5
:10015000CBE7238962899A4205D100230C9322467A
:1001600019462568C1E70133238199F80030F61A52
:10017000B6B29A44ABE70096134627682246B847C2
:10018000C0B1238A013B9E4205DA0C952B462246DC
:100190002946266889E7638921461E4440466681D0
:1001A000EAF77CFF002805DA0C952B4622460E2143
:1001B00026687AE703B0BDE8F08F73B504460D46B4
:1001C000F5F780FA29462046FFF75FF9014620B986
:1001D00002B0BDE87040F5F789BA46682046E9F7F5
:1001E00063FEF5F783FA2EB100230E211A4620464E
:1001F0000095B04702B070BD2DE9F0478C68054608
:1002000092469846BDF8209024B154F8147907B16D
:10021000143F0CB9BDE8F087238953450ED16A7AA3
:10022000A37B9A420AD34B4642462146284626687B
:10023000B04718B921462846EAF776FF2FB1796909
:1002400001B114393C460F46E3E73946FAE7F7B502
:100250000D46044616461F46E9F78CFF014628B1B5
:1002600033462A4620460097FFF7C6FF03B0F0BD8D
:10027000F0B587B005460E461746E9F77BFF044602
:1002800040B13A46314603A8FCF708FEBDF81030ED
:10029000042B01D807B0F0BD042103A8FCF749FEE8
:1002A000BDF8101046880288B142F3D32146031DE1
:1002B00000962846FFF7A0FF314603A8FCF739FE59
:1002C000E4E72DE9F04105468846E9F711FF0446C9
:1002D000E0B1037ADB0719D500F10C073846FFF7C8
:1002E000C6F910F0010611D1B8F1000F0FD06FF070
:1002F00002013846FFF75DF910F0020F284609D0D9
:10030000FFF7DEF801212046FFF7FAFB0126304611
:10031000BDE8F081FFF7D2F80028F8D02846FFF7B3
:10032000E4F80028F3D06FF002013846FFF741F9F6
:100330002846E5E7012070470120704713B5C068E3
:10034000144668B100238DF804304FF4C05301A95E
:10035000ADF80630FDF7FCF810B9236801332360CF
:10036000012002B010BD0720704708B50621FEF736
:10037000EBFA00B1EC3808BDD0E8AF0F084100F04F
:100380000100704738B50A46034609B9012038BD57
:10039000488A10F0240FF9D0197D5D7B147CA942A6
:1003A00028BF29468C4201D90020F0E7800607D4F7
:1003B000517CC9070BD4187A003818BF0120E6E732
:1003C0000521181DFFF7D8FF0028F1D1ECE7197AB5
:1003D0000029E9D00521181DFFF7CEFF18B9197AB9
:1003E00001390129E0D9527CD207CFD4E3E70123B8
:1003F0008B40DB43D0E8EF2F1A40C0E8E12F002903
:10040000F8D1704707207047002370B51A4604469C
:10041000EC300D46FEF725FA20B12846BDE87040C5
:10042000E4F7ECBF04F59C704FF47022BDE8704017
:100430000023F4F711BF01238B40D0E8EF2F1A43BC
:10044000C0E8E12F0029F8D1704708B50E21FFF769
:10045000F2FF002008BD38B505460B4604300D21DB
:10046000FFF78AFFA0B1DC68D5F8EC300220197ADA
:1004700003F1700200F0ABFB80B1224600F12E03C5
:1004800004F1100152F8040B8A4243F8040BF9D12D
:1004900028460921FFF7CFFF002038BD0820FCE7E0
:1004A00070B5051D0E4628460421FFF765FF68B1AB
:1004B0000022002100230846E8F7CAFC044640B9A0
:1004C00004212846FFF7B7FF204670BD4FF4702285
:1004D000EFE701210C30FCF7F2FC0670F4E738B5C9
:1004E00004210446FFF7DCFF054698B110210C30CB
:1004F000FCF7E5FC04F1270304F1370253F8041B71
:10050000934240F8041BF9D120462946FFF77CFFAF
:10051000002038BD0820FCE72DE9F047044690B0E4
:100520000CAD10220021284605F0D8FE237A052BB9
:100530001ED8DFE803F0060303061D21D4F8D830E7
:100540000C93D4F8EC3004F1470204F1C707CDE96D
:10055000017204F1370803F17E0204F127090092C9
:1005600041464A46773304F19700ECF7DFF898B13B
:10057000082010B0BDE8F087D4F8E430002BE0D0BC
:100580002E4603F11007324618685968083303C233
:10059000BB421646F7D1D4E7D4F8EC3008AE03F1ED
:1005A00077027E33019304F11103029200934246D5
:1005B0002B4649463846039600F075FB0028D7D1F4
:1005C000237A052B0FD1D4F8E010002948D00B4630
:1005D000AC4601F1100E624618685968083303C230
:1005E00073459446F7D1D4F8EC300DF1100A03F1BD
:1005F0007E027733019304F10A03029200934A4684
:100600002B4641463846CDF80CA000F04CFB0028A4
:10061000AED11022514604F1B70005F06EFE20BBAA
:100620000D212046FFF73CFF07460028A0D01021EF
:100630000C30FCF744FC32460346164603CEAE426D
:1006400018605960324603F10803F6D13946204656
:10065000FFF7DAFE201D0121FFF7EDFE002088E7FD
:100660001022284605F03AFEBDE70B2081E770B561
:10067000D0F8EC300446DB78012B19D1CD68061D8B
:1006800010213046FFF7B3FE2B4604F1B70205F107
:10069000100153F8040B8B4242F8040BF9D10721E7
:1006A0003046FFF769FE28B109213046FFF7C3FE47
:1006B000002070BD0A213046FFF75EFE0028F3D10E
:1006C0002046BDE87040FFF727BF70B5061DCD6816
:1006D00004460B213046FFF78AFE2B4604F1170231
:1006E00005F1100153F8040B8B4242F8040BF9D1C9
:1006F000237A012B09D0022B13D120460421FFF7C6
:100700009AFEBDE87040EBF757B80A213046FFF774
:1007100033FE0028F1D030460021FFF78CFE002088
:1007200070BD0820FCE707207047072070470720AE
:100730007047012303FA01F1CA4330B5D0E8EF3F17
:1007400003EA0204C0E8E54F002DF7D101EA0300F7
:10075000003818BF012030BD38B504460025031D00
:10076000D3E8EF2FC3E8E15F0029F9D104F59C70CD
:1007700004F0E3FC2572D4E8EF3FC4E8E25F002A0E
:10078000F9D12046BDE838400121FFF754BE70B5CD
:1007900000F1700605460C4607223046096805F050
:1007A000ACFDB8B963681A682A679A88A5F87420FE
:1007B0009B7985F87630D5F8A0305BB1A26893427A
:1007C00008D062681168C3F801109188A3F8051079
:1007D0009279DA7170BD2DE9F84FDDF82C8004466E
:1007E00092461F46BDF82890FFF7BFFD054600283A
:1007F0005CD0061DB9F1000F27D15AEA070324D1B6
:1008000003213046FFF7B8FDF8B101213046FFF76C
:10081000B3FDD0B12C7D6B7B05F147019C4228BF15
:100820001C462246404605F033FD0F2C06D84946AB
:10083000C4F1100208EB040005F050FD3046012120
:10084000FFF7F9FD0120BDE8F88FD4F8A03083B997
:1008500004F1700B5A462020217AEBF7F3FDC4F81F
:10086000A00030B95A460120217AEBF7EBFDC4F81D
:10087000A000B9F1000F0CD15AEA070709D1D4F84A
:10088000A01031B14B8A9B0603D50C7C1E31224649
:10089000C8E70F213046FFF76FFD20B10222062185
:1008A0002046E8F7A3F82846FFF756FF0020CAE7DE
:1008B0006FF085007047F8B5031D06460F461846D1
:1008C0000221FFF759FD044620B1B6F8E840B4FA1A
:1008D00084F4640903211846FFF74EFD58B13946E8
:1008E0003046EBF7B1FA052194B1D6F8EC00FDF7EC
:1008F000E6FD0020F8BD01211846FFF73DFD002868
:10090000EDD10F211846FFF737FD0028E7D1EAE7C0
:100910003046FFF7C5FD054688B101210C30FCF7D4
:10092000CEFA234607702246294606F1EC00FDF771
:1009300098FF0028DDD02846E4F760FDD9E76FF086
:100940006800D7E770B504460820EAF7FBFD0546C6
:10095000E0B1061D08213046FFF749FDBCB3072171
:10096000FFF745FD234605F1970204F1200153F8F6
:10097000040B8B4242F8040BF9D10A213046FFF7F1
:10098000FBFC70B109213046FFF755FD0720EAF75F
:10099000D9FD0446E8B1EAF731FED0B1082120467E
:1009A00012E010213046FFF7E7FC09210028EAD1C8
:1009B0003046FFF7E1FC0028E8D02846FFF7ACFD01
:1009C00001460028E2D02846FFF775FFDEE70B213D
:1009D000F9E770BD2DE9F0410E460446D0F8EC80F1
:1009E000EAF7CAFDF768261D05460A213046FFF7DB
:1009F000A0FE38B16DB920463978EBF725FA002012
:100A0000BDE8F0810B213046FFF793FE0028F1D1BD
:100A1000F1E72B69002BEED040469847EBE770B525
:100A20000446A0F1EC0650F84C3BE83CD3F8A0504B
:100A300004F083FB03212046FFF79EFCA0B10821B0
:100A40003046EBF701FA3DB16B8A13B16B7C9B0723
:100A500002D5284600F0CFF83046BDE870404FF48C
:100A6000B872002105F03ABC01212046FFF784FC52
:100A70000028E4D10F212046FFF77EFC0028DED1BC
:100A8000E1E710B504460821A0F59C70EBF7DCF90E
:100A9000A4F59A700421BDE81040FFF7CCBC70B5F6
:100AA0000446FFF762FC0546002875D0061D0321A9
:100AB0003046FFF761FC00286ED0D4F8A00008B1E2
:100AC00000F099F8207A04F17001EBF7E3FBC4F829
:100AD000A00028B92846BDE870400821FFF7EBBE0A
:100AE0000E213046FFF748FC28B1D4F8A020537CF3
:100AF00043F0020353742B7A032B0DD8002B4CD1F7
:100B0000D4F8A020537C23F020035374D4F8A02001
:100B1000537C23F001030DE0053B012BF0D8D4F802
:100B2000A020537C43F020035374D4F8A020537CBE
:100B300043F0010353742B7D697BD4F8A0208B42D2
:100B400028BF0B46304613740521FFF715FCD4F877
:100B5000A020537C40B343F010030D213046537462
:100B6000FFF70AFCC0B12021D4F8A00000F03FF844
:100B7000D4F8A03005F147021E33573552F8041B54
:100B8000AA4243F8041BF9D10023D4F8A0205361F2
:100B90009361D4F8A020938370BD05213046FFF700
:100BA000EBFB0028ACD0C0E723F010035374F3E74D
:100BB000072208B505F0A1FBB0FA80F0400908BD96
:100BC000437C5B0602D40121E6F7D0B8704770B5CC
:100BD00004460D461646EBF735FC38B93146284633
:100BE000EBF758FB10B1438A1C43448270BD438A23
:100BF00019434182704710B5037A04465B0701D55B
:100C0000E6F786F9214611F8010BE5F789F8204649
:100C1000BDE810404822002105F060BB02460146B5
:100C20003C2311F8010B0C32E5F76CB8531E194444
:100C3000024411F8013900F8013B9042F9D17047A4
:100C400010B5431E00F11002073013F8011F12F80F
:100C5000014D83421C701170F7D110BDF0B50E46E6
:100C600014461D4697B00146202205A81C9FFFF799
:100C7000DDFF202231460DA8FFF7D8FF21461022C4
:100C800001A88DF85450FFF7D1FF3B46412205A93A
:100C900001A8EBF7E1FD044610B93846FFF7D0FF95
:100CA000204617B0F0BD2DE9F04316461D4697B01B
:100CB0000446DDE91F98102205A8219FFFF7B6FF23
:100CC0001022314609A8FFF7B1FF102229460DA8CE
:100CD000FFF7ACFF03221E9911A8FFF7A7FF4946B3
:100CE00011F8013BD9F801008DF847308B880622B6
:100CF000129012A8ADF84C30FFF798FF414611F85A
:100D0000013B06228DF84E30D8F801300DF14F002E
:100D1000CDF84F308B88ADF85330FFF787FF214671
:100D2000102201A8FFF782FF3B46412205A901A836
:100D3000EBF792FD044610B93846FFF781FF2046D5
:100D400017B0BDE8F08308B5EEF746FA002818BFE3
:100D50006FF00D0008BD1FB5012001A9E2F7CEFF1D
:100D600018B1002005B05DF804FB019802A9EEF768
:100D7000DDF90028F5D19DF80830032B05D09DF84A
:100D80000B00431E58425841ECE70120EAE713B537
:100D9000012001A9E2F7B2FF58B9012201981146DA
:100DA00001F097F804460198FBF74DFC204602B08D
:100DB00010BD6FF00404F9E720387047006928304F
:100DC000F3F7A4BFF8B504260D4607693744384643
:100DD0002A8AE968FAF7C0FD10F10C0F044603D027
:100DE000002807DA2046F8BD4B2003F0E2FE013E62
:100DF000EDD1F7E72846E4F701FB0024F2E738B528
:100E0000046900200D46EBF76DFFB0B9A06BFAF74F
:100E10005CFD10B110F1780F0FD1A06B04F10C0242
:100E2000211DFAF76EFD40B94FF48032002304F122
:100E30002800F3F79FFF00B9256038BD10B504699D
:100E4000201DFAF772FD034648B9A06BFAF74BFD77
:100E5000034620B900F005F8034600B920601846A3
:100E600010BD08B50020E4F78DFB002008BD0C2262
:100E70000369C9B202FB0133986F00F007007047A5
:100E800070B50346C9B20069EFF31186202484F3DC
:100E90001288BFF36F8F0C2505FB0104A46F14F0BB
:100EA000C00401D0A24210D1012205FB01008267DB
:100EB000002086F31188BFF36F8F28B95B6803EBBE
:100EC000C1035B689847002070BD4FF0FF30F0E72A
:100ED0008022FFF7D5BFF8B5069F05460469C9B261
:100EE000EFF3118C202080F31288BFF36F8F0C2654
:100EF00006FB0146B06F00F0070EBEF1010F11D1E5
:100F0000B76700268CF31188BFF36F8F46B90C20AA
:100F100000FB0144C4E91C236B6853F83130984747
:100F20003046F8BD00F0C00087420CBF6FF0770676
:100F30004FF0FF36E6E713B580240094FFF7CBFFB0
:100F400002B010BD10B41C240069CBB204FB030036
:100F500000215DF8044B1047032001F06BB802201C
:100F600001F068B8032001F074B8022001F071B8F4
:100F70001046F3F7CBBE01F0F5B8EEF79FBB0020AB
:100F8000704708461146E5F7D1BB002208B5114667
:100F90001046F6F793FF002818BF6FF0150008BD44
:100FA000F7B54FF480630F4616460024A64203D8D7
:100FB00016D0162003B0F0BD351BB5F5806F28BFE5
:100FC0001D4600202A4601AB3919F7F709F820B968
:100FD000019BAB4201D11C44E8E76FF01500E9E743
:100FE0000020E7E72DE9F3411C4600239046826884
:100FF0002360A3600D465369694601AA9847019B87
:101000005A1E019223B96FF0150002B0BDE8F081BD
:101010000098A26847682168676085B9A8EB020359
:101020000668B34228BF334603FB07111A44216008
:10103000A26002689A4206D808300090DFE76B1A77
:10104000B3FBF7F3ECE70020DFE713460022FFF7DE
:10105000C9BF2DE9F0470024836886B088469146D1
:101060005B6902AA01A99847A2462546029BAB42AA
:1010700002D806B0BDE8F0870026019F07EBC50740
:101080007B6804933A680AEB0603B24202D89A4698
:101090000135EBE749460394059303A8C0470028B0
:1010A000E7D0049B01361C44ECE74FF47F03D3F8F0
:1010B0003021D3F83401072A05D10238022894BF21
:1010C000002001207047002070474FF0502102237C
:1010D00010B5C1F8B8350469FFF7E7FF28B194F8F7
:1010E000283003F00303C1F8583510BD4FF4000257
:1010F00000230020C1E90023704718B901F1100056
:10110000F3F704BE704737B50D4638B34168F9B1FF
:10111000D1E900138468ECB1D4E90024DCB1D3B187
:101120009C421BD10133092B18D88DF8013040F2B5
:101130000113ADF80230002300788DF804308DF8EB
:10114000000068468DF80550EFF78EF803B030BD0B
:101150000B46DFE7224601332344E4E76FF0150036
:10116000F4E71FB5002188420CBF0623042301A821
:10117000CDE9011103918DF80430FFF7C4FF002879
:1011800018BF6FF0040005B05DF804FB7FB5FF23C6
:101190008DF803300DF10303002101930123CDE904
:1011A0000231052303A88DF80C3001AB049105939F
:1011B000FFF7A9FF0028A8BF9DF8030007B05DF85E
:1011C00004FB31B94FF0FF324FF0FF331030F3F72B
:1011D000D1BD704713B501AA044600F003FC0028F6
:1011E00005DB019B226819791868ECF7C9FB02B08E
:1011F00010BD4FF0FF324FF0FF33F3F7BBBD38B5F2
:101200000446026902F12003D3E8EF5F013DC3E821
:10121000E15F0029F8D1536A3BB9FFF756FF0DB9DA
:10122000EFF7E2F82046FBF7C7F92069BDE8384040
:10123000F3F76CBD08B50146FFF737FF50B14FF02B
:101240005022D2F8583503F0030381F828300123E7
:10125000C2F858354FF050230022C3F8B8250720B4
:10126000BDE8084003F0A5BC38B50446056905F1A2
:101270002003D3E8EF1F0131C3E8E21F002AF8D1B1
:101280002069FFF7B6FF6B6A3BB92069FFF7D2FF11
:101290002046BDE83840FBF784B938BD2DE9F84356
:1012A0000D46074616464168C5F30B03002A60D079
:1012B000C2F30B0252EA03045BD1002D59DBCB6A67
:1012C000AA199A4255D8FFF7CFFF2046D7F80480D5
:1012D000FFF747FF002849D1D8F82C30B34226D178
:1012E00001F020FBB146044621463869FFF769FF4B
:1012F00084B94D44A6EB090600214FF4A47004F014
:1013000007F8FFF743FF041E04DB14F00104F3D1D8
:10131000002EE1D10120FFF724FF002C14BF254649
:1013200005463846FFF76BFF2846BDE8F883B6F55B
:10133000803F09D3ABB253B929460120EFF76EF8CD
:101340004FF480390446CFE7B6F5805F09D3C5F383
:101350000B0030B92946EFF761F84FF48059044685
:10136000C2E74FF000096FF01504BDE76FF0040508
:10137000D7E76FF01505D7E72DE9F0430E4607468E
:101380001D469046416891B0002A6AD0002B68D073
:10139000042B01D9AB0764D116F0030461D1002EF0
:1013A0005FDBCA6A731993425BD83846FFF75CFF6C
:1013B0002046FFF7D6FE002850D1032D1AD804216D
:1013C0003246684601F0ABFA044601463869FFF739
:1013D000F8FE8CBB2A464146684604F059FF324667
:1013E0000421684601F098FA044601463869FFF77F
:1013F000E8FE21E008F06043B3F1005F02D118F08D
:10140000030F27D0402DA94628BF4FF04009414681
:101410004A46684604F03CFF49463246684601F0B9
:101420007BFA044601463869FFF7CBFE24B9B5EBD9
:101430000905C8444E44E5D10120FFF792FE054658
:101440003846FFF7DCFE002C18BF2546284611B0B1
:10145000BDE8F083324629464046C3E76FF00404F6
:10146000EAE76FF01505F1E72DE9F04F824688466F
:101470001C46174685B0002A7FD0002B77D0002964
:101480007BDB4268CB18D26A934276D8C8F100055C
:1014900005F00305FFF7E8FEA54228BF25467B427D
:1014A00003F0030307F0030658BF5E42764206F0DE
:1014B0000306A64228BF2646631BA41B24F0030490
:1014C00023F00309A145C8BFA14603F0030BC8BF21
:1014D000A3EB040BB9F1000F16D0BB19494618460F
:1014E00008EB0502019301F01AFA04460146DAF806
:1014F0001000FFF766FEBCBBB54205D0019B4A4613
:101500001946781904F0D1FEADB102ABC5F104065D
:1015100004211846A8EB060201F001FA0446014630
:10152000DAF81000FFF74DFEF4B902AB2A46384650
:10153000991904F0ADFEBBF1000F1CD0082108EB97
:1015400005020DEB01004A4401F0E9F904460146A9
:10155000DAF81000FFF735FE34B909EB05005A46FA
:1015600002A9384404F094FE5046FFF748FE204696
:1015700005B0BDE8F08F5C46F6E76FF01504F6E7BE
:1015800010B50C4601F091F80023C4E90003184699
:1015900010BD38B505460C4601F087F8002D07DB75
:1015A000A84205D9401B84428CBF0020012038BDD1
:1015B0000020FCE770B50D461946284616461C4625
:1015C000FFF7E7FF38B124B122462946304604F040
:1015D0005FFE002070BD6FF01500FBE74368002040
:1015E0005B681B690B607047436802EA01005B6837
:1015F00021EA020198600020D9607047436800200A
:101600005B6899607047436800205B68D9607047E9
:1016100043685B685A6821EA020011409860002024
:10162000D960704730B50369586800B30024884218
:1016300019D108688CB99C685860A14200D19860A3
:10164000002008602AB15A680A609A68596002B995
:10165000996000200FE02846E9E720609868814201
:1016600008BF9C60ECE705680446002DF3D1002A12
:10167000E9D16FF0150030BD00207047EEF75CB97E
:10168000082913B528BF08214FF47F020C46D2F871
:101690000432D2F808221BBA12BA00920A466946EE
:1016A000019304F0F5FD204602B010BD4FF0502329
:1016B0004FF0FF320020C3F800247047034670B497
:1016C0000C46DA88006819792243012405698C40A8
:1016D0002B6812F0010F866814BF2343A3432B60CD
:1016E000336870BC1847034637B500681C79056934
:1016F000836801A95B68984740B92B6801985840F6
:101700000123A3401840003818BF012003B030BDAA
:1017100070B54FF4004C0C4651F8043C40F2E730F1
:1017200000215B684FF47A721D680023E5FB0C0111
:10173000DFF736FD02460B4604F11400BDE87040A9
:10174000F3F78ABD2DE9F8430D464468036929B1D2
:10175000012926D06FF08500BDE8F8830122D3E887
:10176000EF1FC3E8E02F0028F9D10C276368AB42D4
:1017700001DC0020F0E7A668237D07FB056643B186
:10178000617D21B93046FFF799FF0028E4D101358A
:10179000ECE74FF400113046EBF7E6FF0028EFDAF4
:1017A000DAE70025E668D3E8EF2FC3E8E15F002918
:1017B000F9D10C2706F1100863689D42D9DAA368B5
:1017C00007FB0539637D83B1237DB3B94846FFF735
:1017D0008AFF48236B434FF0E86108F8030048464E
:1017E000EBF7C2FF00281DDAB6E74FF48031484618
:1017F000FFF764FF0028E7D0AEE74FF4004E40F259
:10180000E7304FF0000C21684FF47A72E1FB0E0CC8
:1018100000236146DFF7C4FC02460B4606F11800C0
:10182000F3F71AFD0135C7E773B5456828688842A4
:1018300006D9D31804D24FF47A74A3FB040313B16E
:101840006FF0150010E0A2FB0432002AF8D16D6899
:101850000E0105EB01118A8963430092496804FB7C
:1018600000F2A859E0F77CF802B070BD2DE9F34111
:10187000436815461A688A4217D95F68642207EBE5
:101880000114A66800234FEA0118A6FB0501DFF743
:1018900087FCA289034600926168324657F8080027
:1018A000E0F75EF802B0BDE8F0816FF01500F9E7EF
:1018B00070B50D460024466833689C4201D3002071
:1018C00070BD726823012946D058E2F7D1F901347E
:1018D000F2E738B545682B687BB96FF0120038BD68
:1018E0006A682301D05803F080F90028F5D001344C
:1018F0002B689C42F4DB0020F1E70024F8E730B4C9
:1019000051F820500C4601EB80023DB10146AC4637
:10191000D4F88000002330BC126C604730BC7047A4
:1019200010B500690F299FBF00EB810440F821200A
:101930002364002088BF6FF0150010BD00207047A1
:10194000102070470F290ED843685B68CB40DB0737
:1019500009D501228B00DBB203F1A04303F5283344
:1019600000201A6070476FF01500704738B50F29D6
:101970000C46056933D843681B68CB40DB072ED57E
:10198000D5F8841021FA04F303F001031AB99BB9C6
:101990006FF0770022E0002BFAD111B92A20E3F78B
:1019A00057F80122D5F88430A2401343C5F884309B
:1019B000E0B2EEF7D9F80AE0E0B2EEF7DDF8012286
:1019C000D5F88430A24023EA0203C5F88430D5F864
:1019D000843013B92A20E3F749F8002038BD6FF0AE
:1019E0001500FBE730B543681360057A446804EBE3
:1019F000C504A34202D36FF0010030BD5C79083307
:101A00008C42F1D10020F8E77047436800205B6BFF
:101A1000C2E9003070472DE9F341BDF820C0032929
:101A20000646476804690CF0010C59D80125B87DB9
:101A30008D40012804BF5B085208002B53D093420D
:101A400054D2A069824211D0207FA84348D1964643
:101A5000BEF5004F3FD2A2616077226897F81680EA
:101A6000C2F80C05C2F80485C2F808E54FF0010E73
:101A7000627F23FA02F292B270688CF00108006A69
:101A800042EAC83220F81120EDB2BEF1000F39D180
:101A9000226801F5AC7152F82120002A0CDB003BD2
:101AA00018BF01236345019201A824D1ECF724F863
:101AB0000123019A9340C360217F21EA0501217728
:101AC00021B3A37F5BBB10230122204607F1200135
:101AD00000F078FE1FE0013008284FEA5E0EB7D113
:101AE0006FF0150018E09E461A46C5E74FF0000E4D
:101AF00047F6FF72C0E7EBF7FFFF0123019A93401F
:101B00008360D9E7237F1D432577DAE7306900F04A
:101B100092FE0123A377002002B0BDE8F0810023EC
:101B2000A377204600F0A1FE0028FAD0CBE713B53A
:101B300001AA0446FFF756FF002805DB019B226837
:101B400019791868EBF71CFF02B010BD012973B5B5
:101B5000044632D1436800210569186BFFF7E7FF9F
:101B600000210E462B6806F5AC7253F82230002B8C
:101B70000DDB01A80193EBF7BFFF019A4368D34047
:101B800013F001031CBF0123B3400B43D9B201364C
:101B9000042EE7D1002201256368186A05FA02F3D2
:101BA0000B40B3FA83F35B09DB0320F812300132F8
:101BB000042AF1D1002002B070BD91B904694568D2
:101BC000204600F038FE204600F04FFE0028FAD0F4
:101BD0000023A361A383A3770121286BFFF7A7FF4D
:101BE000E8E76FF08500E6E7002200F150039B0074
:101BF0009BB203F1502303F580331A601B687047D2
:101C000008B5ECF719F808BD08B5006990F8383048
:101C1000994207D290F839303BB1C9B2EEF792FC45
:101C2000002008BD6FF01500FBE76FF00A00F8E731
:101C30001FB5002304690393636B8A07029301F0C5
:101C40000103C3F1410358BF43F00803204601A933
:101C5000019300F0ABFE002806DB204600F0B5FE45
:101C60000123002084F8393004B010BD10B5046998
:101C70002046EEF771FC002819DB4FF0FF324FF0E1
:101C8000FF3304F13C00F3F775F8204600F0C3FE83
:101C900000231A4694F8380004F11001984202DC3F
:101CA0000020228710BD41F8042F0133F6E76FF0C2
:101CB0000D00F7E702207047E6F7F6BBE6F7F4BB46
:101CC000E6F7F2BBE6F7F0BB10B5044688B0E6F7DE
:101CD000EBFB2046FCF79AFC1E226946ECF7E2FA81
:101CE00013212046FCF7EBFB08B010BD10B50446ED
:101CF00088B0E6F7D9FB2046FCF788FC1E2269462F
:101D0000ECF7D0FA08B010BD10B5044688B0E6F77D
:101D1000CBFB2046FCF77AFC1E226946ECF7C2FAA0
:101D200008B010BD10B588B00446E4F78FFD20B9A7
:101D30001E2269462046ECF7B5FA08B010BDE6F75A
:101D4000B3BB08B50020ECF75BFC01460120ECF7C3
:101D500057FC084408BD0220704770B5C2B001AB03
:101D600004460E46154618464FF48272002104F0D0
:101D7000B5FA042202707B22014602810673457384
:101D80002046ECF7D3FD42B070BD08B5EDF772F90F
:101D9000002008BD08B5F5F711F848B1002383F31A
:101DA0001188BFF36F8F0423184602DF6FF0040021
:101DB00008BDF5F7D7BF8068183820F00700103845
:101DC000704738B515460C4661B15AB1FAF77FFC39
:101DD0002146254411F8013B834203D1A942F9D1A0
:101DE000012038BD0020FCE738B50C460123114620
:101DF00022460546FAF728FC00280FDB012221467F
:101E00002846FFF7DEFF18B103230020237038BDFA
:101E10002378012B14BF02230123F6E70120F6E704
:101E20002DE9F3471D4606460F469046FAF746FC55
:101E30006C1E044440420440082C01D9FAF7B6FF56
:101E40003046FAF744FC82462A464146684604F08A
:101E50001FFA5146621B0DEB050004F03FFA2346C2
:101E60006A4639463046FAF704FC003818BF0120AC
:101E700002B0BDE8F08707B501238DF8042001AA60
:101E8000FFF7CEFF03B05DF804FB8168012218392B
:101E900021F00701FFF7EFBF8268183A22F007022E
:101EA000FFF7A2BF0E2A13B5044601D9FAF77EFF49
:101EB0000E29FBD841EA02118DF80710FFF77BFFCE
:101EC000012301460DF107022046FFF7A9FF02B0EA
:101ED00010BD73B50E46694604461546EDF726F962
:101EE00020BB9DF80030022B22D0032B0BD0012BFE
:101EF00020D136B19DF80330032B02D12046FFF7E5
:101F0000C4FF02B070BD002EFBD12046EDF7ECF807
:101F100060B935B9A91C00222046C9B2FFF7C2FF3B
:101F2000EFE72046FFF7B1FF0028F3D00120E8E7F4
:101F3000F01CE6E7FAF73AFF4FF47F03D3F83021BD
:101F4000D3F83401022808BF072A0CBF0120002063
:101F5000704703460020184702F02BBE024610B51A
:101F6000116891B1B1FA81F3C3F11F0001238340DD
:101F700021EA0303D2E8EF4F8C4204D1C2E8EC3FE0
:101F8000BCF1000FF6D1EBD110BD6FF00B00FBE7F9
:101F900010B50368CB40DB0710D401238B400268E7
:101FA00043EA0201D0E8EF4F944204D1C0E8EC1FAD
:101FB000BCF1000FF6D1F2D1002010BD6FF015007A
:101FC000FBE72DE9F04116461F464FF0010800F1EE
:101FD00060404C1E0444050B240BA54201D9BDE80A
:101FE000F08105F00F01C5F30710324608FA01F140
:101FF000B8470135F1E770B5D0F880300646002BC0
:102000000C46154613DBD1F88030002B0FDB002186
:102010000846EDF7FDF948B92B7843F00043C6F8C0
:1020200080302B7843F00043C4F8803070BD6FF0EF
:102030001500FBE703280BD8DFE800F002040608D0
:10204000EDF73CBBEDF768BAEDF7F0BAEDF7A6BADD
:10205000704703280BD8DFE800F00402060800F000
:102060002EB800F07FB800F062B800F044B87047B6
:1020700008B5EDF76DFAEDF765FBEDF7F5FABDE89C
:102080000840EDF7A9BA38B54FF050240123C4F841
:1020900008336360002342F21075C4F80031D4F8AD
:1020A0000031D4F80C24D4F80C34D20306D5DB0765
:1020B00004D50120FFF750FF013DF2D138BDFFF7F5
:1020C000E2BF38B54FF050244FF48073C4F80833A2
:1020D0000123E361002342F21075C4F82031D4F8E3
:1020E0002031D4F85434DB0304D50120FFF734FF4A
:1020F000013DF6D138BDFFF7E4BF38B54FF05024AD
:102100004FF40073C4F8083301236362002342F2E2
:102110001075C4F82431D4F82431D4F85C34DB03CE
:1021200004D50120FFF718FF013DF6D138BDFFF7B8
:10213000E4BF38B54FF050240223C4F8083301231C
:10214000E360002342F21075C4F80431D4F804317E
:10215000D4F81834DB0304D50120FFF7FDFE013D60
:10216000F6D138BDFFF7E5BFF7B51646DDE90847FC
:10217000019001A81D46EDF71FFB019BB6F1000C75
:1021800018BF4FF0010C00EB83000B1E18BF01239A
:10219000002D43EA4C030CBF4FF0000C4FF00C0C29
:1021A000002C43EA0C030CBF4FF0000C4FF4706C92
:1021B000002F43EA0C030CBF4FF0000C4FF4403CDF
:1021C000D0F8002243EA0C0322EA030301B10978A4
:1021D0000EB13678760019430DB12D78AD0031433C
:1021E0000CB12478240229430FB13F783F040C43FB
:1021F0003C43C0F8004203B0F0BD1FB50DF10F0322
:10220000019300238DF80F101A4619460093FFF72B
:10221000ABFF05B05DF804FB10B504460846EDF7CA
:10222000DDFA04EB4004207DC0F3401010BD10B572
:1022300004460846EDF7D2FA04EB4004207DC0F3D3
:10224000400010BD10B504460846EDF7C7FA04EB90
:102250004004A08A400B10BD70B5044608461646DF
:10226000EDF7BCFA083034F810300D46DA0509D520
:10227000C3F3432304EBC3023146284654F83330FA
:1022800052689847A3682BB131462846E268BDE8FA
:102290007040184770BD10B504460846EDF79EFA29
:1022A00004EB4000838ADA051DD5C3F3432123F4F0
:1022B000F853838204F1120204F1720032F8023FF3
:1022C00013F4807F03D0C3F3432399420BD082429F
:1022D000F4D1002204EBC1035A6004F17800BDE898
:1022E0001040FFF755BE10BDF0B504460020012791
:1022F0000546844695420AD1D4F87C3133B1002397
:10230000C4F87C31D4F87C3140F00040F0BDEBB231
:102310009B0003F580769B0807FA03F3194208D067
:1023200054F806E0BEF1000F03D044F806C0A659E9
:1023300018430135DEE738B504460D46FFF76CFF5C
:10234000A8B12046FFF773FF88B92046FFF77AFF50
:10235000012322688340C2F80833236803EB80001E
:10236000D0F8103523F00303C0F8103538BD2846E7
:10237000BDE838400021FFF740BF2DE9F043174684
:10238000044685B00846EDF729FAD7F800800E46D6
:102390000546B8F1000F1ED02046FFF748FF18B1E0
:1023A0002046FFF739FF20BB00230DF10F02CDE9D6
:1023B00000338DF80E308DF80F30304643460DF166
:1023C0000E01FFF7D1FE04EB4502938A23F00203CE
:1023D00043F0010393827B689BB33146204693F818
:1023E0000080D3F80490FFF722FF28B1B9F1000F65
:1023F0001FD06FF0150027E004EB4500838A23F41B
:10240000604323F020038382B9F1000F11D0B8F1AB
:10241000030FEED87B6821685B6893F800C04FEA31
:102420008C031944B8F1000F11D1C1F81085C1F81F
:10243000108504EB4502938A23F01C0343EA8803CA
:102440009382BB6843BB002005B0BDE8F083D1F8A0
:10245000102522F00302C1F8102522681344D3F896
:10246000102522F44F3222F44072C3F810253202B4
:10247000D3F8101502F47C5242EA08420A43C3F82A
:10248000102504EB4C03A3F87C60838A43EA4C33A9
:1024900043F020038382CCE73146D3E9007820461D
:1024A000FFF7F9FE002FCED063689F4206D004F1FB
:1024B0007800FFF753FD002804DAC5E7A3689845C4
:1024C000F5D1002004EBC003C3E9017804EB450516
:1024D000AB8AC0B243EA402343F48073AB82B2E7D5
:1024E0002DE9F043054685B0084616461F46EDF730
:1024F00075F90C46804626B32846FFF798FE18B9B2
:102500002846FFF789FE18BB05EB4809B9F81430D7
:1025100003F01C0313B17378012B19D001238DF83C
:102520000F3000232046CDE90063721CB31C0DF16F
:102530000F01FFF719FEB9F8143043F00303A9F8AF
:102540001430002F3FD021462846FFF770FE20B9F7
:102550006FF0150005B0BDE8F08300223E782B68CF
:102560004FEA860C03EB8603C3F81025C3F8102549
:1025700005EB4802938A23F4604323F020039382FF
:10258000787800B32968BF786144D1F81035000429
:1025900023F4991323F4F853C1F81035230200F4FF
:1025A000403003F47C5303433805D1F8105500F450
:1025B000801003432B43C1F81035938A43EA463316
:1025C00043F0200393820020C4E7C0E90312704760
:1025D00070B504461546FFF71FFE48B10846EDF7F3
:1025E000FDF804EB40040020A38A5B0B2B7070BD48
:1025F0006FF01500FBE790F88C00003818BF012041
:102600007047EDF711B92DE9F34104461746FFF77E
:1026100003FE0D462668F0B12046FFF708FE80460F
:10262000C8B92046FFF70EFE820002F5807346F817
:102630000380F35823681344D3F8102542F00102B5
:10264000C3F8102527B1012322688340C2F8043360
:1026500002B0BDE8F081D6F804332846002BA4BFB1
:102660004FF00043C6F80433EDF7B8F804EB40042C
:10267000A38AC3F38203042B11D0052B11D001A828
:102680000195EDF799F8019B0169D94001F001012D
:102690000231284602B0BDE8F041FFF7AEBD03218C
:1026A000F7E70221F5E7FFF746BE4FF480107047C9
:1026B0004FF4805070474FF48070704730B502245B
:1026C00001250C72CA600468C4F80055096879B124
:1026D00012F0040F14BF92218221150748BF41F068
:1026E0002001D406046848BF21F08001C4F800131B
:1026F000016812F0800008BF01224FEA830303F152
:1027000008030CBFCA50C81830BD30B50124950865
:10271000403DAC400C4208D0815831B1002181507D
:10272000825813B11A6822431A6030BD002313B5D2
:102730000C4601934FF4887201ABFFF7E6FF214688
:102740004FF48A72FFF7E1FF21464FF48E72FFF7D4
:10275000DCFF21464FF48272FFF7D7FF21464FF48A
:102760008472FFF7D2FF21464FF48672FFF7CDFF48
:102770004FF48C722146FFF7C8FF019802B010BDDC
:1027800010B54368044633B902210068FFF7CEFF55
:1027900008B101232373207B023818BF012010BD2C
:1027A00070B5067B044656B9C0E9012319B10B7F09
:1027B0000375EDF75BFA01230020237370BD6FF002
:1027C0007700FBE770B40C46014615461A462668AA
:1027D00051F8043BC3F82065A688C3F82465A668B1
:1027E000C3F82865E668C3F82C6526680368C3F853
:1027F0004065A688C3F84465A668C3F84865E468E0
:10280000C3F84C45066805F00104234604EB550463
:10281000C6F81445D4070CD412F0020403D0002BE0
:102820000CBF042408240568C5F8004270BCFFF7FB
:1028300045BF1024F7E7002210B503680446C3F82B
:102840000022012203685A6051B12046FFF798FF29
:102850000028FAD000222368C3F80025012323733F
:102860002046BDE81040FFF78BBFFFF789BF70B56A
:10287000B22104460068FFF759FFC306054607D595
:1028800023695E0704D5636813B10120A1689847E6
:10289000A80607D52369190704D5636813B1022078
:1028A000A16898472A0607D5206910F0100003D1C7
:1028B00063680BB1A1689847AB070CD50022236869
:1028C000C3F8002501232373636823B1A1680320A3
:1028D000BDE87040184770BD4FF47F03D3F8302136
:1028E000D3F83431072A10D1023B022B0DD94FF017
:1028F0005023D3F8B825920709D1D3F8580500F032
:102900000300013818BF01207047002070470120E4
:1029100070470021EDF7FCBA0223EDF76BBA0323F1
:10292000EDF768BA00210220EDF778BD70B50446D6
:102930000D46D1E900614FF47A720023C803490CB7
:10294000DEF72EFC2368C3F80C65C3F804052B687A
:1029500003F04002C3F380132374A368B3B1002AC9
:102960004FF0000314BF032501252468012DC4F88E
:102970000031D4F8002144F307301CBFC4F80431FF
:10298000D4F80431E2F764F8C4F8045370BD38B5E4
:10299000C0E90223437933B90123437109B1FFF739
:1029A000C5FF002038BD6FF07700FBE708B543791D
:1029B0002BB1022B06D0FFF7B9FF002008BD6FF046
:1029C0007600FBE76FF00F00F8E7012203681A605A
:1029D00002234371704710B5EFF31184202383F372
:1029E0001288BFF36F8F0379072B11D80B70013357
:1029F0000371012302680978D2F808058B4003436C
:102A00000020C2F8083584F31188BFF36F8F10BD22
:102A10006FF00B00F7E770B5EFF31185202383F318
:102A20001288BFF36F8F002201260179D3B2994239
:102A300006D80023037185F31188BFF36F8F70BD33
:102A4000046806FA03F3D4F80815013221EA0303F7
:102A5000C4F80835E9E770B503680446D3F80414F0
:102A6000D3F800512DB100220125C3F80021D3F87D
:102A70000021D3F80421BAB10022C3F80421D3F80D
:102A800004313DB10325D4E902324FF480709847F8
:102A9000AB070BD5012363710021D4E90232BDE8F5
:102AA00070404FF482701847002DECD170BD2DE9B5
:102AB000F04389B0109E04468946904600212022AA
:102AC00068461F46129D03F009FC1F2E97BF012385
:102AD0004FF0FF33B34003F1FF332361119BC4E98F
:102AE0000098C4E902766361183445B10FCD0FC474
:102AF00095E80F0084E80F0009B0BDE8F0836D464B
:102B0000F4E773B50468651C31D08568A9422ED2FC
:102B100064182CD05E18AE4288BF6B1A056A35B1B6
:102B200000930523A8470346184602B070BD21460E
:102B3000BFF35B8F184618B142EA0104A4070AD11B
:102B400003280EDC013910448242EDD011F8014F08
:102B500002F8014BF8E711F8014B013802F8014B7C
:102B6000E9E751F8044B043842F8044BE8E76FF00A
:102B70002103D9E773B50468651C31D08568A94283
:102B80002ED264182CD05E18AE4288BF6B1A456AEC
:102B900085B92146184618B141EA0204A4070ED1AE
:102BA000032812DC013A0844814214D1BFF35B8F41
:102BB000184602E000930523A84702B070BD12F842
:102BC000014B013801F8014BE5E752F8044B04389A
:102BD00041F8044BE4E712F8014F01F8014BE3E739
:102BE0006FF02100E9E773B504681D46661C2BD021
:102BF0008368994228D2641826D06E189E42866A4D
:102C000088BF5D1A2EB105230095B047284602B053
:102C100070BD4FF0013021462B4650430BB18C075D
:102C200007D1032B09DC0B4499420AD1BFF35B8F18
:102C3000ECE701F8012B013BF0E741F8040B043B02
:102C4000EFE701F8012BEFE76FF02100DFE700204D
:102C500070470368013304D04068431C5842584110
:102C600070470120704710B504680B689C4209D07A
:102C700040684968884205D08C4203D0181A18BFB2
:102C8000012010BD0020FCE740F30903B3F1FF3F32
:102C900008BF0130C0F30900043070470A680368B8
:102CA000534003604A684368534043608A688368BE
:102CB00053408360704708B503681B0D13F4E0634D
:102CC00004D00430FFF7CFFF80F0010303F00100D0
:102CD00008BDC36E426D1944891AB1FBF3F203FBC0
:102CE0001211836D8B4208D90123406ECA0801F08E
:102CF00007018B40815C0B438354002070470246E0
:102D000008B50846FFF7C0FF1368034413600020AE
:102D100008BD036801330360002070472DE9F04FC0
:102D200087B00393836E139EDB691746DDE9114874
:102D3000A2199A4281468A4607D8C36E002B00F03A
:102D4000A680109A934200F2A2806FF053009BE09D
:102D5000BAF1000F41D0DAF80030109A93423CD11A
:102D6000DAE9015305EB030BA34536D9A54214D884
:102D7000ABEB040BB34528BFB346DAF80C10651B68
:102D800040465A46294403F083FAD8445C44A6EBF3
:102D90000B06002EDCD1304676E02D1BB54228BF55
:102DA000354602953B68109A93421ED1D7E901132C
:102DB0000B44A34219D9A14211D8029D1B1B9D426D
:102DC00028BF1D46FB68611A40462A46194403F095
:102DD0005FFAA8442C44761BDBE70296E2E7029BED
:102DE000091B8B4228BF0B460293039B9E4223D3B1
:102DF000D9F868004369B4FBF3F203FB1242DAB975
:102E0000B34219D8029A1099B2FBF3F203FB02FB0A
:102E1000029BCDF800B0A3EB0B030493436822465A
:102E20001D464346A84700282ED1049B029AD84449
:102E30009B1A5C441E44ACE7109B3B60D9F8683099
:102E40005B69B4FBF3F25A437A60D9F86810059BCA
:102E5000486903442344B3FBF0F34343C869834206
:102E600094BFC2EB0305C2EB00058B6A10999D422B
:102E700028BF1D46BD60D9F8680000954568FB680D
:102E8000A84700283FF464AF07B0BDE8F08F039B6C
:102E9000013B05937DE71FB5C3F309040294069C2B
:102EA000019400240094EDF793FC04B010BD30B5FC
:102EB000134604460268082087B004AD916E039063
:102EC0000295586801901B6810460093CB6902F187
:102ED0001001FFF723FF18B92846211DFFF7C3FE95
:102EE00007B030BD2DE9F04F0646884691469A4618
:102EF000002487B0119F0DF1100BA74203D80020CA
:102F000007B0BDE8F08F3D1B082D28BF0825109B9A
:102F10004246E318CDE900A300213046CDE902B5D1
:102F2000A9EB0403FFF7FAFE0028E9D1129B2A4619
:102F300018685946EFF766FF129B2C441860DCE7CF
:102F40001FB50023CDE9023301934FF0FF33009307
:102F5000EDF7EEFE05B05DF804FB2DE9F04F0746F6
:102F6000884691469A46002487B0129E0DF1100BB8
:102F7000A64201D800201BE0351B082D28BF0825DC
:102F8000109B4246E318CDE900A300213846CDE965
:102F900002B5A9EB0403FFF7C1FE48B9119B2A460D
:102FA0005846191903F0A9F9002804D005DA0120C0
:102FB00007B0BDE8F08F2C44DAE70220F8E730B51F
:102FC00013468268C1F30905AA4228BF2A4685B084
:102FD00002924168044601915968009101681B689A
:102FE0000846FFF7BAFF28B9A368AB4202D034BF46
:102FF0000120022005B030BD036B1944C1F3090361
:10300000003B18BF012321F0004141EAC371016375
:10301000704710B5836E04465B6B13B9C068E2F766
:103020000DF9A36E9B6B13B9E069E2F707F9A36E84
:10303000DB6B23B9606EBDE81040E2F7FFB810BD4E
:10304000F8B5C6690D68083EB5420F4613D3B5FB07
:10305000F6F00138DEF7D8F8841CA5EB8404B4FB45
:10306000F6F42046DEF7D0F8A5EB8005204604FBF9
:1030700016553D60F8BD0020FCE72DE9F04F89B002
:1030800006460F46DDF84C8005924BB94FF0FF32F3
:10309000C8F800200020149A136009B0BDE8F08F32
:1030A000846E013B07A920460793FFF7C9FF12A9C9
:1030B00005462046FFF7C4FF4FF0040A81460DF194
:1030C000140BA945059A03D3129BC8F80020E1E729
:1030D00095FAA5F3A5EB0904B4FA84F4B3FA83F3E3
:1030E000C4F11F049C4228BF1C46A300CDE9002365
:1030F000002104233A463046CDE902BAFFF70EFE1E
:103100000028CAD10123A340ED1ADAE72DE9F04FD8
:1031100089B00646DDE9120A0F4690461D4688B37F
:103120000138059005A9B06EFFF78AFF04460DF13E
:10313000180B29461498D04720BB1CB304F0010992
:10314000C9F102039B00CDE90050424639463046A2
:10315000CDE902B3FFF7E2FDA0B9E54305F00105B3
:10316000A84207DB08AB03EB8505023C55F8085C79
:103170004C44DEE706991498D04703460120002B03
:10318000EED0184609B0BDE8F08FC368184710B5F7
:103190000C46826AFF21E06803F0A0F84FF0FF338D
:1031A000236010BD38B581660B6A0446C3664B6B5D
:1031B0000D46002B3BD0C360AB6B002B43D0E361CB
:1031C00028462146FFF7E3FFA06E04F11001FFF748
:1031D000DEFFA56EEB6B002B3CD063662B6C002BE7
:1031E00008BFFF2323676B6C002B08BF6FF0004301
:1031F000636740F2FE33AA6C002A08BF1A46A26732
:103200002B6D591CE3672CD10023E36700204FF09E
:10321000FF33C4E90A00C4E90833C4E90F00C4E974
:103220000C00C4E912006064A063206538BD886AA0
:10323000E1F7EAFFE0600028BED12046FFF7E9FE93
:103240006FF00B00F2E7A86AE1F7DEFFE06100280B
:10325000B6D1F2E7E86AE1F7D7FF60660028BDD192
:10326000EBE7002BD2D1EB6CA96A43B18A4228BFAD
:103270000A46DB089A4294BFE267E367C6E7EB6958
:10328000F4E72DE9F0430D4609689846CB1C064645
:10329000174685B003D9002005B0BDE8F083806EE5
:1032A000AC6883691C44013CB4FBF3F45C430094B8
:1032B000D0F80890EB686A68C8470028ECD1B8F1EC
:1032C000000F04D12946B06EFFF761FFE3E74FF02E
:1032D000FF333B600294EB68224601936B683946EA
:1032E000009330462B68FFF738FE0028D4DBE9D086
:1032F0006FF05300D0E72DE9F84F0646DDE90B5A91
:103300000C46904699460D9F002F3AD0002108E0C8
:103310000A9B2360B36E9A69B5FBF2F35343C4E989
:10332000013123680A9A9342F2D16068A842EFD82B
:10333000B36E9A6A0244AA42EAD9521BBA4228BF23
:103340003A469346E368281A5146184402F0A0FF13
:103350006368A2685D44EB1A934238BF1346A360CA
:10336000B26EDA44926AA7EB0B079A42CCD14B4675
:10337000424621463046FFF784FF0028C4D0BDE80E
:10338000F88F3846FBE7F0B585B0CDE902231D463E
:103390004B680C4601930B681746009302460023C6
:1033A00000F11001FFF7A7FF064640B92A4639464B
:1033B000E068EFF727FD6368E0602B446360304608
:1033C00005B0F0BD2DE9F04F064687B0104699468E
:1033D000FFF75AFC4B6893464A69034493420C46F4
:1033E000804641D88B682BF0004A8AEA03031BBA57
:1033F00005933046042305AAFFF7C5FF054678BBB1
:10340000BBF1000FA8F1040720DA0DF1130B2FB365
:103410000123CDE902B3D9F804303246043B4344DA
:10342000DB1B0193D9F800300021009330463B4666
:10343000FFF774FC40B901235A4621463046FFF796
:10344000A2FF013F0028E2D0054609E03B464A467C
:1034500021463046FFF797FF0028F5D1C4F808A0B1
:10346000284607B0BDE8F08F6FF01B05F8E713465C
:103470000A46D0E90001FFF7A5BF10B5D1E9003435
:1034800082699A4210D1C369A34211D0D1E90234B2
:10349000A34205D15B000A60C269CB6000234A6089
:1034A000002001338B6010BDA242EFD1C469EBE76D
:1034B0006FF05300F7E738B504460D46A16DE36D94
:1034C0008B4208D3236E002B30D02046EEF72AF82B
:1034D0000028F3D021E0606EDA08825C03F0070078
:1034E000C240D2071AD4626D1344E26EB3FBF2F10C
:1034F00002FB11332B60A56DE36D226E0133013A9F
:10350000AB42E36522660FD2616EDA08885C03F095
:103510000703D84010F00100EED138BD0133E36558
:10352000236E013B2366CAE70020F6E76FF01B001D
:10353000F3E77FB50C4604310646FFF7BCFF0546AE
:1035400070BB21463046FFF7B6FF054640BB22461A
:10355000042342F8080FCDE90223019022680146B6
:10356000009230463246FFF7D9FB10B110F1540FEC
:1035700019D1B36E5A6A002A09DDA368013242F0FC
:103580000102013B1344B3FBF2F35343A3604FF03A
:10359000FF330422C4E903230022C4E90523E361C5
:1035A000284604B070BD0546FAE72DE9F04F93B008
:1035B000CDE907230B6B0646DA020D461BD54C6B93
:1035C000089BCA6AE318934238BF1346C26F9A42F7
:1035D00011D2CC63C36E0366EDF7CCFF2B6B0446B0
:1035E00030B143F400232B63204613B0BDE8F08FC5
:1035F00023F480132B63089B069305F140030C937F
:10360000069B0BB9089CEFE72B6B13F4003204D038
:10361000B16EEF6BC9698F4247D1DB0200F1E080E8
:1036200005F140030A93CAB96B6BBBB1119211AAA1
:103630000292013B05F13802019200933046D5E930
:103640000A2305F14001FFF718FD044608B12B6B72
:10365000C7E7B06E05F14001FFF799FDF36E3366E1
:10366000AB6B09936B6B0593013B0B9330460FA932
:10367000FFF721FF04460028E9D1DDF83C80B06E59
:103680004146FFF782FD044630B114F1540FDED1FC
:103690004FF0FF332B64E9E7059B4BBB1F46C5E9A1
:1036A0000E832B6B43F400332B63B36EDB69DF1B9C
:1036B000069B9F4228BF1F46079B03970293EB6B15
:1036C00032460193AB6B304600930C990123FFF710
:1036D00012FE0446002800F0888010F1540FB6D185
:1036E00029463046EDF746FF04460028E4D0AEE711
:1036F000D6F868900B9B484610A91093FFF7A0FCE2
:10370000109FD9F81C3001379F42109750D1471CA9
:1037100097FAA7F7B7FA87F7A146099B07F1010ABD
:1037200011930DF1440B4FEA89030D930423CDE966
:1037300002B34FEA8903CDE90083324601233046C4
:103740000A99FFF7D8FD044600289ED14F4535D190
:1037500009F10109CA45E6D8C5F838804FEA8A0759
:1037600024E0099B3246009300213046CDE902BA9D
:10377000CDF80490A7EB0903FFF7D0FA0446002820
:103780007FF465AF012332463046CDE902BACDE978
:1037900000890A99FFF7AFFD044600287FF475AF52
:1037A00009F101094F45DCD8C5F83880EF6378E7A7
:1037B000A1464FF0010A0DF1440BF3E70423CDE9D4
:1037C00002B34FEA89030193119B014600933246ED
:1037D00004233046FFF7A2FA04460028B8D036E7A3
:1037E0006FF001036F6BAB63E0E76B6B3B446B63A4
:1037F000EB6B3B44EB63079B3B440793069BDB1B54
:103800000693F36E3366FBE6F0B50C46096B05468E
:10381000480397B008D5CA0258BF4FF0FF3321F4D0
:10382000802158BF236421638B0302D4002017B08A
:10383000F0BD11F48011666BE76A3FD1542201A8F4
:1038400002F04CFDA36ACDE90B37012311AFCDE99E
:103850000D3695E80F0087E80F004FF0FF372F6017
:10386000626BE36A9A4212D304F1400701232A46AD
:1038700039462846FFF705FD20B310F1540FD6D185
:1038800021462846EDF776FE0028EFD0CFE701234A
:1038900028460DF1030201A9EDF7ECFC0028C6DB78
:1038A0000123214628460DF10302FFF77EFE002882
:1038B000BDDB2B680133D3D01197D0E7BE422CBFBC
:1038C00066636763A36BA362636BE362236B23F49A
:1038D000003343F48033C4E90C36A7E72DE9F743FE
:1038E0001E460B6B17465A0305460C4619D4216B2E
:1038F0000B051DD4D4F834806B6F08EB06029A4296
:103900002FD811F4003919D033463A4621462846BB
:10391000FFF74BFE002808DB236B23F4002323630F
:1039200003E0FFF771FF0028E1D003B0BDE8F083AA
:10393000E36A626B934288BF6363DBE7E36A98459F
:10394000E2D96363636B9845DED90123214628469B
:103950000DF107028DF80790FFF727FE0028F1DA36
:10396000E3E76FF01A00E0E72DE9F34107460E4662
:1039700014464D6B13B1012B09D12C447B6FA3422C
:103980003CD3AC4210D1204602B0BDE8F081022BFE
:1039900008D1D1E90B32920302D5AB4238BF2B4696
:1039A0001C44EBE72C46E9E7336B5B031ED5D7F8E5
:1039B0006880F26BD8F81C309A4217D069464046AE
:1039C0000095FFF73DFB01A9054640460194FFF72E
:1039D00037FB85420AD1736C019A934206D8B16CC9
:1039E0000B449A4202D27463F263CCE73146384604
:1039F000FFF70AFF0028C7D17463C4E76FF0150012
:103A0000C2E72DE9F0438DB00C4604A905461746E0
:103A10009846BDF85490FFF78CFD064628BBE37D21
:103A20003A468DF82730A36928460A93E36904A92A
:103A30000B93BDF85830CDE90193149B0093434696
:103A4000EDF73EFF002814DB0123049F059A204672
:103A5000A761E261E37505F12001FFF704F920B9E0
:103A6000B9F1000F01D1C5E9087230460DB0BDE8CB
:103A7000F0830646F9E710B50446EEF70DFA002884
:103A800006DB05D02046BDE810400021EEF778BBEC
:103A900010BD70B50B6B05461E030C4686B053D4A3
:103AA000FFF7B2FE216B20B141F40021216306B083
:103AB00070BDCA0348D504F108063046FFF7C9F8BF
:103AC000002841D111F480131FD040F20120E36C93
:103AD000E26AA18842EA812242EA0052CDE9022349
:103AE000226D2846936843EA812343F0815304936F
:103AF00053683146059302AA0223FFF7BCFF236BEC
:103B0000F8B143F400232363D1E74FF0FF32294695
:103B1000284641F8102B2A46FFF7B3FB0028C6D1F0
:103B2000A86E036998470028C1D1236BDB02CCD46F
:103B3000D4E90A016B46CDE90001082240F20220D7
:103B4000C7E723F4803323630020B0E770B5054650
:103B50000C46FFF79EFF0646AA6A05F1280322B12C
:103B60001A68944209D122681A60236D1B6813B940
:103B7000E06CE1F763FB304670BD13461268EEE778
:103B800008B5FFF746FA002008BD70B58AB001916C
:103B90001646002301AA02A90546EDF7C1FA041E44
:103BA0000FDB2F21019802F0CFFB10B1230D022B68
:103BB0000AD1C4F389223346284602A9ECF7C6FE8F
:103BC000044620460AB070BD6FF01304F9E7EEF723
:103BD00001BCFFF7BBBFFFF75CBF2DE9F0411F46FB
:103BE0000B6B05469B030C46164607D43B463246F4
:103BF00021462846BDE8F041EDF73CBBFFF704FE47
:103C00000028F3D0BDE8F081FFF768BEFFF7ACBE37
:103C10002DE9F041161E05460C4686B074DBD1E94D
:103C20000B3292034F6B02D5BB4238BF3B469E42DC
:103C30004FD2EB6F9E422ED8002321461A462846CB
:103C4000FFF792FE00285CDB4FF0FF3321462B602C
:103C500028463346EA68EDF70DFB002851DB236B5D
:103C60006FF0010243F4A81323630023C4E90A267A
:103C700022646364AB6E32469B6AE06CA364E968BD
:103C800002F006FB00233A4621462846FFF76CFE69
:103C900000EAE07035E021462846FFF7B5FD80BB1D
:103CA00005AB029304F138030193731E0093059052
:103CB00004F140012846D4E90A23FFF7DEF900BBEE
:103CC000A36B6663C4E90A36236B43F4A023236322
:103CD000D8E7D7D90223002221462846FFF744FE21
:103CE00000280EDB4FF00008636B9E42CAD9012307
:103CF0002146284605AA8DF81480FFF7EFFD00281D
:103D0000F2DA06B0BDE8F0816FF01500F9E7486B14
:103D10007047826A00F1280322B11A68914203D1E8
:103D20000A681A600020704713461268F4E7EDF73E
:103D300095BCF0B506680289338A9A426DD2316823
:103D40004289930051F8222002F00301C2F30724B4
:103D500001298475C2F385051ED0022929D00029C6
:103D600034D14FF0010CC2F30363C2F30747120FC3
:103D700042824268A0F814C00582002A33D18261D1
:103D8000026204F00E04082C45D1C289736853F80E
:103D9000223043620120F0BD3168C2F30B4C19445C
:103DA00049680B0F45EA83158FB2130FC1F30B421D
:103DB000DEE731684FEA124C1944D1E901371A0A9B
:103DC00045EA821295B25BB28A89D1E732681A4419
:103DD000D2E90137190A45EA8111B2F810C08DB253
:103DE00092895BB2C4E73A4404F0C00143B1D31AEC
:103DF0008029826103620ABF1368C261C361C0E7A0
:103E000004F03005202DF3D13F2C01D98029EFD1CA
:103E100000F11403ECE70023BBE70020BBE710B57B
:103E20000389016801339BB203810A8A9A4203D84D
:103E30000023C0E9023310BD01240B68428953F806
:103E400022100B0A01F0030104FA01F10A44428135
:103E5000828903F03001002908BF01328281C289C2
:103E600003F00E03082B08BF0132C281E3E770B5EF
:103E700004460E46154600212022083002F02EFA94
:103E8000C4E900652046BDE87040FFF752BF38B571
:103E90000C4605460B6899680B681B6803F44043A1
:103EA000B3F5004F14BF6268221D0C34FFF7DFFF2B
:103EB0002C6238BD10B50446FFF7B1FFFFF739FF9C
:103EC0002089003818BF012010BDF8B5038A0446C8
:103ED0008B420D4601D10120F8BD0668B28A8A42A4
:103EE00001D20020F8E78B4288BF338A078988BF58
:103EF00003812046FFF793FF6289336853F822302D
:103F000085EA93039B0606D02389BB42F1D1204664
:103F1000FFF70FFFE5E7FFF70CFF238AAB42F3D172
:103F2000A37D03F00F030A2BEED0D4E738B5837DD1
:103F3000044603F00F030A2B18D005892046FFF72B
:103F40006EFF236862891B6853F8223003F47063A4
:103F5000B3F5206F03D1BDE83840FFF7EABE2389EF
:103F6000AB42EBD1FFF7E5FE002038BD0120FCE7B6
:103F7000FFF77DBFFFF78BBF10B40B461146528A87
:103F8000082A0FD1CA696AB130B1146824B1043269
:103F900023465DF8044B184723B1146814B1184642
:103FA0000432F5E701205DF8044B7047034610B575
:103FB000406884185C6002F06BF9012010BDF0B518
:103FC000802A85B073F100010646D4B201A906D259
:103FD00001228DF80440EEF7A7FF05B0F0BDD5092A
:103FE0000846002204F07F0453EA050C174602F14C
:103FF000010208D13A4602F110036B44304603F83F
:104000000C4C0132E7E764F07F04042A00F8014B0E
:1040100005F07F044FEAD515E6D1002BEBD018014F
:1040200000F070000443DB08002BE4D064F07F0450
:10403000545403F07F040132DB09F5E7921843EB97
:10404000030182EAE37281EAE373FFF7B8BF042257
:10405000EEF76ABF0822EEF767BF134641EAC202D5
:104060005B0FFFF7ACBF70B5002304460D46164644
:10407000FFF7A5FF30B1324629462046BDE8704023
:10408000EEF752BF70BD10B58AB004466846FFF720
:104090006FFFB0B19DF8163003F00F030A2B0BD160
:1040A00020460799EFF7BEF918B16846FFF702FFFF
:1040B000EFE700200AB010BD69462046EFF7BCF8D4
:1040C000F2E70120F6E703460846596810B58C1858
:1040D0005C6008B102F0DCF8012010BD38B58A68D8
:1040E00005460C462AB9012063686B60E368EB6003
:1040F00038BD00212046EFF7D5F90028F3D1F7E7C6
:1041000013B50C4601A9EFF715FA20B1019B003B4E
:1041100018BF0123237002B010BD13B50C466946C9
:10412000EFF758FA60B1DDE900134A0842EAC372BA
:10413000C9074FEA530344BFD243DB43C4E900231A
:1041400002B010BD042213B50C460DEB0201EFF7CF
:10415000A9F908B1019B236002B010BD13B5082274
:104160000C466946EFF79EF918B1DDE90023C4E972
:10417000002302B010BD0023EFF710BE10B4046B93
:1041800002460B468CB9C1681F2998BF23FA01F477
:10419000416871B1806883420BD21069184051F8B0
:1041A000243018445DF8044B704723465DF8044BF7
:1041B00018474FF0FF30F5E770B5436B05460E46E4
:1041C000E3B90469621C09BF43680C401C680C1BFE
:1041D00021462846FFF7D2FF864207D02B690133DC
:1041E0001C44AB689C42F3D34FF0FF342868431C57
:1041F00007D0AB68A34204D9204470BD9847044659
:10420000F4E70020F9E730B5059CC4E90002039A01
:1042100021811989E260049A618121856261D3E973
:10422000002502EB0113C4E906128A1C236203EB8A
:1042300042036A1C13446D422B406362836953B985
:104240000139E2698B4202EB031206DB0023937310
:104250006FF07F03D373002030BD0133D381F0E7CB
:104260002DE9F04FB0F830A004465546002685B041
:1042700002EB030891460E9A00EBCA031FFA88FB73
:104280009A63A3F83CB008F1FF32C3690F1D019295
:10429000B0451ADC238D2586A3EB0B032385236A07
:1042A00061895A8801390A4003EB4203A3F804A04C
:1042B000BFF35B8F0020226A538801335380638DE4
:1042C0000133638505B0BDE8F08FE06A2A0157F835
:1042D000041C03EB0515029303680392C91A836853
:1042E0000837994228BF4FF0FF31FFF747FFDDE95C
:1042F0000232985000226A6057F8082CAA60019A8E
:104300009642ACBF00220122B145D8BF42F0020262
:10431000AA810136ED89BBE7F0B550B3456A448EFA
:104320006B88A34230D0631C43864389BFF35B8F05
:10433000013B1C4005EBC4056B689EB209B1AD683A
:104340000D60D0F81CC09BB20CEB031100EBC30353
:104350009D8F078D2F44013D07859D878D896F07B0
:104360000ED5058ECD8100210686986B996302B12A
:104370001480F0BD9D8FC989013D0CEB01119D8713
:104380008D89ED07F6D4ECE70020F2E7C36903EB73
:10439000011398687047C36909015958C06AFFF74B
:1043A0000BBF70B5BFF35B8F0D46016A1646838E57
:1043B0004A8804469A4212D05A1C82864289013A9F
:1043C000134001EB43018988298089B2FFF7E3FF9D
:1043D0002A88E36903EB02139B68336070BD0020F9
:1043E000FCE710B5026893691269920017D543B9CA
:1043F000438E026A81694489013B1B1B02EB410227
:10440000938003689B69012B08D1838E426A81697E
:104410004089013B1B1A02EBC102938010BD23B9F6
:10442000026A138843F00103138003689B69012B20
:1044300001BF426A138843F001031380EEE710B511
:10444000BFF35B8F026804469369126992001AD524
:104450007BB9036A426A5B888169013B02EBC10256
:1044600092889B1A628D9BB29A4214D8002363856E
:1044700010BD012BFAD1436A026A5B888169013B56
:1044800002EB4102ECE763B9436A1B88DB4303F0AC
:104490000103002BEAD06369002BE7D02046984740
:1044A000E4E7012BE2D1036AEFE7036A828E5988C1
:1044B00091420AD0418901390A4003EB42039A88AC
:1044C000C36903EB02139868704700207047BFF37D
:1044D0005B8FC36803B1184770474FF0FF324FF04E
:1044E000FF33F0F747BC10B1C36A0133C3627047B2
:1044F00038B1C26A013AC2621AB9026B02B11047FE
:104500000262704770B50446056A05F164063046DC
:10451000FFF7E3FF636AA3F580637F2B0BD80122CB
:104520005909503503F01F039A4055F8213023EA0A
:10453000020345F82130D4E90F124A60E16B04F11F
:104540003C0311602046C4E90F33FFF7D1FF30462A
:10455000BDE87040F0F7DABB10B5436A8CB00A933F
:104560002023044602460B9102A8194600F002FBE4
:1045700028230122CDE9003220463522616A02ABB0
:10458000EFF7BAFD00EAE0700CB010BD30B1006A80
:1045900020B119B1D0F8803003B11847704730B15D
:1045A000006A20B119B1D0F8843003B118477047C0
:1045B00030B1006A20B119B1D0F8883003B1184782
:1045C000002070472DE9F84307468846154699466E
:1045D0000668B74203D100242046BDE8F8836A1C70
:1045E000A6F13C0402D0636AAB42F5D0B8F1000FEB
:1045F00010D020224146204601F0C4FE50B9B9F146
:10460000FF3F02D0A36A4B45E6D06B1C02D1A36AE0
:104610000133E1D03668DCE770B505460C461E462E
:10462000CAB120232046194600F0A4FA0123E36210
:10463000049B6662A362059B25626363069BA3637A
:10464000079B63646A6804F13C03C4E90F526B6022
:10465000226C136070BD0A70E8E710B5044690B193
:10466000036A83B102784AB193F89C3033B1436A4C
:10467000B3F5806F02D30121FFF76EFF2046BDE83E
:104680001040FFF73FBF10BD20B1036A13B15B6854
:1046900003B11847704708B530B1036A3BB1DB6816
:1046A0002BB19847002008BD6FF01500FBE76FF0B5
:1046B0000500F8E77047F0F729BB4FF0FF324FF0E5
:1046C000FF33F0F757BBF8B500F16407A1F110060E
:1046D000054638460C46FFF7F0FF3046EFF7C2FDBF
:1046E00080B154F8083C24F8083CD5F8C43044F8AC
:1046F0000C3C05F1C00344F8103CC5F8C46054F804
:104700000C3C1E603846FFF7D6FF0020F8BD38B5D8
:104710000D4600F164042046FFF7CFFF55F8083C32
:10472000204603F5803345F8083CBDE83840FFF7E4
:10473000C2BF2DE9F043282A89B08846109D52D186
:10474000D5F8B800202301688468A8EB0101A142D4
:1047500028BF4FF0FF316A46FEF7D3F905F1640632
:10476000D8F820903046FFF7A8FF4B464FF0FF32B5
:1047700069462846FFF726FF044640B3076B003F13
:1047800018BF0127D8F82430DB0722D514B14FF029
:10479000FF33A36217B12046FFF7A5FE3046FFF7AF
:1047A0008AFF1CB1A36B0BB120469847AB6F1BB1BE
:1047B0004A46694628469847AFB13046FFF77DFF25
:1047C0002046FFF795FE3046FFF775FF0BE00746E2
:1047D000D8E764B93046FFF76EFF6B6F1BB14A46EE
:1047E000694628469847002009B0BDE8F083C4F820
:1047F0002890E8E7F0B504468E680D46B6B231461B
:10480000D0F8B00085B0FFF7C1FDD4F8AC30074652
:104810009A6942B90095CDE902500123D4F8B0005D
:1048200002A9FFF71DFDD4F8AC309B69012B08D11C
:104830003A463146D4F8B00005B0BDE8F040EFF795
:104840003FBC05B0F0BD70B500F16406A1F11005E4
:1048500004463046FFF731FF2846EFF703FD38B135
:1048600020462946FFF7C6FFD4F8B000FFF7E7FD62
:104870003046BDE87040FFF71EBF2DE9FF410368D9
:104880009E6A06F164084046FFF717FFD6F8AC3081
:104890009B69DBB9D6F8B0000DF10A0203A9FFF756
:1048A0003BFD0446D6F8AC309B69012B07D1D6F806
:1048B000B00003AA0DF10A01FFF773FD04463CB9ED
:1048C0004046FFF7F8FE04B0BDE8F0810024E9E7B8
:1048D000BDF80A3000216268A36030464FF0FF3314
:1048E000FFF770FE0546FFF7FEFDA368404603F59F
:1048F0008033A360FFF7DFFE75B1AB6A696C0133EB
:1049000008BF2368284608BFAB622368A2890091CC
:104910006F6B04F11001B8474046FFF7CEFE284602
:10492000FFF7E6FD2046EFF79DFC38B13046214603
:10493000FFF760FFD6F8B000FFF781FD4046FFF7B4
:10494000BAFEA0E72DE9F043A3F1100653F8085C86
:10495000002389B00693ADF81E3004461023CDE93C
:104960000412DDF84090D0F8B800ADF81C90016852
:104970008768711A0DEB0302B94228BF4FF0FF316F
:1049800004F16408FEF7F6F84046FFF796FED4F807
:10499000AC30ADB29B69CBB9D4F8A020D4F8AC3020
:1049A000D4F8B4009B69C3B9CDE902620096012234
:1049B00002A9FFF755FCD4F8B400FFF740FD4046CC
:1049C000FFF779FE484609B0BDE8F0832946D4F8E0
:1049D000B400FFF7DBFC0246E0E7012BEBD12946F0
:1049E000EFF76EFBE7E710B548B149B143688B427A
:1049F00006D382680468D21A5B1A4360A01810BDFF
:104A00000020FCE72DE9F3470546D0F8AC000E4640
:104A1000174618B9002002B0BDE8F087036A002BE2
:104A2000F8D09B68002BF5D098474307F2D543F6A2
:104A30009823002F18BF1F4605F1640805F1C0092F
:104A40004046FFF73AFED5F8C0404C4532D08CB313
:104A5000D4E90023536022681A60C4E90044D5F801
:104A6000AC3021899B69ADF8061013B9D5F8A03098
:104A70003360D5F8AC309B69012B04D1D5F8B40074
:104A8000FFF784FC30604046FFF715FE002C4BD149
:104A9000002FBFD0D5E92B32182112891B6B01FBE7
:104AA0000233D5F8C820AABB2120002100F030FC39
:104AB000013FC5E7D5F8AC30D3F818A0BAF1000F24
:104AC0001CD13146D5F8B4000DF10602FFF724FCE5
:104AD00004460028D7D1D5F8B4301B8D0BB900247B
:104AE000D1E7D5F8A010D5F8BC00FFF77CFFD5F8CA
:104AF000A03004463360ADF806A0C4E7BAF1010F58
:104B0000EDD13246D5F8B4000DF10601FFF749FCAE
:104B10000446B8E71969284690476FF4FB6398424A
:104B2000C2D000288CD075E7BDF8063004F1100023
:104B300003F58033A3603368103B33606BE720B12B
:104B400019B112B1C0E901220160704738B50446BD
:104B500018B938BD3C38FFF780FD20688442F9D190
:104B60000025D4F8AC00C4E92C55FFF78DFDC4F83E
:104B7000AC50EEE7F8B50446A1B199420E4628BF05
:104B80001E46751C013D05D012F8017B00F8017B23
:104B9000002FF7D1994207D9891B4A19002101F04A
:104BA0009DFB711B0846F8BD00230C4404F8013C32
:104BB000F7E708B1E0F7CCBC704710B5436904468D
:104BC0003BB90020E2684042537843F00103537040
:104BD00010BD98470028F4D00028B8BF4042FF28F5
:104BE000A8BFFF20E3681870ECE740B1C3685878AD
:104BF00010F001001EBF1878B0FA80F0400970472D
:104C0000EFF31183202383F31288BFF36F8FFEE746
:104C100008B5FFF7F5FF2DE9F04F89B0DDE912681F
:104C2000059243460546324606A80F4600F052FC60
:104C3000DDE90634CDE90234EFF311844FF02009A9
:104C400089F31288BFF36F8F05F10C0A05F1140B7D
:104C500039462846059A149B984730B184F3118849
:104C6000BFF36F8F09B0BDE8F08F56EA0806F5D0A4
:104C7000DDE9022306A800F052FCDDE90668524691
:104C800021465846CDE90068F0F77AFCEFF311842D
:104C900089F31288BFF36F8FDAE710B400F10C04C8
:104CA000C0E903445DF8044BF6F735BC38B504465B
:104CB000EFF31185202383F31288BFF36F8FF6F78C
:104CC00009FB04F10C0000F014FB30B1294604F19B
:104CD0001400BDE8384000F0F2BA85F31188BFF344
:104CE0006F8F38BD10B542696AB1836842EA03012B
:104CF000890708D10169A2FB011424B95B182CBFF4
:104D00000121002102D36FF0150005E0C1609B1A5C
:104D100002698A4201D8002010BDC26801311A60C0
:104D20004269C3609B1AF3E710B5C0E9043200235F
:104D3000816083610446FFF7D5FF08B9C4E90044E8
:104D400010BD2DE9F04105460F46EFF311882023F1
:104D500083F31288BFF36F8FC668FEB90468A04260
:104D60001CD0DCB1D4E9003213605A60237CC4E962
:104D7000006623F002032374A66004F1180000F01B
:104D80006EFB2046C4F88060676100F065FA41461A
:104D900005F10800BDE8F04100F091BA3E60AB6952
:104DA000EF60013BAB6188F31188BFF36F8FBDE803
:104DB000F081202408B5EFF3118384F31288BFF348
:104DC0006F8FF7F79CFFF6E7D0E9003213605A6067
:104DD0000023027CC0E9003322F0020202748360E7
:104DE000704713B501240094EFF7CEFD02B010BD5B
:104DF00090F90E308B4201D0F0F7E4BB00207047F1
:104E000003460020C3E90033C3E902007047D0E93C
:104E1000003213605A600023027CC0E9003322F0A4
:104E200002020274836070472DE9F84390460446FD
:104E30000D469DF82020EFF31187202181F3128881
:104E4000BFF36F8F02B14568A66804F10809B14548
:104E500016D0AEB100243046FFF7D9FF06F1180096
:104E600000F0FDFA3046C6F88040C6F8148000F025
:104E7000F3F94846394600F022FA2046BDE8F883A7
:104E8000A3B10820F0F7E4FF002832D00122C0F8D7
:104E900004800260016801F003015DB922680A43E1
:104EA0000260626820606AB960600BE04046C8F842
:104EB0000030EFE72A68032A10D80160616839B929
:104EC000C4E90000002087F31188BFF36F8FD5E796
:104ED0000A6802F0030202430A60E5E722F00302D7
:104EE0000A4302602A6802F0030240EA02032B60D0
:104EF000E8E76FF00B00E6E70023C0E9003300F1BC
:104F00000803C0E902337047012307B5009300236B
:104F10000A461946FFF788FF03B05DF804FB00233B
:104F200007B50A4600931946FFF77EFF03B05DF808
:104F300004FBEFF31183202282F31288BFF36F8FFB
:104F4000006818B10268920718BF406883F311889F
:104F5000BFF36F8F70473AB18A4205D3C0E902129E
:104F6000C0E90000002070476FF015007047012372
:104F700002688B4022EA0303036022FA01F000F08A
:104F800001007047704710B5032104460C30FFF74D
:104F9000EEFF30B104F1100000F061FAB0FA80F0D9
:104FA000400910BD20B10022D430114600F0E9B90B
:104FB000704770B5C3680446C3F340069B0716D418
:104FC000856802210C30FFF7D2FF80B1D5F8CC20E4
:104FD0006AB194421DD122689EB9D5F8D030C5F887
:104FE000CC209C4201D1C5F8D02000232360E36887
:104FF00013F01F001EBF43F00203E36040F0020005
:1050000070BD3260D5F8D020944208BFC5F8D0609A
:10501000EBE716461268DBE773B50446EFF311853C
:10502000202383F31288BFF36F8F00230193D0E90D
:105030000423B3F1004F08BF012A05D085F311887E
:10504000BFF36F8F02B070BDA0F1100603210438CA
:10505000FFF78DFF0028F1D0A369304601A9019325
:10506000EFF792FFEAE738B504460D46102200211B
:1050700001F034F9656038BDEFF31183202282F32B
:105080001288BFF36F8FC06800F01F0083F3118890
:10509000BFF36F8F704713B501900846EFF311848B
:1050A000202383F31288BFF36F8F01A9EFF76CFF02
:1050B00084F31188BFF36F8F02B010BD10B5FFF7F6
:1050C000EAFF041E08DDEFF31180202383F312882A
:1050D000BFF36F8FF0F7E2FA204610BD70B50D46B2
:1050E000EFF31186202383F31288BFF36F8FEFF75E
:1050F0009DFF044686F31188BFF36F8F38B14FF0E0
:10510000FF324FF0FF3305F11000EFF733FE20467A
:1051100070BD08B5E822002101F0E0F808BD38B5FF
:1051200030220D460021044601F0D8F84FF4807378
:105130006560E36038BDFFF79FBF38B50446EFF305
:105140001185202383F31288BFF36F8FFFF71BFFB6
:105150002046FFF72EFF85F31188BFF36F8F38BD10
:10516000F8B504460D46EFF31187202383F3128828
:10517000BFF36F8FC36803F01F03002B14BF01261A
:10518000002609D0FFF7FFFE2046FFF712FF294651
:105190002046EFF7DBFE034687F31188BFF36F8FDE
:1051A0003BB14FF0FF324FF0FF3305F10800EFF74E
:1051B000E1FD3046F8BDD0E9003213605A600023AB
:1051C000027CC0E9003322F002020274836070475F
:1051D000EFF30580003818BF0120704790F90E00EA
:1051E00070476FF057007047D0E9003213605A6083
:1051F0000023C0E90033704708B5FFF7F5FF037CD3
:1052000023F0020303740023836008BD38B504460D
:105210000D46F0F733F9237C43F002032374D5B134
:10522000A5602B689D4209D16B68C4E900531C60DE
:105230006C6010E06A689A42F6D01B68002BF3D0CD
:1052400093F90E1094F90E209142F3DD5A68C4E9E7
:10525000003214605C6038BD10B5EFF31184202378
:1052600083F31288BFF36F8FF0F7C8F884F31188C7
:10527000BFF36F8F10BD08B5037C014613F0280FF4
:105280000CD183680BB1FFF7B7FF0B7C084623F006
:1052900004030B74BDE80840F0F7B0B808BD10B5C2
:1052A000EFF31184202383F31288BFF36F8F183834
:1052B000FFF7E1FF84F31188BFF36F8F10BD08463D
:1052C000F0F714B938B5054604680020AC4200D1A7
:1052D00038BD002CFCD02046FFF78EFF04F11800EB
:1052E00000F0BDF82046F0F789F82C680120A542AF
:1052F000EDE710B5EFF31184202383F31288BFF399
:105300006F8FFFF7DFFF84F31188BFF36F8F10BD3E
:1053100038B50C460546F0F773FAB4F1FF3F08BF05
:10532000B5F1FF3F1FBF47F6FF7300224FF47A71BC
:10533000E0FB013216BFD80B4FF0FF3040EA42408D
:1053400038BD38B50446EFF31185202383F3128866
:10535000BFF36F8F037C5B070ED5183000F07FF82A
:10536000237C204623F004032374F0F747F82846F3
:10537000BDE83840F0F7BAB885F31188BFF36F8FF6
:1053800038BD38B5EFF31185202383F31288BFF3BE
:105390006F8F0468A04213D0A4B1C4F8801062617A
:1053A0002046FFF729FF04F1180000F058F82046C6
:1053B000F0F724F8012085F31188BFF36F8F38BD13
:1053C0000020F8E72046F6E72DE9F04706460F46AD
:1053D00091469A46EFF31188202383F31288BFF396
:1053E0006F8F0068864206D028B1736898420CBF60
:1053F0000025056868B90024B9F1000F02D05146B4
:105400002046C84788F31188BFF36F8F2046BDE858
:10541000F0875146B84704460028EDD135B173688E
:10542000AB4200D02C6828462546E3E72C46FAE735
:1054300008B50246F0F78CFB70B1D0E904319B1A35
:1054400061EBE272B3F1004F72F1000104DA002A5D
:10545000ACBF1846002008BD6FF00040FBE70246D5
:1054600038B5EFF31185202383F31288BFF36F8FD4
:105470000368D3B1F0F76CFB04461046F0F77AFBF3
:1054800000224FF000438442C0E9042305D00020ED
:1054900085F31188BFF36F8F38BDF0F761FBFFF71D
:1054A000C7FF0021E8F728FDF1E7D0E90413B3F1C5
:1054B000004F08BF012902BF00204FF00041C2E9A0
:1054C00004016FF01500E3E708B5F0F757FC08BDDD
:1054D000F0F754BCB3F1FF3F08BFB2F1FF3F70B526
:1054E00006461D46144614D01A4316D0002B08DB7E
:1054F000F0F744FC041941EB0501C6E900413046D0
:1055000070BD6FF001031C1B4FF0FF3363EB05010F
:10551000F3E74FF0FF342146EFE70024FBE7B3F158
:10552000FF3F08BFB2F1FF3FF8B5074616461C46DD
:1055300010D054EA020311D0F0F720FCB0420A4622
:10554000A14103460AD2F31A64EB0204C7E900340E
:105550003846F8BD4FF0FF331C46F7E70023FBE762
:105560002DE9F3470446DDE90A9815460E4659B37E
:1055700002F0010AF0F780F90746EFF311812023CA
:1055800083F31288BFF36F8FA80744BF0023A36083
:10559000A36803EA0600BAF1000F0CD086420CD1D2
:1055A0006A0744BF8343A36081F31188BFF36F8F01
:1055B00002B0BDE8F0870028F2D159EA080305D10E
:1055C00081F31188BFF36F8F0020F1E7C7E91865F9
:1055D0002246CDE9009804F10C00EFF7D1FF002836
:1055E000F2D1386EE4E710B50B680446D0E9180232
:1055F00012F0010F03EA000301D0984211D183B1E8
:105600002366520748BF4A6804F1180044BF1A4392
:105610004A60FFF724FF00232046C4F88030FFF7DC
:105620002AFE002010BD0023C0E9000083607047FF
:105630000A46F0F7BBBB0A460021F0F7B7BB5200A1
:10564000FFF78EBF043270B504460ED2EFF311851A
:10565000202686F31288BFF36F8F41F0040198472C
:1056600085F31188BFF36F8F08B9002070BD40F833
:10567000044BFBE720B1011F50F8040CFFF716BBE9
:105680007047704700207047704710B5044608B156
:10569000F0F7A4FD2046BDE81040F0F78FBD0346AB
:1056A000C068F8B15888E8B11B8803F44F42B2F5DE
:1056B000824F02D0B2F5884F09D1DBB2272B2AD016
:1056C00008D8172B0FD0222B34D0122B16D06FF006
:1056D00085007047302B2FD0413B012BF7D8FF2896
:1056E00039D100207047C028FBD0E128F9D0B0F5AF
:1056F000807F14BF6FF086000020704720F02003E9
:10570000C02BEED020F08003B3F5807FE9D040F2CB
:1057100009239842EDE7E928E3D0EF28E1D040F2F1
:105720001B139842DDD040F299139842D9D040F231
:105730003B23EEE7E928F1E720F02003C02BD0D08F
:1057400020F04003B3F5807FCBD0B0F5C07FC8D048
:10575000B0F5007FCDE7B0F5E07FCAE73AB10029A8
:1057600018BF00232121D21A184400F0B7BD70479A
:105770002DE9F04F9B46002389B08DF81B30159B17
:105780009146DDE912A7002B0D460B460CBF4FF4E6
:1057900000624FF4806207A9DDF85080F0F7C0FE88
:1057A0000446D0B9079E284631880DF11B02F0F758
:1057B00033FF044688B99DF81B30BB421FD8CDE9A2
:1057C0000338CDE901BACDF800902B46D6E909128D
:1057D0003046F1F76FFC044608B1C8F800703A464D
:1057E00021465046D8F80030FFF7B8FF0798F1F788
:1057F0004BFC002C18BF204609B0BDE8F08F6FF0BD
:105800008904EAE741F2062398421AD8B0F5905F7E
:1058100009D241F2010398420CD0B0F5885F09D05B
:105820006FF0850070476923A0F5905080B2C340A7
:10583000DB07F5D511F0070F14BF6FF086000020CD
:105840007047B0F5105FEBD121F04003802B06D0FC
:10585000B1F5807F14BF6FF08600002070470020F4
:10586000704770B5446A05460E463CB90120F0F712
:105870009FFC686228B12046AE6270BD6FF08A005E
:10588000FBE76FF08C00F8E7F8B51E460F461546AB
:105890000388C2B103F4E043B3F5805F02D0B3F5EF
:1058A000005F10D1089BE90019600088FFF7AAFF8C
:1058B000044630B92A463946304600F0E9FC079BD9
:1058C0001D602046F8BD6FF08504FAE710B5044668
:1058D000406A10B1A16AFFF7D8FE0020C4E90900B0
:1058E00010BD38B50446FFF7F1FF237F012B0FD021
:1058F000023B012B0FD8236A012B14BF6FF09605D2
:1059000000252C220021204600F0E8FC284638BD66
:10591000236A002BF1E76FF09605F2E738B51446DD
:105920000288049D02F4E040B0F5805F07D0B0F536
:10593000005F04D002F44F42B2F5824F0ED1AC4268
:105940000FD81846224600F0A3FC00212A1B204451
:1059500000F0C4FC0020059B1C6038BD6FF0850082
:10596000FBE76FF08900F8E7F0B50F461E461546D5
:1059700085B0CAB100230122336003A9F0F7D0FD3E
:10598000044670B9CDE9005603983B46D0E90912A8
:1059900000F0CEF904460398F1F776FB002C08BF1F
:1059A0000446204605B0F0BD6FF08904F9E770B5F4
:1059B0000488154604F4E042B2F5804F049E22D1DB
:1059C00044F2010224F4405090420DD004F44F44BC
:1059D000B4F5824F08D0B4F5844F05D0B4F5884FA4
:1059E00002D0B4F58E4F0ED1B5420FD818462A46D4
:1059F00000F04EFC0021721B284400F06FFC0020D8
:105A0000059B1D6070BD6FF08500FBE76FF089009E
:105A1000F8E7F0B50F461E46154685B0FAB10023EB
:105A200003A91A463360F0F77BFD044688B9039852
:105A300003885B0410D5CDE900563B46D0E9091236
:105A400000F083F904460398F1F71EFB002C08BF11
:105A50000446204605B0F0BD6FF08604F3E76FF012
:105A60008904F6E710B50368044643B100F0DCF999
:105A700000232360A3886FF30803A38010BD18469A
:105A8000FCE72DE9FF41984600230C4601680546D6
:105A900016460393002939D14FF4A872083000F05C
:105AA0001DFCB8F1000F204633460CBF4FF40062D6
:105AB0004FF4806203A9F0F733FD0446B8B9039FA1
:105AC000304639882A1DF0F7A7FD044678B96B796E
:105AD000394668F300036B71D7E90923284600961D
:105AE000B8F1000F0FD0F1F7FDFA044610B12846C7
:105AF000FFF7B8FF0398F1F7C7FA002C18BF20464C
:105B000004B0BDE8F081F1F70DFBEEE76FF088041B
:105B1000EDE70123FFF7B5BF38B503680546144626
:105B20004BB132B100F069F9044610B12846FFF7D5
:105B300099FF204638BD6FF08804FAE72DE9F0415F
:105B40001646026805460F469846F2B14279D207DA
:105B50001BD50279CAB1B2421AD800F057F90446EF
:105B600018B10023C8F800602B7137B132462146C6
:105B70003846D8F80030FFF7F1FD2846FFF772FFEE
:105B8000002C18BF2046BDE8F0816FF08804E8E7DC
:105B90006FF08904E5E71FB501240394089C029483
:105BA000079C0194069C0094FFF7E2FD04B010BD31
:105BB0002DE9F04705469A46002388B0079325F063
:105BC000004323F47F03B3F1106F0846DDE910961C
:105BD0001746DDF8488023D12B464FF4804207A9B1
:105BE000F0F79EFC044660B9CDE90368CDE901A950
:105BF000079800972B46D0E9091200F01DF90446DA
:105C000028B131464846F0F7CDFEC8F80060079845
:105C1000F1F73AFA002C18BF204608B0BDE8F0872B
:105C20006FF08604EDE703461B88084603F4E04363
:105C3000B3F5805F114602D0B3F5005F01D1F0F7F4
:105C4000B1BE6FF0850070471C22002100F046BBFA
:105C5000034668B1017F8A1E012A0BD80329026A14
:105C600003D1012A01D1FFF73CBE1AB1013A1A62F1
:105C7000002070476FF096007047C0B2002814BF34
:105C80006FF08500002070470020704770470022A9
:105C90006FF086001A60704700236FF086000B607B
:105CA00070472DE9F041476804463F0A0D46164605
:105CB000984611D107887F0407D4434632462946C7
:105CC0002046BDE8F041FFF7AEBF00F0FAF810F152
:105CD000860FF2D0BDE8F0816FF08600FAE72DE97B
:105CE000F04F476885B03F0A0446DDE90E9A0D463D
:105CF00016469846DDF840B015D1CDE901ABCDF898
:105D0000009000F0CEF810F1860F0ED143463246D7
:105D100029462046CDE90FABCDF8389005B0BDE857
:105D2000F04FFFF7B1BD6FF0860005B0BDE8F08F12
:105D300010B44468240A03D15DF8044BFFF7EEBDAC
:105D40006FF086005DF8044B70472DE9F347476814
:105D50000446DDE90A9A3F0A0D461646984611D1D7
:105D6000CDE9009A00F08DF810F1860F0CD1434672
:105D7000324629462046CDE90A9A02B0BDE8F047EE
:105D8000FFF715BE6FF0860002B0BDE8F08710B4D3
:105D90004468240A03D15DF8044BF1F7BDBA6FF0F3
:105DA00086005DF8044B704713B504464868000A46
:105DB0000AD10498009004F10800F1F75BFA08B9E1
:105DC0001C23236002B010BD6FF08600FAE710B408
:105DD00004681C2C04D15DF8044B0830F1F776BA46
:105DE0006FF086005DF8044B704703681C2B02D1EE
:105DF000083000F070B90020704703681C2B02D1F6
:105E0000083000F041B96FF08600704710B40468A4
:105E10001C2C04D15DF8044B083000F03EB96FF043
:105E200086005DF8044B704703681C2B02D10830D4
:105E300000F041B90020704710B44468240A03D12F
:105E40005DF8044B00F04FB96FF086005DF8044B2D
:105E500070470020704713B5002001AB1446F2F7DD
:105E6000BFF830B9019BA34218BF6FF0930002B096
:105E700010BD6FF09200FAE7002070476FF08500C8
:105E8000704710B4048804F44F44B4F5824F03D132
:105E90005DF8044B00F04EB96FF085005DF8044BDF
:105EA000704710B4048804F44F44B4F5824F03D112
:105EB0005DF8044B00F06EB96FF085005DF8044B9F
:105EC000704710B4048824F0FF04B4F5E24F03D106
:105ED0005DF8044B00F0B1B96FF085005DF8044B3C
:105EE0007047024612F8103B43F3C01303F08703D8
:105EF00012F8011D83EA4103904213704FEA132305
:105F0000F6D170472DE9FF4705468846144622B36F
:105F1000D0F8486100F5947786B94FF01009A04495
:105F20000DF10C0A102CA8EB040237D82346394691
:105F3000384600F0F2F8C5F848410EE0C6F1100905
:105F40004A450FD8B91913460846424600F0E5F80D
:105F5000D5F848312344C5F848310026304604B00E
:105F6000BDE8F087B9F1000F08D0B91942464B4699
:105F7000084600F0D2F8103EC8443444102203AB67
:105F8000019339463B4628460092FFF720FF06461C
:105F90000028C2D02846FFF728FFDFE71023394644
:105FA000384600F0BAF83B46102239462846CDE97B
:105FB000009AFFF70CFF06460028EBD1103CB1E732
:105FC0002DE9F0439846D0F848311746102B044687
:105FD000894685B000F5947500F59C721CD1294660
:105FE000284600F09AF8102203AB019329462B466D
:105FF00020460092FFF7EBFE064630B93A462946A6
:10600000484600F045F9C8F800702046FFF7EDFE5D
:10601000304605B0BDE8F083C618104696F8283122
:1060200083F0800386F82831FFF75BFF10230246D8
:10603000D5E7F0B504460E461746D5B04FF4A67224
:10604000002101A81D4600F049F921463B46324691
:1060500001A8F1F787F8044680B929465A9A01A8A1
:10606000FFF750FF044648B9DDE95C235B9901A8BE
:10607000FFF7A6FF0446204655B0F0BD01A8FFF784
:10608000B4FEF8E7F1F794B890F84C31022B01D147
:10609000FFF738BF6FF08800704710B490F84C419C
:1060A000022C03D15DF8044BFFF78ABF6FF0880024
:1060B0005DF8044B704710B590F84C310446022B44
:1060C00007D1FFF792FE4FF4A8720021204600F09E
:1060D00005F9002010BD08B54FF49072002100F0C2
:1060E000FDF8002008BD10B4048804F44F44B4F552
:1060F000824F03D15DF8044BF1F746B96FF085008C
:106100005DF8044B704703460144002013F8012B4F
:106110008B4240EA0200F9D1704730B50B4411F8C8
:10612000014B12F8015B994284EA050400F8014B27
:10613000F5D130BDF8B505462F881846DDE906369D
:1061400007F4E04CBCF5804F144606D19A421ED8A5
:1061500000F09EF834600020F8BD47F2121297421A
:1061600002D06FF08500F7E7640001349C420ED83E
:1061700004226B883460B3F5807F0270F1D1013066
:10618000F1F78CFA0028E6D06FF08600E4E76FF0B4
:106190008900E1E72DE9F0410E4644F212111F4655
:1061A000038815468B42DDF8208042882ED047F2C6
:1061B00012118B423BD102B9EA00B2F5807F36D191
:1061C000202D03D06FF08600BDE8F08129463046CF
:1061D000FFF799FF0028F5D03046F1F74BFA002879
:1061E000F0D1D8F8004034F48074EBD1069B9D4286
:1061F00020D82A463146384600F04AF8079B204608
:106200001D604FF48073C8F80030DDE71AB9EB0762
:10621000D8D56A08D200B2F5807F08D1412DD1D1FE
:106220003378042BCED1701CF1F72EFAD7E76FF03C
:106230008500C9E76FF08900C6E7F8B51E4647F24A
:1062400012130C4647880188FD1D99424FEAD50577
:1062500002D06FF08500F8BD954216D82946204639
:10626000F0F7A0FB0028F6D129462046FFF74BFFA8
:106270000028F3D0B7F5807FEBD12046F1F7FAF98B
:106280000028EBD120233360E5E76FF08900E2E7D7
:106290000A44431E914200D1704710B511F8014BDA
:1062A000914203F8014FF9D110BD884210B501EBBE
:1062B000020402D98442234607D8431EA14207D0D4
:1062C00011F8012B03F8012FF8E70244824200D1B4
:1062D00010BD13F8011D02F8011DF7E70244034643
:1062E000934200D1704703F8011BF9E7044608B553
:1062F000F4F768FC2046DEF747FF0139024410B589
:10630000904201D1002005E0037811F8014FA3422B
:1063100001D0181B10BD0130F2E7024610B512F88B
:10632000013BA3F14100192811F8010BA0F1410430
:1063300098BF2033192C98BF20301B1A02D1002897
:10634000EDD110BD1846FCE7C9B20346184613F854
:10635000012B12B18A42F9D17047002918BF0020E1
:106360007047034670B51E4613F8014B44B14A1EF0
:1063700001E0A54204D012F8015F002DF9D1F2E747
:10638000301A70BD10B56AB10139841810F8012BAC
:1063900011F8013F9A4203D1A04201D0002AF5D161
:1063A000D01A10BD1046FCE70139034610B532B1D2
:1063B00011F8014F013A03F8014B002CF7D11A44B0
:1063C0000021934200D110BD03F8011BF9E70246FA
:1063D000014410B58A42134603D01C780132002CC8
:1063E000F8D1181A10BD034670B51E4613F8014BBC
:1063F0003CB14A1E01E0A542F7D012F8015F002D22
:10640000F9D1301A70BD2DE9F843C3F137090746B9
:10641000884603F01F055FFA89F91646384641465B
:106420002A460023DAF7BCFE4346D4B23A468846F1
:106430000746092C84BF4C44E4B2AA424FF0000244
:1064400004F13004934106F8014BE7D23046BDE831
:10645000F8832DE9F04F051889B0904641EB01040F
:10646000029304AB284621460093D2E9002300F0B2
:10647000A7F806AB07468946284621460093002523
:10648000D8E9022300F09CF8DDE90423841851EBDD
:106490000306069B28BF0125D8E90012ED18079BCB
:1064A00043F10003791849EB0202B94272EB090289
:1064B000D8E9022134BF01200020A21846EB0101D7
:1064C0008018029A41F10001A042A2F1410A71EB49
:1064D0000602CDF800A034BF012200225219CDE9F6
:1064E000065343F1000300F082F8129BC3E9000158
:1064F000D8E90221DDE90653039114990129D8E96D
:1065000000E027D1A21A0399CDF800A066EB0101A3
:10651000774579EB000034BF01200020101A61F1AB
:106520000001844276EB010234BF01220022AA1A44
:1065300063F1000300F05BF8139BC3E90001DDE9A0
:10654000062320463146CDF800A000F050F809B0EF
:10655000BDE8F08F17EB070B49EB090C14EB0408AF
:1065600046EB0601BB457CEB090934BF0127002738
:1065700018EB070741F10008F3457CEB000C34BF32
:1065800001200020381A68F10001801A039A61EB9B
:1065900002016D195B41A74278EB060234BF01226C
:1065A0000022AD1843F10003874278EB010834BFA5
:1065B00001220022AA1A029DA5F140050095B7E725
:1065C000F0B500240D4606469446A0FB0201224683
:1065D000059FE5FB0C12A446E5FB0324E3FB061C28
:1065E00012EB0C0244F10004C7E90024F0BDF0B541
:1065F000059CC4F14007C4F12006A4F12005E04049
:1066000002FA06F6BB4022FA05F5BA403343C4F15C
:1066100020062B4301FA06F6A4F12005304321FAA7
:1066200005F5E140284319431043F0BD2DE9F04141
:106630000446CE0FC1F30A55C1F3130140F2FF70B7
:10664000167154EA01076BD1002D71D12C462946F1
:10665000002B156060DB0C2B60DCC3F10D05012005
:10666000AD0005F1FF3CA5F12107C5F1210600FAB7
:1066700007F720FA06F600FA0CF03743061847EB46
:106680000708D6F1000E68EB480C013E48F1FF38D0
:10669000264008EA0108B04277EB080810DBC5F194
:1066A0002008B5F1200624FA05F501FA08F858BFCC
:1066B00041FA06F645EA080558BF3543ED0703D50C
:1066C0002018044641EB070104EA0E0401EA0C011C
:1066D0009DF8186018460D250532C6F1270604F00E
:1066E0000F03240944EA0174091163B9A8420DDAC1
:1066F000013DF4D21AE01DB90125A5F2FF35A7E747
:1067000041F48011F9E7092BC8BF9B193033A84227
:106710005355B8BF2846EBE70023D9E70D23D7E749
:106720008542E8D146F0080600201671BDE8F081E8
:106730008542E5D146F00406F6E7D1E904329342FA
:106740001EBF5A1C0A61187070470000E2AAFD7F44
:10675000010000000156010000000000E1320100CC
:10676000000000000000000044680300C54802006B
:1067700000000000054902000000000000000000C9
:10678000846803000000000064680300B31D030078
:106790000000000000000000A468030000000000EA
:1067A000C468030000000000E4680300A1DD0100EC
:1067B00000000000C55101000000000000000000C2
:1067C0000469030085F0010000000000C14D0200D3
:1067D0000000000000000000246903000000000029
:1067E0004469030000000000646903000000000029
:1067F000A46903000000000084690300315D01000A
:10680000000000008B1D030000000000951D030028
:106810000000000000000000C46903000000000048
:10682000E4690300CD56010000000000F95F01009B
:1068300000000000154201000000000099C901009D
:10684000000000008D9A030064890300A06D03001E
:10685000DC080020F431002071CD010000000000B0
:1068600000000000DE9A0300288A0300286D030060
:10687000E6080020B0320020E9D30100000000004B
:1068800064060020EA9A03003C8A0300286D030096
:10689000E8080020BC320020E9D30100000000001D
:1068A00074060020989A030000000000F06C0300BA
:1068B000DE080020000000007F0F03000000000041
:1068C00000000000A79A0300000000008489030074
:1068D000E0080020000000008B0F03000000000013
:1068E000000000001C9B030000000000846D0300FA
:1068F000F2080020DC06002009E001000000000092
:1069000000000000079B0300A4060020686D030040
:10691000EE080020CC320020F1D801000000000079
:1069200000000000B79A030094890300106D030073
:10693000E2080020380600202DD1010000000000F0
:10694000280600207D9A0300840200209083030023
:10695000D8080020280E00200FBB02000000000015
:1069600000000000769A030000000000946D030010
:10697000DA080020EC050020000000000000000004
:1069800000000000C49A030000000000F86C03003F
:10699000E408002000000000F5D201000000000023
:1069A00000000000129B0300B88A03007C6D030006
:1069B000F0080020BC0600201DDB010000000000E4
:1069C000AC060020F69A0300508A03000000000085
:1069D000EA080020C832002005D8010000000000AD
:1069E00084060020FE9A0300808A03004C6D030099
:1069F000EC08002000000000D31803000000000095
:106A00009406002000000000DDCC02000000000021
:106A1000DDCC020000000000DDCC02000000000020
:106A2000DDCC020000000000DDCC0200712003007C
:106A3000531F030000000000DDCC02000000000036
:106A4000DDCC020000000000DDCC020000000000F0
:106A5000DDCC020000000000DDCC020000000000E0
:106A6000DDCC020000000000DDCC0200300300207D
:106A70007D16030000000000DDCC020000000000D5
:106A8000DDCC020000000000DDCC020000000000B0
:106A9000DDCC020000000000DDCC020000000000A0
:106AA000DDCC020000000000DDCC02000000000090
:106AB00031DE010000000000DDCC0200000000001B
:106AC000DDCC0200DC060020572A03000000000095
:106AD000DDCC020000000000DDCC02000000000060
:106AE000DDCC020000000000DDCC02000000000050
:106AF000DDCC020000000000DDCC02000000000040
:106B0000DDCC020000000000DDCC0200BC0600204D
:106B10006F28030000000000DDCC02000000000030
:106B2000DDCC020000000000DDCC0200000000000F
:106B3000DDCC020000000000DDCC020000000000FF
:106B4000DDCC020000000000DDCC020000000000EF
:106B5000DDCC020089FB0100531F0300B1040200D9
:106B6000531F030000000000DDCC02000000000005
:106B7000DDCC020000000000DDCC020000000000BF
:106B8000DDCC020000000000DDCC020000000000AF
:106B9000DDCC020000000000DDCC0200000000009F
:106BA000DDCC020000000000DDCC0200000000008F
:106BB000DDCC020000000000DDCC0200000000007F
:106BC000DDCC020000000000DDCC0200000000006F
:106BD000DDCC020000000000DDCC0200000000005F
:106BE000DDCC020000000000DDCC0200000000004F
:106BF000DDCC020000000000DDCC0200000000003F
:106C0000DDCC020000000000DDCC0200000000002E
:106C1000DDCC020000000000DDCC0200000000001E
:106C2000DDCC020000000000DDCC0200FFFFFFFF12
:106C3000701C0020706800200010000005E70100B3
:106C4000000000000000000000000000070000003D
:106C500000000000499B0300FFFFFFFFFFFFFFFF55
:106C6000381D002070780020001000005DE6010053
:106C7000000000000000000000000000070000000D
:106C800000000000619B0300FFFFFFFFFFFFFFFF0D
:106C9000F81A00207060002000080000F9C8010008
:106CA0000000000000000000000000000E000000D6
:106CB00000000000709A03000000000000000000C7
:106CC000580D0020F03E002000040000112B0100B0
:106CD00000000000000000000000000007000000AD
:106CE00000000000EE910300FFFFFFFFFFFFFFFF2A
:106CF000830F030000000000B515030081D30100DD
:106D00001DD30100EDD2010081150300DDD2010089
:106D100069140300791303009D1203004DD0010094
:106D2000ED1003003DD0010035D40100DD15030056
:106D3000E9150300FD1503000716030011160300F3
:106D400001D601002516030000000000000000002D
:106D5000000000006D180300291803000000000067
:106D60000000000000000000451903002119030085
:106D70003D190300411903006D190300171A0300A0
:106D80000B1A0300311C03006D1C030099DF010086
:106D9000091C0300FF0D03003D0E0300C50D030099
:106DA000D1CD0100D10E0300370F03000000000019
:106DB0006F0E03000000000000000000050000004E
:106DC0001D8E01000600000005B501000400000052
:106DD000B19A010049E4010081E3010000000000D4
:106DE00000000000BD1C030000000000E9E30100FA
:106DF000B91C03003F1D030000000000000000005C
:106E00000000000000000000000000000000000082
:106E1000D5AA0100000000000000000000000000F2
:106E200000000000188803000800000040840300F0
:106E3000070000006C8B0300060000007191030046
:106E4000000000000000000011230100B524010033
:106E50000000000042980300000000000000000055
:106E6000E5590100915C0100000000004D9A03000B
:106E700001000000000000004DF5020000000000CD
:106E8000000000005C9A0300010000000000000008
:106E9000EBFB02000000000000000000549A030019
:106EA00001000000000000001D9F0100E9A9010091
:106EB00000000000689A03000100000000000000CC
:106EC000A5C5010031C4010000000000629A030062
:106ED00001000000000000009DA20100A1A301002C
:106EE00000000000C469030099E0010000000000F8
:106EF000B02100202C000000000000000000000075
:106F000020020020DC21002008000000000000001A
:106F10000000000038020020242400200C000000A3
:106F20000000000000000000680200203A3C002041
:106F300001000000000000000000000050020020DE
:106F40000000000000020020E7AC0200000000008A
:106F5000F801002025AD020000000000F001002033
:106F6000A9200100F06E0300406F0300046F0300CE
:106F70004C6F0300186F0300586F0300FFFFFFFF03
:106F80002507020006000000FF000000FF000000CF
:106F9000FF000000FF000000FF000000FF000000F5
:106FA000FFFFFFFFFFFFFFFFFFFFFFFFFFFFFFFFF1
:106FB00001000000010000000002000000020000CB
:106FC0000000000001030062746C65000000000016
:106FD00000000000000000000000000000000000B1
:106FE00000000000000000000000000000000000A1
:106FF0000000000000000000000100000000000090
:107000000338FDD8704700000100000000000000B8
:107010000500000000000000190000000000000052
:107020007D00000000000000710200000000000070
:10703000350C000000000000093D000000000000C9
:107040002D31010000000000E1F505000000000006
:1070500065CD1D0000000000F90295000000000051
:10706000DD0EE90200000000514A8D0E0000000014
:107070009573C24800000000E941CC6B010000009C
:107080008D49FD1A07000000C16FF2862300000041
:10709000C52EBCA2B1000000D9E9AC2D78030000D8
:1070A0003D9160E45811000031D6E275BC560000F5
:1070B000F52E6E4DAEB10100C9EA2683677808004F
:1070C000ED95C28F055A2A00A1EDCCCE1BC2D3008C
:1070D00025A4000A8BCA2204000000000000000062
:1070E0000000000000000010000000000000000090
:1070F000B9340332B7F4AD1410DB1AB30892540E4E
:107100000D307D951447BA1A66088F4D26ADC66DB1
:10711000F598BF85E2B74511CA96853D92BD1DEB36
:10712000FCA11860DCEF52163C92AE220BB8C1B441
:10713000839D2D5B0562DA1C304C7E8F4E8BB25BDB
:1071400016F4529F8B56A512FBD4827643ED8AF03B
:107150008FE7F9311565191850F19BD94A13EEB430
:10716000284CF0A686C1251F035FC270CB9E49162E
:10717000E642889C44EB2014B0650836AD6EA585C8
:1071800085F0CA14E2FD031A0B899979D5B13D093E
:10719000D8DA973A35EBCF10AC363F5E73BB38CFB9
:1071A0003E6752FA44AFBA1501000000000000002B
:1071B0000000000000000020345065C05FC9A652E6
:1071C000BB13CBAEC440C21806C8DF7100D5A87C83
:1071D000F56F0FDA58FC27136E4756357D2420656E
:1071E00002C7E768E48CA41DE9E60268D7CD3961DF
:1071F0007977FCC2405BEF16798CDE43FFA751F92B
:1072000091F3B278F5BDBE11E857E9D6E8BEE87B48
:10721000B054AC8F848D751BEA23A499E9F9D38B04
:10722000B7A3714061DA3E15CEE33ECB73F948084F
:107230008C97B427D51B7010A2BFEFB9EB85321520
:107240004DB44DB49BBB6F1996B6076CF8E7EEAD25
:1072500036D9B4F59135AE13222218AF4E6A684D77
:1072600091DAAA3D4F40741E9FBD9EE006A1C098D2
:1072700057C2A7FDA40E90170E7D497173E3208FAE
:10728000B220D87605143B12853D7434811343B087
:10729000AD297A5F27F4351CD8730300B072030060
:1072A00000000000000000004B000000250300006B
:1072B000F4790300CC7903004479030018790300C2
:1072C000F8780300D8780300B8780300E07703006B
:1072D000687703003C7703008C7803006C78030028
:1072E000107703004C780300B47603008C79030018
:1072F00064790300907703002C7803003476030050
:10730000AC790300B877030008780300E87603003F
:10731000A47C0300847C0300647C0300447C0300A1
:10732000207C03006C7B0300407B0300187B030080
:10733000907B0300787A0300FC7B0300F07A030063
:10734000D87B0300C87A0300B47B0300A07A030053
:10735000DC800300B0800300BC8103009C8103003B
:10736000588103002C8103007C8103008C80030082
:10737000688003004080030010800300EC7F03005E
:10738000BC7F0300847F03004C7F0300107F030059
:10739000387E0300107E0300EC7D0300A87D03000F
:1073A000F07E0300B87E03008C7E0300647E030041
:1073B0007C7D0300587D03002C7D0300F0820300D8
:1073C000C4820300A4820300788203004482030085
:1073D000DC81030000000000051201000000010034
:1073E0000911010004000400913801400C00011053
:1073F000953801400C002110993801400C00011013
:107400009D3801400C000A10A13801400C00011009
:10741000A53801400C000110A93801400C000110F2
:10742000AD3801400C002110B13801400C00211092
:10743000B53801400C000A10B93801400C0010109A
:10744000BD3801400C000110C13801400C00101083
:10745000C53801400C000110C93801400C0014105F
:10746000CD3801400C000110D13801400C00211032
:10747000D53801400C002110D93801400C00011012
:10748000DD3801400C006C10E13801400C000110A7
:10749000E53801400C002110E93801400C000110D2
:1074A000ED3801400C000210213801400C00013081
:1074B000253801400C000130293801400C00013012
:1074C0002D3801400C000130313801400C000430EF
:1074D000353801400C000130393801400C00B8301B
:1074E0003D3801400C000830413801400C000430A8
:1074F000453801400C000830493801400C00043088
:107500004D3801400C000830513801400C00043067
:10751000553801400C000830593801400C00043047
:107520005D3801400C000830413801400C00F86023
:10753000453801400C000C60D13801400C0001704E
:10754000D53801400C000170D93801400C000170A1
:10755000DD3801400C00E470E13801400C0001709E
:10756000613801400C000190653801400C00019029
:10757000693801400C001B906D3801400C002490CC
:10758000713801400C000190753801400C001D90CD
:10759000793801400C0028907D3801400C00E090C3
:1075A000813801400C002A90853801400C00089079
:1075B000893801400C0002908D3801400C00019088
:1075C000913801400C001890953801400C00019052
:1075D000993801400C002C909D3801400C001C9003
:1075E000A13801400C000890A53801400C00039020
:1075F000A93801400C000190AD3801400C00039007
:10760000813801400C0006C0853801400C0008C0DC
:10761000893801400C0001C08D3801400C0008C0C1
:10762000913801400C001BC0953801400C00D0C0BF
:1076300000000000507603004C76030000000000BC
:1076400000000000160000002A00000000000000FA
:107650000517010000002100091701002100310079
:107660000C125440281258102C12591030125A1073
:1076700034125B1038125C103C125D1040125E1028
:1076800044125F10481260104C12611050126210C8
:1076900054126310581264105C1265106012661068
:1076A00064126710A0106810A4106910A8106A1066
:1076B00000000000D0760300CC760300000000003C
:1076C00000000000050000000500000000000000B0
:1076D00004100010081404400C11084010140C4051
:1076E000141410400000000004770300007703002A
:1076F0000000000000000000020000000200000086
:10770000000000000412001008100110000000002A
:10771000307703002877030000000000000000001D
:107720000100000001000000147A030000000000C6
:107730000518014004000C00000000005C77030005
:10774000547703000000000000000000010000006A
:1077500001000000407A030000000000051801202D
:107760000200080000000000847703008077030017
:107770000000000000000000010000000100000007
:1077800000000000051701000000210000000000BB
:10779000AC770300A87703000000000000000000A1
:1077A00001000000010000000000000005170100BA
:1077B0000000210000000000D4770300D077030010
:1077C00000000000000000000100000001000000B7
:1077D000000000000517010000002100000000006B
:1077E000FC770300F87703000000000000000000B1
:1077F000010000000100000000000000051701006A
:10780000000021000000000024780300207803001D
:107810000000000000000000010000000100000066
:10782000000000000412001000000000487803006F
:107830004478030000000000000000000000000089
:107840000000000000000000000000006878030055
:107850006478030000000000000000000000000049
:107860000000000000000000000000008878030015
:107870008478030000000000000000000000000009
:10788000000000000000000000000000AC780300D1
:10789000A4780300000000000000000001000000C8
:1078A00001000000147A03000000000005180140E8
:1078B00004000C0000000000D4780300D07803001E
:1078C00000000000000000000000000000000000B8
:1078D0000000000000000000F4780300F0780300CE
:1078E0000000000000000000000000000000000098
:1078F000000000000000000014790300107903006C
:107900000000000000000000000000000000000077
:107910000000000000000000387903003079030007
:107920000000000000000000010000000100000055
:10793000407A030000000000051801200200080042
:1079400000000000607903005C7903000000000083
:107950000000000000000000000000000000000027
:1079600000000000807903007C7903000000000023
:107970000000000001000000010000000000000005
:10798000051701000000210000000000A879030095
:10799000A4790300000000000000000000000000C7
:1079A000000000000000000000000000C879030093
:1079B000C479030000000000000000000000000087
:1079C000000000000000000000000000E879030053
:1079D000E479030000000000000000000100000046
:1079E0000100000000000000051701000000210058
:1079F00000000000107A03000C7A03000000000071
:107A00000000000000000000000000000000000076
:107A100000000000307A03002C7A03000000000010
:107A20000000000003000000030000000000000050
:107A300004110040081104400C110840000000002F
:107A40005C7A0300587A0300000000000000000088
:107A500006000000060000000000000004110010F5
:107A6000081101100C110210101103101411041050
:107A70001811062000000000947A0300907A030099
:107A800000000000000000000200000002000000F2
:107A90000000000004110040081104400000000034
:107AA000BC7A0300B87A0300000000000000000068
:107AB000020000000200000000000000041100406D
:107AC0000814044000000000E47A0300E07A030098
:107AD00000000000000000000200000002000000A2
:107AE00000000000041100400814044000000000E1
:107AF0000C7B0300087B0300000000000000000076
:107B0000020000000200000000000000041100401C
:107B10000814044000000000347B0300307B0300A5
:107B20000000000000000000020000000200000051
:107B30000000000004110040081404400000000090
:107B4000607B0300587B0300000000000000000081
:107B50000100000001000000C47C030000000000E0
:107B6000052805400400240000000000887B030075
:107B7000847B030000000000000000000100000002
:107B800001000000000000000410001000000000D0
:107B9000AC7B0300A87B0300000000000000000095
:107BA000010000000100000000000000041100407E
:107BB00000000000D07B0300CC7B0300000000002D
:107BC00000000000010000000100000000000000B3
:107BD0000411004000000000F47B0300F07B030070
:107BE0000000000000000000010000000100000093
:107BF000000000000411004000000000187C030099
:107C0000147C0300000000000000000001000000E0
:107C1000010000000000000004110040000000000E
:107C20003C7C0300387C03000000000000000000E2
:107C300001000000010000000000000004110040ED
:107C400000000000607C03005C7C0300000000007A
:107C50000000000000000000000000000000000024
:107C600000000000807C03007C7C0300000000001A
:107C70000000000000000000000000000000000004
:107C800000000000A07C03009C7C030000000000BA
:107C900000000000000000000000000000000000E4
:107CA00000000000C07C0300BC7C0300000000005A
:107CB00000000000000000000000000000000000C4
:107CC00000000000E87C0300DC7C030000000000F2
:107CD000000000000300000003000000007D03001E
:107CE000007D03000000000004110040091801405D
:107CF00008000C000D18014018000C0000000000E6
:107D00001C7D0300187D030000000000000000003F
:107D10000300000003000000000000000414004005
:107D2000081404400C14084000000000487D0300C3
:107D3000447D03000000000000000000030000007C
:107D400003000000000000000412001008120110DF
:107D50000C12021000000000747D0300707D03000F
:107D60000000000000000000010000000100000011
:107D7000000000000412001000000000987D0300C5
:107D8000947D0300000000000000000003000000DC
:107D9000030000000000000004120010081201108F
:107DA0000C12021000000000C47D0300C07D03001F
:107DB00000000000000000000900000009000000B1
:107DC0000000000004120010081201100C11044001
:107DD0001011084014110C40181110401C10141000
:107DE000201015102410161000000000087E03005B
:107DF000047E0300000000000000000001000000FD
:107E0000010000000000000004120010000000004B
:107E10002C7E0300287E030000000000000000000C
:107E20000200000002000000000000000412001028
:107E30000812011000000000547E0300507E030071
:107E4000000000000000000003000000030000002C
:107E50000000000004120010081201100C11044070
:107E600000000000807E03007C7E03000000000014
:107E700000000000020000000200000000000000FE
:107E8000041200400810041000000000A87E030047
:107E9000A47E0300000000000000000002000000BB
:107EA00002000000000000000517010000001B0098
:107EB00008101B1000000000D47E0300D07E0300D9
:107EC00000000000000000000500000005000000A8
:107ED000000000000517010000001B0008121C40F4
:107EE0000C10201010122440141228400000000032
:107EF0000C7F0300087F030000000000000000006A
:107F00000000000000000000000000000000000071
:107F10002C7F0300287F0300000000000000000009
:107F20000400000004000000000000000412001023
:107F300009170100010011000D220D20140001009D
:107F4000112206202400010000000000687F0300C9
:107F5000647F030000000000000000000400000037
:107F600004000000000000000517010000001B00D5
:107F700008121C400D1601002000BC001010DC107F
:107F800000000000A07F03009C7F030000000000B1
:107F900000000000050000000500000000000000D7
:107FA0000517010000001B0008121C400C122010D5
:107FB000101221101412244000000000D87F03008A
:107FC000D47F030000000000000000000300000058
:107FD000030000000000000004120010081201104D
:107FE0000D17010002001B000000000008800300C4
:107FF00004800300000000000000000001000000F9
:108000000100000000000000041200100000000049
:108010002C80030028800300000000000000000006
:10802000030000000300000000000000051701002D
:1080300000001B0008121C400C1220400000000031
:108040005C80030058800300000000000000000076
:108050000100000001000000000000000517010001
:1080600000001B00000000008480030080800300EB
:1080700000000000000000000100000001000000FE
:10808000000000000412001000000000A88003009F
:10809000A4800300000000000000000001000000B8
:1080A00001000000000000000412001000000000A9
:1080B000CC800300C8800300000000000000000026
:1080C0000300000003000000000000000412001084
:1080D000081104400C11081000000000F880030093
:1080E000F480030000000000000000000600000013
:1080F0000600000000000000051201000000010061
:10810000091601000200CA000D110100CC00040094
:1081100011110100D000040015160100D400220046
:1081200019110100F6000100000000004881030061
:108130004481030000000000000000000200000075
:108140000200000000000000051601000000DE0033
:108150000812E040000000007481030070810300F9
:10816000000000000000000001000000010000000D
:1081700000000000041000100000000098810300BF
:1081800094810300000000000000000000000000D7
:10819000000000000000000000000000B8810300A3
:1081A000B481030000000000000000000000000097
:1081B000000000000000000000000000D881030063
:1081C000D481030000000000000000000000000057
:1081D000000000000000000000000000FC8103001F
:1081E000F481030000000000000000000600000011
:1081F00006000000208203000000000004120010AE
:10820000081204400D1601000800BC001010C41034
:108210001412C84019180110CD0001000000000020
:108220003C820300388203000000000000000000D0
:108230000100000001000000000000000412001016
:1082400000000000608203005C8203000000000068
:108250000000000004000000040000000000000016
:108260000412001009170100010018000C12191067
:1082700010121A1000000000948203009082030084
:1082800000000000000000000200000002000000EA
:108290000000000004120020092204200400010054
:1082A00000000000C0820300BC8203000000000048
:1082B00000000000000000000000000000000000BE
:1082C00000000000E0820300DC82030000000000E8
:1082D000000000000200000002000000000000009A
:1082E0000412002009220420040001000000000004
:1082F0000C8303000883030000000000000000005E
:108300000100000001000000000000000522042020
:10831000020001000000000001000000938F030034
:1083200002000000978F030004000000A08F0300EC
:1083300008000000A98F030010000000AF8F0300A9
:1083400020000000B88F030040000000BE8F030033
:1083500080000000C78F030000010000CE8F0300E3
:10836000C1AC0200811F0100000000009DAC0200B2
:10837000252001000000000079AC0200E91F010087
:108380000000000055AC0200E3AB0200000000005A
:108390003933010051BB0200953501000000000097
:1083A000E1350100D13601008BB90200FFB90200AE
:1083B00093B90200C5B90200AFB9020099B9020031
:1083C000000000000000000081BC020073BC02003D
:1083D0007DBC020071BC0200000000000000000033
:1083E000000000000000000061BC02000500000069
:1083F000000000000000000000000100846903008C
:10840000010000000000010000800E0084690300EC
:108410000200000000800F0000800000846903005B
:1084200003000000000000000080710024690300C8
:10843000040000000080710000800E002469030029
:10844000308F03004FF80200000000002C8F030063
:1084500000000100288F030043FD0200000000001F
:10846000C402002000000100208F03003FC9020069
:10847000F7C8020000000000000009001C8F030084
:1084800043FD020000000000BC02002000000100CB
:10849000148F0300C3C802000000000000000000A9
:1084A00000000100108F030043FD020000000000E7
:1084B000B402002000000100088F03001D3E0100EF
:1084C000000000000000000000000100D940010091
:1084D00000000000000000000000000039CB020096
:1084E000000000001DCB020000000000B7CC02001D
:1084F00004030020FC020020F40200200000000021
:10850000EC02002075430100454201009942010040
:108510000D430100000000200000000006000100E3
:10852000020000002885030000000000CC97030033
:1085300002000000E0FF0F0000000020D4970300BD
:1085400021000000E0FF06200C030020C1520100C2
:1085500000000000BDCD0200FBCF0200EBCF020007
:10856000000000003D580100E7D002001BD10200CE
:108570004FD1020085D10200ABD10200DBD1020055
:1085800007D20200E958010039D202005159010016
:10859000CFD3020099D20200CFD2020003D302004F
:1085A00045D302004BD4020079D30200895901005F
:1085B0004C850300C0850300470000000000000058
:1085C0009CAB01204C850300D4850300FB01000017
:1085D000000000008CB101204C850300E8850300F9
:1085E00047000000000000002CD701204C8503004C
:1085F000FC85030002010000000000004CD80120AF
:108600000E030000A16B01000F0400009D6C01002F
:108610001A01000041D7020005040000A55F010017
:108620001301000027D902003E0100007161010022
:1086300001120000BFD902000A1E0000C1D90200C9
:10864000FF010000496001003E0100006960010077
:1086500005040000CBD7020008040000C3DA0200C2
:10866000300300005DDA020010010000F3D70200C1
:1086700001120000396B01000A1E00000DDC02002F
:108680000309000033D80200040B0000ADD802003B
:10869000060A0000E1DC0200070A0000FBD7020026
:1086A0000C050000E5D90200050C000019DC0200F1
:1086B00012050000C17A010013080000CBE202009D
:1086C0004C850300D0860300030100000000000079
:1086D00068D901204C850300E486030000000000F7
:1086E0000000000050ED01204C850300F8860300D7
:1086F0000001000000000000A0ED0120F9E60200EA
:108700004BE7020000000000000000000000000035
:10871000F5E802000000000000000000000000007A
:10872000000000000202010091ED020004040100BB
:10873000C592010006060100219501000804010010
:10874000E19501000A02010079ED02000C0401002C
:1087500061ED02000E040100C1930100200401003C
:108760005594010010040100F59601001202010069
:1087700023EE02001E000400EFF30200520200008C
:1087800049EE0200010402003D9E010003020200C6
:1087900085F3020005010200B7F30200070402009E
:1087A000C7F3020009010200CBF302000B00020034
:1087B000CFF302000D000200D3F302000F0002000D
:1087C000D7F3020021020200DBF3020011010200D4
:1087D000DFF3020013000200E3F3020017040200BB
:1087E000E7F3020019000200EBF302001B02030092
:1087F000A7EA02001D020500E3EA020023040300C9
:1088000095EA02004C850300148803000201000071
:108810000000000030F90120608F03004FF80200D3
:10882000000000005C8F030000000100588F03006F
:1088300043FD0200000000009C0500200000010034
:10884000508F030000000000000000000000000046
:10885000000000004C8F030021F80200A9A40100D1
:10886000A405002000000300488F030043FD020020
:10887000000000009405002000000100408F03006C
:1088800087F802001DFB020000000000000003004A
:108890003C8F030043FD0200000000008C05002017
:1088A00000000100348F0300F5A801000000000063
:1088B000000000000000010081BC01001F0A03004D
:1088C00079C101000000000000000000D9BF0100D4
:1088D0000000000000000000000000000000000098
:1088E000000000000000000095BA01000600000032
:1088F0002B07030006000000CB0603001000000059
:1089000061B6010010000000D5090300010000005D
:108910006703030010000000270703000A0000009F
:1089200057040300100000005DC0010007000000B4
:108930002F070300100000000504030001000000E1
:1089400095B90100400000006F0603001000000010
:108950004B040300010000002DCD0100FDCC0100FF
:108960000000000081CE010001CE01007B0F03005A
:10897000770F03005F0F03006B0F0300590F030015
:10898000650F0300A10F03000000000004000000B9
:1089900000FF0000000000000000000000000000D8
:1089A00000000000000000000000000000000000C7
:1089B000040300000000000BF401000000010100AE
:1089C00000008000C2281700CC89030000B00250CC
:1089D000D889030002000000008A0300060000009E
:1089E000E8890300060100001180001D0D80001FB2
:1089F0000E8000200F800021108000221286001EB1
:108A00001118001D0D18001F0E1800200F1800214E
:108A1000101800221218001E0008000000100000AC
:108A20000400000000FF0000FFFF00000028845049
:108A3000300300200000000001000000FFFFFFFFE6
:108A400000258450300300200000000000000000DA
:108A50001E00000002000000688A0300C01B002006
:108A6000A1D7010000000000846803001700110076
:108A700001000000846803001800110002000000DB
:108A800003000000888A0300A469030000000000BE
:108A9000002D310101000000A46903000100000065
:108AA000002D310101000000A46903000200000054
:108AB000002D310101000000000000000000000056
:108AC00000000000000000000000000000040000A2
:108AD000E803020101010000023C00200400000044
:108AE0000000000000000000F08A03000024F400F1
:108AF00000100250FC8A030002000000188B0300E3
:108B0000030000000C8B0300030100001C80001612
:108B10001D8000171E8000181C0001161D00011783
:108B20001E000118A469030000000000002D31019F
:108B300001000000A469030001000000002D3101C4
:108B400001000000A469030002000000002D3101B3
:108B500001000000846803001700110001000000FC
:108B6000846803001800110002000000788F0300E1
:108B70004FF8020000000000F1A003000000010017
:108B8000748F030043FD0200000000006407002012
:108B900000000100CFA00300000000000000000062
:108BA0000000000000001000708F030021F8020098
:108BB000A9A4010070330020000030006C8F030076
:108BC00043FD0200000000005C07002000000100DF
:108BD000ADA00300000000001DE301000000000044
:108BE0000000300001010000A50800200100000085
:108BF000040000000800000003000000080000005E
:108C000003000000969B0300A99B0300BC9B03008C
:108C1000CF9B0300E29B0300F59B0300089C03002D
:108C20001B9C0300000000006410B71DC8206E3BB1
:108C3000AC30D9269041DC76F4516B6B5861B24D63
:108C40003C7105502083B8ED44930FF0E8A3D6D6CD
:108C50008CB361CBB0C2649BD4D2D38678E20AA035
:108C60001CF2BDBD546703005C670300AC670300E2
:108C7000B46703003468030044680300BD9E03002A
:108C80000001000000000000DD620300512563FCCC
:108C9000C2CAB9F3849E17A7ADFAE6BCFFFFFFFF77
:108CA000FFFFFFFF00000000FFFFFFFFAAAAAAAA24
:108CB000AAAAAAAAAAAAAAAA5555555555555555BC
:108CC000555555550000000055555555522563FC26
:108CD000C2CAB9F3849E17A7ADFAE6BCFFFFFFFF37
:108CE000FFFFFFFF00000000FFFFFFFF512563FCB7
:108CF000C2CAB9F3849E17A7ADFAE6BCFFFFFFFF17
:108D0000FFFFFFFF00000000FFFFFFFF96C298D8A3
:108D10004539A1F4A033EB2D817D0377F240A463A4
:108D2000E5E6BCF847422CE1F2D1176BF551BF37AD
:108D30006840B6CBCE5E316B5733CE2B169E0F7C80
:108D40004AEBE78E9B7F1AFEE242E34F4B60D2274D
:108D50003E3CCE3BF6B053CCB0061D65BC86987643
:108D600055BDEBB3E7933AAAD835C65AFCFFFFFFCF
:108D7000FFFFFFFFFFFFFFFF0000000000000000FB
:108D80000000000001000000FFFFFFFFFF8FFFFF5A
:108D9000FF8FFFFFFE8FFFFFFE8FFFFFFD8FFFFFA7
:108DA000FC8FFFFFFC8FFFFFFB8FFFFF4661696CAD
:108DB00020746F2061637175697265206D757465CB
:108DC000780A00004661696C20746F20696E6372D6
:108DD0006561736520504D20636F756E7465720A0E
:108DE000000000006D757465785F667265652063CC
:108DF000616C6C65642077697468204E554C4C201A
:108E0000706172616D6574657200000043616E2768
:108E10007420696E697469616C697A65206D757416
:108E200065782C20776173204E554C4C0D0A00005C
:108E3000466174616C206572726F7200436F756C6D
:108E400064206E6F74206C6F636B20706F77657237
:108E50002073617665206D757465780000000000F0
:108E600000000000000000000000000000000040C2
:108E7000955969595555545515555556040515417B
:108E80001054554045515544404550445055554562
:108E900000400040400444966555565545404554B1
:108EA000514115405591555555554051050100000A
:108EB0005445545445550504001004101404400052
:108EC00000000140555515415404000044000100C4
:108ED00000000040410000445044455054005555A6
:108EE000545565510040004001000001000501009B
:108EF000115451515455550500154150000004407E
:108F000010010405000000000000042A0000042AEB
:108F1000000003280000012A0000012A00000328A5
:108F20000000002A0000002A0000032800000018AA
:108F30000000002800002A2B00002A2B0000032834
:108F40000000292B0000292B000003280000022923
:108F50000000052A0000052A00000328000001186F
:108F6000000000280C000C00000090010000032805
:108F700000000229000003280000002877C295F3B2
:108F800060D2EF7F3552500F2CB679802B002573BD
:108F900025730070696E00736F6674776172650087
:108FA00062726F776E6F757400706F77657200779D
:108FB00061746368646F67006465627567007365F8
:108FC0006375726974790077616B657570006C6F99
:108FD000636B75700053657474696E677320696E96
:108FE000697469616C697A6174696F6E2066616920
:108FF0006C6564004C45447320696E697469616CEA
:10900000697A6174696F6E206661696C656400429B
:109010007574746F6E20696E697469616C697A61C8
:1090200074696F6E206661696C6564005761746372
:1090300068646F6720696E697469616C697A6174CC
:10904000696F6E206661696C6564004C45442073ED
:1090500065727669636520696E697469616C697AA5
:109060006174696F6E206661696C656400426C753D
:1090700065746F6F746820696E697469616C697A70
:109080006174696F6E206661696C65640044657621
:10909000696365206D6F64756C6520696E697469BC
:1090A000616C697A6174696F6E206661696C656470
:1090B0000053656E736F7273206D6F64756C6520FD
:1090C000696E697469616C697A6174696F6E206632
:1090D00061696C65640044657669636520757064D8
:1090E000617465206D6F64756C6520696E69746963
:1090F000616C697A6174696F6E206661696C656420
:10910000005761746368646F6720736574757020BD
:109110006661696C6564006465766963652F756175
:109120007274006170706C69636174696F6E2F6432
:1091300065766963652F73657269616C007075622D
:109140006C69630030303A30303A30303A30303A7F
:1091500030303A30300046463A46463A46463A467D
:10916000463A46463A4646003030303030303030AD
:10917000006170706C69636174696F6E006170701A
:109180006C69636174696F6E2F6465766963652FBE
:109190006D616300454D4245444F580025732E25AF
:1091A0007300312E302E32370072616E646F6D00A5
:1091B0007075626C69632D69640072616E646F6DB5
:1091C0002D69640030782530327800253032583AE5
:1091D000253032583A253032583A253032583A251F
:1091E0003032583A253032582028257329006C65D2
:1091F000645F7468726561645F6964006E7266358D
:10920000333430646B2F6E7266353334302F6370B5
:1092100075617070006E52463533343020444B0017
:109220004661696C656420746F207265626F6F744B
:109230003A207370696E6E696E6720656E646C6546
:1092400073736C792E2E2E0A002A2A2A20426F6F01
:1092500074696E6720454D42496F54202862792019
:10926000454D4245444F58204C414253204C746474
:109270002E292076312E302E32372D32336232664F
:1092800066386339336639202A2A2A0A002A2A2AAC
:10929000205573696E67206E524620436F6E6E656F
:1092A00063742053444B2076332E342E312D62329A
:1092B00030663836313962613961202A2A2A0A003B
:1092C0002A2A2A205573696E67205A657068797258
:1092D000204F532076342E342E322D3333666136B0
:1092E00061376161633661202A2A2A0A006D75742C
:1092F00065785F696E69742063616C6C6564207762
:10930000697468204E554C4C20706172616D6574B3
:10931000657200436F756C64206E6F7420616C6CB5
:109320006F63617465206D75746578206265666F22
:10933000726520696E697469616C697A696E67002B
:1093400072302F61313A2020307825303878202053
:1093500072312F61323A2020307825303878202041
:1093600072322F61333A20203078253038780A0065
:1093700072332F61343A20203078253038782072CB
:1093800031322F69703A20203078253038782072B9
:1093900031342F6C723A20203078253038780A002A
:1093A00020787073723A20203078253038780A009F
:1093B000735B2532645D3A20203078253038782080
:1093C00020735B2532645D3A202030782530387870
:1093D0002020735B2532645D3A20203078253038B8
:1093E000782020735B2532645D3A20203078253068
:1093F00038780A0066707363723A2020307825301E
:1094000038780A004661756C74696E6720696E73FE
:109410007472756374696F6E2061646472657373CE
:1094200020287231352F7063293A20307825303862
:10943000780A00556E68616E646C6564204952510B
:109440006E3A2025640A002A2A2A2A2A20555341E6
:109450004745204641554C54202A2A2A2A2A0A00E8
:1094600020204469766973696F6E206279207A657D
:10947000726F0A002020556E616C69676E6564200A
:109480006D656D6F7279206163636573730A002087
:1094900020537461636B206F766572666C6F772002
:1094A00028636F6E746578742061726561206E6FD9
:1094B000742076616C6964290A0020204E6F206355
:1094C0006F70726F636573736F7220696E737472FD
:1094D000756374696F6E730A002020496C6C656750
:1094E000616C206C6F6164206F66204558435F5249
:1094F000455455524E20696E746F2050430A002027
:1095000020496C6C6567616C20757365206F6620FF
:1095100074686520455053520A00202041747465D8
:109520006D707420746F206578656375746520753F
:109530006E646566696E656420696E7374727563C6
:1095400074696F6E0A002A2A2A2A2A20425553205B
:109550004641554C54202A2A2A2A2A0A0020205300
:109560007461636B696E67206572726F720A0020A6
:1095700020556E737461636B696E67206572726FDC
:10958000720A0020205072656369736520646174FB
:109590006120627573206572726F720A002020422A
:1095A00046415220416464726573733A20307825D5
:1095B000780A002020496D707265636973652064C4
:1095C00061746120627573206572726F720A002087
:1095D00020496E737472756374696F6E206275735F
:1095E000206572726F720A002020466C6F61746988
:1095F0006E672D706F696E74206C617A7920737458
:1096000061746520707265736572766174696F6EDE
:10961000206572726F720A002A2A2A2A2A204D5067
:1096200055204641554C54202A2A2A2A2A0A00202D
:1096300020537461636B696E67206572726F72206C
:1096400028636F6E746578742061726561206D693E
:10965000676874206265206E6F742076616C69643F
:10966000290A00202044617461204163636573739B
:109670002056696F6C6174696F6E0A0020204D4D31
:1096800046415220416464726573733A20307825F4
:10969000780A002020496E737472756374696F6E66
:1096A000204163636573732056696F6C6174696FE1
:1096B0006E0A00526573657276656420457863654D
:1096C0007074696F6E20280053707572696F7573BE
:1096D00020696E7465727275707420284952512029
:1096E00000535053454C20696E2074687265616464
:1096F000206D6F646520646F6573206E6F742069E0
:109700006E646963617465205053500A002A2A2AE6
:109710002A2A2048415244204641554C54202A2AA6
:109720002A2A2A0A002020427573206661756C740B
:10973000206F6E20766563746F72207461626C6551
:1097400020726561640A00202044656275672065A7
:1097500076656E740A0020204661756C742065730E
:1097600063616C6174696F6E202873656520626542
:109770006C6F77290A00415243485F455843455072
:1097800054207769746820726561736F6E20257844
:109790000A0A002A2A2A2A2A204465627567206D4F
:1097A0006F6E69746F7220657863657074696F6E2F
:1097B000202A2A2A2A2A0A002A2A2A2A2A20257323
:1097C00020256429202A2A2A2A2A0A00464C4153A5
:1097D000485F30005352414D5F3000657869740036
:1097E00061626F727428290A002F006E616D650036
:1097F00062742F25732F253032782530327825304A
:109800003278253032782530327825303278257517
:109810002F25730062742F25732F25303278253061
:10982000327825303278253032782530327825303C
:10983000327825750062742F2573005A6570687937
:1098400072006274004254204C5720575100287017
:1098500075626C696329002872616E646F6D2900FE
:10986000287075626C69632D696429002872616EC5
:10987000646F6D2D6964290061636C5F696E5F7050
:109880006F6F6C006469736361726461626C655FC1
:10989000706F6F6C0073796E635F6576745F706F65
:1098A0006F6C00574553545F544F504449522F7AC0
:1098B00065706879722F7375627379732F626C7536
:1098C00065746F6F74682F686F73742F6863695F56
:1098D000636F72652E630062745F6863695F6576AB
:1098E000745F6765745F666C616773286864722D66
:1098F0003E657674292026202831554C203C3C209A
:109900002831292900415353455254494F4E20468E
:1099100041494C205B25735D20402025733A256426
:109920000A006576745F666C6167732026202831B3
:10993000554C203C3C2028302929006275660009DE
:10994000556E61626C6520746F20616C6C6F632072
:10995000666F7220486F7374204E43500A00657220
:1099600072203D3D20300009556E61626C652074A7
:109970006F2073656E6420486F7374204E435020CF
:1099800028657272202564290A0009436F6E74727B
:109990006F6C6C657220756E726573706F6E736933
:1099A00076652C20636F6D6D616E64206F70636FE0
:1099B0006465203078253034782074696D656F7562
:1099C000742077697468206572722025640A0042E9
:1099D0005420525820575100312E306200312E3120
:1099E00000312E3200322E3000322E3100332E3034
:1099F00000342E3000342E3100342E3200352E301B
:109A000000352E3100352E3200352E3300352E3400
:109A100000362E3000362E3100362E3200362E33F0
:109A2000006863695F636D645F706F6F6C0066727E
:109A300061676D656E74730061636C5F74785F70ED
:109A40006F6F6C006174745F706F6F6C0062742F65
:109A50006363630062742F686173680062742F63CC
:109A6000660062742F73630062742F6B65797300F4
:109A7000696E7075740062745F6863695F697063B2
:109A800030006E72665F62745F68636900636C6F5A
:109A9000636B403530303000656E74726F70795F83
:109AA00062745F6863690063727970746F40353007
:109AB000383434303030006D7832357236343335E6
:109AC00066403000666C6173682D636F6E74726FF0
:109AD0006C6C65724035303033393030300067702F
:109AE000696F40383432383030006770696F403801
:109AF000343235303000627574746F6E7300707775
:109B00006D5F6C656473006D626F784032613030F8
:109B1000300070776D4032313030300077617463DF
:109B200068646F6740313830303000253032583A41
:109B3000253032583A253032583A253032583A25B5
:109B40003032583A2530325800626C655F6D6F6470
:109B5000756C655F72785F7468726561645F696473
:109B600000626C655F6D6F64756C655F74785F74BF
:109B700068726561645F696400756E7265676973B8
:109B80007465726564202573206275730A006765C9
:109B90006E65726963006D6574616C3A20656D6510
:109BA0007267656E63793A20006D6574616C3A2066
:109BB000616C6572743A2020202020006D6574610C
:109BC0006C3A20637269746963616C3A2020006D9D
:109BD0006574616C3A206572726F723A20202020A1
:109BE00020006D6574616C3A207761726E696E67F2
:109BF0003A202020006D6574616C3A206E6F7469A4
:109C000063653A20202020006D6574616C3A2069FC
:109C10006E666F3A202020202020006D6574616CF4
:109C20003A2064656275673A2020202020002E2E9D
:109C3000006C6974746C6566730073747265616D31
:109C40002066756C6C00696F206572726F720069B6
:109C50006E76616C696420646174615F73697A65B2
:109C600000696E76616C6964206669656C64207455
:109C7000797065007375626D73672073697A65200A
:109C80006368616E676564006279746573207369E7
:109C90007A65206578636565646564007A65726FCE
:109CA0002D6C656E67746820737472696E670075D9
:109CB0006E7465726D696E61746564207374726927
:109CC0006E6700696E76616C6964206669656C64B4
:109CD0002064657363726970746F72006D69737369
:109CE000696E672072657175697265642066696561
:109CF0006C640063616C6C6261636B206572726F8F
:109D000072006172726179206D61782073697A6581
:109D100020657863656564656400286E6F6E6529EB
:109D200000696E76616C696420657874656E73692C
:109D30006F6E00656E642D6F662D73747265616D54
:109D400000766172696E74206F766572666C6F77EB
:109D500000696E76616C696420776972655F7479F9
:109D6000706500706172656E742073747265616DE8
:109D700020746F6F2073686F72740077726F6E67F4
:109D80002077697265207479706500696E74656703
:109D9000657220746F6F206C617267650062797400
:109DA0006573206F766572666C6F77006E6F206DDD
:109DB000616C6C6F6320737570706F72740073697F
:109DC0007A6520746F6F206C6172676500737472BE
:109DD000696E67206F766572666C6F7700696E6377
:109DE0006F7272656374206669786564206C656E55
:109DF0006774682062797465732073697A6500619D
:109E000072726179206F766572666C6F7700666139
:109E1000696C656420746F20736574206465666185
:109E2000756C7473007375626D73672063616C6C1D
:109E30006261636B206661696C6564007A65726F4C
:109E4000207461670077726F6E672073697A65208E
:109E5000666F7220666978656420636F756E742022
:109E60006669656C640025733A2066726565696E83
:109E700067206E6F6E2D656D7074792076697274CF
:109E800071756575650D0A00756E6578706563742A
:109E90006564206275666665722068656C6420631F
:109EA0006F756E7465720D0A0072785F767100745A
:109EB000785F7671004E53006D61696E007379733F
:109EC000776F726B7100696E66006E616E00286E4E
:109ED000756C6C29000001010301000301D9FBFB33
:109EE000FBFBFBFBFBFBFBFBFBFBFBFBFBFBFBFBC2
:109EF000FBFBFBFBFBFBFBFBFBFBFBFBFBFBFBFBB2
:109F0000FBFBFBFBFBFBFBFBFBFBFBFBFBFBFBFBA1
:109F1000FBFBFBFBFBFBFBFBFBFBFBE4E5FBFBFBBE
:109F2000FBEAEBECFBFBEFFBFBACFBF4FBFBF7FB17
:109F3000FBFBFBFBFBFEF2FBFBFBFBFBFBFBFBFB77
:109F4000FBFBFBFBFBFBFBFBFBFBFBFBFBFBFBFB61
:109F5000FBFBFBFBFBFBFBFBFBFBFBFBFBFBFBFB51
:109F6000FBFBFBA6FBFBFBFBFBFBFBFBFBFBE4E5C3
:109F7000FBFBFBFBEAEBECFBFBEFFBFBFBFBF4FB74
:109F8000FBF7FBFBFBFBFBFBFE00FFFFFFFFFFFF05
:109F900000000000000000FFFFFFFFFFFF000000C7
:109FA0000000000000000000001000800000805F42
:109FB0009B34FB01040002000000020000000000CE
:109FC000000005000000000000000000000000008C
:109FD000000005000909090901020909090909091F
:109FE00009090909090709090909090609090909E6
:109FF00009090909090909090909090905010204E9
:10A00000E69D350E480103CCDBFDF4AC1191F4EF75
:10A01000B9A5F9E9A7832C5E2CBE97F2D203B02034
:10A020008BD28915D08E1C742430ED8FC245637697
:10A030005C15525ABF9A32636DEB2A65499C80DCED
:10A0400001010101010203020203040005061F1FB2
:10A050002918120308020305080A00080103040175
:10A0600005040509060701010606080000010001B4
:10A0700000030100030202010002000000000002D0
:10A08000030100036C888391AAF5A53860370BDBC8
:10A090005A6083BE00070E091C1B1215383F36316B
:10A0A00024232A2D00010203040506070B029ECA81
:10A0B000DC240EE5A9E093F3A3B50200406E029EF6
:10A0C000CADC240EE5A9E093F3A3B50200406E02BA
:10A0D0009ECADC240EE5A9E093F3A3B50300406E0D
:10A0E000029ECADC240EE5A9E093F3A3B503004069
:10A0F0006E029ECADC240EE5A9E093F3A3B501002D
:10A10000406E002030303030303030303030303041
:10A110003030000110141400001C2030401C2000BE
:10A12000001C203040004000000000005DAD020037
:10A13000000000000001000000000000000000001E
:10A14000000000000000000000000000000000000F
:10A15000000000000000000000000000BD2601001B
:10A1600000000000000100000000000000000000EE
:10A1700000000000000000000000000000000000DF
:10A18000000000000000000000000000052B01009E
:10A1900000000000000100000000000000000000BE
:10A1A00000000000000000000000000000000000AF
:10A1B000000000000000000000000000C52D0100AC
:10A1C000000000000001000000000000000000008E
:10A1D000000000000000000000000000000000007F
:10A1E000000000000000000000000000000000006F
:10A1F000000000000000000000000000000000005F
:10A20000000000000000000000000000000000004E
:10A21000000000000000000000000000000000003E
:10A22000000000000000000000000000000000002E
:10A23000000000000000000000000000000000001E
:10A24000000000000000000000000000000000000E
:10A2500000000000000000000000000000000000FE
:10A2600000000000C16801000000000000000000C4
:10A2700000000000000000000000000000000000DE
:10A2800000000000000000000000000000000000CE
:10A2900000000000000000000000000000000000BE
:10A2A00000000000000000000000000000000000AE
:10A2B000000000000000000000000000000000009E
:10A2C000000000000000000000000000000000008E
:10A2D000000000000000000000000000000000007E
:10A2E000000000000000000000000000646903009E
:10A2F000000000000000000000000000000000005E
:10A30000000000000000000000000000000000004D
:10A310000000000000000000010000000E0000002E
:10A32000010000000E000000010000000E0000000F
:10A3300000C201000001030000C20100000103008F
:10A34000B7AD020009270100FFFFFFFF2402002034
:10A350002402002001000000010000000E000000A7
:10A36000FFFFFFFF3C0200203C0200200100000034
:10A37000010000000E000000FFFFFFFF540200205C
:10A380005402002001000000010000000E00000047
:10A39000FFFFFFFF6C0200206C02002001000000A4
:10A3A000010000000E000000BBB50200000000002C
:10A3B0000000072000000100046903000000000005
:10A3C000046903000100000001000000000000001B
:10A3D0000000000000020000F08303000C8F030067
:10A3E00000000200188F030000000200248F030009
:10A3F00000000A00700A00203A0000005C0A0020F9
:10A400003A0000000C0A00203A000000F809002081
:10A410003A000000480A00203A000000840A0020A8
:10A420003A000000A80900203A000000C00A0020FD
:10A430003A00000000000000B3CD02000000000060
:10A44000000000001C0300201C030020000000008E
:10A45000000000000E00000000D0005000000000CE
:10A4600000000000000000000000000000000000EC
:10A4700000000000000000000000000000000000DC
:10A4800000000000000000000000000000000000CC
:10A4900000000000000000000000000000000000BC
:10A4A00000000000000000000000000000000000AC
:10A4B000000000000000000000000000000000009C
:10A4C000000000000000000000000000000000008C
:10A4D000000000000000000000000000000000007C
:10A4E000000000000000000000000000000000006C
:10A4F000000000000000000000000000100000004C
:10A50000100000000000000000000000000000003B
:10A51000400000002000000000000000902A002001
:10A52000502A0020302A0020000000000000000017
:10A53000000000000000000000000000000000001B
:10A54000000000000000000000000000000000000B
:10A5500000000000000000000000000000000000FB
:10A5600000000000000000000000000000000000EB
:10A5700000000000000000000000000000000000DB
:10A5800000000000000000000000000000000000CB
:10A5900000000000000000000000000000000000BB
:10A5A00000000000000000000000000000000000AB
:10A5B000000000000000000000000000000000009B
:10A5C000000000000000000000000000000000008B
:10A5D000000000000000000000000000000000007B
:10A5E000000000000000000000000000000000006B
:10A5F000000000000000000000000000000000005B
:10A60000555B010000000000000000000000000099
:10A61000DD6B0100000000000000000000000000F1
:10A620008960010000000000000000000000000040
:10A63000597D010000000000000000000000000043
:10A64000557C010000000000000000000000000038
:10A650004584010000000000000000000000000030
:10A660009D8001000000000000000000E99401004E
:10A670007D9D01000BF302000000000000000000BF
:10A68000A59801009FF1020029F202000192010049
:10A690000000000000000000759B010000000000A9
:10A6A00000000000B1FD02000000000000000000FA
:10A6B00000000000388F030000000200448F0300F8
:10A6C00000000A00548F030000002000000000007A
:10A6D000000000000000000000000000000000007A
:10A6E00000000000000000006FF902000000000000
:10A6F000C8050020C8050020000000000000000080
:10A700000E000000DC050020DC0500205DBF01001C
:10A710000000000000000000000000000000000039
:10A72000829A030000000000BD0D0300000000003D
:10A7300081CB0100000000006469030014060020C2
:10A74000140600200000000001000000446903001E
:10A7500000000000000000003DD2010000000000E9
:10A76000380600203806002001000000010000002B
:10A7700048060020480600200000000001000000FC
:10A7800000000000000000000000000000000000C9
:10A790000000000079160300000000000000000027
:10A7A0000000000079160300000000000000000017
:10A7B000000000004517030000000000000000003A
:10A7C00000000000B118030000000000FFFF0000BF
:10A7D000FFFF000000000000000000004D1B030010
:10A7E0000000000000100250000000000000000007
:10A7F0000000000000000000000000000000000059
:10A800000000000000800150000000000000000077
:10A810000000000000000000000000000000000038
:10A820000000000000000000000000000000000028
:10A830000000000000000000000000000000000018
:10A840001807002018070020000000000100000089
:10A85000ED1C0300091D03000000000000000000C3
:10A8600000000000000000000000000000000000E8
:10A87000C91C03000000000081E20100C51C0300A8
:10A8800000000000BEA0030000000C00E0A00300D8
:10A890000000100001010000B608002007100000B1
:10A8A000A608002009200000B708002000010000D1
:10A8B00083040000A0000000F00000000000000081
:10A8C0000000000003040000A0000000F0000000F1
:10A8D000000000000090D003FF000000FF00000017
:10A8E0008E9B0300000000008105020000000000B4
:10A8F0000000000000000000000000000000000058
:10A9000000000000000000000000000090020000B5
:10A91000E8070020E8070020895603008556030059
:10A9200000000000A97D0200540800204C0800200F
:10A9300044080020000000003C08002011830200B1
:10A940005D82020091820200D98202002C08002060
:10A9500034080020743900203A00003A7839002089
:10A960003A00003A7C3900203A00003A8039002051
:10A970003A00003A843900203A00003A8839002031
:10A980003A00003A35030000CB00000051000000FF
:10A99000A039002024080020280800207C0800207E
:10A9A00010080020080800200408002000080020EB
:10A9B00030303A30303A30303A30303A30303A3065
:10A9C00030003030303030303030000101069ECA67
:10A9D000DC240EE5A9E093F3A3B50100406E064523
:10A9E0004D4245444F582E64656661756C74000095
:10A9F0000000000000000000000000000000000057
:10AA00000000000000000000000000000000000046
:10AA1000000000000000000000000000F40800201A
:10AA2000F4080020D404022000000000020000000E
:10AA30002400000000000000100900201009002080
:10AA4000305F00200000000002000000A0000000B5
:10AA5000000000002C0900202C090020D4AA0120AD
:10AA60000000000002000000640000000000000080
:10AA7000480900204809002004AA01200000000025
:10AA80000400000034000000000000006409002001
:10AA9000640900201C050220000000000A000000DC
:10AAA0001C0000000000000000000000B0A9002011
:10AAB0005400010000000000000000000000000041
:10AAC000F04A0020C000000000000000000000006C
:10AAD000A8090020A80900200000000000000000D4
:10AAE0000E000000BC090020BC090020000000008E
:10AAF000000000000E000000D0090020D009002056
:10AB000000000000000000000E000000E40900202A
:10AB1000E409002000000000000000000E0000001A
:10AB2000F8090020F80900200000000000000000E3
:10AB30000E0000000C0A00200C0A0020000000009B
:10AB4000000000000E000000200A0020200A002063
:10AB500000000000000000000E000000340A002089
:10AB6000340A002000000000000000000E00000079
:10AB7000480A0020480A00200000000000000000F1
:10AB80000E0000005C0A00205C0A002000000000AB
:10AB9000000000000E000000700A0020700A002073
:10ABA00000000000000000000E000000840A0020E9
:10ABB000840A002000000000000000000E000000D9
:10ABC000980A0020980A0020000000000000000001
:10ABD0000E000000AC0A0020AC0A002000000000BB
:10ABE000000000000E000000C00A0020C00A002083
:10ABF00000000000000000000E000000D40A002049
:10AC0000D40A00200C0000001000000034060220CE
:10AC1000F406022034060220340602200000000060
:10AC200000000000FC0A0020FC0A002000000000D8
:10AC3000010000000C0B00200C0B002000000000A5
:10AC4000FFFFFFFF0000000000000000240B0020B9
:10AC5000240B00200000000000000000340B002046
:10AC6000340B00200000000000000000440B002016
:10AC7000440B00200000000000000000540B0020E6
:10AC8000540B00201200120004000000120000000B
:10AC9000000000007898030099D60200C4850300E4
:10ACA00034D501200000000000000000840B0020CB
:10ACB000840B00200A000A00100000000A000000B7
:10ACC00000000000389A030000000000E88603003E
:10ACD000A0F701200000000000000000B40B0020DD
:10ACE000B40B00200A000A00100000000A00000057
:10ACF00000000000449A03007592010004880300DC
:10AD0000440302200000000000000000E40B0020CB
:10AD1000E40B00200300030000000000030000001B
:10AD2000000000008498030000000000D8850300A4
:10AD300004D801200000000000000000140C0020D6
:10AD4000140C002010001000000000001000000093
:10AD5000000000009A980300A9D60200B085030005
:10AD60000CB001200000000000000000440C002096
:10AD7000440C00200200020010000000020000004D
:10AD8000000000002E9A030051800100D4860300C9
:10AD900050ED01200000000000000000740C0020B5
:10ADA000740C0020120012000000000012000000CD
:10ADB00000000000219A030000000000C08603008C
:10ADC000A0EB01200000000000000000A40C002007
:10ADD000A40C0020010001000000000001000000A0
:10ADE000000000009598030000000000EC850300BF
:10ADF00050D90120000000FF15E015E00769970019
:10AE000010002000234F4155E5C07D9B39AB328EA9
:10AE10007066E19355CEA064C9B1F9421C63D6B106
:10AE2000B859141B01002000719EE1951D42DD40C0
:10AE300085282E402057080EA3CDA28D67CF46FB54
:10AE40008C192C5EAD4BB6C822004700304502205D
:10AE50003893443653E6FB6C014206113530BFA4EB
:10AE60005F383EC124FAA624D820E61391E731CEFC
:10AE7000022100A27EBD9F128A7B6D9CDCF7AF1B76
:10AE80008A180010221592F7211EA49259EE21690A
:03AE9000DCE232CF
:00000001FF
