:040000030000589110
:020000040000FA
:10000000283F002091580000D17800007D58000062
:100010007D5800007D5800007D5800007D5800008C
:10002000000000000000000000000000F158000087
:100030007D58000000000000155900007D580000A8
:1000400079410000794100007941000079410000C8
:1000500079410000794100007941000079410000B8
:1000600079410000794100007941000079410000A8
:100070007941000079410000794100007941000098
:100080007941000079410000794100007941000088
:100090007941000079410000794100007941000078
:1000A0007941000079410000794100007941000068
:1000B0007941000079410000794100007941000058
:1000C0007941000079410000794100007941000048
:1000D0007941000079410000794100007941000038
:1000E0007941000079410000794100007941000028
:1000F0007941000079410000794100007941000018
:100100007941000079410000794100007941000007
:1001100079410000794100007941000079410000F7
:1001200079410000794100007941000079410000E7
:1001300079410000794100007941000079410000D7
:1001400079410000794100007941000079410000C7
:1001500079410000794100007941000079410000B7
:1001600079410000794100007941000079410000A7
:100170007941000079410000794100007941000097
:100180007941000079410000794100007941000087
:100190007941000079410000794100007941000077
:1001A0007941000079410000794100007941000067
:1001B0007941000079410000794100007941000057
:1001C0007941000079410000794100007941000047
:1001D0007941000079410000794100007941000037
:1001E0007941000079410000794100007941000027
:1001F0007941000079410000794100007941000017
:100200007941000079410000794100007941000006
:1002100079410000794100007941000079410000F6
:1002200079410000794100007941000079410000E6
:1002300079410000794100007941000079410000D6
:1002400079410000794100007941000079410000C6
:1002500079410000794100007941000079410000B6
:1002600079410000794100007941000079410000A6
:100270007941000079410000794100007941000096
:100280007941000079410000794100007941000086
:100290007941000079410000794100007941000076
:1002A0007941000079410000794100007941000066
:1002B0007941000079410000794100007941000056
:1002C0007941000079410000794100007941000046
:1002D0007941000079410000794100007941000036
:1002E0007941000079410000794100007941000026
:1002F0007941000079410000794100007941000016
:100300007941000079410000794100007941000005
:1003100079410000794100007941000079410000F5
:1003200079410000794100007941000079410000E5
:1003300079410000794100007941000079410000D5
:1003400079410000794100007941000079410000C5
:1003500079410000794100007941000079410000B5
:1003600079410000794100007941000079410000A5
:100370007941000079410000794100007941000095
:100380007941000079410000794100007941000085
:100390007941000079410000794100007941000075
:1003A0007941000079410000794100007941000065
:1003B0007941000079410000794100007941000055
:1003C0007941000079410000794100007941000045
:1003D0007941000079410000794100007941000035
:1003E0007941000079410000794100007941000025
:1003F0007941000079410000794100007941000015
:100400007941000079410000794100007941000004
:1004100079410000794100007941000079410000F4
:1004200079410000794100007941000079410000E4
:1004300079410000794100007941000079410000D4
:1004400079410000794100007941000079410000C4
:1004500079410000794100007941000079410000B4
:1004600079410000794100007941000079410000A4
:1004700079410000794100007941000053B94AB93F
:10048000002908BF00281CBF4FF0FF314FF0FF309C
:1004900000F00CB8ADF1080C6DE904CE00F008F8DE
:1004A000DDF804E0DDE9022304B07047704700BFC7
:1004B0002DE9F0478C468E46089E1546044619469F
:1004C000002B40F0D080724547D9B2FA82F74FB185
:1004D000C7F120030EFA07FCBD40BC4020FA03F32D
:1004E00043EA0C0C4FEA154EA8B2230CBCFBFEF8F5
:1004F0000EFB18CC08FB00F943EA0C43994528D9B8
:10050000EB1808F1FF3204D2994502D9A8F1020292
:100510002B44A3EB0903A4B2B3FBFEFC0EFB1C337C
:100520000CFB00F044EA0344A04214D92C190CF14E
:10053000FF3304D2A04202D9ACF102032C44241AA6
:1005400043EA02401EB1FC40002334607360BDE802
:10055000F0874246DDE76346F1E7002A79D0B2FA38
:1005600082F3002B3FD01946C1F1200302FA01F5B6
:1005700000FA01F42EFA03F20EFA01FE20FA03F358
:10058000AFB243EA0E034FEA154EB2FBFEFC0EFB80
:100590001C201A0C0CFB07F842EA004290455AD97D
:1005A000AA180CF1FF3004D2904502D9ACF1020038
:1005B0002A44A2EB08029BB2B2FBFEFC0EFB1C22FB
:1005C0000CFB07F743EA02439F4246D9EB180CF1B4
:1005D000FF3204D29F4202D9ACF102022B44DB1B52
:1005E00042EA004202E0AEEB020301224FEA154E5E
:1005F000AFB2200CB3FBFEFC0EFB1C330CFB07F868
:1006000040EA034398452AD9EB180CF1FF3004D295
:10061000984502D9ACF102002B44A3EB0803A4B225
:10062000B3FBFEFC0EFB1C330CFB07F744EA034450
:10063000A74216D92C190CF1FF3304D2A74202D9D4
:10064000ACF102032C44E41B43EA00400F46114680
:1006500078E71F2188E76046ABE76246BFE7604660
:10066000DBE76346EFE7734506D916B90021084674
:100670006DE7C6E9000EF9E7B3FA83F787B973456A
:1006800001D3824207D8841A6EEB030301209C46F3
:100690001EB900215BE73846FAE7C6E9004CF8E7E7
:1006A000C7F1200CBB4000FA07F422FA0CF520FA3F
:1006B0000CF1BA401D432EFA0CF30EFA07FE4FEA76
:1006C000154941EA0E011FFA85FEB3FBF9F809FB53
:1006D00018300B0C08FB0EFA43EA00439A4540D948
:1006E000EB1808F1FF3004D29A4502D9A8F10200B4
:1006F0002B44A3EB0A0389B2B3FBF9F809FB1833C7
:1007000008FB0EFE41EA03418E452CD9691808F119
:10071000FF3304D28E4502D9A8F10203294443EAEB
:100720000040A1EB0E01A0FB02984145CE46434696
:1007300002D306D14C4504D20138B9EB020E68EB66
:100740000503002EA5D0B4EB0E0261EB030101FA04
:100750000CFC22FA07F3F9404CEA0303C6E9003126
:1007600097E74046C5E74346D9E700002DE9F04743
:10077000058B0446280717460CD501290CBF45F008
:10078000100545F02005258387F31188BFF36F8F8F
:10079000BDE8F087022905F0070540F09480204667
:1007A00005F07AF9052864D801A353F820F000BFBA
:1007B00089070000C7080000730800003508000022
:1007C0004F0800006108000001F007035A1F012ACA
:1007D0001FD8002221F00701062BD4F8008089B22F
:1007E000C4E9002209D1434603E0628B01326283EF
:1007F0001B68002BF9D141F002012046218305F04E
:100800004BF94FF0000900286DD041F02001218301
:1008100069E0042B0AD121F0070189B22046218327
:1008200005F03AF910B141F0200121834FF00008A2
:10083000C14658E02369D3F80090238B23F00703C7
:1008400043F006034FF00008238346464BE023693C
:10085000D3F80490238B23F0070343F00403F1E75C
:100860002369D3F80890238B23F0070343F0050393
:10087000E8E74FF00008C146E7E7012243F008032C
:10088000238387F31188BFF36F8F002A3BD1B8F120
:10089000000F4AD1B9F1000F02D020462C49C847B9
:1008A000EFF31187202383F31288BFF36F8F238B1D
:1008B00023F008039BB22383D9063FD523F010020F
:1008C000228303F007056669218B002EBFF67CAFFB
:1008D00000239946D4F8008021F00701C4E90033D1
:1008E00041F001012183238B03F0070AAA4502D0BE
:1008F000A268002AC1D1B8F1000F02D1B9F1000FEE
:10090000DAD00022BAE7A1680029C0D00D6800291A
:10091000BDD03346524620464F68B8471DB12B68BC
:1009200029461D46F3E72B46FAE741463346524631
:100930002046D8F8008005F09EF8A8E79A067FF5D3
:1009400023AF23F02002228303F0070527E700BF2F
:10095000D15A0000002318460649D1F89020C2F36E
:100960000722934200DB7047C1F89830C1F8A0001D
:100970000133F6E700ED00E0002807DB0123410921
:10098000034A00F01F00834042F82130704700BF47
:1009900000E100E000280CDB01220649430900F0D9
:1009A0001F008240203341F82320BFF34F8FBFF355
:1009B0006F8F704700E100E00028ACBF00F160409D
:1009C000064B4FEA4111C9B2ABBF00F5614000F0E0
:1009D0000F0080F800131954704700BF14ED00E0B9
:1009E00030B50F4AD2F89030C3F30723013B984249
:1009F00013D80C7A0B6864F304031D46CB686409B2
:100A000023F01F0343EA440343F00103C2F89800B4
:100A1000C2F89C50C2F8A03030BD6FF01500FBE763
:100A200000ED00E0254B264A4FF47A611A6001225E
:100A3000244B2548C3F80424D0F82436C3F3080215
:100A4000C3F309434B4382F480722049883201FB8F
:100A500002334FF4FA215B00B3FBF1F201FB1233D6
:100A60001B49B3F57A3F28BF0132C1F80429D0F8F9
:100A700020364FF47A60C3F30802C3F309434343BB
:100A800042F21C5082F4807202F2172200FB023301
:100A90004FF47A701B0AB3FBF0F200FB1233002014
:100AA000B3F5FA7F4FF0010328BF0132C1F81C27CC
:100AB000C1F80009C1F80036704700BFA00200204D
:100AC0000020A107002008E000C0FF00F82A0080F5
:100AD00000001250084B70B5C31A0D4607499B1011
:100AE000044659434022064805F035F82B46014696
:100AF0002046BDE870401847E40E0020B76DDBB615
:100B0000707C0000402373B50B4C0093041B0B4614
:100B10000D460A49A41061430646094A094805F0F2
:100B200045F8014628B130462B4602B0BDE870407A
:100B3000184702B070BD00BFE40E0020B76DDBB6F1
:100B40001B5C0000707C0000014B1B68184700BF55
:100B5000D40E002070B50221044640F20510FFF7C4
:100B60002BFF1D4B1A79002A2FD11C4A1A60012233
:100B70001A711B4B197941BB1A491A7119601A4B2A
:100B8000197911BB19481A711860194BC3F8401430
:100B9000184B1B6A9B0603D440F20510FFF7ECFECE
:100BA0002369ABB11C220021184607F02CF801255F
:100BB0001C22114E0564066124690021A01807F06B
:100BC00022F80020E662E56470BD6FF00400FBE7E8
:100BD0006FF01500F8E700BFD40E002019110000D7
:100BE000DC0E0020490B0000380F00202D5C0000B7
:100BF00000E0105000E100E0947F00000023024A72
:100C00000020C1E90023704700D01700004870475A
:100C10008C7F0000024B0B6001231360704700BF04
:100C2000847F00000122054B0020C3E90222C3E9B2
:100C30000033034A034BC3F80C257047C40E002051
:100C40008000008000B00450036901214FF0FF32A2
:100C5000C3E90033C3E90212014905F018B800BF27
:100C600073650000004870477C7F00004209022A3B
:100C7000034670B503D0012A18D0CAB170BD0E4E1C
:100C8000326951680029F9D0012503F01F030C686F
:100C90009D400029F2D08A682A4002D030464B6835
:100CA00098473CB1236821461C46F2E7034EE7E72C
:100CB000034EE5E72346F6E7A87C00008C7C0000A5
:100CC000C47C000048B1054B054A1B68B3FBF2F336
:100CD0005843044B43F0010318477047A00200201B
:100CE00040420F00E07D0000064BD3F840231C2A51
:100CF00005D1D3F84403431E5842584170470020A1
:100D0000704700BF00C0FF0003689A070CD5036856
:100D1000DB070DD50922074BC3F80C250F22C3F8BA
:100D2000042501221A60FEE7034B0360EF3B0360DA
:100D3000704700BF00801050F000FA5038B504230F
:100D40000A4C42F21075C4F8083301236361002392
:100D5000C4F80831D4F80831D4F84C34DB0304D596
:100D60000120FFF7AFFF013DF6D138BD00E0105084
:100D700010B51D4B1D4CD3F84C14D3F84C2411F472
:100D8000803F19D002F00302012A01D08AB9002263
:100D9000154BC3F840240022C3F80821D3F80821DA
:100DA00001221A6122688AB9D3F80821002AFBD0EF
:100DB00014E0FFF7C3FFEAE7D3F84824D107E6D5EC
:100DC000D3F850249207F4D422681AB10422C3F84D
:100DD000042310BDD3F80821002AFBD00022C3F859
:100DE0000821D3F80831F4E700E01050380F002054
:100DF000034A4309D35C00F01F001844C0B2704797
:100E000037860000F0B50646002487B0114F0191E7
:100E100017F8012B06AB03EBD20313F8143C02F0D6
:100E20000702D34013F0010306D10134032CEFD1A4
:100E30000023184607B0F0BD074A03AD07CA85E88E
:100E4000070055F824100A6A46F824200A62002A8E
:100E5000EBD0EEE750860000B07D000010B50B4BE4
:100E600004680B4A0B48844208BF1346B3FBF1F0F9
:100E700001FB1033834206D2C30704D47E288CBF03
:100E80000020012010BD0020FCE700BF0024F4007A
:100E90000020A10700A00450124B70B553F8205059
:100EA000013053F82060AE4200D870BD6C68B4B118
:100EB000237EDB0711D4636953B12046984738B1CC
:100EC0000028B8BF4042FF28A8BFFF20E368187081
:100ED000E268537843F0010353700835E3E72B6869
:100EE0009847FAE7547F00006FF00A01084A9368B8
:100EF00019670849D8664B6843F080534B6000235C
:100F000083F31188BFF36F8F9368186F704700BF2A
:100F1000B010002000ED00E070B590F91020037CC7
:100F2000002A2FDBDC062DD1184A63F07F0311461F
:100F3000037451F8183FD4698B4207D1C0E90014FB
:100F40002060D0610FE09C42F8D01B68002BF5D0E8
:100F500093F90E6090F90E50AE42F4DD5C68C0E982
:100F600000342060586093698B4200D003B9D36885
:100F70009168087CC00606D1C8897F2803D9986982
:100F800008B9516170BD5361FCE700BFB01000208B
:100F900049B9EFF3058030B9054B5A699B689A420D
:100FA00001D0FFF7A1BF81F31188BFF36F8F7047A6
:100FB000B010002010B590F91020037C002A09DA47
:100FC00003F07F030374D0E9003213605A600023FA
:100FD000C0E900330B4A144654F8183F9168A34205
:100FE00000D003B9D368814209D0087CC00606D17D
:100FF000C8897F2803D99869002808BF0B46536128
:1010000010BD00BFB0100020084A0368526890422B
:1010100004D01BB1DA68C1680A44DA60D0E9003252
:1010200013605A600023C0E900337047900200202B
:1010300030B50E4B1B68BBB94FF0FF306FF040412D
:101040000B4CD4E90023904271EB0305F9D3094915
:10105000D1E90001101A084A63EB0101C2E900015D
:10106000400940EAC16030BD0020FCE7C00E00200E
:1010700040270E50D8020020C8020020064A1368FC
:10108000934205D023B1DB68181A20EAE07070475C
:101090006FF00040704700BF9002002010B5EFF3E2
:1010A0001184202383F31288BFF36F8FFFF7C0FFF3
:1010B0000346054AD2E90001181841EBE37184F3B5
:1010C0001188BFF36F8F10BDC00200200C22104B9F
:1010D000014602FB0033002030B4D3E90E5298637E
:1010E000EFF31180202484F31288BFF36F8F1C6C00
:1010F00004F0C00444F002041C6480F31188BFF3C0
:101100006F8F1DB12B4630BC0248184730BC70476A
:10111000E40E0020707C0000022808D0042808D1CA
:10112000044B186C10F0070003D1FFF7CFBF01206C
:10113000FBE77047E40E00202DE9F047454BDFF850
:1011400018C193F808E0DFF814910CEB0E0191F848
:1011500054504349D9E90032D1E900418A4208BFDD
:10116000A34205F10C054FEA0E1120D1B0F1806FBA
:101170001DDA4001012838BF01201B1842F100028E
:10118000C9E900325CF835300CEBC50462681B1805
:101190004CF8353001F1A04342F1000240F000402C
:1011A00003F562236260C3F82805BDE8F0872D4E81
:1011B0002D4FD6E90048D7E90067A41948EB070886
:1011C0004FF0200A26464746E0FB0A67B34272EB1F
:1011D0000700C9E9006731D21B1B62EB0802C82B6C
:1011E00072F10002B4BF012300230CEBC5024CF8DE
:1011F00035605760C7F3130213B301F1A04303F541
:101200006223C3F82065C3F82425184B4FEA8E0EDD
:1012100073441A68002AC8D04FF0FF346FF0404280
:10122000134DD5E90001844272EB010CF9D3B042B1
:1012300071EB0707B9D200221A60B6E70023D4E7A2
:1012400001F1A04303F56223C3F82065C3F8242508
:10125000ABE700BF8402002040000020B80200205D
:10126000D0020020D8020020C802002000210E5029
:1012700040270E502DE9F843324D1C46D5E90006B3
:10128000111A63EB06074B09202143EAC763E3FB0E
:101290000106C5E900062C480025C0E90024002409
:1012A0002A4AC2E90045EFF3118581F31288BFF3A2
:1012B0006F8FDFF89C90DFF89C80D9F80000264FF4
:1012C000484508BF0020254EC8F80030D7E9002166
:1012D00020B1C4689C4213DDE41AC46000209A184F
:1012E00041EBE371C7E90021C8F80000FFF7C6FE33
:1012F000FFF722FF85F31188BFF36F8FBDE8F883F6
:101300000023A21841EBE471C360C7E90021FFF795
:101310007BFEC66085F31188BFF36F8F83689847A3
:10132000EFF31185202383F31288BFF36F8FD8F872
:101330000030D9F800001B1B484508BF0020C8F842
:101340000030C3E7D8020020D0020020C8020020ED
:1013500090020020C00E0020C0020020010000808A
:10136000F8B54B1C05460C4600F1180744D0234B3A
:101370000362EFF31186202383F31288BFF36F8F8C
:10138000FFF756FE1E4B1F4A1B68013404446C6273
:101390001C441368D2F804E0934208BF00232BB921
:1013A000C5E9062ECEF8007057600CE0D3F80CC0EB
:1013B000696A8C4519DDACEB0101D9605968C5E952
:1013C00006310F605F601368934208D09F4206D1D8
:1013D0000D4B1B681BB9FFF751FEFFF7ADFE86F3FF
:1013E0001188BFF36F8F2046F8BDA1EB0C01734548
:1013F0006962D5D01B68D2E70024F4E70F600000D3
:10140000C002002090020020C00E0020F8B5054662
:101410002023344C00283ED1EFF3118083F312884F
:10142000BFF36F8FA168E5690B68A94214BF1A4624
:10143000002249680B605960A368E1692AB92A4A09
:10144000C3E900210B60E3610AE092F90E6093F9B1
:101450000E50AE421BDD5168C3E900210B605360A2
:10146000A369214A934200D003B9E3686361FFF79F
:101470003BFD002447F6112000214FF47A7547F612
:1014800012220023E4FB0501FEF7F8FFF8BD8A42B3
:10149000D5D01268D2E7EFF3118783F31288BFF338
:1014A0006F8FA068FFF786FD2946A068FFF758FFF9
:1014B000A2680646137C384643F004031374FFF712
:1014C00013FDA3685B6AB3F1004F08D1FFF7E6FD97
:1014D000341A24EAE4746B1CCCD12846D6E70024E5
:1014E000F9E700BFB0100020C810002070B5EFF37E
:1014F0001186202383F31288BFF36F8F0368BBB17B
:10150000104B1D689D4208BF0025FFF77DFD4FF081
:101510000043A842C36005D1FFF78AFDFFF7AEFD87
:10152000FFF70AFE002086F31188BFF36F8F70BDAE
:10153000C268054B9A4204BF4FF00043C3606FF08E
:101540001500F0E790020020010000802DE9F0472F
:10155000DFF844810446D8F8083083420BD1EFF31A
:10156000058343B14D4B5A6842F080525A605A6A23
:1015700022F400425A62A689EFF31185202383F3F7
:101580001288BFF36F8F237C13F0080205D085F318
:101590001188BFF36F8FBDE8F087D80943F00801C9
:1015A0001FBF03F07F0343F008032374D4E9003125
:1015B0001CBF0B605960A36814BFC4E900222174EA
:1015C00013B1204604F007FD04F11800FFF78EFF69
:1015D000276D04F15009B94511D04FF0000A77B1D9
:1015E000384604F0F8FC07F11800FFF77FFF384693
:1015F000C7F870A0FFF790FC276DB945EFD1D8F878
:1016000008309C4241D1EFF30582003A18BF012215
:10161000D8F818102248814200D009B9D8F80C1027
:10162000C8F814104AB101221E4B1A749A81002284
:10163000C3E917229A66C8F808309C4227D1EFF315
:10164000058323BBA289D20711D585F31188BFF387
:101650006F8F83F31188BFF36F8F0423184602DF67
:10166000EFF31185202383F31288BFF36F8F284691
:10167000FFF73AFCF3078ED5002383F31188BFF3FD
:101680006F8F0423184602DF85E70022C0E785F349
:101690001188BFF36F8FEDE7B010002000ED00E080
:1016A000C81000203C10002010B50C1E10461A4631
:1016B0000CDB084B9C4209D8C4F5BE1404F58054D9
:1016C000A24203D806F094FA002010BD6FF0150076
:1016D000FBE700BFFFCF17002DE9F0414768064642
:1016E000BD6885B395F874406CBB4622214605F170
:1016F000140095F8758006F086FA21461A4A2B6880
:1017000052F838C08C4524D14FF0000840F20D1437
:10171000C3F84481D3F84421144A934214BF2046AD
:10172000DB20FFF729F9012385F874302B66BB68AD
:101730000F4A0221DB20C3E90328FFF73DF902210C
:101740002046FFF739F93046BDE8F041094904F079
:101750009EBACAB2920002F58070442A04BF1C509F
:101760001A580131CEE700BF6C7F000000A00D5079
:101770006D0C00005D590000044608B5084611468E
:101780001A46A047014B9868FFF7E0FEB010002012
:10179000F8B505460E46EFF31187202282F3128832
:1017A000BFF36F8F83683BB1013B836087F3118880
:1017B000BFF36F8F0020F8BD31B987F31188BFF3F5
:1017C0006F8F6FF00F00F6E7EFF3118382F312884B
:1017D000BFF36F8F174B9C682046FFF7EBFB237C12
:1017E000A56043F0020323742B689D4209D16B6806
:1017F000C4E900531C606C6010E06A689342F6D044
:101800001B68002BF3D093F90E1094F90E2091422F
:10181000F3DD5A68C4E9003214605C60731C03D0C5
:1018200031462046FFF79CFD3846BDE8F840FFF7FB
:101830005BBB00BFB01000201FB5002201236C4627
:10184000CDE902236B46064ACDE9004404F0DEF9F7
:1018500020B943F609516846FFF79AFF04B010BD5E
:101860002365000038B5EFF31185202383F3128838
:10187000BFF36F8F0468A04212D08CB1204604F0F1
:10188000AAFB04F11800FFF731FE0023204623676E
:1018900004F0AEFB2946BDE838400748FFF778BBA7
:1018A000D0E902329A4218BF0133836085F3118870
:1018B000BFF36F8F38BD00BFE1140020F8B5041EE0
:1018C0000E4615462BDB174B9C4228D8C4F5BE1399
:1018D00003F580539A4222D8D2B14FF0FF3112481B
:1018E000FFF756FF40F20113104F2A46C7F80035A4
:1018F00086B13146204606F07BF9BFF35F8FD7F8FB
:1019000018344FF480730848C7F80035FFF7AAFF72
:101910000020F8BDFF21204606F075F9EDE76FF0D5
:101920001500F6E7FFCF1700C40E002000B00450EA
:1019300010B4EFF31180202282F31288BFF36F8F6F
:101940002B490B6843F0020413F001030C6017D01D
:10195000284BD3F80C3413F4803311D0EFF31181FA
:1019600082F31288BFF36F8F234A136C03F0C00316
:1019700043F00203136481F31188BFF36F8F0123D7
:1019800080F31188BFF36F8F1BB1002010BCFFF7ED
:101990009DBB184AC2F81031D2F81011C2F81831A4
:1019A000D2F81811C2F81431D2F81431134BD3F80D
:1019B00040331C2B04BF012393600023C2F8003185
:1019C000D2F80031012313600D4B1B6853B9094B4A
:1019D000D3F80021002AFBD00022C3F80021D3F85D
:1019E000003102E07123C2F8043310BC704700BF1D
:1019F000340F002000E01050E40E002000C0FF0073
:101A0000DC0E002070B5EFF31185202383F31288DC
:101A1000BFF36F8F164A136823F00201116013F0B1
:101A200001021CD17121134B42F21074C3F8081348
:101A300001215960C3F80021D3F800210E4A0D4E50
:101A4000D2F840231C2A08BFD960D6F80C3413F40E
:101A5000803309D00120FFF735F9013CF5D185F33A
:101A60001188BFF36F8F70BD044A5371F7E700BF51
:101A7000340F002000E0105000C0FF00DC0E0020FA
:101A80002DE9F04104460027436805691B68984723
:101A9000636893F81F80DE68474511D30022012355
:101AA000C5E92F2305F1B40305F15C00C5E92D3329
:101AB00004F03AFD2046BDE8F041084904F0E7B8DB
:101AC000F2883068317942F4B01204F0B1F8083687
:101AD00008B90137E0E7BDE8F08100BF692E0000DA
:101AE00001212DE9F041514BD3E8EF2FC3E8E01F6E
:101AF0000028F9D1002A3ED14D4B996099685A606F
:101B000001F003010129DA6035D1DA609A68032A0D
:101B100031D8EFF31184202282F31288BFF36F8F44
:101B20004FF6FF754349888E00F00702C88EA84221
:101B300034D0062A32D8DFE802F0123104311231F3
:101B4000120001230130C88684F31188BFF36F8F20
:101B50008BB100233649384803F08DFF0BE000209D
:101B60001860086AB8B9C1E90733BAB92246022138
:101B70003148FEF7FBFDEFF305858DB1EFF31186DC
:101B8000202383F31288BFF36F8F01254FF02008C5
:101B90002A4C2B4F2FE003600B62E6E70023D3E7CC
:101BA000284B1B78002BE9D00422244B2E46C3F887
:101BB0000823EBE78DB372B6002383F31188BFF3DC
:101BC0006F8FBFF34F8F20BF86F31188BFF36F8FE6
:101BD00062B6D4F8403413F0FF030CD1D4F80821D6
:101BE0004AB1C4F80831D4F808310123C4F84034AC
:101BF000C7F8A0812361D4F84C24D4F84C34D20324
:101C0000D8D503F00303012BD4D155B186F3118845
:101C1000BFF36F8F0020BDE8F0812020FFF7F6FBB7
:101C2000D7E70423C4F80433F4E700BFBC0E002058
:101C3000AC0E0020E40E0020000F002000E0105049
:101C400000E100E0E0140020F7B50221E420FEF7F7
:101C5000B3FE884B884CD3F8182722F44032C3F8DF
:101C600018272278002A73D1D3F8101521F0020129
:101C7000C3F81015D3F8101541F00101C3F8101581
:101C80000521C3F8A4160421C3F8AC160723672165
:101C900001F001000244013BD2B24FEA5101F7D1F9
:101CA000052A59D119464FF0010C734E00256720C3
:101CB000CFB204E00CFA02F220EA0200013590FAF9
:101CC000A0F25FFA85FE7745B2FA82F2F2D80131CE
:101CD00032750529224482F8547006F10C06E5D1CC
:101CE0000121002565489A0801FA02F212F0670FF7
:101CF00018BF1D500433302BF5D1E420FEF73CFE15
:101D00005C4B5F49D3F8102503F5C07322F0020243
:101D1000C3F8902340F6FF72C3F8A82100221A608E
:101D2000A3F5807004338B420260F8D10127514D36
:101D3000544E2F663068544BB0FBF3F05D2358438C
:101D4000524B3B4398472770D5F81035980706D576
:101D50006FF0770003B0F0BD6FF08B00FAE7D5F8B5
:101D6000103543F00203C5F81035D5F8482712F0B6
:101D7000010202BFD5F8483743F00103C5F84837E0
:101D80003C4BD3F84017D3F844174900F9D42AB98B
:101D9000D3F8482722F00102C3F848273A4A3368AB
:101DA000B3FBF2F3334A03EB4313002B5BD0D2F8BF
:101DB0004017D2F8445715F080454FD14FF0FF330C
:101DC0000193EFF31186202383F31288BFF36F8F03
:101DD000019B626801A81340019304F01BFD0028D9
:101DE0003EDB01226368824023EA02036360284BE2
:101DF0001872284686F31188BFF36F8F002835D1FB
:101E0000234BA1681A7A012393401943A1604FF034
:101E1000FF356FF04041DFF87CC0DCE90067B54278
:101E200071EB070EF9D31C4926F01F05C1E90057D5
:101E30004FF0FF364FF0FF370C251849C1E9006716
:101E4000A11891F8541005FB014415492275E16071
:101E50000021084A2161C2F824337BE7013BA4E753
:101E60006FF00B00C6E76FF0730073E76FF00B00C5
:101E700070E700BF00200E504000002000210E50EF
:101E8000B0210E50A002002040420F00D07D000083
:101E90008402002040270E50D8020020D0020020EB
:101EA00075120000F8B50126324C334DD4F80C33CE
:101EB00003F0710343B901252E4C304ED4F80C3396
:101EC00003F00C035BBBF8BDB3FA83F30021C3F14D
:101ED0001F039A0002F5807292B202F1A04202F54D
:101EE0008712116006FA03F7042B1268D8B2C4F8FF
:101EF000087308D0062B10D02B689847D4F80C3301
:101F000003F07103D6E702236B71C4F81411D4F8FF
:101F100014312023C4F80433EEE76971ECE7B3FA17
:101F200083F30027C3F11F039A0002F5807292B277
:101F300002F1A04202F58712176005FA03F1022BA5
:101F40001268D8B2C4F8081310D1D4F84C34D4F8BD
:101F50004C349B070AD10423C4F84054C4F804331A
:101F60002561D4F80C3303F00C03ABE733689847D2
:101F7000F7E700BF00E01050DC0E0020380F002013
:101F8000F7B5284B284CD3F82C6304F188070EB919
:101F900003B0F0BD96FAA6F00123B0FA80F08340BA
:101FA000DA43224926EA0306231893F854508300A3
:101FB00019440C2303FB0543DB6873B3D7E8EF3FF9
:101FC00003EA020CC7E8EECFBEF1000FF6D1C34022
:101FD000DB0719D5020102F1A04202F56222D2F814
:101FE0002435D2F82025D1F800C0BCF1000FCED0A6
:101FF0004FF0000CC1F800C00C2101FB0545296918
:102000000091E9688847C2E705F10C0304EBC30CB3
:1020100054F83320DCF80430E5E70A68002AB6D02B
:102020000B60B4E700200E504000002000210E504D
:102030000822F0B5002789B004F0F3FCCB6A0C4607
:1020400003930B6B064604934B6B684605938B6BAF
:10205000CDE901770693CB6B6946079313466A4631
:10206000009703F07DFC31460546304603F078FCCE
:10207000216B05440391616B68460491A16B059146
:10208000E16BCDE90617694603F06AFC3146054469
:10209000304603F065FC0544206ACDE904770090E2
:1020A000606A03970190A06A0290A06B0690E06BB3
:1020B0000790304603F054FC0544606AD4F838C0F9
:1020C0000090A06ACDF810C00190E06AD4F83CC03E
:1020D0000290606BCDE905C00390206A07903046FE
:1020E00003F03EFC0544E06ACDE904770090206BE4
:1020F00003970190606B0290206A0690A06A079097
:10210000304604F0AFFC236B2D1A0093636B30460E
:102110000193A36B0293E36B0393636A0693E36AF1
:102120000793082304F09EFC636B2D1A0093A36BA6
:1021300030460193E36B0293236A0393636A04932B
:10214000A36ACDE90537236B0793082304F08AFCC3
:10215000A36B2D1A0093E36B3046CDE90137636A18
:102160000393A36A0493E36A0593636B07930823BD
:1021700004F078FC2D1A10D50823314630460C4A5D
:1021800003F0EEFB2D18F7D409B0F0BD082331465B
:102190003046074A04F066FC2D1A002DF6D10822BD
:1021A0003146034804F049FC0128EFD1ECE700BFB9
:1021B000BC8000002DE9F04F002503689DB003931B
:1021C0004368DFF8B89104938368DDE9034705931A
:1021D000C36806930369DDE905AC07934369089377
:1021E0008369DDE9072B0993C3699E460A93099B1E
:1021F000009351F825600CAB96FA86F843F82580D9
:1022000059F8046B4FEAF22383EAB213464483EA97
:1022100072633344009E02EA0B0826EA020686EA4D
:1022200008063344734487EA0A064FEA743E8EEA8E
:10223000B40E264007EA0A0886EA08068EEAB45E6B
:102240000135B644102D03EB0C067344D446DDF87B
:1022500000E040F084804A490B91294601350DF198
:10226000700E05F00F0C0EEB8C0C5CF840CC01F0FE
:102270000F094FEABC48CDF804C088EAFC1801F108
:102280000E0C0CF00F0C0EEB8C0C5CF840CC0931F2
:102290004FEAFC4ECDF808C08EEA7C4E01F00F01EB
:1022A0000DF1700C0CEB81010CEB890951F8401C0D
:1022B00059F840CC402D8C44019988EAD108029904
:1022C000C4448EEA912EF44406EA02084FEAF62E40
:1022D0002BEA060181EA08018EEAB61EDDF82C80A1
:1022E0008EEA766E714458F804EF49F840CC714498
:1022F0006144DDF800C04FEA733E614484EA070C94
:10230000CDF82C808EEAB30E0CEA030C04EA070821
:102310008EEAB35E8CEA080CF4448C4401EB0A0E9E
:10232000CDF800B0BA4622D1039961440160049906
:102330001944059B416023448360069B3B44C36072
:10234000079B73440361089B33444361099B134417
:1023500083610A9B5B44C3611DB0BDE8F08FBA4640
:10236000CDF800B0274693461C46324641E79346D7
:10237000274632461C46764663466EE7B87F000025
:10238000F47F0000036803F01F025F2B02604FEA36
:1023900053129ABF024B53F822000020704700BF2F
:1023A000AC7F00002DE9F04FD50640F2063548BF5E
:1023B0004FF00309D0F8048002EA050598F81030C0
:1023C00058BFC2F3401989B001F01F06B5F5837FED
:1023D000144646EA43168DF80A9043D00DD8062DD0
:1023E00042D005D8A5B1022D12D06FF0150036E00D
:1023F000B5F5807FF9D101250AE040F202239D4224
:1024000034D0B5F5407F33D0B5F5007FEDD104254C
:1024100020032FD50123D8F804208B405360D8F82F
:1024200008707FBB05A80596FFF7ACFF059BC4F3BA
:10243000004100EB8300D0F8802081F00101C4F35B
:10244000404343EA410322F4706243EA890322F0E5
:102450000F0243EA05231343C0F88030002009B07F
:10246000BDE8F08F0925D3E70825D1E70625CFE79A
:102470000525CDE7620341BF0123D8F804208B4036
:102480009360CCE7314638460DF10B0203F0F1FCC6
:1024900014F44039019030D13046FEF7A9FC07EB27
:1024A0004004A38ADB0719D5384604F09FFE314665
:1024B000384603F09FFC40B1A28A3B68520B03EB05
:1024C0008203C3F81095C3F810953846314603F0DF
:1024D000A7FC00233046A38203F0C9FE019B002B1A
:1024E000BCD1D8F808309DF80B1093F87500314B2B
:1024F00003EB800003F03CFCB0E7002303AACDE926
:102500000623384605AACDE90333059304F094FE6B
:102510000028A3D114F40033D8F808903BD03046FB
:10252000FEF766FC04F4803B074684F480343146B1
:1025300048469DF80AA0C4F3004403F066FC20B9A5
:10254000484603F057FC002888D109EB4707BB8AAF
:1025500003F01C031BB1BBF1000F3FF47FAF05A8D4
:102560000596FFF70FFF059B00EB8300D0F8803046
:1025700023F4706323F00F0343EA8A0343EA44031E
:1025800043EA052343F00103C0F88030BB8A43F0DF
:102590000303BB82A2E7CDE9063331460DF10A03FE
:1025A000484605AA059304F047FE00287FF456AF7D
:1025B00094E700BF980200202DE9F041456801F042
:1025C0001F04287C88B044EA4014A868002800F062
:1025D000BB80B2F5001F06D1214604F007FE0020A3
:1025E00008B0BDE8F08168686E7CB2F5800F466285
:1025F0004FF0000603A80396466065D1B3F1007F53
:1026000014BF052304238DF80C300023CDE9060305
:102610000593EB680DF10706CB4013F0010F5ED177
:10262000B2F1A07F5BD102A80294FFF7ABFE029B40
:10263000203350F82330DA0751D4AF6832462146B0
:10264000384603F016FC16300AD197F87500414B56
:1026500003EB800004F0DEF8002878DB8DF807003B
:1026600004962146A86805AA04F0E6FD0028B7D123
:10267000AD682146284603F0BDFB80462046FEF7A4
:10268000B7FB2F6800F10806B8F1000F39D02846D3
:1026900003F0BBFB002834D105EB4606B3885B0B87
:1026A000990001F58072B850BA582A680A44D2F8E5
:1026B000101541F00101C2F810150122296802FA33
:1026C00003F3C1F814338AE7B3F1C06F05D0B3F157
:1026D000007F14BF0123022395E7032393E7AF682C
:1026E00032462146384603F0C4FB0028B9D197F89A
:1026F0007500184B9DF8071003EB800003F038FBC2
:10270000AFE7D7F8143305EB46059B035CBF4FF4E6
:102710000033C7F81433AB88C3F38203042B0FD004
:10272000052B0FD002A80294FFF72CFE029BC16874
:10273000D94001F001010231204604F044FD4EE78A
:102740000321F9E70221F7E76FF0850048E76FF012
:102750000B0045E7980200202DE9F04F804658F81D
:1027600004BB90F87540DBF814136A4BC9B253F8F8
:10277000342007468BB0584641F4003103F013FB78
:102780008203054639D50023CDE907330993614B10
:10279000E60003EBC404636807A819460093FEF73C
:1027A00031FB331D03934FF0000A5B4B0DF11C0905
:1027B0000293029A574912F8013B0292039A02EBE4
:1027C000D3028A5C03F0070322FA03F3DB071AD46F
:1027D0000AF1010ABAF1030F09F10409E9D14FF432
:1027E00000310022584603F0DEFA009907A8FEF7F0
:1027F00009FB0028D7D125F400350124002D73D121
:102800000BB0BDE8F08F454B53440493D9F80060FA
:10281000002EDDD096FAA6F6B6FA86F6049B1C7852
:1028200046EA44142046FEF7E3FA07EB4000818AAB
:10283000F208C1F3820305930193012319F8020002
:1028400006F0070603FA06F620EA060009F8020079
:1028500006A80694FFF796FD069A11F0100F02F1F4
:10286000200250F82260059BC6F3014623D0404663
:10287000019A214603F010FB06A80694FFF782FD9B
:10288000069BF6B2203350F82330C3F301439E4237
:1028900007D10021204604F096FC3146204604F082
:1028A00092FC06A80694FFF76DFD0122069B02FA32
:1028B00003F30362AAE7022E14BF0221032120467C
:1028C000059304F080FC059B032B03D0022E07D157
:1028D000012BE6D121464046019A03F0DDFAE0E7FC
:1028E000032EDED1022BF4E795FAA5F3B3FA83F3B6
:1028F00004FA03F225EA020503F5A2725BF822202E
:1029000007EB43034046B3F86410C2F3014203F0FF
:10291000C3FA73E76C7F0000508600005086000009
:102920002DE9F04F91F8213005460C4685B0002B7B
:1029300000F0BA8091F822706A4A29686A4E6B48A2
:102940006369914208BF064694F82320B6FBF3F66C
:1029500095F8223062F3000385F82230227CDBB246
:1029600062F3410385F8223094F82380B8F1000F18
:1029700034D162695E4B01219A4214BF4FF00509C0
:102980004FF00F09237E4246012B94BF0023012301
:10299000009320684B4604F0E5FECDF800804B46DE
:1029A00042460121606804F0DDFECDF800804B4610
:1029B0004146A27EA06804F0D5FE237C424683F007
:1029C0000103009301214B46E06804F0CBFE012196
:1029D00000914B464246E06904F0C4FE94F8213071
:1029E000002B63D04FF0FF336B62637E94F82110AD
:1029F00094F81280207E0393002961D0D4F80CC093
:102A0000217C94F8249094F820E02B68B9F1000F11
:102A100012D1D4E901BAD4F81C902268C3F8002678
:102A2000C3F804B6C3F808A6C3F80C96C3F810C6DA
:102A3000C3F8B815C3F8B075039AC3F8C085003A57
:102A400018BF01220228C3F82C653CD003283DD0D2
:102A5000012801D142F00202C3F85425C3F8ACE5C5
:102A6000244BD3F840331C2B14D1022E31D9237EB2
:102A700013F0FD0F2DD176080136F6B2BE4238BFF5
:102A80003E462B68C3F8B06595F8223043F0040346
:102A900085F822306B680BB32868C0F3083005B0A6
:102AA000BDE8F04FFDF768BF022745E7E3686B62BA
:102AB000227C95F8223062F3410385F8223094E7B6
:102AC0004FF0FF3C9DE742F00402C5E742F00602EA
:102AD000C2E795F8223023F00403D9E705B0BDE83A
:102AE000F08F00BF00A004500024F4000020A107D4
:102AF0000048E80100C0FF002DE9F0431E468B8826
:102B00000746046998040D4690468BB000F1878013
:102B10004FF0FF3104F16C00FEF73AFE2566B8F184
:102B2000000F40F08580C4F890800023C4F89430F2
:102B300004F1A80204F1940104F1900003F088FA72
:102B40008046C4F8A400002E7CD1C4F8986000230D
:102B5000C4F89C3004F1B00204F19C0104F1980027
:102B600003F076FA00231A46D4F89460C4F8AC0057
:102B7000C4F88C30B2426DD100221146D4F89CC00A
:102B800061456FD193422CBFC4F8A030C4F8A02097
:102B9000B8F1000F02D0D4F8A8303BB9002800F0FB
:102BA0005981D4F8B030002B00F054813E6996F87A
:102BB000283013B3F26A2B689A421ED1326B6B68CD
:102BC0009A421AD196F84030297D994215D1B6F82B
:102BD00044202B8B9A4210D1736BAA68002949D0EC
:102BE0009A420AD1B36BEA68534033F47F4304D16D
:102BF000F26B2B699A4200F0A680AB8819053ED58E
:102C00006FF08506E36D1BB19B889B0400F10C817E
:102C1000002304F16C002366FEF724FE04E1636FD9
:102C2000002B7FF475AF236E99427FF471AF76E786
:102C3000D8F80030C4F89030002B3FF476AFD8F8C5
:102C4000043073E73368C4F89830002B3FF47FAF4B
:102C500073687DE7D4F8901001EBC2014968013236
:102C60000B4487E7D4F8986006EBC106766801311B
:102C7000324485E79A42C0D1B26BEB68BAE713F0F1
:102C8000090F40F0E78003F4FC62B2F5807F40F06A
:102C9000E1802968714A914240F2DC803268D7F8BD
:102CA0000480D2F80006421C03D09B076AD404F0CB
:102CB00087FB4FF0FF33039398F81E3029688DF897
:102CC0001230D8F81830994228BF1946AB880591C0
:102CD000980703F0040258D5002A0CBF02220322F1
:102CE000C3F300138DF819304FF0FF33079398F8B2
:102CF00020304FF001088DF8203096F8283096F8F3
:102D000020908DF818208DF823808DF82480002BDA
:102D10003DD0B9F1000F4ED096F82130002B4DD1A7
:102D20003046FEF79BF8002800F094806946304654
:102D3000FFF7F6FD1C22294606F12C0004F058FF8F
:102D4000012386F82830E56504F1B409EFF3118812
:102D5000202383F31288BFF36F8F0023D4F8B4606D
:102D6000B14531D086B3304603F035F906F118008D
:102D7000FEF7BCFB6FF00A033046336703F038F907
:102D80000123EBE704F010FB93E79208A8E7B9F101
:102D9000000F16D13046FEF761F800285AD0304BAC
:102DA00069463046C6E90137FFF7BAFD86F821903B
:102DB00086F82080BEE76FF0760623E76FF00F06F7
:102DC00020E76FF077061DE70022C4F8BC207BBB2C
:102DD00088F31188BFF36F8F3869B430FEF742FD76
:102DE0004FF0FF314846FEF7D3FC07223B691B68D2
:102DF000C3F800252B7D4BB1012105F1080002F03D
:102E000032FF2B7D13B12869FDF75CFF384604F1D2
:102E10005C0804F001FC404603F038FA064660B94D
:102E2000AB889A047FF5EEAE30460BB0BDE8F08378
:102E300041460C48FEF7ACF8CEE710F1740F7FF472
:102E4000E1AE3B691868191D03F098F8404603F09D
:102E50001DFAD7E66FF01506D4E600BF47E801007B
:102E60002F770000E114002001292DE9FF4744D00D
:102E700008D90239012900F204816FF0850004B0FD
:102E8000BDE8F087046994F82830A3B32068C0F344
:102E90000830FDF77FFD636843B121467E4A51F853
:102EA000043BC3F80823206803F068F82368D3F8CC
:102EB0000006D3F80456D3F8086694F82230DF07EA
:102EC00014D403F0DEF9304603F0DBF9284603F0B2
:102ED000D8F9606A03F0D5F92368D3F80C06D3F863
:102EE000105603F0CEF9284603F0CBF9002384F8FE
:102EF000203084F828300020C1E743685A685368BE
:102F0000117A03EBC101994202D86FF00100B6E7D4
:102F10005879002800F0B8800833F4E7382B00F027
:102F200084804E2BA9D1C5F8104601E0C5F80446AF
:102F3000631C1FD0204604F037FA4FF0010A90E0DE
:102F4000C5F80C46002180E04FF0000AC5F80046A5
:102F5000621C0FD082E04FF0010AC5F80446F7E783
:102F6000C5F80846EEE7C5F860457388621C03F0B3
:102F700001036ED10436B742BDD03268C2F3C32319
:102F8000082BC2F308047CD818F8039040F2FF1312
:102F90009C4208BF4FF0FF34B2F1D05F4FEA12639A
:102FA000BCD2192B3FF669AF01A252F823F000BF43
:102FB0002D2F0000412F0000272F0000612F00005F
:102FC000492F0000572F0000612F00007B2E0000CA
:102FD0007B2E00007B2E00007B2E00007B2E00004D
:102FE0007B2E00007B2E00007B2E00007B2E00003D
:102FF0007B2E00007B2E00007B2E00007B2E00002D
:103000007B2E00007B2E0000672F0000193000008F
:103010001F30000025300000C5F86445A5E7C5F85D
:103020006845A2E7C5F86C459FE703A80394FFF73E
:10303000A9F90121039B00EB8300D0F8803023F035
:10304000E04343F08043C0F88030601C92D08A4651
:1030500008E0002B7FF46EAF4FF0010A204604F029
:10306000AFF901213368CDF80090180444BF4FF048
:10307000010A002152462046C3F3412302F010FB0F
:1030800078E76FF01500FAE61E681F791568DFF81B
:103090000C8006EB87076EE70700F81F47860000E5
:1030A0002DE9F04F8B4691461C46002595B00290C5
:1030B00099F8000008B9284643E225280CD0594663
:1030C000029B98470028C0F23C8209F101030135B8
:1030D0000493DDF81090EBE7182200210EA804F00D
:1030E00092FD99F801A0BAF1250F53D0002296461F
:1030F00094461746164609F10100014610F8013BB7
:103100002B2B75D06ED8202B74D0232B75D02AB1E1
:103110009DF8402042F040028DF84020BEF1000FA3
:1031200005D09DF8402042F020028DF84020BCF1EF
:10313000000F05D09DF8402042F010028DF840208D
:103140002FB19DF8402042F008028DF840202EB1AA
:103150009DF8402042F004028DF840209DF8402068
:1031600002F04400442803D122F040028DF84020B0
:103170009DF840202A2B42F080028DF8402040F03C
:10318000A5809DF841204B1C42F001028DF84120A2
:1031900000274BE04FF00008474609F10203049373
:1031A0009DF84120D60740F1498154F8047B002F57
:1031B00006DA9DF840107F4241F004018DF840107E
:1031C000500740F1428154F8048BB8F1000F80F2AF
:1031D0003F819DF8412022F002028DF841204FF0FE
:1031E000FF3835E12D2B0BD0302B90D1012284E715
:1031F000012782E74FF0010C7FE74FF0010E7CE7DB
:1032000001267AE713460CFB0707303F1A4612F8EF
:10321000010BA0F13006092EF4D99942B8D09DF8DF
:103220004020F90F61F341028DF840201A782E2AD0
:103230000CBF012100219DF8412061F341028DF86E
:1032400041204FD15A782A2A45D04FF000080A264B
:1032500001331A4612F8011BA1F13000092844D9A4
:103260009DF84020C2F3400141EAD87161F3410268
:103270008DF840201A786C2A58D03CD8682A42D061
:103280006A2A5CD04C2A62D013F801AB9DF8412029
:10329000BAF1780F049311D8BAF16D0F64D8BAF16E
:1032A000690F0BD8BAF1570F7CD8BAF1410F00F073
:1032B000AF80AAF14502022A40F2AA809DF8402080
:1032C00042F001028DF84020002295E00B460027D5
:1032D0004FF00A0C9AE79DF84120023342F00402B5
:1032E0008DF841204FF00008C4E706FB081813468C
:1032F000A8F13008ADE7742A25D07A2AC4D1062176
:103300009DF841200CE05A78682A9DF8412006D1AA
:10331000012161F3C6028DF841200233B4E7022196
:1033200061F3C6028DF841200133ADE75A786C2A6B
:103330009DF8412001D10421EBE70321F0E70521AD
:103340009DF84120ECE707219DF84120E8E7BDF812
:10335000402022F4F04222F0020242F4804242F085
:103360000202ADF84020DFE70121AAF16E00C0B2F1
:10337000814040F28240014225D111F0240F50D10A
:10338000CB079BD503209DF8421002F07802A2F1F2
:10339000400C60F30201DCF100028DF8421042EBB8
:1033A0000C0229E00120AAF15801C9B200FA01F18A
:1033B00011F4624F2CD111F4043F27D140F60100E3
:1033C00001423FF47BAF02219DF8420002F07802F7
:1033D000402A61F3020008BF9DF840108DF84200BA
:1033E00004BF41F001018DF84010003A18BF0122DE
:1033F000BAF1630F18BF00229DF84010C1F34000DE
:10340000024362F341018DF84010C9E60146DBE753
:1034100004219DF8422061F302028DF8422001222E
:10342000EAE703209DF8421002F0780260F30201FF
:10343000003A18BF01228DF84210DDE79DF94010D7
:103440000029A8BF4FF0FF37BAE691077FF5C7AE56
:103450009DF842109DF8412001F007010139C2F3A7
:10346000C302032952D8DFE801F0022A6149D11EC4
:10347000042904D8DFE801F0190F0F191900012AF7
:1034800054F8041B15D0022A15BF084608B2C1170C
:1034900041F3C03110E0E01D20F007000446406811
:1034A00054F8081BCDE90E1030E054F8041BC8177F
:1034B000F8E748B241F3C011CDE90E0126E0D11E74
:1034C000042904D8DFE801F0130B0B131300012AC1
:1034D00054F8041B0FD0022A08BF89B20CE0E11D8A
:1034E00021F007010C46496854F8080BE4E7002175
:1034F00054F8040BE0E7C9B20020D3E7073424F006
:103500000704D4E90001CDE90E0108349DF840100C
:1035100011F0030618D04E46049BB3420AD8A6EB1E
:103520000906002E30460CDB3544D2E554F8041B66
:103530000E91EBE7594616F8010B029B98470028BD
:10354000EADA15B0BDE8F08FBAF1780F3FF6C1ADF9
:10355000BAF1620F18D8BAF1250F49D0BAF1580F55
:103560007FF4B7ADDDE90E010DF13603009310AA2B
:1035700008AB8DF843A002F036FA119B81469DF806
:1035800043A0129A039398E0AAF1630015283FF62E
:10359000A0AD01A656F820F0EB360000053700007C
:1035A000D3300000D3300000D3300000D33000000F
:1035B00005370000D3300000D3300000D3300000C6
:1035C000D33000002F3700002B3700008536000075
:1035D000D3300000D330000001360000D3300000AB
:1035E0002B370000D3300000D33000002B37000011
:1035F00059465046029B98470028A2DB013568E5F2
:10360000B8F1000FDDF8389034DB002019F8002005
:103610000AB180452CD10026324609EB0003059300
:1036200003969DF8421011F01003069300F09C8061
:103630000230039B4906184448BF8018002F40F30E
:10364000A8809DF840203F1A5307C2F3800800F17C
:10365000A080500640F1C18046B159463046029BD9
:1036600098470028FFF66DAF464601353022B5E099
:103670000130CBE7484604F0A4FAB9F1000F3FF45B
:1036800028ADC8E70E98002865D070238DF8433028
:103690000DF13603009310AA08AB002102F0A3F944
:1036A000002681464FF0780A119B129A03939DF8E9
:1036B000423043F010038DF842300DF13600B8F17E
:1036C000000FA0EB09000ADB9DF84010804521F0B7
:1036D00040018DF8401002D9A8EB0003039306B116
:1036E00001300DF1360305939BE700260E9A0DF18C
:1036F00021038DF8202001203246039605930DF119
:1037000020098EE70A075DBFC1F300114901CEB25F
:103710002B26DDE90E12002ABFF624AF494262EBE8
:1037200042022D26CDE90E121CE700261AE70E9B59
:10373000072A3FF6CEACDFE802F00C04060C0808BE
:103740000C0C1D70C5E41D80C3E4EA17C3E90052E8
:10375000BFE41D60BDE4384B064602460390059366
:103760000520A3F105095CE70B0748BF013060E7BE
:10377000104607925946029B98470028079AFFF681
:10378000E0AE4146002908F1FF38F1DC3D444746F0
:103790006D1A3EB159463046029B98470028FFF605
:1037A000D0AE01359DF84220D10601D4130707D5CC
:1037B00059463020029B98470028FFF6C2AE0135DB
:1037C000069B3BB159465046029B98470028FFF69E
:1037D000B8AE0135039E2E440AE02022B846D0E759
:1037E00059463020029B98470028FFF6AAAE0135C3
:1037F000731B002BF4DC4E46059BB34214D8A6EB9A
:103800000906002E3046FFF69CAE35442F447B1B44
:10381000002B7FF75EAC59462020029B984700287A
:10382000FFF68FAE0135F2E7594616F8010B029B01
:1038300098470028E0DA84E69F8100000FB41FB5A6
:1038400006AB53F8042B0393002104480091FFF7C3
:1038500027FC05B05DF804EB04B07047E3590000A5
:1038600005460C4608B599B1D1E90123134809680A
:10387000FFF7E4FFD4E90423E1681148FFF7DEFF16
:10388000E1691048FFF7DAFFA1690F48FFF7D6FF9B
:10389000012D05D1EFF305810C481039FFF7CEFF5C
:1038A000EFF31183202383F31288BFF36F8FEFF3BD
:1038B000118283F31288BFF36F8FFEE7A0810000AF
:1038C000D081000000820000108200003F820000D2
:1038D00070B5264C26480E461546FFF7AFFFA36A83
:1038E000D80640D52348FFF7A9FF1120A36A19077E
:1038F00003D52148FFF7A2FF12201C4CA36A9A07A8
:103900000FD51E48FFF79AFF616BA36A1B0607D508
:103910001B48FFF793FF1EB1A36A23F08003A36245
:103920001320124CA36ADE0703D51648FFF786FF63
:103930001420A36A9C0603D51348FFF77FFF1520C8
:103940000A4B9A6AD10658BF9A6A9A6A920642BF8F
:103950005A6A22F400525A629A6A42F0FF029A624C
:1039600000232B7070BD1020C0E700BF00ED00E009
:10397000538200006A8200009E820000B282000032
:10398000CB820000E28200000283000070B5244C6C
:1039900024480E461546FFF751FFA36AD90435D5D2
:1039A0002148FFF74BFF1720A36A1A0503D51F48CC
:1039B000FFF744FF18201A4CA36A9B050FD51C483B
:1039C000FFF73CFFA16BA36A180407D51948FFF75E
:1039D00035FF1EB1A36A23F40043A3621920104CE3
:1039E000A36A590503D51448FFF728FF1A20A36AD4
:1039F000DA050DD51148FFF721FF1B20084A936A0D
:103A000043F47F43936200232B7070BD1620CBE7F5
:103A1000A36A9B04F2D50A48FFF710FF1C20EDE7CC
:103A200000ED00E032830000498300009E82000028
:103A30005B830000758300008B830000A783000078
:103A40000283000010B5204C2048FFF7F7FEA36A60
:103A5000990137D51E48FFF7F1FE1E20A36ADA014F
:103A600003D51C48FFF7EAFE1F20174CA36ADB02B0
:103A700003D51948FFF7E2FE2020A36A1C0303D5F3
:103A80001648FFF7DBFE21200F4CA36A590303D52C
:103A90001348FFF7D3FE2220A36A9A0303D51148E7
:103AA000FFF7CCFE2320084CA36ADB0303D50E48A6
:103AB000FFF7C4FE2420A36A6FEA03436FEA1343AF
:103AC000A36210BD1D20C9E700ED00E0C083000027
:103AD000D9830000ED8300000884000033840000D7
:103AE000528400007884000093840000002310B505
:103AF0000B4A147884420AD00133042B02F11002DD
:103B0000F7D16FF0010010BD00200A60FBE7D0681C
:103B100001F0EBFF0028F7D16FF01200F3E700BFD0
:103B2000087F000030B5816885B0103921F00F049E
:103B3000054603F06DFE10220146684604F063F866
:103B400010226846064904F053F810236A462146BD
:103B5000284603F047FE003818BF012005B030BDED
:103B60006C8100002DE9F0415C4B05465F68002642
:103B70008AB0C7F3080486F31188BFF36F8F02F091
:103B80007F43B3F17F4F06D102F00C03082B13D112
:103B90005348FFF753FE002635464FF00008E31E5A
:103BA0008DF80780092B00F28680DFE803F00A7A9F
:103BB0007E7584848484848210074CBF0D46012660
:103BC000EBE74848454CFFF739FE8DF80780E36A7C
:103BD0009A0704D54448FFF731FE00242AE0E36A3F
:103BE000002B01DA4148F6E7E36A5B00F5D540486F
:103BF000FFF724FE6369AA6943F480736361BFF32E
:103C00004F8FBFF36F8F32F8023C626922F48072EB
:103C10006261BFF34F8FBFF36F8F03F47F42B2F542
:103C20005F4F1FD1DBB2022B1CD129683148FFF74F
:103C300005FE2C689DF80730002B4BD12022294629
:103C400002A803F0D5FF099B002E40D0C3F3080261
:103C500022B96FEA53236FEA43230993204602A94E
:103C6000FFF7FEFD1D4B9A6AD2B232B101210DF170
:103C700007022846FFF72CFE11E09A6A12F47F4FE4
:103C800006D001210DF107022846FFF77FFE06E06E
:103C90009B6AB3F5803FA0D32846FFF7D3FE0446C6
:103CA000C8E700210DF10702E3E700210DF107024B
:103CB000EAE711488FE7114B17F4F87F10491148D4
:103CC00008BF1946A4F11002FFF7B8FD85E76FF3AE
:103CD0000803C2E70AB0BDE8F08100BF00ED00E0D4
:103CE000ED84000019850000318500005385000037
:103CF00062850000828500009F850000BF8400006F
:103D0000D4840000C485000010B572B6002484F38A
:103D10001388FCF71FFE23464FF0FF300C4A03F1D7
:103D200020010133102B42F82100F8D100234FF07D
:103D3000FF30074A03F160010133102B42F82100E4
:103D4000F8D162B6BFF34F8FBFF36F8F10BD00BFC6
:103D500000E100E08FB5544A544B22F07F029A6094
:103D6000BFF34F8FBFF36F8FD3F88820504822F4F2
:103D70007002C3F888204F4A0021121A03F043FF53
:103D80004D484E4A4E49121A03F032FF4D484E4AF2
:103D90004E49121A03F02CFF40F20F14002210B209
:103DA00001210132FCF708FEA242F8D10020FDF704
:103DB00073F8474F87F30888E0223C4B454E83F861
:103DC00022200022DA771A765A769A7683F8202013
:103DD000596A41F4E021596283F82320596941F07E
:103DE00010015961596921F00801596110211961C7
:103DF0004FF0FF319962D962D3F8901011F47E4FE1
:103E000029D0BFF35F8F3449C3F89420C3F8C010A2
:103E100002213248C3F89820C3F89C10C3F8A000D0
:103E20000120C3F8980000F10050C3F89C0000F591
:103E30007F3000F2E230C3F8A0003170D3F8900078
:103E4000C0F30720814214DB0522C3F89420BFF39E
:103E50004F8FBFF36F8F22493478D1F80480B8F1C7
:103E6000000F00F09C80B8F11F0F3BD86FF01504D5
:103E700095E0C3F89810C3F8A0200131DEE7204692
:103E8000C3F89850D3F89C2002F01F0242EA0802BF
:103E9000C3F89C2001F03DFE7CE0D445EFD1E8B2B0
:103EA00001F037FE7BE000BF0000000000ED00E005
:103EB000B8020020E415002040000020B4020020D9
:103EC000908F00000000002040000020508F000074
:103ED00028470020E1140020AAFF4400E1CF17008A
:103EE000A07F000018F01F0FC0D10A68D306BDD113
:103EF000104601F005FE904408F1FF3A0546504691
:103F000001F0FEFD8542B1D115F1160FAED0A542EC
:103F1000ACDA814BC3F89850D3F89C00C3F89850A2
:103F2000D3F8A09020F01F00824249F01F0CB4D0BB
:103F3000013AC3F8985022F01F00D3F8A020D445CE
:103F400002F01F0242EA0002C3F8A0202046A1D0DE
:103F500001F0DFFD10F1160F88D06F4B0130C3F870
:103F60009850D3F89C109DF80820C0B261F3040269
:103F70008DF80820D3F8A030D2B25B0863F3471263
:103F8000694629F01F038DF80820CDF800800393BF
:103F9000FCF726FD10F1160F3FF468AF441C5F4894
:103FA0005F4B347083420CD001F0AAFD02465D489D
:103FB00001F0A6FD82425C4B00F088806FF0150294
:103FC0001A604FF001080024584B594E404683F8C0
:103FD0001080A3F80C80C3E917449C66B360FCF71B
:103FE0005BFF0220FCF758FF4FF420524FF0807126
:103FF000504D06F11803C6E90633C5E9182405F14A
:1040000050034D4AC5E914334C4B22F001094C4A88
:10401000EB6503F50053C3F8F897C3F8E027C3F83E
:10402000E447C3F8E847C3F8EC47C3F8FC1703F5C7
:10403000FC63AB64B368C5E90248C5E90644904631
:104040007561EC66EC6403B19B6E3A48AB662C7408
:1040500001F0CEFF4FF4A0713A4B03F15002C3E9D7
:104060001422394AC3E91814DA603849384AC3E9D6
:104070000644C2E948164FF08071C2F83891C2F880
:104080003C11C2E94A44DA6502F590729A64B2685A
:104090009C60DC66DC6402B1926E9A660022C6E91E
:1040A00001751A74F36032742A4D444685F3098809
:1040B0000020044B98472046002100220023024C98
:1040C00020470000C37800007917000012F1160F96
:1040D0001A603FF476AF317891427FF772AF0E49A4
:1040E000C1F89820C1F89820D1F89C001A7B60F3A1
:1040F00004021A73D1F8A020187B520862F347100B
:104100001873D1F89C2022F01F025A60D1F8A02029
:1041100022F01F021A6154E700ED00E0B80200200F
:1041200000000420FFFF0320400F00203C1000206F
:10413000B0100020C80F00207917000028170020B9
:10414000CD440000540F002001000F00AF5F0000BD
:10415000E8150020283F0020054B5A699B689A42C9
:104160001FBF044A536843F080535360704700BF39
:10417000B010002000ED00E008B5EFF30583064A1B
:10418000103B02EBC30152F8330049688847BDE891
:104190000840FFF7E1BF00BFD886000030B50D46EC
:1041A000816887B0102302AA1039044603F0F8FA98
:1041B000002802DA012007B030BD1022204602A9F3
:1041C00003F08DFB00283FD11022204902A803F004
:1041D000FFFC00280CBF012302232B70A1680123E0
:1041E000203921F00F0120460DF10702203903F09C
:1041F000D7FA0028DEDB9DF80730204603F00F02D7
:104200001B096A702B7101220DF1070103F067FB96
:1042100010B96B78042B03D901236B7000232B7129
:10422000A2682046203A22F00F02103AA91C03F09F
:1042300068FB0028BED1A2682046203A22F00F0277
:10424000E91C03F05EFBB6E70323C6E76C810000C0
:1042500000222DE9F04F8DB00446CDE9082202F08E
:1042600095FB964E98B3964D3368AB4203D11046FA
:1042700009A901F0C9F8F36AAB4203D1012008A9EA
:1042800001F0C2F8DDE908239A4284BF134609927F
:10429000A3604FF0000B726AD2F804805A46424481
:1042A0009342DA460BF1010BF9D8204602F06EFB7F
:1042B000F0B140F216220021F36D534303F1500296
:1042C000B36A013B414491420AD2013BFAE701F053
:1042D00009F904F1080103F079FAA3680993D8E712
:1042E0005B4505D80123E37100200DB0BDE8F08FD8
:1042F0006368744A03F0FF239342356AF76C17D161
:104300002368012B14D138460AA9FFF747FF9DF80F
:104310002830032B0CD1384601F026FA384603F03A
:1043200059FB3846A16803F046FB3846FFF7FAFB15
:104330006379012B68D10AF10203D946DFF888A11D
:1043400004935CE02368049AD21A4A4555D3726AF2
:10435000012B116852F8390002EBC90252F8082CFF
:10436000A0EB0100A2EB0102029003922BD1E268C4
:104370000593022A24D0284601F0F6F9F06C0AA928
:10438000FFF70CFFE279012A0CD0A9688DF81F20F5
:10439000203921F00F012846059B0DF11F0220391D
:1043A00003F0DCFA9DF82B30012B02D1284603F0F4
:1043B00011FB2846A16803F0FEFA2846FFF7B2FB7E
:1043C000384601F0D1F9002342460299284602F00E
:1043D0007EFADDE9023229462846CDF8008001F058
:1043E00055F8204601F07EF923680133236020B19F
:1043F000DAF800300133CAF8003009F1FF39B9F1B9
:10440000000F9FD10123236002234FF00109637144
:10441000D9453FF669AF23684B454CD8726A4FEADD
:10442000C90352F83910083B039111680291316DAC
:10443000C8580968A0EB010A2179012939D1D1585E
:10444000029B4246C91A28460023049102F03FFA13
:10445000049952460B4638462946CDF8008001F0B3
:1044600015F8204601F03EF90223237118B1164ACF
:10447000136801331360002342465146384602F068
:1044800026FADDE902125346521A28463946CDF87B
:10449000008000F0FBFF204601F024F9236801337F
:1044A00023600123237130B1074A1368013313607D
:1044B00001E00229DFD009F10109A9E7480E002037
:1044C0003DB8F396000100042403002001222DE9E9
:1044D0008048684B8DB003201A70FCF7DDFC042087
:1044E000FCF7DAFC4FF0807800214FF0040C624BAF
:1044F000624A634D634C23F0010EAA4254D3EFF39A
:1045000011814FF0200888F31288BFF36F8FA268E3
:10451000D37B013BD37381F31188BFF36F8F574F68
:10452000AF427DD3EFF31181202383F31288BFF3D1
:104530006F8FA2685448D37B0133D373A36983423E
:1045400000D003B9E368107CC00606D1D0897F286B
:1045500003D99869002808BF13464C486361FCF7EB
:1045600017FD4B4C60220021204603F04CFB01203C
:1045700004F12001FFF7BAFA002879D1022004F1F2
:104580004C01FFF7B3FA002872D1B225414A01204D
:1045900002F5B26308A962622365089503F0C7FAC1
:1045A000002879D001208EE11769D2E9020900972D
:1045B0005769073001979769D2E90036029720F0D2
:1045C000070003F15007D2E907ABC3E91477C3E949
:1045D000176037180098C3E906119960A3F80CB06A
:1045E00083F810C083F80EA0D973596647F81C0CE5
:1045F000019847F808EC47F8180C029847F8209CF7
:1046000047F8140C47F8048CA068203F9F64D966D3
:10461000D96400B1806E98661368DA642C326CE756
:10462000B96A4A1C19D03E68F1B9EFF3118988F3D1
:104630001288BFF36F8F337C5B0710D506F118002B
:10464000FCF754FF337C304623F004033374FCF74B
:1046500063FC49460D48FCF79BFC2C3760E789F367
:104660001188BFF36F8FF8E73046FCF779FEF4E767
:10467000FEE700BFE014002079170000347D000041
:10468000347D0000B0100020C8100020E01400208D
:10469000480E002028030020089B0220226D08A954
:1046A000A362089503F043FA002800F0A3800123D9
:1046B00084F858300021084600F02EFF00287FF4CF
:1046C00071AFA66A656DAE4203D06B1C9E427FF44B
:1046D00069AFB22E3FF666AF00231F46626A216DB6
:1046E000043204319D4240F08D80236AD86802F084
:1046F00064FDE36CD86802F060FDAE4206D9636ADF
:1047000003EBC5035B68BB427FF44CAF0123089306
:1047100003F101230993002304A9206ACDE90A3398
:10472000FFF73CFDE06C06A9FFF738FD9DF810305F
:10473000012B70D19DF81230032B6CD19DF81830ED
:10474000012B68D00223266A0B933378013B012B9F
:104750003FF628AF40F21627F068D4F85CA002F0CC
:104760002CFD4FF0FF35B946B3685FFA8AFA503B2B
:1047700007FB1038CB4609F1FF390123304619FBFE
:104780000A8106AA03F00CF80028FFF60BAF0122FD
:10479000304606A903F0A3F818B9B5F1FF3F08BFEA
:1047A0005D46013FE6D1691C07D0B12D65DC40F2C2
:1047B000011301350895ADF82430B1680123203983
:1047C00021F00F01304606AA203902F0E9FF002847
:1047D0007FF4E8AE0122304606A903F080F810B15C
:1047E00001238DF818309DF8183003F00F038DF871
:1047F000273012E0089B6365236AD86802F0DDFC6D
:10480000E06557E752F8337051F8330087427FF480
:10481000C9AE013366E700230B9308A802F0B6F88F
:1048200080F0010008A9C0B200F076FE00287FF4F5
:10483000B9AE08A802F0AAF888BB08A8FFF708FDDF
:104840009DF8273084F85830033B012B05D803F03E
:104850003FF910B1FF2384F858309DF82730023B10
:10486000022B05D803F04CF910B1FF2384F858301F
:1048700094F85830FF2B0DD1FEE70223B23D8DF89E
:1048800025306B1005F001050133013508938DF8D3
:10489000245092E70021084600F03EFE82E69DF893
:1048A0002760012E1CD100F09DFE831E022B0546C1
:1048B00008D8304608A900F087FF18B1012814BFB6
:1048C00005250125E8B2042884F858008DF8270052
:1048D00010D8012813D822D0FF2384F858301EE0C6
:1048E000012008A900F070FF10B99DF82700EAE741
:1048F0000520E8E70528EFD103F0EAF80DE008A865
:10490000FFF7A6FC94F85830DA1E012A0CD803F001
:10491000DFF80028E0D103F0F3F80028DCD194F8A8
:104920005830FF2B04D1FEE7023B012BF7D8F2E70A
:104930000021012B06910CD10021084600F044FF14
:10494000064658B9069B01330693069B012B0ED0F1
:10495000FEE7084600F0E0FD0028EDD04FF0FF36FE
:104960001022002108A803F04EF926B1FEE7236AC1
:104970005B680393F4E77E4BD3F874250F2A40F06D
:10498000D280D3F86C250F2A40F0CD804FF4F84147
:1049900002F5F91202F6F672C3F86865C3F86C25E1
:1049A000C3F87015C3F874252389724C039AA04686
:1049B000714F58F8045F13443B60ED4367234FF099
:1049C000010ADFF8B89105F06705C9F82833002D12
:1049D00040F0AA80E420FBF7DDFF684BD3F84827BE
:1049E00022F00102C3F84827D3F8102522F0010273
:1049F000C3F81025D3F8102522F00202C3F81025C1
:104A000001225A669A662570EFF31182202383F300
:104A10001288BFF36F8F5A48818E01F00701022977
:104A200040F0A080C38E013B9BB2C386002B40F0B8
:104A300099801C30FBF79AFE524B534A1B684FF487
:104A40007A70B3FBF2F34FF0000858434F4B4FF02E
:104A5000FF3643F001039847C146DFF834A15AF806
:104A6000044B0DF1200BC4F80863C4F30830FBF7C6
:104A700091FF0123E362C4F85091D4F85031C4F897
:104A80004C91D4F84C31C4F82491D4F82431C4F8B2
:104A90000095D4F804360893D4F80C360993D4F86A
:104AA00010360A93D4F808360B93C4F80466C4F899
:104AB0000C66C4F81066C4F8086600245BF8040BA2
:104AC000431C01D001F0D3FB0134042CF6D108F1D2
:104AD0000108B8F1030FC2D101224FF0FF312D4B75
:104AE0005A60DA60C3F80813BFF36F8F72B6002301
:104AF000294A03F120000133102B42F82010F8D18D
:104B00004FF0FF3105F160030135102D42F82310FD
:104B1000F8D10022214BC3F80424FBF71BFF3868AF
:104B20001F4B9847FEE7FEE7A3680AFA06F202EA7F
:104B3000030111F0670F1CBF9343A3606368DB435D
:104B400003F0670313420AD0002209EB0613C3F8EF
:104B50002C25EA0703D54046F1B201F009F96D08AA
:104B6000013634E782F31188BFF36F8F64E700BF2B
:104B700000B0045040000020A80E002000200E507D
:104B8000E40E0020A002002040420F00C07D000083
:104B9000487F000000E0105000E100E0002008E045
:104BA0000100002008B501233F4A4048C2F8003800
:104BB0003F4AD2F840231C2A04BF3E4AC2F80C34B4
:104BC000FCF7A2F80830FCF79FF80830FCF79CF8D7
:104BD0000830FCF799F800F5F470FCF795F8364AC0
:104BE000D2F88C3043F44063C2F88C300022D300FA
:104BF00003F57F0303F54043D3F8001401310AD0D5
:104C0000D3F8001439B1D3F800140132D3F80434C6
:104C1000402A0B60EBD1244BD3F84024002A3ED02D
:104C2000FCF762F848B1224BD3F83423234B9A4265
:104C30009EBF1D4B224AC3F84026FCF755F818B119
:104C4000204B214AC3F8AC27FCF74EF848B1342278
:104C5000154BC3F82426D3F83C2622F40022C3F8CF
:104C60003C261A4BD3F80026D20744BF6FF001024E
:104C7000C3F80026164BD3F8182522F00302C3F818
:104C80001825D3F8182542F00302C3F818250A4A5C
:104C9000D2F88C3043F44063C2F88C3008BDC8228F
:104CA000C3F84024BCE700BF0000125000C50D50FF
:104CB00000C0FF000030055000ED00E0001D0A18A4
:104CC00040E0A91E00A0085078000A0400E010503F
:104CD00000B004502DE9F04FADF5457DCDE903015D
:104CE00070220021A4A802F08EFFA54CA54BA64D72
:104CF000CDE9A4430024A54BA54ECDE9A653A54B71
:104D0000039ACDE9A863A44BAA9303F17453A3F5C6
:104D10002303A3F69243AB93039B52891B8913444D
:104D2000039AD6681E44A6422DD8A4A910A802F062
:104D3000F6F9049BFBB1039B04981C89DB68A4AAC9
:104D40001C442146042302F02BFD079098B946F637
:104D50000812BDF89012039B91425B8944D1BDF8C3
:104D60009212994207D104230498A4AA214402F084
:104D700017FD00283AD04FF0FF33029302980DF54B
:104D8000457DBDE8F08F351BB5F5807F28BF4FF41A
:104D9000807521462B46814A049802F001FD0746A2
:104DA0000028E8D1A846DFF8F491B8F1010801D253
:104DB0002C44B8E7BE9B5A1CBE9219F8011B03F5A0
:104DC00044736B443F2A03F8581CEED9AEA9A4A83B
:104DD000FDF7F0F9AC9BAD9A13F5007342F10002B8
:104DE000CDE9AC32BE97E0E7002BC4D146F60713FD
:104DF000BDF890229A42BED1039B69485B89C16D80
:104E000023440693069ABDF89232134440F21622C8
:104E10000893436A5B6802FB01315A424F311140EB
:104E2000826A406D013A5A434343521A5B1A9A42CE
:104E300028BF1A46089B93429DD8231D4FF0FF348C
:104E400005930294089B059A934240F2D382039BF8
:104E50005B8923B1069B934204BF0433059304236B
:104E6000DDE9040188AA02F09BFC002883D1059AA1
:104E7000BDF82032111D069ABDF822A28A4209D837
:104E80004FF6FF75474830F8022BAA423FF473AF44
:104E90009A42F8D1102B0AD0222B00F08780012BE8
:104EA0001CD0059A0AF104031A440592CAE7BAF124
:104EB000200F7FF460AF53460498A4AA02F070FC60
:104EC00000287FF458AF5246A4A910A802F080FE33
:104ED00000287FF450AF01230793E2E7BAF1200FD7
:104EE0003FF649AF53460498A4AA02F059FC044681
:104EF00000287FF440AF5A250146702288A802F0AE
:104F000082FE204B1E4A2049CDE988231F4B2048B2
:104F1000CDE98A131F4B244ECDE98C031E4B8E9393
:104F200003F17453A3F52303A3F692438F93A29B3B
:104F30005A1CA29216F8011B03F544736B443F2AD6
:104F400003F8C81C0CD992A988A8FDF733F9909BE7
:104F5000919A13F5007342F10002CDE99032A294C8
:104F6000013DE4D288A978A802F0D9F85246A4A954
:104F700078A802F02DFE041E18BF0124644290E7B9
:104F800067E6096A85AE67BB72F36E3C3AF54FA5DA
:104F90007F520E518C68059BABD9831FE214002011
:104FA000480E00207C81000053860000002C7FF416
:104FB00078AFBAF1800F3FF6DEAE53460498A4AA4C
:104FC00002F0EEFB00287FF4D6AEC6490BAC60AD14
:104FD0000B9130232A4620465B3102F038FD002831
:104FE00040F0BD81609B0B9E0DF5D0781E4442467B
:104FF00030233146204602F02AFD002840F0AF81E0
:105000000B9FF31B002B40F3AA813B78204678933B
:10501000689B79AA1F443946062378AD02F017FD34
:10502000002840F09C810B9A6968AA6053189F423F
:105030000B9340F08181AC4B0C2200211B6888A8A7
:105040009847D5F80480B8F1070F40F088814246B0
:10505000A649A86802F0BCFD002840F08081899A2A
:10506000082A40F07C81A2498A9802F0B1FD00280C
:1050700040F0758160AC0BAF0323224631463846C1
:1050800002F0E5FC002840F06A81609B002B00F0F4
:1050900066810B9C5A1E60922178002940F05F8146
:1050A0002344611C9E420B9140F05981412A40F0FB
:1050B0005681A4AB03EB0A062B6031463023284609
:1050C00088AA02F0C4FC002840F04981789B889AA5
:1050D0000DF5F07B13449E42C0F0418132465946A3
:1050E00068A802F0C8FC002840F0398132465946D1
:1050F00070A802F0C0FC0290002840F03081637874
:10510000042B40F02C81202237905F906790A11CE7
:10511000584601F0E6FF58AF202204F1220180A892
:1051200001F0DFFF60AD2022384668A901F0D9FF09
:10513000284670A9202201F0D4FF0821384601F04A
:105140003DFC002840F00B810821284601F036FC88
:105150000646002840F0038108223946654801F0E0
:105160006CFC012840F0FB8008222946614801F0D0
:1051700064FC0128099040F0F28028AC0DF1600930
:10518000082329465B4A204601F0A0FE4846082134
:1051900088AD1F9601F007FC4846202210A901F0B7
:1051A000A0FF494628460823224601F08DFC2946E7
:1051B000484608234F4A01F000FD39462846082397
:1051C000224601F081FC082329464A4A20A801F022
:1051D000F4FC494F59462846082201F022FC0822D7
:1051E00080A990A801F01DFC0822394640A801F0D2
:1051F00018FC082207F1200148A801F012FC08233E
:1052000029462046009340AAA7F1400301F0C3FCC1
:10521000A7F14402009290AB2A4648A940A801F0A9
:10522000F7FE082321462046A7F1400201F04EFE7A
:105230002246A7F14403284690A901F0CBFE08219D
:105240004846CDE90EB5CDE90C6701F0CFFB08214A
:10525000054620A801F0CAFBA842B8BF284685B27F
:1052600005F1FF3B0FFA8BFB5946484601F0B5FBB1
:105270005946814620A801F0B0FB003818BF012034
:10528000B9F1000918BF4FF001090CAB49EA400918
:1052900053F829900822494630A801F0C2FB0822A1
:1052A00009F1200138A801F0BCFB0821204601F0DB
:1052B0007AFB099B023D2360A7F140032DB20993BD
:1052C000002D52DA0823214620460C4A30AD01F069
:1052D000FDFD224628460A4B38A901F07BFE082234
:1052E00010E000BF5386000068810000B786000010
:1052F000AE860000DC800000FC800000BC80000066
:10530000B880000029463E4801F097FB012805D0EF
:105310000823294628463A4A01F0A4FB58A955F823
:10532000283051F82820B8F1010883EA020346EA40
:105330000306F4D2B6B112E0525C0BAC8892013392
:105340003946204689AA0B9302F052FB38B90B9BD1
:10535000899A8A9313449F420B933FF472AE4FF0A5
:10536000FF3302934FF0FF349BE5264B224638A9CA
:1053700030A801F0CEFC294618A801F02EFB2946E2
:10538000074620A801F029FB031E18BF0123381E81
:1053900018BF012040EA43000CAB53F8207037B32C
:1053A0000822394640A801F03CFB082207F1200101
:1053B00048A801F036FB2246124B48A940A801F04C
:1053C00009FE082340AA009330A9099B50A801F0C8
:1053D000E2FB0C4B30AA009348A938AB40A801F07F
:1053E00017FE21462046074B50AA01F082FC013DE2
:1053F0002DB265E7079B012B7FF4BDACBEE400BF77
:10540000DC800000B88000002C232DE9F3411E4D04
:105410000F4603FB0055EB682E89D5F820801E440B
:105420000423314640460DEB030202F0B9F904466D
:1054300020B10124204602B0BDE8F08146F60813F1
:10544000BDF804206D899A421AD1BDF806309D42FC
:1054500001D00324EEE7042340460DEB0302A91913
:1054600002F09EF90028E4D146F60713BDF80420A7
:105470009A42EED1BDF806302B4433443B60D9E765
:10548000002DF1D0E5E700BF480E00202DE9F047E0
:1054900006460F46904699460024DDF820A0A24516
:1054A00001D800200FE0AAEB0405B5F5806F28BFF6
:1054B0004FF4806530462B46094A04EB080102F0A0
:1054C0006FF910B10120BDE8F0872B463846044A39
:1054D00004EB090102F086F90028F3D12C44DEE741
:1054E000D01000201FB50A4B6A461C6A1023A16821
:1054F0002046103902F054F938B91022684605499F
:1055000002F066FB204604B010BD0024FAE700BF9D
:10551000480E00206C8100002DE9F7432F4E07460E
:105520000D460024B0464FF02C091DB1284601F06D
:105530002DFA08B1224643E0FFF7D4FF30B901202D
:105540000CB1002F31D003B0BDE8F08301A902F007
:105550003DF903460028F2D1D8F82420019851687B
:105560001A460A44904203F10103FAD86A79012AE3
:105570001DD1002CDED128682246984298BF2146D2
:1055800009FB028020233246006A02F009F9002854
:10559000D5D11DB13268124B9A421CD1631C022B2B
:1055A0004FF0010406F12C06BFD10020CBE7022A00
:1055B000C0D12A68012A05D99A42BBD884F00102D9
:1055C0000021DDE7B6D124B12A79023A18BF0122C1
:1055D000F6E72246D4E74FF0FF30B1E7480E00204F
:1055E0003DB8F39630B585B06946012002F0A5F9C3
:1055F000002839D102A9022002F09FF9012808BF32
:1056000003234FF0000104BF8DF808308DF80B30F4
:105610009DF800009DF80840204B1A78042A05D018
:10562000052A23D1421E18BF012272B35A78042AD8
:1056300005D0052A21D1621E18BF01222AB39A780B
:10564000042A03D09DF8035095421ED1DA78042A2B
:1056500003D09DF80B50954217D11A79042A10D126
:105660005879831E022B16D9FF2014E0A2EB000C00
:10567000DCF1000242EB0C02D7E7151B6A426A41DB
:10568000DCE79DF802509542EAD00131032903F18D
:105690000603C2D1012005B030BD00BFBF860000A7
:1056A0002DE9F341019001A898460F461646FCF7F4
:1056B00069FE019B9DF8204000EB8300D0F880300C
:1056C000074D24021D4044EA880343EA070141EAEA
:1056D00046022A43C0F8802002B0BDE8F08100BF36
:1056E000F0F0FCFFF0B51F4F85B03E6A0546F0684C
:1056F00001F063FD40F2162358436B79FA6D012BDC
:1057000012BFB22300231146B4682F79A4F15004CC
:1057100007F1FF3702FB074418BF5343A4EB000413
:105720001C442B6818BF5100013BF06801FB034487
:1057300001F043FD0746304602F06AF810220146A8
:10574000684602F060FA2B796A468DF800302146EF
:105750003B46304602F046F8003818BF012005B03D
:10576000F0BD00BF480E002037B5164B0446C06898
:10577000DD6D01F022FD854203D2E06801F01DFDE0
:105780000546204601F099F840F21623A1686B43C4
:1057900098B150396A462046C91A01F055F80028D8
:1057A00002DA012003B030BD0099A268012320462F
:1057B000521A02F034F8C00FF4E750336D422B4018
:1057C000C91AF2E7480E00202DE9F0474FF02C08E7
:1057D00008FB00F8DFF89490454209EB0806376AA9
:1057E00005F02C054D4404468A46042229463846D5
:1057F00002F075F810B93069C30613D554B13846B4
:10580000FFF7B2FF9AF80730042B06D1D9F8200031
:10581000FFF7AAFF0120BDE8F087FFF7E3FE0428A9
:10582000F8D1F3E759F80820114B9A4208D0002C20
:10583000F0D0002338461946BA6801F0F0FFE9E7D6
:10584000F26833899B18F2D27289D218EFD2316A8A
:105850008B689A42EBD240F60C631842E7D1284697
:10586000FFF738FA0028D6D0E1E700BF480E002045
:105870003DB8F39630BFFFF7FDBF00BFEFF30880E0
:10588000EFF3098101B57246FEF76CF901BD00BF67
:10589000002080F31488BFF36F8F002080F30A8804
:1058A00080F30B880F4880F30888FFF77BF900200E
:1058B0000D490860BFF34F8FFEF726FA202080F3D2
:1058C00011880A484FF40061401880F30988EFF30B
:1058D00014800221084380F31488BFF36F8FFEF712
:1058E00039FA0000283F002094ED00E0283F002016
:1058F0001EF0040F0CBFEFF30880EFF309808169FD
:1059000011F8021C0229FFD001B5724601F0D4FF44
:1059100001BD00BF0F498A684FF028001044EFF323
:10592000098C80E8F01F202080F31288BFF36F8F6E
:10593000094F4FF000664A698A603E60D06E0023CE
:10594000D36680F3118802F1280090E8F01F8CF3F1
:1059500009887047B010002004ED00E00020704777
:10596000F0B500240646204665B2AB4200DCF0BD2F
:1059700051F8247052F824503D440544AF4218BFFA
:10598000002046F8245088BF40F001000134EBE7C6
:10599000002300EB8101884200D3704751F8042DA9
:1059A00043EA52030B60D307F5E770B50368054679
:1059B00013F00106144605D013460A460146FFF7C8
:1059C000CFFF064621462846FFF7E2FF46B104F125
:1059D0008042013A55F8223043F0004345F8223026
:1059E00070BD002070472DE9F84F9A46D378814664
:1059F0006F2B0F461546A3F1410B2BD026D8582B01
:105A000014BF0A261026DDF82880324600234846B7
:105A10003946FAF733FD092A08F1FF38D4B21ED807
:105A20003034B145E4B277F1000788F8004001D383
:105A3000D04511D82B789B0605D5082E15D1AB780B
:105A400043F00803AB704046BDE8F88F03F0F7035E
:105A5000702BD5E70826D6E781460F46D5E7BBF180
:105A6000190F94BF37345734DBE7102EEBD1AB78E6
:105A700043F01003E6E730B400258C68CB6004F0F7
:105A80000304032C14BF2C464C688D6014B1A4464B
:105A900030BC604730BC7047038B13F0070306D15E
:105AA0000368002B18BF032008BF00207047022B9B
:105AB00005D1408BB0FA80F0400980007047012B7F
:105AC00004D10368002B18BF0520EDE700207047C4
:105AD00010B4EFF31182202484F31288BFF36F8F88
:105AE000416110BC0121FAF741BE40B1C36858784A
:105AF00010F001001EBF1878B0FA80F0400970471E
:105B000040E800F313F4803FD8B208BF6FF01500EF
:105B1000704730B50C684B6885B00A894D89009490
:105B2000013B24F01F04234402F01F0242EA451205
:105B300023F01F0369468DF808200393FAF750FFFE
:105B400005B030BD0C220369C9B202FB0133186CE9
:105B500000F00700704770B50346C9B20069EFF363
:105B60001186202484F31288BFF36F8F0C2505FB68
:105B70000104246C14F0C00401D0A24210D101220F
:105B800005FB01000264002086F31188BFF36F8FCC
:105B900028B95B6803EBC1035B689847002070BDC0
:105BA0004FF0FF30F0E78022FFF7D5BFF8B5069F32
:105BB00005460469C9B2EFF3118C202080F31288E6
:105BC000BFF36F8F0C2606FB0146306C00F0070E0A
:105BD000BEF1010F11D1376400268CF31188BFF399
:105BE0006F8F46B90C2000FB0144C4E90E236B689B
:105BF00053F8313098473046F8BD00F0C000874276
:105C00000CBF6FF077064FF0FF36E6E713B5802440
:105C10000094FFF7CBFF02B010BD10B41C24006944
:105C2000CBB204FB0300002110BC1047FAF78CBF75
:105C30001346F0B4DA028768066907D513F4402FDB
:105C40001EBF43F3000202F4402253400125346892
:105C50008D4023F48012DB074CBF2C43AC433460EF
:105C60003B68F0BC184703460A46197901230068CF
:105C700003FA01F103691B68194218BF82F001029F
:105C800012B18368DB68184783681B69FBE738B586
:105C90000C4603210546A047002802DA10F1860FC2
:105CA00004D101212846A04700EAE07038BD4368CE
:105CB0002C330B60012313607047436800209B6AFC
:105CC000C1E900307047436800205B68DB680B6007
:105CD0007047436802EA01005B6821EA02015860EC
:105CE000002099607047436800205B6859607047E6
:105CF000436800205B689960704743685B681A6876
:105D000021EA02001140586000209960704730B5C8
:105D10000369586800B30024884219D108688CB917
:105D20009C685860A14200D19860002008602AB1A8
:105D30005A680A609A68596002B9996000200FE0B9
:105D40002846E9E720609868814208BF9C60ECE73C
:105D500005680446002DF3D1002AE9D16FF0150043
:105D600030BD02214A20FAF727BE0346002018471B
:105D700010B50368CB40DB0710D401238B400268C9
:105D800043EA0201D0E8EF4F944204D1C0E8EC1F8F
:105D9000BCF1000FF6D1F2D1002010BD6FF015005C
:105DA000FBE7FAF7CBBFF0B5044600200127054614
:105DB000844695420AD1D4F8443133B10023C4F863
:105DC0004431D4F8443140F40030F0BDEBB29B00D4
:105DD00003F580769B0807FA03F3194208D054F8BC
:105DE00006E0BEF1000F03D044F806C0A6591843E0
:105DF0000135DEE710B504460846FAF7F9FF04EB73
:105E00004004207DC0F3401010BD10B50446084684
:105E1000FAF7EEFF04EB4004207DC0F3400010BD14
:105E200010B504460846FAF7E3FF04EB4000838A06
:105E3000DA051DD5C3F3432123F4F853838204F11B
:105E4000120204F1580032F8023F13F4807F03D0AD
:105E5000C3F3432399420BD08242F4D1002204EBD6
:105E6000C1035A6004F16000BDE81040FFF780BF35
:105E700010BD70B504461546FFF7BCFF48B1084693
:105E8000FAF7B6FF04EB40040020A38A5B0B2B70EB
:105E900070BD6FF01500FBE770B504460846164666
:105EA000FAF7A6FF083034F810300D46DA0509D5A8
:105EB000C3F3432304EBC3023146284654F833307E
:105EC00052689847A3682BB131462846E268BDE87E
:105ED0007040184770BD30B5012405469008403821
:105EE000844014EA010006D0A85820B10021A9502E
:105EF000AA580BB9012030BD1A6822431A60F9E78D
:105F000000232DE9F34104460D460193904601AB71
:105F10004FF48072FFF7DFFF4FF48272294620466C
:105F2000FFF7D9FF4FF48472074629462046FFF752
:105F3000D2FF064630B1B8F1000F1DD017B13E4672
:105F4000D4F80C374FF4A6722946204601ABFFF770
:105F5000C2FF30B1B8F1000F03D016B90FB1D4F8B9
:105F60000C374FF4B4722946204601ABFFF7B3FF5C
:105F7000019802B0BDE8F0814646E3E770B54B7F7B
:105F800004460D467BB101236426436000220221B2
:105F90002046FFF7B5FF20B90120FAF793FE013E36
:105FA000F4D100236B770023C4F8003570BD2022A4
:105FB0000023EFF3118182F31288BFF36F8F72B663
:105FC00083F31188BFF36F8FBFF34F8F30BF62B67B
:105FD000BFF36F8FEDE7D0E9003213605A60002302
:105FE000027CC0E9003322F0020202748360704731
:105FF00010B5EFF31184202383F31288BFF36F8F62
:10600000FAF78AFF84F31188BFF36F8F10BD014642
:1060100010B5EFF31184202383F31288BFF36F8F41
:1060200010F8083C13F0280F0DD151F8103C183827
:106030000BB1FFF7D0FF11F8083C23F0040301F87F
:10604000083CFAF769FF84F31188BFF36F8F10BD26
:1060500010B50B6813B91846136005E003685C6857
:106060001CB114600368186810BD083303600B6826
:10607000013B0B60EDE7F0B58FB04468D0F810C07D
:106080008DF800100020DDE91476012102F0800572
:10609000D207CDE90B17CDE90601CDE90876CDF899
:1060A00001008DF80500CDF828D00D9611D59CF88B
:1060B00014201BBA0493D30722D5042204A90DF19E
:1060C000010001F095FD0B9B04330B93079B0433F8
:1060D00007930AAB049305B3002E14BF02230123D8
:1060E000059306AB029302232146039351F8040B58
:1060F000ADB183681C68002304AAA0470FB0F0BDAF
:1061000003220DF111010DF1010001F071FD0B9B56
:1061100003330B93079B0333DAE70123E0E783683C
:106120001C6802ABE8E7F0B505460C46012685B0D1
:106130000DF10F07002305211A462846CDE9007608
:10614000FFF799FF38B99DF80F30DB0703D52046DC
:10615000FBF75CF9EEE705B0F0BD73B543680446A4
:1061600093F844309A071BD500238022B921CDE94A
:106170000033FFF780FFA0B9636893F844309B07B2
:106180000ED52569FAF78AFF4FF47A74A0FB04064E
:1061900047F61222002304FB0161FAF76FF9286128
:1061A000002002B070BDF7B54468054694F844304D
:1061B0009A0748D50769FAF771FF4FF47A76A0FB82
:1061C000060C002347F6122206FB01C1FAF756F926
:1061D0003B69C31A14D4E28FB4F840609B1AB342EF
:1061E0000EDA40F2E730002147F61227F61A4FF494
:1061F0007A720023E6FB0701FAF740F9FBF706F98C
:1062000094F8443013F004031DD18022AB212846BA
:10621000CDE90033FFF72FFFB0B994F844309B0766
:1062200011D540F2E7310D46014647F61220B4F889
:1062300042404FF47A72E4FB005100232846FAF7FB
:106240001DF9FBF7E3F8002003B0F0BD1FB50123F3
:1062500001930DF10F030093002305211A46FFF768
:106260000AFF08B99DF80F0005B05DF804FB002394
:1062700007B5012219460093FFF712FA03B05DF843
:1062800004FB431C01D0FFF7F2BF704770B54FF419
:10629000FA530646446C47F6122C5C4356F8203BF2
:1062A00005461B6840F2E730B4FBF3F40021C83424
:1062B0004FF47A720023E4FB0C01FAF7DFF8014691
:1062C0003046FBF765FA08B9286B70BD6FF07300B4
:1062D000FBE74FF0FF310069FBF75ABAF8B50569E3
:1062E0000E46EC6D11B9A388DB040FD4237D2F6813
:1062F0004BB12069FAF7E6FC237D23B1002104F1BC
:106300000800FFF7B0FC0023C7F80035C5F88C6023
:1063100005F17C00BDE8F840FBF7A4BA0069FBF783
:10632000A1BAF7B51E4643680C1E054617469B6A80
:1063300013DBA2199A4210D8FFF7CBFF23460122A4
:1063400003212846CDE90076FFF795FE044628464E
:10635000FFF7E4FF204603B0F0BD6FF01504F9E746
:106360002DE9F74F91461F46026943680D1E064608
:106370009B6AB2F81E8042DBEA199A423FD8FFF7C7
:10638000A8FF4FF0000A0FB93C4631E0B845C346BC
:1063900028BFBB4605EB0B03013B95FBF8F2B3FBB3
:1063A000F8F3934218BF08FB12524FF0000318BFD6
:1063B000A8EB020B062180223046CDE900AAFFF7A8
:1063C0005AFE0446A0B92B46812202213046CDE96F
:1063D000009BFFF750FE044650B901213046FFF7FD
:1063E000A2FEA7EB0B070446D9445D440028CAD09F
:1063F0003046FFF793FF204603B0BDE8F08F6FF003
:106400001504F8E72DE9F34743680F1E06461546C5
:10641000D3F828806BDBBB18434568D847EA0204F1
:10642000C4F30B04002C62D1FFF753FF4FF0FF3988
:10643000002D55D0002C53D12346CDE900448022B5
:1064400006213046FFF717FE0446002848D145458F
:1064500012D10346CDE900008022C7213046FFF764
:106460000AFE00250446002C3AD140F21B6130465A
:10647000FFF759FE0446DBE7A246306900F115023A
:106480001D30537883B109FA03F137EA01010BD1CA
:1064900001219940A94207D8BAF1000F1CD09AF8FF
:1064A0000110994238BF924602328242E9D1BAF1D4
:1064B000000F13D0002381229AF800103046CDE956
:1064C00000333B46FFF7D7FD01239AF8012004462D
:1064D00093401F44ED1AC6E79246E5E76FF01504B6
:1064E0003046FFF71BFF204602B0BDE8F0876FF093
:1064F0001504F8E7084611461A4621B103431B0765
:1065000001D1FBF7DBB96FF01500704741EA0203D8
:106510000846C3F30B0109B9FBF7D0B96FF01500BA
:1065200070471046FBF79EB910B5036804464BB19F
:106530001A7D3AB11869FAF7C5FB206800210830C6
:10654000FFF791FBA36933B9636004F11000BDE864
:106550001040FBF787B910BD08B50069C36D8B42C9
:1065600004D15C30FFF7E0FF002008BD4FF0FF30A2
:10657000FBE72DE9FF410446032900F24881DFE8EB
:1065800011F03C010900040013000025284604B066
:10659000BDE8F081FFF79DFE2046FFF704FE0546AB
:1065A0002046FFF7BBFEF1E746683068FFF79DFA2B
:1065B000A0B1337E1BB1F068FFF797FA70B196F87F
:1065C0004430D8060DD42046FFF783FE2046FFF75F
:1065D000EAFD00281EDA2046FFF7A0FE6FF0120544
:1065E000D4E7306A06F12005FFF77FFA0028F5D0DE
:1065F000F28C306A96F8241042F4D012FFF718FBA0
:1066000001460028EAD12846FFF72DFB0546002861
:10661000D9D0BBE72046FFF719FE051E06DDE907C6
:1066200004D500212046FFF77EFD05462046FFF7F2
:1066300075FE002DD2DB2046FFF74BFE4FF003081E
:10664000002303AF1A469F212046CDF8048000970F
:10665000FFF711FD05462046FFF760FE002DBDD176
:106660003846424606F1340101F0B2FA07460028E6
:1066700040F0CA8096F83C306BB32046FFF729FE05
:106680002046FFF7E3FD051E20DD96F83C30802212
:1066900025EA030506213B462046CDE900778DF823
:1066A0000B50FFF7E8FC054680B901210DF10B0303
:1066B00000938022034601912046FFF7DCFC05464B
:1066C00020B901462046FFF72EFD05462046FFF77C
:1066D00025FE002D82D1636827699E6B93F8378071
:1066E000736807F11500002B6ADA012123F00043DB
:1066F000A3F12002C3F1200501FA02F221FA05F507
:106700002A4301FA03F3DB08002143EA4275082219
:1067100001F079FA002207F11701530806EB830311
:10672000DB69501CD20748BF1B0CC3F3072213F0D0
:10673000FF031CBF01F8022C01F8013C04280246AB
:1067400001F10201E9D1B8F10A0F89BFB36A4FF430
:106750008073C3F30312012388BF9340FB836368F4
:106760009B6A9D427FF43AAF336813F4C02F44D044
:10677000B8F10F0F41D996F83F506B1EDBB2FD2BDD
:106780003BD815F00B0F3FF429AF2046FFF7A1FDD2
:1067900015F0080319D00123802201930DF10B039A
:1067A0000093172100238DF80B202046FFF763FC90
:1067B0000546E0B92269137D43F00103137516E025
:1067C00001332CBF012200229DE7AA0705D4002334
:1067D0008022B721CDE90033E7E780220621204659
:1067E000CDE90033FFF747FC05460028EFD02046EF
:1067F000FFF794FD002D7FF4F1AE2046FFF769FD11
:106800002046FFF7AAFCCAE66FF01505BEE66FF05A
:106810005705BBE6024610B5116891B1B1FA81F394
:10682000C3F11F000123834021EA0303D2E8EF4FA5
:106830008C4204D1C2E8EC3FBCF1000FF6D1EBD1A1
:1068400010BD6FF00B00FBE7F7B5002907461646B1
:1068500029DB83688B4226D97B68C068CC188368A3
:1068600001AA5B6969469847002213460199481EB0
:10687000019011B96FF0150017E00099486874B9DC
:106880005542D1F800C0AC45E64628BFAE46AC45FF
:106890000EFB003372440AD808310091E6E7E51A8E
:1068A000B5FBF0F5EDE76FF0210003B0F0BD7A68BD
:1068B0009B1AC6E900300020F7E708B5C068836876
:1068C000DB6898470079C04300F0010008BD2DE95E
:1068D000F7431D468368044699420E46174652D236
:1068E0005B1A93424FD3FFF7E8FF002845D00023FF
:1068F000009385B36A4631462046FFF7A5FF00287E
:106900003BD1DDF80080013FC1463E446A46314636
:106910002046CDF80080FFF797FFDDF8008060BBD0
:10692000B8F1000F27DBA368984524D2019EA3EBA2
:1069300008039E421FD86168E068414483689B68F1
:10694000F3B132469847002817DB7DB1C84514D90A
:1069500008F1FF36DAE7791E6A4620463144FFF730
:1069600073FF50B9DDF80080C146CFE74644B1451A
:1069700003D30136CAE76FF0150003B0BDE8F0831A
:106980006FF05700F9E74FF0FF30F6E74379012B3E
:1069900007D10368012B04D10079431E58425841A6
:1069A000704700207047002310B51C465AB2914230
:1069B00000DC10BD40F823400133F7E700231A46FE
:1069C00010B55CB2A14203DCB2FA82F0400910BDFE
:1069D00050F8234001332243F3E701234A1150F8D2
:1069E000220001F01F018B40184070474B1E10B56C
:1069F0005BB2041D1A0603D45A1E54F8221071B15A
:106A000001335BB24BB103F18042013A50F82220CE
:106A1000B2FA82F2C2EB43139BB218B210BD134616
:106A2000E8E7002310B55CB2A24200DC10BD51F8CB
:106A3000234040F823400133F5E710B5013A52B244
:106A4000130601D5002010BD50F8224051F8223025
:106A50009C4205D802F1FF32F2D24FF0FF30F2E74C
:106A60000120F0E7F0B5002406469C46204665B2BA
:106A7000AC4500DCF0BD51F8247052F824303D1ACA
:106A8000ED1AAF4218BF002046F8245038BF40F03E
:106A900001000134EBE770B59DF910601D463346E7
:106AA0000446FEF75DFF30B9324621462846FFF71F
:106AB000C4FF012807D033462A4621462046BDE8B8
:106AC0007040FFF7CFBF70BD2DE9F74F00273C4660
:106AD0003D464FFA87F9994516DB4FF0FF364FF0E8
:106AE000000806EB43060196019F53FA88FE4FFA11
:106AF0008EFEBE455FFA88F628DB00EBC30040F847
:106B0000044C03B0BDE8F08F4FF0000EF04602EBEE
:106B1000870A51F82EC05AF804694FF0000BACFBFD
:106B2000066C36195CEB050C28BF4FF0010B0EF11B
:106B3000010E34464FFA8EF6B1456546D844E8DA80
:106B400040F82740454664460137C2E7A94600257C
:106B5000013676B202EB8E0A77B2BB4205DC40F812
:106B60002E4008F101084C46BEE76FF0030777435B
:106B700051F826C05AF807704FF0000BA7FB0C7CA9
:106B80003F195CEB090C28BF4FF0010BE1463C4676
:106B90005D440136E0E770B59DF910601D4633464F
:106BA0000446FFF75FFF38B133462A4621462046A8
:106BB000BDE87040FEF7D4BE70BD2DE9F04F1D4614
:106BC000A7B006ABCDE904310290294610469046A5
:106BD000FFF70CFFC0EB851424B22146002CB8BF90
:106BE00004F11F01634203F01F0316AF384641F35F
:106BF000471104F01F0658BF5E42FFF7D4FE002E77
:106C00004FEA81002CDD002213463844C6F1200EE5
:106C10009D421AD80126AB00039307EB850301932D
:106C200005F1FF3826AB4FEA450903EB8808002C35
:106C300055DA26AB03EB86062A4656F8881C0298DE
:106C4000FFF7EFFE27B0BDE8F08F58F823C00133FF
:106C50000CFA06F10A4340F8042B2CFA0EF2D7E79F
:106C60002A4641463844FFF7DCFED3E75AF8883C11
:106C700053F8212026AB03EB810353F8403C6344D7
:106C8000D31A34BF4FF0010B4FF0000B9A4204D0DF
:106C9000BBF1000C18BF4FF0010C5EF8882C0130DE
:106CA00042F8213041B24945E0DBA6EB0C035E42DD
:106CB000294638465E41FEF76BFE039B2946983312
:106CC0006B4453F8402C58F8403C019843EAC27397
:106CD000013C48F8403C24B2FEF75AFEA7E70020EA
:106CE00026AB86F0010E844603EB860A03EB8E0E7C
:106CF000D8E730B505461C4691B0684693F9003098
:106D0000FFF7E2FE69462846D4F8AC30984711B048
:106D100030BD2DE9F04793F900600446894692B0F2
:106D20003146104615461F46FFF748FE002840F042
:106D300095803B464A4649460AA8FFF7DAFF3B469C
:106D400021460AAA02A8FFF7D4FF0AAA1146104654
:106D50003B46FFF7CEFF3B462A4649464846FFF7EB
:106D6000C8FF07F104083B462A4629462846FFF794
:106D7000C0FF43462A46214620460096FFF78BFE79
:106D800043462A46294628460096FFF784FE434696
:106D90002A46214628460096FFF7FDFE3B462A4636
:106DA00021462046FFF7A5FF4346224621462846B6
:106DB0000096FFF770FE43462A462146204600967D
:106DC000FFF769FE2368DB074BD533464246214671
:106DD0002046FEF7C5FD824631462046FEF7D8FD27
:106DE00006F18043013B54F8232042EACA7244F87A
:106DF00023203B46224621462846FFF77AFF43469A
:106E00002946284602AA0096FFF7C5FE43462946B2
:106E1000284602AA0096FFF7BEFE02A9084643468E
:106E20002A460096FFF7B7FE3B462146204602AAB7
:106E3000FFF75FFF0AAA4346104621460096FFF778
:106E4000AAFE324629462046FFF7EBFD4946284672
:106E5000FFF7E7FD48460AA9FFF7E3FD12B0BDE8DA
:106E6000F08731462046FEF793FDC2E72DE9F04159
:106E70008AB0044615460E461C22002103A800F0E5
:106E8000C2FE032395F90080324631462046029324
:106E90002F1D2B46FFF72DFF3B462146204602AA19
:106EA000CDF80080FFF777FE2B463246214620467C
:106EB000FFF71FFF3B4621462046CDF8008005F135
:106EC0008402FFF7E8FD0AB0BDE8F081F0B50F4697
:106ED0000646A1B01946384615461C46FFF76EFD1A
:106EE00028B1304621B0BDE8F040FFF75CBD224636
:106EF00039466846FFF795FD294608A8FFF791FD3A
:106F000010A82146FFF74FFD012318A81093FFF7A3
:106F10004AFD2246684608A9FFF78FFD30B9224690
:106F2000304610A9FFF77DFD21B0F0BD009BDA07C8
:106F300009D421466846FEF72BFD2246294610A8B3
:106F4000FEF733FDE5E7089BDB0707D4214608A8D9
:106F5000FEF71EFD2246294618A8F1E70128234620
:106F60001CD108AA69466846FFF77CFD21466846A1
:106F7000FEF70EFD224618A910A8FFF75EFD0130AE
:106F800005D110A923462A460846FEF7E9FC10A9B8
:106F90002346084618AAFFF765FDCEE76A4608A80B
:106FA000FFF760FD214608A8FEF7F2FC224610A973
:106FB00018A8FFF742FD013005D118A923462A463B
:106FC0000846FEF7CDFC18A92346084610AAFFF78D
:106FD00049FDBFE7F0B51C46074615460E4689B089
:106FE00011466846FFF785FE23466A46394638460D
:106FF000FFF77FFE23462A4669466846FFF779FE7B
:1070000023466A4631463046FFF773FE09B0F0BDAD
:107010002DE9F0478AB0DDF848A014465646804670
:107020001D46894616F9047B02463346214602A8CE
:107030000097FFF7B0FD02AA534611461046FFF72E
:1070400058FE53464146404602AAFFF752FE5346B9
:107050002146204602AAFFF74CFE33464A462946FF
:1070600028460097FFF797FD53462A46294602A86F
:10707000FFF73FFE02A93346424608460097FFF756
:107080008AFD02A93346224608460097FFF783FD92
:1070900033464246214620460097FFF77CFD534683
:1070A000224649464846FFF724FE334641462046DD
:1070B00002AA0097FFF76FFD53462246294628464D
:1070C000FFF717FE33464A46294628460097FFF742
:1070D00062FD3A46204602A9FFF7A3FC0AB0BDE8CC
:1070E000F087F8B50E46D11C48BF911D144641F3F8
:1070F0008701FFF758FC0025671E6AB2A24205F11E
:10710000010500DBF8BDBB1A23F00301B25C03F0FC
:107110000303DB009A40435813434350EDE7F8B5AF
:107120000C468A6E0546D1E90831D0001B1841F1A2
:107130000001C4E908318021501C38282244A0668F
:107140004FF0000782F8281004F128060BD9C0F18F
:1071500040023946304400F056FD20463146FBF7E8
:1071600029F83846A766C0F138020021304400F003
:107170004AFD236A626A1BBA12BA3146C4E918236F
:107180002046FBF717F82B1D211F243551F8042F3B
:107190000433100E03F8080C100C03F8070C100A47
:1071A00003F8060C03F8052CAB42EFD17022002146
:1071B000204600F028FD0120F8BD08B58368DB6893
:1071C0009847006808BD07B5019001A8FBF7DAF8F9
:1071D000019B00EB8300D0F8803023F4403343EA76
:1071E0000141C0F8801003B05DF804FB38B50446D7
:1071F0000D46FEF7FFFDC8B12046FEF706FEA8B912
:107200000846F9F7F5FD012304EB4000828A216866
:10721000520B9340C1F81833236803EB8203D3F871
:10722000102522F00302C3F8102538BD2846BDE81A
:1072300038400021FFF7C7BF2DE9F7431746044642
:107240000846F9F7D5FDD7F800800D460646B8F197
:10725000000F25D02046FEF7D8FD40B12046FEF7AE
:10726000C9FD20B16FF0150003B0BDE8F08301A89F
:107270000195FBF787F8019B98F8002000EB83004D
:10728000D0F8803023F00F0343EA8203C0F8803047
:1072900004EB4602938A23F0020343F00103938236
:1072A0007B689BB12946204693F80080D3F8049070
:1072B000FEF7ABFD78B1B9F1000FD3D104EB460274
:1072C000938A23F01C0343EA88039382BB68002B54
:1072D00045D10020C8E704EB4600838A23F46043CD
:1072E00023F020038382B9F1000FE7D0B8F1030F38
:1072F000B8D87B6821685B6893F800C04FEA8C03BC
:107300001944B8F1000F04D1C1F81085C1F81085F7
:10731000D4E7D1F8102522F00302C1F81025226825
:107320001344D3F8102522F4473222F47C72C3F8B8
:10733000102541F6F072D3F8101502EA051242EA60
:1073400008420A43C3F8102504EB4C03A3F8645029
:10735000838A43EA4C3343F020038382AEE7294615
:10736000D3E900782046FEF75BFD002FB1D06368BB
:107370009F4208D004F16000FFF74CFA002806DABB
:107380006FF00B0070E7A3689845F3D1002004EB81
:10739000C003C3E9017804EB4604A38A43EA40230F
:1073A00043F48073A38294E707B5019001A8FAF72C
:1073B000E9FF0123019A9340436003B05DF804FBA9
:1073C00007B5019001A8FAF7DDFF0123019A934068
:1073D000836003B05DF804FB70B590F8223004467A
:1073E0000568580710D5D5F80433D9070CD5D5F85A
:1073F00000314BB10023C5F80031D5F80021C5F8A4
:10740000843C0123C5F808330421284604F1100206
:10741000FEF776FDD8B1606A421C05D094F82230A0
:107420009B0711D5FFF7CCFF94F821301BB12846FC
:10743000211DFEF7A3FD2046002300F80C3FD4E9F0
:107440000131BDE870401847FFF7AEFFECE770BDB3
:107450002DE9F04304698146D4E915128B1A456879
:1074600085B004D1AB6805B0BDE8F0431847AE8BDA
:10747000E16C9E4228BF1E4621B101F06043B3F18A
:10748000005F06D1236D3BB103F06043B3F1005FB1
:1074900002D0082E28BF08260023A36451B111444E
:1074A00001F06043B3F1005F04D03246286900F078
:1074B0009FFB2969276D002F00F0A380A36D1F4457
:1074C00007F06043B3F1005F00F0A0806F6900290E
:1074D00014BFB0464FF00008002F08BF0026A76475
:1074E00094F82130002B40F08980636813B10123A8
:1074F00084F82130606AC4E90418431CC4E90676A4
:1075000005D094F822309D071BD5FFF74DFF256865
:1075100021B101F06043B3F1005F05D1A7B107F0DD
:107520006043B3F1005F0FD000236FF00C0184F8CB
:107530002130D9F8043048469B6894E788460E46C7
:10754000CEE7FFF73DFFE2E70023C5F84C37C5F86B
:107550001437C5F83C17C5F84087C5F80477C5F857
:107560000867C5F80831D5F808210722C5F80025B5
:1075700094F82220CDE900185007CDE9027617D5FE
:107580008222C5F8842C62685AB901232B60D5F891
:107590000831002BFBD06A4604212846FEF7B0FCD8
:1075A0000BE0C5F80031D5F800310123C5F80433EC
:1075B0006368002BE9D001232B606368C3B994F89A
:1075C0002220510748BFC5F8843C606A421C05D0A0
:1075D00094F822309B0708D5FFF7F2FE2846211DBC
:1075E00005B0BDE8F043FEF7C9BCFFF7DDFEF5E7E7
:1075F0000423C5F8043305B0BDE8F0836FF00F0134
:1076000097E700299AD0B0463E4669E7002914BFA3
:10761000B0464FF0000863E770B402690646D2F83E
:10762000A830D2F8B010CBB9F1B10C46D2F8A40012
:10763000F8B103BB1846D2F8AC50F5B1002904BF2D
:107640000C462546A3422CBF536554650023C2E96E
:1076500013059365304670BCFFF7FABE39B1994205
:107660000C4628BF1C46E1E770BCFEF737BE1C463F
:10767000DCE70346DFE72346DDE72C46E2E770B5AB
:107680000D1E0646046903DABDE87040FEF726BE0B
:10769000D4F8A830CBB19D4217D85B1BC4F8A830F2
:1076A000ABBBD4F8903004F1A8020833C4F8903092
:1076B000D4F8943004F19401013BC4F8943004F1FF
:1076C0009000FEF7C5FCC4F8A400D4F8B030CBB1EC
:1076D0009D4217D85B1BC4F8B03003BBD4F8983078
:1076E00004F1B0020833C4F89830D4F89C3004F1A7
:1076F0009C01013BC4F89C3004F19800FEF7A8FC03
:10770000C4F8AC003046BDE87040FFF785BFD4F840
:10771000A430002BD9D02B44C4F8A430D5E7D4F83A
:10772000AC30002BEED02B44C4F8AC30EAE770B597
:107730000C690E46A16C054639B1A36D206D2A690E
:10774000184400F055FA0023A3642969AA68A36DC0
:10775000304691422CBF5B189B18A365BDE8704072
:10776000FFF776BE70B51546421C1E460446049BC4
:107770000FD0012902D14BB1FFF716FE2B46204650
:1077800004960A46BDE87040FDF78ABFFFF718FE71
:10779000F4E770BD0021012008B5FCF761F87047DF
:1077A000002930B404460DDB806888420AD9401AAB
:1077B000834207D8E0686468214484682468A4464A
:1077C00030BC60476FF0150030BC704710B484685F
:1077D0000A46203C24F00F04A4F13001042310BC1D
:1077E000FFF7DEBF002930B404460DDB8068884215
:1077F0000AD9401A834207D8E06864682144846843
:107800006468A44630BC60476FF0150030BC704718
:1078100008B5C0688368DB689847407908BD2DE9E2
:10782000F04307460D469846144685B0A2B3FFF7CD
:1078300044F840B1434622462946384605B0BDE8E3
:10784000F043FFF744B8BB689D4232D25B1B9C42B9
:107850002FD8F868FFF7B1FC81463846FFF7D8FF0C
:1078600010220146684600F0CEF9C9F10006601901
:10787000B8F1000F14D02E40A0EB0905B5420BD093
:107880004B466A4629463846FFF7ACFF28B9B8F19F
:10789000000F0AD0B54205D8002005B0BDE8F0833E
:1078A0000640EBE7A5EB0905E8E74D44AE42E5D815
:1078B000F2E74FF0FF30F0E708B501460068FBF74C
:1078C000CFFF61B662B680F31188BFF36F8F704748
:1078D00008B5FDF7CFFFBDE80840FCF73DBC38B563
:1078E00015460C4659B1FFF793FF2146254411F880
:1078F000013B834203D1A942F9D1012038BD0020C8
:10790000FCE738B50C460123114622460546FFF731
:1079100047FF00280FDB012221462846FFF7DFFF43
:1079200018B103230020237038BD2378012B14BF26
:1079300002230123F6E70120F6E713B50C46C0B297
:1079400001A9FCF7D3F830B92146019802B0BDE88F
:107950001040FCF723BC012002B010BD2DE9FF4709
:107960001D460646C0680F469046FFF726FC6C1E73
:10797000044440420440102C1AD83046FFF748FF18
:1079800082462A464146684600F032F95146621B5B
:107990000DEB050000F037F923466A4639463046BC
:1079A000FFF720FF003818BF012004B0BDE8F087C2
:1079B0004FF0FF30F9E7042307B5019181680DEB23
:1079C0000302203921F00F013039FFF7C7FF03B060
:1079D0005DF804FB012307B5816801AA203921F075
:1079E0000F018DF80430FFF7B9FF03B05DF804FB19
:1079F00070B504680D1B002D02DC6FF05F0070BDD8
:107A000094F900602378002E0ADB631C036023785E
:107A100013600368C91A13688B42EED80020EEE7A2
:107A200003F07F035C1E032C0ED89D42E5DD00248D
:107A300014600468013B013404605E1C1568E8D0E2
:107A4000247844EA0524F3E76FF06300D7E770B4C5
:107A500004680E1B002E07DD26789E4208D10134F3
:107A6000046070BCFFF7C4BF6FF05F0070BC70476C
:107A70006FF06100FAE72DE9F3410C460746114625
:107A80000223204601AAFFF7E2FF0546E8B9019E5E
:107A90001F2E0ED9202238462368A6F12001194452
:107AA00000F0A6F8236833442360284602B0BDE8FE
:107AB000F081C6F1200801464246384600F0A3F89E
:107AC0003246216807EB0800EAE76FF00205ECE7B1
:107AD0001FB5012001A9FCF709F810B1012004B07D
:107AE00010BD019C02A92046FCF758FB0028F5D1E7
:107AF0009DF80B30032BF2D12046FFF76BFFEEE72A
:107B000007B5012001A9FBF7F1FF70B90123019826
:107B10006A4681688DF80030203921F00F01103954
:107B2000FFF71CFF03B05DF804FB0120FAE72DE925
:107B3000F04F85B00D46C0B201A91646FBF7D6FF3F
:107B4000002837DB019BABB3D3E90178D86802A9E1
:107B5000836803AA5B69D5F800909847DDE9020ABB
:107B600000231C4619460430B844514504D1002076
:107B70002B6005B0BDE8F08F4FF0000CD0F800E0AE
:107B800050F8042C944502D301310830EDE7A742A8
:107B90000CD8A045EBD999450FD906EBC302A4EB4D
:107BA000070B46F833B0C2F804E0013374440CF11B
:107BB000010CE5E76FF01500DBE76FF00B00D8E78D
:107BC0007047034600201A5C02B970470130FAE79B
:107BD00010B55AB10139841810F8012B11F8013F82
:107BE000A04201D09A42F7D0D01A10BD1046FCE74F
:107BF00010B5431E0A44914200D110BD11F8014B4B
:107C000003F8014FF7E70346C9B20244934200D19B
:107C1000704703F8011BF9E79888FF7F0100000017
:107C2000250A000000000000491C000000000000C0
:107C300000000000707C0000000000008C7C000050
:107C400000000000C47C000000000000A87C0000D0
:107C5000E11A00000000000000000000E07C0000CD
:107C600000000000FC7C000000000000187D000007
:107C70002A860000F87E0000907D0000AE02002001
:107C8000E40E0020550B00000000000008860000F4
:107C9000F47D0000647D0000A4020020E0020020CA
:107CA000D91600000000000013860000387E000096
:107CB000647D0000A8020020F8020020D916000010
:107CC000000000001E860000087E0000647D0000A9
:107CD000A6020020EC020020D916000000000000DF
:107CE000D88500004C7E0000887D0000AA0200209C
:107CF000C0010020811A000000000000E2850000A1
:107D000000000000347D0000B002002000000000F0
:107D1000250C000000000000FB850000B07E000084
:107D20004C7D0000AC02002004030020490C000040
:107D300000000000A9160000F56400000D650000B9
:107D40000D0C0000FD0B0000150C0000236300006B
:107D50006163000005640000650C0000BB5C00006E
:107D6000AF5C0000A5230000C75C0000D35C0000EE
:107D7000E75C0000F15C0000FB5C0000B92500003E
:107D80000F5D000000000000F92A000059650000A6
:107D900039180000A75B00000D5C00000000000027
:0C7DA000455B0000000000000000000037
:107DB00000A0105000820D5000040550000000008B
:107DC0000338FDD8704700000000000000000000EC
:107DD0000338FDD8704700000000000000000000DC
:107DE0000338FDD870470000410000044200000540
:107DF00044000006FFFF010000820D50D00000206B
:107E000000000000010000007F00000000A01050F2
:107E1000480100200000000000000000E87D000094
:107E200003000000A87C00000500010000A0045031
:107E30001C7E000001000000FF0700000004055048
:107E4000000000000000000002000000635D000070
:107E50002C7E00007F760000247E0000D8140020D5
:107E6000D01400200048E801FFFFFF0101000000DE
:107E7000E520F1FFFFFFFF0344EB086B083B04BB69
:107E8000EEFFFFFFFFFF00FFFFFF00FF0C200F5280
:107E900010D800FF2372F50082ED04CC44834844DF
:107EA00030B030B0F7C4D55C00BE29FFF0D0FFFF82
:107EB000E07C000000127A0000010000A87C0000B5
:107EC00005000100000000000100000000000000AB
:107ED000A87C0000000001000000800000080000F5
:107EE00000100000C2281710707E00000000010082
:107EF000000001001200000031190000051A000006
:107F0000710D0000A35D00000000000000000000F3
:107F100000F80000FC7C00000100000000000100EF
:107F200000200B00FC7C00000200000000200C0080
:107F300000200B00FC7C0000030000000040170044
:107F400000900000FC7C000000A0045000600C5079
:107F500000401050207C0000307C0000507C00006D
:107F6000587C0000707C0000707C0000080000005D
:107F700002000000040000000100000001000000F9
:107F800000FF00007D010000001000001000000054
:107F900001FF0000050B0000D50A000000000000F2
:107FA00000000020400000000600010000A010506A
:107FB00000820D5000040550982F8A429144377179
:107FC000CFFBC0B5A5DBB5E95BC25639F111F1595C
:107FD000A4823F92D55E1CAB98AA07D8015B83129E
:107FE000BE853124C37D0C55745DBE72FEB1DE804A
:107FF000A706DC9B74F19BC1C1699BE48647BEEF79
:10800000C69DC10FCCA10C246F2CE92DAA84744A03
:10801000DCA9B05CDA88F97652513E986DC631A879
:10802000C82703B0C77F59BFF30BE0C64791A7D558
:108030005163CA0667292914850AB72738211B2EE0
:10804000FC6D2C4D130D385354730A65BB0A6A76C8
:108050002EC9C281852C7292A1E8BFA24B661AA8D4
:10806000708B4BC2A3516CC719E892D1240699D6E4
:1080700085350EF470A06A1016C1A419086C371E5D
:108080004C774827B5BCB034B30C1C394AAAD84E3B
:108090004FCA9C5BF36F2E68EE828F746F63A57876
:1080A0001478C8840802C78CFAFFBE90EB6C50A409
:1080B000F7A3F9BEF27871C608200001FFFFFFFFA9
:1080C000FFFFFFFFFFFFFFFF0000000000000000B8
:1080D0000000000001000000FFFFFFFF512563FCCE
:1080E000C2CAB9F3849E17A7ADFAE6BCFFFFFFFF33
:1080F000FFFFFFFF00000000FFFFFFFF96C298D8C0
:108100004539A1F4A033EB2D817D0377F240A463C0
:10811000E5E6BCF847422CE1F2D1176BF551BF37C9
:108120006840B6CBCE5E316B5733CE2B169E0F7C9C
:108130004AEBE78E9B7F1AFEE242E34F4B60D22769
:108140003E3CCE3BF6B053CCB0061D65BC8698765F
:1081500055BDEBB3E7933AAAD835C65A136D000064
:108160006D6E000031200000077C000010002DE142
:108170005D29410B8D77679C110F1F8A010002005A
:108180001000110012002000210022002300240012
:108190003000310032003300FFFF286E696C290087
:1081A00072302F61313A2020307825303878202005
:1081B00072312F61323A20203078253038782020F3
:1081C00072322F61333A20203078253038780A0017
:1081D00072332F61343A202030782530387820727D
:1081E00031322F69703A202030782530387820726B
:1081F00031342F6C723A20203078253038780A00DC
:1082000020787073723A20203078253038780A0050
:108210004661756C74696E6720696E7374727563FC
:1082200074696F6E206164647265737320287231A3
:10823000352F7063293A203078253038780A005578
:108240006E68616E646C6564204952516E3A2025F7
:10825000640A002A2A2A2A2A204D505520464155D0
:108260004C54202A2A2A2A2A0A00202053746163A7
:108270006B696E67206572726F722028636F6E740F
:108280006578742061726561206D69676874206229
:1082900065206E6F742076616C6964290A00202065
:1082A000556E737461636B696E67206572726F726D
:1082B0000A00202044617461204163636573732068
:1082C00056696F6C6174696F6E0A0020204D4D46CF
:1082D000415220416464726573733A203078257886
:1082E0000A002020496E737472756374696F6E2082
:1082F0004163636573732056696F6C6174696F6E57
:108300000A002020466C6F6174696E672D706F697A
:108310006E74206C617A7920737461746520707258
:1083200065736572766174696F6E206572726F72C3
:108330000A002A2A2A2A2A20425553204641554C0F
:1083400054202A2A2A2A2A0A002020537461636BA7
:10835000696E67206572726F720A00202050726524
:10836000636973652064617461206275732065724E
:10837000726F720A002020424641522041646472AA
:108380006573733A20307825780A002020496D7093
:10839000726563697365206461746120627573201E
:1083A0006572726F720A002020496E737472756371
:1083B00074696F6E20627573206572726F720A0045
:1083C0002A2A2A2A2A205553414745204641554CFE
:1083D00054202A2A2A2A2A0A00202044697669730E
:1083E000696F6E206279207A65726F0A00202055CD
:1083F0006E616C69676E6564206D656D6F72792062
:108400006163636573730A002020537461636B209A
:108410006F766572666C6F772028636F6E7465780F
:10842000742061726561206E6F742076616C69647E
:10843000290A0020204E6F20636F70726F6365738E
:10844000736F7220696E737472756374696F6E7383
:108450000A002020496C6C6567616C206C6F616458
:10846000206F66204558435F52455455524E20694F
:108470006E746F2050430A002020496C6C65676160
:108480006C20757365206F662074686520455053B5
:10849000520A002020417474656D707420746F203E
:1084A0006578656375746520756E646566696E656B
:1084B0006420696E737472756374696F6E0A00521A
:1084C0006573657276656420457863657074696F5D
:1084D0006E20280053707572696F757320696E7411
:1084E00065727275707420284952512000535053A0
:1084F000454C20696E20746872656164206D6F64FC
:108500006520646F6573206E6F7420696E646963A3
:10851000617465205053500A002A2A2A2A2A2048CA
:10852000415244204641554C54202A2A2A2A2A0ADC
:10853000002020427573206661756C74206F6E2078
:10854000766563746F72207461626C652072656118
:10855000640A0020204465627567206576656E7444
:108560000A0020204661756C7420657363616C613C
:1085700074696F6E20287365652062656C6F77295A
:108580000A00415243485F4558434550542077699B
:10859000746820726561736F6E2025780A0A002A5C
:1085A0002A2A2A2A204465627567206D6F6E6974D5
:1085B0006F7220657863657074696F6E202A2A2A4D
:1085C0002A2A0A002A2A2A2A2A20257320256429F1
:1085D000202A2A2A2A2A0A0073706940346130301E
:1085E00030007272616D2D636F6E74726F6C6C65AA
:1085F00072403530303462303030006D7832357250
:1086000036343335664030006770696F4064383205
:108610003030006770696F4035303430300067703B
:10862000696F4031306130303000636C6F636B4094
:1086300031306530303000000718232323232323F3
:108640002323232323232300010405020608090F03
:108650000001023059301306072A8648CE3D020138
:1086600006082A8648CE3D03010703420004C7C01E
:108670003E66D831BC8ACB97CDA1E00EFFA832323E
:10868000AC9F9B3C81FE06BE656A9B7E7F2634F1D3
:1086900074E6F08528A288A0582144985050E22220
:1086A0001647DE7A9182B7AAEB8EBB53AEAD2A860F
:1086B00048CE3D030107002A8648CE3D0201000452
:1086C000010403040204010401040301040304017E
:1086D000040000000000000000000000957700008A
:1086E0000000000095770000000000009577000072
:1086F0000000000095770000000000009577000062
:108700000000000095770000000000009577000051
:108710000000000095770000000000009577000041
:108720000000000095770000000000009577000031
:108730000000000095770000000000009577000021
:108740000000000095770000000000009577000011
:108750000000000095770000000000009577000001
:1087600000000000957700000000000095770000F1
:1087700000000000957700000000000095770000E1
:1087800000000000957700000000000095770000D1
:1087900000000000957700000000000095770000C1
:1087A00000000000957700000000000095770000B1
:1087B00000000000957700000000000095770000A1
:1087C0000000000095770000000000009577000091
:1087D0000000000095770000000000009577000081
:1087E0000000000095770000000000009577000071
:1087F0000000000095770000000000009577000061
:108800000000000095770000000000009577000050
:108810000000000095770000000000009577000040
:108820000000000095770000000000009577000030
:108830000000000095770000000000009577000020
:108840000000000095770000000000009577000010
:108850000000000095770000000000009577000000
:1088600000000000957700000000000095770000F0
:1088700000000000957700000000000095770000E0
:1088800000000000957700000000000095770000D0
:1088900000000000957700000000000095770000C0
:1088A00000000000957700000000000095770000B0
:1088B00000000000957700000000000095770000A0
:1088C0000000000095770000000000009577000090
:1088D0000000000095770000000000009577000080
:1088E0000000000095770000000000009577000070
:1088F0000000000095770000000000009577000060
:10890000000000009577000000000000957700004F
:10891000000000009577000000000000957700003F
:108920000000000095770000C0010020D97300000E
:10893000000000009577000000000000957700001F
:10894000000000009577000000000000957700000F
:1089500000000000957700000000000095770000FF
:1089600000000000957700000000000095770000EF
:1089700000000000957700000000000095770000DF
:1089800000000000957700000000000095770000CF
:1089900000000000957700000000000095770000BF
:1089A00000000000957700000000000095770000AF
:1089B000000000009577000000000000957700009F
:1089C000000000009577000000000000957700008F
:1089D000000000009577000000000000957700007F
:1089E000000000009577000000000000957700006F
:1089F000000000009577000000000000957700005F
:108A0000000000009577000000000000957700004E
:108A1000000000009577000000000000957700003E
:108A2000000000009577000000000000957700002E
:108A3000000000009577000000000000957700001E
:108A4000000000009577000000000000957700000E
:108A500000000000957700000000000095770000FE
:108A600000000000957700000000000095770000EE
:108A700000000000957700000000000095770000DE
:108A800000000000957700000000000095770000CE
:108A900000000000957700000000000095770000BE
:108AA00000000000957700000000000095770000AE
:108AB000000000009577000000000000957700009E
:108AC000000000009577000000000000957700008E
:108AD000000000009577000000000000957700007E
:108AE000000000009577000000000000957700006E
:108AF000000000009577000000000000957700005E
:108B0000000000009577000000000000957700004D
:108B1000000000009577000000000000957700003D
:108B2000000000009577000000000000957700002D
:108B3000000000009577000000000000957700001D
:108B4000000000009577000000000000957700000D
:108B500000000000957700000000000095770000FD
:108B600000000000957700000000000095770000ED
:108B700000000000957700000000000095770000DD
:108B800000000000957700000000000095770000CD
:108B900000000000957700000000000095770000BD
:108BA00000000000957700000000000095770000AD
:108BB000000000009577000000000000957700009D
:108BC000000000009577000000000000957700008D
:108BD000000000009577000000000000957700007D
:108BE000000000009577000000000000957700006D
:108BF000000000009577000000000000957700005D
:108C0000000000009577000000000000957700004C
:108C1000000000009577000000000000957700003C
:108C2000000000009577000000000000957700002C
:108C3000000000009577000000000000957700001C
:108C4000000000009577000000000000957700000C
:108C500000000000957700000000000095770000FC
:108C600000000000957700000000000095770000EC
:108C700000000000957700000000000095770000DC
:108C800000000000957700000000000095770000CC
:108C900000000000957700000000000095770000BC
:108CA00000000000957700000000000095770000AC
:108CB000000000009577000000000000957700009C
:108CC000000000009577000000000000957700008C
:108CD000000000009577000000000000957700007C
:108CE000000000009577000000000000957700006C
:108CF000000000009577000000000000957700005C
:108D0000000000009577000000000000957700004B
:108D1000000000009577000000000000957700003B
:108D2000000000009577000000000000957700002B
:108D3000000000009577000000000000957700001B
:108D4000000000009577000000000000957700000B
:108D500000000000957700000000000095770000FB
:108D600000000000957700000000000095770000EB
:108D700000000000957700000000000095770000DB
:108D800000000000957700000000000095770000CB
:108D900000000000957700000000000095770000BB
:108DA00000000000957700000000000095770000AB
:108DB000D000002059270000000000009577000037
:108DC000000000009577000000000000957700008B
:108DD000000000009577000000000000957700007B
:108DE000000000009577000000000000957700006B
:108DF0000000000095770000811F00006B5D0000FF
:108E0000000000009577000000000000957700004A
:108E1000000000009577000000000000957700003A
:108E2000000000009577000000000000957700002A
:108E3000000000009577000000000000957700001A
:108E4000000000009577000000000000957700000A
:108E500000000000957700000000000095770000FA
:108E600000000000957700000000000095770000EA
:108E700000000000957700000000000095770000DA
:108E800000000000957700000000000095770000CA
:108E900000000000957700000000000095770000BA
:108EA00000000000957700000000000095770000AA
:108EB000000000009577000000000000957700009A
:108EC000000000009577000000000000957700008A
:108ED000000000009577000000000000957700007A
:108EE000000000009577000000000000957700006A
:108EF000000000009577000000000000957700005A
:108F0000A51E00006B5D00000000000095770000CA
:108F10000000000095770000000000009577000039
:108F20000000000095770000000000009577000029
:108F30000000000095770000000000009577000019
:108F4000480100205927000000000000957700002C
:108F50002DE9F041036883F30888002383F3148824
:108F6000BFF36F8FBFF36F8FDFF818C0064F4FF05E
:108F70000058D0F804E0A7EB0C0770460047BDE8A6
:108F8000F08100BF00000020400000200000000031
:108F9000000000006700000000000000000000006A
:108FA00000000000000000000000000000000000C1
:108FB00000000000000000000000000000000000B1
:108FC00000000000000000000000000000000000A1
:108FD0000000000000000000000000000000000091
:108FE0000000000000000000000000000000000081
:108FF0000000000000000000000000000000000071
:109000000000000000000000000000000000000060
:109010000000000000000000000000000000000050
:1090200000A00D5000000000000000000000000043
:109030000000000000000000000000000000000030
:109040000000000000000000000000000000000020
:109050000000000000000000000000000000000010
:109060000000000000000000000000000000000000
:1090700000000000000000000000000000000000F0
:1090800000000000000000000000000000000000E0
:10909000000000000000000000C0105000000000B0
:1090A00000000000000000000000000000000000C0
:1090B00000000000000000000000000000000000B0
:1090C00000000000000000000000000000000000A0
:1090D0000000000000000000000000000000000090
:1090E0000000000000000000000000000000000080
:1090F0000000000000000000000000000000000070
:10910000000000000000000000000000000100005E
:1091100000A004500000000000000000000000005B
:10912000000000000000000000000000000000003F
:10913000000000000000000000000000000000002F
:10914000000000000000000000000000000000001F
:10915000000000000000000000000000000000000F
:1091600000000000000000000000000000000000FF
:109170000000000000000000000000002C020020A1
:109180002C02002000000000010000003C02002032
:109190003C02002000000000010000000000000070
:1091A00000000000000000000000000000000000BF
:1091B00000000000000000000000000000000000AF
:1091C000000000000000000000000000000000009F
:1091D000000000007512000000000000FF00000009
:1091E0009002002090020020FF0000000F0000000D
:1091F0000090D0030000000000000000000000000C
:089200000000000015E015E07C
:020000040001F9
:100000003DB8F3960000010000080000846803007A
:100010000001000001001B000000000000000000C3
:1000200000000000000000000000000000000000D0
:1000300000000000000000000000000000000000C0
:1000400000000000000000000000000000000000B0
:1000500000000000000000000000000000000000A0
:100060000000000000000000000000000000000090
:100070000000000000000000000000000000000080
:100080000000000000000000000000000000000070
:100090000000000000000000000000000000000060
:1000A0000000000000000000000000000000000050
:1000B0000000000000000000000000000000000040
:1000C0000000000000000000000000000000000030
:1000D0000000000000000000000000000000000020
:1000E0000000000000000000000000000000000010
:1000F0000000000000000000000000000000000000
:1001000000000000000000000000000000000000EF
:1001100000000000000000000000000000000000DF
:1001200000000000000000000000000000000000CF
:1001300000000000000000000000000000000000BF
:1001400000000000000000000000000000000000AF
:10015000000000000000000000000000000000009F
:10016000000000000000000000000000000000008F
:10017000000000000000000000000000000000007F
:10018000000000000000000000000000000000006F
:10019000000000000000000000000000000000005F
:1001A000000000000000000000000000000000004F
:1001B000000000000000000000000000000000003F
:1001C000000000000000000000000000000000002F
:1001D000000000000000000000000000000000001F
:1001E000000000000000000000000000000000000F
:1001F00000000000000000000000000000000000FF
:1002000000000000000000000000000000000000EE
:1002100000000000000000000000000000000000DE
:1002200000000000000000000000000000000000CE
:1002300000000000000000000000000000000000BE
:1002400000000000000000000000000000000000AE
:10025000000000000000000000000000000000009E
:10026000000000000000000000000000000000008E
:10027000000000000000000000000000000000007E
:10028000000000000000000000000000000000006E
:10029000000000000000000000000000000000005E
:1002A000000000000000000000000000000000004E
:1002B000000000000000000000000000000000003E
:1002C000000000000000000000000000000000002E
:1002D000000000000000000000000000000000001E
:1002E000000000000000000000000000000000000E
:1002F00000000000000000000000000000000000FE
:1003000000000000000000000000000000000000ED
:1003100000000000000000000000000000000000DD
:1003200000000000000000000000000000000000CD
:1003300000000000000000000000000000000000BD
:1003400000000000000000000000000000000000AD
:10035000000000000000000000000000000000009D
:10036000000000000000000000000000000000008D
:10037000000000000000000000000000000000007D
:10038000000000000000000000000000000000006D
:10039000000000000000000000000000000000005D
:1003A000000000000000000000000000000000004D
:1003B000000000000000000000000000000000003D
:1003C000000000000000000000000000000000002D
:1003D000000000000000000000000000000000001D
:1003E000000000000000000000000000000000000D
:1003F00000000000000000000000000000000000FD
:1004000000000000000000000000000000000000EC
:1004100000000000000000000000000000000000DC
:1004200000000000000000000000000000000000CC
:1004300000000000000000000000000000000000BC
:1004400000000000000000000000000000000000AC
:10045000000000000000000000000000000000009C
:10046000000000000000000000000000000000008C
:10047000000000000000000000000000000000007C
:10048000000000000000000000000000000000006C
:10049000000000000000000000000000000000005C
:1004A000000000000000000000000000000000004C
:1004B000000000000000000000000000000000003C
:1004C000000000000000000000000000000000002C
:1004D000000000000000000000000000000000001C
:1004E000000000000000000000000000000000000C
:1004F00000000000000000000000000000000000FC
:1005000000000000000000000000000000000000EB
:1005100000000000000000000000000000000000DB
:1005200000000000000000000000000000000000CB
:1005300000000000000000000000000000000000BB
:1005400000000000000000000000000000000000AB
:10055000000000000000000000000000000000009B
:10056000000000000000000000000000000000008B
:10057000000000000000000000000000000000007B
:10058000000000000000000000000000000000006B
:10059000000000000000000000000000000000005B
:1005A000000000000000000000000000000000004B
:1005B000000000000000000000000000000000003B
:1005C000000000000000000000000000000000002B
:1005D000000000000000000000000000000000001B
:1005E000000000000000000000000000000000000B
:1005F00000000000000000000000000000000000FB
:1006000000000000000000000000000000000000EA
:1006100000000000000000000000000000000000DA
:1006200000000000000000000000000000000000CA
:1006300000000000000000000000000000000000BA
:1006400000000000000000000000000000000000AA
:10065000000000000000000000000000000000009A
:10066000000000000000000000000000000000008A
:10067000000000000000000000000000000000007A
:10068000000000000000000000000000000000006A
:10069000000000000000000000000000000000005A
:1006A000000000000000000000000000000000004A
:1006B000000000000000000000000000000000003A
:1006C000000000000000000000000000000000002A
:1006D000000000000000000000000000000000001A
:1006E000000000000000000000000000000000000A
:1006F00000000000000000000000000000000000FA
:1007000000000000000000000000000000000000E9
:1007100000000000000000000000000000000000D9
:1007200000000000000000000000000000000000C9
:1007300000000000000000000000000000000000B9
:1007400000000000000000000000000000000000A9
:100750000000000000000000000000000000000099
:100760000000000000000000000000000000000089
:100770000000000000000000000000000000000079
:100780000000000000000000000000000000000069
:100790000000000000000000000000000000000059
:1007A0000000000000000000000000000000000049
:1007B0000000000000000000000000000000000039
:1007C0000000000000000000000000000000000029
:1007D0000000000000000000000000000000000019
:1007E0000000000000000000000000000000000009
:1007F00000000000000000000000000000000000F9
:1008000008D400206D4802009F8B03005948020065
:10081000594802005948020059480200594802004C
:100820000000000000000000000000003D49020040
:100830005948020000000000754B020059480200B0
:10084000314C0200314C0200314C0200314C0200AC
:10085000314C0200314C0200314C0200314C02009C
:10086000314C0200314C0200314C0200314C02008C
:10087000314C0200314C0200314C0200314C02007C
:10088000314C0200314C0200314C0200314C02006C
:10089000314C0200314C0200314C0200314C02005C
:1008A000314C0200314C0200314C0200314C02004C
:1008B000314C0200314C0200314C0200314C02003C
:1008C000314C0200314C0200314C0200314C02002C
:1008D000314C0200314C0200314C0200314C02001C
:1008E000314C0200314C0200314C0200314C02000C
:1008F000314C0200314C0200314C0200314C0200FC
:10090000314C0200314C0200314C0200314C0200EB
:10091000314C0200314C0200314C0200314C0200DB
:10092000314C0200314C0200314C0200314C0200CB
:10093000314C0200314C0200314C0200314C0200BB
:10094000314C0200314C0200314C0200314C0200AB
:10095000314C0200314C0200314C0200314C02009B
:10096000314C0200314C0200314C0200314C02008B
:10097000314C0200314C0200314C0200314C02007B
:10098000314C0200314C0200314C0200314C02006B
:10099000314C0200314C0200314C0200314C02005B
:1009A000314C0200314C0200314C0200314C02004B
:1009B000314C0200314C0200314C0200314C02003B
:1009C000314C0200314C0200314C0200314C02002B
:1009D000314C0200314C0200314C0200314C02001B
:1009E000314C0200314C0200314C0200314C02000B
:1009F000314C0200314C0200314C0200314C0200FB
:100A0000314C0200314C0200314C0200314C0200EA
:100A1000314C0200314C0200314C0200314C0200DA
:100A2000314C0200314C0200314C0200314C0200CA
:100A3000314C0200314C0200314C0200314C0200BA
:100A4000314C0200314C0200314C0200314C0200AA
:100A5000314C020075D80300314C0200314C0200C9
:100A6000314C0200314C02005FD80300314C0200CF
:100A7000314C0200314C0200314C0200314C02007A
:100A8000314C0200314C0200314C0200314C02006A
:100A9000314C0200314C0200314C0200314C02005A
:100AA000314C0200314C0200314C0200314C02004A
:100AB000314C0200314C0200314C0200314C02003A
:100AC000314C0200314C0200314C0200314C02002A
:100AD000314C0200314C0200314C0200314C02001A
:100AE000314C0200314C0200314C0200314C02000A
:100AF000314C0200314C0200314C0200314C0200FA
:100B0000314C0200314C0200314C0200314C0200E9
:100B1000314C0200314C0200314C0200314C0200D9
:100B2000314C0200314C0200314C0200314C0200C9
:100B3000314C0200314C0200314C0200314C0200B9
:100B4000314C0200314C0200314C0200314C0200A9
:100B5000314C0200314C0200314C0200314C020099
:100B6000314C0200314C0200314C0200314C020089
:100B7000314C0200314C0200314C0200314C020079
:100B8000314C0200314C0200314C0200314C020069
:100B9000314C0200314C0200314C0200314C020059
:100BA000314C0200314C0200314C0200314C020049
:100BB000314C0200314C0200314C0200314C020039
:100BC000314C0200314C0200314C0200314C020029
:100BD000314C02008BD80300314C0200314C020032
:100BE000314C0200314C0200314C0200314C020009
:100BF000314C0200314C0200314C0200314C0200F9
:100C0000314C0200314C0200314C0200314C0200E8
:100C1000314C0200314C0200314C0200314C0200D8
:100C2000314C0200314C0200314C0200314C0200C8
:100C3000314C0200314C0200314C0200314C0200B8
:100C4000314C0200314C0200314C0200314C0200A8
:100C5000314C0200314C0200314C0200314C020098
:100C6000314C0200314C0200314C0200314C020088
:100C7000314C0200314C0200314C0200FFFFFFFFFB
:100C8000064A074B02604FF44472DB7882800822E8
:100C9000C371002382710372704700BFF511020017
:100CA000E80C0020064A074B02604FF4B072DB7A72
:100CB00082800822C371FF2382710372704700BFD4
:100CC000250B0200E80C00202DE9F341C41D00288B
:100CD000064624F007040CBF0020204600F06AFC02
:100CE000071E04DA6FF00B0002B0BDE8F081374D4B
:100CF000E988A88803316B7A03302A7A89B280B2F6
:100D00000CF06CFE0028EDDB3C44A978EB78002E5B
:100D100004F10304194424F0030400FB01F10CBFA7
:100D20000020204600F0CCFD20440EB90028D9DB7D
:100D3000EA7A0446B2B1EB7B697C13441944FF297B
:100D4000D0D80330002EAA89C9B220F003040CBF0A
:100D50000020204600F026FE0028C3DB04440EB924
:100D6000002CBFDB012000F01BFCB0B1A97BA1B1BE
:100D700095F82A3033B340234FF481720734002EA4
:100D800024F007040CBF0020204601F07FFE00285D
:100D9000A8DB04440EB9002CA4DBAB7AFBB1EB7AE0
:100DA000B3B10734002EA97A24F007040CBF002049
:100DB000204604F005FA002894DB04447EB9002C98
:100DC0000DDA8FE725232822D8E700BFE80C0020A2
:100DD000012000F0E5FB10B1AB7B002BE1D1734BA0
:100DE0001B6893B1A97D81B10334002EEA7D24F004
:100DF00003040CBF0020204698470028FFF672AF7E
:100E0000044416B9002CFFF66DAF694B1B688BB11B
:100E1000297C79B10334002E24F003040CBF002098
:100E2000204698470028FFF65DAF044416B9002C11
:100E3000FFF658AF5F4B1F68B7B1697CA1B10334AF
:100E4000002E2B7D24F0030408BF0020009318BF60
:100E50002046EB7CAA7CB8470028FFF643AF044449
:100E600016B9002CFFF63EAF072000F099FB98B1B1
:100E7000A97D89B10334002E2A7E24F003040CBF1F
:100E80000020204600F07CFE0028FFF62BAF044433
:100E900016B9002CFFF626AFB6FA86F795F82300B0
:100EA0007F09A0B103346B7FA97E24F007041944A5
:100EB0003B4644F00404C9B2224600F0A1FE0028DB
:100EC000FFF610AF044416B9002CFFF60BAF95F8EF
:100ED000241000294CD004F10708002EEA8C28F0D9
:100EE00007080CBF002040460CF08CFD041EFFF6E6
:100EF000F9AE4444002E3ED1002CFFF6F3AEA97F9C
:100F0000002945D095F82230002B41D02A8C073497
:100F1000002E02F1240224F007080CBF00204046F6
:100F200092B20CF06FFD0028FFF6DCAE404416B91B
:100F30000028FFF6D7AE03302B7FA97E20F00700F4
:100F400019443B4640F0040495F82200C9B22246F9
:100F500000F048FE0028FFF6C5AE044486B9002C18
:100F6000FFF6C0AEEB6AF3B1C6B1EC620020BBE69F
:100F7000002EC4D08846E98C404609F061FDBEE7EA
:100F80002A8C4046A97F083292B209F05FFDE9E75A
:100F9000002EE7D0002211461046F6E728343FF530
:100FA000A1AE2046A0E6002EE0D1FAE7441A0020C8
:100FB000481A00204C1A00201FB572B6194B1C6B42
:100FC000ECB9BFF34F8F1849184BCA6802F4E062BE
:100FD0001343CB60BFF34F8F00BFFDE7B2FBF6F2C8
:100FE0002B465D1C002AF9D1DBB203F110056D44DC
:100FF00005F80C2C0A2233B901A8A047E1E7024604
:1010000000230A26EDE7013BDBB203F110050DEBEF
:101010000506B0FBF2F502FB1500303006F80C0CAB
:101020002846E8E7E80C002000ED00E00400FA059F
:1010300013B5124C68462389ADF80030E388ADF84B
:101040000430A388ADF8023002F046FA18B1FB2153
:101050009C20FFF7B1FF207D02F06EFA08B1FE215F
:10106000F6E7E07C02F062FA08B1FF21F0E794F8BD
:10107000290008F027F902B010BD00BFE80C0020DD
:1010800070B50546002855D00BF0FAFD18B94FF0A1
:10109000FF34204670BD0AF0D9F9B0F5FA7FF6D8D2
:1010A000264C012625630025284684F834502570F7
:1010B00084F82A50E56209F065FC1A22294604F1F9
:1010C0000F0010F083FE1B2308210322A380284673
:1010D000E3800223A1721F216372E375F72322725A
:1010E0002384FB23A2734922E3840A23A181294696
:1010F000E27484F82930A670E670E672A67426764B
:1011000001F04AFD2A463146304601F017FD0446FB
:1011100020B140F2B6319C20FFF74EFF014601F0AE
:1011200029FDEFF3108572B600F090FD002DB0D1CF
:1011300062B6AEE76FF01504ABE700BFE80C002025
:1011400038B51446002840F0EE80784D95F83430DC
:10115000032B00F0E58019B312B96FF0150038BD0C
:101160000139172900F2DF80DFE811F018002900AB
:101170002C0042006C0075009400480078007B0051
:101180008E004E005400620067009A009D00AC0083
:10119000AF00B200A300B500B900D2001378AB7065
:1011A0000020FFF791FD0028B7BF012302236FF055
:1011B0000B0085F83430A8BF85F83430CFE71378BA
:1011C000EB70EDE71379002BC7D05379002BC4D017
:1011D0001288FB2AC1D863881B3B9BB2E02BBCD88A
:1011E0001A2ABAD92368A2886B60514B9A80D7E734
:1011F0001378EA7B9342B0D3EB72D1E71378EA7AA3
:101200009342AAD8EB73CBE71378EA7A9342A4D837
:101210006B74C5E71378002B9FD05378013BDBB28A
:10122000F82B9AD8138892786B82424B9A70B7E762
:101230001078687508F004F8B2E71378002B8CD0AA
:101240002B76ADE7012000F0ABF9237808B1012B34
:1012500083D9AB73A4E71388AB81A1E71378AB758F
:101260009EE7072000F09CF918B92378012B7FF640
:1012700074AF072000F094F918B12378002B3FF4E5
:101280006CAF2378EB758BE71378082B3FF665AFCF
:101290002B7485E71388FF2B3FF65FAFAB727FE7B8
:1012A00013786B767CE713780E2B3FF656AFAB7650
:1012B00076E72368204AC5F81E30636853602389A7
:1012C00013816DE71378EB766AE713786B7767E73E
:1012D00013782B7764E7137885F8283060E701F0FE
:1012E00027FC98B1007900F001026178207801F0C4
:1012F00025FC00287FF433AF6378012B7FF650AFD5
:1013000009F046FB00287FF44BAF26E70246ECE7E6
:1013100013785A1E092A3FF620AF85F829303FE797
:101320004FF0FF301BE76FF02C0018E7E80C0020AF
:10133000EC0C0020FA0C0020060D0020F8B50D463C
:10134000064630B329B311F0070422D1124F97F8A3
:101350003430012B02D16FF00B00F8BD032B02D10A
:101360004FF0FF30F9E700F0A7FC0028F8D028463E
:10137000FFF7AAFC0028EEDB10F022F83046F96AED
:1013800002F042F9FFF754FE0323204687F8343079
:10139000E3E76FF01500E0E7E80C002010B5074C1C
:1013A00094F83430032B03D102F046F902F0FCFF2D
:1013B0000CF055FC002084F8340010BDE80C00202F
:1013C00008B502F0E5F803490320BDE8084000F045
:1013D000DFB800BFA50C010008B502F0F3F803491F
:1013E0000220BDE8084000F0D3B800BF810C010026
:1013F000074B4FF0FF3141F6FF72C3E90012054978
:101400000022C1E900221F21C3E90212704700BF78
:1014100060000020200D00203F280CD801380B4B25
:10142000C0F3421200F01F0053F8223023FA00F0FC
:1014300000F001007047FF2806D04038044BC0F38D
:10144000421200F01F00EFE701207047600000200B
:10145000200D0020074B0146006849681A4603C268
:1014600040F48C2200201A6041F0107242F4FF62B6
:101470005A607047600000200246034B00685168C4
:1014800003C30020704700BF200D00200246034B1D
:101490000068516803C30020704700BF6800002047
:1014A0000138064BC0F3421200F01F0003EB820329
:1014B0009B6823FA00F000F00100704760000020F4
:1014C0000A8870B595B2C67CC2F30E020488023653
:1014D00002F118033444C35AA4B233442344013BF9
:1014E000B3FBF4F303FB0422438892B29342044B10
:1014F0008BBF2B40AB4313439BB20B8070BD00BF2F
:101500000080FFFF4A1E062A08B50346084604D895
:101510004FF4D1711520FFF74FFD094A914202D9CE
:1015200040F2A311F6E711B903B1196008BD2BB160
:101530001B680022C3E901211A1D1A600430F5E777
:10154000FAFFFF7F10B5114B00EB41041A78638955
:10155000B3FBF2F303FB0223013A1A44B2F5706FB6
:101560000279807828BF00231A440B18B2FBF0F1EF
:1015700000FB11215B1AB3FBF0F100FB11331344A4
:101580006FEA43436FEA5343638110BD280D002087
:10159000024B03EB80035960704700BF280D002009
:1015A000034B03EB80035868003818BF01207047D5
:1015B000280D00202DE9F04F10F0070A85B00546F0
:1015C00004D040F26F111720FFF7F6FC534F04468A
:1015D0004FF0010B07F15406B146B04657F8043BF3
:1015E0008DF80BA03BB101A898479DF80A30082B55
:1015F00001D9F521E7E79DF80B1041BB05B131603A
:101600004F4506F10406E9D1002D6FD00022DFF826
:1016100010911427964689F8002058F827A0013F1A
:10162000BAF1000F55D09AF804609AF802C0FF2E64
:1016300060D039460023481C38D19C44BCF1FF0FD0
:101640003FD90AB189F800E04FF49A71BBE79DF8E1
:101650000AC04B1D60465A0004EB4303022838BF02
:101660000220441E40422344BDF808406444CCF1AB
:10167000000C0340013C04EA0C04B4F5803F02D3A3
:1016800040F205119FE775B19A1A3260917014808B
:1016900082F803B09DF80C00107101984FEA104CCD
:1016A0001081A2F806C004FB0134A9E758F8210014
:1016B00028B190F804B0B34504BF80781B180139F5
:1016C000B9E7DBB2E6458AF804303CBF5FFA8CFE2E
:1016D00001227B1CA1D10AB189F800E0142640F652
:1016E000FF6A58F82670B7B9013EFAD2601B05B000
:1016F000BDE8F08F0023E5E707EB410309F101099D
:101700003846A3F80AA0FFF71DFF5FFA89F1BB78FE
:101710008B42F1D8E8E74FF00009F6E72C0D0020E6
:10172000280D002038B54FF6FF7302460380184B92
:1017300003EB8103986DA8B184780379B3FBF4F1CE
:1017400004FB1133DBB2194600EB4105B5F90A5031
:10175000002D0EDB0131B1FBF4F504FB1511C9B20C
:101760008B42F1D1002038BD6381BDE838400CF0D8
:1017700011B900EB41046389C3F30E031380C278EF
:10178000002AF1D14FF4E5711720FFF715FC00BFD7
:10179000280D00201C4B03EB810370B59C6D0546A2
:1017A00044B3030404D54FF4EC711720FFF704FC95
:1017B000014620460CF0D1F8FF28014604D020460F
:1017C000BDE870400CF0E6B8A078B5FBF0F300FB84
:1017D0001353DBB219460A1D04EB4206B6F9026048
:1017E000002E09DB0131B1FBF0F200FB1211C9B28E
:1017F0008B42F0D1002070BD8B4201D00023E370FA
:1018000004EB42025580DAE7280D0020094B03EB78
:101810008103014610B59C6D20460CF09EF8FF2810
:10182000014604D02046BDE810400CF0B3B80020BB
:1018300010BD00BF280D0020F8B5104B074603EB84
:10184000810301469C6D20460CF087F8FF28054671
:1018500011D0E288238953EA024606D00146204689
:101860000CF098F801463846B04720462946FFF765
:1018700069FE0020F8BD0520FCE700BF280D002010
:1018800038B50E4B0446827903EB8203986D08B994
:10189000052038BD8278E1799142F9D24B1CE37181
:1018A00000EB41035D89B3F90A30002BF3DBA5801F
:1018B0000CF070F820600020EBE700BF280D00203E
:1018C00070B5044610F003000E4603D04E211820D8
:1018D000FFF772FBFFF716FE054624B103483146B9
:1018E0000460FFF70FFE284670BD00BFD40D002036
:1018F0002DE9F14FDFF870B01E4607460D46DBF8C4
:10190000003090469DF828A09DF82C901BB96021CE
:101910001820FFF751FB5246092140460BF0A1FE6B
:101920004A4684B2092130460BF09BFE81B2DBF8B7
:10193000000021440BF0E5FF386018B9286001B0C1
:10194000BDE8F08F04445346414609222C603868B4
:101950000BF04AFE4B4609223146286801B0BDE82B
:10196000F04F0BF041BE00BFD40D002070B50E4605
:1019700004460BF089FE054630460BF085FE044B0D
:101980002A1821461868BDE870400BF0DFBF00BF81
:10199000D40D0020024B186808B10BF0A6BF7047A9
:1019A000D40D00201F2AF8B5044613460ED8920025
:1019B000033222F00303B3F5803F2DD2184DACB1B2
:1019C000A00710D068210920FFF7F6FAFF2B4FEA95
:1019D000420204D9FF339A42A8BF1A46E8E77C2A9C
:1019E000B8BF7C22E4E729706C602B8122F00302EF
:1019F00028230127120403FB01F06B680025120C59
:101A0000EEB2B14200D8F8BD14B126181F705E6066
:101A1000104401352833F3E74FF0FF30F3E700BF00
:101A2000D80D0020154A002170B553681578C8B24A
:101A3000854203D8BA210920FFF7BEFA1C46184692
:101A4000013114F8286B0EB92346F0E70021997094
:101A500001241289996103F126055C709208D9610D
:101A600003F11E04596824F8022FA54243F8041F0D
:101A70001144F8D100234361037070BDD80D0020DC
:101A80000A4B1B89B3F5FF7F4FEA930006D25A0831
:101A90009B1A9BB2984238BF18467047B3F5EE6F59
:101AA00001D8FF22F4E740F27263F3E7D80D00207B
:101AB0004B782DE9F04106460C4602F0040702F08F
:101AC000FB05E3B1A5BBFF23A3707B0804EB57071D
:101AD0003A7D032A02D1022D18BF0133E2180121F9
:101AE000117503F10C01002204EB830324F811208B
:101AF0005B68A27030463360B280BDE8F081002D93
:101B0000E1D1012301F11E028D6120464B7004F1E9
:101B1000260C1A4BCD611B8949689B0822F8023FAD
:101B2000944540F8041F1944F8D100236361CAE7C3
:101B3000D1F8048014220021A018617010F046F939
:101B40000E4B1B89B3F5FF7F0FD25A089B1A9BB22D
:101B500008EB0301C4F804802384A1606284C4F804
:101B60000C80A3842161E284ADE7B3F5EE6F4FF002
:101B7000FF02EBD940F27263EAE700BFD80D002004
:101B80002DE9F84305460C46F720052191460BF058
:101B900068FD061E21DB1DB906FB04F0BDE8F883D5
:101BA00015F0030703D098211920FFF705FADFF895
:101BB0003080C8F81050A8F81460BBB29C42EBD932
:101BC000B8F814504B46D8F810000522F72107FB4F
:101BD000050001370BF008FDEFE74FF0FF30DDE7C0
:101BE000EC0D002007B5CDE900230B460349024662
:101BF000081D0CF00EF803B05DF804FB040E002085
:101C000013B5064CCDE900230B46024604F108014A
:101C100004F10C000BF0FDFF02B010BD040E00201B
:101C200008B54B1E032B03D923219020FFF7C4F9DD
:101C30000028054A0CBF05230C2303EB8103053361
:101C400023F00103137008BD140E0020114B012274
:101C50004FF0FF3000215A60C3F80803C3F80015A5
:101C6000C3F804255A6040F6FE72C3F8080340200A
:101C7000C3F8001503F570330749C3F80825C1F808
:101C80008800BFF34F8FBFF36F8FC1F88801C3F88F
:101C9000082570470060045000E100E00268002061
:101CA000014B1A60704700BF180E0020014B1B68E3
:101CB000184700BF180E0020024B1868003818BFE4
:101CC00001207047180E00200A4606489C2302F89F
:101CD000033BC368C1F803300369536043699360F1
:101CE000704700BF1C0E0020024B5A8C02435A84DE
:101CF0005B6A18471C0E0020014B00215B6A1847E5
:101D00001C0E002010B5154C08F0D2FA08F0FCFDAE
:101D1000208DFFF7F1FF237E63B12246104904F1C5
:101D2000190052F80C3BE36063685360A36893604A
:101D30000DF074FE218DE06A03F0CAFAE36AB3F88D
:101D4000AA0003F0F3F9636B94F8301094F83100B3
:101D50009847002384F8383010BD00BF1C0E0020C7
:101D6000C91C0100034B93F838300BB1FFF7CABF11
:101D7000704700BF1C0E00202DE9F041DFF8808085
:101D800005460E4608F12C000BF0BAFF044618B1C8
:101D900001242046BDE8F081D8F82C3093F8A870D3
:101DA0004FB1012D07D1B8F822301A0703D598F8A2
:101DB0003930002BECD1012EEAD8D8F83C30284637
:101DC00098470028E4D098F83030002BE0D167B96C
:101DD000012DDED1B8F82230002BD9D198F840304F
:101DE000002BD6D198F8414007E0002DD1D1B8F8AA
:101DF00022309B07EED598F8394084F00104C8E7FB
:101E00001C0E002070B5204C0646636DE56A6364C5
:101E10004FF4817394F85800A4F848302B7D95F85E
:101E2000211100EB83002EB9FF2803D195F8203152
:101E30008B4201D007F0E6FE2B7DFBB1E06D08F090
:101E400075F9E16D606C08F0E5FC66B995F8213133
:101E5000033B012BB5F8E4308CBF00202820184448
:101E600080B208F0B1F9B5F8E00007F08BFE002071
:101E700008F0E8F9022384F8383070BD606C08F08F
:101E800055F908F041FDE0E71C0E002008B5094BAC
:101E900093F83820022A04D040F257312720FFF768
:101EA0008BF8DA7A42F00102DA72BDE80840FFF7F7
:101EB00029BF00BF1C0E002010B590F86E1086B030
:101EC000D1B9C2880B4605910021CDE903110C4917
:101ED00091F85840029400F190040194C96A91F875
:101EE000A810003918BF0121009100F180010220E3
:101EF00008F0A0FB06B010BDD0E91E23E3E700BF49
:101F00001C0E00202DE9F041274C06460F4694F8A0
:101F10003830012B5FFA83F804D040F60E112720E9
:101F2000FFF74AF8E56A2B7953B1002104202971A3
:101F3000FFF7DAFEE36A93F8A8300BB185F8058065
:101F400094F860308BB92B7A052B0ED117490220FB
:101F5000FFF7CAFEE36A93F8A83033B1E36E1B784B
:101F60009A1E5342534184F839301EB1BDE8F04106
:101F7000FFF7C8BE002FF9D031463046FFF7FCFE10
:101F80000028F3D12B7DE46A13B12846FFF794FFB4
:101F900094F821210120B4F8E2100FF040FA00205B
:101FA000BDE8F041FFF72EBF1C0E0020880E002078
:101FB0007FB590F86E10D1B9C2880B46059100210B
:101FC000CDE90311FB21029100F190010191094932
:101FD000C96A91F8A810B1FA81F14909009100F19C
:101FE0008001042008F026FB07B05DF804FBD0E96F
:101FF0001C23E3E71C0E00201E4A10B5546E4178E6
:102000002378C90003F0F30301F008010B43817842
:10201000890001F004010B43C178090103F0EC03CE
:1020200001F010010B43017801F003010B43237011
:10203000B2F8703063700223516EA2F868300479F0
:102040000B786001012C23F0200300F0200043EA0C
:1020500000030B700CD1D36A93F8BA2093F8BB300D
:10206000032A03F01F0308BF002243EA82138B7088
:1020700010BD00BF1C0E0020F7B5184C0646656F5A
:102080000DB1E36C23B940F6C6012720FEF794FF9B
:10209000B4F8503001F003012F466B702B7823F019
:1020A00003030B4307F8033B3846B4F85020E16CB8
:1020B0000AF050FF0DF1020201A9A06F6564E76408
:1020C0000BF009FC01980BF0F4FB0122B4F850105E
:1020D0003060A06F0BF098FB03B0F0BD1C0E002029
:1020E0002DE9F04FAE4C87B0D4F82C8098F8201131
:1020F00058B998F8142094F8583003EB8203FF2B5A
:1021000003D198F821318B4202D0FF2007F07AFDED
:10211000002304AA02A9A34804938DF8143084F87C
:10212000603001AB0BF0E1FD0746002845D0029A74
:10213000BDF8043022B940F213412720FEF73CFFDE
:102140006266A4F8703003B1D31CE366012384F8FF
:1021500060309DF8133004A8003B18BF012384F8B9
:10216000403098F81330002B00F02081B4F8703024
:10217000002B00F01B81FFF73FFFE06D07F0D6FF5B
:102180009DF81420E16D003A606E18BF012208F03E
:1021900057F918B9616EE06D08F0C6FAB8F8E200B8
:1021A00007F0F0FC012008F04DF8012384F8883096
:1021B00084F8383007B0BDE8F08FE66A8DF8030088
:1021C000337AADF80600062B00F2CD80DFE803F08D
:1021D00004CEA4A4CBBBBB0000230DF1060103A8D1
:1021E000A6F8443094F87F30A6F81031ADF80630E8
:1021F00001F048FC38B1039D2DB1012384F88030F3
:10220000052333729CE0E36A93F85530002B6BD1C1
:102210000DF103020DF10601D4F884000BF05BFA16
:102220000546002860D09DF80370FFB10146D4F840
:1022300084000BF03AFB0BF03CFBD0F800B0D0F878
:1022400004A081465BEA0A0348D1002389F80030E4
:1022500089F8013089F8023089F8033089F80430B0
:1022600089F8053089F8063089F80730BDF806305E
:10227000002B40D1012333720123002784F88030E2
:10228000BDF806306566A4F8703003B1EB1CE36658
:10229000727A357A8DF81120022DB27A8DF81220DB
:1022A00004D0053D012D8CBF012503258DF810506C
:1022B000002F5ED000209DF810308DF81300032B06
:1022C0006BD1E36E1B781B2B67D1012106F1BA009D
:1022D00007F0E0FC01238DF814303AE70FF0E5F940
:1022E00083457AEB0101B0D2002301222E4DADF8D7
:1022F00006303272C6E79DF803301BB92B80AB70F5
:102300000323B8E72B7803F00303012BF8D0022353
:1023100033720023B375AFE7B6F810310DF1030245
:102320000DF10601D4F88400ADF806300BF0D3F9B6
:10233000054610B940F2C451FFE6012384F880300D
:10234000BDF806309EE70DF1060103A801F09AFBE7
:1023500008B1039D15B940F2D351EEE6012384F88C
:10236000803006234DE740F2DD51E6E60E4D0023B6
:1023700088E7032D02D11B78022B9BD0D4F8840070
:102380000BF001FA38B9032D94D001F097FB80F0DF
:102390000100C0B28FE701208DE700239BE700BF5B
:1023A0001C0E0020480E0020980E0020FFF724FE8F
:1023B000606E07F0BBFE08F0A7FA9DF81410606E7F
:1023C000003918BF01210FF037F8E7E62DE9F04F8B
:1023D000AA4C87B00027804694F83830E56A022B73
:1023E0005FFA83FB05F1A80A0191CDE9027704D0D9
:1023F00040F6AF112720FEF7DFFD616C03200B785C
:102400004A780144A4F84800E16403EA0001A4F812
:1024100050208DF81010C3F3C0018DF81110C3F3D4
:1024200080018DF81210C3F30011C3F340138DF82F
:1024300013108DF81430B8F1000F00F0238104A9B7
:1024400004F12C000BF053FC064630B9B4F85010E0
:1024500051B3A06F0BF0B8F90746238D9DF8121009
:1024600043F40073676723856B7A0133DAB203F0B4
:10247000010399425CD12B7AF3B1032B6A7215D810
:10248000012B08BF4FF0010BB5F84430BBF1020F30
:10249000A5F8463016D102A9D4F884000BF03DF916
:1024A000E8B940F2D671A5E70746D6E7053B012B10
:1024B00005D940F2B4719DE74FF0040BE4E74FF00B
:1024C000030BE1E7BBF1030F10D101F0E9FA10B9FA
:1024D0004FF4FC618EE700210820FFF705FCD5E9E9
:1024E0001C32013342F10002C5E91C320021E36ACB
:1024F000297293F8A8302BB16B791BB11020697148
:10250000FFF7F2FB238D4FF0000B43F400632385AC
:102510002B7DDBB1B4F85030C3B108F013FA0328B7
:10252000FBD0022806D1FFF7EDFB07B0BDE8F08F26
:10253000C346EDE750B9AB7A9DF8112003F00103D3
:102540009A4203D1012384F83130ECE7B4F850709B
:10255000E6B19DF81330591E4B424B4184F841308F
:10256000002F40F0B7800027B946019B002B00F0F8
:10257000B88007F09DFEB9F1000F00F01E819DF8B4
:10258000101003A8FFF778FD0127C9E0AB7A9DF88A
:10259000112003F001039A4223D19DF810307FB33C
:1025A0005A1E012A2CD8238D95F8149043F4805399
:1025B000238507F0FDFA032894F8893007D1B9F193
:1025C000000F0CBF1F221B22934228BF1346B4F8F2
:1025D00050209A4208D994F8303043F0100384F820
:1025E00030304FF000092FE0636F002BF9D094F8E2
:1025F0008A301BB12020FFF77FFBF2E79DF81030F7
:10260000AA7A032B02F10102AA7210D1238D0120B4
:102610001B4943F4805328712385FFF765FBD5E9F7
:102620001E32013342F10002C5E91E32D9E75A1EBB
:10263000012A1DD8002FD4D0C146D5E91E3201335E
:1026400042F10002C5E91E32626F9DF81310002AA4
:1026500045D1B4F85020B2FA82F25209012914BFD0
:10266000002202F001023746002684F841207CE770
:10267000002FB6D0002BB4D1D1E700BF1C0E002034
:10268000680E00202B7D0BB108F076F994F88B30A2
:10269000013384F88B30238D43F48063238595F8D0
:1026A0002131033B012B0DD807F082FA03280DD10D
:1026B000B4F850604FF000091B2ECB4694BF0026A3
:1026C0000126C1E701F0C2FF0028EDD10026B14686
:1026D000B346B9E7238D43F48053238543E70122B2
:1026E000BCE794F88B100120FFF746FB00287FF42D
:1026F00040AFEA7C12B12846FFF75AFC002095F85B
:102700002021B5F8E0100EF08AFE0020FFF7E8FC6B
:10271000B9F1000F5AD09DF8101003A8FFF7ACFCD8
:10272000238D5A0606D44020FFF7E6FA238D43F0A6
:1027300040032385BBF1000F10D0EB884BB9E36A4F
:1027400093F8A8302BB1B4F80530B4F80720134340
:1027500004D0B4F809300133A4F80930B8F1000FFF
:102760003CD0B4F805300133A4F80530002384F8D8
:102770008B301D4802F0C8FC029830B10BF099F87C
:1027800000220272514601F029FF039B33B100225F
:102790001A720C225146039801F0EEFE002F7FF4CE
:1027A000C2AE238D1B063FF5C0AE8020FFF7A4FA12
:1027B000238D43F080032385B7E6002E3FF4E4AE7B
:1027C0000A49A1F120000BF094FADDE6002EA7D013
:1027D0000649A1F120000BF08CFAA1E7B4F807300C
:1027E0000133A4F80730C4E7480E0020680E00202B
:1027F000064B10B593F8382002F0FF0422B91C767E
:1028000002F05EFD204610BD0C24FBE71C0E0020EC
:10281000094B0A4A10B51A60FFF7EAFF20B14FF4DE
:10282000B1712720FEF7C8FB054C00F021FF606561
:1028300000F022FFE06510BD501A00207C2A010044
:102840001C0E0020F8B5794C054694F8386006F067
:10285000FF0016B909B102B123B94FF42071272046
:10286000FEF7AAFB63639DF81830616284F88A3032
:10287000E26384F8300084F88B0084F8310084F837
:1028800088006084208584F8400084F8410084F842
:10289000800084F839006066E066A4F87000606427
:1028A000E064A4F85000E56207F016FA08F02CF88E
:1028B00095F9280107F074FAD5F8D460D5F8CC0062
:1028C00007F074FA304607F015FC95F8250007F07C
:1028D00077FAB5F8E030622B03D9B5F8E230622B15
:1028E00001D807F055F9E36A93F8A860002E40F08C
:1028F00085800DF09FFD95F820214D4B4FF47A71A6
:1029000053F8223003F5FA73B3FBF1F3523319187D
:10291000304607F063FA474B186807F0F1FBD5F82B
:10292000C030C4F88430D5F8C430A367AB7B243BF7
:10293000072B6BD9EB7B243B072B67D9B5F8F2301B
:10294000B5F8F80095F82011984228BF18460429D8
:1029500008BF03210CF030FC034695F8F4009842C0
:1029600028BF184695F8F03080B2984200D3C3B221
:1029700095F8211105F1E80084F87F300DF0CCF8CE
:1029800095F821112F7D0329B5F8FC6008BF0421BB
:102990000CF012FC0FB9043080B2864228BF064604
:1029A000F6B284F8896001F051FE28B101F054FEBE
:1029B000864238BF0646F6B284F858600BF09CF9A0
:1029C000E36A93F8A8301BBBEB7C13B12846FFF7F2
:1029D000EFFA0120FFF784FB002323606360A3600C
:1029E000EB886380B5F8AA30238095F825302371F1
:1029F000D5F824310BB101221A60F8BD0DF01AFD93
:102A000095F8212100F17101012082E71B23AFE736
:102A10002B7D13B12846FFF74FFA0120FFF7F2F99B
:102A2000E36AD3F8F00107F09DFBD5E71C0E002008
:102A3000C81F0400501A0020014B93F8880070470B
:102A40001C0E0020054A138D92F8800003F480517B
:102A500010B113F4C06F00D1080B70471C0E00209A
:102A6000024B93F82900C0F3C00070471C0E0020F1
:102A7000014B93F88B0070471C0E00208D1E010047
:102A8000CD230100051F0100651D0100343270B522
:102A9000054692B20C461E460AF0B4FF25B1034A21
:102AA000556014745674147070BD00BFC00E0020C1
:102AB0000138C0B2032808B504D94FF43F7106208D
:102AC000FEF77AFA014B185C08BD00BFFC1C04003D
:102AD0000138C0B2032808B504D94FF43F7106206D
:102AE000FEF76AFA014B185C08BD00BF191D04000F
:102AF0000138C0B2032808B504D94FF43F7106204D
:102B0000FEF75AFA014B185C08BD00BF7C1D04009B
:102B10000138C0B2032808B504D94FF43F7106202C
:102B2000FEF74AFA014B185C08BD00BF751E040091
:102B3000014B1868704700BF8C0F002008B5034692
:102B400010465A1E032A10D84A1E032A0DD8084AD6
:102B5000012951700CBF00210A21107193709172EC
:102B60001946FFF75DF8002008BD6FF01500FBE780
:102B700006010020074A537A40B143F004030029BC
:102B800053720CBF002307235371704703F0FB03FC
:102B9000F5E700BF0601002040EA4100014BD87074
:102BA000704700BF06010020304BF0B5B0F86C70E4
:102BB0000C461146DA88B0F86A6085B097421D89E4
:102BC00028BF1746964228BF16461B2E2ED0B5F5B5
:102BD000A47F2DD040F6480301AA9D4228BF1D4680
:102BE0000BF098F8BDF80A30BB4228BF3B46E380A3
:102BF000BDF80C30AB4228BF2B462381BDF8063010
:102C0000B34228BF33466380BDF80830AB4228BFCB
:102C10002B46A380FF232370E3881B3B9BB2E02B52
:102C200008D940F202513920FEF7C6F91B2FCED148
:102C300005B0F0BD63881B3B9BB2E02B02D940F28C
:102C40000451F0E7238940F64812A3F5A4739BB220
:102C5000934202D940F20651E5E7A388A3F5A47395
:102C60009BB29342E4D94FF4A161DCE7980F0020B6
:102C7000F7B5002304460E461746CDE900336846F3
:102C8000FEF7FEFD08B100201AE0009DA542F6D037
:102C9000304605F1AD030BF037F8394695F8AC2016
:102CA0000CF0ECF90028EAD005F1B40395F8B32054
:102CB00004F1B40194F8B3000CF0E0F90028DED080
:102CC00003B0F0BD054A516A02F11D03127F11F8ED
:102CD000030BC0F380100CF0D1B900BF0815002021
:102CE00010B503210020FEF791FD044670B90321C1
:102CF000FEF750FD044620B940F21E313920FEF7A0
:102D00005BF9034B93F970100DF0D0FE204610BD17
:102D1000980F0020014B5888704700BF980F002083
:102D2000044BD87BC0F3400080F0010000F00100AC
:102D3000704700BF980F002038B50CF09EF90025B1
:102D400001F05AF8214C00F0F7FC0CF03FFE02F0C5
:102D500049FA01F051FA06F0ADFA012000F090FCBA
:102D60001B4B1C4A29461D604FF01B13A4F86850EA
:102D7000A58184F83650E573C4E900234FF4A473A9
:102D80001022A3604FF479432361134B58681B89C9
:102D9000A06304F14000A3870FF018F8012342F26A
:102DA000107204F15E0084F840306375C4E91122AA
:102DB0000EF0D1FA04F150000EF0F3FA00220023D5
:102DC00084F88050C4E91E2338BD00BF980F00204E
:102DD000541A002003021B00191D0400064B41F683
:102DE0004C521B211A629973C3E9062241F28832C0
:102DF0005A62FFF7A1BF00BF980F0020F0B53D4D0C
:102E000085B000F1A8070446AB69C0F8E8302B7C18
:102E1000003B18BF012380F82931374BC0F8C83078
:102E200038460DF013FC064600F06EFC8306A97BC5
:102E300053BF1B236B88AA881A46A4F812312F4B64
:102E4000A4F814211B6884F8F010A4F8F26023B1F0
:102E500094F92811B4F8AA00984703A803940AF03B
:102E600051FF274B1B681BB12649B4F8AA009847AD
:102E7000254938460BF071FF0123A4F8DE30234BBF
:102E80001B681BB10021B4F8AA009847204B1B68AF
:102E90001BB10021B4F8AA0098471E4B1B6813B160
:102EA000B4F8AA0098471C4B1B6813B1B4F8AA00E9
:102EB0009847AB8804F1C0006A886978033303320D
:102EC00001919BB2297892B2009104F1C401FEF7FE
:102ED0000FFDD4F8C03023B940F2DB413920FEF7B2
:102EE0006BF8D4F8C43013B940F2DC41F6E705B012
:102EF000F0BD00BF980F002000093D00641A0020BB
:102F00005C1A0020C00F0020A20F0020741A0020BD
:102F1000681A00206C1A0020701A00202DE9F34175
:102F200004460E460DF003FE002800F09680204671
:102F30000DF077FF40B1B6F80130013B7F2B03D98C
:102F4000122002B0BDE8F08120460DF06EFF08B9F6
:102F50000C20F6E720460DF04DFC0028F8D1204665
:102F60000DF08EFD80460028F2D1204604F068FC6A
:102F70000028E5D042F21073B6F80170F1782046CF
:102F80005F430DF039FF04213078FEF73FFC054622
:102F900006213078FEF73AFC2DB140B141F6782198
:102FA0003920FEF709F818B3054690F8E5802C4E55
:102FB0003368EBB1403528460DF025FAC0B12846FC
:102FC0000DF012FAA0B9B8F1000F07D0254B284632
:102FD0001B68984760B141F68C21E1E722494246DF
:102FE00033682846096A984710B141F69121D7E71E
:102FF00020460DF00EFF014638B93A46204602F051
:103000001FFE40B341F69A21CAE702210DF10600E6
:10301000FEF788FB054608B90D2092E7BDF80610BB
:103020000CF061F9294620460DF026FF2846FFF7EF
:10303000E5FE3A462946204602F002FE024610B15D
:1030400041F6B621ACE7084BDB6E23B105F597716D
:1030500005F1A8009847002073E7422071E700BF00
:10306000581A0020601A0020980F0020024B1B689D
:1030700003B118470C207047541A0020034B5A889C
:1030800002801B7883700020704700BF980F0020DB
:1030900073B5837806461A2B08D8042B04D9334A13
:1030A00022FA03F3DB0705D412251AE0292B01D0FD
:1030B0003B2BF9D13088B0F5706FF5D269460CF032
:1030C000E1F888B9009B93F82C2102F0FF05C2B902
:1030D000B27883F82D21FF2283F82C2168460BF06B
:1030E0003EF8284602B070BD09213088FEF78EFBFD
:1030F0000446002837D001A9B0F8AC010CF0C2F8A2
:1031000008B10C25EDE70821B4F8AE01FEF77EFB0F
:1031100020B940F639013920FDF74EFF03781BB97D
:1031200094F8C831032BECD1019B93F84221002A7B
:10313000E7D194F8F02102F0FF05002AE1D1B4F8BC
:10314000B021A3F8442194F8B82183F84621027DE8
:1031500083F84721B27883F8482184F8F021FF22D0
:1031600083F84221BDE70225BBE700BF20003804F9
:103170000188A1F11B039BB2E02B0CD8428844F2DA
:103180004810A2F5A4739BB2834204D8034B0020DD
:10319000D9801A8170471220704700BF980F002015
:1031A00038B50278447802F0010302F0020254EAD2
:1031B000030101D1112038BDBAB98578002DF9D0AD
:1031C000002B18BF002400E01D4620460AF06AFECE
:1031D0000028EFD028460AF065FE0028EAD0054B0B
:1031E00000209C72DD729881E5E7002BECD0002472
:1031F0002546EAE7980F002013B5008801A90CF0D6
:1032000063F8044620B9019890F83E311BB13A2486
:10321000204602B010BD90F8603003F0FF04002B90
:10322000F5D190F857309B0706D1FF2380F83E3147
:1032300001A80AF094FFEBE7024958300CF0EEFBCE
:10324000E6E700BF4B030200F7B5067804460F46D9
:10325000EF2E03D91226304603B0F0BD90F90120BD
:103260004378002AF6DB82789207F3D113F010003E
:103270001DD19D0603F0030216D5002AEAD11907D5
:10328000E8D42179E278E57942EA0122617942EADB
:103290000142A17941EA0521257A41EA05418A42A4
:1032A000D8D81F2A12D8D5E7032AE8D1D2E713F0DD
:1032B000600FCFD103F00702052A05D003F00F01FC
:1032C0000D22CA40D207C5D51D07DAD5627A013A68
:1032D000062ABFD8A27A032ABCD813F0040302D16D
:1032E000023A012A03D8E27A012AB3D813B9A37C9F
:1032F000032BAFD8237DF8B1012BABD1237E012B5B
:10330000A8D818B36378D90702D500F077F920B3AD
:103310006378227D03F01803082B2ED1022A1CD1DA
:1033200003213046FEF772FA054660B30DF062FAEB
:10333000002834D00C268EE7022B8BD0A37D013BD6
:10334000022B87D8E37D0F2BD8D983E700F0E6F96D
:10335000820707D4237D022B01D111267BE7A37DB1
:10336000022BFAD000F0DAF94307CBD4237D032BEC
:10337000F3D0A37D032BC5D1EFE7022AD0D0237F62
:10338000002BCDD0E9E703213046FEF703FA0546CE
:10339000002843D0224B93F970100DF087FB0021D9
:1033A00030460DF0A4FF28BB28460DF02FFD214626
:1033B0003870E07428460DF011FCE37E0646002BC1
:1033C0003FF449AF00287FF446AF0246E96C6846F7
:1033D000FEF76EFB3246E86C01210AF068FBE96CEF
:1033E00068460422FEF764FB32463146E86C0AF078
:1033F0005EFB30E740300DF006F80028D4D063784B
:1034000013F0330F7FF426AFA67D2846296A0DF00E
:103410001FFDFFF75DFB8642C6D08BE707261AE744
:10342000980F002030B502798BB00346042A4FD89C
:103430004088B0F5804F4BD8264900241144ADF8A0
:1034400000408DF808408A7C4D7B42F010028DF8D8
:10345000244042EA4502CD7D097F42EA850242EAE4
:10346000C102694602F01F028DF80020BDF800205D
:10347000ADF809201A888DF80E00000A8DF80B208F
:10348000120A8DF80D408DF80C208DF80F008DF884
:1034900010405A7BD3F807008DF811205A79059017
:1034A00002A88DF812209A798DF81320B3F80B201A
:1034B0009B7BADF818208DF81A307F238DF81B30D8
:1034C0004FF00113CDE90734FFF7BEFE0BB030BD5E
:1034D0001220FBE7191D04000278034672B14278FE
:1034E00062B142881A2A09D982881A2A06D9006844
:1034F000034A106000209B88938070471220704719
:10350000980F002002680020014B9A61704700BFAD
:10351000980F00200378A3F10A02112A9BBF024AE8
:103520000020122093737047980F0020014B5874AD
:1035300000207047980F0020014B987400207047BE
:10354000980F0020024B1B6803B1184711207047E9
:10355000781A002008B5052000F09EF805F05EFE00
:10356000014B024ADA6608BD980F0020A92B010022
:1035700008B50122054B1A7104F04CF904F0D8FF8C
:103580000BF0D1FBBDE8084000F01EBF1C1000206E
:1035900010B50C20084C00F07FF8282000F07CF8D3
:1035A00004F1080005490BF075FB04F10C00044917
:1035B000BDE810400BF06EBB1C100020D0000020B6
:1035C000D800002010B5094C094904F108000BF09F
:1035D00061FB04F10C0007490BF05CFB04F11000E7
:1035E0000549BDE810400BF055BB00BF1C10002082
:1035F000E0000020E8000020F0000020014B1879D6
:10360000704700BF1C10002038B5074C0D4600F075
:10361000B7FEA06825600BF035FBFFF7DFFB01F07C
:1036200051F80123237538BD1C100020014B187D73
:10363000704700BF1C10002010B50C4CE0680BF068
:1036400021FB20690BF01EFBFFF776FB202000F02A
:1036500037F82F2000F034F8262000F031F8292028
:1036600000F02EF80023237510BD00BF1C100020B1
:103670000048704731100020004870473311002087
:10368000014B83F8190270471C100020014B93F87E
:10369000190270471C100020C208074900F00700FB
:1036A00001238340885C03438B5404490B78934285
:1036B00038BF13460B707047780000203612002088
:1036C0000F4B012110B503EBD002C40800F0070036
:1036D00001FA00F0195D21EA0001195509490B783A
:1036E000A34205D1002012F8014914B100B10B70BA
:1036F00010BD002BFAD0013B0120DBB2F3E700BF85
:103700007800002036120020014BD3E900017047F9
:10371000780000200048704780000020054B1868A2
:10372000C0F3C022C0F30020400040EA820040F015
:10373000010070477800002008B507F087FE0023DD
:10374000074A32F82310814205D302EB83029378B3
:10375000044A137008BD01330C2BF2D10023F7E7A4
:103760004C1D040037120020024B1878072828BF90
:1037700007207047371200202DE9F04F0468984663
:103780000F4685B094F86730164604F1A80994F8FE
:103790000FA043EAD303D90702D4BAF1260F5FD1B1
:1037A00094F8A850002F55D1FFF7B8FF8DF80B0003
:1037B000002E51D1FFF7B2FF2B4B8DF80C00D3F840
:1037C00000B0BBF1000F0CD0AAF1260228464946F2
:1037D000534253410DF10B02009303ABD84705460A
:1037E00030B99DF80B3013B19DF80C0028B90925AC
:1037F000BAF1260F2AD10020034694F8292132B1CC
:103800009B0700F002002DD560B302200346FF2283
:1038100084F8392194F8382102F0FF05F2B99DF8B7
:10382000382003A984F83B01484684F8382184F8FD
:103830003A31A4F83C818DF80C708DF80D60ADF82C
:103840000E800BF08AFA002384F83931284605B03F
:10385000BDE8F08F3846A9E73046ADE73A25F2E7F4
:103860001A25F3E70925F1E77C1A002010B5046852
:10387000B4F8AA3084F88411A4F8853194F82001B2
:10388000FFF736F984F8870194F82101FFF730F942
:10389000044984F8880104F27B10BDE810400CF064
:1038A000BDB800BF45ED01002DE9FF47046889461A
:1038B000054694F80EA0AAF1250359425941052A5C
:1038C00035D1E37B272B37D104F10F0799F801801D
:1038D00099F8026008F0070806F0070608F1FF33C0
:1038E000721E03EA0803324013431FD130460BF027
:1038F000CCFA60B394F82031984228D094F83A2159
:10390000164213D0BAF1250F21D094F8192116428E
:103910001DD10138013B474AC0B2DBB21044032B32
:1039200000790FD81A441379834210D9284604B07D
:10393000BDE8F0470BF071BABAF1250F77D104F169
:103940000E07C3E74FF4DD710620FDF735FB404657
:103950000BF09BFA40B194F82131834204D094F8E3
:103960003B3118EA030FE1D0B9F8039003AB2046CE
:103970003246009341464B460BF094FA2C6878BBD4
:1039800094F83831012B28D1E38804F5367294F885
:103990002011B4F83C010BF0E6FA0646D0B9014616
:1039A0002846FFF763FF2B6883F838613E702B6869
:1039B00003F10F02974201D10022DA732B6803F161
:1039C0000F0297422FD128460CF0FEF9002004B0D8
:1039D000BDE8F0872C23A373E9E784F83801E6E714
:1039E000E388A4F8D89209F1FF39A9EB030947F657
:1039F000FD731FFA89F9994506D92823284684F8CA
:103A0000313001F037F9D9E7E37B0D2B02D00A3BC7
:103A1000012B01D82A23F1E7BDF80C30A4F8DA32E3
:103A200029233B70CAE7002283F84E20CEE702200C
:103A3000CDE700BF7C1D0400034B002283F850201B
:103A4000A3F85220704700BF3A120020044B93F8AD
:103A50005020012A1ABF036001200020704700BFD8
:103A60003A120020064B024693F8501001291BBF62
:103A70000120A3F85220002083F85000704700BFB7
:103A80003A120020054B024693F8500028B113600B
:103A900011B1B3F852300B80012070473A12002068
:103AA000054B002293F85000A3F8522010B10120DA
:103AB00083F85020704700BF3A120020034B93F860
:103AC0005000B0FA80F04009704700BF3A12002061
:103AD00050B90A4A0120134603F8010B0868C2F8DE
:103AE00001008A889A807047012805D1034B0A6833
:103AF000D8719A608A889A81704700BF8E12002020
:103B000050B90B4B187888B1D3F80120B3F80530C1
:103B10000A6001208B807047012806D1044BD879B8
:103B200020B19A689B890A60F3E70020704700BFC4
:103B30008E12002010B9044B18787047012806BF78
:103B4000014BD879002070478E120020F7B58A8883
:103B500000238DF80600ADF8042008680B4A8DF8A4
:103B600007300146147802F5A872019DD8B284424C
:103B700001D8082007E052F8087F01335668AE42AA
:103B800008BF8F42F2D103B0F0BD00BFA0120020E9
:103B9000084B0146002230B51C7903F20713D0B25E
:103BA000844201D8082004E013F8015F01328D42FD
:103BB000F5D130BDA01200202DE9F8432B4C07466B
:103BC000257904EB000E013D9EF80861EDB28542B7
:103BD00025712BD04FEA05184FEA001C08F10803A5
:103BE0000CF108090CF1880C2344A144A4440FCB28
:103BF00089E80F0008F1880323440FCB8CE80F00FD
:103C0000631993F808218EF808210622554357437B
:103C100005F5887507F5887760596219E119E05153
:103C200092888A8093F840318EF840313046FFF711
:103C3000AFFF082818D12378013BDBB29E422370E6
:103C400012D02B3306F12B0204EBC30304EBC202A8
:103C500093E8030082E803002078FFF799FF082823
:103C60001CBF241884F80861BDE8F883A012002066
:103C7000F0B5254D89B095F8984105F2991168463F
:103C8000224609F067F9214668460BF015FA04460A
:103C9000B8B300EB400102A8C9B2FEF707F8631EF3
:103CA00095F8A1610124DBB295F8981105E0721C2A
:103CB000B2FBF1F001FB1022D6B206F120020DEBAF
:103CC000020010F8202C002AF1D103EB430100F888
:103CD000204C06EB460220312A44694411F8187C36
:103CE00082F8A27111F8177C11F8161C82F8A371E2
:103CF00082F8A411013BAA19DBB282F89941FF2B8B
:103D0000D2D109B0F0BD00BFA012002070B50646A8
:103D100088B00C46002A4ED0294A92F8A131D0181A
:103D200090F8991119B9FF212820FDF745F903EB07
:103D300043010133114491F8A251E57091F8A35168
:103D400091F8A41125716171002180F8991192F800
:103D50009811B3FBF1F001FB103382F8A13192F816
:103D6000C23123B9174902F5DD700BF054FE6579B5
:103D70000D220021684605F03F0545F040056571BC
:103D80000EF024F8E37804AA69468DF80F30304627
:103D900023798DF80D508DF80E3004230DF069FF56
:103DA0009DF81F3023709DF81E3063709DF81D3004
:103DB000A37008B070BD03216018FDF777FFD6E748
:103DC000A0120020713C0100044B1A79824286BF88
:103DD0001B1893F850010020704700BFA01200206C
:103DE000044B1A79824286BF1B1893F848010020C1
:103DF000704700BFA0120020074B00224FF46171F2
:103E00001A701A7183F8C32183F8C421A3F8C6116C
:103E100083F8C221704700BFA0120020014B83F835
:103E2000C4017047A01200202DE9F0478246894660
:103E300017469846FFF78AFE08280546064603D02F
:103E4000FFF7A6FE082860D1324C2379072B5ED8F5
:103E5000082D15D12678731C072E237003D96C21E9
:103E60002820FDF7A9F806F12B02D9F8000004EB91
:103E7000C20344F83200B9F8042083F806A09A80FF
:103E8000257907F110026B1C29012371CB1D2344F6
:103E900012F8010DBA4203F8010FF9D1873108F188
:103EA0001003214413F8012D984501F8012FF9D191
:103EB0002544102140460BF045F9102185F84801B2
:103EC00038460BF03FF985F808612679002385F81C
:103ED00050013146104885F840310BF0EDF80128CB
:103EE000054607D831460D480BF0E6F8002818BF04
:103EF0000135EDB284F898510025284684F8A15187
:103F0000FFF7B6FE2846BDE8F0871220FBE7072042
:103F1000F9E700BFA0120020E8130020F0130020F2
:103F2000064B10B51879013840B2002800DA10BDF0
:103F3000C4B22046FFF740FE601EF5E7A012002045
:103F4000014B83F8C3017047A0120020014B93F886
:103F5000C3017047A0120020431E4AF2B7129BB261
:103F600093429DBF024BA3F8C60101200020704779
:103F7000A0120020014BB3F8C6017047A012002028
:103F80000A4B30B51C7984420ED9184490F80801C8
:103F90002B3003EBC004A5790D7053F8300010608E
:103FA0000120A388938030BD0020FCE7A0120020F0
:103FB0000246074810B590F8C34124B1017921B1F8
:103FC000083005F09FF9204610BD0C46FBE700BF06
:103FD000A01200202DE9F74F2F4C9A4680468946C3
:103FE0002379834256D9231893F8485185F0010567
:103FF000F9B193F85031E3B945F002070135BAF150
:10400000000F18D1FA070AD5062104EB0810524612
:1040100001FB0841883001F58871FFF777FEBB0787
:1040200034D504EB0810524649460830FFF76EFEBF
:104030002CE02F46E3E794F8A1614FF0010B002D2F
:10404000E0D0A31993F89911019399B90092DAB1CC
:1040500000F008FB019B06EB4601009A4FEA102C8A
:1040600083F899B1214481F8A201000C81F8A3C121
:1040700081F8A401013694F89831013DB6FBF3F1C3
:1040800003FB1166F6B2DAE747F00407384603B0DF
:10409000BDE8F08F0027F9E7A0120020074B1A793E
:1040A000824209D91A1892F848212AB9062202FB3D
:1040B000003000F58870704700207047A012002083
:1040C000064B1A79824281BF1B1893F84001B0FA5F
:1040D00080F0400998BF0020704700BFA012002068
:1040E000F8B50E4607460621154630460BF02AF86D
:1040F000044670B10C4B0022187903F23F13D1B281
:10410000884202D801242046F8BD013203F8015F3D
:10411000F5E7314638460AF0EBFF0828F3D0024BAA
:10412000034483F84051EDE7A0120020034B80F8D0
:1041300080101B680BB1408818477047801A002018
:104140000B2808B504D940F229112920FCF734FFC7
:10415000014B33F8100008BD841D0400036830B51E
:104160000024D3F8C80042F21075A3F84040A3F829
:104170004640B3F848404443B4FBF1F4A3F8484048
:104180004C1E05FB0242B2FBF1F2A3F84220094AA1
:10419000B2FBF1F20132A3F84C209A8F05FB0244E6
:1041A0005A6B5043B4FBF1F4B0FBF1F09C635863DD
:1041B00030BD00BF005A6202054B1B7833B9054B76
:1041C0001A681B7902600371012070470020704754
:1041D0006814002088000020054BFF221A70054A51
:1041E000016811600179117100221A70704700BFD7
:1041F000681400208800002007B5064A106812796C
:10420000009068468DF80420FFF7E6FF03B05DF8E4
:1042100004FB00BF0A6104000346084671B13F2B4E
:104220000BD8074AD35C03F07F02914205D08CBFC4
:104230000120002000EAD31070470120704700BF22
:104240009C1D0400FF230B7002234B7083238B7093
:10425000014B1B78CB7070476C1400202DE9F84F90
:10426000D0F804800C46D8F81C60304609F00BFBEF
:10427000054620B94FF4AA711020FCF79DFE0146B7
:10428000304609F00EFBB5F800B082461FFA8BF7F6
:1042900017B94FF4AC71EFE7224B00F103091B682B
:1042A000D3B998F8023098F803202370637802F0AD
:1042B0000F02A4F802B023F00F03134323F0C0034E
:1042C00063709AF8003003F00303012B0FD0022B28
:1042D0000DD04FF4BB71CFE73A464946B8F802001B
:1042E000984705460028DCD12846BDE8F88F62785B
:1042F000304663F30512627009F0DDFA054610B925
:104300004FF4C071B8E7FB2F02D940F28F11B3E729
:104310003A464946201D08F01DFE304609F022FAB3
:10432000E2E700BF841A002038B5134C10220021A8
:10433000201D0DF04BFD0125257404F1080310220A
:10434000002104F11400C4E901330DF03FFD84F8AD
:10435000205004F11803094AC4E9053300236362BD
:10436000A36284F82C30C4F82D30C4F8313084F8BE
:1043700035301360A36338BD6C140020841A00200C
:1043800010B5084C2378FF2B04D040F2991110206F
:10439000FCF712FE08F04AFD2070BDE81040FFF760
:1043A000C3BF00BF8D00002010B5034C207808F07B
:1043B00057FDFF23237010BD8D000020014B18789E
:1043C00008F05EBD8D000020014B024A1A60704764
:1043D0008C1A00205D4201002DE9F341DFF8948141
:1043E000054608F11407D8F80830D8F81840227AA2
:1043F000012A22D1D8F8382052B1137A1BB9BF2133
:104400001020FCF7D9FDD8F83840C4B9002093E05B
:104410001A7A012AFAD01C46534AEFF3108172B679
:1044200050680068506001B962B6A34208BFC8F87E
:104430003840237A1BB9EE21E2E73A46EDE7267AC7
:10444000F6B205232372731E0B2B7ED8DFE803F030
:104450007A062336773F4E3F3F3F3F6B636813B981
:104460004FF40371CCE72046294698470420EFF328
:10447000108272B6237A052BD9B24FF0000369D1AE
:104480002372D8F83810A14201D1C8F83830002A78
:1044900045D162B643E0636813B940F21521AFE736
:1044A0002946204698470346ADF80400C0B2C3F33E
:1044B0000723012B3ED0022BD9D129E0636813B921
:1044C00040F21D219CE7204698470020CFE7274B6C
:1044D0001B68002BF9D03246606829469847A6F140
:1044E0000A020420534253415B00E4E763680BB9BE
:1044F000FE2185E786222A7001225988AA706A71F6
:1045000000229869A5F80310AA7109F02BF904207C
:10451000D8F83830A34202D10023C8F83830002838
:104520003FF461AF08E0124B294620461B689847CC
:10453000034668B9267298B102B0BDE8F0814FF425
:1045400015715DE740F257215AE740F25A2157E7CB
:104550000220DDE711B940F27B2151E7184696E7CA
:10456000002B7FF440AF51E770140020881A002020
:104570008C1A00206C140020134610B5027A22B168
:1045800040F202311020FCF717FD0A4601460248AE
:10459000BDE810400BF01CBA70140020044890F8DD
:1045A0002C301BB9034924300BF02FBA704700BFE1
:1045B0006C140020C1F901000346064890F83C2025
:1045C0003AB190F8352022B9034900F82D3B0BF0A1
:1045D0001CBA70476C140020454201000A4610B511
:1045E000037A23B140F20A311020FCF7E5FC0146C2
:1045F00007230248BDE810400BF0EAB98014002000
:104600001346027A0AB1037270470A46014601480E
:104610000BF0DEB97014002001490BF0FFB900BFA8
:1046200023FA01000B8BA2F809001046A2F80B3008
:104630004B8BA2F80D308B8BA2F80F30CB8B02493D
:10464000A2F811300BF0E4B981FA0100014B18789F
:10465000704700BFA9140020014B1878704700BFB5
:104660008E000020094AD2E90003434083EAB011DA
:1046700081EA43214FEAF34311605360044B5843EE
:104680004FEAF06000EB8000704700BFAC140020E0
:10469000BB79379E094AD2E90003434083EAB0114F
:1046A00081EA43214FEAF34311605360044B5843BE
:1046B0004FEAF06000EB8000704700BF90000020E0
:1046C000BB79379E10B50A4C08210948FDF7EEFA70
:1046D000D4E900321343F7D0064CFFF7DBFF20602C
:1046E000FFF7D8FF236860601843F6D010BD00BF05
:1046F00090000020AC140020174B184A9A60184A0A
:104700005A60184A1A60184A9A62184ADA62184AB5
:10471000DA60184A9A61184A1A63184A1A62184AE3
:10472000DA64184A9A64184A5A62184B184A9A600E
:10473000184A5A62184ADA62184A1A61184A5A61C3
:10474000184A9A61184A1A63184A9A64184ADA642D
:10475000184A9A63704700BF901A002071FE01004A
:1047600097FE0100C3FF010061010200BD010200CC
:104770009D4D0100CF01020065500100BD4E0100BA
:10478000A1020200C7020200194F0100901B002085
:1047900087FE010067020200ED0102009D01020098
:1047A0000D0202004D4E01006D0302000B030200DA
:1047B000F702020051020200044B054A5A65054BFC
:1047C000054A1A65054A5A65704700BF901A0020CD
:1047D000BD040200901B0020A7040200E7040200B1
:1047E000054B064A9A65064A1A66064B064A9A65BA
:1047F000064ADA65704700BF901A002019F00100E0
:10480000A9380100901B002073EE01005BF001004D
:10481000F7B5044601A80F46FFF718F920B94FF481
:10482000AA615120FCF7C8FB5022002101980DF02D
:10483000CDFA019D3F2F2E4606F8037F43D83F2F28
:1048400044D8DFE817F046004C006C0075008D007E
:10485000740174019A00B3009E0074017401A300F6
:10486000AF00B30043004300B70074017401CC00F3
:10487000CC00E300E300EA00430043007401EF00D2
:10488000FC00000104010B010D010F0111011B01CE
:10489000250154015601430043002D015E015C01D6
:1048A00046013C013E014001420148014C014A01E0
:1048B0005001740143004E01440152016001620144
:1048C000430058015A01FF2F00F0258140F2445166
:1048D000A7E7214630460BF0E1FBC0B9BBE02668F4
:1048E000D6F838326B6096F83C322B72206890F81C
:1048F0009F3033B90BF0A9FA2368DB881844A6F877
:104900003E02B6F83E3208206B721B0AAB72FFF70C
:10491000A9F8002840F00D8140F2575181E7236843
:1049200093F8A82052BB93F82D3102202B71EEE7AB
:1049300023681720D3F880226A60D3F88422AA6003
:10494000B3F88822AA81D3F86022C5F80E20D3F8E4
:104950006422C5F81220D3F89030C5F81630D6E797
:1049600022680D20D2F8FE316B60D2F80232AB60C3
:104970002368D3F89430EB60C9E7236893F8A0303C
:10498000D3E73146204600F033FBA6E7112306208B
:104990002B7159236B710023AB718023EB71302392
:1049A0002B72B4E7236893F89A30BEE7304600F0E4
:1049B0000DFB92E7236893F8A82052B993F8A02042
:1049C0003AB193F89D202A7193F89C3003206B71C3
:1049D0009DE793F89B202A7193F89A30F6E72368B5
:1049E0000920B3F80C212A71120A6A71B3F8A220C7
:1049F000AA71120AEA71B3F808212A72120A6A72BD
:104A0000B3F8A030AB721B0AEB7280E7236893F80F
:104A10003A212A7193F83B31D8E7214630460AF013
:104A2000BEFA5AE723681121B3F8AA00FCF7EEFE9C
:104A300000F15B0130460AF016FF232067E730469D
:104A40000CF077FC49E730460CF07CFC45E73A4B2C
:104A50001B68002B5BD140F24951E2E6374BF7E788
:104A6000374BF5E7374BF3E7374B1B68002BF2D09A
:104A70002320224631469847042048E7324B1B68E2
:104A8000002BE8D0224631462420984705203EE7F7
:104A90002D4B1B68002BDED0224631462520F4E743
:104AA00023681121B3F8AA00FCF7B0FE00F17D02E3
:104AB00000F15B0130460AF0E2FE2B2027E7234B92
:104AC000C6E7234BC4E7234BC2E7234BC0E7234B86
:104AD000BEE7234BBCE7234BBAE7234BB8E7234B96
:104AE000B6E7234BB4E7234BB2E7234BB0E7234BA6
:104AF000AEE7234BACE7234BAAE7234BA8E7234BB6
:104B0000A6E7234BA4E7234BA2E7234BA0E72146CC
:104B100030469847E1E62368304693F8CF22D3F831
:104B2000D0120AF06DFE236893F8CF02D5E601207B
:104B3000EDE603B0F0BD00BF901C0020981C0020E3
:104B4000941C00209C1C0020A01C0020A41C002001
:104B5000A81C0020AC1C0020B01C0020C41C00209D
:104B6000CC1C0020B41C0020C81C0020D01C00203D
:104B7000B81C0020BC1C0020C01C0020DC1C002035
:104B8000E01C0020E41C0020E81C0020D41C0020B5
:104B9000D81C0020EC1C0020F01C00203F289ABFED
:104BA000024B53F820000020704700BF901A0020ED
:104BB0003F289ABF024B53F820000020704700BFE7
:104BC000901B002030F8023CF7B504460E46B0F8C2
:104BD000825073B101226846ADF801508DF8002073
:104BE000ADF80330FEF742FA18B195216320FCF7C7
:104BF000E3F91C4B1B6813B1A4F1280098471A4B2A
:104C00001B680BB128469847184B1B680BB1284608
:104C1000984783230027A6F803503370B770637A50
:104C2000D4F89C00737108F0A7FD08B9BA21DDE73C
:104C300039462846FCF700FE02212846FCF7FCFD19
:104C400018B90B4B1B6803B198474FF40173002050
:104C500003F004021B0A62F3070063F30F2003B0A2
:104C6000F0BD00BFF41C0020F81C0020001D002037
:104C7000FC1C0020F7B5056804464FF6FF77D5F811
:104C8000C0600DF102010DF101023046ADF8027075
:104C900008F021FD01A9304608F03FFD48B1019818
:104CA00008F007FE2168A83100220272FFF796FC87
:104CB000E7E7044905F1280003B0BDE8F0400AF039
:104CC000A7BE00BFC54B0100F0B5044685B00D4638
:104CD000FF2600F8E96C10F8EA3CF3B1174F3B7877
:104CE0001BB162211F20FCF767F90C21381DFCF76E
:104CF000DDFF3E70002304F8E93C8A232A4602F8CF
:104D0000033BD4F80930C5F80330D4F80D305360B4
:104D1000D4F81130936005B0F0BD01A80C21FCF768
:104D2000C5FFA4F51773039A1A6001AB03CB44F8CF
:104D3000F20C44F8EE1C04F8EA6CDBE7B414002033
:104D400010B5054C23782BB90C21201DFCF7AEFFC4
:104D5000FF23237010BD00BFB4140020024690F85A
:104D60000632BBB990F8073203F0FF010BB1002007
:104D70007047094B18780028F9D01970D9680433A6
:104D8000C2F8941003CBC2F8FE01C2F80212FF234E
:104D900082F8063201207047B4140020026870B512
:104DA000D37B04460D463BB1132B05D0113B0F2B93
:104DB0008CBF0120082070BDD2F8A430002B3BD15D
:104DC00092F8563013B920460AF0ECFFD5F80B30B4
:104DD0002268C2F8F631D5F80F30C2F8FA312368EC
:104DE000D5F81320C3F89020B3F8AA20A3F8F9222D
:104DF000D5F80120C3F8FB22D5F80520C3F8FF221F
:104E00002368B5F809200025A3F80323236883F855
:104E1000BE5183F8065220680B4900F53C700AF039
:104E2000F4FD2668204608F065FF162286F86E001D
:104E300028462368DA73BEE720460C220321BDE82A
:104E400070400AF0D5BF00BFC94C0100036810B51F
:104E5000DA7B0446202A04D040F29D211F20FCF773
:104E6000ABF8002193F85620B3F8AA0083F8551048
:104E700082B1C3F8C91183F85610A3F8CD11A3F875
:104E8000CA0103F5E0700B490AF0BFFD2368002258
:104E9000DA7310BD0121A3F8B90183F8B82103F238
:104EA000AF1083F8BB1183F8BF210349A3F8BC21DD
:104EB000EAE700BF490102003101020038B5046889
:104EC00094F8A8501DB9E37B23B101201AE02368B0
:104ED000DB07FAD4D1F801200D4BD1F805101340AF
:104EE0000C4AC4F86630C3F307630A4043F0080372
:104EF000C4F86A2084F869300AF054FF1DB904230D
:104F0000E373002038BD236843F001032360F8E712
:104F10002FC904F76FDB008038B503689A7B042A39
:104F200034D1D1F801204C1CD1F80550C3F86620CB
:104F3000C2F30762C3F86A5042F0080283F869209E
:104F4000002283F84E209A73026892F8A8200AB9CA
:104F500083F83F2193F84021B2B993F8912102F0F0
:104F6000FF008AB9B3F8AA2083F8920103F28910EE
:104F7000A3F89321D1F801200549C3F8952162686F
:104F8000C3F899210AF041FD002038BD0120FCE75B
:104F900027020200036893F8402112B1094B1B68F5
:104FA000184793F891215AB9B3F8AA2003F289104F
:104FB0000549A3F893211A2283F892210AF025BD0E
:104FC000704700BF041D00202702020010B50446F0
:104FD000FEF79AFB044A054B024009200B40C4F837
:104FE0000120C4F8053010BD2FC904F76FDB008025
:104FF00037B50C460568FEF787FB0A4B0A4A0340A3
:105000000A4095F8661000930B4001928DF800302D
:105010006B4603CBC4F801000920C4F8051003B0A7
:1050200030BD00BF2FC904F76FDB008038B5DB044B
:10503000154604D5037D13B10023436338BD446B8B
:10504000013444630BF071F9836B9C42F6D3002367
:10505000034943632846BDE838400AF0DFBC00BF7F
:105060009502020070B504680546A37B94F8A86019
:10507000012B07D01EB9E37B23B1012038E0236860
:105080009807FAD494F857309A0713D44A78D80777
:1050900084F861204A88A4F862208A88A4F86420F1
:1050A00043F0020284F857200FD5164904F1580046
:1050B0000AF0B4FC94F85730D90710D4CEB9E37B8A
:1050C00043B153214020FBF777FF94F83E31002B8A
:1050D000EBD1EFE70123E37328460AF063FEA37BDD
:1050E0000020012B4FF0000304BFA37384F84E305F
:1050F00070BD23689A0701D55821E3E743F0020306
:105100002360E9E74B03020070B50568044604F02C
:10511000AFF8054B0146E8721B681BB12046BDE89D
:105120007040184770BD00BF0C1D0020024B1B686B
:1051300003B11847704700BF081D0020F0B51F4D90
:1051400000242B7814709BB1013B6D68DBB21E1BF1
:10515000012E0FDC05EBC40655F8347076688E42DC
:1051600008BF874227D0B84271EB060612D21470EE
:105170000020F0BD1E197710C6F3470655F837C05A
:1051800005EBC70E8445DEF804708F412CBF334613
:105190003446DCE705EBC30455F8335064688C42B1
:1051A00008BF854206D0A84271EB040428BF013332
:1051B0001370DDE71C4601201470DAE7D4140020D8
:1051C00010F0070208B503D063214820FBF7F4FE76
:1051D00018B1034B197258601A70C80008BD00BF9F
:1051E000D4140020014B00221A707047D414002000
:1051F0002DE9F7430BF0E2F80DF1070206460D46E4
:10520000FFF79CFF90B90F490B780A7A9A420ED0AB
:105210004A681C469DF8077002EBC300A74209D3F9
:1052200002EBC7020133C2E900650B70012003B035
:10523000BDE8F08350E90289013C60E80289E4B2EC
:10524000ECE700BFD414002037B50BF0B7F80DF130
:105250000702FFF773FF58B10A499DF807300A7833
:10526000013AD2B20A70496801EBC3019A4201D8EF
:1052700003B030BDD1E902450133E1E80245DBB2BC
:10528000F4E700BFD4140020024B1879003818BF8F
:1052900001207047E4140020FF23084A0B700D23FF
:1052A0004B7082238B701368C1F803305368C1F8C8
:1052B00007309368C1F80B30704700BFEA14002034
:1052C0001622002101480CF081BD00BFEA14002025
:1052D000F8B51C4D04466B7D9BB390F8A83023BBFA
:1052E000D0E978760BF0A6F894F82021164B5230CE
:1052F00053F822304FF47A7203F2E733B3FBF2F340
:10530000DB19B4F8AA2046F100061B182A8046F1E2
:1053100000066B60AE60E38805F10C0002220B49C9
:105320006B80BDE8F840FFF76BB94B0609D5B0F8C4
:10533000AA302B80D0F880326B60D0F88432AB601A
:10534000E9E7F8BDEA140020C81F040099520100E3
:10535000094B53F8203003F5224370B5B13316469C
:105360004FF47A720C46B3FBF2F5344405F058F86A
:105370002C44204470BD00BFB41F04002DE9F04F41
:1053800098468BB0002304460F460392069390F88C
:1053900021B109F0D5FC054694F82B01FEF7D0FEAB
:1053A00005440BF047F8E37B00F14806ADB2472B0C
:1053B00047D00D2B45D094F80E90A9F14701D1F1BB
:1053C000000949EB0109039B002B40F08580637BBA
:1053D000032B40F08180B9F1000F6AD0B4F8D832C5
:1053E000BB4266D1D4F820322046B4F8F421C4F888
:1053F0001032D4F8C830C4F81432B4F892321344DE
:10540000C4F8183203F096FE94F829A1BAF1000FFF
:1054100009D0D4F8E02241F64B539A428CBF4FF0AA
:10542000000A4FF0010A94F8EC326BB9D4F8C820A6
:10543000D4F8E0329A4221D0B4F8AA000BF098FFD9
:105440001CE04FF00109BEE7B4F8AA000BF08DFF95
:1054500020B940F241713020FBF7AEFDB4F8E832DC
:105460004FF0000AA4F8DE30B4F8EA328381B4F8D1
:10547000D832A0F80EA04381013B038294F82A3170
:10548000002B53D1BAF1000F53D1D4F8DC3284F899
:105490002AA1C4F8D830B4F8DA32A4F8DC30D4F851
:1054A000E032C4F8C830D4F8E432C4F8D030022373
:1054B0006373A17B29294BD0A1F12C0251425141A8
:1054C000E27B292A00D039B1B4F8D832FB1A1B0488
:1054D00002D4204602F0D2FFB4F890A204F518736B
:1054E000B4F806C0A7EB0A0A0293A7EB0C0C94F8D9
:1054F00021010FFA8AFA0FFA8CFCBAF1000FBBBF38
:10550000D4E99E23E2464346C4E9A223B8BF002360
:10551000627BBCBF84F833320123032A00F2B381DB
:10552000DFE812F0180028016E004C01BAF1000FFC
:1055300007D04FF04D13C4F8E0300023A4F8E43056
:10554000A3E74FF09613A4F8E4A0C4F8E0309CE77A
:105550000121B5E7014694F8ED0109F04EFE8246BF
:10556000D4F8D8002946504405F024FF2946C4F851
:105570001C02D4F8C80005F01DFF07A9C4F82002DA
:1055800008A804F0A5FE079B0093DDE90823D4E9F1
:10559000A2010BF0E6FF054604F1A8000AF0D3FFD4
:1055A000D4F8943294F82101D4F8D8B0069304F0DA
:1055B0003FFF069B00F52240D4F81C124FF47A728C
:1055C000203BB1305B445B1A30319B1BB0FBF2F0E7
:1055D000534432465B1B1B1A94F821010693B4F81E
:1055E000DC3003EB4101FFF7B3FED4F89422069BB5
:1055F000C4F824029B1AB92B5CD840F2C6412AE7B2
:10560000D4F8D8302946D4F81402184405F0D2FE54
:105610002946C4F81C02D4F8C80005F0CBFEC4F833
:10562000200204F1A8000AF08EFFD4F8D830D4F894
:1056300014521D44B4F8F431002B40F09780B8F1B7
:10564000000F00F0938094F8210104F0F1FED4F8EB
:105650001C12D4F8803200F522406D1A94F82121F2
:10566000B130203D1D44A54B53F822204FF47A73EE
:1056700002F2E732D4E99EABB2FBF3F2A5EB0A05E6
:10568000B0FBF3F01544AD1B2D1AD4F81032D4F84A
:10569000182294F8210102FB0311B4F8DC303246E1
:1056A0000695303103EB4101FFF752FE0123C4F8A8
:1056B00024026373D4F8C85004F1E800D4F820320F
:1056C000723D0699ED1AD4F82432AD1B9D4228BFD5
:1056D0001D46002384F86032C4F8F051D4E9A232A8
:1056E0005B1842F10002C4E99C320AF013FA042369
:1056F0002844A4F8907284F86932C4F86402D4E9AA
:105700009C23C4E9A22302F0DDFF20B1D4F8643267
:105710001E33C4F86432B4F8E031DB1B18B2002841
:10572000D4BF002301235B0084F86832B9F1000F75
:1057300040F0AC80B8F1000F40F0AB80637B002BF1
:1057400000F0C380D4F8C81004F51870D4F82032E3
:10575000C91A09F003FD80B2002800F0B680149B3E
:1057600003B1188001200BB0BDE8F08FD4F81C12F3
:105770006D1A8AE7D4F82022D4F8C830D4F8181269
:105780009B1AD4F810520AFB03F30693B4F8F431D1
:105790009C44D4F81C32ACEB010C30330CF1FF3CD0
:1057A00005FB0133B4F8DC1002FB0C33324601EB8D
:1057B0004301FFF7CDFDC4F824027BE7D4F8C820ED
:1057C00002FB0AF20692B8F1000F1CD0B4F8F411F3
:1057D000C9B984F83312D4F8201201FB1A2EB4F898
:1057E000F4A10291CDF818E06BB3BAF1000F2AD101
:1057F000D4E9A051D4E99E23AA4273EB010108D356
:1058000040F20D5127E694F8331200297FF452AF8D
:10581000E1E73A4B203D53F82B104FF47A7BD4E963
:105820009E23CDE9042301F2E73301F52241049AD6
:10583000B131AD1AB3FBFBF3B1FBFBF11D446D1AA3
:10584000AD1B75440695029BE244324603FB0AFAFF
:105850000AF1300A4FEA4A0A5146FFF779FD41F64C
:105860004B53C4F82402D4F8C80098423FF622AF44
:1058700006AB32465146009304F5097309F0D9FC92
:1058800084F8330216E740F22551E4E5B8F1000F41
:105890001BD0B4F8081239B3B4F80A2294F80C32C9
:1058A000551CA4F80A2202FB033399420DDD00289F
:1058B0000BDD0023A4F80A5284F86832FEF7D2FE0A
:1058C00000F00700013084F80C02394608A808945B
:1058D00008F015FA04F5187104F50E7006F014FDC1
:1058E00020B940F27551B6E50A46D7E7039B83F02D
:1058F000010384F83032002035E700BFB41F0400F4
:10590000F0B5044685B018B9A5213020FBF754FB4B
:10591000052900F2D780DFE801F003D03530D5CB80
:1059200090F83032C288FBB1B0F82E32934208BFF3
:10593000B0F8E4319A1AA0F8E621E3802046D4E9D1
:105940009C23C4E99E2302F001FE94F85030002B02
:1059500000F0AC805C4B1B68002B00F0A780204659
:1059600005B0BDE8F0401847B0F82C329B1AA0F8FB
:10597000E631B0F82C329BB2DFE705B0BDE8F0406D
:1059800004F0B2BC0BF0E5FDD4E99E23801A61EB74
:105990000301012871F1000302DA4FF4C061B4E79A
:1059A0006FF0010383424FF000038B4102DA40F2B3
:1059B0000161AAE7D4F8C8300BB1B0FBF3F3E07B88
:1059C000B4F82E2247280ED0A17B463901290AD9E6
:1059D0000D2808D0E1880B449BB2D11A0D0443D5A1
:1059E00001339BB242E00132A4F82E22B4F8923285
:1059F00003AEE5880133354FA4F89232B4F8423053
:105A00001D44B4F84030013DED1AADB23B685BB1C6
:105A1000B4F82E1200222046013989B29847B4F812
:105A20002E321844A4F82E02B4F82E126B1A180461
:105A30002CD40023204600961A46FFF79FFC01282D
:105A400034D1B4F82E22B4F8E011BDF80C30134470
:105A5000521A12049BB204D5EA1A12F4004F18BF6E
:105A60000B46A4F82E32D1E7013293B2A4F82E32BD
:105A700094F83132002BB9D1B4F8E431B4F82E22C5
:105A8000934204BF0133A4F82E32AFE7A37C304623
:105A90000394002B14BF08233E2384F83130FFF712
:105AA000E9F820460BF0D1FB0023637305B0F0BD8D
:105AB00005B0BDE8F04008F0D4B8437B042BF3D028
:105AC000C62122E7CB2120E7101D0020181D002051
:105AD0002DE9F8430E46044618B9D3213020FBF7D0
:105AE0006BFA052900F2A780DFE801F00376413D5B
:105AF000A52E0BF0DAFDC4E95001204602F0A0F813
:105B0000D4F83401A4380BF026FD20460BF089F9B7
:105B1000054600BB014620460BF00EF800F1AE062C
:105B2000D4F83401B04209D2301A0321192838BF01
:105B300019200BF08CFD60B10BF00FFDC4F834613F
:105B400020460BF0A7F945B12046BDE8F8430BF01D
:105B5000A2B90125F2E70025F2E7D4E95023C4E910
:105B60004A23BDE8F883BDE8F84304F0BDBB0BF061
:105B700024F804238146884684F839310BF0E9FC87
:105B800007220F46A9FB023102FB0811D4E94A5251
:105B90005B1941EB0205D4F810213AB159EA080229
:105BA00004D0984277EB050228BF012684F83861BB
:105BB000D4E95226121A66EB070694F8581139B93F
:105BC000012A76F100010BDA204602F041F803E0E9
:105BD000012A76F10006F7DB002384F85031C0E794
:105BE000984277EB05010FD259EA08080CD01B1A2E
:105BF00065EB07019A4276EB010005DB012B71F1A1
:105C00000000A4BF1A460E460C49012304F1E80027
:105C1000914284F851314FF0000384F83031B341A0
:105C2000B8BF0A4604F5987106F0E6FB002898D143
:105C300040F2B16152E7EF2150E700BF0040420F50
:105C40002DE9F84304460E46154690F8503103F00E
:105C5000FF07002B40F0918000F1E80839467822D8
:105C600040460CF0B3F82246454940460BF09AFDF9
:105C7000C4F81061FF2384F8503166B1FEF70AFDC5
:105C800000F0070032463F49013086F80C0206F565
:105C90000E700BF087FD40F20243A4F83831002368
:105CA00084F8303105F0DCFB00F1490620460BF0AA
:105CB000B8F80146B6B2B0B309F042F800F12801D5
:105CC000284689B205F076FB2844AE3DC4F834017D
:105CD0000BF03FFC301841F10001C4E950010120F4
:105CE00084F814010BF0A5F92D1AC4F818514FF0DF
:105CF000FF356FF000414046D4E95023C4E95251CA
:105D0000002504F59871C4E94823C4E94A2384F8BE
:105D1000515142F2107206F06FFB38BB4FF4DC7148
:105D20003020FBF749F92046DFF85C900AF004FFC9
:105D3000AE30C4F83401B9F8000048B1E08C38B195
:105D4000FEF7A8FCB9F80030B0FBF3F202FB130039
:105D500006440BF0FEFB361841F10001C4E9506126
:105D6000002DC4D0AD1941F10001C4E729462046F9
:105D70000BF093F83846BDE8F8830C27FAE700BF2C
:105D8000D15A01000159010000150020F0B500238F
:105D900085B0CDE9003303238DF806306846FBF764
:105DA0006FFD88B10123114EB3700023CDE902339A
:105DB00002238DF80E3002A8FBF762FD044638B1CD
:105DC0000023B37005B0F0BD00980AF012FCE5E7BF
:105DD000029D6B7B002BEED005F50E7738460BF05D
:105DE000DDFB38460BF0E6FB6C73E4E700150020A2
:105DF000044B0022DA709A7042F210721A80FFF798
:105E0000C5BF00BF00150020014BD870704700BF10
:105E10000015002008B503F0D1FE044B5A688242F9
:105E20002ABF9878002080F0010008BD00150020EE
:105E3000F0B5044685B090F8503003F0FF05002B14
:105E400068D1437B032B65D10BF083FBD4E99E2300
:105E5000801A61EB0301012871F100035ADB6FF036
:105E60000103834275EB010104DA40F2A9513020AD
:105E7000FBF7A2F8D4F8C820E3880AB1B0FBF2F22D
:105E8000013313449BB2A4F82C32B4F8E431B4F8D3
:105E90002C229B1A1BB2002B3CDD04F50E700BF07C
:105EA0007DFB002836D0FF2384F83132B4F842302D
:105EB0000DF10E07E588184E1D44B4F84030013D41
:105EC000ED1AADB2336863B1B4F82C12002220464B
:105ED000013989B29847B4F82C32184480B2A4F83A
:105EE0002C02B4F82C32EB1A1B0413D4B4F82C1285
:105EF00000230122204689B20097FFF73FFA0128CC
:105F000008D1B4F82C32BDF80E2013449BB2A4F88B
:105F10002C32D7E705B0F0BD181D00202DE9F7435E
:105F20000446062900F2A980DFE801F004251422C6
:105F3000282DA100524B9B7803F0FF0253B9009229
:105F40000123B0F8E411FFF719FA28B140F2CD614E
:105F5000302031E00423637304F038F806F0C0F910
:105F60000023E288A4F89232A4F82E2284F8313279
:105F700003B0BDE8F08303234373F9E70BF03EFA67
:105F8000C4E9A001F4E73F4B00F1A8081B681BB16E
:105F90004246D0E9A00198471321B4F8AA00FBF7C4
:105FA00035FC002861D094F82131022B5BD005D854
:105FB000012B08D0DC21B420FAF7FEFF033B012BB4
:105FC000F8D81E3000E00A30858894F82101DFF807
:105FD000B090C31E012B8CBF002728270AF09CFA23
:105FE0006430D4F82022373FA842FFB234BF2B1AC6
:105FF0000023D4F8C85099188D428ABFAD1A0025E5
:10600000ED1A99F8033023B9D4F8E8309D4228BF3F
:106010001D46D4F8F06104F1E80009F07BFD064468
:1060200002200BF0EAFA0221AD1B25EAE575854254
:1060300028BF054628460BF00AFB10B12E440BF092
:106040008CFA01233A463146404609F06FFED4F8F7
:10605000F031C9F80400D4F8C800184403B0BDE812
:10606000F0430BF078BA1430AEE79625ADE7A830D0
:1060700003B0BDE8F0430AF066BA40F29B7167E7EF
:1060800000150020141D0020014B1880704700BF30
:1060900000150020044B1A78012AD0B203D01878DA
:1060A000831E584258417047081500200C4B4FF48E
:1060B0007A7253F82130023903F2E733C9B2B3FBE5
:1060C000F2F3022900F1FF3210B54FEAC21296BF77
:1060D000044CF02134F81110134400FB013010BDC2
:1060E000C81F0400201E0400D928F0B5054628BFAB
:1060F000D925BDF814600446303501F5A57006F0C9
:106100000207ADB2FF2D28BFFF2516F0010621D1F1
:106110000FBB002B00F0C580911EC9B2022996BFAB
:106120007B4D40F6480135F811100844D92C7FD931
:10613000D93C951EF721A4B2EDB2002B00F0CF8020
:10614000F634022DB4FBF1F400F2C680714B33F843
:1061500015306BE0EFB1911EC9B2022997BF6E4DA9
:106160004FF4147105EB4101C9880144D01E012888
:1061700037D801F614409830002E3BD0023AD2B204
:10618000022A97BF644BC02303EB42035B8A184487
:106190004EE053B1911EC9B2022997BF5E4D40F641
:1061A000480105EB41018989DFE7032A05D1691D13
:1061B00089B2890101F5C871D7E7042A05D1691DA3
:1061C00089B2090101F5BF71CFE7022A0BBF05F1C2
:1061D0000B0105F10A0189B289B20CBF8900C9001F
:1061E000C3E7022A01F19C0114BF4FF4B070B42040
:1061F0000844C0E7EBB1911EC9B2022996BF474DD2
:1062000040F6480135F81110D92C084410D9D93C72
:10621000951EF721A4B2EDB24BB3F634022DB4FBB8
:10622000F1F459D83C4B03EB45031B8B03FB0400F3
:10623000F0BDF12C214628BFF121032A05D11331ED
:1062400089B2890101F5C871DEE7042A05D113314D
:1062500089B2090101F5BF71D6E7022A0BBF1931D6
:10626000183189B289B20CBF8900C900CCE7B4FBF0
:10627000F1F3022DDBB239D8294931F8151001FBB1
:106280000300C3EB4311C3EBC103E41AA3B2002B19
:10629000CED00833032A9BB22BD19B0103F21A43C1
:1062A00075E7032A06D10535ADB2AD0105F5C87510
:1062B00028443BE7042A05D10535ADB22D0105F58B
:1062C000BF75F5E7022A0BBF0B350A35ADB2ADB28B
:1062D0000CBFAD00ED00EBE740F69213A6E7B4FB70
:1062E000F1F3022DDBB201D80E49C6E740F6921158
:1062F000C5E7042A03D11B0103F5467347E7022AC9
:106300000BBF9B00DB0003F5BB7303F5CD733EE7CA
:106310002C1E0400381E0400201E04002C1E040045
:10632000381E0400381E0400294B5A6A10B5D2F8F2
:106330000F30C0F8CC30537D117D1B0443EA01239C
:10634000D17C0B436FF45061C0F8D430B2F81930EF
:10635000591806298DBF40F2E241A3F550634FF46E
:106360007A714B438EBF00214B430121C0F8C830E6
:1063700080F82A11937DF9B103EB830303EB8303C8
:106380009B00A0F8DC30B2F81730F1B164214B4328
:10639000C0F8D830B2F81B30A0F8D030B2F81D30B9
:1063A000A0F8D23092F8243003F01F025B0980F885
:1063B000232080F82B3110BDC3EB431403EB84037F
:1063C00003EB83035B009BB2DBE740F2E241DEE7D5
:1063D00008150020032937B5144617D19B0103F592
:1063E0003473417990F844500139C9B203291AD85D
:1063F000194A0A44907FE201CA3203FB0422174B78
:106400009A4215D940F296712D200FE0042903D14C
:106410001B0103F5E773E4E702290BBF0B330A33D3
:106420009B00DB00DDE740F24E310620FAF7C4FDA9
:106430001E23B2FBF3F205F03F03110AD2B241EA88
:10644000401143F04003002063F3070062F30F2084
:1064500061F3174003B030BD201E0400C3BF03002A
:106460000346074A506AD3F86920C0F80320B3F8FE
:106470006D20A0F8072093F8681009F049B800BF14
:1064800008150020D0F8803073B50BB101221A60D6
:106490004388DB0727D50023144E056ACDE9003376
:1064A00002238DF80630FF2333776846FBF7E8F9BF
:1064B000C8B9009CA542F8D005F1B40395F8B32003
:1064C00004F1B40194F8B30008F0D8FD0028ECD032
:1064D00094F8AC30B4F8B1203377D4F8AD30C6F8C6
:1064E0001D30034B9A8002B070BD00BF081500201C
:1064F0002515002038B5084D044600F16901062332
:10650000686A002209F0E3F894F86810686ABDE848
:10651000384008F0FDBF00BF0815002007B50AF09D
:1065200001FF8DF807000548012306220DF1070140
:10653000406A09F0CCF803B05DF804FB08150020B0
:10654000034B586910B1403009F04EBF704700BF8F
:1065500008150020034B986910B1403009F044BF82
:10656000704700BF0815002070B504460E4613465C
:10657000407F6588324615F0040118BF04F17701A9
:10658000FDF728FD4107054621D4C2070BD501239D
:10659000607F84F86830FDF781FD0368C4F86930D6
:1065A0008388A4F86D30AB0701D4012070BD094B7E
:1065B0000121586AD4F8773084F87610C0F8093091
:1065C000B4F87B30A0F80D3008F0ABFFEDE7002009
:1065D000ECE700BF0815002010B50446084694F803
:1065E000D8306BBB2378082904F1DB0284F8D9305A
:1065F00016D004F1DA01FDF7C3FC20B94FF477613E
:106600002D20FAF7D9FC94F8DA3043F0020384F82D
:10661000DA3004F1D0000B49BDE8104009F0F5B9BB
:10662000094B586A034613F8031BC1F3801184F821
:10663000DA10D0F80310C4F8DB109B889380E8E7E9
:1066400010BD00BF170802000815002070B50446F1
:106650000E461546FDF71AF898B92378A4F8C160DC
:1066600084F8C030637C84F8BF500BB194F8483094
:1066700004F1B60084F8C3300249BDE8704009F067
:10668000C4B970BD2B0A020010B504460E498C3007
:1066900009F0BBF90D4904F1C40009F0B6F994F80A
:1066A0009520B4F896102046FFF7D0FF084B002243
:1066B0001A70084B1B682BB12146206A0222BDE8E4
:1066C0001040184710BD00BFB908020001080200C1
:1066D00008150020201D002038B5B0F848300446C9
:1066E0001A4D0133C3F30E03A0F848302B7B2BB1B6
:1066F00003F08EFD02F05EFE00232B7300232B704F
:1067000094F889302BB101212046BDE8384009F0CA
:10671000D2BF637CBBB1B4F848209A4213D30121A5
:10672000204609F0C8FF63882046DB0747BF236A7D
:10673000432243224FF6FF7148BFB3F8AA10BDE8C9
:106740003840FFF783BF0021DEE700BF08150020B7
:1067500010B5FFF79FFC064C28B1237B1BB103F05B
:1067600057FD02F027FEA06ABDE81040FFF7B4BF56
:10677000081500202DE9F0410746FFF78BFC054680
:1067800020B940F682412D20FAF716FC214CA26A6E
:10679000166A0EB196F829611FB3616A02F16903A6
:1067A00092F8682011F8097BF80908F067FCC0B17D
:1067B0003146606A08F0DAFE98B1A56AFFF76AFC14
:1067C00010B940F65C41DEE723782846E26A07F01C
:1067D0000F0103F180435269013B52F8233098477F
:1067E0000546237B1BB103F013FD02F0E3FD7DB1F1
:1067F000A06A09F019FF30B103F08CFBE36ABDE831
:10680000F0419B681847A06ABDE8F041FFF764BFFC
:10681000BDE8F081081500200346074A906A03B9D5
:1068200009B9FFF759BF1378D26A03F1804312699F
:10683000033B52F8233018470815002003292DE99F
:10684000F043054685B0174607D14388980723D4FF
:106850000024204605B0BDE8F083428890F88830D7
:10686000D107DBB2F4D5002BF2D14FF00108DFF8ED
:10687000D49099F80C60C6B108F044FC0828387030
:1068800016D002AA0DF10701FDF77AFB38B940F6E0
:10689000F7612D20FAF790FB4FF00208E7E702A915
:1068A0009DF8070009F096FD06463B78082B08D1B5
:1068B000D9F8241011F8030BC0F3801009F08AFDF9
:1068C0000646D9F8241005F1700395F86F2011F8E9
:1068D000030BC0F3801008F0D1FBD9F82410044654
:1068E00011F8030BC0F3801008F002FC8146FDF79D
:1068F000E7FB40B1B9F1080F1BD04846FDF764FA39
:1069000080F00103D8B23A78082A14D01CB96C7F01
:10691000A21A544254416A8853079AD4002897D146
:1069200076B9EC7C444518BF002C0CBF0124002430
:106930008FE70020E7E780F001022240D4B2EAE7C7
:10694000344686E7081500202DE9FF4108230DF1A4
:106950000702052104468DF80730FFF76FFF054653
:1069600020B90025284604B0BDE8F081FCF7AAF95B
:1069700006460028F5D1344F0DF10808216A7A6ADD
:1069800091F817C0104610F8033BC3F3401303EA15
:106990000C03CB75D2F80330C1F8AD308388A1F871
:1069A000B1301146D4F820C011F81F3BC3F3801357
:1069B0008CF8AC30D2F81F000B79029060468DF84D
:1069C0000C30FFF7B1FC434694F912200121206AF4
:1069D00009F0A1FF216A84F895602046B1F8AA3039
:1069E0009DF80720A4F89630FF2384F8B3304FF6C3
:1069F000FF73A4F8B43009F0B9FF144904F18C0016
:106A000009F003F8FCF742FE60B9236A04F1C40000
:106A10000F49B3F8AA20A4F8CD20DB7D84F8CF304D
:106A200008F0F3FF236A00222046B3F8AA10FFF70C
:106A30000DFE084B00221B683A70002B92D02146B5
:106A4000206A98478EE700BF08150020B9080200A9
:106A500001080200201D0020032973B5044604D05C
:106A600005292BD0012002B070BD08230DF10702CB
:106A70008DF80730FFF7E2FE0028F3D0237C23B126
:106A80009DF807102046FFF7A7FD114D06220426AA
:106A900020466B6A5A701E70FFF7E2FCA16D94F8F5
:106AA0005C20686A08F053FD686A2E7003F03EFBB4
:106AB0000021686A0AF0C0FC0020D4E7054B1B687F
:106AC000002BF9D0984780F00100C0B2CBE700BF9F
:106AD000081500201C1D0020F8B504460F4619B308
:106AE00000F1300528460AF04EFAA0B963881A076B
:106AF0002ED528460AF05CFA064628460AF043FAE4
:106B0000301AC0B20AF095FA494A5368034428463D
:106B100053600AF017FA28460AF019FA03F050F900
:106B20002179252003F06EF8414E002394F8762059
:106B3000706A037043706388103B0D2B68D8DFE8E0
:106B400003F063675F0C674467676767676767445D
:106B50002046BDE8F840FFF7BFBD06234370202361
:106B600003702046FFF77CFC638823F008039BB288
:106B7000152B05D094F85420216D706A08F0D8FCCC
:106B8000706A03F0D3FA0021706A0AF055FC0323FF
:106B900021790020337003F035F9054607B9B0605C
:106BA00063881B0704D50AF041FA0544C4F81C5158
:106BB0006388103B0D2B36D8DFE803F038352F2FD4
:106BC000352F353535353535352F0C23212143709B
:106BD000034603F8091B52B1D4F877200121C0F80D
:106BE0000920B4F87B209A8008F09BFCB9E7226F5B
:106BF000C0F80920B4F874209A8094F86F10F3E775
:106C0000062303704370ACE7022303700623F9E701
:106C100040F259612D20FAF7CFF921790120BDE822
:106C2000F84003F029BB40F6F541F3E7F8BD00BF9B
:106C30000815002038B543880446102B04D10121E3
:106C4000BDE83840FFF748BF0B4D2B7B23B102F066
:106C50008BFB402003F0D0FA686A03F067FA608883
:106C600010F0040002D1217903F006FB002003F0AC
:106C7000ABFA01232B7038BD08150020024B01210F
:106C8000986AFFF729BF00BF0815002003292DE9E6
:106C9000F341044605D0052900F08180FFF71CFD73
:106CA00079E008230DF103028DF80330FFF7C6FDEC
:106CB000002872D0237C23B19DF803102046FFF7F3
:106CC0008BFCB4F8028001233A4E1F464FEA98121B
:106CD000706AC8F3801862F3861707224370027047
:106CE00000223946C27008F018FD2046FFF702FC6A
:106CF000706A08F05CFDB4F85C30C0F1FE05AB4290
:106D0000B4BFDDB2EDB2AB4228D947F01007002284
:106D1000706A033D394608F000FD736AEDB2204603
:106D2000D97801F03F0101312944C9B209F0B6FD1B
:106D30000422C0F307238DF80400C0F307400DEBD5
:106D400002018DF8053003238DF80600706A08F003
:106D5000BEFC00223946706A08F0DFFCB8F1000F73
:106D600006D094F9122094F844106079FFF7D6FB0E
:106D70002A46A16D706A08F004FDFF20F581617953
:106D800002F040FF0723706A337003F0CFF900214F
:106D9000706A0AF051FB002009E020467EE7064BAE
:106DA0001B68002BF7D0984780F00100C0B202B0FA
:106DB000BDE8F08108150020241D002010B5144CFA
:106DC000237B1BB103F024FA02F0F4FAA06A09F065
:106DD0002BFCA16A18B14B8803F0180323B90846AD
:106DE000BDE81040FFF778BCFFF754F920B940F632
:106DF00086312D20FAF7E0F823780846E26A03F19D
:106E00008043D268013BBDE8104052F82330184758
:106E1000081500202DE9F04FB0F802A08BB0154600
:106E200006461AF003020AF00203029101920AF0E8
:106E300004021CD01AF0010F05D043B140F2866164
:106E40002D20FAF7B9F8002BF8D0022710E01FFA2E
:106E500082F9002A00F0A9800127002D00F0F780B8
:106E60004FF000094FF0010BC84601210DE0019FD2
:106E700092B2002B5BD0002AEFD1002D00F0E7800A
:106E8000914690464FF0010B114601241AF0400A3A
:106E900004D0002D00F0E9804FF0010A44EA4104DB
:106EA00000220121072044EACB04DFF840B544EA80
:106EB0000814DBF8243044EA49145A70187044EA84
:106EC0008A14597004F07B04A146002D40F0F08034
:106ED000DD700023DBF8240021460193C378019A7A
:106EE00003F03F0343EA8713E7B2C37008F015FCD1
:106EF000E30702D53046FFF7FDFAB80710D5029B2D
:106F0000DBF82400002B00F0E28006F17701062375
:106F1000012208F0DCFB0121DBF8240008F001FB72
:106F20000023002B00F0DC8040F6690188E70AF0BE
:106F30002008002A4AD125BBB6F854208AB1B8F1FE
:106F4000000F40F0848034794FF000094FF00108C1
:106F5000033C012C94BF002401244FF0010B49464F
:106F600094E7B8F1000F72D1FFF7EAFA0028EAD1EE
:106F7000FFF7F0FA01460028E5D1A946A846AB463E
:106F800083E7FFF7DDFA814610B9FFF7E3FA8146A0
:106F9000B8F1000F62D134794FF0010B4146033C48
:106FA000012C8CBF0024012470E7047945B9A21E8E
:106FB0000127A94629465442B846BB46544165E7D5
:106FC000023C2F46C84618BF0124C6E74DBBB6F8A1
:106FD0005420AAB1B8F1000F21D13479033C012C1F
:106FE00094BF0024012431794FF000094FF00108CB
:106FF0000339012994BF002101214FF0010B45E71E
:10700000B8F1000F0BD1FFF79BFA0028E5D1FFF78D
:10701000A1FA83460028E0D1A946A84625E72C46D8
:10702000E1E7FFF78DFA814610B9FFF793FA814641
:107030003179033901298CBF00210121B8F1000FFA
:1070400014BF002401F001044FF00008D5E74FF011
:107050000108A94629462C46C34617E74FF0000809
:107060004FF0010B4146444610E7B6F8540058B1C2
:1070700096F804A0AAF1030ABAF1010F94BF4FF0E9
:10708000000A4FF0010A09E7708800F02300002889
:10709000EED10391FFF754FA03990028E8D1FFF7E6
:1070A00059FA03990028E3D1019B002BE0D1F3E6C4
:1070B000DA70FFF74FFA00283FF40BAFDBF8183017
:1070C00093F8E530002B3FF404AF0A2302E706F102
:1070D00070010623012208F0FAFA96F86F101BE7F8
:1070E00039071AD5726C05A98DF81530C2F30B2239
:1070F000BDF81430DBF8240062F30B0396F8462049
:10710000ADF814301209C3F3072362F30713032207
:107110008DF81530022308F0DAFABA0640F1B38090
:10712000D6F84031DBF81820D6F844710393002AD2
:1071300056D09046D8F88830D8F88CA00293FFF744
:1071400009FA80B1DBF8183093F8E5305BB108F14B
:1071500040000AF0E0F830B9029AD8F898309B184D
:107160004AF1000A029398F810C09F4BDBF8100018
:1071700053F82C304FF47A7CD0F16E0E039A03F260
:10718000E7339DF81510B3FBFCF36CEB0C0CBEEB76
:10719000020E029A01F0BF016CEB070713EB0E031E
:1071A00047F100079B184AEB070EB3F5161FD6F8F8
:1071B00034717EF1000C0DDAB3F5703FA7EB0000DF
:1071C0007EF100074FEAE07C0DDB98427CEB0E0C71
:1071D000C0F2008121F020018DF81510002316E087
:1071E000DBF81480A6E7984221F020017CEB0E0C1E
:1071F0008DF81510F2DA9DF8151011F0200F0CBF64
:107200001E214FF49671B3FBF1F3C3F30C03BDF8E9
:10721000141063F30C01D8F89830ADF8141040F254
:10722000E241B3FBF1F3ADF81630D8F8173098F817
:107230001B1006939DF81C3061F304038DF81C307D
:10724000FCF792FA9DF81C3060F347138DF81C3060
:107250009DF8153023F080038DF81530D8F80030F4
:10726000CDF81D3098F804308DF8213098F80530AD
:107270008DF8223098F806308DF82330B8F87A303F
:107280000133ADF82430012D4BD1B6F85420002A3B
:1072900047D0B6F802C01CF0020F42D1DFF84C8193
:1072A000D8F82400B8F80E30C178D31A01F03F0B9B
:1072B000CBF1FE010BF101078B42B4BFDFB287F0C7
:1072C000FF07BA4222D91CF0010F1FD144F0100170
:1072D000033F019A8946FFB208F01FFA0BF104013F
:1072E00030463944C9B209F0D9FAC0F307238DF802
:1072F0001000C0F307408DF8113004228DF8120001
:10730000032304A9D8F8240008F0E1F93A46316DC6
:10731000D8F8240008F035FAB8F80E301F44A8F861
:107320000E7019F0200F5FFA89F406D02F4812234F
:10733000052205A9406A08F0CAF963060CD5002D9C
:107340004DD106F13000347909F03DFE014696F941
:1073500012202046FFF7E2F8FFF7FCF8002836D0AD
:10736000224CA36993F8E5308BB30721606A08F0DB
:10737000CDF9092340F2E242037032234370A3693E
:10738000D3F8B8308370A369D3F8B8301B0AC37040
:10739000A369B3F8BA300371A36993F8BB304371A2
:1073A000A36993F8C9308371A369D3F8BC30B3FBE8
:1073B000F2F3C371A369D3F8C030B3FBF2F30372E5
:1073C0007D22A369D3F8C430B3FBF2F343720BB050
:1073D000BDE8F08F41F020018DF815100BE77479AE
:1073E00096F84410B3E700BFC81F0400081500203A
:1073F000F7B504460A4619B990F87610FFF70AFD6A
:10740000134D6B6ADA78910620D01A79D2061DD511
:1074100004F130005F78267909F0B5FD421C3B4647
:1074200031462046D2B2FEF7D5FF0422C0F307232F
:107430008DF80400C0F307400DEB02018DF8053014
:1074400003238DF80600686A08F041F903B0F0BD27
:10745000081500202DE9F74304460F4690F8440034
:1074600002F0AEFC6179FF20724D02F0CBFB002FE1
:1074700049D16B6A04F1300094F804805E7809F019
:1074800097FDB8F1030F2FD1B60106F53476A96840
:10749000638801EBC011CA3106FB00111E074FF0D3
:1074A000000048BF6B68296144BFC918296162792F
:1074B00002F094FC638898072CD06FBB617901209F
:1074C00002F0DAFE94F8761001222046FFF7A2FCC3
:1074D000686A02F02BFE0021686A09F0ADFF0623FE
:1074E0002B7003B0BDE8F083B8F1040F03D136016F
:1074F00006F5E776CBE7B8F1020F0BBF0B360A367D
:10750000B600F600C3E762794FF4A571002009F0D8
:1075100086FFCFE7002FD5D0C3F34007C3F3801217
:107520009907686A87F001074FF0070348BFD4F84E
:1075300058804FEAC7074CBFB4F85C90D4F850802D
:1075400047EA821758BFB4F854900022037007F03E
:1075500048070123C2703946437008F0DEF83A0745
:1075600017D5626C01A9BDF80430C2F30B22686A1A
:1075700062F30B0394F84620ADF804301209C3F30C
:10758000072362F3071303228DF80530022308F066
:107590009EF8686A08F00BF9EB89C0F1FE06A9EBCA
:1075A0000302B242B4BFD6B2F6B2334499452DDDE0
:1075B000002247F01001686A08F0AFF8686A08F026
:1075C000F6F8EB89C0F1FE062046A9EB0303B342AF
:1075D000B8BFDEB26B6AA8BFF6B2D97801F03F013E
:1075E00001313144C9B209F059F90422C0F307232B
:1075F0008DF80400C0F307400DEB02018DF8053053
:1076000003238DF80600686A08F061F863885B065A
:1076100006D594F9122094F844106079FEF77EFFA5
:10762000E9893246686A414408F0ABF8EB891E44A8
:10763000EE814DE70815002010B5084CB0F85C301D
:10764000E2899A4205D00121FFF704FF0723237046
:1076500010BDBDE81040FFF73FB800BF081500207F
:1076600038B5438804461E4D13F0020F0FD1DB07D7
:107670000DD4EA89B0F854309A4203D1BDE83840BD
:10768000FFF72AB80121BDE83840FFF7E3BE00202C
:10769000617902F0F1FD6388617913F0020F0CBF8C
:1076A00022200C2002F0AEFA02232B702B7B4BB170
:1076B00001F05AFE6379033B012B94BF4520402023
:1076C00002F09AFD6379033B012B94BF2820002030
:1076D00002F07AFD686ABDE8384002F027BD00BFBD
:1076E000081500202DE9F84300F13007304D012343
:1076F000044638466B7309F046FCE8B96388DA063D
:1077000015D46A7B9AB103F02303B4F854201343D1
:1077100005D020460021BDE8F843FFF79BBEFEF7E9
:107720000FFF0028F5D1FEF715FF0028F1D1204604
:10773000BDE8F843FEF7D0BF384609F024FC28B96D
:1077400063881B07F3D5384609F0FCFB384609F07F
:10775000FEFB02F035FB2179252002F053FA0121CE
:107760002046FFF745FE6B6A3846D5F8088093F847
:10777000019009F01DFC0646384609F004FC4A4613
:10778000711E091A2079C9B209F03AFC227908EB76
:107790000001002002F022FB686A02F0C7FC002111
:1077A000686A09F049FE05232B70BDE8F88300BF25
:1077B00008150020064810B5037803F0FF042BB924
:1077C000242221460AF002FB204610BD0C24FBE7D0
:1077D0000815002010B50023094C2370FBF748FF63
:1077E0006062FFF7E7FF20B14FF442712D20F9F7F7
:1077F000E3FBE36A13B940F20B31F7E710BD00BFBA
:1078000008150020014B024ADA6270470815002073
:10781000CC7C0100044B054A1A60054B054A1A60EE
:10782000054B064A1A6070471C1D0020496901007B
:10783000201D002077060200241D0020057901008C
:107840002DE9F041067D0446B31E06F0FD06DBB2CD
:10785000012B8CBF4FF000084FF00108371E18BFF6
:107860000127012B1AD800F1700190F86F0007F082
:107870003FFC054663889B0617D4082D10D186B3BC
:10788000FBF704FFB8BBE37E93B3D4F81530C4F81C
:107890006930B4F81930A4F86D3006E00825E9E73E
:1078A0002846FCF79DFA0028E9D1657784F81C800A
:1078B00084F86870FCF75EFB054609F04AFE00227A
:1078C0000F4B84F87620E5FB0301C4E9180111464B
:1078D0002046FEF749FE60B940F2A3412D20F9F79A
:1078E0006BFB04F169013046FCF70AF90028DCD192
:1078F0000020BDE8F08104F169010120F4E700BF38
:1079000040420F002DE9F04385B0082305210446CD
:107910000DF107028DF80730FEF790FF00287DD0AB
:10792000FBF7D0F9002879D13E4D02AF206AFEF76F
:10793000FBFC6B6AD3F81F0093F8232002903A7186
:10794000226AD3F80310C2F8AD10B3F80710A2F8FA
:10795000B1101B78206AC3F3801380F8AC30324B2F
:107960001B6813B1012221469847D4F820800E23CA
:10797000686A082698F8AC90002243704FF0030123
:10798000C378067003F03F03C37007F0C6FE2046BD
:10799000FEF7B0FD4946686A07F0C3FD06230122E1
:1079A00008F1AD01686A07F092FE6179FF2002F0EC
:1079B00029F9686A02F0BAFB0021686A09F03CFD07
:1079C000D4F820802046414609F042FA3B46014661
:1079D00094F91220404608F09EFF216A00239DF88A
:1079E0000720204684F89530B1F8AA30A4F89630E4
:1079F000FF2384F8B3304FF6FF73A4F8B43008F0D7
:107A0000B5FF236A2E70B3F8AA20A4F8CD20DB7D41
:107A100084F8CF30012005B0BDE8F0832046FEF7A2
:107A20005BFEF7E708150020201D00202DE9FF412F
:107A3000564F04463A7802F0FF0312B90278FF2A43
:107A400004D140F6DD112D20F9F7B6FA7B60FB81F9
:107A50007B7380F889304E4B684604F13005009303
:107A60004C4B01934C4B0293FB6A5B68039302F00F
:107A700047FB02F031F902F0CBFB01F09BFC4748D9
:107A800002F094F9464802F035FB284609F05AFA0C
:107A9000284609F05CFA02F093F92179252002F0DA
:107AA000B1F894F9120002F07BF904F15001E06C96
:107AB00006F01BF8064604F15801E06C06F03CF8AD
:107AC0008046002E3AD094F82430BBB3B4F9485025
:107AD000ED43ED0F237F13B963885B0709D56FF082
:107AE0000043D4E918129A4208BFB1F1FF3F2FD1E9
:107AF000ADBB94F88B301BB946EA0806F6B2AEB1BE
:107B0000638813F0100511D1606CC0F30B2009F0ED
:107B1000AAF994F8463084F84500C0F3032023F016
:107B20000F03034384F8463084F88B50786A03309F
:107B3000FCF73EFA387304B0BDE8F081B8F1000FED
:107B400004D094F82550002DC0D1C3E74546C1E7C5
:107B500009F0FFFCD4E9182390429941C8D30122CF
:107B600029462046FEF700FD50B1FCF703FA054612
:107B700009F0EFFC0B4BE5FB0301C4E91801B8E782
:107B8000002DB6D040F61C215DE700BF081500208F
:107B9000BD6D01007567010019680100D6BE898EB0
:107BA0005555550040420F0073B50446234DFFF76D
:107BB0003DFF04212078F9F729FE0621686120782D
:107BC000F9F724FE6B69A8612BB120B140F655216D
:107BD0002D20F9F7F1F9204608F052FE668816F0DC
:107BE000100618D000212046FEF776FF94F88A3060
:107BF0005BB16846FCF7E0FA38B1694604F136003B
:107C000007F0E3FB002384F88A30204602B0BDE889
:107C10007040FEF737BC31462046FFF7E9FB686A43
:107C200002F084FA3146686A09F006FC2179304690
:107C300002F0E8F80523A8602B70D7E708150020AC
:107C4000024B9862DB6A1B68184700BF08150020CA
:107C500043881A0710B504460FD5036A3C22104921
:107C60008C304272B3F8AA304381FF2380F827306A
:107C70004FF6FF73038507F0C8FE63882046DB07D5
:107C800047BF236A3C223C224FF6FF7148BFB3F83E
:107C9000AA10FEF7DBFCFF2384F8893010BD00BF7B
:107CA000B9080200710A02007F0A0200356C010067
:107CB000770A0200E576010061760100397601005D
:107CC00089660100596A01008D6C0100A97B0100E1
:107CD000516701007B0A0200A47C0100AC7C01001A
:107CE000C47C01000138022808B503D9C4212F2023
:107CF000F9F762F913290A4B05D811290CD8102974
:107D000007D0D221F3E71529FBD103EB4003D88834
:107D100001E033F8100008BD03EB40039889FAE74F
:107D2000421E04002C4A38B50346948810681C4350
:107D3000402B948004D10421BDE83840FEF7EEB812
:107D4000802B01D10521F7E703F00304032C04D1B4
:107D500040F6B2313120F9F72FF9DD0706D50C686E
:107D600091602478062C1AD00B2C22D09C0711D5B8
:107D70000C6821780729117329D00B2922D00529F5
:107D800008D1C17B182905D1002400250121C0E9B3
:107D90001E4501759B0644BF0823537338BDC47B41
:107DA0001C2CE3D100240025C0E91C450124C47427
:107DB000DCE7C47B122C01BF0024C474012480F8CA
:107DC0005640D3E7C17B1129E4D10021E1E7617876
:107DD00080F8A010DEE700BF381500200C4A0346EB
:107DE000517B89B910683BB9B0F81011B0F8F42094
:107DF000914209D8FEF70EB893881B0706D5007C80
:107E0000083818BF012070470020704701207047D4
:107E10003815002073B5044600680D46036813F05A
:107E2000300F49D1B1F805101A2904D9B5F8073037
:107E3000B3F5A47F06D22978204602B0BDE8704091
:107E400007F0F2BFB5F801201A2AF4D9B5F803609B
:107E5000B6F5A47FEFD3E830009607F090FE174BFD
:107E60009A8892070DD51B7B142B0AD122681368C0
:107E700043F010031360204607F094FF002002B087
:107E800070BD23689A7B212AF0D093F82F31002B04
:107E9000ECD1236893F82E31002BE7D123681A68C0
:107EA00003F1E801B3F8AA0042F020021A6003F5DA
:107EB000B472FCF7B7FBDEE70120E0E738150020DD
:107EC0002DE9F8438F4D06462C68002840F0CC8001
:107ED000AB8819074FD594F89E302A2B16D00CD8B2
:107EE0001C2B13D0222B18D094F89E30FE2B20D1BF
:107EF00040F2FB513120F9F75FF83C2BF4D1824B73
:107F00001B68002BF0D028469847EDE7002384F843
:107F100041317C4807F03EFFE6E784F842017B4BA5
:107F20001B68002BF5D004F5A17104F1A40098475B
:107F3000EFE7FE2384F89E30E37B1E2B06D100275B
:107F4000704884F8557007F03FFFE773A37B372B29
:107F500033D0432B39D0242B06D1E37B243B072B92
:107F600094BF2B232523A373237C082B02BF02235A
:107F7000AB7384F89E30AB88DA074ED5D5F8008015
:107F8000A96898F80F30D1F80090113B99F800706B
:107F90000F2B0BD8BB1EDBB2092B00F2B18040F2D5
:107FA000333222FA03F3DB0740F1AA80097938461D
:107FB000FCF732F980B939467FE0012384F8CD32ED
:107FC0000023A37384F84E30CEE7002384F85031A9
:107FD0004C4807F0DFFEC7E7012F01D9162F4ED11D
:107FE00098F80E0007F010FF40B198F80E30242BDF
:107FF00004D0252B34D12B2388F80E303846FCF7DB
:10800000CDFD0346002849D1FF2FD4D12B69002B89
:1080100051D02B68012283F8CE22AB88580704D5B3
:10802000227C072A04BF0122AA7399074CD5287B1A
:1080300001222B680D2883F89F2042D0112858D0A8
:10804000072858D0FCF7B4FD034600283AD12A7B14
:10805000FF2A52D12A68372182F8CC02917333E08B
:10806000162F14BF022620266B7B1B0704D5E37B4B
:10807000113B0F2B98BF08263046BDE8F883112F1F
:1080800015D005D8072F14D00D2FB7D1204B05E000
:10809000142FB3D11F4B1B68002B8CD0AA68494604
:1080A0001848127998470028B7D00646DCE71A4BE3
:1080B000F4E71A4BF2E799F80010124807F0B4FE03
:1080C000F1E7174B0F489847AB88DA06CCD52B68F9
:1080D000DA7BB3F8AA000A2A04BF0B22DA7309F08C
:1080E00044F90028C0D0837C002BBDD000238374CA
:1080F000BAE70C4BE6E70C4BE4E740F2EE51F9E649
:108100000826B1E738150020881D00204C1D0020EE
:10811000198201002C1D0020DB1102007182010078
:108120003B10020087100200F510020000290346F0
:1081300008BF1F21252870B514461AD8222846D812
:108140001D2812D80D2801D8002070BDA0F10E0600
:108150000125F6B2B54040F2512635401CD1162813
:108160001FD01D28F0D1254A32E02028ECD1244A26
:108170002EE0262836D0A0F12E02D2B2102AE3D863
:10818000012040F295159040284233D10D2A33D07A
:10819000102AD9D11B4B26E00021BDE8704008F021
:1081A000D0BF1668B37B252B09D12046FBF75EFBB9
:1081B00086F838510023B37386F84E30C4E72B2B72
:1081C000C2D1F37B243B072BF4D92A21EDE70E4AD9
:1081D0001568002DB8D00A46204619462B46BDE842
:1081E00070401847094B1B68002BADD02046BDE8F6
:1081F00070401847064AEBE7064BF4E73C1D0020A9
:10820000441D0020741D0020301D0020501D002042
:108210005C1D0020901D0020024600684978837B89
:10822000212B17D00ED8042B16D00F2B16D0C07BC5
:10823000272817D0333BDBB21C2B15D80B48C05C6A
:10824000FFF774BF2B2B03D02D2B09D0252BEED19C
:108250001620F5E71420F3E70E20F1E71220EFE7F0
:108260002320EDE71720EBE7FE20E9E7541E04008A
:1082700013B54C7802683E2C937B6DD8222C07D81E
:10828000A4F10E02D1B20F2940D9002002B010BDD6
:10829000233C1B2CF9D801A252F824F0C38301001F
:1082A0008B8201008B820100E18301008B8201003F
:1082B0008B8201008B8201008B82010053840100BC
:1082C0008B8201008B820100E98301008B82010017
:1082D000178401008B8201002B8401008B82010036
:1082E0008B8201003F840100038401008B82010026
:1082F0008B8201008B8201008B8201005784010078
:108300008B8201008B820100E58301000F2ABCD81B
:1083100001A151F822F000BF6D8301008B820100A2
:108320008B8201008B8201006D8301008B82010032
:108330006D8301008B8201007D8301006D8301004C
:108340008B8201008B8201008B8201008B820100F5
:108350008B820100D7830100FF2C96D13F4B1B6914
:10836000002B92D0012382F8CE328EE70246012103
:10837000204602B0BDE8104008F0E3BE252B01D036
:108380002B2B82D1019007F005FD01980368DA7B61
:10839000262A3FF47AAF93F867201A2122F00102CF
:1083A00083F86720026892F8673023F0080382F8A8
:1083B0006730FBF75BFA01980022036883F83821E5
:1083C00063E72D2B7FF461AF254B1B68002B3FF437
:1083D0005CAF984759E7362B7FF457AF214BF4E752
:1083E000214BF2E7214BF0E7382B02D04F2B7FF4E3
:1083F0004CAF1F4B1B68002B3FF447AF2E21984713
:1084000043E7392B7FF441AF194B1B68002B3FF436
:108410003CAF3621F3E73A2B7FF437AF144B1B68A0
:10842000002B3FF432AF3021E9E73E2B7FF42DAF34
:108430000F4B1B68002B3FF428AF3221DFE7442BA2
:108440007FF423AF0A4B1B68002B3FF41EAF35218E
:10845000D5E7084BB9E7084BB7E700BF3815002050
:10846000341D0020401D0020541D0020781D0020D8
:10847000601D0020801D0020941D00202DE9F34781
:1084800090F8DA8204460D4690F8DB62B8F1000FEE
:108490003BD190F82071002E39D194F821A184F8B5
:1084A000207184F821A1FF2384F822311A4B04F1B2
:1084B000A8091B6813B1394648469847174B1B68F3
:1084C00023B13A46514601A80194984794F83831AF
:1084D000012B02D058EA060603D0237B43F00103A8
:1084E0002373484607F06AFB18B1237B43F002036D
:1084F000237306212046FDF711FD002384F838314F
:108500003DB1A37302B0BDE8F0874746C3E7B2466A
:10851000C5E7E573F6E700BF381D0020841D002085
:10852000024B0020C3E90400704700BF381500204B
:1085300008B50022044BC3E90422FCF7DDF8BDE8CE
:108540000840FCF7FDBB00BF3815002073B5584D3F
:10855000002604462860AE806E73AE73FF2380F859
:108560005030B0F8E231002B00F0918090F89E304E
:10857000FE2B40F08C8090F82C31002B00F087808F
:10858000037C073B012B40F2828090F82D310221C1
:10859000A0F84860012280F8A03008F05BFD0221BD
:1085A000284684F8EA61FCF733F9B4F8E61120466E
:1085B000B4F8DE300139B4F8E82189B2B1FBF3F345
:1085C0001344A4F8E831B4F840300B44A4F8403028
:1085D000B4F8463001330B44A4F84630B4F84430C4
:1085E00001330B44A4F8443008F062FD10B1636B12
:1085F0000B446363B4F8E2310026012B9CBF0133C6
:10860000A4F8E23109B184F8EE61E37B84F8EA6111
:108610000A3B012B0FD8E388B4F8D8229B1A19041F
:1086200009D404F2DA2104F1170006F0CEFEE67355
:10863000FF2384F84F30B4F8E62104F1A801204666
:1086400006F00AFFE37B1B49113B1B4A0F2B8CBF33
:10865000002301230093194B2868FAF7F3F869699E
:1086600011B1002008F0E7FE2C68237BDA0703D560
:1086700000210F48FBF7FAF8237B9B0703D504F290
:108680005F10FBF7C9FF0023237302B070BD94F89D
:108690009E10FE2901D0064885E7094B1E68002E72
:1086A00083D009F002F802460B460148B0477CE748
:1086B00038150020257D0100DD7D0100D5860100F3
:1086C000981D0020024B1869003818BF0120704720
:1086D000381500202DE9F04FDFF8B0850F4687B040
:1086E0008146B8F80410D8F800408D05204655BFE3
:1086F000B4F8402000230132A4F840304CBF84F885
:10870000EE31A4F8402008F0D3FC38B10B4604F554
:10871000AB7204F1A8012046FCF788FCB8F80430DD
:1087200003F4C06333B1A37C002B00F0A080032BC3
:1087300000F0A380A27CB8F80430012A03D1180508
:1087400044BF0222A274B9F1000F40F00181590622
:1087500057BFB4F808224A46013292B2A4F8082260
:1087600003F00A020A2A0FD198F80C20022A0BD132
:1087700023F008033846A8F80430FFF7A1FB38437C
:108780000823C7B2A8F804303846FFF799FBD8F899
:1087900010303843C7B2002B50D01422002101A85A
:1087A00009F014FB94F8210101F042FE054694F80B
:1087B000210101F035FE05F5FA754FF47A7394F84E
:1087C0002911B5FBF3F5B4F8AA300544D4F8C80074
:1087D000ADF80430E388ADF80A50ADF8083006F083
:1087E0003DFD94F8CE32ADF8060033B1D8F808302C
:1087F0001A689B8804928DF8143094F8CD2201A851
:108800009DF80C3062F300038DF80C30D8F810306E
:1088100098470023049A84F8CE3284F8CD326AB1A6
:1088200094F8CC3253B9A37B372B07D09DF8143082
:1088300023B11178FF2924D11B2B29D9D8F8006046
:1088400096F89E30FE2B49D1002F47D1337C073B51
:10885000012B43D996F82C3113B396F82D31012210
:108860000221A6F8487086F8A03030467EE101214A
:10887000A1742046FDF752FB5CE702230121A3749B
:10888000F7E70729DAD1022BD8D15178FF29D5D1C2
:108890000121C4F8D02284F8CF3284F8CC12CDE77D
:1088A00096F80FA0AAF1100A5FFA8AFABAF1100F2F
:1088B00040F219813368DA0702D53A460921D4E734
:1088C0009D0740F1A3803A460C21304608F0C2FBD8
:1088D00096F8573043F0010386F85730B4F8E83182
:1088E00094F8EB510133A4F8E831002D00F0228315
:1088F000FAF7B6F810B10023A4F8E831B4F8AA00EA
:1089000008F033FDA37C8246012B40F25B83237C7D
:10891000082B40F02783B4F84030022B40F25283FA
:10892000B4F842500135ADB2E38801A920462B448A
:10893000A4F8E0310123ADF8043005F0DEF9002899
:1089400000F04483BDF80430E2881344A4F8E43115
:10895000B8F80430D8F800505E0657BFB5F8F431C7
:108960000023B5F8E6219B1858BF9BB2A5F8F43157
:1089700095F82C311BB92B7C073B012B06D8B5F899
:108980004830B5F8E6211344A5F8483095F84E1064
:1089900031B1B5F84A30B5F8E6211344A5F84A30AC
:1089A00095F95420002AC1BFB5F85230B5F8E60158
:1089B0001B18A5F8523095F831306BB9B9F1000F9A
:1089C00040F0AE8398F80E30022B40F0658395F8A6
:1089D000A030062B18BF162395F8302022B9AB48DB
:1089E00085F83130FCF746F9284608F02EFCA84BF4
:1089F0001B681BB1A74A204611689847002384F8DA
:108A0000503007B0BDE8F04FFBF74AB8580702D521
:108A10003A46132129E7190706D596F898303A46C1
:108A200086F8A030072120E71A0602D500221B2174
:108A30001BE713F0300138D096F82F31002B72D19C
:108A400096F82E31C3B1F37B06F1A80006F59771B5
:108A500006F2DA22292B26D0B37BA3F129056B423B
:108A60006B4107F060F8336823F0200343F01003F4
:108A70003360002386F82E313368DA0653D506F1C9
:108A8000A80007F09BF818B106F25F10FBF7C4FDD1
:108A9000B6F80A3100221521A6F8A030B6F80E313A
:108AA000A6F8A230E1E60123DBE713F0400202D092
:108AB0000A462421D9E613F4807101D01E21D4E6A0
:108AC00013F4007202D00A462F21CEE613F40051AF
:108AD000FAD113F4806202D00A463121C5E6DB04E4
:108AE00021D52C21C1E6D8F80050EB7B182B49D0BA
:108AF00014D8112B37D0162B3BD0B37B002B40F072
:108B00008880F37B103B102B40F28B8096F83E3030
:108B1000002B00F0868001221221A6E6202BECD14A
:108B20003A46062121E0D8F80050EB7B3D2B64D07B
:108B30000CD82F2B67D0352B53D0262BDDD195F8B1
:108B40003831022B50D1002217210EE0452B57D08F
:108B50004E2B5BD0402BD0D14F4B4C481B689847D5
:108B60000022332101E03A460B21284608F072FA30
:108B7000B4E62846FCF7F2F800283FF4AFAE002236
:108B80000421F2E795F8C832012B07D13A460521B6
:108B9000284608F05FFA85F8C8729FE695F8C83253
:108BA000022BD9B27FF49AAE95F8563053B1062312
:108BB0003A4685F8A030284608F04CFA002385F89C
:108BC000C832EAE7D8F8003040F20632A3F89A201B
:108BD0003A4695F8663013F0040F0CBF0D211121B1
:108BE000E9E700221121C0E795F83831012B84D143
:108BF00095F83931002BA6D07FE700222D21B4E76C
:108C000000223A21B1E700222021AEE700223C21D8
:108C1000ABE7092B05D196F89930012286F8A030F0
:108C200000E7BAF1100F7FF659AED8F8005095F86A
:108C30000EA0BAF1000F40F0C28095F83F313BB171
:108C400001220E21284608F005FA85F83FA1A4E785
:108C500095F83E3183B195F857A01AF0030B0BD16C
:108C60004AF0010A01220C21284608F0F3F985F8A0
:108C700057A085F83EB190E795F84031B3B195F82B
:108C80006D30DB090AD001222B216EE73815002058
:108C9000481D002098000020701D00209D4B1B687F
:108CA000002B00F08C809C48984788E095F82E3186
:108CB0002BB395F82F3113BBEB7B05F1A80005F51D
:108CC000977105F2DA22292B17D0AB7BA3F1290685
:108CD0007342734106F027FF002385F82E310122ED
:108CE0001421284608F0B6F9B5F80A31A5F8A030E5
:108CF000B5F80E31A5F8A230F0E50123EAE795F8C2
:108D00003831012B6FD195F83931002B6BD1E87BCD
:108D1000A0F12403072B66D995F820114B1EDBB276
:108D2000032B0AD8DFF808C2634493F81DE095F8D6
:108D30002131013BDBB2032B04D94FF43F710620F4
:108D4000F8F73AF9BEF1020F95F83A2114D0BEF1C6
:108D5000030F13D0BEF1010F04D1012A14BF00226A
:108D600001226AB9A0F14703012B28D90A38042847
:108D700025D901221621F8E6022AEFE7042AF1D1CB
:108D800063445A7F95F83B31022A24D0032A24D029
:108D9000012AE7D1012B14BF00230123002BE1D0CE
:108DA000EB8805F53672B5F83C0106F0DCF8824632
:108DB000B0B901465848FAF759FD85F838A1B37B98
:108DC000002B7FF48BAD96F8CC32002B3FF486ADB0
:108DD0000122FF2149E5022BDDE7042BE0D0C1E7AA
:108DE0002C23AB737AE595F8423113B1012222218D
:108DF000BBE695F8413143B1484B47481B6898475B
:108E0000FE280146DBD00122AFE695F84A3113B1C6
:108E100001221D21A9E695F84B316BB195F86B3015
:108E2000DB0902D001222E219FE63D4B01220C21BD
:108E300039481B68984751E595F84C3113B1012228
:108E4000362192E695F84D3113B1012230218CE69E
:108E500095F8503113B10122382186E695F84E314C
:108E600033B1304B2C481B689847012232217CE6F5
:108E700095F84F3113B10122352176E695F851313D
:108E800013B10122262170E695F8D43213B10122E4
:108E90003E216AE695F85231B3B1DFF87CA0122189
:108EA000DAF80030B3F8AA00F8F7B0FC03699B07C2
:108EB00006D51D4B50461B68984701223B2154E6BE
:108EC0001A4B50461B68EFE695F854318BB195F874
:108ED000393173B9EB7BA3F12402072A09D9AA7BA4
:108EE0003E3A042A05D93E3B042B02D90122232114
:108EF0003BE695F85331012B05D1002385F853311A
:108F00000122252131E695F85331022B7FF457AF2A
:108F1000F3E700BF801D002038150020281D002029
:108F2000641D00206C1D00208C1D0020941D00205D
:108F3000541E0400F9F780FD08B1A4F8E851F9F7D0
:108F400097FD00283FF4DAAC94F8EE310133DBB240
:108F5000022B84F8EE3182BF0023A4F8E83184F8B4
:108F6000EE31CBE494F83E3013B1A37B0F2B29D123
:108F7000B4F84000B4F84620B4F842509042B4F837
:108F8000DE3005F101054FEA83012CBF2D1AAD1A21
:108F90002046A5EB830508F08BF8A8B1A36B626BA4
:108FA00001339B1A5B1A9D42A8BF1D46BAF1000F00
:108FB00005D0BAF80E30043B9D42B8BF1D46012DC6
:108FC0003FF7B1AC0125AFE42B46ECE7DFF860B129
:108FD000B4F8DE60DBF8003073B1012E0CD9F9F77C
:108FE00031FDDBF800300246E18820469847BDF8A5
:108FF00004301844ADF8040094F8EC31002B3FD154
:10900000012D3DD9E37B0BB10B2B39D1A37BBBBB2E
:10901000237CABBBA37C022B32D194F8EE317BBB1B
:10902000D4F8C00004F0A8FB50B394F89E30FE2B97
:1090300026D1B4F8E231012B22D9B4F8E821B4F8F2
:10904000D0309A421CD2BAF1000F05D0BAF80E10F7
:10905000B1B99AF8121099B9013D9B1AADB29BB201
:10906000B5FBF6F59D4228BF1D46BDF8043005FB53
:109070000633003D18BF0125ADF8043084F8EA51ED
:109080002A4B1B68002B3FF45DACBDF80410204652
:109090009847ADF8040055E4012B08D16B7C002BF8
:1090A0007FF49AAC00212846FCF738FF9FE45FB1BB
:1090B000F80633D4390733D4BA0633D4BB0733D1D7
:1090C00040F61E3131203BE639B1B5F84A10B5F80B
:1090D0004C30994201D322237EE4002A05DDB5F805
:1090E0005220B5F84C309A42F5D2B5F84820B5F880
:1090F00042309A4209D2AA7CB5F8403052B1B5F854
:1091000042209A42CED8082366E495F82C31002BF1
:10911000E1D1F0E7052BC5D93E235DE41E235BE4D6
:109120003D2359E4232357E42A2355E4681D0020F6
:10913000581D002073B504460190D0F8E002D4F821
:10914000C830984214D1D4F8E462D4F8D030F61A7A
:1091500018BF012694F8EC32002B3ED0B4F8AA00D8
:1091600008F003F930B940F67E513120F7F724FFBB
:109170000126EFE7B4F8E822B4F8DE309A421AD1BB
:10918000B4F8EA3282899B1A18BF0123A57B472DC8
:1091900015D0E27B472A10D00025B4F8E62201A8BA
:1091A000D4F8E012FAF7DAFF8DB30023A373032398
:1091B000A37402B070BD0123E8E73343ECD0154B34
:1091C0001B6813B940F68951CFE7A5F1470200218A
:1091D00001A8554255419847DFE7002EDCD0B4F88E
:1091E000AA3094F82911A4F8A73106F037F8B4F89A
:1091F000E432A4F8A90104F29D10A4F8AB31B4F84C
:10920000E6320549A4F8AD3106F008FCC4E7E57381
:10921000CDE700BF7C1D0020A3FF010008B5FBF7D0
:10922000CBFA024B024A1A6008BD00BF2C1D002079
:10923000157E0100014B5870704700BF501500208B
:10924000014B1874704700BFE0150020074B93F9DD
:1092500000301844142804DC10F17F0F03DB40B207
:109260007047142070476FF07E0070474E16002044
:109270007F2307B50DF107008DF8073000F0D6FF0A
:1092800003469DF9070053B1094B5B785B425BB223
:109290001844142806DC10F17F0F05DB40B203B040
:1092A0005DF804FB1420FAE76FF07E00F7E700BFDB
:1092B0004E160020024B00221A705A70704700BFF1
:1092C0004E160020014B1870704700BF501600204A
:1092D000064BD3F8000138B1D3F8040120B1D3F81C
:1092E0000801B0FA80F04009704700BF00600450E8
:1092F000034B00221A705A7010229A70704700BFF8
:1093000054160020F8B50646022014460D4600F01B
:10931000CBF8114B114A01275C60191D9A6002F1CC
:10932000807203342D011F70DC601D83C3E90426A5
:109330000022243303F80A2C0D2203F8092C084AD2
:10934000C2F83015074903C983E80300C2F808755D
:10935000C2F83835F8BD00BF541600200300000BDA
:1093600000600450181F040008B5022000F09CF8AB
:109370000D4B01221A7000220C4BC3F80021C3F8D8
:109380000421C3F808210A4AC3F8802003F5743386
:10939000C3F88C20A3F58023C3F88C21A3F5805358
:1093A0000822C3F8042508BD5416002000600450AC
:1093B00003000080154A08B51378FBB10023144957
:1093C000C1F8803001F57431C1F88C30A1F58021ED
:1093D000C1F88C3108210F4BC3F80815FFF778FF4F
:1093E00088B101235370938EFF2B03D9BC213B20FE
:1093F000F7F7E2FDDBB29370002313700020BDE8A5
:10940000084000F051B810235070F4E754160020C3
:109410000060045000200450094B1A7862B1094BD7
:10942000D3F8002152B1D3F8040140B1D3F80801B8
:10943000B0FA80F0400970475878704702207047B2
:109440005416002000600450064A08B513782BB16A
:10945000FFF73EFF20B192F8340008BD9078FCE79A
:109460001020FAE75416002038B5084C0025D4F82F
:109470000035032B04BF01236360C4F80055C4F812
:10948000005501F041FAC4F8805038BD0060045026
:10949000044B4022C3F88820BFF34F8FBFF36F8F78
:1094A000FFF7E2BF00E100E010B50446FFF7DCFF84
:1094B000012C06D0022C09D03CB18C213D20F7F7BD
:1094C0007BFD074B0222C3F8002510BD044B03228D
:1094D000C3F8002502F10042C3F88020F5E700BF81
:1094E00000600450024BD3F8A00300F00100704765
:1094F00000C0FF00084BD3F8A423D3F8A833511CB5
:109500009BB203D14FF6FF718B4203D00260838080
:10951000012070470020704700C0FF000B4B30B5A2
:10952000D3F89053D3F89443D3F89813D3F89C23EB
:1095300005EA04030B401340013317BF0560002008
:10954000446081601CBFC260012030BD00C0FF00CC
:109550000B4B30B5D3F88053D3F88443D3F888133A
:10956000D3F88C2305EA04030B401340013317BFE3
:1095700005600020446081601CBFC260012030BDD6
:1095800000C0FF00074B0022C3F80022C3F81822D6
:10959000C3F82022C3F80C22C3F81422C3F81C22FB
:1095A000704700BF00A0085010B50D4C01F03F01FE
:1095B000D4F8203E41F40C3123F4702341F420719F
:1095C00043EA0243074AC4F8203E536823F00303EA
:1095D00018435060C4F8000DC4F8101D10BD00BF42
:1095E00000A0085090160020064B10B50024C3F8C8
:1095F0007043224621462046FFF7D6FF024B83F8F0
:109600003C4010BD00A0085090160020094B0022DD
:10961000C3F84825C3F84425C3F84025C3F84C25B2
:10962000C3F85025C3F850214FF48012C3F8082323
:10963000704700BF00500850EFF3108272B60D4B18
:1096400093F83D1021B15B78012B04D0022B0ED092
:1096500002B962B6704710F0040FF9D1064B002131
:10966000C3F8401503F5A04301211961F0E710F09C
:10967000020FF2E7901600200050085008B5104B7A
:10968000187201380F4B072815D8DFE800F00408DE
:109690000C0A140E10120322C3F8002508BD042280
:1096A000FAE70622F8E70522F6E70022F4E70122AE
:1096B000F2E70F22F0E740F645513E20F7F77CFC39
:1096C0009016002000A00850002814BF0223042395
:1096D00007B58DF8043000238DF8063007F0E9FF58
:1096E00001284FF0FF3088BF00208DF8050001A849
:1096F00003F0B6FC20B140F65C313E20F7F75CFC8D
:1097000003F0C6FC58B15723ADF80230BDF8023063
:109710009BB25A1E92B2ADF80220002BF6D1034B39
:10972000012283F83D2003B05DF804FB9016002071
:1097300070B5134D034608466E7F26B940F6C10149
:109740003E20F7F739FC63B9012EAC69297F05D1BA
:1097500000F024FF20442B69C01A70BD07F072FE90
:10976000F8E7012B09D1012EAC69297F02D100F065
:10977000FFFEEFE707F071FEECE70020EBE700BF2C
:1097800090160020124B93F82900F8B193F8282086
:10979000EAB193F82A200F4B52B10F4AC3F80821BF
:1097A000A3F5A043D3F84001B0FA80F04009704718
:1097B000D3F8002442F00102C3F80024D3F82005B6
:1097C00000F0F600023818BF0120704701207047F2
:1097D0009016002000A008500B00008013B50B4C21
:1097E00001AB94F9092001F0DBF89DF8050001F0C8
:1097F0005FF920B140F2E3513E20F7F7DDFB21464F
:109800009DF9040000F050FE02B010BD901600203B
:1098100008B5134BDB89952B21D970B9114B283131
:109820001846D960104901F02BF90130012816D9EA
:1098300040F2C2613E20F7F7BFFB01280CD1094B73
:1098400029311846D960084901F020F90130012872
:1098500005D940F2CC61EDE74FF4DA61EAE708BDE3
:1098600090160020A4000020201F0400074BD3F80E
:10987000502110B532B10022054CC3F85021D4F864
:10988000203203B110BD08F0FEF9F8E7005008508F
:1098900000A0085008B50E4BDA89952A16D95B78D6
:1098A000012B09D101F0F8F8013001280ED940F65A
:1098B00011113E20F7F780FB022B07D101F0F2F8DF
:1098C0000130012802D940F61711F2E708BD00BFA8
:1098D000901600200A4B40F409000A4A9B8940F088
:1098E0004000B3F5166F36BFA3F63813A3F5166321
:1098F00043F48073C2F80837C2F84005704700BFD0
:109900009016002000A0085010B50C46FFF7B6FED8
:109910002046FFF7DFFF0D4BD3F8002442F0100282
:10992000C3F800240A4A127A082A0BBF40F2022226
:1099300040F20312C3F8442EC3F8442E14BF40F281
:109940005B62044AC3F8482E10BD00BF00A0085057
:10995000901600202110010007B50DF1070003F05B
:109960008BFB20B140F69F313E20F7F725FB0D4AD7
:109970009DF807305278012A04D0022A0ED003B095
:109980005DF804FB13F0040FF9D1074B0022C3F874
:10999000402503F5A04301221A61F0E713F0020FFE
:1099A000F2E700BF901600200050085038B50C4672
:1099B0000546FFF763FE20462146FFF78BFF28464A
:1099C000FFF70CFF094B1B7A082B094B0BBF40F22A
:1099D000022240F20312C3F8442EC3F8442E14BFEF
:1099E00040F25B62034AC3F8482E38BD901600204F
:1099F00000A00850211001002DE9F04106460C4658
:109A00001746FFF761FE07F0B0FD0028FBD0524D6E
:109A1000002E56D14FF0010895F8283085F80180C6
:109A2000002B3BD1A97A3846FFF7C0FF95F82A30C2
:109A3000002B37D0494BC3F80080494B4FF47A7262
:109A400033F8173003F5FA73B3FBF2F3E41A01238A
:109A500085F828302B691C44424BC3F8404595F8E3
:109A60003E302BB1032B57D0022B51D1002E53D0B7
:109A70003D4B3C49C1F8C031FFF784FE0546002844
:109A800065D00123CB64D1F84C35A3425FDA21467F
:109A90003046FFF7BDFEFFF75FFF59E095F82A302B
:109AA000002BCAD1314B4FF47A7253F8273003F5AB
:109AB000FA73B3FBF2F32C4AE41A284BC3F80021E3
:109AC000C5E7012E1FD102236B7095F8283083B9AA
:109AD000A97A3846FFF718FF95F82A306BB11F4B6B
:109AE0005E601E4AD2F8003443F01003C2F800341E
:109AF000ADE795F82A30002BF3D1184B293C1A4AD0
:109B0000C3F80421A3E740F634013E20F7F754FAE6
:109B1000012BADD1002EABD02F6C4FF48013114D23
:109B20004FF00008E71B1248C5F85081C5F8507582
:109B3000C5F8043302F024FB0123EB64D5F84C355F
:109B40009F4295D80720C5F85085FAF735FD0025C6
:109B50002846BDE8F08100BF9016002000A0085004
:109B6000EC1F0400005008500B000080C81F0400C8
:109B70006D98010048220021014808F027B900BF74
:109B800090160020014BD881704700BF901600202E
:109B9000024B012283F82A20704700BF9016002054
:109BA000024B0344187D00F516607047201F040027
:109BB000014B187F704700BF90160020024B986938
:109BC0001B69C01A704700BF901600200A4B1A7F0D
:109BD000D3E90430C01A094B03EB8203DB6BC01AD4
:109BE000074B53F822304FF47A7203F2F313B3FBAE
:109BF000F2F3C01A704700BF90160020201F040027
:109C0000B41F0400FF2810B504D940F2CB213E2038
:109C1000F7F7D2F9013907292AD8DFE801F02C310A
:109C20000404292C2C220024032201214FF0C743D5
:109C3000234340EA024043EA015340F0007043EA04
:109C40000123134943F00803C1F8203EC1F8280E50
:109C5000D1F8203503F0F703032B17D140F256312A
:109C6000D5E700224FF080644FF000731146DFE724
:109C70004FF44F71CBE70024032201212346D7E79D
:109C80000024032201214FF08073D1E710BD00BFF3
:109C900000A0085008B50A4603460C490C48C1F814
:109CA00070031878032804D040F2AB313E20F7F758
:109CB00083F9012A59780CBF08220022FFF774FCAF
:109CC000044B012283F83C2008BD00BF00A00850CF
:109CD0000600008090160020F8B5284E4FF48067EB
:109CE000C6F89070BFF34F8FBFF36F8F07F037FC4C
:109CF0000546234C07F0D9FC0121401B214D206172
:109D0000C5F8A410FFF73EFC4FF40023C5F8401E31
:109D1000C5F800341C4B187C00F0DCFE03F0F0F8B2
:109D20001A4B1B4AC5F838331A4BC3F8C820013AFE
:109D3000C3F8C42040F6FE72174BC5F81433174B16
:109D4000C3F8042500239622A383A361238584F806
:109D50002A30E281D5F8002D84F83C304FF480732E
:109D60006260C6F89071C5F88834A36C376103B19E
:109D70009847BDE8F84000F077BE00BF00E100E082
:109D80009016002000A00850A400002003000080CE
:109D9000060000800050085001000080002008509C
:109DA000014B5872704700BF90160020020E034B03
:109DB0000002C3F8342EC3F82C0E704700A00850E0
:109DC000044B054A034490721B7D03F5166393818F
:109DD000704700BF201F04009016002008B5FFF751
:109DE0000BFE58B9064B0122C3F8400503F5A0430A
:109DF00002201A61BDE80840FAF7DEBB08BD00BFCB
:109E000000500850F8B53F4F05460E4697F82930E8
:109E100023B940F206713E20F7F7CEF897F83E409E
:109E2000FCB107F0A2FB0028FBD0374B0122DA641B
:109E3000D3F84C459DB9354B4FF47A72323453F810
:109E4000263003F5FA73B3FBF2F31C443B69324648
:109E50002846E41A2146FFF7C1FF2046F8BD5B34CF
:109E6000F4E7FFF731FC0123294A87F82830D2F8BC
:109E7000003443F00103C2F8003487F82A4007F0A9
:109E800074FB0028FBD03DBB0123B97A30467B70C0
:109E9000FFF78CFD7B78012B02D04FF4E961BAE724
:109EA000194AD36402F5A0421360174B2846D3F831
:109EB0004C452146FFF7ACFCFFF74EFD3B69E41A29
:109EC000F5B9124B4FF47A7253F8263003F5FA7352
:109ED000B3FBF2F31C44C0E7012DE6D10223B97AAB
:109EE00030467B70FFF710FD7B78022B02D040F2EA
:109EF000517190E7044BDD6403F5A0435D60D4E746
:109F00002934AAE79016002000500850C81F04000A
:109F100000A0085073B5294B4FF48061284A4FF0D8
:109F2000FF30D3F88854C3F89004C2F890114FF46E
:109F30000022244C05F48075C3F800240022224935
:109F4000228584F82A20C1F84025C3F80821C3F8E7
:109F50000021C3F80421D3F82015C9B2D1B18DF87E
:109F60000700C3F8202201221A619DF8072012B1D0
:109F7000D3F820223AB19DF807305BB940F6FF01D3
:109F80003E20F7F719F89DF80720013AD2B28DF874
:109F90000720EAE7FFF77EFC084E0023C6F82032D0
:109FA000238094F83C300BB1FFF71EFB1DB14FF43A
:109FB0008073C6F8883402B070BD00BF00A008509E
:109FC00000E100E09016002000500850F8B52A4F3C
:109FD000FFF71CFBFFF79EFF00F04CFD97F83D30AC
:109FE0004BB103F043F820B140F2AE413E20F6F70A
:109FF000E3FF87F83D00002003F044F8044610B169
:10A0000040F2B141F2E71D4D1D4EC5F8C401C6F83E
:10A010000801C6F80001C6F80401C5F8C800C5F873
:10A02000C400C6F80401C6F8000102F081FF154B18
:10A0300040F6FE72C6F83843C6F81443C5F8C0416E
:10A04000C3F80825FC70C7E90544FFF7DFFA0E4B9B
:10A050004FF48062C5F84841C5F84441C5F8404115
:10A06000C5F84C41C3F89020BFF34F8FBFF36F8FFB
:10A07000C3F89021F8BD00BF901600200050085092
:10A0800000A008500020085000E100E070B5174C17
:10A090000646257865B994F82A206570E5701AB1EE
:10A0A000134AC2F8405170BD228584F82A20FAE78D
:10A0B00018B1BDE87040FFF72DBF013DE189A278DE
:10A0C00018BF01252846FFF733FB94F82A300146D4
:10A0D000268043B1064BC3F84061A2782846BDE80C
:10A0E0007040FFF77BBE84F82830F6E7901600201A
:10A0F00000500850014BC3F84C0E704700A00850A8
:10A1000038B50446074802F0BDFF20B140F668119B
:10A110003E20F6F751FF044D94E80F0085E80F004C
:10A1200038BD00BF39960100DC1600200A490B4BF0
:10A1300010B50124C1F8D00E586283F82940FFF70A
:10A1400021FB40B9064BC3F8400503200C61BDE874
:10A150001040FAF731BA10BD00A008509016002048
:10A1600000500850144A136918449369834210B58B
:10A17000124C09D30220FAF71FFA00230122C4F877
:10A1800040350F4B1A6110BD0123D3706364D4F8BE
:10A1900044250532824206D3094AD2F80C1200291E
:10A1A000F1D11361EFE70023C4F84431054BC4F843
:10A1B0004405C4F8C431E6E790160020005008506A
:10A1C00000A008500900008038B50A4C0346657F9E
:10A1D000217F012D227AE08909D100F0EDF9A369F0
:10A1E00022699B1A1844BDE83840FFF7BBBF00F056
:10A1F000FDF9F4E790160020044BC3F8940ED3F851
:10A20000002442F04002C3F80024704700A0085028
:10A21000054BD3F8002422F04002C3F800240022AA
:10A22000C3F8942E704700BF00A00850044BD3F829
:10A23000183703F07F035B4203700120704700BFB3
:10A2400000A00850094B93F82A206AB10128084A57
:10A25000084902D1C2F804117047C2F8001118B9B8
:10A26000997A187AFFF7BABA704700BF90160020A3
:10A2700000A0085007000080002808B518BF02227F
:10A280000A4B08BF012299701A7093F82A205AB11C
:10A290001B7A8B4204D040F6C7213E20F6F78CFE95
:10A2A000BDE80840FFF7CEBF08BD00BF90160020F4
:10A2B000054B0022C3F84025044AD2F82035DBB212
:10A2C0000BB10123136170470050085000A00850E3
:10A2D000044B30B5D3E90C459B6BC0E900450B60DE
:10A2E00030BD00BF901600202DE9F04107F031F994
:10A2F000484C494D0123C4E90C01EB64D5F84C35B9
:10A30000A363FFF7C7FA454B0022C3F80821C3F83F
:10A310000021C3F80421C3F80421C3F80021D3F8B5
:10A32000001421F01D01C3F8001494F83C3084F8A7
:10A3300029200BB1FFF758F9D5F84835A361D5F8B6
:10A340004435636163786377344BD3F81872D3F87C
:10A350002002FFF717F96678022E40D1E3784BB15F
:10A36000D5F8443133B10120FFF790FEE36CBDE82E
:10A37000F0411847002F45D0237A23B940F24D21F0
:10A380003E20F6F719FEDA1E012A24D8234BD3F813
:10A390001C3E13F006031DD0022B1ED00323002504
:10A3A00000202377FFF772FE1C4B85F00101D3F8E4
:10A3B0000C2ED2074CBFD3F81C0E0120236D44BFD6
:10A3C00000F00100084300F0010080F00100BDE84A
:10A3D000F041184703230125E2E70423FBE7012EA0
:10A3E00010D1237A237737B10020FFF74FFE636D3A
:10A3F00031460020EBE758B13046FFF747FE636D6A
:10A400003946F6E720B10120FFF740FEA36DAEE725
:10A41000BDE8F081901600200050085000A00850C0
:10A42000024B03EB8003D86B704700BF201F040072
:10A43000024B03EB8003186D704700BF201F040020
:10A44000F7B501230D464778014643700446284678
:10A45000164600F069F94FF47A73124AADF80630E7
:10A46000BDF806309BB243B9BDF806309BB27BB94C
:10A4700040F65F513E20F6F79FFDD2F80431002BE5
:10A48000F2D1BDF80630013B9BB2ADF80630E7E7EC
:10A49000677016B9EB78A370AB707B1E58425841B9
:10A4A00003B0F0BD006004502E3008B5362854D8F3
:10A4B000DFE800F05053535353534D53535353530A
:10A4C0005353535353534B5353535353585358535A
:10A4D0004953475345534353413F3D3B3937353348
:10A4E000312F2D2B29272523215A1C003F231F4ABA
:10A4F000C2F8103708BD3323F9E72D23F7E72823E7
:10A50000F5E72323F3E71F23F1E71B23EFE71823E6
:10A51000EDE71523EBE71323E9E71123E7E70F2323
:10A52000E5E70D23E3E70B23E1E70A23DFE7092350
:10A53000DDE70823DBE70723D9E70623D7E7052371
:10A54000D5E70423D3E70323D1E70123CFE74FF473
:10A550009873CCE74FF48873C9E74FF48E713F20AE
:10A56000F6F72AFD0223C2E73923C0E700A008500E
:10A570004FF47A73033A5843012A10B5064C00F29F
:10A58000E73034F911100844B0FBF3F08CBF02231C
:10A590000A23C01A10BD00BFA01F04004FF47A7335
:10A5A000044A00FB033032F911201044B0FBF3F0F1
:10A5B000704700BFA01F040038B51D460A4B33F991
:10A5C000114003EB820305355B691C444FF47A7339
:10A5D00004F6B73403FB00441046B4FBF3F42544FF
:10A5E000FFF71EFF284438BDA01F040070B50646C3
:10A5F00008461546FFF71CFF094B03EB85035C6912
:10A600004FF47A7304F6B73403FB0644241A284641
:10A61000B4FBF3F4FFF704FF0530204470BD00BF26
:10A62000A01F0400024B00221A705A709A707047E3
:10A63000EC1600202DE9F0470746012015469DF84D
:10A6400034400E469846DDF824A09DF83090FEF781
:10A650002BFF314AD47014B93B1F5C425C4107F0B8
:10A660000303002143EA04632C4CC4F804352C4B4B
:10A67000C4F88010C3F88410A3F58023C3F88411B4
:10A68000A3F580530221C3F80815BDF828303168BE
:10A690009380F36809BA93FA83FCB36818BA7368B5
:10A6A000C4F810C51BBAC4F81405C4F818352B0A31
:10A6B000C4F81C152D069DF8206043EA0863DAF8FB
:10A6C00004102DBA003E23F00043DAF8000009BA66
:10A6D00018BF0126B9F1020F00BAC4F8201543EAE9
:10A6E000C673C4F824051BBAC4F82835C4F82C5521
:10A6F0000CD80C4B022F13F80930C4F848354FF032
:10A700000103537000D11370BDE8F0874FF49B71C3
:10A710006C20F6F751FC00BFEC16002000600450DE
:10A7200000300850002004002DE9F84F334B044658
:10A730000D465A7822B94FF4A8716C20F6F73CFC0C
:10A740004A7893F803801A81B8F1000F51D14A7802
:10A7500003F1060B42702A4A4FF0000C294E4FF0CD
:10A760000E09DFF8ACA006F1080706F1300EC3F8B9
:10A7700044B006F1400BDD61C3F820A083F82AC085
:10A7800083F82B9092E80300C3E90BCC86E8030022
:10A79000D2E90201C3E9154A87E80300E91C1F89D1
:10A7A00059621F85D2E904018EE8030016499964B5
:10A7B000D2E90601E21CDA6507EB0802A3F8602083
:10A7C000C2F307428BE8030083F86220012183F87B
:10A7D0006390C3E919CCAA78A2700C4AC2F830651C
:10A7E000C2F838E599701970C2F804C11160BDE86B
:10A7F000F88F00F1010B4FF00408ACE7EC160020D5
:10A8000004200400F81600200100000C0060045031
:10A810000100000D334B5A782DE9F04105460E46F4
:10A8200022B94FF4BD716C20F6F7C6FB2E4A03F136
:10A830003C0C03F14C0403F10C07DFF8C480DFF893
:10A84000C4E0C3F848805E65C3F858E092E80300AE
:10A85000C3E9095E8CE80300711C5964D2E9080160
:10A8600084E80300F11C0024D96520499C6683F824
:10A870003240C3E91814D2E9040187E80300691CD7
:10A88000C3E90518D2E90601EA1C03F11C08DA62E3
:10A890009A881A860E2288E8030083F83320012163
:10A8A000C3E90D44B278AA70114AC2F830C5C2F8A3
:10A8B000387599701B780BB9A921B4E70D4BC2F814
:10A8C0000441C2F80841C2F880300B4AC2F8843013
:10A8D000A2F58022C2F884310222084BC3F8042575
:10A8E000BDE8F081EC16002004200400E803000E0F
:10A8F0000060045001000080003008500020045027
:10A900000100000C0100000D0C4B1A788AB10022E6
:10A910000B490220C1F8802001F57431C1F8842070
:10A92000A1F58021C1F88421A1F58051C1F8080565
:10A930001A7000225A709A70704700BFEC160020FF
:10A940000060045008B50B4BD3F8082122B1042055
:10A95000F9F732FE022008BDD3F8042122B9052000
:10A96000F9F72AFE0320F6E7D3F80004003818BFF1
:10A970000120F0E700600450014B01225A6070474B
:10A9800000600450014B1860704700BF5C17002046
:10A99000024B1868003818BF012070475C17002070
:10A9A0002DE9F04F254C85B0054698460F461646D2
:10A9B00000F0CEF823788146AB4211D16378BB42D8
:10A9C0000ED194F90230B3420AD1E378834207D121
:10A9D000A388A8F8003094F9060005B0BDE8F08F10
:10A9E000082D1CD18DF80F6028469DF90FB006F098
:10A9F00049FD82463846FFF7D3F800220346414618
:10AA000000925846524600F059F8B8F80030A0714C
:10AA1000A38025706770A67084F80390DBE7284652
:10AA200006F030FD0DF10F033246394600F096F87E
:10AA30000028D9D04621A920F6F7BEFABA00002096
:10AA4000014B18609980704780170020024BD86036
:10AA500019745A82704700BFAC170020014B1B6865
:10AA60001B681847F8000020014B1B685B681847FB
:10AA7000F8000020014B1B689B681847F800002075
:10AA8000014B1B681B691847F8000020014B1B682D
:10AA90005B691847F8000020014B1B689B69184749
:10AAA000F8000020014B1B68DB691847F800002004
:10AAB000014B1B689B6A1847F800002030B4044C17
:10AAC0009DF8085024680295E468A44630BC6047AD
:10AAD000F800002000220D49134610B540FA02F498
:10AAE000E40744BFCA545C1C02F1010248BFE3B250
:10AAF000042AF3D1054AFF24D118032B01D9107180
:10AB000010BD013301F8014BDBB2F6E7A81D0020B0
:10AB1000DB140200E1140200E31402000915020034
:10AB2000E714020013150200ED1402001D150200C7
:10AB3000F314020029150200FF140200031502009D
:10AB4000F5140200FB14020019150200231502007F
:10AB5000014B187D704700BF10180020042810B565
:10AB600011D883B104280CBF10242824A1420AD292
:10AB7000064C54F8200018B141568A42A8BF0A4634
:10AB800000201A7010BD6FF01500FBE710180020B0
:10AB90000728034611DC10F12D0F10DB094A1018AD
:10ABA00090F82E0002EBC00292F93C209A4207D0A6
:10ABB000002918BF0130C0B270471B207047002029
:10ABC000704700BF84200400072808B507DCFFF7A2
:10ABD000DFFF044B03EBC00393F93C0008BD0820E2
:10ABE000FCE700BF84200400C0B208B520B9044BC4
:10ABF00001229A601A6008BD4D21B52001F0AEFF18
:10AC000000E0105010F0FF0008B513D10B4B0122EB
:10AC10005A60DA600A4AC3F800011070D3F80824B9
:10AC200012F0010205D1C3F81021C3F81821C3F8AE
:10AC3000142108BD7C21B52001F090FF00E01050E8
:10AC400025180020014B01221A707047251800209A
:10AC500008B540B9064BD3F8103113B9054B187835
:10AC600008BD0120FCE7C121B52001F077FF00BF3E
:10AC700000E0105025180020024BD3F8080400F023
:10AC80000100704700E01050024BD3F8480400F078
:10AC90000100704700E01050024BD3F84004C0B2EE
:10ACA000704700BF00E0105007490246D1F84C043D
:10ACB000D1F84C1410F4803005D0D0B201F0030369
:10ACC0001B1A58425841704700E0105038B51A4BD3
:10ACD000D3F80C34DA0304D440F279116D2001F07A
:10ACE0003DFF164A0124164B106A536620F03F00C0
:10ACF00094645464136CDB03FCD4136A116C03F08A
:10AD00003F03C1F30A01C1F5806181EAE1750B29B6
:10AD1000A5EBE17509DD3F2B04D00133034313623A
:10AD2000172DE6DC0023936438BD0B31F8DA002BD5
:10AD3000F8D0013BF2E700BF00E0105000081250CD
:10AD40000100008038B50B4C23781BB10023237021
:10AD5000FFF7BCFFEFF3108572B6637803F0FF00D6
:10AD60000BB9FFF74FFF05B962B6034B00225A66D5
:10AD700038BD00BF2818002000081250F8B5104E4A
:10AD8000012704460D463318DF7006F0CFFB60B98B
:10AD900034B90C4B11227771B560C3F80423F8BDA8
:10ADA00040F225116D2001F0D9FE002DF7D01CB91D
:10ADB0000220A847B460F2E74FF4A071F2E700BFA9
:10ADC0002818002000E01050044B0022191803EB53
:10ADD00080034A719A60CA70704700BF281800202B
:10ADE000014B1882704700BF28180020014B588A79
:10ADF000704700BF28180020014B188A704700BF19
:10AE00002818002010B5EFF3108472B6064B0344E7
:10AE10005A780132D2B25A705B78012B01D1FFF718
:10AE2000E3FE04B962B610BD2818002038B5034609
:10AE3000EFF3108572B612490C18627822B940F20D
:10AE400067216D2001F08AFE6278013AD2B2627009
:10AE500062787AB90A7D82B178B90A4BD3F80C349A
:10AE6000DB0304D44B782BB9FFF7CCFE02E0487D1E
:10AE700002F006F805B962B638BD1846F4E700BF1F
:10AE80002818002000E0105010B506F052FB0C4CC2
:10AE900006F04CFB60B1A37D3BB90A4B01229A61DD
:10AEA0000423E3750023237610BD06F045FBF9E784
:10AEB00003230122E375034BC3F80423F2E700BF29
:10AEC0002818002000E01050014B01221A62704740
:10AED00000E01050044B587E28B1044BD3F8100109
:10AEE000B0FA80F0400970472818002000E01050A8
:10AEF00038B50C4B5D7E5DB901245C7606F019FB1C
:10AF0000094B1022C3F81051C3F80423DC6138BD8B
:10AF1000FFF7E0FF0028FAD040F2A3216D2001F0F6
:10AF20001DFE00BF2818002000E01050024BD87D05
:10AF3000003818BF012070472818002038B5174C7A
:10AF4000237D23B940F216316D2001F007FE012365
:10AF50002370A37DC3B9A37EB3B1227E013B9A4285
:10AF600012DA06F0E3FA054601F024FFA37E012B76
:10AF700082BF237E0133237655B1E369C31A0133BF
:10AF8000022B09D935B1E061BDE83840FFF77CBF3D
:10AF9000236AF3E72062F7E738BD00BF28180020D6
:10AFA00037B5184CA37D63B9606A00F00300FFF762
:10AFB0007BFE30B1EFF3108372B6E27D1AB103B9B4
:10AFC00062B603B030BD0122E27503B962B6082350
:10AFD0000D4DC5F808334FF42073ADF80630BDF8B9
:10AFE00006309BB25A1E92B2ADF80620002BF6D165
:10AFF000C5F80C3184F82830FFF746FF0823C5F860
:10B000000433DEE72818002000E010502DE9F74F48
:10B010004E4C237D002B00F096800323ADF80430C6
:10B020004B4BD3F80051D3F80891D3F8142112B93F
:10B03000D3F818216AB10026C3F81461C3F8186167
:10B04000C3F81061637E0BB106F076FA667606F0FF
:10B05000CFFB3F4BD3F81031002B59D0637E1BB18F
:10B0600006F06AFA00236376637913B102238DF840
:10B070000430003D18BF012545F01005354E0DF197
:10B08000040A334B4FF00008F71EC3F808531AF8B0
:10B09000010B03280AD03B7843B14FF0000B336813
:10B0A00087F800B013B19847C6F800B008F1010363
:10B0B000043601374FF00108022BE8D1B9F1000F37
:10B0C00008D0234B0022C3F808210422C3F8082328
:10B0D000FFF766FF94F82860EA071D4BF6B2D3F835
:10B0E0000C7108D5E27D032A05D1A27DA2B9042204
:10B0F000E27501229A61C7B1154B0022C3F80C21F9
:10B10000E37D042B0DD040F279316D2001F026FD56
:10B11000002DD3D00125B1E706F00EFA0223E37526
:10B12000E9E70223E37506F007FA66B1002384F825
:10B130002830E37D022B01D1FFF7A6FE03B0BDE866
:10B14000F04F06F0F9B903B0BDE8F08F28180020E1
:10B1500000E010503018002010B5054C606A00F077
:10B160000300FFF7A1FD0028F8D0002010BD00BFAC
:10B1700028180020F8B5054650B10278022A07D8F1
:10B18000437842B9013B1F2B02D88378212B07D982
:10B190006FF0150088E0002BFAD18378002BF7D1EF
:10B1A000634B2022C3F8A020BFF34F8FBFF36F8FF4
:10B1B000604EC3F8A0217D235F4CC6F808330023FE
:10B1C000C6F80031C6F80831C6F80C316370A370B8
:10B1D000AB886382FFF750FD10B10123E370637009
:10B1E000D6F80C0440F2563310F4803023821BD082
:10B1F000FFF728FD514801F019FE4E4E602360759F
:10B200000022C6F804332B78A978012B627662629B
:10B21000A375A176227620D0022B17D0F3B140F28D
:10B220002E516D2001F09AFCC6F81001FFF7DCFCEE
:10B23000404AD2F81031002BFBD0FFF747FD002029
:10B24000FFF7E0FC3E4B00225A66D3E706F071F9A7
:10B25000D6F80C34D903FBD502236362FFF714FD43
:10B2600040B3FFF719FD636A03F00303984221D14D
:10B27000AB79D3B9FFF770FFA37E63B12B7853B9D5
:10B2800006F054F9054601F095FD6FF00043002DDE
:10B290004BD0C4E907030123202200202375244B4F
:10B2A000E075C3F8A0211A62F8BD224B0422C3F84E
:10B2B0000423E1E71F4B012200215A61C3F8081162
:10B2C00094F82410C3F840141A610422C3F804232C
:10B2D000AA79002AD0D1D3F80423520702D440F22D
:10B2E000E1419EE7174A1769116907F0100741F01D
:10B2F00010011161D3F808310BB906F0C6FC0D4EF0
:10B30000D6F8083173B1FFF727FF27B90D4A136943
:10B3100023F0100313610423C6F808330023C6F892
:10B320000831A9E706F0AFFCEAE7C4E90730B2E765
:10B3300000E100E000E010502818002045AD0100B9
:10B340000008125000ED00E038B50C4B0C4619799E
:10B3500019B183216F2001F001FC60B95D790DB155
:10B36000002038BD01225A71FFF74CFD21462846C6
:10B37000FFF704FDF4E76FF01500F2E75418002022
:10B3800038B50B4D04462B791BB19A216F2001F083
:10B39000E5FB50B96B790BB9002038BDFFF714FD00
:10B3A00020466C71FFF742FDF6E76FF01500F4E7F9
:10B3B0005418002010B501B3F0B14FF0FF33104A1C
:10B3C0001C46E0FB0134944203D9DB216F2001F0DD
:10B3D000C5FB1A0DC3F30F100A4B42EA04324FF2B9
:10B3E0002444B2FBF4F100EB024003FB1100B0FB7C
:10B3F000F4F040EA0140013010BD0846FCE700BF10
:10B400003F420F00000024F4014B9B68184700BF27
:10B4100054180020014BDB68184700BF5418002067
:10B42000014B1B69184700BF5418002008B5064B94
:10B430001B7923B140F237116F2001F08FFBBDE87B
:10B440000840FFF77BBD00BF54180020034B1A795A
:10B450000AB9FFF7CBBC988D704700BF5418002085
:10B46000034B1A790AB9FFF7C7BC988A704700BF27
:10B4700054180020024B1B790BB9FFF791BD7047A0
:10B4800054180020014B9B69184700BF5418002036
:10B4900038B51D4C237933B3FFF7C2FF50B91B4DAC
:10B4A000C5F81001FFF7B0FFD5F81031002BFBD025
:10B4B000FFF7B0FF154B6022C3F80423636A984777
:10B4C000002806DB94F82E3023B10123002084F8F5
:10B4D000303038BDFFF7D6FF0028F6DA40F28D1184
:10B4E0006F2001F03BFB0A4BA3610A4BE3610A4B5F
:10B4F00023620A4BA3600A4BE3600A4B2361FFF708
:10B5000039FE0028E1D0E4E75418002000E0105094
:10B5100059B10100451502002DAF0100331502009D
:10B52000391502003F15020038B5084B04461D7955
:10B5300025B140F2E1116F2001F010FB00F0C8FDD1
:10B540002046FFF74DFC284638BD00BF54180020A8
:10B5500008B5074800F0AAFD054800F019F801F009
:10B56000CDF800F0EBFF00F0E5F9012008BD00BFC9
:10B570008818002008B5054B1A781AB12721032036
:10B5800001F0ECFA5860197008BD00BF9018002057
:10B59000024B986000221A705A6070479018002081
:10B5A000F7B51E4C2378012BDAB204D0022A2ED034
:10B5B000012003B0F0BD0DF10701606800F0D8F97B
:10B5C00065686B7DDB071CD5AB7F042B19D000F0C1
:10B5D00001FE0646A8B100F003FE2B69D5E900275D
:10B5E0009A18B36847F100070A332CBF01250025DC
:10B5F0001B1845EB01059342BD4102D3606800F082
:10B60000BDFA0023636023709DF80700D1E70DF1B8
:10B610000701606800F0B8F9F3E700BF9018002058
:10B6200073B505460C4600F0D5FD0646AB7F012BF1
:10B630001AD021462B4604F1180251F8040B91420E
:10B6400043F8040BF9D101230DF107012846AB772C
:10B6500000F08EF916B1012002B070BD034B042139
:10B66000986806F07EFAF6E70020F5E790180020CB
:10B67000024B0621986806F074BA00BF90180020AB
:10B68000174B1868F0B560B150F8102C50E906342B
:10B6900018380A3344F100049B18826944F100040D
:10B6A00002B9F0BD52E90615994275EB0406F8D2CD
:10B6B000077D12F8046CB7420BD00FD90A3152F84B
:10B6C000103CA2F1180045F100055B1845F100049B
:10B6D00004E09688878BF61B3604EFD41268DFE708
:10B6E0009C180020F8B5244C002323716371A371CA
:10B6F000E371EFF3108272B6A168E3606160A3604A
:10B7000002B962B600261D4D636803B9F8BD9A7987
:10B71000A3F11800032A07D11A6801219E7153F87A
:10B720000C3C62609847EFE71B6863B1183B074623
:10B730002A46997F04290ED09B7F032B04D06321D6
:10B740009F2001F00BFA2A46136802211B68136040
:10B75000C3688677E6E7B0F81CC0998BA1EB0C01B3
:10B760000904996944BF07F1180218460029EBD073
:10B770001F46A1F11803DCE79C180020A018002048
:10B78000042300F11802837700230376437683763F
:10B79000C376044B996811B99A60DA607047D9682A
:10B7A0000A60FAE79C1800202DE9F041134C064688
:10B7B0000F460020236833B9E8B1114BBDE8F041D2
:10B7C000187801F05DBB53E9061553F8082CD3F83F
:10B7D0000080521845F10005B242BD4109D22268ED
:10B7E000A3F1180012682260FFF7CAFF0120434648
:10B7F000E1E71C46FBE7BDE8F08100BF9C18002094
:10B80000FC000020494B1B682DE9F74F044682835A
:10B810008B46D0E9002003B1183B94F815C0DFF83F
:10B820000CE10CF0010C002B3BD0D3E90056AA42EE
:10B8300070EB060135D3BCF1000F2CD0277D197DAC
:10B840008F4228D399684D1946F1000615F10A0870
:10B8500046F1000E424570EB0E0119D2216989189C
:10B8600040F1000788457EEB070901D24146774643
:10B87000A942B7410FD22046FFF782FF2C4B187820
:10B8800001F0FEFA00238BF8003003B0BDE8F08F22
:10B8900011460746ECE703F1180E9B690BB1183B04
:10B8A000C3E7BCF1000F34D0A168891840F100094A
:10B8B000019173B30199D3E9007611F10A0549F1B9
:10B8C0000001AF4276EB010123D2257D197D8D4227
:10B8D00018D39D68ED1946F1000615F10A0A46F1E4
:10B8E0000008524570EB080110D22169891840F117
:10B8F00000078A4578EB070C01D251464746A9421A
:10B90000B741B8D39B6923B1183BD3E7114607462B
:10B91000F5E7DEF80020234643F8182FCEF8003074
:10B92000FFF7AEFE8442ADD10123ACE79C180020A6
:10B93000FC00002010B50B4C2378FF2B04D04FF4F3
:10B940008D719F2001F00AF9074801F06FFA074B4B
:10B95000002220701A705A709A70DA709A60DA6059
:10B960001A8210BDFC000020E5B601009C180020E2
:10B97000044B1A8A10B4541C1C825DF8044BFFF768
:10B9800041BF00BF9C18002038B504460D46FFF7A4
:10B9900077FE231A04F118015842584128700448D0
:10B9A00006F005F910B100230120A37738BD00BFD0
:10B9B0009C18002038B5114B044600F118019A6814
:10B9C000B2B19A6800209AB191420ED108B1A5692E
:10B9D00005609D68A94204BF12689A60DA689142C6
:10B9E00000D1D8600023A37707E010461268EAE789
:10B9F000034806F0DCF80028F4D138BD9C1800207C
:10BA0000A01800202DE9F041264E04460D46FFF710
:10BA1000CBFE3068002843D0A0F1180C50E9063165
:10BA2000A34271EB050250F8102C3CBF2346294677
:10BA30000A322CBF012700279B1841EB0702076839
:10BA4000604627B900F118037361BDE8F08157E93A
:10BA500006EC9E457CEB0201F4D290F8148017F8B6
:10BA6000041C884513D019D9744523462A46A7F1EA
:10BA7000180075EB0C0157F8101C3CBF734662466A
:10BA80005B1842F100020A3342F1000206E0B98875
:10BA9000B0F81C80A1EB08010904E5D43F68D0E7A9
:10BAA0000346D1E79C18002010B5054C616920467B
:10BAB00006F07DF818B1606900231838636110BD85
:10BAC0009C1800209C46144BF0B51D68FDB115F87C
:10BAD000043C183D834218D812F10A04D5E9003617
:10BAE0004CF10001A34276EB01070BD22F69FF183E
:10BAF00046F10006A7428E4107D3B4F10A0041F196
:10BB0000FF31F0BD1C463146F7E7AD69DEE74FF087
:10BB1000FF300146F5E700BF9C18002008B5837F81
:10BB2000022B1CD1437D13F0020302D00023837744
:10BB300008BD0322037643768376C3760D4B827766
:10BB400000F11802996839B99A60DA600A4B1878DE
:10BB5000BDE8084001F094B9D9680A60F5E7837F31
:10BB6000012BE5D0837F042BE2D04FF4FF719F209F
:10BB700000F0F4FF9C180020FC00002010B500F13C
:10BB800018010446084806F012F820B94FF4027173
:10BB90009F2000F0E3FF2046FFF7F2FD034BBDE8D6
:10BBA0001040187801F06CB99C180020FC000020AF
:10BBB0002DE9F74FD0F810E0BEF1000F04D040F2AD
:10BBC00027219F2000F0CAFF836890F8148001931A
:10BBD000D0E90014EFF3108972B6274BB3F810C008
:10BBE0001B686BB1019D183B0A35D3E900264EF165
:10BBF000000A6D1844EB0A0A95427AEB060707D251
:10BC0000B9F1000F35D0C0E9001403B0BDE8F08FE2
:10BC10008A4276EB04070CD31F69BF1846F1000B6C
:10BC2000AF427BEB0A0B34BF0125002575B99B6938
:10BC3000D7E712F10A0A9D6846F1000715EB0A05DD
:10BC400047F10007A94274EB0707ECE71D7DA84503
:10BC500009D0ECD912F10A019D6846F10004691877
:10BC600044F10004E3E79D8BA5EB0C052D04DED524
:10BC7000F0E762B6C7E700BF9C180020024B052121
:10BC8000186805F06EBF00BFB8180020064B586852
:10BC900010B520B94FF41B71B02000F05FFFC368EE
:10BCA0000521BDE810401847B81800202DE9F84FCD
:10BCB000274C8146237BA668A3BB94F80D8018F01F
:10BCC000010803D0E3899E4238BF1E4600F054FDB0
:10BCD00010EB060B05460F4641F1000A5846514647
:10BCE000FFF790FE08B3D0E900329B457AEB0201E2
:10BCF00004D29D1B9B46924662F100070023154A21
:10BD0000284639462362C4E904BAC4E9065700F05C
:10BD100007FDB8F1000F02D0E3899E4216D002233E
:10BD20000D4A0DE04FF00008D0E7237B2BB1637B79
:10BD30009B0702D5636A012098470023074A2373B3
:10BD400084F82830C9F80020BDE8F88F0123E7E720
:10BD5000B81800207DBC01006DBE010077170200FD
:10BD60002DE9F04717463D4C002B67D0E289D3E917
:10BD700000656432864275EB01034FF000033CBF5F
:10BD800006460D462362B6EB000A65EB01095245F3
:10BD90001A4672EB0902C4E9046527DA237B3BB13A
:10BDA000637B9A0702D5636A0120984700232373B7
:10BDB00094F80D8008F00108A36803F5E1739A4533
:10BDC00079F100011DDAB8F1000F11D0E089244AA1
:10BDD000301A65F10001C4E9060100F0A1FC062358
:10BDE000204A84F828303A60BDE8F0879846E3E7B7
:10BDF0001B4A30462946C4E9066500F091FC05233C
:10BE0000EEE7FFF707FBE089A368B8F1000F0BD05E
:10BE1000984209D9301A124A65F10001C4E90601B5
:10BE200000F07EFC0123DBE7F01A0D4A65F100010A
:10BE3000C4E9060100F074FC0223D1E7237B2BB197
:10BE4000637B9B0702D5636A012098470025257311
:10BE5000FFF7E0FA2B46044AC3E700BFB8180020FA
:10BE60007DBC01006DBE010077170200023970B57C
:10BE70000546032900F2D480DFE801F006020840FD
:10BE8000694B002283F82920002024E0664C94F8B6
:10BE90002830042B09D8022B28D8013B012B1BD9B1
:10BEA0004FF4CD71B02000F059FE053B012BF7D8BF
:10BEB000FFF776FB0028E7D000F04EFC00F05CFCBA
:10BEC00006460C46FFF79EFD2A46034621463046AD
:10BED000FFF746FF022070BDFFF762FB0028D3D0BA
:10BEE00000F03AFC2846FFF7E1FEF3E7FFF758FBC6
:10BEF0000028C9D0012384F82930C5E74A4C94F8BA
:10BF000028301A1F012A2AD8042B94F829600CD152
:10BF100000F062FB48B900200021FFF773FD08B173
:10BF2000FFF72CFEFFF776FADCE7002EC6D1FFF70D
:10BF3000BBFD0028C2D06060C4E90B6600F01CFBAA
:10BF40006068022331468377C3689847D4E90401C7
:10BF500005F00FFC354B84F828602B60BAE700F041
:10BF60000BFCA369C01A236A9842ACBF206223620B
:10BF700094F82830022B19D1FFF746FA94F82830AC
:10BF8000022BD4E904012CD1637BDB071BD5237B77
:10BF9000CBB9E389264AC01A61F10001C4E9060160
:10BFA00000F0BEFB032384F828306DE7637BDA07DB
:10BFB00001D5207B10B140F2B31173E7636A984753
:10BFC00001232373DAE73238236A194A41F1FF313A
:10BFD000C01841EBE371C4E9060100F0A1FB0423A2
:10BFE000E1E7012B0AD1A368114AC01A61F10001EF
:10BFF000C4E9060100F094FB0223D4E7236A323837
:10C000000B4A41F1FF31181841EBE371C4E9060115
:10C0100000F086FB94F82830062BE0D10523C2E718
:10C0200040F2F1113EE700BFB818002035C0010012
:10C030007DBC010002392DE9F041064604292ED8C5
:10C04000DFE801F003090B2D0E00174A537B003B7C
:10C0500018BF0123137300201FE0FFF7A1FAFAE7CE
:10C06000DFF8448000F098FA00F086FB0C460546A5
:10C07000FFF7C8FC0746D8F80400FFF74FFD002380
:10C0800000222846C8F8043000232146C8E90423CA
:10C090003B463246FFF764FE0220BDE8F08140F2E5
:10C0A0001721B02000F05AFDB8180020064A0023DE
:10C0B00010B5064C0260206084F828306373FFF7E7
:10C0C000CFF93230A06010BD77170200B8180020F9
:10C0D00008B5074B1A681168064A914204D040F22D
:10C0E0005121B02000F03AFD3230986008BD00BF09
:10C0F000B81800207717020010B5EFF3108472B65D
:10C10000034B0421186805F02CFD04B962B610BD7C
:10C11000B818002008B5094B5A6822B940F27221BC
:10C12000B02000F01BFDD3E90421BDE808408018D1
:10C13000034A41F1000100F0F3BA00BFB818002033
:10C140008DBC010008B5064B5B6823B94FF41E7126
:10C15000B02000F003FDBDE8084000F0FDBA00BFCC
:10C16000B818002008B5054B5A6822B940F27E2164
:10C17000B02000F0F3FCD86208BD00BFB818002062
:10C1800008B5054B5A6822B94FF42171B02000F070
:10C19000E5FC186308BD00BFB8180020054B1B6BF9
:10C1A00010B523B940F28A21B02000F0D7FCBDE8D9
:10C1B00010401847B8180020054BDB6A10B523B9AA
:10C1C0004FF42471B02000F0C9FCBDE810401847BE
:10C1D000B8180020014B5868704700BFB8180020FD
:10C1E00008B5054B5A6822B940F29B21B02000F0F7
:10C1F000B5FCD3E9040108BDB8180020034B587BF7
:10C2000010F0010018BFD889704700BFB81800208F
:10C210000028ADBF00F1604000F00F00044B00F5B6
:10C220006140B4BF185C90F800034009704700BF3C
:10C2300014ED00E02DE9F04105460E46E1B9114F3D
:10C240003B681BB18621452000F088FC38600E4811
:10C25000FFF788FF0D48FFF793FF05F026FA6B7D87
:10C2600004465B0708D505F07AF90A34241A7C6085
:10C2700000F094FA0028FBD02B6A3146686ABDE8CA
:10C28000F0411847F0180020B1C2010091C201002E
:10C29000064B1B6810B51BB97221452000F05EFCEF
:10C2A0001A6A0421586ABDE810401047F0180020AF
:10C2B000064B1B6810B51BB96C21452000F04EFCE5
:10C2C0001A6A0321586ABDE810401047F018002090
:10C2D000024B00221A601A81704700BFF01800203C
:10C2E00008B5074B1A681AB9B921452000F036FC89
:10C2F0000449D16000221A60BDE80840FFF7B8B9D0
:10C30000F018002035C2010030B587B00C46182265
:10C3100000210546684605F059FD637A4FF000029A
:10C320006168C3F38003029183F0010363F3820227
:10C33000237A8DF81430224B8DF81520039323783F
:10C340005BBB9DF81500D4E904324007CDE900320B
:10C3500007D50A3B01F10A0142F1FF320291CDE912
:10C360000032637A69469DF81520C3F3400322F03A
:10C3700003025B0043F0010313438DF81530114BAA
:10C380005868C0F30800B8B11038FFF741FF98B9FA
:10C390002846FFF745F907B030BD2369049305F03F
:10C3A000D8F89DF815305B0744BF029B0A33CDE9EE
:10C3B000000148BF0293D4E7284605F0D8F8EAE721
:10C3C00035C2010000ED00E008B50A4B1B6823B937
:10C3D0004FF4EE71452000F0C1FB5B7D5B0703D499
:10C3E000BDE8084005F061B905F05FF90A3041F198
:10C3F000000108BDF018002070B50B7886B023B19D
:10C4000040F21F21452000F0A9FB4C7A4FF00006B6
:10C410000593C4F380034D6883F00103029563F331
:10C4200082060B7A8DF814300F4B8DF81560760765
:10C430000393D1E90431CDE9003107D50A3B05F179
:10C440000A0541F1FF310295CDE900319DF8153023
:10C45000C4F340046946049264F341038DF8153037
:10C4600005F085F806B070BD35C201007FB505F056
:10C4700070F8002305930B4B039340F21E230293A5
:10C480004FF0FF33CDE90001694607480493FFF7F9
:10C49000C7F818B99B21432000F060FB07B05DF896
:10C4A00004FB00BFD1C401002819002010B5074CBF
:10C4B00094F820304BB9FEF7B3FF30B9012384F86C
:10C4C0002030BDE81040FFF7D1BF10BD2819002073
:10C4D00008B505292DD8DFE801F0032E282C2C0DF6
:10C4E00005F033F8144805F0E2F81E38BDE80840BE
:10C4F00005F031B8FEF794FF38B10F4B002283F8F6
:10C500002020BDE80840FFF7B3B805F020F808B9CF
:10C5100005F01BF800214FF4007005F098F8002892
:10C52000E0D1B921432000F019FBBDE80840FFF736
:10C530009DBFC521F6E708BD281900204FF0004334
:10C540000B4A0021C2F88030A2F58022C2F8803167
:10C55000012302F57832C2F80435A2F58022C2F830
:10C5600004352022034B184683F8201005F02EBC1A
:10C5700000400C502819002008B512F063FE054A4F
:10C58000D2F8583743F00103C2F85837BDE80840E5
:10C59000FFF78CBF00200E5008B512F063FE0B4A67
:10C5A000D2F8583723F00103C2F858370122084B5C
:10C5B0005A604FF0FF32C3F808232022054BC3F81E
:10C5C0009021BDE8084000F0C7B800BF00200E5021
:10C5D0000050085000E100E008B5FEF721FFB0B9B7
:10C5E0000D4BD3F800314BB90C4A536A0133312B50
:10C5F00053620BD96C21432000F0B0FA04F0A7FF7E
:10C6000008B17021F7E704F09EFF012008BD034B3D
:10C6100000225A62F9E700BF00E0105028190020FC
:10C6200040F20251014808B500F08EFA2B61040077
:10C630001848202208B5C0F89020BFF34F8FBFF3F1
:10C640006F8F154BC0F89021D3F8041521F003012A
:10C65000C3F80415D3F8081541F00301C3F8081511
:10C6600092FAA2F1B1FA81F1092904DD40F29F3179
:10C670000A4800F069FAC3F8101501215960D96021
:10C680004FF00041C3F880104FF0FF31C3F808139A
:10C69000026108BD00E100E0005008502B61040079
:10C6A000134A4FF4E0632021C2F838330023C2F864
:10C6B000AC35C2F8BC35C2F8CC35C2F82031C2F86E
:10C6C0002431C2F828310B4AC2F89C11C2F89C10E0
:10C6D000BFF34F8FBFF36F8FC2F89010BFF34F8F30
:10C6E000BFF36F8FC2F89011034A1360704700BF09
:10C6F00000200E5000E100E05019002008B5FFF7BF
:10C70000CFFF054B4FF4A062C3F834232022034B24
:10C71000C3F89C21DA6108BD00200E5000E100E062
:10C720000B4B10B51C681CB14C21042000F016FA0C
:10C73000B1F5801F1A6001D3FFF772FF054B01228C
:10C74000C3F8A005C3F8A415C3F8AC2510BD00BFFD
:10C750005019002000200E50054A136833B1002301
:10C760000449C1F8AC35C1F820311360704700BFEF
:10C770005019002000200E5030B54FF0FF30064C0D
:10C780006FF04041D4E90023904271EB0305F9D3E7
:10C790001046C3F3130130BD40270E5008B5FFF714
:10C7A000EBFF044BD3E90223904299412CBF0120B7
:10C7B000002008BD5019002008B5FFF739FF024BD3
:10C7C00001221A6008BD00BF0050085010B5FFF7E5
:10C7D0002FFF0F4C0023C4F8BC35C4F82431FFF7F9
:10C7E000CBFF0A3041F10001B1F5801F01D1FFF705
:10C7F00017FF4FF00043C4F8B005C4F8B415C4F8EF
:10C80000A4310123C4F8BC35024BC3E9020110BDB9
:10C8100000200E5050190020144BD3F8342312F48A
:10C82000A06F10B503D1FB21042000F097F9D3F8D5
:10C83000202162B100220E49C3F8AC25C3F82021A3
:10C840000B6813B940F20311EEE70A609847074BF3
:10C85000D3F828214AB10022C3F8CC25C3F82821F7
:10C86000034BBDE810401B69184710BD00200E5057
:10C8700050190020034610B3007888B91A79012AAC
:10C880001ED85A79012A1BD89A680E49643A8A42FE
:10C8900016D8D8680C4B98422CBF00200120704756
:10C8A00001280CD11A79012A09D85A79012A06D807
:10C8B000DA680449643A8A4201D89868EAE70020B5
:10C8C000704700BF3C8601000040420F70B504462F
:10C8D00004F03FFE40F2F966656AD4E90632963309
:10C8E00042F100025B1905F5DF6542F10002B5FB7C
:10C8F000F6F55B1942F1000283428A410ED294F8A8
:10C900002A30052B03D0B3216A2000F027F90A2131
:10C91000236A94F858009847B621F5E7044C236839
:10C9200013B1984700232360BDE87040FFF7D8BCDF
:10C930006419002070B504460D4639B9012380F80A
:10C940005930FFF7C3FF0226304670BD0E78032E24
:10C9500070D801A353F826F047C9010069C9010046
:10C96000D3C901008BC901004868C72801D8002637
:10C97000EAE7042104F06BFE0028F8D004F0EDFD96
:10C980006968204604F058FFDEE790F8286006BB8F
:10C990004D682846FFF76EFF00284BD02B78D3B99F
:10C9A000012121702B796A79003B18BF0123002AED
:10C9B00014BF0422022243F004032272AA68A532A3
:10C9C0006260EA6863720323226184F82A3084F883
:10C9D00029102046B5E794F82A30052B04D040F200
:10C9E00093116A2000F0BAF8267004F130002B7918
:10C9F0006A79003B18BF0123002A14BF04220222D7
:10CA000043F004032272EA686372A532A968626087
:10CA1000D4E906325B1842EBE1722146C4E90432E4
:10CA2000042384F82A30FFF76FFC0028D1D140F2AC
:10CA30009511D6E7012384F85930CAE72DE9F84368
:10CA40008846074658B300F02FF84FF00009044617
:10CA50005FFA89F6B44203D86FF00B00BDE8F883A3
:10CA6000304609F1010900F025F890F82A50002D10
:10CA7000EED1304600F01EF80A490446058580F8DC
:10CA80002A50024680F85860303004F08BFE0123B3
:10CA90002762284684F82A3088F80060DEE76FF0C5
:10CAA0001500DBE747180200014B1879704700BFFB
:10CAB00068190020044B1A79824283BF1B686022E8
:10CAC00002FB003000207047681900200A4610F071
:10CAD000030110B50AD1074C2271206008B900206B
:10CAE00010BD60235A4305F071F9F8E76FF00D00AF
:10CAF000F6E700BF68190020BFF34F8F0549064BCA
:10CB0000CA6802F4E0621343CB60BFF34F8F00BFEB
:10CB1000FDE700BF00ED00E00400FA05084B01222C
:10CB20005A604FF0FF32C3F808238022054BC3F848
:10CB30008820BFF34F8FBFF36F8FC3F888217047F2
:10CB40000070045000E100E008B572B6024B5B686B
:10CB500003B19847FFF7D0FF701900201FB572B6D8
:10CB6000144B5C6894B9FFF7C7FFB2FBF6F22B4693
:10CB70005D1C002AF9D1DBB203F110056D4405F804
:10CB80000C2C0A2233B901A8A047ECE70246002387
:10CB90000A26EDE7013BDBB203F110050DEB0506BC
:10CBA000B0FBF2F502FB1500303006F80C0C2846FD
:10CBB000E8E700BF70190020F8B5234F05460C4682
:10CBC00016463B78002B3CD104F0AFFC7E601F4B37
:10CBD00001263C814FF48062C3F8A4601C4BC3F86B
:10CBE0009020BFF34F8FBFF36F8FC3F89021FFF7F3
:10CBF00095FF184B002D14BF28461846FEF748FC39
:10CC00000546E0B9FFF764FBFEF734FC04F0F8FEDC
:10CC1000FEF79EFC18B9B8211120FFF79FFF002CEA
:10CC20000BDB04F01F036409A4009E4004F1604480
:10CC300004F56144C4F88061266001233B702846F6
:10CC4000F8BD4FF0FF35FAE77019002000A008503A
:10CC500000E100E09C210400074BB3F90830002BF1
:10CC600009DB5A09012103F01F03994002F1400337
:10CC7000024A42F8231070477019002000E100E0DA
:10CC8000014B1878704700BF7019002050B1074B56
:10CC900003F1140253F8041B934240F8041BF9D12A
:10CCA000002070476FF01500704700BF5961040005
:10CCB0002DE9F84F0746894693469846374CDFF8EA
:10CCC000F0A0374D2E780136F6B2D5E84F3F01334C
:10CCD000DBB2C5E8403F0028F7D101216160C4F80C
:10CCE0000001C4F80401EFF3108072B62D4BC5F8B3
:10CCF0000490AB60C5E905B33B68C4F810357B68A8
:10CD0000C4F81435BB68C4F81835FB68C4F81C3582
:10CD1000254BC4F830351033C4F83835216000B9DC
:10CD200062B6D4F800312BB9D4F8043113B92B789A
:10CD30009E421CD0B8F1000F09D00A9B3BB1D4F839
:10CD400040350A9AC8F80030D4F83C351360D4F85E
:10CD50000431002BB5D12978B142B2D1C4F80031E9
:10CD6000C4F804310323C4F80833BDE8F88FDAF8B7
:10CD70001030DB06D5D503238021C4F804330B4BD8
:10CD8000C3F88811D4F80031002BCAD1D4F804318B
:10CD9000002BC6D104F077FFC3E700BF007004503A
:10CDA0007C1900201000000B8019002000E100E039
:10CDB00000ED00E01A4B4FF4000270B5C3F8982064
:10CDC000BFF34F8FBFF36F8F164C0021164DC4F881
:10CDD0000011C3F898212E692B6906F0100643F064
:10CDE00010032B610123C4F804332360D4F800310D
:10CDF0009BB11EB92B6923F010032B610123D4F8DA
:10CE000008054FF400026360C4F808330023C4F837
:10CE10000031034BC3F8982170BD04F034FFE5E7FF
:10CE200000E100E000700D5000ED00E038B50B4966
:10CE3000042301EBC302157905F0FF042DB1013B7A
:10CE4000F7D240216920FFF789FE41F83300012124
:10CE50005471D8B29471117138BD00BFA01900206F
:10CE6000042808B503D947216920FFF777FE034B53
:10CE7000002203EBC0031A7108BD00BFA0190020F7
:10CE8000042808B503D950216920FFF767FE094B34
:10CE900003EBC0000379012B01D05121F4E7437962
:10CEA00082790133DBB29A4218BF4371BDE8084072
:10CEB000FFF7D2BEA019002038B505240F4D95F814
:10CEC000281005EBC1031A79012A09D158799A79FA
:10CED000904205D05A79D2B29A7155F831309847BC
:10CEE00095F82830013C0133DBB2052B28BF002325
:10CEF00014F0FF0485F82830E1D138BDA0190020D6
:10CF0000094B0A4AC3F800230132C3F80C2301324B
:10CF1000C3F818230132C3F820230132C3F81C23BD
:10CF20000132C3F81021704700A0085004000080AF
:10CF3000074B0022C3F80023C3F80C23C3F81823BF
:10CF4000C3F82023C3F81C23C3F81021704700BF87
:10CF500000A00850844641EA000313F0030359D1AE
:10CF6000403A33D3F0B4F0C9F0C0F0C9F0C0F0C912
:10CF7000F0C0F0C9F0C0403AF5D2F0BC26E0403A2B
:10CF800024D300BF0B6803604B6843608B688360E9
:10CF9000CB68C3600B6903614B6943618B69836133
:10CFA000CB69C3610B6A03624B6A43628B6A83621B
:10CFB000CB6AC3620B6B03634B6B43638B6B836303
:10CFC000CB6BC36340304031403ADBD230320BD3BD
:10CFD0000B6803604B6843608B688360CB68C360F9
:10CFE00010301031103AF3D20C3205D351F8043B13
:10CFF00040F8043B043AF9D2043208D0D2071CBFEF
:10D0000011F8013B00F8013B01D30B880380604617
:10D01000704700BF082A13D38B07B0D010F003036A
:10D02000ADD0C3F10403D21ADB071CBF11F8013BDA
:10D0300000F8013BA3D331F8023B20F8023B9EE706
:10D04000043AD9D3013A11F8013B00F8013BF9D277
:10D050000B7803704B7843708B7883706046704711
:10D06000014B1B681B68184700010020014B1B681F
:10D070005B68184700010020014B1B689B6818473C
:10D0800000010020014B1B681B69184700010020AC
:10D09000034B1868034BC01A18BF0120704700BF2C
:10D0A00000010020A8D001000F1E02001B1E02007C
:10D0B0001F1E0200271E02002B1E02007BB972B940
:10D0C0000029BEBF00204FF0004106E008BF002845
:10D0D0001CBF6FF000414FF0FF3000F057B8ADF1CA
:10D0E000080C6DE904CE002909DB002B1ADB04F0E3
:10D0F000B8FEDDF804E0DDE9022304B070474042E9
:10D1000061EB4101002B1BDB04F0ABFEDDF804E01A
:10D11000DDE9022304B0404261EB4101524263EB7E
:10D1200043037047524263EB430304F09AFEDDF879
:10D1300004E0DDE9022304B0404261EB41017047A5
:10D14000524263EB430304F08CFEDDF804E0DDE9BA
:10D15000022304B0524263EB4303704753B94AB908
:10D16000002908BF00281CBF4FF0FF314FF0FF30EF
:10D1700000F00CB8ADF1080C6DE904CE04F071FEBE
:10D18000DDF804E0DDE9022304B07047704700BF1A
:10D1900008B5F4F72DF9F6F74FFAF3F749FF002039
:10D1A00008BDFFF773BDF6F7D5B901F066BD01F014
:10D1B00067BD01F05FBD10B586B0044601A8FFF75A
:10D1C00065FD02230020237005236070A3709DF885
:10D1D0000430E0706371BDF805302071E380DDF844
:10D1E0000730A36006B010BD01F0C5B870B50446A5
:10D1F000FCF778F9012805461AD1601CFCF77AF98A
:10D20000B0B1A3790020E61D63F03F03A371F6F7E8
:10D2100091FC38B110220021304604F0D7FD0020E7
:10D22000257070BD3046FCF779F90028F2D0F6E79A
:10D230000025F4E710B504461022002104F0C6FDD5
:10D2400004F1100310220021184604F0BFFDFCF782
:10D250007FF90020F6F76EFC20B12046FCF75EF95E
:10D26000002010BDFCF73EF90028F6D0F8E710B515
:10D270000446FFF79FFDB0F5007F09DA10F5007F47
:10D2800008DD031EB8BF03339B100020237010BDC0
:10D290007F23FAE76FF07E03F7E78178008801F0DB
:10D2A000A5BC37B505460C4600880DF1060101F016
:10D2B0004AF92B882380BDF80630638003B030BD67
:10D2C00038B505460C46F4F7A7F830B13E2D04D129
:10D2D0002046BDE83840F4F7E3B838BD37B504461A
:10D2E0002046F7F779F8022805460FD004280DD11B
:10D2F00023788A2B0DD0942B21D0204600F038F8CB
:10D30000A1782078FFF7DCFF0028E9D0284603B099
:10D3100030BD05213E20FFF7D3FF0028EDD1E37893
:10D3200001A92279684643EA0223ADF8003001F0F2
:10D33000E9FB0028D4D053210820F3F73DFE1A2141
:10D340003E20FFF7BDFF0028D7D163796946A27957
:10D3500001A843EA0223ADF8043011238DF806300A
:10D36000F6F7F0F80028BBD06521E5E702F0F4BA43
:10D3700010B503780446813B1B2B43D8DFE813F03C
:10D38000430049005500590063007B0081001C00E8
:10D3900075004F008F0095006F00850089009B008D
:10D3A000A900C300CE00DC00E200010107010D016D
:10D3B00013014200FB00F5002920F4F771F830B1A9
:10D3C0003E232370222363702923A3701AE00A20CE
:10D3D000F4F766F83E23237018B11F2363700A2305
:10D3E000F3E70123A37013236370E37903F00103D0
:10D3F000E371D4F81A30C4F80E30E38B638294F8EA
:10D400002030237510BD3E23037004234370142382
:10D41000DBE73E2303700A2343700323D5E73E2353
:10D4200003700D2343700523CFE7052323700423E6
:10D4300007E05A20F3F7F0FF08230028F6D05A221D
:10D4400022706370DEE75B20F3F7E6FF18B15B2321
:10D4500023700623F5E7302323700323F1E73E23EF
:10D4600003700B2343700723AFE73E2303700623AB
:10D4700043700C23A9E71323037083789B000133C7
:10D48000DFE7572303700223DBE73E2303700D23FE
:10D490009BE73E23037001234370112395E73E234E
:10D4A00003700623437012238FE73E230370092382
:10D4B0004370132389E73E2303702420F3F7F0FF22
:10D4C00018B12423A3701423BBE70E23A3701023E9
:10D4D000B7E73E2303702520F3F7E2FF227B20B15C
:10D4E00025230B32A37062708CE70F2304F10B012C
:10D4F00004F10800A37002F1080302326370BDE872
:10D50000104004F04CBC3E2303702620F3F7C8FF04
:10D5100018230028D6D02622A27092E73E2303705B
:10D520002A20F3F7BDFF18B12B2363702A234CE7A1
:10D530001D236370192348E73E23037007234370BC
:10D540001A2342E73E2303703820F3F7A9FF18B1EE
:10D550003823A370262374E72C23A3702023637041
:10D56000E38A03F00F03E3824CE7FF2303700D23EC
:10D570004370802329E7FF2303702923437081230D
:10D5800023E73E2303700C23437023231DE73E2330
:10D5900003700E234370372317E73E2303700A23DB
:10D5A0004370352311E73E230370FE2343702B2382
:10D5B0000BE708B510B96FF0150008BDFFF7D6FEF0
:10D5C0000028F8D00020F8E710B50C4648B141B16A
:10D5D000FFF784FE002820700CBF6FF022000020AF
:10D5E00010BD6FF01500FBE7F8B5941C0E4605461C
:10D5F00017460C446343B3F5004FA8BF4FF0FF3309
:10D6000010F003019CB203D0B0211420F3F7D4FC36
:10D61000B4F5004F01D9B121F7E71422043004F02A
:10D62000D5FBEF746C802E80F8BD38B50388C488B4
:10D630008B420589C4F30E0203D2D1211420F3F7E3
:10D64000BBFC84EA0503C3F30E030BB9AC4206D15D
:10D6500002F118030122C1528274184438BD1846E1
:10D66000FCE7023101444A43B2F5004FA8BF4FF036
:10D67000FF3290B21B3020F00300B0F5004F34BFF2
:10D6800000B24FF0FF30704740881B3020F003009D
:10D69000B0F5004F34BF00B24FF0FF3080B270479A
:10D6A00038B503888B4203D2F7211420F3F784FCAA
:10D6B000857C65B1C388C3F30E031833C25A8A420E
:10D6C00007D3C152811DF3F7FBFE00238374284664
:10D6D00038BD0025FBE703461830F0B59E88DD888D
:10D6E000B4B2C6F30E06A54214D05F89DD7C845B1C
:10D6F0003D44E41B0235A4B2354428440D88A542BC
:10D7000084BF0C8025465989B1FA81F1490911700D
:10D71000DD81F0BD00252846FAE7F8B582880026AD
:10D72000C38904460D4692B20E60CBB14189C2F363
:10D730000E020B4418329BB28718825A43819342DF
:10D7400004D94FF4A2711420F3F736FC04D1011D63
:10D75000F3F7B6FE46812F6000230120E381F8BD78
:10D760001846FCE78388014602899BB29A4202D0A0
:10D770000831F3F7A5BE70478388C0889BB2C31AEF
:10D78000584258417047828873B595B2C488C2F335
:10D790000E02AC4202F1180212D04189C689835AA6
:10D7A000314499420EDB0DF10601ADF80650F3F756
:10D7B00087FEBDF80600001B18BF012002B070BD37
:10D7C0000020FBE70120F9E770B5C488034606890D
:10D7D0001830C4F30E0584EA0602C2F30E020AB939
:10D7E000B4420FD19C891A880CB1465B921B9142BE
:10D7F00007DCDA7C2C440232224410440A461A82A6
:10D8000070BD00221046FAE7F8B5038A002B38D025
:10D810008B4236D3C48800F118038589C4F30E0403
:10D820001E1995B91D55757085891E5B0D443144CF
:10D83000ADB285811953D2B1811DF3F741FE0023AA
:10D840008381002303820120F8BD1E5BAE4204D019
:10D850004FF4F6711420F3F7AFFBC57C2644878A9A
:10D86000023535445E195F53857DB570DCE7C27CB7
:10D87000254402322A4499189B5A83828B788375F7
:10D88000DFE70020E0E78388C2889BB29A4206D097
:10D89000428922B9C3F30E0318331844704700209D
:10D8A0007047C37C0233C8187047C37C0233C81A60
:10D8B00070470230704738B58388C2889BB29A425D
:10D8C00007D045892DB9011DF3F7FAFDC581012067
:10D8D00038BD0020FCE703881380C388C3F30E0320
:10D8E0001833034480890B6070470368002223B912
:10D8F000C0E90132031D0360704759681B680A4480
:10D90000F5E70729034670B504D84FF4EC711520EC
:10D91000F3F752FB0068C0B1446806461A688C42AF
:10D9200010D0106860B901F10805AC420DD35468FD
:10D9300050501868651A541800686560505002E02D
:10D940001346E9E7146830461C6070BD0023C1E946
:10D95000003203680B600160704730B590B1847885
:10D96000B1FBF4F304FB131300EB430252898A4228
:10D9700001D1D8B230BDC27822B900F10803D0B2CB
:10D98000844201D8FF20F5E733F8025F01328D426F
:10D99000F5D1EFE78278038805324B4303EB42036E
:10D9A0001844704737B500240546CDE900448DF88A
:10D9B00006006846ADF80440F3F762FFBDF8044086
:10D9C00008B103B030BD29462046F3F735FF0028E3
:10D9D000EFD040F235211720F3F7EEFA70B51E466E
:10D9E0000D460921FFF73DFE04463246092128462F
:10D9F000FFF737FE40EA04031B0454BF00194FF041
:10DA0000FF3070BDD31D23F0070370B5083390B10C
:10DA100010F0070403D058212220F3F7CDFA046058
:10DA20004FF6FF75C28000F108040A468180013A72
:10DA300092B2AA4203D103FB01F0083070BD066820
:10DA4000266004601C44F2E7012303707047F8B5B8
:10DA50000C46054611461E4684F001046400E4B2FB
:10DA6000FF23837003191B7D012B05D00134E4B221
:10DA700003191B7D012B0AD105EB44073B8B3A8C24
:10DA80009819904205DD00232C443B832375002028
:10DA9000F8BD05EB8404324660681844FFF75AFA73
:10DAA0003B8B1E443E830023AB700120F0E781F0E6
:10DAB0000101490010B5C9B2FF23837043181C7DD2
:10DAC000012C07D10C3120F8112002221A750023F5
:10DAD000837010BD0131C9B243181C7D012CF1D0F7
:10DAE0004FF499710920F3F767FA024630B583784D
:10DAF00003F0FF00F3B9137D022B19D0537D022BE5
:10DB000015D10346012089B10024D5180C332C759A
:10DB100022F81340131803241C7502EB80035B6882
:10DB20000B6000F10C0332F813308B80012030BD04
:10DB30000123E8E70020FAE7034630B5827802F0D7
:10DB4000FF00E2B99A7D022A17D0DC7D022C13D1A6
:10DB5000032281B11D1900200C34287523F814000C
:10DB600098180324047503EB82000C32406833F8E4
:10DB7000123008608B80012030BD0324E9E70020CB
:10DB8000FAE7037D012B01D1008B7047437D012B08
:10DB90000CBF408B00207047837D012B01D1808B0F
:10DBA0007047C37D012B0CBFC08B00207047038BD7
:10DBB00023B9408B003818BF0120704701207047FF
:10DBC000838B23B9C08B003818BF01207047012018
:10DBD0007047027D022A01D1008B7047437D022BE2
:10DBE00001D1408B7047032AF6D0032BF9D00020D7
:10DBF0007047827D022A01D1808B7047C37D022B42
:10DC000001D1C08B7047032AF6D0032BF9D0002036
:10DC100070472DE9F0410646069898460D464307A1
:10DC200011469DF81C7002D010F0030003D025218E
:10DC30004C20F3F7C1F94FF48B72FFF7E3FE002F8E
:10DC400006AB044600FB08F114BF00201846F3F7AA
:10DC500059FC17B9069B33602C60BDE8F081F3F7DF
:10DC6000F5BFF4F74FB890F854300246590705D580
:10DC700090F85600431E58425841704713F0030075
:10DC8000FBD092F8550000F0FD00F3E708B5012144
:10DC90000020F3F7BBFD20B940F64A313220F3F7FC
:10DCA0008BF990F89400003818BF012008BD90F857
:10DCB0006C00003818BF0120704710B50E21F3F733
:10DCC00069FD044618B95E215320F3F775F94FF446
:10DCD000BA72002104F07AF80123142284F8F33098
:10DCE00084F8F42084F8173110BD0020704700201C
:10DCF0007047704701207047704700207047704799
:10DD0000002070477047704700F0FD00003818BFD2
:10DD1000012070472DE9F0411646B0F86A70B0F85E
:10DD20006C5071B303F0CEFA0446022101F044FABC
:10DD300080460221204601F03FFA474528BF47466A
:10DD4000BFB21B2F38BF1B27FB2F28BFFB278542E5
:10DD500028BF05467780ADB21B2D38BF1B25FB2D94
:10DD600028BFFB25B4F5A47F38BF4FF4A474F58019
:10DD7000B4F5296F28BF4FF42964B4803481BDE81D
:10DD8000F08102F063FCCFE713B501210020F3F727
:10DD90003DFD044688B901210846F3F737FD0446E6
:10DDA000C0B90023CDE9003303238DF8063068465F
:10DDB000F3F766FDC8B100200AE0A830FFF777FF4F
:10DDC0000028E8D02046FFF74EFF0028E3D00120CE
:10DDD00002B010BDA830FFF76AFF0028E1D020464E
:10DDE000FFF741FF0028DCD0F1E7009C204602F05D
:10DDF00001FD0028DBD0204602F0E2FE0028D6D04C
:10DE0000E5E713B501210020F3F700FDC0B90121BA
:10DE10000846F3F7FBFCF8B902F0D6FCA0B90623DC
:10DE20006C46019000908DF806302046F3F728FDEF
:10DE3000C0B100230093636007238DF806301FE014
:10DE4000A830FFF734FF10B1012002B010BDFFF77A
:10DE50001DFF0028DBD0F7E7A830FFF728FF0028D8
:10DE6000DAD0F1E70098403002F0BEFA0028DCD0AA
:10DE7000EAE7009B586F503002F0B6FA0028E4D170
:10DE80002046F3F7FDFC0028F3D00020DDE71FB5A6
:10DE9000002240F6881303A90092FCF70FFE05B09C
:10DEA0005DF804FB10B5044638B1F5F737FC24EAF9
:10DEB0000000B0FA80F0400910BD0120FCE770B509
:10DEC00005460C4602F096FCF0B9284602F0D8FD53
:10DED000D0B904212046F3F799FC064678B906210B
:10DEE0002046F3F793FC054680B903212046F3F75B
:10DEF000A3FC88B141F6CE013920F3F75DF840303C
:10DF000002F072FA0028EAD00C2010E0403002F053
:10DF10006BFA0028E9D0F7E73EB104212046F3F779
:10DF20008BFC10B141F6D501E6E70DB9002070BDBC
:10DF300006212046F3F780FC0028F7D041F6DC01EB
:10DF4000DAE738B50D460446F3F79AFDA84212D336
:10DF5000204602F079FF08B11F2D0ED8204602F0AE
:10DF6000E6FD60B12946204602F00CFE00280CBFF9
:10DF70004520002038BD0720FCE71220FAE74220A8
:10DF8000F8E738B5044602F0D2FDD8B1204602F0D9
:10DF900031FC08B9002038BD204602F027FB0546B9
:10DFA000204602F026FB78B9002DF3D00221B5F807
:10DFB000AA00F3F741FC0028ECD041F6D821392023
:10DFC000F2F7FAFF4220E6E70C20E4E7F0B587B06D
:10DFD0000546008802A901F055F9044600287CD1C5
:10DFE000029B93F87021029ED11E4A424A418DF84D
:10DFF000062096F8A820002A72D1DA7B222A72D154
:10E000009DF8062082F0010293F866308DF8072013
:10E010009B0603D49DF80730002B68D0EB881B3B90
:10E020009BB2E02B65D8298944F24810A1F5A4736E
:10E030009BB283425DD86B881B3B9BB2E02B58D8C8
:10E04000AA88A2F5A4739BB2834252D8B1F5296F76
:10E0500051D8B2F5296F4ED8FF2786F82F719DF859
:10E060000630002B41D1029B03AA06F1A80093F8C9
:10E07000A810B1FA81F14909FFF74CFE6A88BDF892
:10E08000123040F64800BDF814109342B5F806C0AF
:10E0900028BF13468142AA88A6F8343128BF01461A
:10E0A000BDF80E30634528BF6346A6F83031BDF891
:10E0B0001030834228BF03462889834228BF034685
:10E0C0008A42A6F83231134628BF0B46A6F83631ED
:10E0D00086F82E71002386F82F31204607B0F0BD58
:10E0E0001A6892068CD422468EE73A24F2E71A2464
:10E0F000F3E71224F1E71124EFE710B5044602F02C
:10E1000063FB58B901210020F3F780FBD0B901214E
:10E110000846F3F77BFBD8B9012009E0F5F7B6FA1A
:10E1200068B1F4F7DDFD044602F077FE08B1002087
:10E1300010BD204602F06DFE0028E3D0F7E7002C6A
:10E14000E0D1F4E7A830FFF7B2FD0028DFD0EEE71A
:10E15000A830FFF7ACFD80F00100C0B2E8E700682E
:10E1600090F8A8303BB190F8EA3123B1002380F851
:10E17000EA31F7F75DBE704710B5FFF705FE0446BC
:10E1800030B9F7F72FF82046F5F748FE204610BDC6
:10E190000C20FCE710B503780446012B01D91220AE
:10E1A00010BDFFF72EFE60B92078FFF7ADFD012806
:10E1B0000DD004F11703E21D611CBDE81040F5F716
:10E1C00033BEF5F7C3FE0028EED00C20E8E7A379B4
:10E1D00003F0C003C02BE2D1EBE710B5037804468F
:10E1E000012B0AD8FFF70DFE48B9214611F8010BA3
:10E1F000FFF78AFD00F06DFF38B9122010BDF5F76A
:10E20000A5FE0028F1D00C20F8E70020F6E710B5B5
:10E210000446FFF7B9FD90B92078012803D9FF28FB
:10E2200009D0122010BD611CFFF76EFDF6F7E0FF6C
:10E2300038B10020F6E70120F5F7F0FDF9E70C20F2
:10E24000F0E70720EEE710B50446FFF79DFD98B90B
:10E250002378012B03D9FF2B0BD0122008E018469E
:10E26000611CFFF751FDF6F7EFFF0028F5D0002005
:10E2700010BDF5F7D3FDFAE70C20F9E708B50088E3
:10E28000F5F76AFE00280CBF3020002008BD38B525
:10E290000546FFF7B6FD044638B92878003818BFA0
:10E2A0000120F5F74DFE204638BD0C20FCE708B5EF
:10E2B000FFF7A7FD18B9F5F733FE002008BDF5F705
:10E2C00045FE0028F7D00C20F8E708230370002053
:10E2D000704711224FF442530270C2705922A0F8C5
:10E2E00001308280C38000207047082108B5F3F711
:10E2F000DDFC002008BD73B5064600880C4608808A
:10E3000001A980B200F0BEFF054640B9B3784BB911
:10E31000019B93F92801A070FAF798FFA070284696
:10E3200002B070BD7F20FFF7B2FDF4E710B50446E0
:10E330006FF07F00FFF7ABFDFAF788FF20707F20BA
:10E34000FFF7A5FDFAF782FF6070002010BD0A46B6
:10E3500000F1100108B5072303F08BFC002008BD75
:10E3600010B5014604460020F5F7CAFB08B9206045
:10E37000A080002010BD10B50446F5F757F928B964
:10E3800000202146F5F7A4FB002010BD0020FFF778
:10E39000B4FE0028F4D10C20F7E710B504460120A4
:10E3A000FFF7ABFE28B101202146F5F791FB0020D5
:10E3B00010BD0C20FCE7FFF709BE1FB502880A80DC
:10E3C00044F2902183888B4215D8B3F5296FADF8BC
:10E3D0000420428801A828BF4FF42963ADF8062025
:10E3E000ADF80830ADF80A20ADF80C30FFF7EEFDBF
:10E3F00005B05DF804FB1220FAE737B508800D463A
:10E4000001A900F03FFF044640B901982A4610F8E0
:10E41000A81FB1FA81F14909FFF77CFC204603B03F
:10E4200030BD03466FF06F0100200A2210B56FF077
:10E430000404587099701C70DA701C7158719971CD
:10E44000DA7110BD10B50446FFF7DBFC58B920782F
:10E45000611CFFF759FCE279F5F742FE80F00100FC
:10E460004000C0B210BDF5F771FD0028EFD00C20C0
:10E47000F8E773B500880D46088001A980B200F066
:10E4800001FF044680B9019E86F8224196F82001DA
:10E49000F4F71EFBA87096F82101F4F719FBE87059
:10E4A00096F82231002BEFD1204602B070BD1FB587
:10E4B000044603A9008800F0E5FE38B9A388022BC2
:10E4C00014D8E078FFF7EEFC10B9112004B010BDAD
:10E4D000A078FFF7E7FC0028F7D0012303A80093FA
:10E4E000A388E278A178F5F747F9EFE71220EDE786
:10E4F00037B58378C17803F00104027903F0020391
:10E5000051EA04051DD052EA03051AD0002C18BFA9
:10E510000021002B037818BF00228DF802108DF81F
:10E520000320427843EA0223ADF800304379827930
:10E53000684643EA0223ADF80430FFF7B8FF03B0A2
:10E5400030BD1120FBE713B50C4601A900F09AFE7F
:10E5500028B9019B93F8A820DB8812B9238002B068
:10E5600010BD0133FAE713B5044600F0D5FD0028CD
:10E570004DD02046FF24F5F72FFE0023CDE90033D0
:10E580006846F3F77DF948B300244FF44033CDE9F2
:10E590000043FF246846F3F773F918B300204FF4E3
:10E5A0008023FF24CDE900036846F3F769F9E8B159
:10E5B00000214FF4C023FF24CDE900136846F3F790
:10E5C0005FF9B8B100224FF42023CDE9002368465B
:10E5D000F3F756F990B1002002B010BD009B83F80C
:10E5E0003D42CDE7009B83F88A40D3E7009B83F848
:10E5F0003440D9E7009B83F83440DFE7009B93F871
:10E600003820032AE3D1FF2283F82220DFE71220FB
:10E61000E2E707B5008801A900F056FE30B9019B7A
:10E6200093F83F2112B9FF2283F83F2103B05DF830
:10E6300004FB10B50446F5F767F820600020616020
:10E6400010BDF0B5044689B000200E4604F118074D
:10E65000F5F716F823466A461868083353F8041C81
:10E660001546BB4203C52A46F6D119889B782980F6
:10E67000AB7000238DF81B308DF81C30637E042BAB
:10E6800010D8A37E042B0DD8237D022B0AD06378EB
:10E6900003F01803082B05D031466846F4F7D4FD83
:10E6A00009B0F0BD1220FBE7F0B5044689B00020A8
:10E6B0000E4604F11807F4F7E3FF23466A4618688C
:10E6C000083353F8041C1546BB4203C52A46F6D14D
:10E6D0001B782B7000238DF81930ADF81A308DF8A7
:10E6E0001C30237D022B0AD0637803F01803082B1B
:10E6F00005D031466846F4F7A7FD09B0F0BD1220F9
:10E70000FBE710B5032104460078F3F77FF820B14A
:10E710002178BDE81040FFF7D2BB422010BD2DE9A3
:10E72000F7430646477803210078F3F76FF804466D
:10E73000002852D002F088FB042F054696F803907B
:10E7400004D1B9F1000F4ED0122013E0E06CFFF7B6
:10E7500018FAF37800EB09081FFA88F86BB920461D
:10E7600002F031FB80450ED9204602F06DFB0028F7
:10E77000EAD1072003B0BDE8F083204602F035FB64
:10E780000028ECD1E0E741462046FFF7DAFB0028FD
:10E79000F0D1FB1E012B22D9B9F1000FD4D0002DEE
:10E7A000D2D1012F04D10222E16C6846F3F780F93F
:10E7B0004B4672680121E06CFFF749F90028D8D078
:10E7C000023F012F07D8E06CFFF7DBF90121024679
:10E7D000E06CFFF76CF90020CCE74220CAE785F037
:10E7E0000102D2B2E0E70028AED1204602F002F8E2
:10E7F0000028A9D0E06CFFF7DAF90028A4D0204661
:10E8000002F04EFBE7E737B50446F4F769FA054630
:10E8100023781F2B18D8C16C04226846F3F748F9F7
:10E8200022460021E86C12F8013BFFF710F968B1AD
:10E83000EC6C2046FFF7B0F9002102462046FFF7B6
:10E8400036F9002003B030BD1220FBE70720F9E7BE
:10E850002DE9F7430746467890F8039003210078A6
:10E86000F2F7D4FF044600284FD0F4F70FFF30B181
:10E87000204602F0D2FA002808BF4FF00009E06CF1
:10E88000FFF78AF9FB7800EB09081FFA88F84BB903
:10E8900041462046FFF755FB054650B1284603B0D8
:10E8A000BDE8F083204602F0B8FA0028F0D1122526
:10E8B000F4E7042EFBD0032E0CD1204602F0C4FA5C
:10E8C00008BB012E14BF05220622E16C6846F3F74F
:10E8D000EFF808E0B9F1000FE9D0204601F08AFF17
:10E8E000A8B9012EE9D04B467A680021E06CFFF709
:10E8F000AEF870B1023E012ED0D842460021E06C45
:10E90000FFF7D5F8CAE70422DFE74225C6E70C2562
:10E91000C4E70725C2E713B504460020F4F7B0FEAC
:10E92000E378FB2B13D82278043468468DF8033043
:10E930008DF8002014F8022C8DF8022014F8032C16
:10E9400001948DF80120FFF783FF02B010BD122063
:10E95000FBE710B504460020F4F792FEF3F790F8B9
:10E960002080002010BD73B504460020F4F788FE17
:10E9700063787BBB23783BBB01936C4600930323F6
:10E980008DF806302046F2F77BFFD0B90098FFF7EC
:10E99000F8FA0028F6D018E09E00032104EB830368
:10E9A0009878F2F733FFB8B12378012B0BD1B11C63
:10E9B0002144F4F7B3FA013538B96278EBB29A42E0
:10E9C000EAD8002001E013B1122002B070BDFFF7B9
:10E9D000D8FAF0E70025F0E74220F6E738B5032142
:10E9E00005460078F2F712FF0446A0B101F002FFDD
:10E9F00028B92046691C02F0E8F8002038BD2046FE
:10EA000002F00BFA08B10C20F8E7204602F001FAF8
:10EA10000028EED0F7E74220F0E737B50446F4F7D8
:10EA20005FF9054623781F2B18D8C16C0022684671
:10EA3000F3F73EF822460121E86C12F8013BFFF79C
:10EA400006F868B1EC6C2046FFF79BF801210246FE
:10EA50002046FFF72CF8002003B030BD1220FBE762
:10EA60000720F9E713B504460020F4F709FEE37820
:10EA7000FB2B13D82278043468468DF803308DF8C8
:10EA8000002014F8022C8DF8022014F8032C0194B5
:10EA90008DF80120FFF743FE02B010BD1220FBE706
:10EAA00073B505460026F4F71BF904468DF804609B
:10EAB00002F0B7F92B78C0018DF80760012BADF893
:10EAC000050005D101A92046F4F728FA02B070BD6F
:10EAD0002BB9204602B0BDE87040FFF752BA1220B1
:10EAE000F4E710B5044634F8020B0880022180B226
:10EAF000F2F78CFE20B12146BDE8104002F0B0BB19
:10EB0000022010BD008808B50880022180B2F2F70B
:10EB10007DFE20B10021BDE8084002F0A1BB02202B
:10EB200008BD37B5044600880D460880092180B22B
:10EB3000F2F76CFE10B10C2003B030BD0B21208821
:10EB4000F2F764FE0028F6D10C212088F2F75EFE71
:10EB50000028F0D101A9208800F094FB0028EBD117
:10EB6000019B9B8F6B80E7E737B5044600880880E0
:10EB7000092180B2F2F74AFE10B10C2003B030BD7B
:10EB80000B212088F2F742FE0028F6D10C212088C4
:10EB9000F2F73CFE0028F0D163880BB91220EDE7B4
:10EBA00001A9208800F06EFB0028E7D1658842F2B9
:10EBB0001072019BA9B2D3F8C8405143B3F8DE20CC
:10EBC0006243B3F8D04004FB02229142E6D3D3F86B
:10EBD000C820D3F8C8409442F9D100229D875A63D7
:10EBE000621E0A44B2FBF4F29A63C7E710B50C4602
:10EBF0000221F2F70BFE90B1022C12D804F00102B0
:10EC0000C4F3400480F8EC2180F8EB4112B190F895
:10EC1000EA310BB9002010BDF7F70AF9FAE7022034
:10EC2000F9E71220F7E710B504460078FF280AD06C
:10EC30000321F2F7EBFD58B16378A27843EA02238F
:10EC4000C384002010BDB4F80100F7F71DFAF8E7FF
:10EC50004220F7E710B504460078003818BF0120BD
:10EC6000FAF7E8FA2078003818BF0120F7F7CCF857
:10EC7000002010BD0620F4F70FBD0820F4F70CBDEE
:10EC800002F01EBB10B5044604B910BD23689847B6
:10EC90006468F9E703680BB9016070471A465B685E
:10ECA00013B18A42FAD170478A4218BF5160704747
:10ECB00008B5F8F7A7FDF7F79BF8BDE80840F8F7A7
:10ECC00089BD08B5F7F762F8F8F774FD20B140F296
:10ECD00063119320F2F770F90320BDE80840FEF7B6
:10ECE00061BE08B50220FEF75DFE0020FEF75AFE69
:10ECF000F2F750FEF4F7A0FEF3F77AFD20B140F2F0
:10ED000043119320F2F758F908BDFFF7EABF08B5A1
:10ED1000FFF7D7FFF9F704FC20B14FF4BC71932043
:10ED2000F2F74AF908BD08B500F0A5F9F3F770FD50
:10ED30000220FEF737FE0020BDE80840FEF732BE95
:10ED4000FCF784BB0B46892203F8032BD0F809207B
:10ED5000C1F80320427B1A71704738B50D4604464E
:10ED6000F4F7DCFC2B78002B08BF034684F87430E2
:10ED70006B78002B08BF034684F875306B88A4F8C5
:10ED8000763038BD37B58B780546046803F0070345
:10ED900084F819314B7803F0070384F818312623DF
:10EDA000E37394F8393113BB94F83831012B1ED03A
:10EDB00094F8213194F81821D91E012998BF042311
:10EDC0009A42B4F81E3118D194F8202194F8190110
:10EDD000D11E0129B4F81C1198BF042290420CD115
:10EDE0000222A4F83A11A4F83C3184F838212846CC
:10EDF00003B0BDE8304000F0D5BF022094F81D21DB
:10EE000094F81C1100902846F4F7B6FC0028EED0C8
:10EE10004FF46671AE20F2F7CFF838B503680446B8
:10EE20000D4693F83831012B02D11E21F4F71EFD57
:10EE30002368002083F8380165B1182283F89920EF
:10EE400009229A7393F84E3093B940F25B41AE2099
:10EE5000F2F7B2F8DA7B243A072A03D82046DD73AA
:10EE600000F0B2FF20461821BDE8384000F0DCBFBA
:10EE700038BD08B503689A7B22B14FF4E671AE2025
:10EE8000F2F79AF824229A7308BD034610F00100A5
:10EE900007D19A0704D413F0040018BF0320704769
:10EEA000022070472DE9F34B1646054610461F46D3
:10EEB00046EA0104FFF7E9FF83460846FFF7E5FF4E
:10EEC00089464BEA0404DDF8288001900443E4B24B
:10EED000003C18BF0124F4F721FC064018BF5E4631
:10EEE000F4F71CFC95F8202110EA0901019B18BFDA
:10EEF0001946B24214BF3346002388F8003095F813
:10EF000021218A4208BF00210B4388F801100AD151
:10EF1000EB88013FFF1A47F6FD73BFB29F428CBFDB
:10EF2000002404F00104C6B995F82001F3F7E0FDD0
:10EF300003280ED195F83831012B0AD1B5F83C21C0
:10EF400095F82031012A0AD1042B0AD0042388F82D
:10EF50000030204602B0BDE8F08B032EE9E7032B1A
:10EF6000F7D00323F3E7032906D101280AD10421AE
:10EF70000120518013807047042903D1012801D05A
:10EF80000321F5E700207047012807D0022805D0AB
:10EF9000033801288CBF00200120800070472DE934
:10EFA000F0410C6805460F4694F84222D31E012B0F
:10EFB0002DD894F82031D91E012928D8D31A18BF8A
:10EFC000012394F84302FFF7DFFF06460BBB104610
:10EFD000FFF7DAFF804694F89F306BB948EA0603E2
:10EFE00013F0FF0306D0204600F02FFF3B68DB88BC
:10EFF00003449BB2A4F84032B4F840320520AE700E
:10F00000EB701B0A85F801802B71BDE8F0810023AD
:10F01000D7E74FF00008DEE770B5056802460B46FB
:10F02000EC7BA4F12406072E15D994B9AD7B292DCC
:10F0300011D04D786E0706D08D786D0703D0FFF79D
:10F04000A1FE204670BD19781046BDE8704000F062
:10F05000EBBE0124F5E72024F3E708B50368DA7B6B
:10F06000262A05D022B140F2D351AE20F1F7A4FFF9
:10F070002722DA7308BDF4F7DFBC704730B5424091
:10F080001C7808785D7860404C786C409D7820440E
:10F090008C786C40DD782044CC786C401D795B79AD
:10F0A00020440C7949796C404B402044184410446A
:10F0B000B0FA80F0400930BD024600200139C9B2E3
:10F0C000FF2900D17047535C83F001030344D8B299
:10F0D000F4E708B5F4F73AFD082807D0F4F758FD2F
:10F0E000082803D0F4F768FD012008BD0020FCE7E4
:10F0F00008B5F4F72BFD082803D0BDE80840F4F765
:10F1000047BD08BD08B502F066F918B1BDE8084072
:10F11000FAF79AB9082008BD70B503791F2B0FD8EC
:10F12000461E051D002416F8010F00F022FE0444BF
:10F13000AE42E4B2F7D1012C94BF0020012070BD93
:10F140000020FCE701440023884203D1B3FA83F096
:10F150004009704710F8012B1343F5E7F8B5054651
:10F160000C46D0E9047602F023FB18B9522129207D
:10F17000F1F722FFE4B1D5E90423D21B63EB0603C8
:10F18000012A73F100014FF0000113DB6FF0010061
:10F190009042994101DA5C21E9E7631E1344B3FB15
:10F1A000F4F35C43E41946F10006C5E904461C4645
:10F1B0002046F8BD0C46FBE7022905D13C281AD9A8
:10F1C00080100F3880B27047CB1E012B0ED8042957
:10F1D0000BBF96234FF416731022402203F5BC7325
:10F1E000984208D9C01A90FBF2F0EBE7702802D9D8
:10F1F000C0100E38E6E700207047022908B5034624
:10F2000014D005D8012909D0E7212920F1F7D4FE2F
:10F2100003390129F8D840F6A66008BD40F6C410AD
:10F2200040F2E242002B08BF1046F6E740F6C41059
:10F23000F3E7801A723810B58842029C94BF091A0D
:10F24000491A2268012902EB510294BF00200120D3
:10F2500022601A68A2EB51021A6010BD69B1A0F5D4
:10F260007A7241F270739A4207D84FF47A73B0FB06
:10F27000F3F000F5506080B2704740F2E243B0FB1B
:10F28000F3F0F8E738B50C4600210546F2F7BEFA70
:10F29000206048B902212846F2F7B8FA2060B0FA97
:10F2A00080F04009400038BD0020FCE70368587B2F
:10F2B000C0B293F830302BB900F0FB00003818BF13
:10F2C000012070470020704710B50C46FFF7DAFFA9
:10F2D00038B92046FFF7EAFF80F001004000C0B2D5
:10F2E00010BD0220FCE738B54FF444720D460021F2
:10F2F000044602F06BFD6FF036020123A4F8AA5019
:10F3000084F867200422E37584F868206FF03B02DC
:10F3100084F86E3084F869206F2284F8A83084F86D
:10F320006A20032284F86B20002284F86C206FF09E
:10F330007F0284F86D202B2284F86620FE2284F858
:10F340009E207F22E27238BD40F6B83307B5B0F890
:10F35000D220D0F8C8100190838701A8F4F7FEFEF0
:10F3600003B05DF804FBC2B292FAA2F2030A93FA68
:10F37000A3F31B0E100E40EA032070470131053045
:10F380000022C9B270B510F8013F8B4216D310F8B5
:10F39000054C0023012505FA03F626421CBF01F1A6
:10F3A000FF31C9B269B10133082BF4D10132D2B2B5
:10F3B000052AE8D19B214620F1F7FEFDC91AC9B202
:10F3C000F4E703EBC200C0B270BD0B6870B5C0F8C3
:10F3D000013004460B790546461D03F01F034371B7
:10F3E0000023C37215F8010F00F0C3FC6871B54229
:10F3F000E37A1844E072F5D170BD81EA114170B52D
:10F400008CB20546C17A032682EA0400FFF7ABFFFF
:10F41000013E00EB001016F0FF0604EB000290B274
:10F42000F4D144402522B4FBF2F302FB1343C3F3AF
:10F43000C402D8B203F007032A445678012202FA24
:10F4400003F31E4207D161432846C1F30741BDE8DB
:10F450007040FFF793BF70BDF8B590F82250044696
:10F460006B1E242B03D9E1214620F1F7A5FDDAB16B
:10F47000C07D002843D194F8243094F8231002FB77
:10F4800001322523B2FBF3F103FB1123DBB204EBC2
:10F49000D30203F0070684F82430117E0122B24023
:10F4A000114202D084F82530F8BDB3FBF5F205FB1C
:10F4B000123304F11C01013303F0FF0311F8012F93
:10F4C0009A4219D311F8055C0022012606FA02F7C8
:10F4D0002F4208D0013B13F0FF0304D102EBC0021E
:10F4E00084F82520E0E70132082AEFD10130C0B2CC
:10F4F0000528E3D1D721B7E79B1ADBB2F6E7E2880C
:10F5000004F11700496AFFF778FF84F82500CBE77C
:10F510000378890123F0400301F040010B4303709D
:10F520007047037803F07F0343EAC1130370704709
:10F530001F2A38B50546144603D9A8212A20F1F719
:10F540003BFD06340930FDF705FD6C7038BD1F2A00
:10F5500038B50546144603D9CA212A20F1F72CFDF7
:10F5600006340930FDF7F6FC6C7038BD03780246AE
:10F5700003F00F03032B3ED0052B42D1C37F90F83D
:10F580002000034392F82100034392F82200034332
:10F5900092F8230000F01F00184333D05378222B39
:10F5A0002FD1B2F81930B1B1B3F5506F13D940F67D
:10F5B00007518B4225D8B2F81B30B3F5FA7F20D221
:10F5C000B2F81D0040F676430A3880B298428CBFEC
:10F5D000002001207047991F40F67A4089B281428D
:10F5E0000FD8917D481E07280BD8994209D2B2F84E
:10F5F00017109942DEE74078A0F10C0358425841B9
:10F60000704700207047C37813F03F035DD007298F
:10F610005BD8DFE801F0040B1E29343F4A5503791B
:10F6200013F0010F0CBF002005207047027912F083
:10F6300002004BD0052002F00102072902EB420232
:10F6400000EB4200C0B241D1021F9A42C8BF002065
:10F650007047027912F0040038D0052012F0020F32
:10F660001CBF0630C0B2E6E7027912F008002DD0C8
:10F67000052012F0040F1CBF0130C0B2EEE7027982
:10F6800012F0100022D0052012F0080F1CBF02302B
:10F69000C0B2EEE7027912F0200017D0084612F04F
:10F6A000100F1CBF0330C0B2EEE7027912F0400029
:10F6B0000CD0052012F0200F1CBF1230C0B2EEE7B4
:10F6C00002795006F5D50620F4E70020704770B5A2
:10F6D0000C46064611461D4624B94FF41F712A20D8
:10F6E000F1F76AFCFFF78FFF10B940F27D21F6E7D2
:10F6F000031F2B443F2B02DD40F27E21EFE72A4619
:10F7000021463044BDE87040FDF724BC10B50446E6
:10F71000FFF779FF00B1204410BD30B5C1F380037D
:10F72000C1F38014C1F340052344C1F3001404EB7A
:10F7300044042344C1F3401404EBC40403EB440326
:10F74000C1F300042C44C1F3C005134404EB44048A
:10F750002C4403EB440313F0FF031CBF013301717E
:10F76000C17818BFDBB221F03F0103F03F04214311
:10F77000C170591C41701AB104339B1A013AC2542A
:10F7800030BD70B5C4780646154604F03F04131921
:10F79000FE2B04DD40F2B9212A20F1F70DFC0135E2
:10F7A000201D2C443044FDF7D5FB747070BDC37828
:10F7B000024613F03F0022D0137913F0200FC3F359
:10F7C000C001C3F3400014BF0922002213F0100F40
:10F7D000114403F001020244C3F3800002EB420231
:10F7E0000A44C3F3801114BF0323002308441844C0
:10F7F00000EB420010F0FF001CBF0130C0B27047A8
:10F800001B2A08B504D940F299312A20F1F7D4FB1C
:10F81000BDE80840FDF79EBB8388A1B1B3F5506FEA
:10F8200011D940F6075293421BD8C388B3F5FA7F2B
:10F8300017D2008940F676430A3880B298428CBFCE
:10F840000020012070479A420BD8B3F5486F08D8C2
:10F850004278511E072904D89A4202D242889A421D
:10F86000E2E700207047013001F1200351F8042B3A
:10F87000994240F8042BF9D10B880380704738B5C2
:10F8800015460446FFF7EFFF2B68C4F823306B687A
:10F89000C4F8273038BD2DE9F04F85B088461546AD
:10F8A00003A99DF838400193FFF7ECFC814618B995
:10F8B000039E2DB901237375012005B0BDE8F08FBB
:10F8C000D6F8C0A029465046FDF7AFFE074608B956
:10F8D0000020F2E7F3F71EFA8542F9D83946504680
:10F8E000FDF7DFFF727D8346A0F80190002A18BF64
:10F8F0004FF0020880F800803846FDF7DAFF07462F
:10F90000DCB1B6F8E640C4B101F023FE40F271224A
:10F910005443241841F1000179602A4601990BF102
:10F9200003003C60FDF716FB29465046FDF7B8FE84
:10F9300028B983212B20F1F73FFB2146ECE7039BFD
:10F9400093F8A83033B103A8FEF709FC039B00220B
:10F95000A3F8E2210023AEE7437837B5C3F30112E1
:10F960000446032A03D8DFE802F0050E1D05002037
:10F9700003B030BD057803F00F000023009302218F
:10F98000231D628807E0057803F00F0000230121A2
:10F990000093231D628845EA0020FFF77CFF60B1D9
:10F9A0000120E5E7F3F7B6FE03685B05DFD5607875
:10F9B0000123257800F00F00E0E7F4F7EFFDEFE713
:10F9C0001A230B7001234B708B707047F4F7ACBC9B
:10F9D00010B521B940F2A9211020F1F7EDFA4A60E3
:10F9E0000B72EFF3108472B6031D0B6042681AB1FC
:10F9F000127A012A08BF036003681960016004B924
:10FA000062B6BDE81040F4F7D9BC0222F4F7B4BDE9
:10FA10000322F4F7B1BD0422F4F7AEBD0222F4F7DD
:10FA2000EFBD8D230B7030F8B53CA1F8033030F8F2
:10FA30006B3CA1F8053030F8673CA1F8073030F88E
:10FA4000693CA1F8093030F8653CA1F80B307047EB
:10FA500008B5CB1E012B04D8800100F5747080B26C
:10FA600008BD012902D10E30C000F8E7022902D1F9
:10FA70000F308000F3E74FF40C710620F1F79CFA89
:10FA800030B587B004460D46F3F74AF980B334F831
:10FA9000BE4C69462046FEF7B0FC18B1FB212C2075
:10FAA000F1F78AFABDF8063003A8ADF80C40ADF8BE
:10FAB0000E30BDF80830ADF81030BDF80230ADF8AA
:10FAC0001230BDF80430ADF81430FEF774FC10B1FC
:10FAD0004FF48271E3E7ADF80C009DF80C30002084
:10FAE00063F307009DF80D3063F30F2007B030BDBE
:10FAF0002B469A2203F8032BD4F80920C5F80320DB
:10FB0000D4F80D205A60B4F811201A810423ADF8FE
:10FB10000C30E2E740687047033901298CBFC08A86
:10FB20004FF42960704770B590F878608D88033E77
:10FB30000C89012E04D943B11678033E012E04D856
:10FB4000B5F5296F38BF4FF4296590F87960033E09
:10FB5000012E04D943B15378033B012B04D8B4F5EB
:10FB6000296F38BF4FF42964CB884A88A0F86430E5
:10FB7000A0F86020A0F86250A0F8664070BD8383B2
:10FB8000BDF8003001834283C38370471B220029E4
:10FB90004FF01B110CBF4FF4A4734FF42963828400
:10FBA0000284028502F1A472C160C3844384C383CA
:10FBB000838343820382C0E9052170470346B3F87B
:10FBC0005810B3F86420F0B5914293F87940B3F837
:10FBD0005C5028BF1146033CB3F86620E4B2B0F88D
:10FBE0004E70AA42B0F85200A3F84E1028BF2A4621
:10FBF000012CB3F8544087BFB3F8566015464FF454
:10FC000029664FF429658C42A3F8525038BF0C4640
:10FC1000B24238BF32468F42A3F85440A3F8562070
:10FC200026D1401B18BF0120B3F86020B3F85A104A
:10FC3000B3F84C509142B3F8504028BF114693F8A6
:10FC40007820033A012A15D9B3F85E20B3F8626030
:10FC5000B24228BF32468D42A3F84C10A3F8502080
:10FC60000BD1944218BF40F0010000F00100F0BD3C
:10FC70000120D9E74FF42962EDE70120F5E738B517
:10FC8000CB1E0446012B10D9C58B438C9D4228BF47
:10FC90001D46207AFFF7DCFE6389AB4228BF2B4666
:10FCA000984238BF184680B238BD4FF42965F0E756
:10FCB0002DE9F843994607460D46808919461446B2
:10FCC000FFF7C6FE06469DF8208049463846FFF7F6
:10FCD000D6FF86424146A8F1030828BF0646B88AE7
:10FCE000FFF7B6FEB8F1010F0346B6B28CBFFA8A31
:10FCF0004FF42962904204F1060028BF13462844BD
:10FD00009BB233441844BDE8F8830346828F13B591
:10FD1000403049B9598F93F87940009493F878307E
:10FD2000FFF7C6FF02B010BD198FF4E770B50C469F
:10FD3000154619464BB9068FFFF7E7FF28443044B4
:10FD4000A04294BF201A002070BD468FF4E738B55A
:10FD50000D4611460446FFF7D8FF2844606438BDBD
:10FD600001F19C0383423DBF9C38401A40080020AB
:10FD7000704700F05503400800F05500034403F0BD
:10FD800033009B0803F03303034403F00F0000EB40
:10FD900013107047036800229A7383F84E20A3F86B
:10FDA0004A207047026892F8A8302BB9A2F8523066
:10FDB000012382F8543070470023A2F8523092F8A1
:10FDC000543001335BB2F4E7026808B592F8A8300A
:10FDD00013B982F8543008BD92F85430013B5BB23D
:10FDE000002B82F85430F6DA52214A20F1F7E4F879
:10FDF00008B5036883F89B1083F89A203522DA73DC
:10FE0000FFF7D0FF002008BDA0F10A03042B09D999
:10FE1000A0F14703012B05D9243807288CBF002007
:10FE200001207047012070470268136810B513F075
:10FE3000080408D143F0080382F898101360FFF714
:10FE4000B1FF204610BD0120FCE7D0F8C82041F6E4
:10FE50004B539A4296BF4AF6C8730623B3FBF2F39C
:10FE6000B0F8D020B0F8DE001344584380B2704799
:10FE7000036800201A7C073A012A81BF4A785A7425
:10FE800007221A7470470268137C073B012B84BF5A
:10FE9000082313747047026870B5D57BE5B9CB8829
:10FEA000D688A2F8D832013B9B1B47F6FD769BB261
:10FEB000B34206D9282382F83130F4F7DBFE284616
:10FEC00070BDD1F80130C2F8DA324B7982F8DE32F7
:10FED0000A220368DA73F2E70125F0E72DE9F74F0C
:10FEE0000646894690460193FFF7AFFFD6F8FC71AE
:10FEF000044657B90023C8F80030F38823449CB265
:10FF0000019B1C8003B0BDE8F08FF5F7BDF9002818
:10FF1000F0D1D6F8C8C0D6E978320CFB04FE1EEB4F
:10FF2000030ED7E9021342F100020B44D7E9001592
:10FF30005B1845F10005734575EB020114D2BEEB69
:10FF400003016FF0010B62EB050A8B4570EB0A0AA7
:10FF500003D23D215620F1F72FF83869471E394466
:10FF6000B1FBF0F1E0FB0135B3EB0E0365EB0205ED
:10FF70006FF001029A424FF00002AA4101D24821DB
:10FF8000E8E7B3FBF9F209FB1233B3FBFCF291B2E1
:10FF90000CFB1133C8F80030F3881C441444A4B29D
:10FFA000AEE70B46822203F8032BD0F80920C1F8F4
:10FFB0000320D0F80D205A60427C1A720023CB70C7
:10FFC00070470368F7B5DD7B06460C46002D63D10C
:10FFD00093F8297106230DF107018DF80730FDF71D
:10FFE00092FE9DF8072039462046FFF715FC38B9E8
:10FFF00021783046FFF718FF0546284603B0F0BDCC
:020000040002F8
:1000000032686389D188A2F8D832013B5B1A47F67F
:10001000FD719BB28B4206D92823304682F83130DD
:10002000F4F728FEE9E7A3886FF450615918062910
:1000300095BFA3F5506340F2E2414FF47A71284630
:100040008CBF4B434B43C2F8E0326378C0B103EB43
:10005000830303EB83039B00A2F8DA326388C0B109
:1000600064214B43C2F8DC32E388A2F8E4322389EE
:10007000A2F8E632002382F8EC320D23D373BCE7FA
:10008000C3EB431103EB810303EB83035B009BB2E0
:10009000E2E740F2E241E4E70125AEE7F8B50D689A
:1000A00004460F46D5F84C0295F82911FFF7D6F80B
:1000B0006FF45062B5F8463282182071000A92B28D
:1000C0006071062A8BBF40F2E242642200260126BC
:1000D0008CBFB3FBF2F3B3FBF2F36370B5F85032AD
:1000E000A3711B0AE371B5F8523223721B0A6372C3
:1000F000386890F89F303BB905F5117305F5127219
:10010000D5F84C12FFF7EAFEB5F84432A3721B0A89
:10011000E372D5F8483246B164220C20B3FBF2F307
:10012000A370C3F30723E370F8BD40F2E242F4E7A3
:100130000B46842203F8022BD0F80920C1F80220D4
:10014000D0F80D205A6070470B46852203F8022B29
:10015000D0F80920C1F80220B0F80D209A8070472D
:1001600038B503680546DC7B34B1113C0F2C8CBFDD
:1001700001240824204638BD1A7D002AFAD0D3F87D
:10018000A4302BB9FFF70EFE2B681122DA73F1E7CA
:100190000C220A21BDE83840FFF72ABE08B50368E3
:1001A000DA7B162A04D040F253211F20F0F704FF17
:1001B000012283F855201822DA7308BD0368DA7B20
:1001C000122A05BF132200200220DA737047036849
:1001D00010B5DB7B04461C2B06D1FFF7F5FD236829
:1001E00020220020DA7310BD0220FCE708B5036866
:1001F000DA7B112A04D040F27E211F20F0F7DCFECA
:10020000012283F855201222DA7308BD08B503686D
:10021000DA7B182A04D040F28A211F20F0F7CCFEA6
:100220001C22DA7308BD3E230B700C234B70042391
:100230008B70D0F80930C1F80330D0F80D30C1F818
:100240000730B0F81130A1F80B30C37C4B73704706
:1002500008B503689A7B1AB1CF211C20F0F7ACFED9
:1002600004229A7308BD08B5036893F8A82032B930
:10027000DA73A3F85220BDE80840FFF7A5BD1A685D
:10028000D10703D4DD211C20F0F796FE22F00102F5
:100290001A60F0E787230B7030F8AC3C4B80704756
:1002A000036893F8A8109A7B59B9052A08BF002261
:1002B0004FF0000002BF83F83E2083F84E209A736F
:1002C00070470F2AF2E738B5046894F8A85045B98A
:1002D000E37B4BB9FFF766FD45B90223E3730020CA
:1002E00038BD23685B07F5D50120F9E7236843F0A3
:1002F00004032360F3E7036893F8A8201AB11A688F
:1003000022F004021A60FFF75FBD08B503689A7B0C
:100310001AB172214B20F0F74FFE93F8A820002A63
:1003200014BF0F2205229A7308BD10B5D0E90D4203
:10033000A24206D30B8D121BC98E05334B43934249
:1003400002D3012380F83E3010BD0C230B7008232C
:100350004B7000238B70B0F85230A1F80330437A11
:100360004B714389CB8083890B81704710B504683A
:1003700094F857309A070CD4A37B1BB17721402007
:10038000F0F71AFE0122A4F84A30A27384F84E2036
:1003900010BD94F8A8303BB9E37B0BB9FFF714FD0F
:1003A000002384F83E31F3E723689B07F8D5FFF775
:1003B0000BFD236823F002032360F1E710B50B79EE
:1003C00001284C790A6843EA0421104608BF41F429
:1003D000803110BD07B5FFF7F1FF0DF10702F4F70B
:1003E000ADFE03B05DF804FB90F838300BB9002087
:1003F000704790F83830012BF9D090F83800073862
:1004000018BF0120704790F83830012BDAB201D0C4
:10041000FFF7EABF10467047002307B501A8019314
:10042000FAF71CFB019810F0030018BF012003B07D
:100430005DF804FB10B5FFF7EFFF002814BF14248C
:100440000024FCF725FE404200F01400204410BDBB
:1004500073B50C46B1F8051005461A2921D9B4F830
:100460000730B3F5A47F1CD3B4F801201A2A18D999
:10047000B4F80340B4F5A47F13D30068009400F1EE
:10048000A806E830FFF77BFB2C683046FFF796FBA9
:1004900010B9012002B070BD04F25F10F4F7BCF88F
:1004A000F7E70020F6E708B503689A7B1AB1262122
:1004B000A320F0F781FD21229A7308BD38B50568A5
:1004C0000446AB7B213B022B0BD8FFF7C1FF18B1D1
:1004D00006212068F5F722FD002085F84E00A8735C
:1004E00038BD0120FCE702681368D90610B5044640
:1004F00003D4B821A320F0F75FFD990601D5B921F7
:10050000F8E723F010031360FFF75EFC2068062174
:10051000BDE81040F5F702BD38B50546F9F788FF8C
:1005200000F544434FF47A72033D4933B3FBF2F4D0
:10053000FFF780FF012D00F1A4038CBF00202820CD
:100540002344184438BD10B5044690F87900FFF7ED
:10055000E3FF012201462046BDE81040FFF7F7BB4C
:10056000002313B51A464373A0F89032194600933E
:100570000446F4F703FF20B14FF4F3713020F0F795
:100580001BFD0123C4F81802C4F810026373A4F819
:100590002E02A4F82C0284F83102E388A4F8920217
:1005A000013BE38002B010BDF8B50D460023D0F842
:1005B0001011044680F81431D0E9506781F8ED211C
:1005C00080F85031D0F81001FEF7BEFED4F81001CB
:1005D000C0E99E67C0F89452C0E9A267FFF7C0FF68
:1005E000F9F7F4FCBDE8F840FBF77ABED0F810014B
:1005F000704738B5044690F850319BB1FF2380F81E
:100600005831012100F049FC94F8503153B104F104
:10061000E805284600F0C2FF284600F0CBFF002383
:1006200084F85031002038BD08B590F8582142B9FF
:1006300090F8142142B1D0E94631994202D9F7F736
:1006400007FB0022104608BD0122FBE710B5044657
:10065000FFF7F0FE00F25911226A236C9A4228BF7C
:100660001A461046FFF77CFBB0F5296F28BF4FF400
:10067000296080B210BD012A70B506460D461446A9
:100680000BD0022A0ED08AB9F9F798FA2246014611
:100690002846BDE87040FFF787BFF9F78FFAC6F824
:1006A000940270BD0122D0F89412F1E740F2C271B9
:1006B0003020F0F781FC70B5044621B101297FD0CC
:1006C00040F2D27179E000F078FA94F851310546A1
:1006D0000E46DBB150EA010318D0D4E94832D4E920
:1006E0005001C01A334661EB02012A4601F00EFBAD
:1006F00005FB01F300FB0633A5FB00021344D4E91C
:100700004821121843EB0103C4E94823E38CEBBBF7
:100710000020D4E94832ED184FF0000346EB020602
:100720002D1840F2024284F8303146F1000684F878
:100730005131A4F83821C4E94856C4E9505694F818
:10074000583103F0FF01DBB96FF00043D4E95202E6
:100750009A4208BFB0F1FF3F25D02046D4E9505659
:1007600000F0EAF9AE30D4E952325B1B62EB0602CC
:100770001B1A62F10002002A15DA2046F7F768FA20
:10078000F9F724FCBDE87040FBF7AABD204600F055
:1007900048FB0028BCD1F3F765FFE38CB0FBF3F214
:1007A00002FB1300B5E704F5987104F1E800FBF7CC
:1007B000ABFD0028E4D140F2FF613020F0F7FCFBF4
:1007C000002380F81431DBE7002307B5CDE90033BF
:1007D00003238DF806306846F1F752F818B100206F
:1007E00003B05DF804FB009B93F85031002BF2D06E
:1007F0000120F5E790F85001003818BF012070473C
:100800000B46812203F8032BB0F80920A1F803203E
:10081000C27A9A7070470B468C2203F8032BD0F8EB
:100820000920C1F80320D0F80D205A6070478B884A
:10083000F7B513F0180506460C461FD1086820B915
:1008400040F2EA312D20F0F7B7FB00F0B1FB217C3C
:10085000F5F72CFC677CA38801463A4630460093A6
:100860002B46F5F741FCA430D4E90223824273F110
:1008700000032CBF0120002003B0F0BD0120FBE7E6
:1008800010B50446F3F7EEFE82B204F1690104F1FB
:100890003600FEF7B2FD84F8440010BD37B50446BB
:1008A0000D46FFF7EDFF01222B466179204603B08C
:1008B000BDE83040F5F78EBD38B588220B460C46B2
:1008C00003F8032B00F10902293052F8041B82427D
:1008D00043F8041BF9D1127802211A700123A5886C
:1008E000A3712846F0F792FFA0B1E3784BB1022143
:1008F0002846F0F7A1FF68B140F233212D20F0F730
:100900005BFBF2F701FF4B0404D52846BDE83840F5
:10091000FDF7D3B938BD70B504460D4617301946FA
:100920001646FEF752FD84F8205184F82151FF232A
:1009300084F82231E91E04F1E80001298CBF00216E
:100940000121FFF723F9314604F1A800F3F7EEFB8C
:1009500094F82A31002B14BF4D239623A4F8E230DB
:10096000A4F8E0300023A4F8E43070BD70B50D4663
:10097000044691F829111646D5F8C800FEF76EFC1A
:10098000B5F8D030A4F8AC0004F1A002A4F8AE3061
:10099000B5F8D230A4F8B03095F82B3184F8B230E5
:1009A000237F73B394F86830012B2AD194F86E300A
:1009B00003F0C003402B24D1D4F86930C4F8A03030
:1009C000B4F86D309380082E236A04F1A60193F8E1
:1009D000AC2003F1AD0084F8992004F19A02D3F819
:1009E000AD3019D0C4F8A630838830468B8004F12E
:1009F0009901F3F7C5FA40B940F6E2312D20F0F73E
:100A0000DBFA0023C4F8A030DCE794F8993043F017
:100A1000020384F8993070BDC4F89A3083889380BB
:100A20000023C4F8A6308B80F5E70B468B2210B567
:100A300003F8032BD0F80920C1F80320427B1A7178
:100A4000CB78A3B130F8B43C1B0710D4B1F8054003
:100A500002212046F0F7DAFE48B102212046F0F7E5
:100A6000EBFE20B140F276212D20F0F7A5FA10BD63
:100A70000121F6F731B8FFF7FBBFF6F7FFB8704773
:100A800008B590F894300BB1012008BD90F8CC3037
:100A9000002BF9D190F8BE3003F0FF00002BF4D00A
:100AA000F2F7F4FD80F00100C0B2EEE730B54FF48C
:100AB000B07285B00D460021044601F087F9FF238E
:100AC00023701323638042F21073E384F0F7AAFFCC
:100AD00000220146E0646846F0F7EAFF00220121A7
:100AE000E06CFCF7E4FF0422E16C6846F0F7E0FFFD
:100AF0000022E06C1146FCF7DAFF04F13000A57427
:100B000000F006FA02A8F3F757FB20B94FF4497139
:100B10002D20F0F751FA02A904F13600FEF755FC3A
:100B200005B030BDFF23C86C0B70FCF78DBF00789B
:100B3000FF3818BF01207047F7B5044630300E4625
:100B400000F036FA61880746CA0605D52822F7F76D
:100B5000C9F86D3003B0F0BD8B07E06C0FD5FDF721
:100B600048F8217905463846F5F7A0FA638801462A
:100B70002846009333466279F5F7B6FAE9E7FDF7C0
:100B800028F8EEE7034608465A8812F0180F30B5E9
:100B900087B010D103F13001ADF80420D3E902454C
:100BA0009B8800916946ADF81030CDE90245FFF70A
:100BB0003EFE07B030BD0120FBE7D0E902017047DF
:100BC000C07C003818BF012070470B68C0F8153092
:100BD0008B88A0F819300123C37670472DE9F04FB8
:100BE00007469DB00C46054610AE0DF120080FCF0C
:100BF0000FC60FCF0FC697E80F0086E80F004046DC
:100C00006E7900F085F9A37A277D039323787A1E05
:100C10000493022A637803F07F0AD14600F28380AE
:100C2000D90603D4A67D731E022B7CD8637E03F005
:100C3000FD03012B02D1032F08BF0427A37E03F07D
:100C4000FD03012B02D1032E08BF0426617A404622
:100C500000F065F9237D227F4046022B02F101025C
:100C60000CBF617D0121D2B204BF0131C9B200F0D5
:100C700058F91AF0080F6CD1404600F099F96378E2
:100C80008346DA0654D4F0F7FBFE824639465846CE
:100C9000F5F70CFA0123014632465046CDF8009094
:100CA000F5F722FA40F27122217900F28620E378EA
:100CB000B0FBF2F043EA01236179504343EA014378
:100CC0005343984239D84FF0000B94F818A007937B
:100CD000A37CE86C05930AF1FF33D3F1000A4AEBD9
:100CE000030AFCF776FF0690E86CFCF782FF069992
:100CF000079B814238BF014688B268B308A90C93AC
:100D000006930A910AA9ADF82C90CDF834B08DF86D
:100D100038708DF83960FFF78AFD069BE0B94520F1
:100D20001DB0BDE8F08F40F212310620F0F744F913
:100D300028224946F6F7D6FFB4E7E179A37943EADA
:100D40000123217A43EA01435343834228BF0346E8
:100D5000B9E700239B46B8E7CDE9123B059B049A0F
:100D60008DF853308DF8447010AF039B8DF84560BB
:100D70002E468DF850A08DF854308DF84020ADF8F7
:100D800042900FCF0FC60FCF0FC697E80F0086E82F
:100D90000F0098E8030028630020A986E37A03F097
:100DA000FD03003B18BF012385F86F30E3682B6714
:100DB000238AA5F8743095F84630E27D62F3071374
:100DC00085F84630ACE7438813F0100005D013F0E7
:100DD000040F14BF00201F2070479A0704D4DB07BC
:100DE00001D4F0F74DBEEE20704708B5FFF7EBFFDA
:100DF000003818BF012008BD4FF40043A0F8483068
:100E000043881D2B08BF00214174704790F91200E0
:100E10007047408800F0010070478078C0F34000C0
:100E200070478078C0F3C000704710B54488C06C2C
:100E3000E30654BFC4F340040024FCF7C1FE84F071
:100E400001042043C0B210BD8078C0F30010704789
:100E50004079C31E012B05D8B1F81E31012B14BFF8
:100E600003200420704710B50446F3F7FBFBC0F3E2
:100E70000B00A042F9D010BD90F86830016281F8F3
:100E8000B330D0F86930C1F8B430B0F86D30A1F8A3
:100E9000B83070477047F5F71FBC80F8881070476E
:100EA000FF2380F88B3070478278034612F00100F0
:100EB00002D0D978C90710D5900702D5D97889070B
:100EC0000AD512F0040008D0D878C0F3800080F072
:100ED00001008000C0B2704702207047C0F340029A
:100EE000C0F3800300F00100134418447047022847
:100EF00008B507D0042807D0012807D039212E20B3
:100F0000F0F75AF8262008BD2720FCE72520FAE74D
:100F10000023C0F8023001234370037070478170D2
:100F2000704710B54270144601708078FFF7D6FF05
:100F3000484304FB00F2FE2A03DD5C212E20F0F77B
:100F40003BF810BD0023C37043710371704710B5A7
:100F50000446FFF7A9FF637962780133DBB29A4256
:100F600063710CD1E3780022A17803436271DBB294
:100F70009942E37001BF2379E27001332371BDE828
:100F80001040FFF7B4BF38B504468078FFF7A6FFDE
:100F90000146E078FFF7A2FF2378227965789B1A53
:100FA0006B4359436379C91A00FB1510C0B238BDB1
:100FB000014608B58078FFF791FF4A780B785343D4
:100FC0005843C0B208BD08B5427903462AB1FFF7BD
:100FD0006BFFBDE80840FFF78ABFC07881070BD4DC
:100FE00010F00100F5D19B785A0707D413F0020FD7
:100FF00014BF02200120ECE70220EAE70420E8E722
:10100000032806D1920102F53472803201FB02F00E
:101010007047042803D1120102F5E772F5E70228B0
:101020000BBF0B320A329200D200EEE740F2EE2004
:10103000704740F25A335843704708B50368DA7B6B
:10104000182A04D040F27E513120EFF7B5FF1E225E
:10105000DA7308BD08B590F89E30FE2B04D040F638
:101060007A113120EFF7A8FF002380F89E1080F856
:101070009F3012B9A0F8522008BDA0F84A300123D1
:1010800080F84E30F8E708B50368DA7B352A05D1D9
:101090000022DA73BDE80840FEF796BE182A02D196
:1010A0001E22DA7308BD40F293513120EFF784FF1E
:1010B000037D63B9C37BA3F11002032A07D990F81B
:1010C000560028B1202B8CBF002001207047012042
:1010D0007047037D63B9837BA3F11002032A07D90C
:1010E00090F8560028B1202B8CBF002001207047BB
:1010F00001207047036810B59A7B93F8A010092A65
:1011000008D193F899208A4204D100229A7383F877
:101110004E2010BD1A6812F0080406D022F0080212
:10112000BDE810401A60FEF74FBEFF2904D13722F8
:1011300083F8CC429A73ECE74FF4AF613120EFF7BC
:101140003BFF38B50E38136814460D469A7B0928C4
:101150003ED8DFE800F0053D3D3D0F3D183D3D2701
:10116000042A05D12046FEF715FE2046F3F712FFAC
:10117000002038BD0F2AFBD1002220461146BDE8D1
:101180003840FFF78DB8212AF2D12046FEF702FE43
:10119000002DEDD0226892F8663023F0200382F80B
:1011A0006630E5E7DA7B272AE2D100252046DD73A9
:1011B000FEF70AFE236893F83831012B03D1294644
:1011C0002046F2F753FB2368002283F83821CFE74B
:1011D00040F262213120EFF7EFFE024600680B4635
:1011E00090F8661041F0040180F8661099785878FC
:1011F000F6F79CBF38B50C460546D1E93001F0F74B
:10120000B5FB637B3BB104F50E74204600F0C6F9D4
:10121000204600F0CFF90F212846F0F70DFB1021F2
:101220002846F0F709FB12212846F0F705FB1121AB
:101230002846F0F701FB13212846F0F7FDFA28466F
:101240001421BDE83840F0F7F7BA0022C281827459
:1012500090F8503013B10221F4F760BE0321FBE790
:1012600038B504460846E37B162B09D0A3F11802D3
:101270005342534194F8C82222B10C25284638BD68
:101280000123F7E7002BF8D094F8F83203F0FF05BC
:10129000002BF2D190B194F8063223B940F67A319E
:1012A0003120EFF789FE052304F1800204F5FB717C
:1012B00000F0DFFC012384F8C832DFE70223FAE7FD
:1012C000F3F78EBA10B50446FFF7B4F800F58A714B
:1012D000226A236C9A4228BF1A461046FEF740FD48
:1012E000B0F5296F28BF4FF4296080B210BD70B5EA
:1012F0000D4604210646F0F789FA044648B906214E
:101300003046F0F783FA20B115B190F8E53003B913
:101310000446204670BD90F83C00A0F1FF035842FF
:101320005841704708B500F073F8BDE80840F7F77A
:101330008DBF1D2310B504460370F2F715FA6070D7
:10134000022010BD1E2310B504460370F2F70CFAFC
:101350006070022010BD012343800380002383803E
:10136000C3804FF44863038170471021F0F74EBAF1
:1013700073B501A90546FDF785FF044618B1212183
:101380005420EFF719FE2846019EFFF7EEFF30B11B
:101390000123A6F8DE30848144810482C48102B036
:1013A00070BD3C2303804FF4FA4343800123C38084
:1013B00083800023038143814FF448638381704716
:1013C00008B5F8F7D7FBF8F763F8F7F791FFBDE832
:1013D0000840F9F727B910B5C824F8F71DF8022816
:1013E00008D1013C14F0FF04F7D10620F3F7E4F82C
:1013F000204610BD431E58425841FAE710B5F8F791
:10140000E5FB044600F051F9201841F1000110BD40
:1014100007B501ABF9F7C4FA03B05DF804FB38B5C2
:1014200004461546F8F784F901462A462046BDE8E9
:101430003840F8F7D3BC704719B943780BB1C3787B
:101440008370704710B504460846F8F7F1FF4FF473
:101450007A73B0FBF3F0201A10BD38B50446084685
:101460001546F8F7E5FF4FF47A7300F2E730033DD5
:10147000B0FBF3F0012DA4EB00048CBF02200A2086
:10148000201A38BD013808B507280BD8DFE800F06E
:101490000F1106040A0F0F08032008BD0220FCE705
:1014A0000420FAE740F289410620EFF785FD00208D
:1014B000F3E70120F1E700F038B8801A00F30700E5
:1014C00038B50D46144659B240B2F9F77DFB0023FA
:1014D000287020446B7040B238BD00230360704711
:1014E0007047002070474FF0FF3070474FF0FF30DB
:1014F000704770474FF0FF30704700207047002062
:1015000070470023037070479DF800300022FFF7FA
:10151000D4BF4FF0FF307047002070474FF0FF30CE
:1015200070474FF0FF307047704770470020F9F761
:101530008FBB0020F9F766BC0020F9F777BC0020CC
:10154000F9F786BB7047F9F7BFBCF9F7D1BCF9F7DB
:10155000C1BCFBF711B9FAF7DDBDFAF7F3BDFBF734
:1015600035B900F047B9FBF727B9FBF717B910B544
:10157000837F8BB9034601F1180251F8044B914265
:1015800043F8044BF9D1012484772146F9F7F2FF9F
:10159000FAF7B2FD204610BD0020FCE710B5044666
:1015A0000221F9F7E7FFFAF7A7FDA07FB0FA80F074
:1015B000400910BD38B50446A37F03B938BDA37FE9
:1015C000032B02D0A37F042B0ED1EFF3108572B64C
:1015D0002046FAF7EFF905B962B6A37F002BEDD0EC
:1015E000FF210320FBF7BAFAA37F012B02D14FF4AE
:1015F0008271F6E700F047FBDEE7F8B50746FAF739
:10160000E9FD044620B940F229110320FBF7A6FAB0
:10161000FAF7E6FDA46800252418384641F10006D3
:1016200022463346FAF74EFAA04271EB060309D37D
:10163000001B6FF0010361EB0601834275EB0101B2
:1016400002D3F8BD2846FCE74FF0FF30F9E72DE95B
:10165000F04104460F46FAF7BDFD064620B94FF4A7
:10166000A3710320FBF77AFA8568002362195B41B6
:1016700013B10020BDE8F081FAF7B2FD2A18384610
:1016800041F1000314EB020843F10005FAF71AFADE
:101690004045A941EDD3FBF76FF800F06AF8B36855
:1016A000012037752344B360E4E7FAF799BD8068F9
:1016B000704708B5FAF78EFD20B940F29B11032060
:1016C000FBF74CFA007D08BDF8B50369044623B169
:1016D0004FF4D1710320FBF741FAFBF74DF80546B3
:1016E0000E46F9F79DFE70B36435D4E9003246F139
:1016F0000001AB4272EB010001D22B460A46C4E95D
:101700000032EFF3108572B6FAF764FD064698B121
:10171000FAF766FDB3680B332CBF012200221B18B9
:10172000D4E9006042EB0101B34271EB00023CBF1F
:1017300033460146C4E9003105B962B62046BDE82A
:10174000F840FAF735BAF9F78BFE0746FAF756FD77
:10175000B84238BF3846963546F100024319D4E9FD
:10176000000142F10002834272EB0105C7D2034639
:10177000C4E7FAF719B8032910B5044606D80129B9
:101780000ED840F25D11B020FBF7E8F90429F8D13A
:10179000F9F706FF20B12046FAF788FA022010BDBB
:1017A0000020FCE7C0E908122022002100F00EBB57
:1017B00010B5037886B0044623B14FF4AB714520D1
:1017C000FBF7CCF90593CDE90333D0E90423CDE948
:1017D000002343680293037A68468DF81430FFF7BC
:1017E00073FF0120DDE90023C4E9042306B010BD26
:1017F000FAF75CBE10B5029C241841F10001A01A52
:1018000061EB0301B0F1004F71F1000103DBAA218C
:101810000420FBF7A3F910BD08B500230B8581F860
:101820002A300B6A0921984728B103781BB1E921B6
:101830006A20FBF793F908BD436A19444162A1F19C
:101840009600FFF788BEF8B5044620B940F2AD1106
:101850006A20FBF783F990F85850052900F2C780F9
:10186000DFE801F0038043656F7990F82A30033B8D
:10187000012B02D94FF4DC71EAE7052380F82A3006
:10188000002380F859300378EBB12378012B24D161
:10189000FAF79AFD636894F828606362C4E9060168
:1018A000F6B9FFF760FE31462046FFF7C5FF236A11
:1018B00031462846984701462046FBF73BF8022868
:1018C00040F09880F8BDFFF744FE07460E46FAF751
:1018D0007BFD87428E41F6D3D7E7D4E90401D9E7EF
:1018E0002046BDE8F840FAF7F1BF90F82A30DA1E3A
:1018F000012A02D940F2ED11AAE790F828202AB176
:1019000021462846BDE8F840FFF786BF042B036A4E
:1019100018BF012180F82A10052128469847002881
:10192000D0D00378002BCDD04FF4007190E790F821
:101930002A30052B02D040F2062189E7036A0221F2
:10194000B7E790F82A30052B02D04FF403717FE7F8
:10195000036A0121ADE790F82A30052BC0D040F290
:10196000122175E790F82A30052B07D090F829202E
:101970000AB1032B02D040F2172169E794F828201E
:10198000002ABDD194F8593083B10223082128469A
:1019900084F8592084F82A30236A9847002891D087
:1019A0000378002B8ED040F2232151E794F82920B0
:1019B00062B1214604F1300084F82930FAF7A4FC22
:1019C00000287FF47FAF4FF40A7141E7022307211B
:1019D000284684F82A30236A984700283FF472AFDB
:1019E0000378002B3FF46EAF40F22F2130E74FF425
:1019F0000D712DE70128236A0CBF0421032158E74C
:101A000070B50024FBF750F805462646E0B2854243
:101A100000D870BDFBF74EF80134068580F82A60C7
:101A2000F4E7F8B504460D460027FBF73DF80646F7
:101A3000F8B2864204D8082D0CD96FF0150008E0E2
:101A4000FBF738F890F82A300137002BF0D04FF030
:101A5000FF30F8BD2CB129462046BDE8F840FBF721
:101A600035B821462046F8E710B50446FBF722F8C2
:101A7000014688B190F828308BB990F82A3073B1BC
:101A8000013B012B04D82046FFF7C6FE002010BD05
:101A9000012380F82830F9E76FF00100F7E76FF0D5
:101AA0002200F4E770B50D46FBF704F80446002861
:101AB0004CD090F82A60731E012B4DD8002D48D0D1
:101AC0002846FAF7D7FE002843D02B780BBB01231A
:101AD00023702B796A79003B18BF0123002A14BFB9
:101AE0000422022243F004032272AA68A532626033
:101AF000EA68637203232261214604F1300084F80E
:101B00002A30FAF701FC50BB40F2C1216A20FBF7F2
:101B100025F8022E20D1002323702B796A79003B0F
:101B200018BF0123002A18BF042643F004032672BD
:101B3000EA686372A532A9686260D4E906325B186C
:101B400042EBE172C4E904320423D5E76FF00100EF
:101B500070BD6FF01500FBE76FF02200F8E7002082
:101B6000F6E7F8B5037904461BB11B219D20FAF76F
:101B7000F5FF4679017126B901234371217909B92D
:101B80006171F8BD276820462671B84702280546CE
:101B9000F4D103212046B84708B12F21E6E7236896
:101BA0002946204698470028E8D03021DEE7034642
:101BB000006800B970478842F9D102681A6070471E
:101BC00001F11003013813F8012D8B4200F8012FA9
:101BD000F9D170472DE9F04713F0010F8EB004469C
:101BE0000D4617469A46DDE9168924D006A8FFF768
:101BF000E7FFA30735D002AA04F1100520680834D6
:101C000054F8041C1346AC4203C31A46F6D106AD81
:101C100002AC1AF0020F4346CDF8009023D02946BB
:101C200020460AAAFBF744F80AA93846FFF7C8FF7E
:101C30000EB0BDE8F08713F0040F0DD106AB0E46D1
:101C400001F1100C1D463068083656F8041C1A467F
:101C5000664503C21346F6D1214602A8FFF7B0FF3E
:101C6000D6E706ADD5E73A4629462046FBF720F8E9
:101C7000DEE713B50024CDE90044FFF7ABFF02B067
:101C800010BDFBF719B920BF704720BF70479142C4
:101C9000F8B503D373219620FAF760FFB2FA82F306
:101CA0003BB1C3F1200499409A4020FA04F49840D3
:101CB00021434FEA124C93B2040C87B2B1FBFCF5FE
:101CC0000CFB151E05FB03F64FEA0E4E0EEB104003
:101CD000864205D9361A964294BF01260226AD1BCC
:101CE00004EB0141280405FB1211B1FBFCF40CFBD1
:101CF0001411634307EB0147BB4205D9DB1B934239
:101D000094BF01230223E41A2043F8BD2DE9F041DA
:101D10001D4607460C46164652EA050303D1A62186
:101D20009620FAF71BFF85B9914204D2FFF7AFFF67
:101D30002946BDE8F08108462946FFF7A8FF054679
:101D40003246384606FB1541F0E7B5FA85F801231F
:101D5000400803FA08F3C8F11F0840EAC470A3FB67
:101D60000212610803FB0522FFF791FF30FA08F029
:101D70004FF0000102D0013861EB010100FB05F3D7
:101D8000A0FB062C06FB0133BF1A634464EB03047B
:101D9000B742AC41CDD3013041F10001C9E7431A4C
:101DA000934200EB020310B508D3013902469A4270
:101DB0000BD011F8014F02F8014BF8E70A4412F872
:101DC000014D8A4203F8014DF9D110BDF0B5C9B2F9
:101DD0000446A30726460ED14FF0013522F0030337
:101DE0004D43E718BC420CD1334402F003021A44BD
:101DF000934209D1F0BD002AFCD0013A04F8011B3E
:101E0000E7E744F8045BEDE703F8011BF0E700287F
:101E10000CBF6FF0150000207047002070470723AB
:101E2000037000207047002070470020704710F8B2
:101E3000012B11F8013B012A28BF9A42F7D0D01A92
:101E40007047034611F8012B03F8012B002AF9D142
:101E50007047034613F8012B002AFBD1181A0138EA
:101E600070472DE9F0478C468E46089E154604467D
:101E70001946002B40F0D080724547D9B2FA82F75C
:101E80004FB1C7F120030EFA07FCBD40BC4020FA59
:101E900003F343EA0C0C4FEA154EA8B2230CBCFB2B
:101EA000FEF80EFB18CC08FB00F943EA0C439945F9
:101EB00028D9EB1808F1FF3204D2994502D9A8F1CC
:101EC00002022B44A3EB0903A4B2B3FBFEFC0EFBFE
:101ED0001C330CFB00F044EA0344A04214D92C1933
:101EE0000CF1FF3304D2A04202D9ACF102032C441E
:101EF000241A43EA02401EB1FC40002334607360A0
:101F0000BDE8F0874246DDE76346F1E7002A79D075
:101F1000B2FA82F3002B3FD01946C1F1200302FA36
:101F200001F500FA01F42EFA03F20EFA01FE20FA8E
:101F300003F3AFB243EA0E034FEA154EB2FBFEFCC9
:101F40000EFB1C201A0C0CFB07F842EA00429045DD
:101F50005AD9AA180CF1FF3004D2904502D9ACF13D
:101F600002002A44A2EB08029BB2B2FBFEFC0EFB6D
:101F70001C220CFB07F743EA02439F4246D9EB18A9
:101F80000CF1FF3204D29F4202D9ACF102022B4481
:101F9000DB1B42EA004202E0AEEB020301224FEA01
:101FA000154EAFB2200CB3FBFEFC0EFB1C330CFB3A
:101FB00007F840EA034398452AD9EB180CF1FF30A3
:101FC00004D2984502D9ACF102002B44A3EB0803DC
:101FD000A4B2B3FBFEFC0EFB1C330CFB07F744EA78
:101FE0000344A74216D92C190CF1FF3304D2A7429F
:101FF00002D9ACF102032C44E41B43EA00400F4633
:10200000114678E71F2188E76046ABE76246BFE7E5
:102010006046DBE76346EFE7734506D916B9002152
:1020200008466DE7C6E9000EF9E7B3FA83F787B90A
:10203000734501D3824207D8841A6EEB0303012053
:102040009C461EB900215BE73846FAE7C6E9004C1A
:10205000F8E7C7F1200CBB4000FA07F422FA0CF5B0
:1020600020FA0CF1BA401D432EFA0CF30EFA07FECB
:102070004FEA154941EA0E011FFA85FEB3FBF9F854
:1020800009FB18300B0C08FB0EFA43EA00439A4593
:1020900040D9EB1808F1FF3004D29A4502D9A8F1D3
:1020A00002002B44A3EB0A0389B2B3FBF9F809FB46
:1020B000183308FB0EFE41EA03418E452CD96918FE
:1020C00008F1FF3304D28E4502D9A8F10203294456
:1020D00043EA0040A1EB0E01A0FB02984145CE4629
:1020E000434602D306D14C4504D20138B9EB020E67
:1020F00068EB0503002EA5D0B4EB0E0261EB0301E3
:1021000001FA0CFC22FA07F3F9404CEA0303C6E992
:10211000003197E74046C5E74346D9E70000000095
:10212000F7B5002240F60340114603F04BFF04468A
:10213000002850D103F098FC214641F2030001AA87
:1021400003F040FF0446002845D1019A234DD16891
:1021500005F12C03D1F80100D1F8051003C3104696
:1021600003F096F8214641F2010001AA03F02AFF8C
:10217000044680BB0198C3685A7885F824205A88A1
:10218000EA841A7985F82520B3F807202A85B3F860
:1021900005306B8503F07CF8214641F2020001AA6C
:1021A00003F010FF0446B0B9019F05F13406FA6848
:1021B000531C4132344618685968083303C49342AB
:1021C0002646F7D1384603F063F895F830305906C3
:1021D00006D46FF01204204603B0F0BDE8010020E1
:1021E000002142F2030001AA03F0ECFE044600289D
:1021F000F1D1019BBE4EDA68D2F80100D2F8051089
:1022000003C6184603F044F8214642F2020001AA30
:1022100003F0D8FE04460028DDD1019CE368B3F842
:10222000012091B249B1D97839B1A5F8B420DA7852
:10223000114606F120001CF0A6FC204603F028F809
:10224000002142F23A0001AA03F0BCFE0446002835
:1022500040F012810198C368B3F80130A5F8C83086
:1022600003F016F895F8306016F0200619D14FF0FB
:10227000FF304FF0FF3103F0BFFD0446002800F0AF
:10228000168102210C3016F069FD012321460370EE
:102290004670324640F66D4003F094FE0446002836
:1022A00099D195F850301B0712D5002142F21C003D
:1022B00001AA03F087FE044600288CD10198C36868
:1022C000D3F80120D3F80530C5E9262302F0E0FF5A
:1022D00095F890305F0610D5002142F22A0001AA3D
:1022E00003F070FE044600287FF475AF0198C368C0
:1022F0005B7885F8CA3002F0CBFF4FF0FF304FF02B
:10230000FF3103F079FD0446002800F0D080082159
:102310000C3016F023FD95F890100246754811F028
:10232000020F754B08BF034695F891008E0648BF13
:1023300043F0400310F0090F18BF43F4006301F0AD
:10234000010143EA0110002117F01DF82146002287
:1023500042F2010003F036FE044600287FF43BAF52
:1023600095F83030B5F8B410980600F18C80C9B9F2
:1023700041F2050001AA03F025FE044600287FF47F
:102380002AAFB5F8B430019C4BB9E368B3F801202B
:10239000A5F8B4209A88594811461CF0F4FB204651
:1023A00002F076FF4FF0FF304FF0FF3103F024FDD5
:1023B000044600287BD008210C3016F0CFFC95F89D
:1023C00090300246D90747BF47A1D1E900014FF03D
:1023D00000514B4816F0D7FF2146002240F601403D
:1023E00003F0F0FD044600287FF4F5AE014601AA93
:1023F0004FF6014003F0E6FD044620BB019802F0D1
:1024000047FF21464FF6024001AA03F0DBFD0446D8
:10241000C8B90198C368B3F80130A5F8753002F067
:1024200037FF95F875305A070DD521464FF6034012
:1024300001AA03F0C7FD30B90198C3685B7885F83D
:10244000743002F025FFEB7913BB17F0EEFA044667
:1024500000287FF4C0AE06F001F9044600287FF49E
:10246000BAAEEB79002B3FF4B6AE0821254816F042
:102470007EFE03F029FDAEE6421D7FF4ACAE1F23C5
:10248000A5F8C830EEE600298CD16FF00404A2E66E
:102490002E78002ED9D195F875309B061ED54FF0B9
:1024A000FF304FF0FF3103F0A7FC044610B96FF086
:1024B000680490E606210C3016F050FCD5F8013087
:1024C00021460360104B32469B8883804FF60640BE
:1024D00003F078FD04460028B7D07CE66FF0850451
:1024E00079E600BFAFF300809088000200800020F2
:1024F000780200200E1207002E120700A002002012
:102500001088000270020020E90100200000000095
:1025100013B500246FF009034FF400621449154805
:1025200000940FF057FD144912481CF072FC134937
:1025300013481CF0B0FB224604211C2002F032FAA2
:102540000122104BD3E8EF1FC3E8E02F0028F9D198
:1025500005A3D3E900230C4906480FF07BFD204674
:1025600002B010BDAFF30080389C1C0000000000DA
:10257000C8B20020B0550020C65E040045D8030054
:10258000A46500203C650020180300200000000026
:1025900010B50B4BD3E8AF3F53B1F8F747FF06A395
:1025A000D3E90023BDE81040064907480FF052BDAB
:1025B00010BD00BFAFF30080389C1C00000000007D
:1025C0003C65002018030020B055002000000000EA
:1025D00070B4174E0C46B042154608D00136B042D2
:1025E0000FD0023EB04210D070BC12F017BD0AA34B
:1025F000D3E90023C5E900230E4B0020236070BC03
:10260000704707A3D3E90023F4E707A3D3E9002326
:10261000F0E700BFAFF3008002C0FF7F00000000C2
:1026200003C0FF7F0000000001C0FF7F000000002A
:1026300002C0FF7F03004E802DE9F041002498B0D6
:10264000039419F0E4FF0746254603A82C4EDFF853
:10265000C0800AF0D5FB8DF820403268039B1A42F7
:102660000DD0736808A80093264BC4F14001002CDC
:1026700018BF43462044244A13F014FC0444013597
:10268000092D06F10806E8D10AF0F2FB00200AF055
:102690004BF888B1002305930793012304A90693FF
:1026A00015F0E1F9002807DB069B9B07FCD1079B8F
:1026B00013B90122154B9A600FB919F0C4FF00F04D
:1026C000A7F890B900F0D4F8044640F63540002150
:1026D00004F0FD041CF034FC012C08D1002140F66C
:1026E00035401CF02DFC15F0DDF80324EDE740F635
:1026F000354000211CF024FC002001F0B7F800BF99
:10270000183504000E5B04005A53040000E010501A
:102710005853040008B5C269910404D509490A4810
:1027200016F07AFB08E0836B0BB10849F7E79107D5
:1027300004D5012116F090FB002008BDD305FBD580
:102740000349ECE784350400B01D0020783504000F
:102750006C35040010B504464022002106481EF0E6
:10276000B6F93F22214604481EF0E7F90123024A48
:1027700002F8013C10BD00BFF11D002008B5C3697F
:102780009A0405D50849094816F046FB002008BD03
:10279000826B012A04D8D90501D50549F3E70AB1AE
:1027A0009B07F3D50349EEE784350400B01D0020F4
:1027B0006C3504006035040008B5C3699A0405D57A
:1027C0000749084816F028FB002008BD13F00A0F3F
:1027D000FAD0836B0BB10449F3E70449F1E700BF7A
:1027E00084350400B01D00207835040060350400F5
:1027F00007B54FF0FF338DF804004FF0FF3201A909
:10280000024809F035FE03B05DF804FB7C1C0400AF
:1028100008B58822002105481EF059F9034B03F141
:1028200010001CF028FD002008BD00BFB01D0020D6
:10283000014601481CF024BDC01D002003681B7820
:10284000022B0AD0043B012B0ED800224FF400309B
:10285000064B83F83E20FFF7EBBF0122034B4FF4FA
:10286000803083F83E20F6E7704700BFB01D00209F
:10287000F7B500F007FA10B17B48FFF76BFF14F0D3
:1028800005FE0AF05FFF0246002800F081807748CD
:10289000FFF760FF0AF0BEFF10B17548FFF75AFF5F
:1028A0000BF058F810B17348FFF754FF00F060FDCB
:1028B00010B17148FFF74EFF00F052FB10B16F48A6
:1028C000FFF748FF00F098FC10B16D48FFF742FF9A
:1028D00014F004FD10B16B48FFF73CFF00F038FF27
:1028E00010B16948FFF736FF0BF062F810B1674886
:1028F000FFF730FF664C0420FFF77AFF94F8403072
:10290000002B49D06349204616F07AFA47F6122682
:10291000002700224FF6FF71CDE900675E481CF0EA
:10292000BAFC0146E0615C481CF0B1FC0BF04AF8CF
:10293000D4E90C23012A73F1000319DB1CF0F0FB2E
:102940004FF47A75A0FB050C47F61222002305FB15
:1029500001C1FAF703FC4FF47A720023FAF7AEFBD9
:10296000D4E90C239042994102DB0220FFF760FF7B
:10297000E369002BCDD013F0380F02D01AF096FE89
:10298000A063E3691A0509D540F20112A2870CE0A1
:10299000FF210AF0EBFE7DE74049B4E713F48062C3
:1029A00001D00122F2E7DD04F0D4580438D501212A
:1029B000374816F051FAE3695A0607D50123384A19
:1029C00084F83F30374800230FF0A2FBE3691B0671
:1029D00005D50023334884F83F301CF0C6F92C4855
:1029E00016F040FAA3680546034392D094F83E30AF
:1029F000D3B90520FFF7FCFE002140F635401CF05E
:102A00009FFA00F0D3FC02200AF06AFF20BB0220EC
:102A10000AF014FF002DB4BF0320207A03B0F0BDEC
:102A20001904C8D50221C3E794F83F20002AE0D159
:102A300002236E21104600F0DFFC792694F83E3028
:102A4000002BD6D0013ED4D00AF0BCFF002147F6BF
:102A500012201CF075FAF1E7002140F239101CF049
:102A60006FFA0AF0AFFFCEE7A1530400C053040091
:102A7000DB530400F85304001754040039540400D5
:102A8000595404007D540400A2540400CD540400A1
:102A9000B01D002084350400C01D002060350400F6
:102AA000366E0100280100202DE9F3410C46154641
:102AB00027496A4607461E4615F0F4FEB8B1DDF810
:102AC0000080B8F1000F12D1231F042B02D96FF040
:102AD000150009E01F4F224639463046A847002816
:102AE00002DB07F80080404602B0BDE8F0816A468C
:102AF0003846194915F0D6FE50B1009B43B9112C48
:102B0000E5D1224615493046A84700EAE070EBE7D8
:102B10006A463846124915F0C5FEB0B10098A0B11A
:102B200000230A2201A9019313F0E6F9DDE900234D
:102B300093420AD01B7843B9012806D8082CC6D185
:102B40000849224601EBC001DDE76FF00100CBE749
:102B5000FB54040052090020555504004009002090
:102B6000E3540400F003002002460B4601480EF037
:102B70002FBF00BFD80A002001480EF09BBF00BF46
:102B8000D80A002038B504460D464FF0FF304FF00C
:102B9000FF31FFF7E9FF2A46034920461DF0CDFF2C
:102BA000FFF7EAFF002038BD5209002010B50446A7
:102BB00014F079FBE8B14FF0FF314FF0FF30FFF731
:102BC000D3FF2046FFF745F9214602460A4801F0A7
:102BD000C1F9002804DAFFF7CFFF6FF0040010BD41
:102BE0000822214605481DF0A8FFFFF7C5FF002079
:102BF000F5E76FF01500F2E7EF54040052090020EA
:102C000013B5044610B9002002B010BDFFF721F93A
:102C10001128F8D16A462046094902F0FDFD002836
:102C2000F1DB204607491DF071FF0028EBD020465C
:102C300005491DF06BFF003818BF0120E4E700BF15
:102C400009550400105504002255040008B5094830
:102C500014F029FB18B908490648FFF7F2F80748AD
:102C6000FFF7CEFF18B906490448FFF7EAF800203D
:102C700008BD00BF5209002034550400400900205F
:102C8000105504002DE9F743DFF8B08098F80030C4
:102C9000002B44D101F090FA061E31DB214801F0EF
:102CA0008BF9214814F0FFFA18B920491E48FFF7A4
:102CB000C8F81E491C48FFF7BAF8044668B96D46C3
:102CC00000900190082168460AF082F80746DFF874
:102CD0005890BC4201DA042C16D11548FFF790FF3A
:102CE00018B914491248FFF7ACF801234FF0FF3030
:102CF0004FF0FF3188F80030FFF736FFFFF73CFF59
:102D0000304603B0BDE8F0834846032115F8013B87
:102D1000094A13F0C7F8013409F10209D9E700267E
:102D2000EEE700BF3D550400520900203455040071
:102D300040090020105504004B5E0400CA6A0020C0
:102D400010B50446FFF75CFFE8B14FF0FF314FF0DC
:102D5000FF30FFF709FF2046FFF77BF821460246C8
:102D60000A4801F0F7F8002804DAFFF705FF6FF0D2
:102D7000040010BD1122214605481DF0DEFEFFF7BC
:102D8000FBFE0020F5E76FF01500F2E7495504005F
:102D90004009002038B504460D464FF0FF304FF093
:102DA000FF31FFF7E1FE002309482370FFF728FFFA
:102DB00040B12A46204606491DF0BFFEFFF7DCFE63
:102DC000002038BD294620460BF028F9F6E700BF61
:102DD0004009002002460B4601480EF0F9BD00BF35
:102DE000240A002001480EF065BE00BF240A00201E
:102DF000F0B507460E461D4614468DB02C22002124
:102E000001A81DF064FE8DF8047002968DF82C5018
:102E100024B12246202103A814F070FA4FF0FF32AB
:102E20004FF0FF3301A9024809F022FB0DB0F0BDBD
:102E3000401C0400064B1A78824208D01870002308
:102E4000C0F103001A461946C0B2FFF7D1BF704760
:102E5000F06A002008B54FF0FF304FF0FF31FFF768
:102E6000B9FF0B4B1B782BB10A4B1A680A4B1B6836
:102E70009A4203D3BDE80840FFF7B4BF074B187868
:102E80000AF01AFF0028F5D10120FFF7D3FFF1E780
:102E9000F16A00203C5A0020385A0020EF6A0020D6
:102EA00070B5154604460E464FF0FF304FF0FF3127
:102EB000FFF790FF042D1FD8DFE805F02C1E3A43E2
:102EC0000300012C00D8DEB92846002332462146F3
:102ED000FFF78EFF1D4B1B7873B11D4B1A681D4BFE
:102EE0001B689A4208D215F0FB0F05D141F68562A6
:102EF000002319480FF00CF9BDE87040FFF772BFCE
:102F00006342164803F0120332461221184414F0AB
:102F1000F5F9D9E70E4A13680BB1013B1360012C98
:102F200004D81223002163430C4AD1540720CCE774
:102F3000074A0020136801331360FFF77BFF052069
:102F4000C3E720460AF0AAFF0820BEE7F16A002086
:102F50003C5A0020385A002058010020CB6A00203B
:102F600070B5002494B0212221460BA806AE03AD13
:102F700003946C602C721DF0AAFD2146122230468B
:102F80001DF0A5FD08212846FFF7FCFD18B14FF004
:102F9000FF3014B070BD21210F4B104A00950BA8D3
:102FA00012F080FF11213046FFF7F4FE044600289E
:102FB000EDD10B480BF02EF99DF818302246002B6E
:102FC00014BF30460020074B0BA90AF0A5FF0038BC
:102FD00018BF01204042DCE760550400685504003A
:102FE0002D7303000004002038B54FF0FF304FF080
:102FF000FF310F4DFFF7EEFE0E481BF0B6FE2B78AB
:1030000073B10AF047FE044678B9FFF713FF2B7837
:1030100033B123462246214601202C70FFF7E8FEFB
:103020000024FFF7DFFE204638BD4FF0FF34F8E7FD
:10303000F16A002058010020F8B504460D46FFF75C
:10304000D3FF064678BB1AF03BFBA04202D81AF029
:1030500037FB0446154F4FF0FF304FF0FF31FFF7BD
:10306000B9FE3B78C3B9124B1D70124B1C60124B5A
:103070001B68A34206D228460AF01EFE80B9012032
:10308000FFF7D8FE3A7885F001032AB901211046EE
:1030900039701146FFF7ACFEFFF7A4FE3046F8BDCD
:1030A0004FF0FF36F8E74FF0FF36F7E7F16A002000
:1030B000EF6A0020385A00203C5A002008B50A4622
:1030C00002491DF03AFD012008BD00BF6E55040005
:1030D0002DE9F34100240A460D4621460746009497
:1030E0000194E8461DF0F3FC0821684609F070FEE3
:1030F000061E13DD013DB5EB440F4FEA440006D92F
:10310000032118F80430064A384412F0CBFE01348B
:10311000B442F0D1012002B0BDE8F0812046FAE7C8
:103120004B5E0400002307B54FF0FF32009301917E
:103130008DF800004FF0FF336946034809F098F915
:1031400003B05DF804FB00BF541C040070B50546D5
:103150000E460A468CB000211DF0B9FC31462846C7
:10316000FFF718FE08B92B785BBB012306A907A857
:10317000069303F003FC069B1BB39DF81C3009ACBF
:10318000032B27D8DFE803F002202224144920462D
:10319000FEF757FE9DF81D30314604939DF81E3012
:1031A000284603939DF81F300E4A02939DF8203065
:1031B000059401939DF8213000939DF8223012F080
:1031C00071FE01200CB070BD0749E0E70749DEE75A
:1031D0000749DCE70A212046064A12F063FED9E7D8
:1031E0000955040097550400755504007C550400EA
:1031F000865504009055040010B590B00AF0A2FA6C
:103200000446002829D10AF005FB10B914480AF039
:1032100061FB00230E93134B01A80193124B029301
:10322000124B0393124B0493124B0593124B0693CC
:10323000124B0893124B0793124B0993124B0A93AC
:10324000124B0B93124B0C93124B0D93124B0F938B
:103250000BF078F9204610B010BD4FF0FF34F9E7BD
:1032600029740300DF730300D1730300D13002001F
:10327000BD3002008173030089740300C37303002F
:10328000B5730300A9730300857303004D31020079
:103290009B7303008F740300FD7303000121014839
:1032A0001BF0EEBF405A00202DE9F3414FF0FF36EE
:1032B0004FF0FF370025294CDFF8B080D8E8AF3F4A
:1032C00053B10022CDE90067032125481BF0E3FF3D
:1032D0000646D8E8AF3F3BB900221146104602B07F
:1032E000BDE8F0410AF042BA4FF0FF324FF0FF3331
:1032F0001C480EF06DFB16F002071AD00221184888
:103300001BF0C5FF0025184CE378012B1AD0022BC7
:103310001CD04FF0FF364FF0FF37D5B9A278617857
:1033200020780AF023FA85F001050E480EF0C2FB62
:10333000C4E7F307E8D5012109481BF0A8FF3D4683
:10334000064CE1E740F635460027E6E747F6122649
:10335000FAE7002211461046E3E700BFF26A0020B8
:10336000405A0020B00A0020F66A00204C5A002083
:1033700010B50AF0E7F9044678B90122084BD3E802
:10338000EF1FC3E8E02F0028F9D106481BF073FFB8
:1033900005481BF0FEFD204610BD4FF0FF34FAE754
:1033A0004C5A0020405A0020381E0020002008B54A
:1033B0000D4BD3E8EF2FC3E8E10F0029F9D10B48FB
:1033C0001BF0D3FC01210A481BF05AFF002340F2F6
:1033D000391208480FF050FA0022114610460AF040
:1033E000C5F9002008BD00BF4C5A0020880100200C
:1033F000405A0020381E00202DE9F04180460F463B
:1034000016461D460D4C4FF0FF324FF0FF330C486F
:103410000EF0DEFA84F800806770A670E570084848
:103420000EF048FB07481BF09EFC18B90121064826
:103430001BF026FF0020BDE8F08100BFF26A0020EB
:10344000B00A002088010020405A002010B5044630
:10345000492200211F301DF03AFB1F222046094956
:103460001DF06BFB2F22084904F120001DF065FBC5
:103470000323012084F854300223206584F8573058
:1034800010BD00BFC8550400E355040002460B46BA
:1034900001480EF09DBA00BF380A002001480EF026
:1034A00009BB00BF380A00204FF0FF304FF0FF315A
:1034B00010B5FFF7EBFF064B1B7833B9054BD3F87C
:1034C0003042FFF7EBFF204610BD0024F9E700BFB4
:1034D0005B090020845A00201FB50C4B8DF80400B6
:1034E0001B7863B100230293039340F63542002317
:1034F00001A9074808F0BCFF05B05DF804FB054BC7
:10350000D3F83022D3F834320292EDE75B09002081
:10351000681C0400845A002008B50B490B788BB155
:1035200000230120094A0B70C2E98C3382F838323B
:10353000074A107007481BF018FCBDE8084004203B
:10354000FFF7CABF08BD00BFFB6A0020845A0020F5
:103550005B090020B80100204FF0FF304FF0FF3131
:1035600070B5FFF793FF1B4B1B784BB313F09DFF18
:10357000194DD5E90064B042A14128DA13F095FF56
:10358000B042A14120DAD5E9004513F08EFF47F69D
:103590001223201A65EB0105A0FB030103FB0511B3
:1035A00040F2E733C0184FF47A724FF0000341F154
:1035B0000001F9F7D3FD02460B4608480EF0A8FDBE
:1035C000BDE87040FFF76ABF00221346F5E7FFF73A
:1035D000A3FFF5E7FB6A0020001F0020B8010020D0
:1035E000F8B51D4C154624789CB31C4C26788642B1
:1035F0002DD14FF410701A4C00FB0644D4F83072F1
:10360000D4F83402BE18864221D89F421FD1301A06
:1036100043424341204615F0CFF8C0B9D4F83032C8
:103620002B44C4F8303213F040FF43F698220D4B80
:10363000801841F10001C3E900010B4A00230B4847
:103640000EF066FD0320FFF747FF0120F8BDFFF7EE
:1036500063FF0020FAE700BFFB6A00205B0900203F
:10366000845A0020001F00200E270700B801002008
:1036700038B51A4D14462A7803460AB1A2422AD117
:103680003BBB1748174AC0E98C3113704FF44073A5
:10369000A0F838324FF432239942C0F83C3218D89F
:1036A000032115F0DAF8A0B92C7013F0FEFE43F6F2
:1036B00098220D4B801841F10001C3E900010B4A2B
:1036C00000230B480EF024FD0220FFF705FF012028
:1036D00038BDFFF721FF0020FAE700BFFB6A00209A
:1036E000845A00205B090020001F00200E270700DD
:1036F000B801002070B5134B0D461B7803B3124B75
:103700001B7883421AD14FF41072104C02FB034411
:10371000D4F8346296B1D4F830329E420ED82046A6
:1037200015F097F8864209D1202D07D101250020F8
:1037300084F83852FFF7D0FE284670BDFFF7ECFE44
:103740000020FAE7FB6A00205B090020845A002071
:1037500000B50B4B89B001930A4B01A802930A4BA9
:1037600003930A4B04930A4B05930A4B06930A4BA7
:1037700007930BF00DF8002009B05DF804FB00BFC3
:103780000F750300E37403003575030059750300DA
:10379000C9740300A9340200A774030070B5134E66
:1037A0004FF0FF304FF0FF31FFF770FE3378ABB9C9
:1037B00000250FE00021084618F021FF044690B9CB
:1037C0000520FFF789FE0122094B0A481A70347060
:1037D0001BF0CBFAFFF762FE284670BD064B93F84C
:1037E0003852002DE6D1FFF797FEE1E7FB6A002093
:1037F0005B090020B8010020845A0020014B1B689F
:10380000184700BF6804002030B5044685B00D4657
:103810001022002168461DF05AF902238DF802306B
:10382000044B2A4621466846019312F059FC05B024
:1038300030BD00BFFD37020080B505460E46174675
:1038400098460EF075FF034601F004FA0446DFF8CF
:103850001890424649F8003039463046A84754F897
:10386000090001F071F900BF08000000044608B526
:10387000EFF31183402383F31288BFF36F8FEFF3CD
:10388000108372B609F086FE204601F08FFD0348D2
:1038900013F0EEFF15F09BF9FCE700BFEF550400B5
:1038A0002DE9F047058B0446280717460CD501295A
:1038B0000CBF45F0100545F02005258387F31188DE
:1038C000BFF36F8FBDE8F087022905F0070540F0D0
:1038D0009480204614F064F8052864D801A353F8B6
:1038E00020F000BFBD380200FB390200A7390200FA
:1038F00069390200833902009539020001F007039B
:103900005A1F012A1FD8002221F00701062BD4F8E4
:10391000008089B2C4E9002209D1434603E0628BEA
:10392000013262831B68002BF9D141F0020120466D
:10393000218314F035F84FF0000900286DD041F0D4
:103940002001218369E0042B0AD121F0070189B20B
:103950002046218314F024F810B141F02001218386
:103960004FF00008C14658E02369D3F80090238B3C
:1039700023F0070343F006034FF000082383464675
:103980004BE02369D3F80490238B23F0070343F023
:103990000403F1E72369D3F80890238B23F007038E
:1039A00043F00503E8E74FF00008C146E7E70122CE
:1039B00043F00803238387F31188BFF36F8F002A36
:1039C0003BD1B8F1000F4AD1B9F1000F02D0204627
:1039D0002C49C847EFF31187402383F31288BFF3C4
:1039E0006F8F238B23F008039BB22383D9063FD527
:1039F00023F01002228303F007056669218B002E55
:103A0000BFF67CAF00239946D4F8008021F007016F
:103A1000C4E9003341F001012183238B03F0070A3D
:103A2000AA4502D0A268002AC1D1B8F1000F02D184
:103A3000B9F1000FDAD00022BAE7A1680029C0D09E
:103A40000D680029BDD03346524620464F68B8471E
:103A50001DB12B6829461D46F3E72B46FAE7414680
:103A6000334652462046D8F8008013F0C5FFA8E739
:103A70009A067FF523AF23F02002228303F0070587
:103A800027E700BF257A030037B504460821C06A3E
:103A900014F085F900234FF6FF72104DADF8043095
:103AA0006368ADF800208DF80620E26819182B40F5
:103AB0001344181A60606846ADF8021014F0C7F895
:103AC0006946204614F08AF92046211D14F099F821
:103AD00063682B40A36003B030BD00BF0000FFFF50
:103AE0002DE9F7430F4681460821C06A14F057F9C3
:103AF00080463C68124D241A3C6004EA0506B44234
:103B00001CD3A0B210B903B0BDE8F08308236A4605
:103B10002146484614F03CF80028F4D16946A0B28A
:103B200014F029F938B1BDF80230BDF804202E4058
:103B300013441E443C60A4EB0804E0E70020E2E7E5
:103B40000000FFFF2DE9F047044688B000F114079C
:103B500038461AF06DFFA06A8368DB689847E06218
:103B600028B96FF01505284608B0BDE8F087A06AAF
:103B70008368DB6898470368013B1F2BF1D8E36833
:103B8000B3F5803FEDD8A06A216805AA18F036FE8B
:103B90000028E6D1E568002DE3D0069BB5FBF3F2E3
:103BA00003FB1255002DDCD1238A012BD9D9E36AFE
:103BB000009593F805804FF0FF334FF0FF32384601
:103BC0000DF006FF0821E06A14F0E9F8A946064660
:103BD000238A1FFA85FA534544D8238A4B4500F0BF
:103BE000FF809A450BD10099082342462046891B45
:103BF00013F0DCFF18B96946204614F002F8694654
:103C00002046FFF76DFF0546002840F0EB80009945
:103C10004FEA11494FEA09496160C4F80890A36866
:103C20008B420DD80823204601AA13F0B1FFB8B982
:103C300001AB13F8012B904532D101300828F8D19F
:103C4000636869466FF30F032046009313F0D9FFB2
:103C500042462046E368009913F0A8FF00283CDAAA
:103C60000546BFE0E1682B04891B13FA81F1424647
:103C700008232046009113F099FF78B16946204649
:103C800013F0BFFF09F101090823424620460099BD
:103C90001FFA89F913F08AFF00289ED0013597E7B3
:103CA000A08801A914F067F8626810B9911B6160DF
:103CB000B5E7BDF808A0BDF80610E06AC4F80890A2
:103CC000514414F06CF848448242A060EED1BAF13D
:103CD000000FEBD06FF01C0584E05DD04FF6FF794C
:103CE000636806EB0308E3681FFA88F29B1B9A429D
:103CF000CDF800801CD34FF000086168B8F1000FC8
:103D000030D06FF30F0120460091694613F079FF20
:103D10002046009913F082FF0028A1D1E368A28811
:103D2000A3EB46039A425DD1204614F074F897E75E
:103D300008234146204603AA13F02AFF00288FD10A
:103D400003A91FFA88F014F016F830B1BDF80C3052
:103D50004B4502D1BDF810300BB1B044C3E74FF072
:103D60000108CAE7204613F059FF00287FF478AF16
:103D70006368214AE16813400B44A3EB4603636088
:103D8000134041462046A36014F0C9F8C4E7E26A34
:103D9000A36812681344A360D4E901318B4208D9A7
:103DA000424620465B1A13F001FF0028FFF658AF89
:103DB000EDD16168E36801EB46029A42AED10E4B49
:103DC000A06801EA03029042A8D0204613F026FF23
:103DD00000287FF445AF6268074B1A40A2609DE758
:103DE0006FF02C0538460DF065FE002D7FF4BBAE5C
:103DF0000123A374B7E600BF0000FFFF014B03607F
:103E0000002070479035040070B5104B0D461C68BB
:103E1000B4B10F4B196800238B4202DB6FF0010035
:103E200070BD224612F8106B864202D01446013350
:103E3000F2E7E0681AF040FD28B100202C60EFE7BF
:103E40006FF00C00ECE76FF01200E9E76C04002063
:103E50009035040010B5436888B0029383680C461F
:103E6000CDE9033200230A68C068CDE9062305497D
:103E700001AA059318F0C6FC079808B9059B2360B2
:103E800008B010BD238503002DE9F7430D46DDE999
:103E90000A8791461E46044620B96FF00D0003B014
:103EA000BDE8F0830029F8D0002AF6D08B680846D8
:103EB000DB6898470368B6FBF3F203FB1262002A43
:103EC000EBD1B8FBF3F203FB1282002AE5D1002FFD
:103ED000E3D0B7FBF3F103FB11710029DDD117EB40
:103EE000080FDAD2C4E90096C4E905872161A16010
:103EF000E56003686A4663620C9BC4E90731437955
:103F0000CDE900612846074984F8283018F07AFC8A
:103F1000019A002AC1D0D4E905310B449A42BCD39E
:103F20000020BCE79985030010B54FF42814DFF892
:103F300020C086B0CDE904C40824029404AC0194E6
:103F4000BDF82040009417F055FB06B010BD00BF2F
:103F5000180028002DE9F0410C4B05461C680E4660
:103F600017467CB100F018F963682046D3F810803A
:103F700032463B462946C047044600F017F9204622
:103F8000BDE8F0816FF00104F9E700BFD05C0020CC
:103F900000230360044B5A6812B9C3E9000070475C
:103FA00010605860704700BFD45C0020014B18605F
:103FB000704700BFD05C0020002330B585B0CDE94C
:103FC00002330546019000F0E7F8094B1C6844B93C
:103FD000284600F083F8044600F0E8F8204605B0D3
:103FE00030BD636820461B6801A998472468EEE746
:103FF000D45C00201FB5CDE90101039200F0CCF89C
:10400000074B1C6824B900F0D1F8204604B010BD5D
:10401000636820461B6801A998472468F2E700BF3F
:10402000D45C00200022024BC3E90022704700BF8D
:10403000D45C00200022024BC3E90022FFF7F2BF4C
:10404000DC5C00202DE9F74307460C4609B100234C
:104050000B6000261E4DDFF880904D450FD31D4BA1
:104060001D6885B355F8188C3846414601AA183D9D
:1040700014F018FC10B3D6B914BB2E461EE0D5F8C8
:1040800000803846414601AA14F00CFC50B116B924
:1040900054B92E4606E000224046316814F002FC76
:1040A0000028F5D11835D8E7019B2360F1E70022FD
:1040B0004046316814F0F6FB0028DDD1AD69D0E749
:1040C000019B2360D9E7304603B0BDE8F08300BF11
:1040D0008C1B0400DC5C0020341C04002DE9F0473C
:1040E00080464FF000470026DFF8A490DFF8A4A038
:1040F0003D46264C4C450DD3DAF80040002C40D00C
:10410000183CB8F1000F24D1226952BBA469F5E72D
:104110002F46EDE7B8F1000F03D122694AB91834F0
:10412000E8E700224146206814F0BCFB0028F4D1E7
:10413000F5E76368BB4206DDAF4202D0AB42A8BFE1
:104140002B461D46EBE7EAD19047002E08BF0646F6
:10415000E5E700224146206814F0A4FB0028D3D1F3
:10416000D4E76368BB4206DDAF4202D0AB42A8BFD2
:104170002B461D46CAE7C9D19047002E08BF064608
:10418000C4E7AF42C4D13046BDE8F0878C1B0400C1
:10419000341C0400DC5C00204FF0FF324FF0FF3392
:1041A00001480DF015BC00BFEC0A002001480DF0DD
:1041B00081BC00BFEC0A002038B5094DFFF7ECFFC9
:1041C0002B785BB9FFF736FF00F068F8044608B9B2
:1041D00001232B70FFF7EAFF204638BD0024F9E7E2
:1041E000FC6A00202DE9F04306460F46048F99B083
:1041F0000134A4B200F10808651EADB2B5F5004F58
:1042000047D04A23294605AA404614F0FCF804F595
:104210007F543F34A4B281462146012340460DF12C
:104220000B0214F0F0F8B9F1000F014610DC002881
:1042300010DC338FAB4209D132466B1E22F8383F77
:104240004FF400410223404613F0A8FF2C46D3E769
:10425000002808DC2946404614F07CF821464046F8
:1042600014F078F8E5E709F160030DEB030900238A
:10427000094A09F84C3C05A8009703ABCDF80C801F
:10428000ADF8104014F044FB0028DFD019B0BDE8B1
:10429000F0830020FAE700BF7F8903007FB5012388
:1042A000694604200193FFF7AFFD044660BB04207C
:1042B00002AA01A914F057F9044610B110F10C0F2D
:1042C00022D10399B1F5803F23D200231846009AEA
:1042D0009468084484421AD30133082BF9D10E4D57
:1042E00069612B8353682846AB60D368EB6314F095
:1042F000DCFB044640B9094E28466E60FFF748FED5
:1043000028466E60FFF752FE204604B070BD9BB297
:10431000E5E76FF02004F7E7E45C00207036040066
:1043200008B5054813F0A4FA044813F0A1FA0448AC
:1043300013F09EFA002008BD185604005C560400D5
:104340008F56040008B50348034A0021121A14F0DE
:104350001EFC08BDE80C002000700020074808B5CE
:10436000074A0849121A14F014FCBDE80840064830
:10437000064A0749121A14F00CBC00BF6000002066
:10438000E30C0020FC6304006000002060000020BB
:10439000FC630400F0B507460C4687B000292DD019
:1043A000D1E901231D48096813F062FAD4E9042316
:1043B000E1681B4813F05CFAE1691A4813F058FAF7
:1043C00026460025F36A29460493EB1C0393B36A3F
:1043D00015480293AB1C0193736A1036009332693F
:1043E0006B1C043513F044FA102DEBD1216E0F48ED
:1043F00013F03EFAA1690E4813F03AFA012F05D1E5
:10440000EFF305810B48103913F032FA2146384694
:1044100007B0BDE8F0400DF093B800BFBC560400F3
:10442000EC5604001C5704002C570400705704007D
:1044300080570400AF57040030BFFFF7FDBF00BF37
:104440002DE9F04105460B4EDFF83080324606EB91
:104450000807CC1B204608491CF02CFBA01942463B
:104460000021083C1CF033FBAC6707F10800BDE8F5
:10447000F08100BF00000000CC1C04000800000018
:1044800010B5204C204813F0F3F9A36A990137D5F1
:104490001E4813F0EDF91E20A36ADA0103D51C486B
:1044A00013F0E6F91F20174CA36ADB0203D5194865
:1044B00013F0DEF90220A36A1C0303D5164813F09B
:1044C000D7F921200F4CA36A590303D5134813F0E1
:1044D000CFF92220A36A9A0303D5114813F0C8F933
:1044E0002320084CA36ADB0303D50E4813F0C0F960
:1044F0002420A36A6FEA03436FEA1343A36210BD4B
:104500001D20C9E700ED00E0C3570400DC5704009C
:10451000F05704000B5804003658040055580400A6
:104520007B5804009658040070B5244C0646244875
:104530000D4613F09DF9A36AD90435D5214813F02F
:1045400097F91720A36A1A0503D51F4813F090F9AD
:1045500018201A4CA36A9B050FD51C4813F088F944
:10456000A16BA36A180407D5194813F081F91EB18D
:10457000A36A23F40043A3621920104CA36A5905CF
:1045800003D5144813F074F91A20A36ADA050DD57F
:10459000114813F06DF91B20084A936A43F47F43D6
:1045A000936200232B7070BD1620CBE7A36A9B0497
:1045B000F2D50A4813F05CF91C20EDE700ED00E0AD
:1045C000C2580400D9580400EB580400FF580400F6
:1045D000195904002F5904004B5904006459040070
:1045E00070B5264C064626480D4613F041F9A36ADD
:1045F000D80640D5234813F03BF91120A36A1907C8
:1046000003D5214813F034F912201C4CA36A9A07F1
:104610000FD51E4813F02CF9616BA36A1B0607D552
:104620001B4813F025F91EB1A36A23F08003A3628F
:104630001320124CA36ADE0703D5164813F018F9AD
:104640001420A36A9C0603D5134813F011F9152012
:104650000A4B9A6AD10658BF9A6A9A6A920642BF72
:104660005A6A22F400525A629A6A42F0FF029A622F
:1046700000232B7070BD1020C0E700BF00ED00E0EC
:1046800094590400AB590400EB580400DF590400AE
:10469000F85904000F5A0400645904002DE9F04150
:1046A0005A4B05465F6800269CB0C7F3080486F3A2
:1046B0001188BFF36F8F02F07F43B3F17F4F06D1B4
:1046C00002F00C03082B13D1514813F0D1F8002647
:1046D00035464FF00008E31E8DF80780092B00F2E5
:1046E0008580DFE803F00A797D7583838383838186
:1046F00010074CBF0D460126EBE74648434C13F02C
:10470000B7F88DF80780E36A9A0704D5424813F09A
:10471000AFF800242AE0E36A002B01DA3F48F6E70D
:10472000E36A5B00F5D53E4813F0A2F86369AA6915
:1047300043F480736361BFF34F8FBFF36F8F32F821
:10474000023C626922F480726261BFF34F8FBFF353
:104750006F8F03F47F42B2F55F4F21D1DBB2022BA2
:104760001ED129682F4813F083F82C689DF8073074
:104770009BB96822294602A81CF09CF9099B002ECF
:1047800040D0C3F3080222B96FEA53236FEA4323F0
:104790000993204602A9FFF7FDFD1CB0BDE8F0819A
:1047A0001A4B9A6AD2B22AB101200DF10701FFF724
:1047B00017FF0FE09A6A12F47F4F05D001200DF128
:1047C0000701FFF7B1FE05E09B6AB3F5803FA0D378
:1047D000FFF756FE0446C9E700200DF10701E6E7A2
:1047E00000200DF10701ECE70F4890E70F4B17F49D
:1047F000F87F0F490F4808BF1946A4F1100213F0C3
:1048000037F886E76FF30803C2E700BF00ED00E06A
:104810005D5A0400895A0400A15A0400C35A0400D6
:10482000D25A0400F25A04000F5B04002F5A04000D
:10483000445A0400345B0400064B5A6942F01002EB
:104840005A615A6942F480625A615A6922F0080238
:104850005A61704700ED00E0EFF30880EFF3098143
:1048600001B57246FFF71AFF01BD00BF002080F3BB
:104870001488BFF36F8F002080F30A8880F30B88C1
:104880000F4880F308880AF09BFE00200D4908605D
:10489000BFF34F8F00F02CF8402080F311880A48B6
:1048A0004FF40061401880F30988EFF3148002216F
:1048B000084380F31488BFF36F8F00F09BF800006B
:1048C00008D4002094ED00E0C8BA00200023184668
:1048D0000649D1F89020C2F30722934200DB7047CB
:1048E000C1F89830C1F8A0000133F6E700ED00E010
:1048F00010B572B6002484F31388FFF7E7FF234650
:104900004FF0FF300C4A03F120010133102B42F825
:104910002100F8D100234FF0FF30074A03F1600176
:104920000133102B42F82100F8D162B6BFF34F8F4C
:10493000BFF36F8F10BD00BF00E100E01EF0040F59
:104940000CBFEFF30880EFF30980816911F8021CB6
:104950000229FFD001B5724614F01DF901BD00BF58
:1049600000B2002807DB01234109034A00F01F00C1
:10497000834042F82130704700E100E000B2002897
:104980000CDB01220649430900F01F00824020335E
:1049900041F82320BFF34F8FBFF36F8F704700BFE5
:1049A00000E100E0D30748BF002100B258BF023148
:1049B0000028ACBF00F16040064A4FEA4113DBB269
:1049C000ABBF00F5614000F00F0080F800331354D6
:1049D000704700BF14ED00E0044B054A23F07F034D
:1049E0009360BFF34F8FBFF36F8F704700080100D4
:1049F00000ED00E008B5FFF7EFFF104BD3F888207B
:104A000022F47002C3F88820D3F8882042F4A00270
:104A1000C3F888204FF04042C3F83422BFF34F8FD1
:104A2000BFF36F8F0023E1EE103AFFF78BFCFFF727
:104A300095FC00F0EDF80CF047FE00BF00ED00E043
:104A40008189203A41F0020181814FF47D41C0F813
:104A5000C4101360009B08495360019B21F00101C1
:104A60009360029B9161D3604FF08073D361002308
:104A70000265C367704700BF39380200104B9B685E
:104A800083421AD1EFF30580B8B9EFF311814022C8
:104A900082F31288BFF36F8F9A8922F002029A8103
:104AA000EFF3148323F0040383F31488BFF36F8FB1
:104AB00081F31188BFF36F8F70476FF01500704757
:104AC000F46500200E461546002300B5E1EE103ACD
:104AD000EFF3148323F0040383F31488BFF36F8F81
:104AE000BFF36F8F0B4B826F98600B4B1A60836E16
:104AF00083F30B882C4686F309880020034B9847E4
:104B00002046002100220023014C2047C18B0300D6
:104B100039380200F4650020245D00201022014B8A
:104B20001A61704700ED00E0054B9A699B689A4254
:104B30001FBF044A536843F080535360704700BF5F
:104B4000F465002000ED00E0084B9B6883420BD128
:104B5000EFF3058343B1064B5A6842F080525A6026
:104B60005A6A22F400425A620DF0E8BDF465002052
:104B700000ED00E023498A6882F8C5E04FF030007C
:104B80001044EFF3098C80E8F01F1EF0100F03D1E2
:104B900002F1840080EC108A402080F31288BFF379
:104BA0006F8F194F4FF000668A698A603E60906F80
:104BB000164C206092F9C5E0D06F0023D36780F3D4
:104BC00011881EF0100F03D00023E1EE103A03E02D
:104BD00002F1840090EC108AEFF3148323F00403B5
:104BE00083F31488BFF36F8F02F1300090E8F01F59
:104BF0008CF3098802F1000004B513F0DBFFBDE877
:104C000004407047F465002004ED00E0245D0020BE
:104C10000023402040F20F1210B5044CE11801337C
:104C2000934281F80003F9D110BD00BF00E100E01C
:104C300008B5EFF30583064A103B02EBC30152F8B7
:104C4000330049688847BDE80840FFF76DBF00BFE3
:104C5000241104000148006870470000245D002012
:104C60001FB50121094B0A4A0A4800F0F7F8002352
:104C7000064A0393084B0121019301A8D31A02931A
:104C800000F0F6F805B05DF804FB00BF000004205A
:104C9000000000208C360400E80C00200A7A0B6823
:104CA00010B562F304031C46CB68520923F01F03BE
:104CB00043EA4203044A43F00103C2F89800C2F8F1
:104CC0009C40C2F8A03010BD00ED00E010B5074BCD
:104CD000D3F89030C3F30723013B984202D8FFF783
:104CE000DDFF10BD6FF01500FBE700BF00ED00E039
:104CF0002DE9F04F0F46144606464FF000084B4D85
:104D000085B0B84580F28E80D6F80490B9F1000FD6
:104D100035D0B9F11F0F40F2838019F01F0F7FD1FA
:104D2000D6F800A01AF01F0F7AD1504613F06BFF8F
:104D3000834609EB0A00013813F065FF83456FD104
:104D40001BF1160F6CD05C456ADDC5F898B0D5F83C
:104D50009C10C5F898B0D5F8A03021F01F0143F0A1
:104D60001F0AD6E900321A44994202F1FF391BD1D9
:104D7000CA4508D131465FFA8BF013F04DFF08F1B8
:104D800001080C36BDE73146C5F898B0D5F89C301F
:104D9000E0B263F30402C5F89C2013F03DFF10F16C
:104DA000160F3DD0441CEAE7C5F898B0D5F8A0200E
:104DB000013B23F01F0302F01F021343CA45314693
:104DC000E0B2C5F8A030E8D013F026FF10F1160FBE
:104DD00026D0C5F898B0D5F89C209DF808300AF187
:104DE000FF3A62F304038DF80830D5F8A0309DF83F
:104DF00008205B0863F347128DF80820D6E90032DB
:104E00001344009323F01F035344A3EB0903013021
:104E100023F01F036946C0B20393FFF757FFBEE7B5
:104E20006FF01504204605B0BDE8F08F00ED00E0FE
:104E30000522044BC3F89420BFF34F8FBFF36F8F4D
:104E4000704700BF00ED00E0BFF35F8F0022024B10
:104E5000C3F89420704700BF00ED00E010B5034C8C
:104E60002278FFF745FF207010BD00BFFD6A0020CB
:104E70002DE9F74F294D8A4606464FF00008AB460C
:104E8000274FD0451BDAD6F80490B9F1000F3FD078
:104E900031680846019113F0B6FE0199044609EB0A
:104EA0000100013813F0AFFE84424FF014021D4B95
:104EB00008D002FB08F36FF015024BF8032003B093
:104EC000BDE8F08F14F1160F2C60F8D01978A142CC
:104ED000F5DD02FB08B0C7F89840C7F89840D7F84E
:104EE0009C4000F10801007B64F304000871D7F8CE
:104EF000A0000C79400860F347140C71D7F89C109F
:104F000021F01F016960D7F8A01021F01F0129616D
:104F100008F1010814350C36B3E700BF285D002006
:104F200000ED00E0FD6A0020F0B55349534DD1F883
:104F300090302C68C3F307239C4287B000F299801D
:104F40000020FFF781FF4E4BC1F8C030844216D1DC
:104F50004C4D01A82C70FEF751FF002607464A4C25
:104F6000B74213D100202B784349D1F89020C2F3E7
:104F70000722934277DBFFF75BFF002046E069687A
:104F800001EB0011FFF78AFE0130DFE701993001E4
:104F900001EB0613DA682240B2F1807F52D00AD8C2
:104FA000B2F5001F34D0B2F5800F3ED0B2F5801FAD
:104FB00012D00136D4E7B2F1006F43D0B2F1805F76
:104FC000F7D15A689B680958013B22F01F0003443F
:104FD00023F01F03012032E05A689B680958013B07
:104FE00022F01F0003440120844623F01F0340EAFF
:104FF0004C10CDE902218DF8100002A92878059304
:10500000FFF764FE00282ADA6FF0150007B0F0BD44
:105010005A689B680958013B22F01F0003444FF077
:10502000020C012023F01F03E1E75A689B6809582E
:10503000013B22F01F000344022023F01F034FF026
:10504000000CD4E75A689B680958013B22F01F0006
:1050500003444FF0030C012023F01F03C7E72B7814
:1050600001332B70A5E7C1F89830C1F8A0000133D7
:105070007BE74FF0FF30C9E700ED00E09836040011
:10508000AAFF4400FD6A00200000F0FF08B50248B6
:1050900010F0E8FEFEE700BF575B040008B5024BC6
:1050A0001B689847002008BD3C5D002008B50548F6
:1050B00012F0DEFB002383F31188BFF36F8F04230C
:1050C000184602DF5C5B040008B50649064821F07B
:1050D0000701C1F1005202F5802212F086FB002088
:1050E00008BD00BF33220220405D002070B5416939
:1050F0000446867A0A4D59B1437ADB0706D4302339
:1051000003FB06539B6A1B689B68984700236361F7
:105110003020214600FB0650BDE8704019F017BD55
:10512000900B00203022024B02FB0030704700BF82
:10513000900B00203021827A054B01FB0233DA6AA2
:105140001B7D801A1B3323F00303B0FBF3F0704781
:10515000900B002038B53024827A064B04FB0233D2
:105160009B6AD3E901240C601568FFF7E3FF04FB99
:10517000005038BD900B00202DE9F04385B0054666
:10518000684690461C46039119F0CCFFDDE90067A4
:10519000EFF31189402383F31288BFF36F8F6B8A7B
:1051A000002B41D02A8A9A4225D900220023284682
:1051B0000CF0D0FC0446F0B189F31188BFF36F8F77
:1051C000039B002B41D032463B46684619F0CFFF87
:1051D0003021A27A2C4B204601FB02339B6A03A9A3
:1051E0001B681E68DDE90023B047606170BB204684
:1051F000FFF77CFF24E0698A4B1E6B8289F31188DC
:10520000BFF36F8F2B7D2A8AEC6A1B3323F00303D5
:10521000521A02FB03441C4B1C4AEB1A1B1153434A
:10522000A3722B7DE372CBE789F31188BFF36F8FF5
:105230002346424628460CF08DFC04460028BFD188
:105240000024204605B0BDE8F083636101230026F9
:105250002381039B3146E27A6660638204F1180081
:105260001BF035FC6369268205F11806E3603046C1
:1052700013F0F4FCEA8B2B8AD6E8AF1F5B1A93423B
:10528000B8BF1346EB83DCE7900B0020ABAAAAAAB9
:105290002DE9F041044600253027104E0CB9BDE839
:1052A000F08104F10800D4F8048013F0D7FCC0B2F8
:1052B0000128F4D1A17AE560794301F11800304466
:1052C0006560314413F0D3FC4B6A204613B1984714
:1052D0004446E3E7FFF70AFFFAE700BF900B002020
:1052E00008B5244A244B1A6007F00AF94FF47A6192
:1052F0002248D0F82436C3F30802C3F309434B43D2
:1053000082F480721E49883201FB02334FF4FA2185
:105310005B00B3FBF1F201FB12331A49B3F57A3F9C
:1053200028BF0132C1F80429D0F820364FF47A6042
:10533000C3F30802C3F30943434342F21C5082F40F
:10534000807202F2172200FB02334FF47A701B0ABC
:10535000B3FBF0F200FB12330020B3F5FA7F4FF0FD
:10536000010328BF0132C1F81C27C1F80009C1F8A8
:10537000003608BD0020A107A008002000C0FF00E3
:10538000F82A00800000125048B1054B054A1B68FE
:10539000B3FBF2F35843044B43F001031847704743
:1053A000A008002040420F00E0210400BFF34F8F0F
:1053B0000549064BCA6802F4E0621343CB60BFF3B1
:1053C0004F8F00BFFDE700BF00ED00E00400FA05CD
:1053D00008B500224FF480214FF000500AF0B8F9D0
:1053E0000A4AD2F8183523F00103C2F818354FF0F5
:1053F000FF32074BC3F80026012203F59033C3F8B0
:105400000025BFF34F8F20BFFDE700BF00F00C5019
:1054100000E010502DE9F341054616461F46234C87
:10542000D4E8AF3FDA072AD520B96FF0010002B007
:10543000BDE8F08101A913F059FA0228024620D1F3
:1054400028461B491BF052FB0028EED1D4E8AF3FA1
:10545000C3F3C0081B0712D4A4F18805072229460C
:105460003846B047062887BF0723B0FBF3F044F85F
:10547000888C85F8078094BFC5F80380E871002008
:10548000D5E70428D1D128460A491BF02FFB054651
:105490000028CAD104F1800120223846B0470028F4
:1054A000A4BF241884F88050E9E700BF70020020F0
:1054B00083550400655B04002DE9F04389B0DDF8F5
:1054C00040909D795E791F7993F803C093F802E0CC
:1054D00093F801800C461B78B9F1000F15D0CDE987
:1054E0000639CDE904E81346CDE9027CCDE9005642
:1054F0000D4A10F0D7FC002813DBA0422CBF6FF040
:105500001500002009B0BDE8F083CDE90583CDE9A1
:1055100003CE1346CDE90167044A009510F0C2FCA2
:10552000E9E76FF01500EDE76A5B04008E5B0400AD
:1055300070B504461E4615468CB0AAB129B10A467C
:1055400002A8042112F0BBF902A900912B462246C1
:10555000242103A8FFF7B0FF70B93146109A03A8C1
:10556000FEF7F8FC0CB070BD03462421044A03A8E2
:1055700010F098FC2328F0D96FF01500F2E700BF77
:10558000AF5B040007B5064B0648DA79C2EBC202EE
:10559000009200221146FFF7CBFF03B05DF804FB39
:1055A000E80100208355040030B5044615468DB04F
:1055B0009AB129B10A4602A8042112F080F902A981
:1055C00000912B462246242103A8FFF775FF60B9FE
:1055D00003A813F063F90DB030BD03462421044A3B
:1055E00003A810F05FFC2328F2D96FF01500F2E752
:1055F000AF5B040007B5009313460A460146034813
:10560000FFF796FF03B05DF804FB00BF9D5D04004B
:105610000A4601460148FFF7C7BF00BF9D5D040071
:1056200007B5009313460A4601460348FFF780FF7B
:1056300003B05DF804FB00BF975D04000A46014615
:105640000148FFF7B1BF00BF975D040007B50093A5
:1056500013460A4601460348FFF76AFF03B05DF8A8
:1056600004FB00BF885D04000A4601460148FFF7BD
:105670009BBF00BF885D040007B500220346009170
:1056800003481146FFF754FF03B05DF804FB00BF69
:105690008F5D040007B500220346009103481146C0
:1056A000FFF746FF03B05DF804FB00BF655B040035
:1056B00008B502480CF088FC002008BD88050020D1
:1056C000F8B51A4CD4E8AF3F13F0010F264620D0AE
:1056D00094F88070A4F188053FB92022144905F59B
:1056E00084701BF02AFA85F82871EB799BB1D4E815
:1056F000AF3F5A0701D400F0E7FBD6E8EF3F23F4B1
:105700000062C6E8E12F0029F7D11B0501D5FFF79C
:10571000CFFF002009E001F0C7F930B9EB79002B89
:10572000E5D101F0D1F90028E1D0F8BD70020020E8
:10573000B55B040007B5009313460A4601460348CB
:10574000FFF7F6FE03B05DF804FB00BFA35D0400A5
:105750000A4601460148FFF727BF00BFA35D0400CA
:1057600010B50024094B86B009480393CDE90444E1
:1057700019F0E7FA03AB009340F638020A23054913
:1057800003480CF027FC204606B010BDBF5B0400A8
:10579000081F002000740020014601480CF05ABC8C
:1057A000081F00200146014819F0A0BA081F002078
:1057B00030B50378012B11D0022B21D06BB90A46EA
:1057C000144B03F1100453F8045BA34242F8045B4A
:1057D000F9D143881A0A8A70CB7030BD0A460D4B46
:1057E00003F1100453F8045BA34242F8045BF9D1BF
:1057F00043681A0C180E4A700870C3F30722EAE7D0
:1058000000F11003013913F80129984201F8012F22
:10581000F9D1E2E79761040070B50C46511C1546BA
:1058200013F0E3FB064688BB20461A49FCF7FFFA53
:1058300020B120461849FCF7FAFA18B900232B705A
:10584000304670BD20461549FCF7F1FA20B12046DC
:105850001349FCF7ECFA08B90123F0E72046114997
:10586000FCF7E5FA20B120460F49FCF7E0FA08B949
:105870000223E4E720460D49FCF7D9FA20B120467F
:105880000B49FCF7D4FA08B90323D8E76FF01506E3
:10589000D6E700BF09550400C85B04007555040035
:1058A000D15B04007C550400DA5B040086550400DB
:1058B000E65B040010B513F0C9FB19F0A1FA044629
:1058C00008B90CF05BFE064BD3E8AF3F0BB10A20E2
:1058D00098471CB9BDE810400CF064BE10BD00BF75
:1058E0004C5D002038B50446084813F0CDF9054654
:1058F00048B1631EDBB21F2B96BF054A0021D15C65
:105900000C3013F03AFA284638BD00BF800C002056
:10591000A7610400034BD3E8EF2FC3E8E10F002990
:10592000F9D170474C5D00200F2810B50CD80D2818
:105930000CD90A4813F0A8F9044618B104210C3018
:1059400013F01BFA204610BD1328F2D009B1044809
:10595000F0E70220BDE81040FFF7C4BFB00C002004
:10596000F00B0020F8B506460F4602F0F1FC0446A5
:1059700090B93946304606F09DFA0546F0B93946E9
:10598000304605F045F9164B1B6823B153F80C4916
:1059900004B10C3CB3B9F8BD83781321012B4FF04F
:1059A000000312BF1D46D0F8A050C0F8A03014F07C
:1059B00058FA204602F0ACF8002DDAD0284616F04E
:1059C00076FDDCE79B6813B13946304698472CB129
:1059D000E26802B10C3A23461446DBE72246FAE7B6
:1059E0001C5E002038B5C5682B78B3B9B5F8014006
:1059F0000F21204602F07EF9E978054670B90C4A7D
:105A0000138813B1538843B901236FEA04506FEA36
:105A1000105022F81300074AD15438BD01730121F8
:105A200002F0C2F82846BDE8384002F071B800BF65
:105A3000446A0020FE6A002010B5002486B003AB43
:105A400000934FF462724FF0FF3305490548CDE9EA
:105A5000034405940CF0BEFA204606B010BD00BF0A
:105A6000387C0020F01F002008B5064B184613F0C4
:105A700074FB00F00B00D3E8EF2FC3E8E10F00291F
:105A8000F9D108BD7002002010B5012104460C3088
:105A900013F09EF92146BDE810400023014A00782A
:105AA00013F004BCCC37040010B5012104460C30BF
:105AB00013F08EF92146BDE810400A23014A007810
:105AC00013F0F4BB7C37040070B5314813F0F5F8DF
:105AD000044600285AD000F10C05284613F080F93E
:105AE000022805D004282FD02046FFF7D1FB21E063
:105AF000238A032BF8D90421284613F069F9FF22E1
:105B0000438806882276228AC6F30B009A42608375
:105B1000EAD10F2102F0EEF805460028E4D002F0A9
:105B200013F921462076320B284614F024F9284632
:105B300001F0EEFF174BD3F8EC303BB3BDE87040FB
:105B40001549164819F0D2B82846022113F040F939
:105B5000054600783E2812D013F0EDFA10F0020648
:105B60000DD140F69A430E4A0E490F4811F08DFEB2
:105B700086F31188BFF36F8F0323184602DF0623D5
:105B800021460A4A287813F091FBADE770BD00BFAB
:105B9000D4020020E8010020A8050020D820002021
:105BA0001D5C0400515C04007F5C04004C37040061
:105BB00010B5012104460C3013F00AF92146BDE866
:105BC00010400223014A007813F070BB3C370400F8
:105BD0002DE9F0470C460CF0D1FCE5682B78022B40
:105BE00067D0042B05D02046FFF752FB6FF0150459
:105BF00008E0B4F81080B8F1020F08D82046FFF78B
:105C000047FB00240CF0CEFC2046BDE8F087687806
:105C10003E2809D1B8F1030FF0D0EB78012B01D069
:105C20000A2B46D1032704E013F085FA0746F8074C
:105C30003FD504F10C0601213046D4F814A013F02E
:105C4000BFF80221304613F0C3F8814600783E28A1
:105C500007D1E3681B78012B01D00A2B06D103265C
:105C600014E013F068FAC10706460FD441F2681336
:105C7000164A1749174811F008FE002383F31188CC
:105C8000BFF36F8F0323184602DF0226124A062352
:105C9000214699F8000013F009FBB20712D5636999
:105CA000A5EB0A0513FA85F5E560A4F81080BB079B
:105CB000A7D52146094812F0EBFF0949094819F018
:105CC00015F89EE72046FFF7E3FAF0E71D5C0400B5
:105CD0009C5C04007F5C04000C370400D4020020AC
:105CE000A8050020D82000202DE9F0478846164658
:105CF0008246002868D00023DFF8D490D9E8EF4F1F
:105D0000C9E8E23F002AF9D1002C5DD02046FFF718
:105D100011FA0C232D4D274603FB005043885345B1
:105D20000DD0D9E8EF3FC9E8E27F002AF9D1002B76
:105D30004AD01F463846BDE8F047FFF7A9BAA64249
:105D400008D0204612F09BFF328AF16804F10C0063
:105D500013F00AF82046FFF7EDF90C2606FB005079
:105D60004368ABB1B8F1000F12D12046FFF7E2F95A
:105D7000012106FB00504268536803F01F00814078
:105D800010685B0900EB8300137ACBB113F0EFF9D5
:105D90002046FFF7CFF90C2606FB00508368002B46
:105DA000C8D02046FFF7C6F9704305F800802046AA
:105DB000FFF7C0F906FB0055A8680BF001FFB9E733
:105DC000C94313F08AFAE3E7BDE8F087505D00208D
:105DD000D002002010B5C1E900239DF808300C4620
:105DE0000B72FFF7A7F90C22024B02FB00335C6039
:105DF00010BD00BF505D0020F8B502460B461048AC
:105E000012F042FF0446C0B104210C3012F09BFF97
:105E10002046FFF78FF90C2700260A4D07FB00509C
:105E200046802046FFF786F907FB00508660204633
:105E3000FFF780F907FB00556E602046F8BD00BFF4
:105E4000500C0020505D00200138C0B202289ABFDB
:105E5000014B185C00207047F161040037B50C4617
:105E60008DF8070000F0FF05A0B929B107222046F0
:105E70000A491AF03BFE40B9002009490DF107021A
:105E800005F05EFF002003B030BD21462846FFF735
:105E900069FDF7E76FF01500F5E700BF84610400C6
:105EA0008591030029289ABF014B185C092070478F
:105EB000C7610400034B0146D3F80401826892686D
:105EC000104700BFE80100200421014813F04FB93A
:105ED0007002002038B50546FBF7BBFF20280446BA
:105EE00015D829460B48FBF7A2FF70B12246294678
:105EF00008481AF0DFFD002207482146031900F583
:105F0000847083F80821FFF7C5FB002038BD6FF0CF
:105F10000B00FBE7F0020020E8010020004870477A
:105F2000F00200200149024818F0E0BE9805002068
:105F3000F01F002070B505460C4639B1CB684A69A0
:105F40009B1A032B0ED86FF0150509E04FF0FF30B8
:105F50004FF0FF31FFF750FF044618B96FF06805A6
:105F6000284670BD2046FFF7E5F80C22134BA61813
:105F700002FB0033032130465D8012F010FF0580E4
:105F8000238A0121033B8370304612F010FF40F654
:105F900035439D4209D12046FFF78CFF0546002876
:105FA000DED02046FFF774F9DAE72146044818F0FE
:105FB000C3FD0025FFF7B6FFD2E700BF505D00200C
:105FC000DC0200202DE9F043064617460C4685B05A
:105FD00069B94FF0FF304FF0FF31FFF70DFF044676
:105FE00058B96FF06805284605B0BDE8F083887A97
:105FF000FFF798F8304B834257D1012200216846C1
:1060000018F0C1FD2046FFF795F80C23DFF8C0908B
:1060100003FB0090C0F808D0204612F064FE014651
:106020003046FFF787FF054618B12046FFF730F9E5
:10603000D9E700236846214A0BF0F6FD804690B16F
:106040004FF4F1731E4A1F491F4811F01EFC4246CF
:1060500031461E4811F019FC85F31188BFF36F8F8C
:106060000323184602DF2046FFF764F80C23584349
:1060700019F80060AEB12046093EFFF709F9092E74
:106080000CD8DFE806F0050B0B08150B0B0B0B12F9
:106090006FF06E05A7E76FF00C05A4E76FF004053D
:1060A000A1E7002FC1D03C609DE76FF015059AE78E
:1060B0006FF00B0597E700BF500C0020B4C404003C
:1060C0001D5C0400B55C04007F5C0400BE5C040041
:1060D000505D0020022138B52B4813F048F810EA33
:1060E00001044DD16FF00401274813F0F6F801F0D8
:1060F000D5F801F06DFB01F0EDFD244B2246214661
:1061000040F603401C60FFF75DFF044688B9204D50
:10611000FFF7AAFCD5F8040183685B685BB96FF0F0
:106120000201194813F0D9F8042113F020F86FF098
:106130008504204638BD984710F1580F0446EED02C
:1061400028B1042105F1880013F011F8F1E7114896
:10615000FEF7FAFC2146402205F134001AF0B7FCA4
:10616000EC7185F8CB4005F04DFD05F11C000A49A6
:1061700012F0F6FF6FF001016C3013F0AEF8D8E7C3
:106180006FF07704D5E700BF70020020446A00205A
:10619000E8010020D82000208461040038B50546BD
:1061A000104812F0DAFF430716D54FF0FF304FF0DA
:1061B000FF31FFF721FE044688B107210C3012F0B1
:1061C000CDFD294612F0CCFF00222146BDE8384023
:1061D00042F21100FFF7F6BE6FF00A0038BD6FF013
:1061E0006800FBE77002002008B5084812F0B5FF10
:1061F000430707D5BDE80840002242F210001146CF
:10620000FFF7E0BE6FF00A0008BD00BF700200207B
:1062100010B5FBF785FF034B1B6813B1BDE81040B9
:10622000184710BD685D002073B5274D0646D5F8A8
:10623000040118F041FB00283FD06FF0020105F186
:10624000880013F04AF8012112F091FFC30737D4F8
:1062500012F06CFE044668BB1C4B1E60012205F167
:10626000D800114618F08FFC05F1F40018F05CFC22
:10627000174818F066FD6FF0070340F6C412154981
:10628000134800940BF0A6FE1349114818F0C1FD05
:10629000D5F80401114983681B689847044648B93A
:1062A00026B902B0BDE87040FBF73ABF05F17800AF
:1062B0000BF08AFE204602B070BD6FF01204F9E7C1
:1062C0006FF07704F6E700BFE8010020685D00206A
:1062D000D8200020C07F0020035D0400D15B0200B5
:1062E0002DE9F041634AB0F80180118848F4704309
:1062F0009942054686B030D0518899422FD101236A
:10630000002122F813105C4AD65C00F0E7F9EB7824
:106310002C1D012B08BF594B204614BF002793F8B2
:10632000237012F08FFE2146D8B104A812F07FFE30
:10633000D5F81130CDF80930B5F81530ADF80D307D
:1063400001238DF80830EB78012B16D0132140463D
:1063500013F0DEF806B0BDE8F0810023D0E7002698
:10636000D3E7384613F0D2FA014604A812F0F8FE3B
:10637000214602A812F0F4FEE5E7404F062297F806
:10638000230004A902F00CF8044640B905223C4958
:1063900097F8230002F004F804460028D6D02046DF
:1063A00040F2E242B5F8013004A920F8703B12F047
:1063B000D7FEB5F8173053430022C4F88830B5F83B
:1063C0001930A4F89030B5F81B30A4F89230EB786F
:1063D00022732C4A012BC4F8A42002F14702C4F80E
:1063E000A8204FF4A472E370A4F8AC200CD102A949
:1063F00004F1770012F0B4FED5F80B30C4F87F300A
:10640000B5F80F30A4F883304FF0FF304FF0FF3174
:10641000FFF7F2FC0546D8B102210C3012F09EFCC9
:1064200023882946038001AA42F23000FFF7CAFD03
:1064300070B9019AD168C878FFF706FD84F8A40006
:106440000879FFF701FD84F8A5001046FEF720FF4C
:106450000721204601F0A8FB26B101212046267322
:1064600001F0A2FB204601F0A1FC204601F050FB08
:1064700070E700BF446A0020FE6A0020E8010020A7
:106480007D61040001011B0000B5C16889B00B7873
:106490004BBB8DF80030B1F8013001A8ADF80130E8
:1064A000CB7804318DF80330B1F80730ADF81730F0
:1064B000B1F80930ADF81930B1F80B30ADF81B3038
:1064C0004B7B8DF81D3012F04BFE084B68461A6866
:1064D0009B88CDF80B20ADF80F30CDF81120ADF82A
:1064E0001530FFF7FDFE09B05DF804FB9161040073
:1064F00038B5032104460C3012F06AFC40F63542F0
:106500000346B0F8010090420DD01D78E3682246A2
:106510001978FFF7E9FB35B103480BF051FBBDE8F3
:106520003840FFF7FFBC38BDC002002038B50CF082
:1065300025F8284DD5F8F430002B48D00022002350
:1065400005F1D8000BF070FB002840D10022002399
:1065500005F1F4000BF0FEFA044668B940F6AA43D0
:106560001D4A1E491E4811F090F984F31188BFF3AB
:106570006F8F0323184602DFD5F8E80020B1FEF73D
:1065800087FE0023C5F8E830204612F0ACFBC5F8C2
:10659000E8002046FFF78EFC98B112480BF010FB84
:1065A0002046FEF7C7FD0C220F4B1F2102FB0030D7
:1065B00022464088FFF798FB2046FEF769FEFFF76A
:1065C000B1FCFFF7AFFCBDE838400BF0EBBF01F0CA
:1065D000FDFBF8E7E80100201D5C04000C5D0400F1
:1065E0007F5C0400C0020020505D002038B504210B
:1065F00004460C3012F0ECFB4578017822464088C6
:10660000FFF772FB35B104480BF0DAFABDE8384009
:10661000FFF788BC38BD00BFC0020020F8B50646B1
:106620000024094DEF79E3B29F4202D86FF00100D8
:1066300007E02946304613F096F80735631C08B189
:106640002046F8BD1C46EEE7E801002037B50446B9
:106650000D46B9B12846164913F085F890B9294678
:106660001448C4EBC404204413F076F8124813F025
:1066700070F8430703D5FFF71BF812F059FC002010
:1066800003B030BD684612F0A2FC0028F8D168467D
:10669000FFF7C4FF0028F5DA064BC4EBC4006946D7
:1066A000184413F059F8002DE0D001462846DBE7E6
:1066B00084610400E801002070020020064BD3E84A
:1066C000EFCF4CF4806CC3E8E2CF002AF7D1037A15
:1066D00019430172704700BF70020020084BD3E8D5
:1066E000EF2F22F48061C3E8E01F0028F7D15305A3
:1066F00004D500220220034905F044BB704700BFC7
:10670000700200200B9A03001FB500230190CDE911
:10671000023302208DF80C1001AA034905F032FB68
:10672000029805B05DF804FB93980300F7B50446A2
:1067300070B1474D95F8CA2095F8CB300AB19A420E
:1067400008D2013385F8CB30237A43F00403237257
:1067500003B0F0BD00210222084601F021FE0646EA
:1067600048B120460121FFF7A9FF304603B0BDE83C
:10677000F04001F0CDB98DF800006946354800F0D1
:106780007DFD9DF8006026B101212046FFF796FFB0
:10679000DEE73146304800F071FD95F8CB30B3B9F3
:1067A00095F8CB2095F8CA309A421CD1002242F2CB
:1067B00029001146FFF706FC70B995F8CB3001337C
:1067C00085F8CB30237A43F00403237204E030468B
:1067D00013F00EF80028E3D00021204803B0BDE8F4
:1067E000F04000F04BBD2246671C394612F82E0BD4
:1067F00012F0C1FF064630BB95F8CB30013385F867
:10680000CB30237A43F00403237295F85B305B07A7
:1068100019D53946684612F09FFF01234FF0FF302B
:106820004FF0FF318DF80730FFF7E6FA044650B11C
:10683000082269460C3012F097FA3246214642F29D
:106840004E00FFF7BFFB012012F0D2FFC4E700BFEC
:10685000E8010020ED980300BD9803002398030091
:106860002DE9F341044608B33F4D95F8CA2095F849
:10687000CB309AB10132934211DC0021022208464A
:1068800001F08EFD0646A0B120460221FFF716FF5B
:10689000304602B0BDE8F04101F03AB913B1013B16
:1068A00085F8CB30237A23F00403237202B0BDE8CD
:1068B000F0818DF807000DF107012C4800F0DEFC97
:1068C0009DF8076026B102212046FFF7F7FEEDE7AD
:1068D0003146274800F0D2FC304612F089FF0746C7
:1068E00088B995F8CB3095F8CA209A4218D2013B66
:1068F00085F8CB30237A024623F0040302201D4999
:10690000237205F03FFA95F8CB3013B1012012F055
:106910006FFF0021184802B0BDE8F04100F0AEBCA6
:106920004FF0FF304FF0FF31FFF766FA04F1010836
:1069300006460028E7D007210C3012F00FFA414636
:1069400012F00AFF3A46314642F22800FFF73AFBBE
:106950000028D8D195F8CB30013B85F8CB30237A8D
:1069600023F004032372CEE7E8010020ED98030032
:10697000BD980300DB9703002398030038B50D464C
:106980000649CC7938B12B689C4228BF1C46C4EB21
:10699000C4021AF08FF82C6038BD00BFE801002057
:1069A00070B5044611B16FF0150070BDD8B1214922
:1069B00012F0D9FEB8B92046FFF730FE002832DACF
:1069C00023784BB91C48C2796ABB214612F0C4FE39
:1069D0000123C3711046E8E7012BE4D1A37903F04A
:1069E000C003C02BDFD1144DEB79012B1ED005F174
:1069F000880012F0AEFEC30707D4002CD3D0204687
:106A00000C4912F0B0FE0028CDD1EE792146731C5E
:106A10003046EB71FFF71AFE08B93046C5E7EB794F
:106A2000013BEB71C1E76FF07700BEE76FF00B0041
:106A3000BBE700BF84610400E80100202DE9F341B9
:106A40000446D8B1002141F2090001AAFFF7BAFAC1
:106A5000054698B9019E0622D6F80C80104908F127
:106A6000010738461AF042F828B1062238460D4987
:106A70001AF03CF830B93046FEF70AFC002002B0AC
:106A8000BDE8F081D8F801303046C4F80130BB8849
:106A90002570A4F80530FEF7FBFB0120EFE700BFEF
:106AA000916104008B61040007B56846FFF7C6FFDB
:106AB000044BD87118B169460020FFF7C7FD03B039
:106AC0005DF804FBE8010020F0B5294D89B0EE79AE
:106AD000002E46D195F87630DB0722D56A4631463E
:106AE0004FF60940FFF76EFAD8B9DDF800C0DCF8C0
:106AF0000C406378012B1E4628BF012673B1A31CEE
:106B000002AA1234174618685968083303C7A3420B
:106B10003A46F7D1186838609B88BB806046FEF71C
:106B2000B7FBEE71002416260127EB79E0B29842FC
:106B300002D3B3B1002012E008AB06FB003353F8D8
:106B4000182C33F8143C6946CDF80120ADF8053017
:106B50008DF80070FFF77AFD01340028E5D009B008
:106B6000F0BD0021084609B0BDE8F040FFF718BFAE
:106B7000E80100202DE9F0411D460E461746034668
:106B8000002849D0002D47D00A0307D54C0743D42D
:106B900012F01AFF10BB01232B701FE0B10704781D
:106BA0001ED020492FB1B20603D591F8902050068F
:106BB00035D5C4EBC40411F80480B8F1010F08D135
:106BC00001341846214412F0ADFE38B985F8008032
:106BD00002E0B8F1000FF9D0A7B90020BDE8F081BC
:106BE000720716D50F49C4EBC4040F5D012F07D1FE
:106BF0000134214412F096FE0028EFD12F7001E0FD
:106C0000002FFBD0B306E8D52B7843F002032B709E
:106C1000E3E712F0D9FEBEE76FF01500DEE76FF094
:106C20008500DBE7E801002000232DE9F04F144642
:106C30001D468FB00491516801908B4209D1FB2D04
:106C40000FD8974BB3F8C8309D4215D96FF020008C
:106C500023E12268023502EBC30252780133154466
:106C6000EBE7019B082103F1180012F0E3FE002876
:106C7000E7D06FF00A0010E1FB2D69D8019B0B21D2
:106C800003F1180012F0D6FE10B91F2D28BF1F25E2
:106C90004FF0FF304FF0FF31FFF7AEF805F1040879
:106CA0000746002800F0F78041460C3012F056F8F5
:106CB0004FF0000906464246002119F008FF4946F8
:106CC000D4F8008006F1040B636899450FD3019B4B
:106CD000F1705B780022337003233946737001230F
:106CE0000498B3700FB0BDE8F04FFFF76BB998F898
:106CF0000120881C13189D4298F800C008D2BCF1EE
:106D0000090FA5EB00021DD1002A1BDD4FF0080C76
:106D10005FFA82FA0AF101030BF801300131C9B2BE
:106D20000BF801C0C3B2D8F804105844029319F00C
:106D3000C1FE029B09F101099A445FFA8AF108F148
:106D40000808C1E73846FEF7A3FA6FF01500A4E083
:106D5000002110220AA819F0BAFE0027012340F2F0
:106D6000726009933B46616808948B4207D1002505
:106D70000123A846AB4603935FB938468DE02268ED
:106D8000023702EBC302527817448742DDD8013341
:106D9000EBE7FB2F4FF0FF304FF0FF31BA4628BF33
:106DA0004FF0FB0AFFF728F80AF1040602900028CA
:106DB00071D031460C3011F0D1FF019B81465B78D8
:106DC000002603704FF000035FFA8AF28370059289
:106DD000031D54F83B2004EBCB0102EBC8025278B0
:106DE0000232954209D14A6808F10108904509BF6D
:106DF00000250025A8460BF1010BBBF1010F12D0B5
:106E000054F83B204FEAC80112EBC80C0BD098197C
:106E1000E5B901259CF8012001329A550136F6B2F8
:106E2000059AB242D5D8039BBF1B7BB3002F0CBF82
:106E30000323012300220299049889F8036089F84A
:106E40000130FFF7BFF840BB039095E7012D05D156
:106E5000525C013602250270F6B2E1E79CF801208F
:106E6000AAEB0601521B02328A4228BF0A46DCF80E
:106E700004C0A91E61440793069219F01BFE069AEE
:106E8000079B15443244ADB2D6B2C9E7B7FA87F3CF
:106E90005B095B00CEE76FF068000FB0BDE8F08FD4
:106EA000E801002070B500F10F0604460D460722E8
:106EB00030460C4919F01AFE0346207873B90522B2
:106EC000094901F06DFA044658B10573002100F03C
:106ED0006BFE2046BDE8704000F01ABE0622314627
:106EE000EFE770BD846104007D610400F8B50469BA
:106EF0000646456844B140F203432B4039D005F4BF
:106F00008263B3F5806F34D015F4806302D115F439
:106F1000F84F2ED1184F3078FB79834229D9C0EB36
:106F2000C00007221549384419F0E0FDA8B115F05A
:106F3000030306D197F82420082A02D8B2689F2AB2
:106F400017D915F0300F09D09CB1EB0608D405F421
:106F50006035B5F5603018BF0120F8BD002CF6D1C2
:106F6000D6E902239A4204D81F2A02D9B3F5804FEA
:106F7000EDD90020F1E700BFE801002084610400A2
:106F800038B50E4D284612F052FD10F0010412D112
:106F9000A5F1180318465822214619F098FD03461A
:106FA000D5E8EF2F42F00102C5E8E12F0029F7D123
:106FB00018465C7038BD0020FCE700BFD8210020D7
:106FC000F8B5044614F80F7B154B06460D4607220C
:106FD0002046144983F8237019F088FD70B93846AB
:106FE000114901F089F9044610B96FF00B00F8BDA2
:106FF000052100F0D9FD00202C60F8E72146384635
:1070000012F0CEFF40B92146307801F075F9044600
:107010000028EAD00621ECE76FF01500E7E700BF93
:10702000E8010020846104007D6104002DE9F3473C
:107030000F690D46496890463A1E18BF0122016546
:107040000DF103030646FFF795FD0446002840F0C6
:10705000E98006F10F03002F00F0E8802A6911682B
:107060004FF0FF30C6F80F109188998092794FF059
:10707000FF319A71FEF7C0FE8146002800F0E980DA
:1070800019210C3011F06AFE04461922002119F072
:107090001EFD73782370AB68E370C3F307221B0CEB
:1070A00022716371EB68A371C3F307221B0C237277
:1070B000E2716A6812F4004F14BF06230723D0035D
:1070C00048BF03F00503910348BF03F0FB0363725D
:1070D0009DF80330A3726B6803F0C002C02A00F071
:1070E000A7805A0600F1A680C3F3C0135B00DBB291
:1070F000A3747F23E374012323756B6803F4406357
:10710000B3F5806F14BF01230223A3756B68DB0402
:1071100042BF03232375A3756A68C2F3802383F0FB
:1071200001031B0150049BB248BF43F0400391048C
:1071300048BF43F02003D20544BF012222766A688B
:10714000900779D043F0010A1FB9510501D443F0EB
:10715000030A900502D4B8F1000F03D04AF0020AE6
:107160001FFA8AFA002F69D0D1062A6948BF4AF06F
:107170000403116858BF4AF00C03C4F80B1091883F
:107180009BB2A4F80F10927962746A784946E2754E
:10719000AA7842F236006275A4F8013001AAFEF71F
:1071A00011FF044600283DD1019806F11807C36875
:1071B00093F90130B370FEF76BF8D7E8EF3F43F077
:1071C0000203C7E8E23F002AF7D16FF0100138460A
:1071D00012F037FCC20633D46A68092112F00302A8
:1071E00018BF0122384612F037FC0A213846CAF38C
:1071F000400212F031FC2A790C213846C2F3800299
:1072000012F02AFC6A790B213846C2F3800212F090
:1072100023FC9DF803200321531E5A4238465A414D
:1072200012F01AFC204602B0BDE8F0870A4A16E7C1
:1072300003235DE701235BE79A468AE75346A4E709
:10724000304606F1090112F06DFB0028C4D0044657
:10725000E8E76FF06804E5E78461040008B520B949
:10726000044812F0E4FBC30701D4002008BD024823
:10727000FCE700BFD8210020C0210020034610B544
:10728000044812F0D4FBC20703D5BDE81040024801
:10729000184710BDD8210020C021002008B50021CA
:1072A0000348FFF7EBFF0022024B9A6108BD00BFC5
:1072B0006B9B0300E801002010B5054CA06930B1BC
:1072C0006FF00101183012F0BCFB0023A36110BD68
:1072D000E8010020F8B50446164812F0A8FB430761
:1072E0000F4616461DD5FAB12046FFF7FFFDD8B16F
:1072F000FFF746FE0546D0B1237821460370637838
:107300000022C3704760FFF791FE044638B16FF06A
:10731000010105F1180012F094FB2046F8BD35601C
:10732000FBE76FF00A04F8E76FF01504F5E76FF07C
:107330000B04F2E7700200200023F7B50E46054665
:10734000019300285BD000F118070821384612F09D
:1073500071FB002856D12D4812F069FB420501D57A
:10736000FFF7BCF90921384612F064FB50BB9EBB05
:1073700032460721384612F06FFB0921384612F0D9
:1073800059FB70B90C21384612F054FB48B96FF024
:107390000801384612F055FB030726D4284612F0A0
:1073A00013FB28463246012112F097FB019D04464B
:1073B00010B375B10021284600F0F6FB284600F016
:1073C000A7FB06E0284601A9FFF7FAFD04460028BE
:1073D000CDD0204603B0F0BD338823B9B278003A4F
:1073E00018BF0122C5E70122C3E70E21384612F07B
:1073F00021FB0028D2D1D4E7002DDFD1E9E76FF0DF
:107400001504E6E76FF07704E3E700BF70020020A1
:107410002DE9F341C6687078FFF720FF0446002885
:1074200061D004F11808758812F09CFB6FF480712C
:10743000404612F006FB33782C4F1BBB2846012137
:1074400000F058FC054650BB6FF08001404612F03A
:10745000F8FA03060ED5204612F0CDFAFFF73EF9F2
:1074600063683BB11B682BB1327920468DF804204C
:1074700001A99847BB699C4235D102B0BDE8F041F3
:10748000FFF71ABF0921404612F0D4FA18B120467E
:107490003178FFF707FD3378002BD5D1CEE7236D88
:1074A00000F17E0213F4002F12D0A368C0F87E30E2
:1074B000A3899380A37B937163682BB15B681BB135
:1074C0002046019501A99847284600F021FBBBE71B
:1074D000037AC3EBC303F918FB58C0F87E308B88DE
:1074E00093808B79E7E702B0BDE8F081E8010020E6
:1074F00070B59AB01822002103A819F0E8FA47F2F3
:107500001213ADF808304FF4807344F20102ADF865
:107510000A30304B694602A8CDE904230CF094F9F7
:10752000F0B11F252C4BD3E8EF1F21F00101C3E878
:10753000E21F002AF7D1294E0BF020F8346804B17D
:10754000043C002D264D18BF0025002C3BD023689D
:107550000BB1284698476468002C34D0043CF6E709
:107560004122009801AB09A918F057F80028D8D19A
:107570001C4A0DF125030DF1650153F8040B8B42F4
:1075800042F8040BF9D120221749009801AB18F0FA
:1075900021F80028C5D100980CF044F805460028D1
:1075A000BFD110490E4812F09AFB1048203112F05A
:1075B00096FB0F4BD3E8EF1F41F01001C3E8E21F29
:1075C000002AAFD0F6E70023C6E900330AF0EAFF4D
:1075D0001AB070BD000002096C5D0020745D0020CF
:1075E000606B0020206B0020006B0020806B00206F
:1075F0007002002030B5A7B01822002107A819F0AA
:1076000066FA04233D22002116A8159319F05FFAAB
:1076100047F21213ADF818304FF4807344F20102B0
:10762000ADF81A30234B2449CDE9082306A82022BF
:1076300004AB0CF03DF8B8B16FF004040AF09EFF03
:107640001E4B1D6865B1002018601D4BD3E8EF1F6D
:1076500021F00201C3E8E21F002AF7D124B3A847B2
:107660000AF0A0FF27B030BD164B0DF155021946A8
:1076700003F1400053F8044B834242F8044BF9D124
:1076800005AB029320230B48CDE9001315AA412333
:10769000049918F091F80028CED104980BF0C2FF9D
:1076A00004460028CAD0C7E70DA8064912F017FB08
:1076B0000DA8D4E700000209006B0020705D0020D7
:1076C0006C5D0020206B0020402208B5034919F0B2
:1076D0000DFAB0FA80F0400908BD00BFF461040063
:1076E00010B59AB004461822002103A819F0EFF94A
:1076F00044F21213ADF808304FF480734FF4804217
:10770000ADF80A30114B2146CDE9042304230DF1D5
:1077100025008DF8243012F0E2FA04F120010DF179
:10772000450012F0DCFA412201AB09A902A80BF0D6
:10773000BFFF044602A818F08BF82CB901980BF093
:1077400071FF01201AB010BD0020FBE70000020904
:1077500010B560B31A4A136823B1043B834229D0A1
:107760005B68F9E7174BD3E8AF1F890725D4146886
:10777000011D44605068116000B95160D3E8EF2FDB
:1077800042F00101C3E8E01F0028F7D1D30701D57B
:10779000002010BD0C4BD3E8EF1F21F01001C3E80F
:1077A000E21F002AF7D10948FDF7FCFFF0E76FF070
:1077B0001500EEE76FF07700EBE76FF00F00E8E7FA
:1077C000745D00206C5D002070020020C805002060
:1077D00038B50C4BD3E8EF1F21F00101C3E8E21FDD
:1077E000002AF7D1084D2C683CB154F8043C043C05
:1077F0000BB1002098476468F6E70023C5E9003321
:1078000038BD00BF6C5D0020745D0020044BD3E8E0
:10781000AF3F13F0100F034808BF0020704700BFB0
:1078200070020020606B002070B50546194803689F
:107830008B4228D0184BD3E8AF3FDA0626D5036831
:1078400013B16FF00F0070BD144AD2E8AF3FDB07F1
:10785000F7D4D2E8EF3F43F00204C2E8E64F002E2F
:10786000F7D113F00204ECD1016029460C4812F064
:1078700036FA0C4805F1200112F031FA0A48FDF7FA
:1078800091FF2046DFE76FF07700DCE76FF07C00C8
:10789000D9E700BF705D0020700200206C5D002001
:1078A000206B0020406B0020B805002070B5054615
:1078B0000B4B1C6844B154F8243C243C13B12846BB
:1078C000297B9847646AF5E7064C074EB44200D31B
:1078D00070BD236813B12846297B98472834F5E703
:1078E000145E0020241B0400741B040010B5044621
:1078F000FDF720FC044901EB0011204611F0E3FBE9
:10790000BDE81040FEF70EBB7C5D0020002270B584
:107910000446D1E901560748C1E9012217F00CF9E4
:107920003DB1314620462B46BDE870406FF06D02F8
:10793000184770BD800B002070B50546002200235B
:107940000E480AF071F9B8B90D4B1C6834B154F8FF
:107950001C3C243C03B19847646AF7E7094C0A4E83
:10796000B44204D32846BDE870400AF02DBBA3689A
:1079700003B198472834F3E770BD00BF380B0020EF
:10798000145E0020241B0400741B04002DE9F04148
:10799000044640270025EFF3118287F31288BFF3D6
:1079A0006F8FE16929B1206A0B688142E36108BFEA
:1079B000236282F31188BFF36F8F71B1D1E901683F
:1079C0000748C1E9015517F0B7F81EB1002241463A
:1079D0002046B047FEF7A6FADDE7BDE8F08100BF1C
:1079E000800B002037B5437B0446072B30D1031DA5
:1079F000D3E8EF2F42F48061C3E8E51F002DF7D1F3
:107A0000550525D4D3E8AF3F990317D5E378012B6B
:107A10001ED1104B93F89130DB0719D594F8A430A0
:107A2000022B03D194F8A530022B11D000210223A0
:107A300020461A46009111F0A2FD09E0054B93F88B
:107A400090301A07E2D511F07FFD637B072BDDD064
:107A500003B030BDE80100200348B0F8B430B830BE
:107A6000002B08BF00207047E801002030B5044615
:107A7000FDF7F0F80D460D4A0D4989B00858D2F8C7
:107A8000C810884205D1204609B0BDE83040FFF754
:107A90007DBF24342146104617F028F91DB16946F0
:107AA000204617F033F909B030BD00BF2858002038
:107AB0000800000038B5002204468A4202D10024A2
:107AC000204638BD012004F1D003D3E8EF5F002D3C
:107AD00004D1C3E8EC0FBCF1000FF6D102D0D834CA
:107AE0000244EAE7002CEAD0D0220021204618F018
:107AF000EEFF04F14000044917F029F9034904F1AD
:107B0000240017F0C8F8DBE741850200299D030037
:107B100008B500F1D003D3E8EF2F013AC3E8E12F15
:107B20000029F8D1AAB90B4B984212D303F5D872A9
:107B300090420ED2C01AD823B0FBF3F203FB12001E
:107B400038B905480AF03CF8BDE8084003480AF097
:107B50003BBA08BD18220020380B0020E8050020A1
:107B600010B5044612F057F90AF008FD0C4B04F169
:107B7000C401D3F8CC3043B90A4812F0BAF80AF07D
:107B800011FDBDE81040FEF7CDB9994201D01B6848
:107B9000F1E70AF007FD2046FFF7BAFFF1E700BF63
:107BA000E8010020B402002070B5457B04468D42F8
:107BB00013D041730DB912F02EF9637B012B09D15B
:107BC000314D05F1B806616900294AD1BDE8704020
:107BD000FEF7A8B9072B01D073B170BD0023C4E92B
:107BE0000D33E378012BF8D104F140000023BDE808
:107BF0007040264A0AF058BA082DEED801A353F86F
:107C000025F000BFDB7B0200297C02004F7C0200D4
:107C1000597C0200597C0200597C02004F7C020012
:107C2000DB7B0200DB7B020004F14005284617F0F5
:107C30009CF820460121FFF719FF204612F092F828
:107C40002846BDE87040002200230AF061BA237B79
:107C500013B12046FFF72AFE2046BDE87040FFF72B
:107C600057BFA2690B68914208BFA36120466361B8
:107C7000FFF74CFEB5F8B430002B14BF304600209F
:107C800009F09EFF9FE700BFE80100205A62020052
:107C90002DE9F84306460F4690460025DFF8309060
:107CA000684200F0D800484412F0B5F8044620B10C
:107CB00083781E4208D1FFF72BFF6B1C022B4FF07D
:107CC0000105EDD1BDE8F8834146B8472046F2E70B
:107CD0001822002000220F200149FFF7D9BF00BF62
:107CE0003F9E0300002201200149FFF7D1BF00BFE2
:107CF000E5790200F8B506460C460027114D2846E6
:107D000012F089F8034658B1427B012A02D0073AA3
:107D1000012A03D81A88B2420CD01846FFF7F8FEA1
:107D20007B1C022B4FF0010705F1D805E7D100239A
:107D30001846F8BD9A781442FAD11846FFF7E8FEC3
:107D4000F5E700BF18220020034BC01A034BC010F8
:107D50005843C0B2704700BF1822002013DA4B68A6
:107D600070B51C46144305460E4608D0FCF772FF5A
:107D70000B4908580B49D1F8C810884201D100229C
:107D800013460949002D14BF2846084610F07CFF11
:107D9000044618B1711D0C3010F0D5FF204670BD9F
:107DA0000800000028580020900B002010B5044661
:107DB00005480AF009F9204600F010FD2046BDE80C
:107DC0001040FFF773BD00BFD805002000232DE948
:107DD000F04F87B003930593A54B5A8A32B1A54D56
:107DE000D5F8CC4034B907B0BDE8F08F1B68002B44
:107DF000F5D1F8E754F8C43903B1C43B00269E49D5
:107E000001E01C461346B5F8B420002A00F02E818C
:107E1000D5F8C0204AB904F1C406002BE3D0D3F84A
:107E2000C420002AEDD0C43AEBE70A68002AF2D059
:107E3000D4F8B020002AEED0D4F8B420002AEAD03A
:107E4000D4F8B820002AE6D0637B072B66D1204601
:107E50009047002862D004F1C803D3E8AF3F022B5B
:107E60005CDC204611F0D7FF04460028BBD0637BC2
:107E7000072B40F0F2802046D4F8B030B5F8B410AB
:107E800004AA98470746002800F0CA80B5F8B42035
:107E9000049B9A4206D30146D4F8B460204605AB51
:107EA00003AAB047059BDDF80C9001933B8A002B99
:107EB00000F0D6803846DDF810A011F01AF980469F
:107EC000002840F0D080B5F8B430DFF8B4B1002B12
:107ED00014BF584600200022002309F0A5FE78B9FF
:107EE00000220023644809F035FE064600283BD1F5
:107EF000B5F8B430002B18BF5E46304609F060FE7E
:107F00006FF00B053846FDF7C3F9B9F1000F00F02B
:107F100083802A4620460199C8477DE0D4F8C430C2
:107F200004F1C402C6B9D5F8D010C5F8CC308A42E5
:107F300001D1C5F8D03000232046C4F8C430D4F8AD
:107F4000B8309847002892D0637B072B40F085809B
:107F50002046FFF705FE8AE73360D5F8D0309A4215
:107F600008BFC5F8D060E6E7019BC0F804908360C5
:107F7000B5F8B4B00022DA454FF000034FF000012D
:107F80003B4898BF1FFA8AFBFDF7F6F8814650B1CF
:107F9000FDF7D0F8394B5A4603EB001339464846F3
:107FA00011F06CF88146B5F8B43094F8CC709A456D
:107FB0008CBF4FF00108023784F8CC8098BFFFB225
:107FC00004F1C808D8E8EF3F0133C8E8E23F002ACF
:107FD000F8D104F1140A3146504611F08AFEA37814
:107FE000012B21D0D8E8EF3F013BC8E8E23F002A4F
:107FF000F8D13146504611F09AFE4846FDF748F94F
:1080000020463146FFF782FCB5F8B4301C48002BFF
:1080100008BF002009F0D4FD1321204611F021FFF4
:108020002046FFF775FDDEE609F10C0B04215846EA
:1080300010F0B5FE238807F0FD0743EA07330380FD
:10804000B9F810300221043B4380584610F0AFFECF
:108050004846FDF72FFF0028C4D1FDF763FFDFE797
:108060006FF079054EE76FF004054BE79368FFDE8C
:10807000200C0020E8010020800B00207C5D002007
:10808000A002002040F2E2432DE9F041D0F88860E0
:108090000446B6FBF3F6031DB6B2D3E8AF2F920445
:1080A00013D5B0F88C20B2420FD8B0F88E20B2426F
:1080B0000BD3D0E92412914207D1D3E8EF1F21F46A
:1080C0000051C3E8E21F002AF7D1114B1D6865B1CA
:1080D00055F8147C243D37B131462046B4F892302F
:1080E000B4F89020B8476D6AF1E70A4DDFF82880B0
:1080F000454501D3BDE8F0812F6937B131462046AF
:10810000B4F89230B4F89020B8472835F0E700BFB3
:10811000145E0020241B0400741B0400F8B50F4BF0
:1081200005461C685CB1243C00F1A606236A13B125
:10813000314628469847646A0CB1243CF6E7084C5F
:10814000084E05F1A607B44200D3F8BD236A13B167
:108150003946284698472834F5E700BF145E0020CA
:10816000241B0400741B0400F8B50F4B05461C6863
:108170005CB1243C00F1A406E36913B13146284602
:108180009847646A0CB1243CF6E7084C084E05F1A8
:10819000A407B44200D3F8BDE36913B139462846B9
:1081A00098472834F5E700BF145E0020241B040024
:1081B000741B04002DE9F041074608460D4611F0F6
:1081C0000FF9064618B900263046BDE8F081144B79
:1081D0001C6884B154F8183C243C0BB9646AF8E775
:1081E0002946384698470028EDD0284611F0F8F87F
:1081F0000028F3D1E7E70B4CDFF82C804445E3D2AD
:10820000E3680BB92834F9E729463846984700282F
:10821000D9D0284611F0E4F80028F3D1D3E700BF05
:10822000145E0020241B0400741B04002DE9F0419F
:10823000C37804468BB900F17E06114B1D687DB1F1
:10824000243D04F170076B691BB13A463146204664
:1082500098476D6A25B1243DF5E700F17706ECE714
:10826000084D094F04F17008BD4201D3BDE8F0810B
:108270006B691BB142463146204698472835F3E7E3
:10828000145E0020241B0400741B0400F8B5437A1C
:1082900004468372164611F088FF144B1D684DB1D9
:1082A00055F80C3C243D1BB132462046617A984774
:1082B0006D6AF4E70E4D0F4FBD420DD3A6B9637A38
:1082C000012B11D9A378012B0ED1207A04F1700172
:1082D000BDE8F84003F0D6BEAB691BB1324620467C
:1082E000617A98472835E7E7F8BD00BF145E0020A3
:1082F000241B0400741B040038B505460C460F48C7
:108300000221FFF7D7FBC0B1057223680367A3887A
:10831000A0F87430A37980F8763001234372837219
:108320008370074BC0F8B030064BC0F8B430064B32
:10833000C0F8B830054BC0F88C3038BD182200208A
:1083400009870200139D0300079D03001800280001
:108350002DE9F04106460F464FF000080F4D284624
:1083600011F059FD044620B18378012B0DD0FFF7A1
:10837000CFFB08F10103022B4FF0010805F1D805EE
:10838000EDD100242046BDE8F0813A46314611F097
:10839000E7FD0028F6D12046E9E700BF18220020BB
:1083A0002DE9F84305460E4690460027DFF84C902D
:1083B000784200F0D800484411F02DFD044620B169
:1083C0008378012B08D0FFF7A3FB7B1C022B4FF017
:1083D0000107EDD100240DE036B13246294611F0F7
:1083E000BFFD08B92046EEE7637B4345FAD1237A07
:1083F000AB42F7D12046BDE8F88300BF1822002029
:10840000002210B5837804460B70C3784B70037A52
:108410008B70437B81F82B20023BDBB2062B8EBF97
:1084200013462B48C35C204681F82830A378012BE3
:1084300014BF0023637A81F8293011F049FD81F8D7
:108440002A00A378012B40D104F170038B60237ABA
:10845000204AC3EBC30313444B60E27804F1770373
:1084600004F17E0042BB1A460346C1E9032340F2F1
:10847000E242D4F888304B61B3FBF2F30B83B4F8DB
:1084800090304B83B4F892308B8304F1A4030B62D9
:1084900004F1A6034B62D4F8A0302BB15B7CDA0662
:1084A00044BF012381F82B30D4F8A03013B15B7C9A
:1084B0009B0603D4002010BD0246D6E791F82B306E
:1084C00043F0020381F82B30F4E76FF01500F2E778
:1084D00034620400E801002038B5044608460D4621
:1084E00010F07EFF38B3154B93F89030990707D4FE
:1084F000E37873B129462046BDE8384000F0BCB9A6
:1085000094F898309A07F3D5231DD3E8AF3F5B0466
:10851000EED42946204611F06FFD58B92B88A4F8F7
:108520008C306B88A4F88E30AB88A4F89430EB883C
:10853000A4F8963038BD6FF01500FBE7E801002085
:10854000F7B510F8333C0446A0F140060BBB3046AB
:1085500011F0CEFD244B1D684DB155F8203C243D53
:108560001BB1304614F8341C98476D6AF4E71F4D70
:108570001F4FBD4205D3304603B0BDE8F040FFF7C2
:10858000C7BA6B681BB1304614F8341C98472835BD
:10859000EFE710F83E3C012B24D1A0F13C05D5E8D3
:1085A000EF3F23F40052C5E8E12F0029F7D19B04E7
:1085B00010D5E36C69460093636D30460193FFF775
:1085C0008BFF38B9D5E8EF3F23F48053C5E8E23F8D
:1085D000002AF7D1D5E8EF3F43F40063C5E8E23F56
:1085E000002AF7D103B0F0BD145E0020241B040064
:1085F000741B04000C4B10B91860002070471A68F7
:1086000072B90269002AF7D1026832B9426822B908
:10861000826812B94269002AEED06FF015007047E7
:108620006FF07700704700BF245E002008B568B186
:10863000094B00F10C011A6822B9074811F059FBE7
:10864000104605E0914204D01268F5E76FF015007E
:1086500008BD6FF07700FBE71C5E002038B50E48C0
:1086600016F062FA00240D4D29460B48013416F02D
:1086700063FA0A2C05F10C05F6D112F0EAFA02F0C1
:10868000A9FB044628B903F0AFFA044608B911F073
:1086900051FE204638BD00BF800B00209C5D0020AD
:1086A00010B50A4A136813B1936C63B901234820CB
:1086B00000FB0320064C5B424460002003F04803AB
:1086C0001A440A6010BD6FF00B00FBE7285E002023
:1086D0000838040070B5044652EA030008D0FCF7DD
:1086E000B9FA074D074ED5F8C8503058854201D128
:1086F000002213462046BDE870400431FFF730BB2E
:1087000028580020080000002DE9F0470F46904649
:10871000D0F8BC4044B1403C236B5BB92068BC300E
:1087200011F0DCFC246CF5E7FDF7FCFB002630467D
:10873000BDE8F08704F13009484616F012FA054604
:108740000028F1D010F0D5FC0028EFD1284610F019
:10875000CAFA656C06469DB9A38C058A403B9BB25C
:108760003F2B03D8238D9D4228BF1D46042106F1CF
:108770000C0010F014FB0580A38C04354380656465
:10878000BD421FD8B6F810A0554506D100220023DF
:10879000484609F0DFF9FCF77BFDA38CA3F140020A
:1087A0003F2A06D855451ABF002213460A4AF361EC
:1087B000B2612068BC3011F091FC236B13B12046EC
:1087C00011F06DFC636C9F422CBF0027DF1BC8F8C3
:1087D00000306764ABE700BF5DA20300F7B5044655
:1087E0000026234D234FBD4201D303B0F0BD29889D
:1087F000204611F02AFD6B68019001A92046984798
:10880000002830DB019B2A889A829A8403F11002A7
:10881000D2E8EF1FC2E8E06F0028F9D11E645E6461
:108820009E60A16B03F10802F9B9C4E90D221C6036
:10883000DE6003F1300016F077F9019843681B6899
:1088400003B19847019B1033D3E8EF1F41F00101BA
:10885000C3E8E21F002AF7D101984368DB6913B12E
:1088600000F1100198470835BDE70A60A263DEE712
:108870000C1B0400241B040070B5134A0C4613782B
:108880000646013313F0FF010ABF01230B461946C8
:1088900013701220082211F0A0FC054688B10821AF
:1088A0000C3010F05BFA22882946028062884280F0
:1088B000A2888280E288C2803046BDE8704011F014
:1088C000DABC6FF00B0070BDA06B002023281FD80E
:1088D0001A2804D8431E182B0ED906207047A0F181
:1088E0001B03082B1ED8DFE803F0051D1B231D19F1
:1088F000251D05000320704701230F4A83401A40BD
:10890000C2B90E4A1A40002A0CBF06200120704747
:1089100000F07F03522B05D10020704701207047E3
:108920000520704710F0400F14BF0020062070474C
:108930000420704702207047AAAA8A0254554501B4
:108940002DE9F74F054608468946FCF7F3FB182347
:108950004343264F0446FA189168D9F80C600191F8
:1089600005F14C00D0E8AF0FC1073BD5D9F80C009A
:10897000007810710022FA503378D22B0ED12B6878
:108980004946186813F0F0FB40B101904846FCF7E7
:108990007FFC019B184603B0BDE8F08F18235C43B1
:1089A000002349461A4607EB0408281DD9F80C6035
:1089B000D9F814B0B9F810A0C8F8085011F023FC89
:1089C00003460028E6D0D9F81420A6EB0B0612FACD
:1089D00086F6019AC9F80C60A9F810A0C8F808201A
:1089E0003851D7E76FF01503D4E700BFC05E002011
:1089F00070B50E46438D418B01328B4228BF0B462A
:108A00009A42054631D83046FFF760FF6FF01403F5
:108A1000034113F0010310D0FCF71CF9144B195853
:108A2000144BD3F8C83099421DD0134B1B685A1A07
:108A300018BF4FF0FF32134600E0104A00211048E3
:108A4000FFF748FE044660B1FCF774FB18220D4B9B
:108A5000012102FB003304F10C009D6010F07EF94F
:108A60000670204670BD0022E5E70024F9E700BF4C
:108A70000800000028580020B05F00201C4E0E00A7
:108A8000C00B0020C05E0020011F0A22002010B48D
:108A9000064B9C6818338C4208BF43F8100C013A0F
:108AA000F7D103485DF8044B15F063BFC05E0020AA
:108AB000C4090020F8B50F4A074600230E480E46A9
:108AC00010F0E2F8044690B100F10C0509212846A7
:108AD00010F039F92046FCF72DFB1822074B012135
:108AE00002FB003328469F6010F038F906702046DC
:108AF000F8BD00BF1C4E0E00C00B0020C05E002061
:108B000008B5EFF31181402383F31288BFF36F8F11
:108B1000002303600C4B5A689AB9C3E9000081F343
:108B20001188BFF36F8F094809F04EFA002807DA61
:108B3000002383F31188BFF36F8F0323184602DFEE
:108B400008BD10605860EAE7B85E002020060020EB
:108B50007FB5CB6804461D888DB15E8876B1AE4284
:108B60000DD310220021684617F0B1FF05212046E1
:108B7000FFF7A0FF019058B9112007E03546012307
:108B80002A460421204611F071FD002004B070BD7A
:108B90006B4631462846084A009411F084FDDDE911
:108BA000011323B90846FCF773FB0A23E8E72046C4
:108BB00011F05BFCE9E700BF95A50300F0B51D4689
:108BC000036804460E4685B001211868174613F065
:108BD0000AF838B904F14C0011F089FD50BB12209D
:108BE00005B0F0BD65B310220021684617F06FFF95
:108BF00039462046FFF75EFF029018B3BDF82830D3
:108C00002946ADF80430012328468DF80C300E4A71
:108C10006B46009411F047FD9DF80C3002995BB152
:108C20000846FCF735FB2A46314620469DF80C30B5
:108C300011F01CFD0020D3E7204611F016FCF9E7E7
:108C40000120CDE71120CBE7E3AA03002DE9FF4186
:108C5000036804460D461868012112F0C4FF40B9AC
:108C600004F14C0011F043FDA0BB122004B0BDE89C
:108C7000F08110220021684617F029FF0F212046BD
:108C8000FFF718FF029038B34FF00108009405F188
:108C90000C072B8A012B04D82046029911F0E5FB22
:108CA00018E0384610F0A4F86B4601460B4A064619
:108CB0008DF80C8011F0F7FC9DF80C30002BE8D0FB
:108CC0000298FCF7E5FA32460E2120469DF80C305A
:108CD00011F0CCFC0020C9E71120C7E7E3AA03008C
:108CE0002DE9FF41036804460D461868012112F082
:108CF0007AFF40B904F14C0011F0F9FCA0BB12203E
:108D000004B0BDE8F08110220021684617F0DFFEB4
:108D100021212046FFF7CEFE029038B34FF0010824
:108D2000009405F10C072B8A012B04D820460299E8
:108D300011F09BFB18E0384610F05AF86B460146DC
:108D40000B4A06468DF80C8011F0ADFC9DF80C30F6
:108D5000002BE8D00298FCF79BFA324620212046EF
:108D60009DF80C3011F082FC0020C9E71120C7E704
:108D70005FAA030010B5044600F14803D3E8EF1FD3
:108D800041F00101C3E8E21F002AF7D1201F11F0D2
:108D900094FB04F16400044915F0D9FF2068BDE894
:108DA000104001F09DBE00BF97AC03002DE9F043D9
:108DB0000F460446062187B007F10C0010F008F8B2
:108DC0000588EDB1B0F80280B8F1000F17D0A845C2
:108DD00016D3002382888DF800308DF804304FF4CC
:108DE0002053684601A9D7F80C90ADF80220ADF8E1
:108DF000063010F09FF8064660B10A2301E04546B0
:108E000001232A460621204611F030FC002007B03D
:108E1000BDE8F0830146142201A83F7C17F057FEFD
:108E200007212046FFF746FE0290D8B10A234146AB
:108E30008DF81530284601AB0B4ACDE90369019442
:108E40008DF8147011F02FFC9DF8153002992BB19C
:108E50000846FCF71DFA9DF81530D2E7204611F0C0
:108E600004FBD3E71120D2E713A803002DE9F0415A
:108E70000E8A0446043EF6B2022E08468CB001D09B
:108E8000102E76D104210C300FF0A2FF0DF1040852
:108E900005884788011D3246404610F078F80028C2
:108EA00069D085B377B3BD422DD80121606812F037
:108EB0009AFE064678BB42F602038DF8000069462A
:108EC0004046ADF8023010F035F820B342F6030307
:108ED000404606A98DF81860ADF81A3010F02AF84F
:108EE000C8B1012D03D14FF6FF739F4213D004F197
:108EF0004C0011F0FCFB002814BF002012200CB025
:108F0000BDE8F0813D4601232A460821204611F0A4
:108F1000ADFB0020F3E7182200210DEB020017F053
:108F2000D6FD09212046FFF7C5FD0890F8B10121C3
:108F30000C30CDE906480FF011FF002309900370B3
:108F40000A2339468DF82C30284606AB0B4A11F01F
:108F5000AAFB9DF82C3008992BB10846FCF798F92C
:108F60009DF82C30D0E7204611F07FFAD1E7112090
:108F7000C5E70420C3E70E20C1E700BF7D920200D1
:108F80002DE9F0410E8A0446043EF6B2022E084650
:108F90008CB001D0102E64D104210C300FF018FFDA
:108FA0000DF1080805884788011D324640460FF03C
:108FB000EEFF002857D0A5B300268FB3BD4230D8AE
:108FC0004FF42053404601A98DF80460ADF80630F7
:108FD0000FF0B0FF48BB1422002107A817F077FD5F
:108FE00011212046FFF766FD0990002837D00121A6
:108FF0000C30CDE907480FF0B1FE00230A90394646
:1090000003701A4A0B93284607AB11F04CFBDDE9BD
:1090100009131B78FBB90846FCF73AF90A2301E06B
:109020003D4601232A4610210EE042F60103404648
:1090300007A98DF81C60ADF81E300FF07BFF0028EB
:10904000C9D010232A461946204611F00FFB0020F4
:109050000CB0BDE8F081204611F007FAF7E71120C7
:10906000F6E70420F4E70E20F2E700BFC591020006
:10907000F0B51D4603680E460039044618BF0121AD
:1090800087B01868174612F0AEFD40B904F14C00E5
:1090900011F02DFB002844D0002007B0F0BD002DBA
:1090A00041D018220021684617F011FD47BB236804
:1090B00029461B68284600930023ADF812300C9B0C
:1090C0001A4A0393BDF834308DF80860ADF81030BB
:1090D00001238DF814306B4611F0E5FA9DF8143039
:1090E000C3B1002FD8D00198FCF7D2F8002ED3D00E
:1090F0002A46122120469DF8143011F0B7FACBE72A
:10910000002213212046FFF773FC01900028CED1E6
:109110001120C2E701990029BED0204611F0A5F91F
:10912000BAE71220B9E70120B7E700BF23A5030083
:109130002DE9F0410B8A04460D46002B3AD0066813
:10914000012105F10C000FF043FE737B0746072B4E
:1091500030D154F8043C6BB300230178184E043C22
:1091600016F833004FEAC308884206EBC30211D158
:10917000298A5378994220D3536829462046984734
:1091800003464644B278012A14D19BB1397889B19B
:1091900000220CE001331C2BE2D10846FFF796FBBE
:1091A0002122C24012F0010204D119B10623204647
:1091B00011F05CFA0020BDE8F0810423E1E700BF74
:1091C000303804002DE9FF414FF000084FF42053E0
:1091D00005460E46006802A9144617688DF80880F7
:1091E000ADF80A300FF0A6FEA0B142F601032868E0
:1091F00003A98DF80C80ADF80E300FF09BFE48B13E
:1092000023691BB15A88B24200D25E80012004B0AB
:10921000BDE8F081616828680FF08CFE10B1002372
:109220002361F3E7E368A0681A786AB1B7F82AC047
:10923000798B038A8C4594BFC3EB0C03C3EB01030A
:10924000934201DA0020E2E704210C300FF086FDA2
:1092500020610680236929465E80074B01940093B4
:1092600038460023A26811F071FB0028EADB206970
:10927000003818BF0120CAE74DA603002DE9F347C7
:10928000176805468946006851681446D7F804A057
:109290000FF050FE804600284BD1952229465046BB
:1092A00012F082FA0646207540B1E3681B780BB1D4
:1092B00084F81480002002B0BDE8F08729465046AB
:1092C00012F0CAFC10B908232375F3E7A0682675CD
:1092D0000FF010FD02210C300FF040FD164B206105
:1092E000A0F8009000930194334629463846A268BE
:1092F00011F02CFB002807DA10F1FF0F32BF0E200F
:109300004042C0B22075D5E72369002BD2D0A068B7
:1093100011F01BF87B8B7A8D9A4294BFC0EB020050
:10932000C0EB0300E3681B78984294BF0020012043
:10933000C1E70120BFE700BF5BA30300F7B500232F
:1093400004460E4600226946284808F049FA0546B8
:10935000D0B9FBF77FFC264B29461A58254B0098BD
:109360001A60242217F0B3FB009B00221C60009CB3
:109370000023C4E90155C4E907551F4801A9019517
:1093800008F02EFA054620B16FF00B05284603B011
:10939000F0BD0146A022019817F099FB0198174BE8
:1093A0008360543015F0C0FB019B4C33D3E8EF2FA2
:1093B000C3E8E15F0029F9D1019B1C60E369019FCB
:1093C0001BB904F10C0015F0AFFBE26907F198033B
:1093D000C7F89820226AE36102B923621722019B31
:1093E0005A855A8304333360D0E700BFA8090020B0
:1093F00008000000B05F0020C4090020F80500202C
:109400002DE9F74F0646EFF31187402383F31288C7
:10941000BFF36F8F404C204610F08DFF2368054648
:10942000009387F31188BFF36F8F00285ED0FBF79E
:1094300081FE182202FB00F33849C81851F803B026
:1094400003690021D0E90247019390F80480B0F845
:1094500006A017F03CFBA87AFBF764FE6969814619
:1094600051B16A7AD00705D4D9F828202846126865
:109470009268904700226A612946484615F067FBCA
:10948000B8F1000F22D00CB32368FBB11B68EBB11D
:10949000BBF1000F1AD1201D11F053FB4046FFF71E
:1094A00015FA052812D8DFE800F02403112411036F
:1094B00004F14C03D3E8AF3FDA0707D5236D2BB196
:1094C0000023174A04F1680008F022FE009B6BB1EC
:1094D0003146002015F00AFC002807DA002383F348
:1094E0001188BFF36F8F0323184602DF03B0BDE876
:1094F000F08F54F84C3B1D68D4E8AF3FDB07E5D54F
:10950000002FE3D0002403E028460199B847013436
:10951000A3B25345F8D3D9E7B85E0020C05E00205F
:109520001C4E0E0007B50B4600210246FBF792FBCE
:1095300001910E4909580E480068884204D00D4830
:10954000D0F8C800884201D10022134601A90A4878
:1095500008F046F9014638B91C22019817F0B7FA0D
:10956000019803B05DF804FB0020FAE70800000052
:10957000B05F002028580020E009002010B5044604
:10958000806818B1FBF784FE0023A3602146BDE884
:109590001040014815F0EDB9E00900202DE9F7432E
:1095A000044668300F4690461E4615F0DEFB206DDF
:1095B00048B9201D00F028F81321606803B0BDE809
:1095C000F04310F04EBC0F4B98424FF0000317D001
:1095D00045684360206DD0F81890FFF7CFFF002357
:1095E0002068236510F0F8FE3DB12068CDF80090AA
:1095F00043463A4631460068A84703B0BDE8F083C9
:109600001D46ECE7B45F0020F7B550F8044C054662
:10961000002C55D000F1940104F11C0011F04EF81B
:109620002E1F05F1500700220023384608F092FA59
:10963000024658BBEB6C2BB101466FF06703304616
:10964000FFF7ACFF002345F8043C05F14803D3E8DD
:10965000EF1F21F00101C3E8E21F002AF7D1E369FF
:1096600073BB04F10C0600220023304608F072FAA6
:1096700078B9666886B921461248266015F079F9EE
:10968000286803B0BDE8F04001F01ABBFBF700FE0C
:10969000C9E7FBF7FDFDE6E7A26833689642636021
:1096A00008BFA36077683FB1B3696FF067010093AB
:1096B000002320681A46B8473046FFF75FFFD8E717
:1096C00003B0F0BDA809002038B5036D044623B3EC
:1096D000164A934221D0CB68DD78F5B1052D40685C
:1096E00015D00F2D1AD1437A012B17D8022110F073
:1096F000FCFB08B1103011D104F1680015F035FB06
:10970000226D137C43F001031374002038BD437AAB
:10971000032B03D8064AD15CE9E70E2500222B462D
:1097200011462046FFF73AFFEFE700BFB45F002085
:109730003B62040010B50C4608B301B311F032FAD5
:10974000E8B1C3693BB153F8982902B1983A196D51
:109750008C4206D062B90430214610F0AFFF20469B
:1097600002E02046064A1A65BDE81040FFF706BF32
:10977000D2F8981001B1983913460A46E7E710BDB0
:10978000B45F0020F8B51D460F461646FBF7D2FC25
:109790001823044C03FB00400123C0E90376C38077
:1097A0000575F8BDC05E002010B518461446034983
:1097B0001022A04700EAE07010BD00BF8024002006
:1097C000F8B506460F460024094D15F8013CB34292
:1097D00007D12946384611F08DFB10B105482044C9
:1097E000F8BD1034A02C05F11005EED10020F7E7EC
:1097F0000160002000600020F8B506460F460024F6
:10980000094D15F8013CB34204D12946384611F000
:1098100071FB30B90C34782C05F10C05F1D1002026
:10982000F8BD02482044FBE7C9230020C8230020DC
:10983000F8B506460F460024094D15F8013CB34221
:1098400007D13946284611F055FB10B10548204490
:10985000F8BD0C34782C05F10C05EED10020F7E7AB
:10986000516A0020506A002038B514460D4B8268BA
:109870000D469A4211D122792168C06811F042FB4D
:1098800058B1D4F8C8302F2B09D804EB83021581C6
:10989000018901335181C4F8C830012038BD00204E
:1098A000FCE700BFB99D020038B50C4619466BB104
:1098B00003F114055B698AB9E268A360954200D19F
:1098C000E36000230D681A464B61A847A3685BB9A3
:1098D000601C0649BDE8384011F048BB1360E368DE
:1098E0009D4208BFE260ECE738BD00BF8461040020
:1098F00070B5204B144682689A420FD1A568C6689D
:1099000075B922793046216811F0FCFA024628B177
:109910001949013011F02AFB15701581012070BD25
:10992000E0680028FBD02B888B420AD0F6D2E06892
:10993000A36801380433E060003818BF0120A36039
:10994000EDE7256822792946304611F0DBFA024618
:1099500060B93046084911F0D5FA02460028E6D031
:109960002946013011F002FB23791370A3685B884C
:109970001381DCE7B99D020084610400F8B5054657
:1099800000260B4C2746621C65B91046094911F0A8
:10999000B1FA28B901360A2E04F11004F2D10027D9
:1099A0003846F8BD2846217810F0DAFAF1E700BF12
:1099B000006000208461040070B54A1C0C46054616
:1099C00088B910460D4911F095FAA8B904F10A06B4
:1099D00004F10B025DB12846A17A10F0C1FA00B97A
:1099E0000026304670BD097810F0BAFAEDE710464F
:1099F000024911F07FFAF2E72646F2E7846104009B
:109A0000F8B5054600260B4C2746621C65B9104682
:109A1000094911F06FFA28B901360A2E04F1100431
:109A2000F2D100273846F8BD2846217810F098FA80
:109A3000F1E700BFAC600020846104002DE9F04133
:109A400006460F4690460FF05AFD50B33946304651
:109A5000FFF7D2FE054678B90446134A104611F0C6
:109A6000D8FAC0B90C225443104A601C394610443D
:109A700011F07CFAA5181655012105F1080001FA2C
:109A800008F111F05DFABDE8F04147F6122200231B
:109A9000074808F03DBB01340A2C02F10C02DDD16D
:109AA000EAE7BDE8F08100BFD0230020C8230020F2
:109AB000402400202DE9F04180460F4616461D4601
:109AC000FFF7B6FE044648B91649FFF7B1FE044653
:109AD00030B3394600F8018B11F048FA23899BB95D
:109AE00062899AB926816581254615F8010B2946B8
:109AF0000FF005FDA0B122462946BDE8F041042340
:109B000012F8080BFBF776BDB34204D86289AA426B
:109B100006D2B342E7D963892681AB42E4D2E2E7B9
:109B2000BDE8F081846104002DE9FF410E4617462F
:109B30009846044628B96FF01505284604B0BDE8DC
:109B4000F08102A90FF0CEF905460028F3D1204696
:109B500001A90EF0CBFE0198D0B9002002A9FFF7B1
:109B600067FE0446D8B9002EE7D01149FFF760FE22
:109B70000446D0B1002302A900F8013B11F0F6F928
:109B80000422404604F10801B84700EAE075D4E732
:109B90000A2229460CF0B0F90028DED0CBE7002ECF
:109BA000EED1066046608660C7E76FF00B05C4E73C
:109BB0008461040070B50E4B144682689A4214D139
:109BC000C56821686E1C304611F094F918B1304612
:109BD000616811F0CBF90B352846216811F08AF93C
:109BE00018B12846616811F0C1F9012070BD00BFAD
:109BF000B99D020008B513468168074A914209D110
:109C00001A791968C06811F07DF918B10023036052
:109C100043600381012008BDB99D020040F2391262
:109C20000023014808F074BA0025002008B504217B
:109C3000084811F085F96FF00201064811F08BF920
:109C4000044811F0E6F9C30701D5FFF7E7FF00204C
:109C500008BD00BF30250020024608B50749013085
:109C600011F084F900230C3202F8043CD2E8EF1F13
:109C7000C2E8E03F0028F9D108BD00BF84610400BC
:109C80002DE9F04706460D461D48002190461F4627
:109C90009DF820A0DDF82490FFF744FC044688B12D
:109CA000456080F811A0C0F81490C760C0F8188013
:109CB0004A465146304610F0A7FF054638B92046BF
:109CC000FFF75CFC6FF00B052846BDE8F08700222B
:109CD00001231146FFF756FD2846A5604246494636
:109CE000B847054618B12046FFF748FCECE7214687
:109CF000304611F07FF805460028E5D0F3E700BFB5
:109D00001C4E0E002DE9F047284B16468268074688
:109D10009A422BD1C568AB8A43B34FF000086C1C44
:109D200005F11509B4F807309BB12246304614F806
:109D3000011C10F015F9E0B9214614F8010CFEF7EA
:109D400007FB30B1437B072B08BF48F00108FDF744
:109D5000DFFE0A344C45E5D1B8F1000F06D1AB69FE
:109D6000A5F8148013B14146384698470120BDE854
:109D7000F08706F1700A5146307A0FF0C0FB78B9CF
:109D80000B4B9D4202D1304611F0ACFA20460949F6
:109D900011F0ECF8002304F8013CA4F80730D8E7F0
:109DA0005146204611F0E2F8D3E700BFB99D02000A
:109DB00058060020846104002DE9F0471F46BDF8D5
:109DC000203006468846D1F80C90002B46D17B1EE9
:109DD000012B46D8012F49460CBF15781588FFF78F
:109DE000EBFD044678B915B93846BDE8F087494619
:109DF000FFF7E2FD0446B8B306F17001013011F03F
:109E0000B5F8337A2370D9F81C30DBB9B4F808A060
:109E10002581B9F81430AB4203D04946404611F0D1
:109E2000FBF8AA4505D00022307A06F17001FFF751
:109E300005FE002DD8D10E49601C11F097F8257051
:109E40002581D1E72A464146304698470028CCDB99
:109E500001380128DAD96FF00D00C6E76FF006006F
:109E6000C3E76FF00C00C0E76FF01000BDE700BF64
:109E70008461040073B50C460546082104F1100006
:109E8000164611F05DF8122304223146CDE9003266
:109E900028462246024BFFF7F3FE02B070BD00BF1A
:109EA000DBB3030008B50121114811F049F810F0A7
:109EB000010F104B0AD1104A9A610D4811F0A9F810
:109EC000830713D4BDE80840FFF7A8BE1A8B588B50
:109ED000012A4FF6FF7205D8904207D04FF6FF7265
:109EE0005A83EAE790421983E7D0F7E708BD00BF3D
:109EF00030250020E02400200100FFFF10B56FF0A6
:109F0000020104460E4811F026F80D4811F081F8C0
:109F1000C20704D5002200230A4808F0F9F82046B9
:109F200010F09EFF58B12046FFF728FD38B1037AA4
:109F3000DB0704D5BDE81040012111F073BA10BD54
:109F4000302500200025002070B500250A4C661C35
:109F50000A49304610F0CEFF014630B9204611F0D4
:109F600051FA3146207811F028FB01350A2D04F111
:109F70001004ECD170BD00BF0060002084610400BB
:109F8000012110B51A4810F0DBFFC3072ED40221BF
:109F9000174810F0D5FF084007D11649164A0B881C
:109FA000164CA2421CD300B10B801549154814F081
:109FB000CEFE40F2391200231248FBF7EDFB1249A6
:109FC000124814F0C4FE0221114810F0B9FF1148E4
:109FD000114914F0BCFEBDE810401048FEF726BB46
:109FE0005068083203449BB20120DAE710BD00BF7D
:109FF000A0600020C86A0020741B04008C1B0400B1
:10A00000D1B603009024002011A6020000250020F4
:10A01000302500204024002061B7030030060020D6
:10A0200000234360044B021D596811B9C3E90022A3
:10A0300070470A605A607047A460002003462DE90B
:10A04000F04148B1008A38B901244FF0140C11498D
:10A05000DFF844E0714501D3BDE8F081D1E9007635
:10A06000BB4204D30CFB0672143A93420ED934441B
:10A07000A2B214460831EDE70CFB0578434507D042
:10A0800001356219AE4292B2F6D1F2E70025F8E747
:10A090001046E1E7741B04008C1B04002DE9F74F08
:10A0A00099464FF6FF73BDF830500746002D08BFA4
:10A0B0001D46244B90461B88009183423CD203B03E
:10A0C000BDE8F08F73682344BB4232D29CB208369D
:10A0D0001D4B9E42F6D3F2E74046895801930EF09D
:10A0E00029FF019B90B101340AF1010AA4B27368FF
:10A0F0005345ECD9009B9C42E1D8BC42F3D30BFB07
:10A100000AF231688B18B8F1000FE5D1B9F1000FF0
:10A110000BD1013D1846ADB221460E9A0D9B9847D2
:10A12000002DCCD00028DED1C9E7DA689145DAD11C
:10A13000EFE74FF0000ADAE701244FF0140B034E6B
:10A14000C6E700BFC86A00208C1B0400741B040013
:10A1500030B5F1B010220021684616F0B8FC182284
:10A16000002105A816F0B3FC4FF41053ADF81030E1
:10A1700080231022ADF812304FF480631D4D6946E4
:10A18000CDE906350DEB02006EAB09F091FA0BAC90
:10A19000014660BB4FF4C672204616F098FC2A4672
:10A1A00020466E9915F0B9FA08BB23464FF6FF71A9
:10A1B0000120114A11F081FA102220460F4904AB08
:10A1C00015F0C0FA05466E9809F02CFA7DB9082200
:10A1D0000A4B03F11001187811F8014D013A03F808
:10A1E000014B0870F7D10821054810F0A9FE71B0A5
:10A1F00030BD00BF0002C00331B303007024002053
:10A20000302500202DE9F04119490446A1F1300024
:10A2100015461E46BDF8187014F0BAFD154810F02A
:10A22000F8FE010707D4FFF793FFFFF78DFE10211B
:10A230001148FBF721FA2046FFF7A0FB68B1037A2B
:10A24000DA070AD500F10C04204610F0E2FEC3073D
:10A2500003D40221204610F073FE10233A460693E1
:10A2600031462846BDE8F041034B10F092BF00BFD5
:10A27000C0240020302500207024002010B51B4889
:10A2800010F0C7FEC0F3C00080F0010408B9FFF76A
:10A290005FFF164810F0BDFE0346144810F0B9FEEB
:10A2A000DA0621D5830608D5F4B1FFF74DFEBDE8E7
:10A2B000104010210E48FBF7DFB920210B4810F0A9
:10A2C0003FFE10220A49881816F010FC48B90948C8
:10A2D00014F04BFDBDE810406FF00101034810F091
:10A2E0003ABEFFF7DFFDE0E710BD00BF30250020DC
:10A2F000702400200025002008B51021034810F02C
:10A300001FFEFFF7BBFF002008BD00BF3025002067
:10A310002DE9F041B8B00C46164621496A463E98F0
:10A320001F460EF0BFFA002837D0009D01A928462D
:10A330000EF0DCFA65B1019870B900230DF1080840
:10A34000284641468DF814300EF0CCFD054650B13C
:10A350006FF0150425461AE00A2200210BF0CCFD0F
:10A360000028EAD0F4E7CDF81080A4B1C022384626
:10A3700008A9B047041EEDDBA40808ABCDE90634FC
:10A380004FF6FF710120074A04AB11F096F92846F9
:10A3900038B0BDE8F0812346F0E76FF01505F6E729
:10A3A000855D0400F1980200002330B5B5B001913D
:10A3B0008DF808003393044601AB0D4601204FF69B
:10A3C000FF71074A11F079F9339B3BB19B0003AA57
:10A3D00029462046FBF73AF935B030BD1A46F7E773
:10A3E000699802002DE9F34100F17008CDE90012EF
:10A3F00004460F46007A414616460FF080F805469F
:10A400006B464FF6FF7101200C4A11F056F91DB151
:10A410004146207AFFF7C8FF3946207AFFF7D0F986
:10A4200040B13146013010F0A1FD1DB14146207A06
:10A4300011F0C3F802B0BDE8F08100BFB59B020087
:10A44000002307B50193FFF7F9FD411C89B20846C7
:10A45000034A01AB11F031F9019803B05DF804FB38
:10A46000A5AE03002DE9F843154689469422696894
:10A47000064611F099F98046002841D10222304663
:10A48000696811F0CCF900283DD000211F48AF8A3F
:10A49000FFF748F80237044680B11D211C4B476185
:10A4A0003A464174C0F80C8043608561304610F034
:10A4B000ABFB074638B92046FFF760F86FF00B0595
:10A4C0002846BDE8F883012342464146FFF75AF982
:10A4D000A98A07F10C0002310EF040FC20F8029B23
:10A4E000AA8A296916F0E6FA21463046A76010F0DC
:10A4F00081FC05460028E3D02046FFF73FF8DFE760
:10A500004FF0FF35DCE76FF01505D9E71C4E0E0064
:10A51000ABAE030070B505468AB03A4810F079FD3D
:10A5200042070C4667D515B16B7B072B66D1666871
:10A5300030460596FFF782FD2268ADF81800002A24
:10A540002FD005A9029130490023019101210091EA
:10A550004FF6FF710593FFF7A1FD059E1EB96FF041
:10A5600001000AB070BD6660002330688DF81030BD
:10A5700042F6030304A9ADF812300EF0DBFC40B93B
:10A580000598C3689B799B0608D511F04FF8ADF884
:10A590001800059811F0F1F8606028B96FF0150007
:10A5A000DFE70028E0D1DAE7BDF818003DB101236C
:10A5B000014622462846A375FFF754FFD1E76FF006
:10A5C0007F0307930223ADF8203042F60213ADF863
:10A5D000123005ABA57502930C4B4FF6FF7101933A
:10A5E000012304AA00932B4609948DF81050FFF71D
:10A5F00055FD0798B5E76FF00A00B2E76FF07F00EE
:10A60000AFE700BF70020020D9AE030041A80200EE
:10A6100073B5044650F8083C00F130056FF00101B5
:10A62000A0F120062846019310F095FC0D4B002068
:10A6300044F81C3C0C4B314644F8183C01AB44F840
:10A64000103C042324F8080C24F8060C24F80C3CD5
:10A65000FFF760FF18B90221284610F071FC02B024
:10A6600070BD00BF4C390400FD9E02002DE9F0478B
:10A67000304B1746826806469A4258D1D0F80C8073
:10A680003C6808F1010508F11509B5F80730FBB180
:10A690002A46204615F8011C0FF062FCC0B14FF4A9
:10A6A00095723146204611F07FF8A8B103280FD0EB
:10A6B000052820460CBF4FF0030A4FF0020A0FF0A6
:10A6C00049FC824508D93B79534501D287F804A05B
:10A6D0000A354D452BD0D8E74146304610F09CFC5A
:10A6E000154B984523D1207A04F17001FFF7A0F8AB
:10A6F0000546E0B103890BB94389C3B12046FDF794
:10A7000023FB2A890D4B0E4923F820206A8903EB8D
:10A7100080035A80182202FB00110B610423094AAE
:10A7200020464A60084A8B828A60FFF7F3FE0120C8
:10A73000BDE8F087B99D020058060020486A002055
:10A74000D05F00204C390400C9B4030070B5044642
:10A750008AB0384810F05DFC42070D4663D514B14D
:10A76000637B072B62D16E6830460596FFF766FC67
:10A770002A68ADF81800002A2FD005A902912E49A9
:10A7800000230191012100914FF6FF710593FFF71E
:10A7900085FC059E1EB96FF001000AB070BD6E60A9
:10A7A000002330688DF8103042F6030304A9ADF899
:10A7B00012300EF0BFFB40B90598C3689B79DB06E9
:10A7C00008D510F033FFADF81800059810F0D5FF4C
:10A7D000686028B96FF01500DFE70028E0D1DAE7FC
:10A7E000BDF818002CB101462A46204611F0AAF8FF
:10A7F000D3E76FF07F0342F6021207930123ADF80F
:10A80000122005AA02920D4AADF82030CDE900329F
:10A810004FF6FF71234604AA09958DF81040FFF703
:10A820003DFC0798B9E76FF00A00B6E76FF07F00CC
:10A83000B3E700BF70020020D9AE030041A80200B8
:10A840002DE9F84F14463F4B826880469A4238D132
:10A85000D0F80C903C4B99451BD100263B4D284627
:10A860003B4910F047FB78B90722294615F8010C3F
:10A87000FDF796FD40BB236929461A6915F8010CBE
:10A8800053881288FFF716F901360A2E05F10C05D8
:10A89000E5D109F1010709F1150AB7F80720A389E5
:10A8A0009A420BD1394617F8010CFDF751FD0646C7
:10A8B00020B1437B072B0AD0FDF72AF90A37574509
:10A8C000EBD14FF0010B2AE0FDF722F9DCE7D9F8D4
:10A8D000203023B14146984708B93046ECE794222E
:10A8E0004146304610F060FF83460028F5D1A38929
:10A8F000022B17D1B7F807309A0720D530462269C6
:10A90000A188FFF7AFFD054618B92269937D013391
:10A9100093753046FDF7FCF8002DA560CEDA584659
:10A92000BDE8F88F012B0AD1B7F80730DB0706D551
:10A9300030462269A18811F005F80546E9E75D4631
:10A94000E7E700BFB99D020058060020516A0020C9
:10A950008461040073B5437B0446072B0D461AD16E
:10A96000061D4FF48031304610F0EAFAC30315D4C7
:10A9700002232046CDE900332A460A4B0A49FFF755
:10A980007FF9044620B16FF48031304610F0E3FACD
:10A99000204602B070BD6FF07F04F9E76FF07704D6
:10A9A000F6E700BF61B00300E1AE030007B5437BEB
:10A9B0000A46072B2CD14B683BB908234FF0040EF5
:10A9C000CDE9003E144B154909E0012B11D0097B5C
:10A9D0005B00019341B1202311490093114BFFF714
:10A9E0004FF903B05DF804FB0E230F4900930F4BA2
:10A9F000F5E74B8933B10C234FF0040CCDE9003C53
:10AA00000B4BE0E70A230221CDE90031094BDAE7DD
:10AA10006FF07F00E5E700BF5BB20300B3B903004E
:10AA200011B10300CDB00300D1B00300A5B0030005
:10AA30008DB0030079B00300F8B5437B0646072BC1
:10AA40000C4643D1FEF7DCFF0546002841D0836861
:10AA5000002B3ED000221746143B9C4209D0188997
:10AA60002189884208BF47F001075B691BB1143B8D
:10AA7000F3E70122F9E762B304F1100010F0C9FA1C
:10AA8000430703D52146304611F029F877B104F188
:10AA9000140105F1080010F0FBFBAB681BB90E496F
:10AAA000681C10F063FA57B9002007E021463046D1
:10AAB0000A4AA781FFF7DEF90028E8D0F8BD002395
:10AAC00021461A4630462568A847EDE76FF07F001B
:10AAD000F4E76FF01500F1E7846104007BAF030039
:10AAE000012370B500F170058EB00446039029462D
:10AAF000007A8DF810300EF002FD90B1227A1AB370
:10AB000002AE042130460CF0DAFE009624210F4AF2
:10AB10002B4605A8FAF7D0FC05AA10460C49F9F710
:10AB200069FA4FF6FF7101200A4A03AB10F0C5FD28
:10AB300020460FF00FFA9DF81010884202D22046EE
:10AB40000FF0D3F90EB070BD0092DFE7885D04000E
:10AB500011A302006DA602002DE9F0410D4B06463F
:10AB60001B680F46904623B153F8044904B1043CD6
:10AB70000BB9BDE8F0811B681BB14246394630462F
:10AB800098472CB1656805B1043D23462C46EFE794
:10AB90002546FAE7A4600020012337B5054600905A
:10ABA00000F17001007A8DF804300EF0A8FC78B93D
:10ABB0004FF6FF7101206B46134A10F07EFD002115
:10ABC000284611F010F808B9FFF76CF903B030BD52
:10ABD0002846FEF715FF0028EAD08468002CE7D04D
:10ABE000143C04F11003184610F013FA020709D4BC
:10ABF000184610F00EFA830704D421462846034A6B
:10AC0000FFF738F96469E9E76DA6020007B00300B1
:10AC1000F7B504460D466B46264A00918DF80400B0
:10AC20004FF6FF71012010F048FD29462046FAF743
:10AC30001BFD002821DB2946204610F044FB294655
:10AC40002046FEF7BDFD08B1FFF706F8294620466D
:10AC5000FAF7F4FC002810DB0026174F17F8013C28
:10AC6000A34204D13946284610F044F938B91036C9
:10AC7000A02E07F11007F1D1002003B0F0BD0F4B5B
:10AC80001E44B368002BF7D053F8144904B1143CA8
:10AC9000002501E0234614460022314610469D81DE
:10ACA000FEF702FE002CE7D06269002AF2D0143AC7
:10ACB000F0E700BFF59B0200AD600020AC60002013
:10ACC0002DE9F74F044603464FF6FF7101203A4A3B
:10ACD00004F1700610F0F1FC3146207A10F00AFD04
:10ACE0003146207A0EF00BFC50B1237A4FF6FF71FB
:10ACF0008DF8043001206B46304A009610F0DDFCE0
:10AD00002046FEF77DFE074640B92046FEF736FE98
:10AD1000054600283DD103B0BDE8F08F8568002DC1
:10AD2000F3D055F81489B8F1000F01D0A8F1140838
:10AD30004FF00009CA4601E04546984605F1100B60
:10AD40006FF00801584610F006F93146207A0EF0EF
:10AD5000D6FB80B92B464A4639462046A5F80CA0BA
:10AD6000FEF7A2FDB8F1000FCFD0D8F81430002BB9
:10AD7000E2D0143BE0E7584610F04BF9C307E9D4A2
:10AD80007B781BB13146781C10F0F0F805F11409FE
:10AD9000E8E73146207A0EF0B2FB28B9284603B026
:10ADA000BDE8F04FFEF758BF3146681C03B0BDE860
:10ADB000F04F10F0DBB800BF059D0200F59B0200CC
:10ADC000034B42689A4204BF83691982704700BFEF
:10ADD000B3B903007FB54FF420520023ADF816201D
:10ADE00004AA02920A4A0120CDE900324FF6FF710F
:10ADF00005AA04938DF81430FFF750F9049B012B3A
:10AE000014BF6FF01500002007B05DF804FB00BF11
:10AE100061BC030010B50D4AD2F8EC301BB1D2F87A
:10AE20005C327BB901234FF4B87000FB0320084C5F
:10AE30005B42C0F8F040002003F4B873EC331A44CE
:10AE40000A6010BD6FF00B00FBE700BF3825002043
:10AE5000C4390400014608B5084810F01FFF50B976
:10AE6000074810F01BFF28B10120064B404200F4B8
:10AE7000B870184408BD0020F7E700BF3C2500204B
:10AE8000AC26002038250020084B00F5B4701A6865
:10AE9000074BD0E8EF1F994204D1C0E8EC2FBCF17A
:10AEA000000FF6D1D0E8AF0F704700BF245E00203E
:10AEB0003825002008B5FFF7E7FFF0B1026842B17E
:10AEC000436833B1836813B90F4B1B783BB9042037
:10AED0000CE00D4B1B7813B10AB183687BB9816913
:10AEE000436821B1181E18BF0120800008BD43B976
:10AEF000002A14BF00200320F8E70320F6E7012012
:10AF0000F4E70220F2E700BFA16B0020002370B538
:10AF10001A460446EC300D460FF075F920B128466C
:10AF2000BDE87040FAF7B4B904F59C700023BDE8A1
:10AF30007040014A07F0ECB81C4E0E0038B50446CC
:10AF4000051D0821284610F0F1FE064904F15700BE
:10AF5000FCF76AFC20B12846082110F0DAFE082030
:10AF600038BD00BFFDC1030038B50546EC22002105
:10AF700015F0ADFD102105F1270004F0E7F80446B7
:10AF800048B90521284610F0D1FEFCF73FFC034BE1
:10AF90001860204638BD0824FBE700BF4C61002044
:10AFA00070B5051D0E462846042110F077FE68B1E5
:10AFB0000022002100230846FDF78CFB044638B927
:10AFC0000421284610F0B2FE204670BD034AF0E787
:10AFD00001210C300DF0C2FE0670F5E71C4E0E008C
:10AFE00070B504460E4686B0FFF74EFF04F13702F7
:10AFF0001146F368054603F1100053F8046B8342D1
:10B0000041F8046BF9D1237A052B40D8DFE803F02F
:10B01000172323033F6502AB45490093096804F1F8
:10B02000270304F1570001F0A9F880BB0A21201D75
:10B0300010F07CFEAB680299D4F8EC0098472046EB
:10B040000D2110F073FE201D102110F06FFE204620
:10B0500010F0A1FE19E094F8DC10D4F8D83002AD5D
:10B06000CB40334903F001030095096843F08003A6
:10B0700004F1570011F04EFA48B91022294604F1A4
:10B08000170015F033FD20B1042006B070BD082074
:10B09000FBE70321204610F049FE10F07CFE00285B
:10B0A000F5D194F8DC300133DBB2142B84F8DC30BA
:10B0B00009D10D21204610F039FE1021201D10F07D
:10B0C00035FE0020E1E7102104F1270004F03EF8EE
:10B0D000003818BF0120C000D7E7102104F1270075
:10B0E00004F034F80028D2D105B3EB68F3B1114B6A
:10B0F000E27A1B8812F0010FADF80830A37C08BF7C
:10B100000320DB0703D5002814BF01200220002301
:10B110008DF80900C4E93833201D0C2110F006FE1B
:10B12000EB68D4F8EC0002A99847CAE70220ACE724
:10B130004C610020A421040073B5047A0546022C5A
:10B1400023D844B190F8DC30D0F8D840DC4004F08B
:10B15000010444F0800403212846FFF721FF06463E
:10B16000A8B110210C300DF0F9FD00900F482346D6
:10B17000006805F1270205F1570111F0CBF90446EB
:10B1800050B13046FAF784F801E0032C02D00820D1
:10B1900002B070BD0024DEE731462846FFF7B6FE58
:10B1A000281D214610F0B5FD2046F1E74C61002036
:10B1B000F7B50446FFF768FE261D05460E2130460A
:10B1C00010F06CFD38B9504B2022196804F157007B
:10B1D00015F08CFC90B30C212046FFF7E1FE0746EA
:10B1E00060B340210C300DF0B9FD474B02461B689F
:10B1F000014603F1200053F804CB834241F804CB0D
:10B20000F9D1203203F1200153F8040B8B4242F8AC
:10B21000040BF9D139462046FFF778FE237A052B37
:10B220000CD8DFE803F0034F0E030B6C042120461B
:10B2300010F07CFDFFF780FF002852D0082003B0FB
:10B24000F0BD2046D4F8EC70FFF71EFE4FF0FF3340
:10B250000546019370B904210DEB010003F076FF60
:10B260000028EBD1019B2948B3FBF0F100FB113022
:10B2700001900EE08369002BEDD038469847244AB0
:10B28000A0F57423A3F5107393420190D6D9431C03
:10B29000E1D00023C4F8D80084F8DC3055B12B6825
:10B2A00043B10B21304610F041FD38462B68D4F8ED
:10B2B000D81098470321204610F038FD0E2110F0D9
:10B2C00035FD0EE02046032110F030FD0E2110F078
:10B2D0002DFD30460A2110F029FD6B68D4F8EC00F2
:10B2E00098473046072110F021FD0820FFF7B2FDF6
:10B2F00040B9204603B0BDE8F040FFF71FBE04216F
:10B300002046DCE700209AE74C61002040420F0015
:10B31000BEBDF0FF70B505460E4605F15704FFF7B8
:10B32000B3FD2246F36803F1200153F8040B8B426E
:10B3300042F8040BF9D105F1770203F1200153F82B
:10B34000040B8B4242F8040BF9D12046FCF7BCF900
:10B3500018B3281D0E2110F0E9FCD5F8EC40D4F804
:10B36000A00080B9207A04F1700100F053FCC4F809
:10B37000A00040B9104B1C68B4B9281D062110F07C
:10B38000D5FC204608E0438A03F02403002BF1D0CB
:10B39000437C9B07EED4032070BD2046FCF7A0F948
:10B3A0000028E7D10B20F7E72846FFF701FF003818
:10B3B00018BF0120C000EFE74C61002038B5134BE7
:10B3C00005461B78E3B101F00F042846FFF772FD34
:10B3D0000F4B03281B780CBF04F00B0444F004044B
:10B3E00005F5B670D0E8EF2F013203D1C0E8E13F98
:10B3F0000029F7D1D0E8AF3F2BB144F0010038BDB0
:10B4000001F00704E1E704F0FE00F8E7A16B00207B
:10B410005C090020F8B50D460446D0F8EC70FFF743
:10B4200033FDED68EB78102B01D00620F8BDD7F87E
:10B43000A030002B73D0261D0F21304610F02EFCBB
:10B4400020B92046FFF790FD002871D101236372D7
:10B450002B682046C4F80A30AB88E38102232374AA
:10B46000A978FFF7ABFFE0742046FFF723FD102318
:10B47000607423752B7903F0030363756B7903F014
:10B480000103A375E37C1A0754D40521304610F05C
:10B4900005FC00285CD0574B1B78A374E37C98060E
:10B4A00006D5AB78990603D51421304610F03EFC42
:10B4B000E37CDA074ED5AB78DB074BD50D21304660
:10B4C00010F034FCA37D032184F8E830637D30461E
:10B4D00084F8E93010F02AFC237BE17C2D7803EA24
:10B4E0000102100704D5E27AA07C0243D20735D4CA
:10B4F000042D35D80B4313F0040307D02046FFF783
:10B50000D9FC3D4B05EB85052B441B5C2372204683
:10B51000D7F8A01010F0C8FB20BB032086E7387ACC
:10B5200007F1700100F076FBC7F8A000002882D177
:10B5300008207BE7AB781B07A7D50521304610F024
:10B54000F5FB637D03F0020363750023A3759CE79D
:10B550002A4BA1E700236375A375B3E70523D5E75D
:10B560000023D3E7D4F8EC309B7A032B33D022D8D6
:10B57000013B012BDCD80521304610F08FFB002861
:10B58000CBD00C21204610F0D1FB0221FFF708FDA3
:10B5900005460028CCD006210C300DF0DFFBD4F896
:10B5A000113029460360B4F8153083802046FFF738
:10B5B000ADFC00203AE7042BBAD1237D627B934295
:10B5C00028BF1346102B7FF430AF0521304610F012
:10B5D00065FB0028A1D0237A002B9ED005213046A0
:10B5E00010F05CFB0028C6D1237A013B012BC2D8A6
:10B5F00093E700BFA36B00205F620400A26B0020F2
:10B6000038B504460D49A0F1EC054C3013F09FFB12
:10B61000284610F0FDFC0A4A04F17C03D3E8EF1F32
:10B62000C3E8E02F0028F9D14FF0FF338034D4E88D
:10B63000EF2FC4E8E13F0029F9D138BD3BC3030037
:10B64000382500202DE9F041C7780446012F04D0A9
:10B650006FF015042046BDE8F08110F018FB054698
:10B66000002800F0A980061D0421304610F016FBCA
:10B67000002840F0A4800321304610F00FFB10B1E9
:10B680006FF00F04E6E73946304610F007FB00285C
:10B69000F6D12846FFF7F8FBD5F8EC3007469B7A41
:10B6A000032B40D030D8013B012B46D90F21201D60
:10B6B00010F0F4FA0028CBD1D4F8A00090B904F12E
:10B6C00070073A462020217A00F07CFBC4F8A000E5
:10B6D00040B93A460420217A00F074FBC4F8A00077
:10B6E0000028B5D0438A13F0240FB1D0A27A022AE1
:10B6F00023D9417CC907ABD5032A1ED09B06A7D509
:10B70000037C102BA4D118E0042BCFD12846FFF7DF
:10B71000D1FB032804D1002FC8D0FB68002BC5D073
:10B72000284B1B7807E02846FFF7C4FB032804D109
:10B73000002FBBD0FB68002BB8D0D4F8A0303BB1B1
:10B740002846FFF711FC044670B16FF0680481E7EA
:10B75000207A04F1700100F05DFAC4F8A00000281E
:10B76000EED16FF00B0475E70B212846FFF718FCAC
:10B7700007460028E9D001210C300DF0EFFA09212D
:10B7800080462846FFF71AFE2346224688F8000026
:10B79000394605F1EC000EF036FD044618B1384686
:10B7A000F9F776FD56E730460F2110F0BFFA012178
:10B7B000284610F0BBFA4DE76FF07F044AE76FF0C0
:10B7C000040447E7A16B0020F8B5D0F8EC4005462B
:10B7D000D4F8A030061D002B74D079BB0D21304663
:10B7E00010F05CFA074620B1D4F8A00008B110F0C0
:10B7F00071FE374B1B6823B153F80C6906B10C3E40
:10B8000073B9284610F004FC637B072B5ED1627A83
:10B81000A37A9A425AD02046BDE8F840FFF712BFFB
:10B820001B6813B13946204698472EB1F26802B121
:10B830000C3A33461646E3E73246FAE70139C9B215
:10B840000E2998BF234A1B7C8CBF0927575C002B0D
:10B8500031D1D4F8A00010F02AFE0023C4F8A030A3
:10B860000221304610F01AFA48B9072F94BF1A4B3C
:10B870001F213A46204698BFD95DFCF707FD0321FA
:10B88000304610F00BFA0028BBD0114B1B68002B80
:10B89000B7D053F80C6906B10C3E002BB1D05B68F1
:10B8A00013B139462046984776B1F26802B10C3A96
:10B8B00033461646F1E70221304610F0EFF9002832
:10B8C000C7D1CDE70927CBE73246F1E7F8BD00BF86
:10B8D0001C5E0020506204003F620400174B10B54C
:10B8E000044618604FF0FF324FF0FF33144806F063
:10B8F0006FF8144806F012FC114806F0DBF8DCB1D2
:10B900000621114810F0CAF938B11048FFF750FC71
:10B9100018B108210D4810F02AFC06210C4810F03F
:10B92000BDF948B10B48FFF743FC28B1BDE8104012
:10B930000821084810F01BBC10BD00BF4C6100205E
:10B940007C060020900600203C25002038250020A1
:10B95000AC260020A82600202DE9F0410B8A0446E1
:10B960000E46B3B3012106F10C000DF031FAA4F13B
:10B97000EC05E83C07460421204610F08FF940BB57
:10B9800039780E2925D8DFF8508058F8313023B99E
:10B990000721284610F0EBFB1BE0284610F025FBA2
:10B9A00030B90321204610F079F990B10821F0E771
:10B9B0003B78318A08EBC3021279914201D00A2107
:10B9C000E7E73146284658F83330984701460028C3
:10B9D000DFD10020BDE8F081EC3904002DE9FF4102
:10B9E00090F8E930CF6823F0020380F8E9303B7823
:10B9F0000446D0F8EC6023B1BB7903F0C003C02B40
:10BA000073D106F1700807223946404615F06EF8EA
:10BA100088B13946307A00F04DFA054658B10146F2
:10BA2000204610F041F918B9082004B0BDE8F081B3
:10BA3000284610F03CFD0D21201D10F02FF90028A4
:10BA40003FD042460220317A10F01DFD0546002805
:10BA5000EAD0F378002B41D106F17E031878012853
:10BA600027D19A7902F0C002402A22D1D3F80120CE
:10BA7000C5F83E20B3F80530A5F8423096F870308E
:10BA8000BBB196F8763003F0C003C02B11D0194932
:10BA900001AACDE901870395FCF7FAF83B68304627
:10BAA000C5F80130BB88A5F80530BB79EB71FCF710
:10BAB000BDFB00212846FAF727FEC0B92846FAF751
:10BAC00035FE94F8E9305B0703D50A21204610F0D3
:10BAD0002DF9B4F8E81021B10020A6E706F17703AC
:10BAE000BCE72046FFF770FEF6E70A209DE703203B
:10BAF0009BE700BF47C003002DE9F0410546A0F1D8
:10BB0000E80604460F463046012155F8EC8910F04E
:10BB10006CFA00285BD0DFB10321304610F0BEF88C
:10BB2000002854D03846FAF7BDF90138C0B20828C9
:10BB30008CBF00242B4B4FF0020198BF1C5C304699
:10BB400010F0F4F821462846BDE8F041FFF73CBE6E
:10BB500098F80B30002B3AD00321304610F09EF8B5
:10BB600020B92846BDE8F04110F052BA0521304610
:10BB700010F094F8B8B114F8043C1F0707D514F876
:10BB8000033C180703D51121304610F0CFF814F804
:10BB9000043C23F0080304F8043C14F8033C23F0AD
:10BBA000080304F8033C14F8033CD90711D5062117
:10BBB000284610F0BBF80221304610F0B7F8236891
:10BBC000D3F8A0301BB134F8041C0029BBD0BDE869
:10BBD000F0819A0701D50821EAE75B07EBD50A2136
:10BBE000E6E700BF47620400012208B5034B0448A2
:10BBF0001A70FBF7ADFD002008BD00BFA16B00204F
:10BC0000980600204FF410720021014814F05FBF25
:10BC1000586100202DE9F74F07460E4600250824FD
:10BC2000DFF8188118F8013CBB420BD13146404681
:10BC300010F01AFC30B148233A4803FB050003B06A
:10BC4000BDE8F08F082C06D14046374910F00CFCB7
:10BC5000002818BF2C460135082D08F14808E1D10D
:10BC6000082C304D40D14FF00008A9464446C34649
:10BC7000EA46524601202D498DF800B08DF801802A
:10BC8000FCF706F89DF8003033B944B3D9F84420E6
:10BC9000636C9A4238BF4C4608F10108B8F1080FAE
:10BCA00009F14809E5D1C4B1D4F80100B4F8052080
:10BCB000E37900905146207804F10108AAF80420A5
:10BCC0008AF80630FAF7CAF84046174910F0CCFB5C
:10BCD00018B1641BB4F5FC7F03D90020AFE74C46D4
:10BCE000DAE7134BE4105C4348235C432F5531687B
:10BCF000621CA950AB18B28828199A80B2790D3409
:10BD00009A711123062203732A5500222B19A3F8D6
:10BD10000120084A1368013313604364064B18601E
:10BD20008DE700BF5861002084610400F1BE02006D
:10BD3000398EE338546100205061002059610020A1
:10BD40002DE9F34105460E4617460D4C04F51078D3
:10BD5000638A7BB12378AB420CD1D4F80100B4F8EC
:10BD60000510E2790090ADF80410684639468DF868
:10BD70000620B04748344445EAD102B0BDE8F0811E
:10BD8000586100202DE9F04105460E461746074C44
:10BD900004F51078638A2B4202D039462046B0471A
:10BDA00048344445F6D1BDE8F08100BF5861002019
:10BDB00008B5002202200249FFF7E4FF002008BD79
:10BDC00079C403002DE9F04106460F469046002451
:10BDD0000C4DB5F8113033420CD015F8013CBB4284
:10BDE00008D14146284610F03FFB18B106482044D0
:10BDF000BDE8F0814834B4F5107F05F14805E8D17D
:10BE00000020F5E759610020586100202DE9F0413C
:10BE10000B780746012B0D4602D00020BDE8F081CB
:10BE20008B7903F0C003402BF7D100241E4E01F1A3
:10BE3000010836F82C3C9A070CD516F83E3CBB425C
:10BE400008D106223146404614F050FE10B917487A
:10BE50002044E3E74834B4F5107F06F14806E8D102
:10BE60000024134E05F1010836F81C3C9B0714D53D
:10BE700016F82E3CBB4210D1414630460DF01FF85B
:10BE800058B10A4BD5F8010004F13E029850D11880
:10BE9000B8F80420E0188A80C0E74834B4F5107F71
:10BEA00006F14806E0D1B8E796610020586100200D
:10BEB00086610020F8B506460F4600240A4D15F8A5
:10BEC000013CB34207D13946284610F0CDFA10B1F3
:10BED00006482044F8BD4834B4F5107F05F1480504
:10BEE000EDD10020F6E700BF596100205861002025
:10BEF00038B5427B0C46072A10D1057A0EF058F867
:10BF000001462846FFF7D6FF40B148216278044B2E
:10BF100001FB0233984204BF0123237038BD00BFE8
:10BF200058610020F0B506461446184693B0002E1E
:10BF300051D03C2203A9A047041E4CDB304601A986
:10BF40000CF0D0FF0546002845D1694630460CF07C
:10BF5000CDFC0098002838D1002C3FD0002001A94A
:10BF6000FFF758FE0346002800F086803C2C9DF821
:10BF70000C2053D0102A3ED8382C69D140F21162DF
:10BF800003AEC26000F1100411AF324603CABA42D8
:10BF900020606160164604F10804F6D1D97BB3F83D
:10BFA0000D2042EA0142062A52D15A7CD10705D51A
:10BFB00012F0300F04BF22F001025A745A6C304B59
:10BFC00019688A4214D91A6012E00A22294609F037
:10BFD00093FF0028C0D06FF0150509E021463F20EF
:10BFE00001AAFFF7EFFE18B14822214614F06FFDB9
:10BFF000284613B0F0BD382C2AD103AE00F10C0452
:10C0000011AF324603CABA4220606160164604F19D
:10C010000804F6D11A7B112AC0D019E0102A1BD8C7
:10C0200040F2116203AEC2600FAF00F1100234465D
:10C0300003CCBC4210605160264602F10802F6D1E2
:10C04000206810605A8A02F0220190065982A5D415
:10C05000184610F02CFABEE703AA00F10C0411AF49
:10C06000164603CEBE4220606160324604F10804E9
:10C07000F6D130682060CDE76FF00B05B8E700BF60
:10C080005461002008B5FFF715FF48B1054A136851
:10C09000834205D0044910600B6801330B60436490
:10C0A00008BD00BF50610020546100202DE9F0431D
:10C0B0008446894616462F4C9BB01D46DDE92387F2
:10C0C0000CAB04F1300E1A4620686168083403C2D4
:10C0D00074451346F7D1206861461060227904A8A0
:10C0E0001A71202210F0FEF96B462022224804A982
:10C0F00000F072F80446C0BB102249460DF135002D
:10C1000010F0F0F9102231460DF1450010F0EAF977
:10C11000294611F8013B06220DF156008DF85530E5
:10C1200010F0E0F92299062211F8013B0DF15D00B3
:10C130008DF85C3010F0D6F94346352268460CA9DC
:10C1400000F04AF8044680B9404610F0D5F90123C2
:10C1500035228DF8303068463B460CA900F03CF89B
:10C16000044610B9384610F0C7F920461BB0BDE8A8
:10C17000F08300BFA62104007862040070B50E466B
:10C180001D46144698B00146202204A810F0AAF9D2
:10C19000202231460CA810F0A5F91022294614A837
:10C1A00010F0A0F910222146684610F09BF96B466A
:10C1B0005022684604A900F00FF840B9039B054AD5
:10C1C0001BBAB3FBF2F102FB11331C9A136018B0D7
:10C1D00070BD00BF40420F002DE9F0418EB0074610
:10C1E0000C4615460021182208A81E4614F06FFCC4
:10C1F0004FF41053ADF81C308023ADF81E304FF4CF
:10C200004063DFF844801022CDE90938394605AB98
:10C2100007A807F04DFA20B16FF004000EB0BDE89A
:10C22000F08106AB0293102322464146CDE900631C
:10C2300005982B4613F0B3FA0446059807F0F2F977
:10C240002043EBD0E8E700BF0002C00310B5094C63
:10C250000A44914200D110BD11F8013B5840030936
:10C26000E35C0001C0B243401809205C1B01DBB253
:10C270005840EEE78862040030B50D4D85B04FF0B0
:10C28000FF324FF0FF330B4801A905F03DFB0028BA
:10C29000F5D1094CAC42F2D2236813B1019A934212
:10C2A00003D1D4E9013101A898470C34F2E700BF6B
:10C2B000401C0400000B0020341C0400F0B517469D
:10C2C0001E4685B001909DF82800DDE90C542346F8
:10C2D0002C432A468DF808008DF80910ADF80A7035
:10C2E000039608D0F8F7B6FC0849D1F8C8400849C9
:10C2F00009588C4201D100221346064801A912F0C8
:10C3000088FB00EAE07005B0F0BD00BF28580020AF
:10C3100008000000000B0020002330B50E490F4C30
:10C32000A14201D3002030BD0A68934204D01069B5
:10C330004BB9038010694380106908314388013389
:10C3400043801346ECE71D69B5F9025005801B696F
:10C350001069B3F90230EEE7B41C0400CC1C0400F1
:10C360002DE9F04F0546934600261F460369DFF886
:10C370007090B3F90280B3F90040DFF868A087B08D
:10C3800023B2984501DC304626E059F834305A682B
:10C3900012783AB11AF8042022B905951A782AB110
:10C3A000012A07D0304606460134E9E728469B6853
:10C3B0009847F7E79B685A46019302A83B4612F05C
:10C3C000D6FEDDE90223019805A912F022FB002820
:10C3D000E8D010F10C0FE6D107B0BDE8F08F00BF38
:10C3E000B81C0400E00C00202DE9F84F0A9F054618
:10C3F0009146984612F004FD0446A0BBF8F72AFCCB
:10C40000DFF868B0064650F80B0012F0FFFC386009
:10C41000EFF3118A402383F31288BFF36F8F2B69E8
:10C4200059693B688B4207DD013956F80B0021EA58
:10C43000E17106F0E9F801248AF31188BFF36F8FE8
:10C44000286904304A46434605F0EEFB054638B1FC
:10C4500034B1F8F7FFFB054B3968185806F0D4F8EB
:10C460002846BDE8F88F0024EAE700BF0800000076
:10C470002DE9F04387B0044689461546984612F0E8
:10C48000BFFC08B10025A84643462A4602A812F080
:10C4900049FEDDE90267E36823BB0E23059305AB84
:10C4A0002A46009320464346FFF79EFF054600BB01
:10C4B00049466268206814F0FDFA32463B46204641
:10C4C000FFF74EFF05462069059E043005F078FB16
:10C4D0000D2E0EDCF8F7BEFB084B1858314606F05F
:10C4E00093F806E04846616898470028D5D16FF078
:10C4F0002205284607B0BDE8F08300BF0800000011
:10C500000122024BC3F80424704700BF002008E05A
:10C51000084B70B5C31A0D4607499B100446594392
:10C520004022064810F0AFF82B4601462046BDE8F1
:10C5300070401847AC630020B76DDBB6A40F040051
:10C54000402373B50B4C0093041B0B460D460A4960
:10C55000A41061430646094A094810F0BFF8014695
:10C5600028B130462B4602B0BDE87040184702B0F3
:10C5700070BD00BFAC630020B76DDBB64BC70300D6
:10C58000A40F0400F8B500220121054640F2051071
:10C59000F8F708FA0F4802F099FE0446B8B911F00E
:10C5A0008BF92F690C4938460BF04AFA031E09DB58
:10C5B00001263E642D69084905F11C000BF040FA84
:10C5C000031E02DA1C462046F8BDEE64FBE76FF05E
:10C5D0000404F8E709C70200643A04001FB500220A
:10C5E00001236C46CDE902236B46074ACDE900449E
:10C5F00010F0A4F828B943F609520023684605F064
:10C6000013FB04B010BD00BF5FC7030010B5EFF30C
:10C610001184402383F31288BFF36F8F074A136896
:10C6200023F00201DB07116002D4012011F03EF972
:10C6300084F31188BFF36F8F10BD00BFFC6300202F
:10C640000C22104B014602FB0033002030B4D3E92A
:10C650000E529863EFF31180402484F31288BFF3E5
:10C660006F8F1C6C04F0C00444F002041C6480F35F
:10C670001188BFF36F8F1DB12B4630BC024818479D
:10C6800030BC7047AC630020A40F040010B4EFF37B
:10C690001180402282F31288BFF36F8F17490B6815
:10C6A00043F0020413F001030C6017D0144BD3F8CD
:10C6B0000C3413F4803311D0EFF3118182F312881C
:10C6C000BFF36F8F0F4A136C03F0C00343F00203F4
:10C6D000136481F31188BFF36F8F012380F31188F6
:10C6E000BFF36F8F23B100205DF8044BFFF7A8BFA5
:10C6F00001205DF8044B02F0D9BD00BFFC630020AF
:10C7000000E01050AC630020022808D0042808D1B3
:10C71000044B186C10F0070003D1FFF791BF012004
:10C72000FBE77047AC630020C3B21C20014A00FB4A
:10C7300003207047AC6300202DE9F04101228046C0
:10C740003549D1E8EF3FC1E8E02F0028F9D133B9EE
:10C75000324933484B60CB608A600BF084F908F1B2
:10C76000FF33012B4BD8B8F1010F06D12D4BD3F875
:10C77000503403F00303012B41D012F041FB054676
:10C7800050B1EFF31186402383F31288BFF36F8F0C
:10C790000125244C244F20E0244B1B78002BF0D0A3
:10C7A0000422204B0646C3F80823F2E74DB3304677
:10C7B0000CF01AFAD4F8403413F0FF030DD1D4F87A
:10C7C000082152B1C4F80831D4F8083120220123DD
:10C7D000C4F84034C7F8A0212361D4F84C24D4F81D
:10C7E0004C34D203E2D503F00303012B02D0B8F19D
:10C7F000010FDBD155B186F31188BFF36F8FBDE810
:10C80000F0810021202012F09BFBD3E70422054B8E
:10C81000C3F80423F3E700BFA86300209863002057
:10C82000C863002000E0105000E100E0FC6F002031
:10C830000023024A0020C1E90023704700D01700FE
:10C8400000487047803A0400024B0B6001231360DC
:10C85000704700BF883A040008B501220548114618
:10C8600012F091F902F07CFD034B044A0020C3F85A
:10C870000C2508BD0064002000B00450800000803A
:10C8800038B542F201030F4D1446C5F80035A1B189
:10C8900014F010F9BFF35F8FD5F81834DB0706D416
:10C8A000C4F308041CB10123AB60BFF35F8F4FF4E6
:10C8B0000052044BC3F8002538BDFF2114F007F9DE
:10C8C000E8E700BF00B00450F0B5051E0F4614465F
:10C8D00087B033DB1B4B9D4230D8C5F5BE1303F543
:10C8E00080539A422AD8FAB14FF0FF324FF0FF330B
:10C8F000154805F099F910F0E2FF0646B8B101239A
:10C900008DF81430114B4FF4FA50009302AB04949D
:10C910000193CDE9027502F02BFD684602F02EFD71
:10C920000446094805F04CF9204607B0F0BD224600
:10C9300039462846FFF7A4FF3446F2E76FF01504A6
:10C94000F2E700BFFFCF1700006400205DC80300BE
:10C9500010B50C1E10461A460CDB084B9C4209D839
:10C96000C4F5BE1404F58054A24203D814F0A2F812
:10C97000002010BD6FF01500FBE700BFFFCF1700D0
:10C9800000487047D43A040010B5044600690121FC
:10C990004FF0FF3212F0F7F82046BDE81040014991
:10C9A0000BF044BDEBCB03002DE9F34743680F1EAA
:10C9B00006461546D3F828806CDBBB18434569D87A
:10C9C00047EA0204C4F30B04002C63D100690FF0A2
:10C9D00096FF4FF0FF39002D55D0002C53D1234640
:10C9E000CDE900448022062130460FF08EFF044638
:10C9F000002848D1454513D10346CDE900008022E7
:10CA0000C72130460FF081FF00250446002C3AD1A3
:10CA100040F21B62002330460FF0D8FF0446DAE7ED
:10CA200082461E4B5A7882B109FA02F137EA0101B7
:10CA30000BD101219140A94207D8BAF1000F1ED0B5
:10CA40009AF80110914238BF9A460134042C03F140
:10CA50000203E7D1BAF1000F13D0002381229AF824
:10CA600000103046CDE900333B460FF04EFF012366
:10CA70009AF80120044693401F44ED1AC6E79A46EF
:10CA8000E3E76FF0150430690FF037FF204602B07E
:10CA9000BDE8F0876FF01504F8E700BF9862040066
:10CAA00070B546680546B068C0B111F0FDF90146A1
:10CAB000A0B9B06802F04AFF0446A8B902460C4982
:10CAC000B06811F0DBF922460121DB20F7F76AFF9D
:10CAD0002246012140F20D10F7F764FF2846BDE819
:10CAE000704004490BF0A2BC6FF0040070BD00BFA1
:10CAF00075CC0200B7CE03002DE9F04340F20635B5
:10CB00004768D00648BF4FF0030C3B7C02EA05059E
:10CB100058BFC2F3401C87B001F01F06B5F5837FF4
:10CB2000144646EA43168DF803C045D00DD8062DAD
:10CB300044D005D8A5B1022D12D06FF0150038E011
:10CB4000B5F5807FF9D101250AE040F20222954235
:10CB500036D0B5F5407F35D0B5F5007FEDD1042551
:10CB6000220331D501237A688B405360B86890BBAB
:10CB70005F2E06F01F034FEA561175D83C4A52F853
:10CB80002120C4F3004102EB8302D2F8803081F00F
:10CB90000101C4F3404423F4706344EA410423F0E8
:10CBA0000F031C4344EA8C0444EA0524C2F8804085
:10CBB000002007B0BDE8F0830925D1E70825CFE7BD
:10CBC0000625CDE70525CBE7630341BF01237A683E
:10CBD0008B409360CAE731460DF1020211F051F922
:10CBE00014F4403F80460CD13146B86811F062F928
:10CBF000B8F1000FDCD19DF80210B86802F0DEFE3B
:10CC0000D6E74FF0000901ABCDE90199CDE9043930
:10CC1000CDF80C903146B86803AA11F07BF848456E
:10CC2000C6DB14F4003314D09DF80330C4F3004481
:10CC300084F001048DF80E308DF80C508DF80D4005
:10CC40004B463146B86803AA02F00AFE0028CFDA44
:10CC5000AEE7CDE904330DF1030303933146B86821
:10CC600003AA11F057F8F1E7203350F82330FFDE24
:10CC7000DC3A04004209022A034670B503D0012AB7
:10CC800018D0CAB170BD0E4E326951680029F9D072
:10CC9000012503F01F030C689D400029F2D08A682B
:10CCA0002A4002D030464B6898473CB12368214661
:10CCB0001C46F2E7034EE7E7034EE5E72346F6E7B7
:10CCC00004100400E40F0400C40F0400F0B544682D
:10CCD0001646A068227C01F01F0587B045EA421580
:10CCE00000286CD0B6F5001F04D1294611F034F9A4
:10CCF000002055E06268607CB6F5800F50624FF00E
:10CD0000000001AA0190506039D1B3F1007F14BF37
:10CD1000052304238DF804300023CDE90423039375
:10CD2000E3680DF1030723FA01F111F0010139D194
:10CD3000B6F1A07F36D105F01F035F2D4FEA5510E5
:10CD400003F120033ED8214A52F8202052F8233024
:10CD5000DB0727D43A462946A06811F092F816302E
:10CD600018D002972946A06803AA10F0D3FF002824
:10CD700016DB01222946A06811F09EF8B8E7B3F14E
:10CD8000C06F05D0B3F1007F14BF01230223C1E7B8
:10CD90000323BFE73946A06802F01AFE0028E0DA54
:10CDA00007B0F0BD3A462946A06811F06AF800289D
:10CDB000D8D19DF80310A06802F000FED2E76FF012
:10CDC0008500EDE751F82330FFDE00BFDC3A0400B8
:10CDD000082913B528BF08210C46084AD2F80433A5
:10CDE000D2F808231BBA12BA00920A466946019388
:10CDF00013F060FE204602B010BD00BF00C0FF006F
:10CE00001A4BD3F8002602F0010312F0060F18BFE8
:10CE100043F01003110648BF43F48073D10548BFA7
:10CE200043F08003510548BF43F02003510648BF3B
:10CE300043F00203910548BF43F08003D10448BF8B
:10CE400043F08003110748BF43F02003D10648BFD9
:10CE500043F02003910648BF43F02003120548BF6A
:10CE600043F4006303600020704700BF00E01050EF
:10CE70004FF0FF32024B0020C3F80026704700BF7E
:10CE800000E01050034610B40C46DA88006802F047
:10CE900040021979224383689C693CB1064BA44641
:10CEA00013405DF8044B02F0B07260476FF057001A
:10CEB0005DF8044B704700BF40000006F0B550F825
:10CEC000185C85B06B682A69DC68D2E8AF2F012A4C
:10CED00022D06B6818389E68104A041BE11001FBD1
:10CEE00002663046DF680FF0FFFF031E14DB3A19BD
:10CEF00092F910108B420FD04FF0FF304FF0FF31FE
:10CF000013743289CDE902010121003B18BF0123CE
:10CF100028460091FFF7D2F905B0F0BDACAAAAAA45
:10CF20002DE9F84FD0F804B00746DBF80C50002686
:10CF300018352C464FF00C0ADBF80420B24205DC11
:10CF40009BF81420002A44D1002040E00AFB06F898
:10CF5000DBF8082052F8080002EB080911F0ACFCDD
:10CF600000284AD04FF4803148460FF0A8FF70BB2C
:10CF700044F8187C2046DBF8101011F0E8FE9BF80E
:10CF8000142012B101364834D6E70122DBF808003C
:10CF90001D4B00EB080999F8041002FA01F144E96D
:10CFA000043150F80800A4F114018368DB693BB335
:10CFB000984700280BDB48460FF096FF4FF0E861DA
:10CFC00004F8080C4846FFF75DFF0028DADABDE8F0
:10CFD000F88F47F6122640F2E7300021DBF80040D8
:10CFE0004FF47A720023E4FB0601F0F7B7F802462B
:10CFF0000B46284605F08CF8A6E76FF01200E6E72E
:10D000006FF05700E3E700BF13CF0300036803F09E
:10D010001F025F2B02604FEA53129ABF024B53F874
:10D0200022000020704700BF7C3B04002DE9F04F38
:10D030001646804640F2FF1A00EB8109DFF824B162
:10D04000474985B0C14501D1002020E0D8F8002033
:10D05000C2F3C323082BC2F308047DD8544508BF8C
:10D060004FF0FF34B2F1E06F1BF803504FEA126348
:10D0700007D2013B052B0DD8DFE803F01B57541FE7
:10D080005054382B54D04E2B4FD06FF0850005B044
:10D09000BDE8F08FC6F80446631C3CD0012703A806
:10D0A0000394FFF7B3FF039B07FA03F343603B4688
:10D0B00011E0C6F80C4600234AE00027C6F80046F7
:10D0C000621C28D003A80394FFF7A0FF0123039A52
:10D0D00003FA02F28260D8F800200394100448BFDB
:10D0E000002303A8CDE9002348BF0127FFF78EFFE7
:10D0F000039C009A00EB8400D0F88040019BC2F3AF
:10D1000041222D0245EA82052B430C40234343EA8A
:10D110004703C0F8803008F1040893E70127C6F8F8
:10D120000446CDE7C6F80846C5E7C6F81046B3E79B
:10D1300003A80394FFF76AFF039B00EB8300D0F87A
:10D14000803023F0E04343F08043C0F88030012377
:10D15000601CE0D01F46BEE76FF0150097E700BFE8
:10D16000F0F0FCFFA062040038B50446056910F039
:10D17000C7F9014670B9012205F1B40011F003FDB1
:10D1800005F15C0010F002F82046BDE83840024985
:10D190000BF04CB938BD00BFBFD403002DE9F041FE
:10D1A00098468B880E46990407461546046900F197
:10D1B00085804FF0FF324FF0FF3304F16C0004F034
:10D1C00033FD2666002D40F08280C4F89050002385
:10D1D000C4F8943004F1A80204F1940104F1900021
:10D1E0000FF0C1FF0546C4F8A400B8F1000F76D1D6
:10D1F000C4F898800023C4F89C3004F1B00204F114
:10D200009C0104F198000FF0AEFF002380461A46FF
:10D21000D4F894C0C4F8AC00C4F88C30624567D12F
:10D2200000221146D4F89CE0714569D193422CBF8D
:10D23000C4F8A030C4F8A02015B1D4F8A83033B990
:10D24000B8F1000F6FD0D4F8B030002B6BD031465E
:10D25000384600F06DF8054610BB04F15C08E66541
:10D2600004F1B405284604F005FD38462F4910F0B6
:10D27000E9F84FF0FF324FF0FF33284604F0D4FCBA
:10D280003146384610F0DFF838460FF0ACFF404624
:10D290000FF040FF054600283BD1B3889A040AD41A
:10D2A000E36D13B19B889B0405D40023236604F12E
:10D2B0006C0004F085FC2846BDE8F081636F002B0C
:10D2C0007FF477AF236E9E427FF473AF7AE72B68CB
:10D2D000C4F89030002B3FF47AAF6B6878E7D8F849
:10D2E0000030C4F89830002B84D0D8F8043082E79E
:10D2F000D4F8901001EBC201496801320B448DE76C
:10D30000D4F8980000EBC10CDCF804C00131624491
:10D310008AE710F1740FC3D1384610F0CDF84046BB
:10D320000FF0F8FEBCE76FF01505B9E719D303005D
:10D33000F0B50569034695F828200C468BB00AB372
:10D34000E96A226891421DD1296B6268914219D124
:10D3500095F84020207D904214D1B5F84410228BDE
:10D3600091420FD16A6BA16800286ED0914209D119
:10D37000AA6BE1684A4032F47F4003D1E96B22692D
:10D38000914260D0A288110574D412F0090674D1BC
:10D3900002F4FC61B1F5807F6FD120683A49884280
:10D3A0006BD929685868D1F800164F1C0FD012F0BD
:10D3B000020201F01F07DFF8D8C04FEA511149D12E
:10D3C00002295DD801225CF82110BA408A604FF032
:10D3D000FF320392827F21688DF812208269914288
:10D3E00094BF05910592A288960702F0040139D5F1
:10D3F00000290CBF02210321C2F300128DF819206D
:10D400004FF0FF32079290F820208DF818108DF819
:10D41000202001228DF823208DF8242095F8282043
:10D4200012B36946284610F040FE60B905F12C039E
:10D4300004F11C0254F8041B944243F8041BF9D174
:10D44000012385F828300BB0F0BD91429AD1A96B29
:10D45000E26895E7022915D801225CF82110BA404C
:10D460004A60B4E78908C7E769462846074A10F0CA
:10D47000FBFDDAE76FF08500E5E76FF01500E2E706
:10D480009260FFDE7660FCE747E801000FD40300FE
:10D49000E83B040070B4104CD4E90015501A63EB5B
:10D4A0000506400940EAC6602026E0FB0615C4E9EF
:10D4B0000015002400250949C1E90023084BC3E9F0
:10D4C0000045EFF31181402383F31288BFF36F8F80
:10D4D00070BC05F057BB00BF9029002078290020C0
:10D4E0008829002008B500220121E420F7F75AFA24
:10D4F000164A0020D2F8183723F44033C2F8183700
:10D5000002F0BAFB002820DB0120114902F040FCA8
:10D5100000281ADB02F08AFB0E4B20F01F00C3E943
:10D5200000010D4B0022C3E900014FF0FF304FF026
:10D53000FF310A4BC3E90001094B0A49187A02F08E
:10D5400085FB67220020084B1A6008BD00200E50A2
:10D55000CC07002090290020702900207829002085
:10D56000C407002095D402005064002008B502F0E2
:10D570005DFB064AD2E90032C01A054B61EB02019D
:10D58000C3E90001400940EAC16008BD90290020BC
:10D590008829002010B502F04BFC0120FFF7C4F8E9
:10D5A0000AF0ACFABDE81040054B064A1B684FF480
:10D5B0007A70B3FBF2F35843034B43F0010318476F
:10D5C000A008002040420F00F0210400F7B5224BD4
:10D5D0000146224F187A224BD7E90056D3E900239F
:10D5E0009E4208BF954211D1B1F1806F0ED2490120
:10D5F000012938BF012101224D1946F10006C7E972
:10D60000005603B0BDE8F04002F09EBC154BDFF8B9
:10D6100058C0D3E90043DCE9002CA41843EB0C0C00
:10D620004FF0200E22466346C1FB0E23954276EB57
:10D630000301C7E900230DD2291B66EB0C04C8299E
:10D6400074F10004B4BF01210021009102F046FCF6
:10D6500003B0F0BD0021F8E7C407002080290020B6
:10D6600078290020902900208829002037B50469F6
:10D670000D4694F839304BBB0B7B022B29D10B683C
:10D680000BBB94F838204B68D2B9134A591E91420B
:10D6900019D8636320460DF1070110F060FE10F108
:10D6A0000C0F0BD0AB689DF8070013B104EB8002A0
:10D6B000536194F83830013384F8383003B030BD0A
:10D6C000626B9A42E6D06FF01500F7E76FF00F003B
:10D6D000F4E76FF08500F1E7FEFFCF0710B50022F9
:10D6E0000469012140F20910F7F75CF90023204694
:10D6F000BDE810401946014A10F00DBE01D70200E6
:10D70000B0F5827FF8B50C4602D10B4804F058FA08
:10D7100001270A4E04B9F8BD94FAA4F5B5FA85F5C7
:10D7200006EB85035B6913B129460548984707FA5C
:10D7300005F524EA0504EDE70C080020D0070020D9
:10D740004410040010B5074C237843B9064811F083
:10D75000B3F808B1012323702078013810BD0020F0
:10D76000FCE700BFB46B002004110400F7B51E4BAA
:10D770001B78002B34D000241C4D8DF804008DF84C
:10D7800005108DF8062001AE16F8013BC3B1AB6859
:10D790009F681B6827B97BB96FF0570003B0F0BDD5
:10D7A00053B9642221461148B8470028F6DB0134FA
:10D7B000032CE9D10020F1E7214628469847F4E7F9
:10D7C000AA68D2E901232BB9002AE5D021462846D0
:10D7D0009047EAE7002AF9D1214604489847E4E750
:10D7E0004FF0FF30DAE700BFB46B002004110400F3
:10D7F000064B1B7843B1064B1B682BB18168C08870
:10D80000003918BF01211847704700BFB56B0020D1
:10D810005464002010B5074C237843B9064811F032
:10D820004BF808B1012323702078013810BD002087
:10D83000FCE700BFB56B0020E410040001282DE9CF
:10D84000F04103D0022841D1012400E00024204F00
:10D85000644204F00C04E619B6F806E03859317950
:10D860004EF480320125D0F810C01EF0010FDCF814
:10D87000003005FA01F514BF2B43AB43D0F8088004
:10D88000CCF80030D8F800309847F8B9F388385908
:10D89000317903F04003826805699469B4B10122CB
:10D8A0002D688A402A420CBF43F0986383F030739E
:10D8B00023F0794323F47F0323F47F43A446BDE898
:10D8C000F0414FF4800223F0BF036047BDE8F081D0
:10D8D000F43B0400014B1860704700BF5464002003
:10D8E000012837B51DD002281DD101230F4A5B4204
:10D8F00003F00C03D05899180C790569836801A9C5
:10D900005B68984740B92B68019858400123A340B1
:10D910001840003818BF0120003818BF012003B09C
:10D9200030BD0023E2E70020F9E700BFF43B04002C
:10D930000346012B084608D841B10C21044A01FBDB
:10D9400003231B890380012070470020704700BF1C
:10D95000F43B04001FB5134C2378CBB9124810F0E8
:10D96000ABFFB8B10123237010220021684613F0E9
:10D97000AEF840F6B833019302230B488DF80C3013
:10D98000836869469B689847084B0028186004DB49
:10D99000002004E02378002BE6D14FF0FF3004B0E4
:10D9A00010BD00BFB66B0020441004005864002076
:10D9B00008B50348002183681B689847C01708BD55
:10D9C00044100400024B196802488368DB6818475A
:10D9D0005864002044100400014B1868704700BFD1
:10D9E0005C640020014804F0EBB800BF280B002065
:10D9F000014804F05FB800BF100A0020F0B50378BA
:10DA00008BB004460E46174607AD032B20D8DFE83F
:10DA100003F002191B1D11492846F4F712FA059567
:10DA2000637839460493A37830460393E3780C4A2D
:10DA300002932379019363790093A37908F032FA72
:10DA40000BB0F0BD0749E7E70749E5E70749E3E71A
:10DA50000A212846064A08F025FAE0E7095504009D
:10DA600097550400755504007C5504008655040044
:10DA700090550400F0B5044689B00021164668466A
:10DA80001E221D4613F023F82046FAF75DF90746DB
:10DA900020460CF08DFA1E226946FFF7AFFF2046A4
:10DAA0000CF058FA012811D9F42D0FD8FC2005F0FC
:10DAB0001BF9044650B13146C58007712A4608302B
:10DAC00012F0F8FF2146034811F036F8284609B055
:10DAD000F0BD00BF600B002070B588B00646FAF7B5
:10DAE00033F90446134D30460CF062FA1E226946A3
:10DAF000FFF784FF55F83430B34212D14FF0FF33B3
:10DB00004FF0FF320C4803F063FF55F83400F9F78B
:10DB1000FFFF002345F8343005EBC4052B71FFF7F8
:10DB200067FF064B5B681BB1002269462046984799
:10DB300008B070BD8C640020100A00209C64002096
:10DB400070B594B016460546FAF7FEF80446284626
:10DB50000CF02EFA01A91E22FFF750FF284609A952
:10DB6000FAF74EFC8EB99DF82520012A0BD10A4BFD
:10DB700003EBC4031A71094B5B6823B104220DEB5C
:10DB800002012046984714B070BD044B5B68002B1F
:10DB9000F9D0032201A9F4E78C6400209C640020E2
:10DBA0002DE9F04194B088460446FAF7CDF80546D1
:10DBB00000272046304E0CF0FBF91E2201A9FFF78A
:10DBC0001DFF06EBC5031F71B8F1000F1CD056F8FE
:10DBD0003530A34215D14FF0FF334FF0FF322748C5
:10DBE00003F0F6FE56F83500F9F792FF46F8357067
:10DBF000FFF7FEFE224B5B681BB13A46284601A99F
:10DC0000984714B0BDE8F081022120460CF06DF970
:10DC10004FF0FF334FF0FF32184803F0D9FE56F8AB
:10DC2000353023B920460CF0F6F846F83500FFF7FA
:10DC3000DFFE09A92046FAF7E3FB2046FAF784F84D
:10DC4000104A114B114620461360FCF783FE0F4B20
:10DC50006946204600930CF0B1F99DF82530012B60
:10DC600003D120460A490CF0F0F9054B5B68002B04
:10DC7000C7D00222C2E700BF8C640020100A002037
:10DC80009C640020606400202BD603000000020288
:10DC90003053040010B5074C206838B10BF070FF0A
:10DCA00028B920680BF0C3FF00B9206010BD4FF009
:10DCB000FF30FBE7886400202DE9FF410646FFF7AF
:10DCC000E9FF8EB14FF001081D4F1E481E4C002188
:10DCD0002246F9F7FFFA054658B1002323604FF0BA
:10DCE000FF3004B0BDE8F0814FF00308174F18482B
:10DCF000ECE7009003463946424620680BF06BFF84
:10DD0000074620B120680BF092FF2560E7E7F8F79F
:10DD10006BFA024620B120680BF089FF2760DEE72E
:10DD200016B10C49FEF70CF80025206803A9ADF8E0
:10DD30000C508DF80E50F9F7FFFA0028D1D0E1E72A
:10DD4000843C0400780800208864002060080020DB
:10DD50008C0800208FD603000128034609D8064A04
:10DD600052F8300010B102EBC302107900F001004C
:10DD700070470020FAE700BF8C64002038B50546E4
:10DD80004FF0FF324FF0FF33084803F021FE2846E2
:10DD9000FFF7E2FF044628B1054B53F835000CF0BD
:10DDA0003AF80446FFF724FE204638BD100A00204A
:10DDB0008C6400202DE9F043264F93B04FF0FF32E2
:10DDC0004FF0FF33244803F0C5FE04460079FFF707
:10DDD000D5FF054618B9204611F078FAEEE707A9F5
:10DDE000FAF70EFB28269DF81D80B8F1010F2ED101
:10DDF00018220021B4F8069001A812F068FE04F180
:10DE0000080342463946284602970393ADF810901E
:10DE10000DF005FDC0B101A92846FCF797FC0146AD
:10DE20002079FFF799FF58B151B111F1780F01D066
:10DE30000C3105D13F20002111F082F8013ED2D1F2
:10DE40002846F9F765FEC6E76FF01501E8E70021FF
:10DE5000E6E700BF343C0400700B002070B50D4EA7
:10DE60004FF0FF324FF0FF330B4803F073FE05799C
:10DE700004462846FFF770FF18B9204611F026FA2D
:10DE8000EEE73368002BF8D02846E28804F1080159
:10DE90009847F2E79C640020600B002008B5064B11
:10DEA00053F8300030B113210BF0DBFFB0FA80F0F3
:10DEB000400908BD0120FCE78C6400202DE9F041F9
:10DEC00007460E461446FFF759FF804618B94FF033
:10DED000FF30BDE8F0810DF065FC05464046063D8B
:10DEE000F9F716FEAC42F2D8F42CF0D8FC2004F07E
:10DEF000FBFE05460028EAD022463146C480077161
:10DF0000083012F0D7FD0348294610F015FE2046D0
:10DF1000DFE700BF700B0020F7B5324F16463A78A6
:10DF20000C46002A5BD123B12F4A19685B68116047
:10DF30005360A0B16A462D49F7F76EFC00280FDB4D
:10DF40009DF8063003F0C003C02B08D10123002147
:10DF500068468DF80030F8F723FD002800DB1CB977
:10DF60004FF0FF3003B0F0BD2046F3F772FF431EC1
:10DF70001F2B0546F4D8024621461D4812F09AFD93
:10DF80001C4B1D485D741D4B1E60FCF749F81C4876
:10DF9000FAF730FB0028E3D11A48FAF747FB0028CC
:10DFA000DED11948F8F740F90028D9D14FF0FF32F7
:10DFB0004FF0FF33154803F037FE2046F7F78AFF8E
:10DFC00010B1F8F787F8CBE71148F5F7F5FF012313
:10DFD0003B70104810F0DDFF0F4810F0DAFF002012
:10DFE000C0E700BFB76B00209C6400200955040007
:10DFF0006F09002060080020480800205C640020B1
:10E000002C0800201C080020E5D90200280B002065
:10E01000BC5B0400602A002098290020012330B551
:10E020008FB004460D4607A806A90693F8F7A6FC8C
:10E03000069B13B31222002109A812F048FD9DF897
:10E040001D30122104939DF81E300D4A03939DF854
:10E050001F3009A802939DF8203001939DF82130CC
:10E0600000939DF8223007F01DFF2A46204609A99B
:10E0700012F063FD00200FB030BD6FF00100FAE731
:10E08000325E0400F0B5104F05463B680C46C7B041
:10E0900063B101AE4FF48072304606A902F0F2F986
:10E0A00022463046094910F070FB10B94FF0FF309E
:10E0B00007E028463B68B28906A998470028F5D0B2
:10E0C000606847B0F0BD00BFA4640020982404003D
:10E0D00000232DE9F043ADF50B7D064608AF04A8FB
:10E0E000039302F0D7FC3A46474904A810F0C5FB59
:10E0F0000DF10C08054628B9002528460DF50B7DC5
:10E10000BDE8F0833B78012B05D0042BF4D17B686C
:10E11000002BF1D103E07B680BB9FF2EECD13889DD
:10E120007A2812D8632801D800240BE00124A0F13A
:10E1300064039BB29C40354B2340002B54D1344B9D
:10E140001C4049D1204625460EE0D6283AD8C7289B
:10E15000EAD945F21F55A0F1C8039BB2DD4015F086
:10E16000010549D12C462846D8F800300DF59279A2
:10E17000A9F80830002DBFD03B78042BBDD0FF2E6E
:10E1800003BF042389F800300023C0F103001CBF43
:10E190007B6889F8000049463046C9F80430FFF72B
:10E1A00071FF002CA9D099F80030022BA5D10423CF
:10E1B00089F8003000234946FF20C9F80430FFF7F2
:10E1C00061FF9AE7B0F5C87FAED1424600964CABEE
:10E1D0000BA900F083FA0DE0424600964CAB0BA968
:10E1E00000F05AF82C46BFE7424600964CAB0BA90C
:10E1F00000F052F80024B7E7424600964CAB0BA95A
:10E2000000F0D0F9F6E700BF9824040075A8540088
:10E210000A040100014B1860704700BFA46400208D
:10E22000702310B50360084B0C465B6A0BB90020E5
:10E2300010BD01F10C02201D083198470028F6D0CE
:10E2400001232370F4E700BFA8640020002310B569
:10E250008AB00B604B600B816D2303600D4B0C4645
:10E260001B6913B900200AB010BD01A89847002807
:10E27000F8D001232370019BA370029BE370039BE2
:10E280002371049B6371059BA371069B03F5FA63DD
:10E290002381E8E7A8640020F0B51C460023643819
:10E2A0009BB00E4617461360162800F2C080DFE8C8
:10E2B00010F0170024003C004800410082008A0052
:10E2C000BE00BE00BE008D009C00BE001001BE005E
:10E2D000A300A800BE00B400BE003700BE0031019C
:10E2E0006B233B60964B1B68002B00F0A080202125
:10E2F00020461BB0BDE8F0401847914D6B686BB1EC
:10E300000846984706466B232D683B6015B32021CD
:10E310002046A84706EA0003DDB21BE01E46F2E7EE
:10E3200079233B60864B9B68DEE76C233B60844B24
:10E33000DB68D9E7214638461BB0BDE8F040FFF75F
:10E3400085BF0B784BB9002521463846FFF77EFF85
:10E350000540EDB228461BB0F0BD8B7891F902C0A4
:10E360003B2BF0D8CB7891F903503B2BEBD80B79B2
:10E3700091F90400172BE6D8737991F905101F2B3A
:10E38000E1D8B37996F906200C2BDCD8B6F9083021
:10E39000A3F5FA639EB2642ED5D8CDE90423684B69
:10E3A000CDE900C55B69CDE90201002BCBD0684601
:10E3B00098470546C8E7624BDB69002B37D01BB096
:10E3C000BDE8F04018475E4B9B69F6E70D783DB11C
:10E3D0005B4B1D6A25B10A7B3079097AA84705464F
:10E3E00021463846FFF71CFFB2E7214638461BB0EE
:10E3F000BDE8F040FFF714BF75233B60504B9B6AAC
:10E4000072E74F4DEB6A33B10846984706467523CD
:10E41000AD6A3B607AE71E46F9E777236C223B60E2
:10E420000021204612F053FB454B1D6B0DB9002512
:10E4300090E768220021684612F049FB6846A84729
:10E4400005460028F3D020226946204612F075FBCD
:10E45000302208A904F1210012F06FFB149BBDF8D3
:10E46000642063659DF85430A4F8682084F858301F
:10E470009DF8553084F866309DF8563084F8593050
:10E480009DF8573084F85A309DF8583084F85B3046
:10E490009DF8593084F85C309DF85A3084F8673024
:10E4A0009DF85B3084F85D30BDF85C30A4F85E30D8
:10E4B000BDF85E30A4F86030BDF86030A4F862307A
:10E4C000BDF86230A4F864309DF8663084F86A3094
:10E4D00040E7722314223B600021204612F0F7FA35
:10E4E000174B5D6B002DA2D014220021684612F05C
:10E4F000EEFA6846A8470546002898D09DF80030F7
:10E500002370019B6360029BA360039BE360049BF9
:10E5100023611FE77B228DF800303A602380084B8F
:10E520009B6B002B83D069463078984705460028BE
:10E530003FF47DAF337823709DF80030637009E7B6
:10E54000A86400200F4B02681A6042685A60826813
:10E550009A60C268DA6002691A6142695A61826926
:10E560009A61C269DA61026A1A62426A5A62826A0E
:10E570009A62C26ADA62026B1A63426B5A63826BF6
:10E580009A637047A8640020CD23036000230B70BA
:10E59000034B9B680BB1084618471846704700BFED
:10E5A000E464002070B51C460023C83888B00D46CE
:10E5B000164613600E280ED8DFE800F0082E3A3D0C
:10E5C000440D0D0D6F0D540D5D0D6600CE231360CF
:10E5D000364BDD680DB900201CE007AB019306AB9C
:10E5E000009304AA05AB03A902A8A8470028F2D00B
:10E5F00001230022238062602372029A2376059B06
:10E60000E260E361039A069B22612362049A079BFE
:10E610006261636208B070BD244B1D680DB1A847EC
:10E62000054621463046FFF7AFFF2840C0B2F1E76C
:10E630001E4B5D68F2E72146104608B0BDE8704009
:10E64000FFF7A2BFCF2313600B6823600023636032
:10E65000164B1B69002BBED02868211D08B0BDE8F1
:10E6600070401847D32313600B6823600023636056
:10E670000E4B5B69EEE7D52313600B682360002324
:10E6800063600A4B9B69E5E7D72313600B6823603F
:10E6900000236360054BDB69DCE7D12313600B6863
:10E6A000236000236360014B1B6AD3E7E46400200E
:10E6B000094B02681A6042685A6082689A60C268B0
:10E6C000DA6002691A6142695A6182699A61C269B3
:10E6D000DA61026A1A627047E4640020B0F5C87F0C
:10E6E000F8B51D460C464FF0000302D01360002021
:10E6F000F8BD40F29111254E11602B706B6094F9BA
:10E70000F67033682F72002BF1D0B36998478742B7
:10E7100002DB05232B70EAE72378013B032B1DD88E
:10E72000DFE803F0021E2A31D4F8CC303BB933685D
:10E73000D4F8D01094F8F60098470028E9D077680C
:10E74000D4F8CC30628894F8F600211DB847002830
:10E75000DFD001232B707369984768600120C7E7F9
:10E76000B368B4F8D42094F8F60004F1D6019847C1
:10E770000028CED00223EDE7F36898470028C8D0E0
:10E7800003232B70EAE733699847E7E70865002021
:10E79000D0F800C0F0B5BCF1000F13D047688FB1BE
:10E7A00086687EB105696DB1C4685CB1416949B1E3
:10E7B00082693AB1044BC3E900C7C3E90345C3E921
:10E7C00005129E60F0BD00BF0865002002460B46A2
:10E7D000014803F0FDB800BFC40A0020014803F05F
:10E7E00069B900BFC40A00201FB500240A220194A1
:10E7F0000294CDF80B400091014601A812F09DF95A
:10E80000009A01A9074809F033F8074809F030F8E1
:10E8100084F31188BFF36F8F0323184602DF04B01F
:10E8200010BD00BF805E04000D5B040070B506469D
:10E8300088B00D462348244910F02DFA03A8EEF7BE
:10E84000B0FC224810F038F8002834D0204B01A842
:10E850000193E3F723FA88BB4FF0FF304FF0FF310D
:10E86000FFF7B4FF044638B91A491B48E2F766FDC2
:10E87000044620B1FFF7B2FF204608B070BD41F654
:10E880004C5302A80293E4F73DFE20B1FFF7A6FF28
:10E890006FF08504F0E7012368468DF80030F0F74B
:10E8A000D9F90028F2D1FFF799FF33690B481D60B1
:10E8B000F7F730F8E0E76FF01204DDE76FF01504CA
:10E8C000DAE700BF2865002099D703002410040070
:10E8D000E9E90200282B002005EA0200BDE9020058
:10E8E0001FB53148E2F7CCFB0446002857D1E2F7C8
:10E8F00067FDE2F771FDEEF756FCEEF756FCEEF71A
:10E9000056FCEEF756FC0121204601AA8DF8044082
:10E91000E2F716FC002841DB0221204601AA8DF80F
:10E920000410E2F70DFC002838DB082307212046FD
:10E9300001AAADF80430E2F703FC00282EDB4FF00B
:10E94000FB13019340F20A630321204601AAADF8AC
:10E950000830E2F7F5FB002820DB012304212046E4
:10E9600001AA8DF80430E2F7EBFB002816DB1F2329
:10E970000621204601AAADF80430E2F7E1FB0028A9
:10E980000CDB42F6822398420CD984F31188BFF342
:10E990006F8F0423184602DF6FF00B0004462046F9
:10E9A00004B010BD2046F9E7E9E70200014902483A
:10E9B00010F09CB928650020B0550020094B93F851
:10E9C000FB31042B02D1810709D47047022B02D1FD
:10E9D000020704D47047082B03D1830601D5FFF743
:10E9E000E5BF7047B86B002010B403460A460448E0
:10E9F00081680C68194623465DF8044B184700BF30
:10EA00002410040070B53A4C94F8FB3103B394F829
:10EA1000FB31042B3ED120783E282DD1A378022B48
:10EA200028D00D2B28D1E378012B25D1A588C5F35B
:10EA30000015002200232946F6F776FF0646E8B9BE
:10EA4000BDB1002384F8FB31BDE87040FFF7AEBFD5
:10EA50004FF0FF304FF0FF31FFF7B8FE48B92046C6
:10EA600004F2FB1100F05CFB0546FFF7B7FE002D3A
:10EA7000CDD070BD0125DCE70025DAE762781C49BE
:10EA800002320C300AF070F931461A4B1B681A48F2
:10EA90009847D6E7022B15D1002200230820F6F76D
:10EAA00021FF05460028E4D062880432B2F5FE7FDB
:10EAB00014D20F4905F10C000AF056F90D4B294606
:10EAC0001B68E4E7082BBCD1002200232020F6F7C6
:10EAD00009FF628805460028E7D1CAE7002383F3CF
:10EAE0001188BFF36F8F0423184602DFA9E700BF28
:10EAF000B86B002024650020641004002DE9F34168
:10EB0000A34C07462678002E40F0068304238DF898
:10EB10000730A04B0588D3F80080B8F1000F19D159
:10EB2000B5F5105F4FEA95230FD2002B5BD0013B68
:10EB3000072B00F2B682DFE813F02A00B40242008D
:10EB40008500B402B402B402C3003F2B00F01D8262
:10EB5000012058E20DF106030DF10702611CC047C8
:10EB60000128DDD09DF8063013B9012840F0CA8293
:10EB70000F2363700423A3700123E0702371A4F8B2
:10EB8000055001230020237002B0BDE8F081384613
:10EB900040F2064230F9033B93420AD040F21D4254
:10EBA000934209D0012040F206439D4200F0858245
:10EBB0000AE1E4F76DFAF6E7E4F71EFBF3E73846FF
:10EBC00040F6634230F9033B93422FD00DDC40F610
:10EBD000034293421ED040F62D4293421DD040F690
:10EBE0000142934212D0012012E040F67B42934250
:10EBF0001FD040F67C429342F5D19DF8073066491C
:10EC000002338DF80730EFF7AFFF01E0E2F722FCA7
:10EC1000012652E2EEF7BCFAFAE79DF807305E49AA
:10EC200003338DF80730EFF766FBF1E7E2F724FCDA
:10EC3000EEE79DF80730584904338DF80730EFF7B9
:10EC400070FFE5E73B88A3F58053013B082B00F2FA
:10EC50002882DFE813F0090012001C0026022602B9
:10EC60002602260226022C009DF807304A48083367
:10EC70008DF80730EFF72DFBCAE79DF807304648BF
:10EC800040338DF807300EF089FD0020C0E70022E8
:10EC90009DF8073008338DF807303F4B1A605A60F3
:10ECA000E37A23F0600343F06003E372EDE79DF83D
:10ECB0000730394806338DF80730EFF751FBA7E7E7
:10ECC000384642F24E0130F8033B1AB28A4257DC12
:10ECD000B2F5005F59DDA3F50053013B4D2B54D82D
:10ECE000DFE813F05C007800810053008A008D009B
:10ECF00053009000930096005300530053005300BC
:10ED0000530099009C009F005300A2005300A500EF
:10ED1000A800B1005300BA00C300CC005300530058
:10ED2000530053005300E1005300EA005300530026
:10ED3000ED00F000F300F60053005300FF00020165
:10ED400005010E0117011A01530053001D0129018D
:10ED50003201350138013B01530044015300530097
:10ED6000530053005300530053005300530053000B
:10ED70005300530053005300470153005300500108
:10ED800042F27F039A4200F0CD80012008E000BFEC
:10ED9000B46D002038650020BB6D0020E2F776FBE3
:10EDA00042F264039D4200F0888142F264039D4276
:10EDB00000F29D8142F219039D4200F28E8142F2DF
:10EDC0000C039D4200F2828140F21D439D427FF47C
:10EDD0001FAF72E19DF80730BA4803338DF8073052
:10EDE000E4F74CF9DCE79DF80730B64808338DF8B6
:10EDF0000730EFF71EFCD3E7EFF7CFFAD0E7E4F7E1
:10EE000011FBCDE7EFF709FECAE7EFF7FCFCC7E718
:10EE1000EFF746FEC4E7EFF7AFF9C1E7EFF7F7F911
:10EE2000BEE7EFF710FABBE7EFF79DFBB8E7EFF7A8
:10EE3000F0FBB5E79DF80730A24910338DF8073095
:10EE4000EFF785FAACE79DF807309E4808338DF858
:10EE50000730EFF74AFAA3E79DF8073099490233E4
:10EE60008DF80730EFF73DFE9AE79DF8073095499A
:10EE700002338DF80730EFF745FE91E79DF8073034
:10EE8000002008338DF807308F23E371CC232372E1
:10EE900030236372EC23A372C023E37201236073F7
:10EEA0002373A0737CE79DF80730864902338DF801
:10EEB0000730EFF782FA73E7E4F75AF970E7EFF7F4
:10EEC00069F96DE7EFF789F96AE7EFF7F0F967E7B6
:10EED0009DF807307B4801338DF80730EFF7F5F9DF
:10EEE0005EE7EFF7D4F95BE7EFF7C8F958E79DF86D
:10EEF0000730744808338DF80730EFF792FA4FE780
:10EF00009DF807306F4904338DF80730EFF7B1FAF9
:10EF100046E7E4F745F943E7EFF7EAFA40E7EFF7AA
:10EF20005DFD3DE79DF80730664901338DF80730F8
:10EF3000EFF787FB34E79DF80730624901338DF81E
:10EF40000730EFF7B1FB2BE7EFF78CFD28E7EFF782
:10EF5000E2FC25E7EFF707FD22E79DF80730594867
:10EF600002338DF80730EFF7F4FC19E7EFF7C9FB30
:10EF700016E79DF80730534802338DF80730EFF756
:10EF8000D5F90DE7EFF75EFA0AE738464FF60C526F
:10EF900030F8033B934222D84FF60252934212D8E4
:10EFA00003F2FF3292B20A2A3FF6D2ADA3F57C43B8
:10EFB000013B0A2B75D8DFE803F01E2C74747453E0
:10EFC0007474414A5600A3F57D43033B092B68D86E
:10EFD000DFE803F05267556767675867675B4FF66E
:10EFE0001452934254D04FF6165293427FF4B0AD70
:10EFF000E4F790FA07E09DF8073032480C338DF8BB
:10F000000730EEF7D8F84FF6025225F00803934286
:10F01000DDE600209DF8073040338DF80730294B9E
:10F020001880E37923F0230343F02303E371237A69
:10F0300023F0070343F007032372E4E79DF807304A
:10F04000204817338DF80730EEF7D0F8DBE79DF84E
:10F0500007301C4820338DF80730EEF7EBF8D2E785
:10F06000EEF7C2F8CFE79DF80730164801338DF868
:10F070000730EEF7FCF8C6E7EFF7ECFDC3E7E4F77F
:10F0800041FAC0E7EEF709F9BDE7EFF7CCFDBAE7C3
:10F090009DF807300B4904338DF80730EEF701F97E
:10F0A000B1E7012081E6A5F50153283B064A9BB252
:10F0B00022FA03F3DB077FF5ABAD86F001068DF88E
:10F0C00006604FE5BB6D00202F804020A5F5005362
:10F0D0000D3B41F241229BB2EAE742F232039D42EC
:10F0E000EBD0A5F50153033B012BE6D990E542F2A5
:10F0F00085039D4287D842F267039D42D3D842F2EE
:10F10000660363E69DF807300E22A3700123627048
:10F11000E370A580A07134E54FF0FF3034E500BF07
:10F1200038B5094C0D4623781BB9BDE83840EEF7D9
:10F130004BBAA278611C023211F0BCFC00200423FF
:10F1400020702B7038BD00BFB46D002070B505462F
:10F150000E46084C20460FF0AFFB38B1A368294695
:10F160002046B2B21B68BDE8704018476FF012002D
:10F1700070BD00BF241004004FF40071014803F07B
:10F180001DBF00BFFC6D00201FB500240A220194A2
:10F190000294CDF80B400091014601A811F0CDFC7E
:10F1A000009A01A9074808F063FB074808F060FBD4
:10F1B00084F31188BFF36F8F0323184602DF04B076
:10F1C00010BD00BFB15E04000D5B0400322337B5F3
:10F1D0000125ADF8043000231C216846134A8DF840
:10F1E0000630ADF800508DF80230EDF7E5FC04462E
:10F1F000C8B90DF0BBFA80B2ECF796F929460C4875
:10F20000F2F70FFC044670B901462A468520F5F74F
:10F21000C9FB2A462146E520F5F7C4FB2A462146CC
:10F220008A20F5F7BFFB204603B030BD89F102000C
:10F2300040650020014902480FF058BDA465002038
:10F24000B05500200122054B05491A63A3F543235D
:10F25000D3F818050860C3F81825704700E010506F
:10F26000A06500200122044B5A63044B1A68044B2A
:10F27000C3F81825704700BF00E01050A0650020BB
:10F2800000B0045028B1022806D10420034B1B68AB
:10F290001847024B1B68FBE7704700BFB4650020AE
:10F2A000014B02201B681847B465002028B10128D3
:10F2B00007D100200349ECF747B8034B02201B6835
:10F2C0001847704785F20200B4650020014B1860B2
:10F2D00000207047B465002010B51D48D0E8AF3F4E
:10F2E00023B9062904D8042926D839B1002010BD35
:10F2F0000729FBD1383802F063FCF7E750F8203CCF
:10F30000A0F13804D3E900209047012808D0114B20
:10F31000984203D00223606384F82C300E48E6E75D
:10F3200042F21073A362032384F82C3004F11C030F
:10F3300084F821002363F1E700F8173C074BA0F1A4
:10F340001C0140F8103C3838007CF2F7ABFBCDE7ED
:10F35000F06500201F646602E4650020FF3F420F55
:10F360000122002101480FF00EBC00BFB86500204B
:10F37000014B5861704700BFB865002038B54FF0A9
:10F38000FF3105464FF0FF30FFF720FA29492A48A0
:10F39000EDF754FB0446FFF721FA002C46DB40F260
:10F3A0000113264C002223846369A56164336362E0
:10F3B00042F21073A3626FF073032277636304F168
:10F3C0003805D5E8EF3FC5E8E12F0029F9D14FF026
:10F3D000FF314FF0FF30FFF7F9F904F11C01207CF9
:10F3E000F2F760FBFFF7FAF900232046144A02F017
:10F3F0001BFC00282B4606DA0122D3E8EF1FC3E8E6
:10F40000E02F0028F9D14FF0FF314FF0FF30FFF728
:10F41000DDF9207CF2F728FBFFF7E0F9D5E8AF3FF4
:10F4200013B1064802F026FC606B38BD6FF00B008C
:10F43000FBE700BFC8650020D9F20200B8650020D4
:10F440000E720B00F0B5816885B01039054621F0C9
:10F450000F0409F05FF86A460A4B03F110071646DD
:10F4600018685968083303C6BB423246F7D11023E7
:10F470006A462146284609F01FF8003818BF0120C7
:10F4800005B0F0BD4853040030B50D46816887B023
:10F49000102302AA1039044608F0F9FF002802DA06
:10F4A000012007B030BD1022204602A90EF01CFA40
:10F4B00000283AD110221E4902A811F017FB00289B
:10F4C0000CBF012302232B7020460EF007FA012304
:10F4D00001460DF10702204608F0D9FF0028DFDBC6
:10F4E0009DF80730204603F00F021B096A702B714C
:10F4F00001220DF107010EF0F7F910B96B78042B1A
:10F5000003D901236B7000232B71A2682046203A97
:10F5100022F00F02103AA91C0EF0F9F90028BFD111
:10F520002046E91C0EF04BFABBE70323CBE700BFF4
:10F530004853040013B50C4B0C4603EBC00001A963
:10F540000079F4F761FC014660B9221E18BF012260
:10F5500001980EF051FA0446019808F097FF2046F2
:10F5600002B010BD0124FAE7983C0400064BD3F822
:10F5700040231C2A05D1D3F84403431E5842584166
:10F5800070470020704700BF00C0FF0003689A0763
:10F590000CD50368DB070DD50922074BC3F80C25F2
:10F5A0000F22C3F8042501221A60FEE7034B036013
:10F5B000EF3B0360704700BF00801050F000FA502E
:10F5C00008B50123474A4848C2F80038474AD2F8EC
:10F5D00040231C2A04BF464AC2F80C34FFF7D6FF6A
:10F5E0000830FFF7D3FF0830FFF7D0FF0830FFF7F0
:10F5F000CDFF00F5F470FFF7C9FF3E4AD2F88C301A
:10F6000043F44063C2F88C300022D30003F57F033B
:10F6100003F54043D3F8001401310AD0D3F80014A5
:10F6200039B1D3F800140132D3F80434402A0B6006
:10F63000EBD12C4BD3F84024002A4ED0FFF796FF95
:10F6400048B12A4BD3F834232B4B9A429EBF254B0B
:10F650002A4AC3F84026FFF789FF18B1284B294AE8
:10F66000C3F8AC27FFF782FF48B134221D4BC3F823
:10F670002426D3F83C2622F40022C3F83C26224B51
:10F68000D3F80026D20744BF6FF00102C3F800266A
:10F690001E4BD3F8182522F00302C3F81825D3F81F
:10F6A000182542F00302C3F81825124AD2F88C102C
:10F6B00041F44061C2F88C10D2F8881041F4700116
:10F6C000C2F88810BFF34F8FBFF36F8F002210492D
:10F6D000C1F8D426C3F8A02508BDC822C3F8402429
:10F6E000ACE700BF0000125000C50D5000C0FF0085
:10F6F0000030055000ED00E0001D0A1840E0A91E92
:10F7000000A0085078000A0400E0105000B0045037
:10F7100000600D500D4B0001034452B1D3F8082591
:10F720000A43C3F80825D3F80C251143C3F80C1578
:10F730007047D3F8082522EA0102C3F80825D3F858
:10F740000C2522EA0102C3F80C25704700F00C508A
:10F75000014B0EF0BCB900BF15F70200036803F0BF
:10F760001F025F2B02604FEA53129ABF024B53F8FD
:10F7700022000020704700BFA03C0400034A430958
:10F78000D35C00F01F001844C0B27047FE62040052
:10F79000F0B50646002487B0114F019117F8012BF0
:10F7A00006AB03EBD20313F8143C02F00702D3407C
:10F7B00013F0010306D10134032CEFD100231846C6
:10F7C00007B0F0BD074A03AD07CA85E8070055F842
:10F7D00024100A6A46F824200A62002AEBD0EEE7D9
:10F7E0000E630400D01C0400F7B504460846FFF77A
:10F7F000C5FF04EB4006B38A0D46DB072AD5204639
:10F800000EF066FA294620460EF0D3F950B1204694
:10F810000EF0E5F90023276807EB8000C0F81035EB
:10F82000C0F81035294620460EF002FA002101A842
:10F83000B1820195FFF792FF019B00EB8300D0F8A6
:10F840008020064B134043F00203C0F88030084686
:10F8500003B0F0BD6FF01500FAE700BFF0F0FCFF59
:10F860002DE9F043044685B0084615461F46FFF7CC
:10F8700085FF0E46804625B320460EF0A5F918B93F
:10F8800020460EF096F918BB04EB4809B9F814307D
:10F8900003F01C0313B16B78012B19D001238DF8F1
:10F8A0000F3000233046CDE900536A1CAB1C0DF12C
:10F8B0000F010EF026F9B9F8143043F00303A9F84C
:10F8C0001430002F3ED0314620460EF07DF920B98D
:10F8D0006FF0150005B0BDE8F08300223978236889
:10F8E0004FEA810C03EB8103C3F81025C3F8102500
:10F8F00004EB4802938A23F4604323F020039382AD
:10F900007D78FDB12468B8786444D4F810750E4B46
:10F910002D043B40C4F8103541F6F07305F4403532
:10F9200003EA06130005D4F810752B4300F4801089
:10F9300003433B43C4F81035938A43EA413343F011
:10F94000200393820020C5E70FE0ECFF70B590F82C
:10F950007440054690F8756044BB46222146143039
:10F9600011F0B5F82146134A2B6852F836608E42E2
:10F9700012D1002440F20D10C3F84441D3F84421C1
:10F980000D4A934208BFDB20F4F7EAFF012320462B
:10F9900085F874302B6670BDCAB2920002F5807093
:10F9A000442A04BF1C501A580131E0E76FF0770079
:10F9B000F1E700BFAC3C040000A00D5090F87500CA
:10F9C000024B03EB80000EF069B800BFA4080020D2
:10F9D00010B5064B90F875000C4603EB80000EF056
:10F9E00043F80028A4BF2070002010BDA408002008
:10F9F0002DE9F04F804658F804BB90F87540DBF8CD
:10FA000014136A4BC9B253F8342007468BB05846DA
:10FA100041F400310EF035F98203054639D5002353
:10FA2000CDE907330993614BE60003EBC404636837
:10FA300007A819460093FFF7ABFE331D03934FF061
:10FA4000000A5B4B0DF11C090293029A574912F808
:10FA5000013B0292039A02EBD3028A5C03F0070394
:10FA600022FA03F3DB071AD40AF1010ABAF1030FF1
:10FA700009F10409E9D14FF40031002258460EF093
:10FA800000F9009907A8FFF783FE0028D7D125F4D5
:10FA900000350124002D73D10BB0BDE8F08F454B2C
:10FAA00053440493D9F80060002EDDD096FAA6F6F0
:10FAB000B6FA86F6049B1C7846EA44142046FFF703
:10FAC0005DFE07EB4000818AF208C1F382030593D3
:10FAD0000193012319F8020006F0070603FA06F65F
:10FAE00020EA060009F8020006A80694FFF736FE91
:10FAF000069A11F0100F02F1200250F82260059BC7
:10FB0000C6F3014623D04046019A21460EF071F813
:10FB100006A80694FFF722FE069BF6B2203350F8A3
:10FB20002330C3F301439E4207D1002120460EF04B
:10FB300031F8314620460EF02DF806A80694FFF75E
:10FB40000DFE0122069B02FA03F30362AAE7022ECE
:10FB500014BF02210321204605930EF01BF8059BDC
:10FB6000032B03D0022E07D1012BE6D121464046BC
:10FB7000019A0EF03EF8E0E7032EDED1022BF4E707
:10FB800095FAA5F3B3FA83F304FA03F225EA020522
:10FB900003F5A2725BF8222007EB43034046B3F85B
:10FBA0006410C2F301420EF024F873E7AC3C040089
:10FBB0000E6304000E6304000123034A03FA00F0FD
:10FBC0009368034393607047480300200123044A6D
:10FBD00003FA00F0936823EA00039360704700BFC4
:10FBE0004803002073B504460191EFF311864023CA
:10FBF00083F31288BFF36F8F0B4D019B6A6801A8D6
:10FC0000134001930DF030FF002807DB01226B68E1
:10FC1000824023EA02036B602070002086F3118883
:10FC2000BFF36F8F02B070BD480300204FF0FF326A
:10FC30006FF0404330B5044CD4E90001824273EBCD
:10FC40000105F9D330BD00BF40270E5030B50C255B
:10FC5000074B1C1894F8544005FB0433C3E9031206
:10FC600018750123034A8340C2F8243330BD00BF16
:10FC70004803002000200E50F8B53E4C2278002AA0
:10FC800072D13D4BD3F8101521F00201C3F81015C5
:10FC9000D3F8101541F00101C3F810150521C3F880
:10FCA000A4160421C3F8AC160723672101F0010054
:10FCB0000244013BD2B24FEA5101F7D1052A56D195
:10FCC00019464FF0010C2B4E00256720CFB204E0FF
:10FCD0000CFA02F220EA0200013590FAA0F25FFA73
:10FCE00085FEBE45B2FA82F2F2D3013132750529A2
:10FCF000224482F8547006F10C06E5D1012100255A
:10FD00001E489A0801FA02F212F0670F18BF1D5040
:10FD10000433302BF5D1E420F4F722FE164B1849BA
:10FD2000D3F8102503F5C07322F00202C3F8902324
:10FD300040F6FF72C3F8A82100221A60A3F5807074
:10FD400004338B420260F8D101250B4B0D4A1D662E
:10FD50000D4B5D201B68B3FBF2F358430B4B2B4359
:10FD6000984700202570F8BD6FF07700FBE76FF033
:10FD70008B00F8E74803002000200E5000210E50B1
:10FD8000B0210E5040420F00A008002000220400C5
:10FD900038B5244B0D46D3F8102594073CD4D3F83E
:10FDA000102542F00202C3F81025C0B1D3F848274D
:10FDB00012F0010202BFD3F8481741F00101C3F865
:10FDC0004817184BD3F84017D3F844174800F9D414
:10FDD0002AB9D3F8482722F00102C3F84827124B6A
:10FDE000124A1B68B3FBF2F30E4A03EB4313B3B1A1
:10FDF000D2F84017D2F8441749000BD44FF0FF3126
:10FE00002846FFF7EFFE044610B92878FFF7D4FE26
:10FE1000204638BD013BEAE76FF07704F8E76FF062
:10FE20007304F5E700200E50A008002040420F00A8
:10FE30002DE9F047DFF8A09067234E4656F8044FAF
:10FE40000025E4434FF00108224F04F06704C7F88F
:10FE50002833E9B2E4B9E420F4F790FD1D4BD3F860
:10FE6000482722F00102C3F84827D3F8102522F0D2
:10FE70000102C3F81025D3F8102522F00202C3F8BE
:10FE8000102501225A669A6689F80040BDE8F0877D
:10FE9000D9F8083008FA05FA0AEA030313F0670FE5
:10FEA00002D00846FFF792FED9F80430DB4303F096
:10FEB000670313EA0A0F09D0002207EB0513C3F802
:10FEC0002C25E30702D530460DF0E8FD6408013526
:10FED000BFE700BF00200E504803002070B51E464B
:10FEE0001546174A9DF81010131893F854300C3328
:10FEF00002EBC30442F833506660C6F313020401F8
:10FF0000A1B104F1A04404F56224C4F82055C4F85A
:10FF100024250C4C80000444236833B1FFF786FE8F
:10FF2000A842B14101D20023236070BD04F1A04377
:10FF300003F56223C3F82055C3F82425F5E700BF75
:10FF40004803002000210E50F0B50E4D2B1893F8F9
:10FF5000543000010C3355F8334005EBC3077E687D
:10FF6000641800F1A04021F0004146F1000641EA8A
:10FF7000C27100F5622045F833407E60C0F8281554
:10FF8000F0BD00BF48030020F7B5284B284CD3F83C
:10FF90002C6304F188070EB903B0F0BD96FAA6F001
:10FFA0000123B0FA80F08340DA43224926EA0306AF
:10FFB000231893F85450830019440C2303FB054382
:10FFC000DB6873B3D7E8EF3F03EA020CC7E8EECF74
:10FFD000BEF1000FF6D1C340DB0719D5020102F1D3
:10FFE000A04202F56222D2F82435D2F82025D1F8B9
:10FFF00000C0BCF1000FCED04FF0000CC1F800C023
:020000040003F7
:100000000C2101FB054529690091E9688847C2E791
:1000100005F10C0304EBC30C54F83320DCF8043076
:10002000E5E70A68002AB6D00B60B4E700200E505E
:100030004803002000210E50044B40EA0120C3F881
:100040000005D3F80024D207FBD5704700B0045058
:10005000036803F01F025F2B02604FEA53129ABF3E
:10006000024B53F822000020704700BFBC3C040044
:1000700010B50B4B04680B4A0B48844208BF13466B
:10008000B3FBF1F001FB1033834206D2C30704D463
:100090007E288CBF0020012010BD0020FCE700BF9F
:1000A0000024F4000020A10700A0045073B51646F8
:1000B000421C1C460546069B18D0012902D1BBB143
:1000C0000DF0A1FF01A80195FFF7C2FF019B2402DB
:1000D00000EB8300D0F88020074B44EA86040C43F1
:1000E00013401C4344EA4101C0F8801002B070BDC7
:1000F0000DF095FFE6E700BFF0F0FCFF2DE9F04FB3
:1001000091F8213005460C4685B0002B00F0BA80EE
:1001100091F822706A4A29686A4E6B486369914275
:1001200008BF064694F82320B6FBF3F695F8223074
:1001300062F3000385F82230227CDBB262F34103D4
:1001400085F8223094F82380B8F1000F34D1626929
:100150005E4B01219A4214BF4FF005094FF00F0981
:10016000237E4246012B94BF002301230093206885
:100170004B46FFF79BFFCDF800804B4642460121DE
:100180006068FFF793FFCDF800804B464146A27EA2
:10019000A068FFF78BFF237C424683F001030093A6
:1001A00001214B46E068FFF781FF012100914B469A
:1001B0004246E069FFF77AFF94F82130002B63D0C4
:1001C0004FF0FF336B62637E94F8211094F8128035
:1001D000207E0393002961D0D4F80CC0217C94F8D0
:1001E000249094F820E02B68B9F1000F12D1D4E9E3
:1001F00001BAD4F81C902268C3F80026C3F804B6EC
:10020000C3F808A6C3F80C96C3F810C6C3F8B8150F
:10021000C3F8B075039AC3F8C085003A18BF01222D
:100220000228C3F82C653CD003283DD0012801D119
:1002300042F00202C3F85425C3F8ACE5244BD3F8CE
:1002400040331C2B14D1022E31D9237E13F0FD0F25
:100250002DD176080136F6B2BE4238BF3E462B6835
:10026000C3F8B06595F8223043F0040385F82230D6
:100270006B680BB32868C0F3083005B0BDE8F04FD9
:10028000F4F76EBB022745E7E3686B62227C95F8C2
:10029000223062F3410385F8223094E74FF0FF3CAF
:1002A0009DE742F00402C5E742F00602C2E795F876
:1002B000223023F00403D9E705B0BDE8F08F00BF7A
:1002C00000A004500024F4000020A1070048E80129
:1002D00000C0FF00431C07B50ED0019001A8FFF736
:1002E000B7FE019B00EB8300D0F88020044B134045
:1002F00043F00203C0F8803003B05DF804FB00BF98
:10030000F0F0FCFF38B504460068C0F30830F4F79D
:1003100035FB636843B12146154A51F8043BC3F8E5
:10032000082320680DF087FE2368D3F80006D3F871
:100330000416D3F8085694F82230DB0714D4FFF7DC
:10034000C9FF2846FFF7C6FF0846FFF7C3FF606AEC
:10035000FFF7C0FF2368D3F80C06D3F81016FFF799
:10036000B9FF0846FFF7B6FF002384F8203038BDF8
:100370000700F81F0368034A01F5C07143F8212004
:10038000704700BF3546526E037C5BB10368074A75
:10039000C3F82025012203685A6003680020C3F8CF
:1003A000200570474FF0FF30704700BF3546526E52
:1003B00000B5837D01463F2B8BB04BD813F0300046
:1003C00024D0202802D10B6A188806E03028FAD001
:1003D000102806D10A6A22B11078B0FA80F04009DC
:1003E00014E00A689268C2B903F00F020B2A1DD804
:1003F000DFE802F006060606060615171C1C1C1A86
:10040000CB694A8A1A44934203D101200BB05DF8AC
:1004100004FB13F8011B0029F5D00020F6E7CB6997
:10042000D2E7CB691878D8E7488AD6E703F00E03FD
:10043000082BF2D1CA696846496A0EF09AF800287A
:10044000E3D06846FFF7B4FF0028DFD068460EF01F
:10045000B3F8F4E703F0C002802A01D1C069BCE719
:10046000402ADAD103F00F030A2B02D1CB691868B6
:10047000B3E70368024AD8689042AED1F6E700BFFE
:100480007DE6030010B582600022034CC0E9032220
:10049000C0E9004110BD00BFB1E60300F8B5044655
:1004A0001546A2B1066896B1C368D31802D2876810
:1004B0009F4207D22369084A002B08BF1346002039
:1004C0002361F8BDB04710B92369044AF4E7E36833
:1004D00001202B44E360F4E7D05E0400DC5E0400FE
:1004E00010B48C7D4B8A04F00F04022C03F1FF330F
:1004F00018D1072B33D8DFE803F0040B320E323269
:100500003211CB691A7800235DF8044B0EF0D9B88C
:10051000CB691A88F7E7CB691A68F4E7CB69D3E9A6
:100520000023F1E7072B1AD8DFE803F0040E1912B5
:1005300019191915CB6993F90020D317032CE3D1AE
:100540005DF8044B0EF0FCB8CB69B3F90020F4E77A
:10055000CB691A68F1E7CB69D3E90023EEE70369B9
:10056000044A002B08BF134603615DF8044B0020CA
:10057000704700BFE55E04004A8A042A02D1C969B7
:100580000EF0E7B8082A02D1C9690EF0E5B8026991
:100590000349002A08BF0A4602610020704700BFD5
:1005A000E55E04008A7D0B4602F00F020B2A11D88B
:1005B000DFE802F00C0C0C0C0E060A0A0A0A100AFC
:1005C00001211A8A0EF0CBB80221FAE70021F8E7E0
:1005D0000521F6E70369034A002B08BF13460361B0
:1005E00000207047F75E04002DE9F0410E461746E3
:1005F00086B014220021044601A810F068FA3A4699
:10060000314601A80EF0C1F810B9059B236107E03F
:100610004FF0000820464346049A0EF052F818B9ED
:10062000002006B0BDE8F0812168049D21B92A466A
:100630002046FFF733FFF4E7E368A2682B449342B8
:1006400005D923690E4A002B08BF1346DEE763680D
:100650003A46019101A83146CDE90235CDE9048839
:100660000EF093F8049AE368AA421344E360029BF5
:100670006360059B01D12361D3E7024AE3E700BF32
:10068000D05E04000A5F040070B5CB6904460D46D5
:10069000002B7FD0FFF786FF002873D0AB7D03F0DF
:1006A0000F020B2A73D8DFE802F006111111171799
:1006B0001D355252726FEB692046BDE870401A78C2
:1006C0000023003A18BF01220DF0FBBF2946204647
:1006D000BDE87040FFF704BF29462046BDE87040E2
:1006E000FFF74ABFE96909B90A460EE03F2B0A88BD
:1006F0000AD86B8A023B934206D22369264A002B12
:1007000008BF134623613DE002312046BDE870403A
:100710000EF02BB803F0C003802B10D06B8A13B9F6
:1007200023691E4AEBE7013BE9690029DCD000227E
:100730009A42885C06D00028E7D00132F8E74FF0F3
:10074000FF33F1E70028E0D02369154AD7E76B6A49
:1007500013B92369134AD2E7092A06D02046EA6969
:10076000696ABDE87040FFF73FBF2A6A002AF5D0EA
:1007700052F8083C002BF1D029462046043A98470D
:100780000028EBD1002070BD6A8AE969BDE72369C2
:10079000054AB4E70120F6E71E5F0400325F04005B
:1007A000455F0400595F0400F75E04002DE9F04343
:1007B0008B7D054603F03002302A0C4687B011D1FC
:1007C0000B6A1A880B8A9A4213D1E269A37DE2B9B7
:1007D00013F0300F0DD12B696B4A002B08BF134665
:1007E0002B613EE0102AF0D10A6A32B11378002B57
:1007F000EBD1012007B0BDE8F0833F2BE5D80846D8
:10080000FFF7D6FD0028E0D0F3E703F0C002402A4E
:100810000CD12368DB68002BEBD022462946002050
:1008200098470028E5D12B69584AD6E703F03001F4
:10083000202940F0A280216A0E88002ED9D0802A7B
:1008400005D0A28AB24202D22B69514AC5E703F011
:100850000F03052B58D802212846228A0DF07FFF6E
:1008600008B90020C6E7A37D03F00F03042B10D1C5
:10087000B7003A46002328460DF023FF0028F0D0A9
:10088000296849BB3A46284607B0BDE8F043FFF760
:1008900005BE052B01D1F700EBE70027142200214C
:1008A00001A810F014F9D4F81C80214601A8FFF724
:1008B00017FE28B92B69002B92D1059B354A8CE78E
:1008C000E369628A01371344E361BBB2B342ECD3FC
:1008D000049FC4F81C80CCE70027A37D214603F0C9
:1008E0000E03042B28460CD1FFF746FE0028B8D093
:1008F000E369628A01371344E361BBB2B342ECD3CC
:1009000077E7FFF7EDFDF1E74FF00008A37D03F077
:10091000C002802A2CD103F00E03062B28D1E769F0
:100920002146D7F800902846C4F81C90B9F1000F72
:1009300018D1FFF737FE98B10122284601A98DF89A
:100940000490FFF7ABFD58B1E761E369628A08F1F3
:1009500001081344E3611FFA88F3B342D6D348E792
:10096000E7617EE7FFF790FEE7610028EDD178E7C9
:1009700021462846FFF788FEF7E72146284607B0BC
:10098000BDE8F043FFF780BE725F0400895F04009A
:10099000985F0400B05F040030B505460C688BB06A
:1009A0000CB9012013E0236821465B6823B1284677
:1009B000984758B1A468F3E768460DF05DFE40B96A
:1009C0002B69064A002B08BF13462B6100200BB091
:1009D00030BD69462846FFF7E9FEEAE7B75F040045
:1009E00010B5836804463BB9C368094A002B08BFA9
:1009F00013460020E36010BD01220368984710B938
:100A0000E368044AF2E7A368013BA360F3E700BF91
:100A1000C95F0400DC5E040030B50446154685B0AD
:100A2000002A2FD0A9B90268174B9A4211D0102D75
:100A300006D82A4669462046FFF7EEFF05B030BDCE
:100A4000102269462046FFF7E7FF0028F6D0103D48
:100A5000EDE7A368AB4207D2E3680C4A002B08BF5E
:100A600013460020E360E9E72A46204623689847BA
:100A700010B9E368064AF1E7A368AB4234BF00232C
:100A80005B1BA3600120D9E7CBE70300C95F04002B
:100A9000DC5E040010B582600022024CC260C0E936
:100AA000004110BDCBE703002DE9F3410F460DF1E6
:100AB00007010646FFF794FF804620B39DF90730F3
:100AC0009DF80740002B33DA072504F07F043046F9
:100AD0000DF10701FFF784FFA8B11F2D9DF8073026
:100AE00017D93E2D8CBF0122FF22590627D0002C9A
:100AF00003DA3F2D01D89A4216D0F368114A002B31
:100B000008BF1346F3604FF00008404602B0BDE84E
:100B1000F0811C2D0ED113F0700F03D003F078027A
:100B2000782AEAD144EA03741B0605F10705CED4FE
:100B30003C60EAE703F07F02AA401443F4E73F2D4C
:100B4000F2D9DAE7D75F04002DE9F3410025064624
:100B50000F46A8462C4630460DF10701FFF740FF2F
:100B600058B13E2C9DF807100BD9012909D9F3681B
:100B7000104A002B08BF1346F360002002B0BDE806
:100B8000F08101F07F02A4F12003C4F1200C02FAED
:100B900003F322FA0CFC43EA0C03A24043EA0808E0
:100BA0000B0645EA020504F10704D4D4C7E900584E
:100BB000E4E700BFD75F0400F7B51F4600233B7092
:100BC0000B701360836804460D46164623B9012353
:100BD0003B70002003B0F0BD01A9FFF765FF70B9BD
:100BE00022680A4B9A42F4D0A368002BF1D108493D
:100BF000E068F1F71CF90028E9D1E060E7E7019B24
:100C0000DA0803F0070332602B70E3E7CBE7030059
:100C1000DC5E040013B50446052921D8DFE801F0A5
:100C2000030F1720201E0122204601A9FFF7F4FE22
:100C300018B19DF90430002BF5DB02B010BD08227D
:100C40000021204602B0BDE81040FFF7E5BE01A933
:100C5000FFF72AFF0028F0D0019AF1E70422EFE71E
:100C6000C368034A002B08BF1346C3600020E4E7B3
:100C7000E75F040073B50D4601A90446FFF714FFB2
:100C8000064660B194E80F0085E80F0001998A429A
:100C900009D2E368064A002B08BF1346E36000262A
:100CA000304602B070BDA960A3685B1AA360F7E785
:100CB000F95F040070B5937D044603F00F031546F9
:100CC00086B00B2B00F26B81DFE813F00C001D00E7
:100CD0001D001D00A600B200BE00E20002010201DC
:100CE00069013D010139C9B2FD2906D8E368A04A6E
:100CF000002B08BF1346E36046E0E96906B0BDE893
:100D000070400DF07FBD0139C9B2FD29EED9022B2B
:100D100034D102A9FFF718FF0646002834D06B8AA9
:100D2000013B072B27D8DFE803F01F19260C2626E6
:100D30002604EB69DDE90201C3E90001304606B093
:100D400070BDDDE902321846E9690B60002191426D
:100D500008BF9842F2D0E368864AC9E7E969DDE94D
:100D600002320B8098B2F1E7E969DDE902320B70DB
:100D700003F0FF00EAE7E3687F4AB9E7032B05D1F8
:100D800002A90DF04CFDB8B90026D7E76946FFF778
:100D9000DBFE0028F8D0DDE90032698A082908D195
:100DA000CDE90232DDE90201EB69C3E90001012668
:100DB000C4E7DA17CDE902326B8A013B072BDAD898
:100DC00001A252F823F000BF0D0E0300FF0D030037
:100DD000770D0300E90D0300770D0300770D030085
:100DE000770D0300A50D0300EB69DDE902211A6010
:100DF0001346D017884208BF9342ACD1D7E7E869C1
:100E0000DDE9022113B20380D817F3E7E869DDE9D1
:100E1000022153B20370F7E7052902D0FF297FF4BE
:100E200065AF2046E96906B0BDE870400DF00CBD25
:100E3000012902D0FF297FF459AF2046E96906B0A5
:100E4000BDE870400DF00CBD02297FF44FAF02A940
:100E5000FFF72AFE002897D0029AB2F5803F02D30E
:100E6000E368464A44E7AB7D911C03F0C003802B46
:100E700002D1E368424A3BE76B8A9942F0D8E969BC
:100E800021F8022B204606B0BDE87040FFF7C4BD34
:100E900002297FF42BAF02A9EE69FFF705FE0028B7
:100EA0003FF472AF029A531C02D1E368354A1FE740
:100EB000AB7D511C03F0C003802BDAD06B8A9942C2
:100EC00002D9E368304A13E700233146B354D9E727
:100ED00002297FF40BAF02A9FFF7CCFE00283FF4F4
:100EE00053AF6B6A13B9E368284A01E7AB7D03F09F
:100EF0000F03092B0AD0AB7D3F2B1ED90023EA69D3
:100F0000696A02A800F004FA06460FE02A6A002A7D
:100F1000F1D052F8083C002BEDD02946043A02A843
:100F20009847064610B1049B002BE4D1204602A945
:100F30000DF056FC0640F6B200E703F03003203B0C
:100F400018BF0123DBE702297FF4D0AE02A9FFF727
:100F5000ABFD064600283FF417AF0299B1F5803F7C
:100F6000BFF47EAF6A8A99B9E8690FF0B0FDE5E693
:100F70001160040021600400E55E04003360040099
:100F8000426004005460040063600400595F040080
:100F90008A4202D0E368034AAAE6E96972E7C368B5
:100FA000014AA5E673600400F75E04002DE9F041F4
:100FB000937D054603F0C007402F0E4614468EB0C1
:100FC00000F08D80802F00F0878087B903F0300C0F
:100FD000BCF1200F16D007D8BCF1000F0AD10EB01B
:100FE000BDE8F041FFF766BEBCF1300F4ED0EB68B4
:100FF000764A32E0136A0BB101221A70224631465A
:101000002846ECE7176A518AB7F800C09269022EA9
:101010000CFB0122E26132D103F00F03052B2ED825
:1010200004A9FFF727FE804678B9002024E0224675
:10103000FF2104A8FFF73EFE0646A0B13B8801331E
:101040003B80E369628A1344E361069B53B13A88AB
:10105000A38A9A42EBD3EB685D4A002B08BF134684
:10106000EB60E2E74646069B002BF4D1284604A934
:101070000DF0B6FB3040C0B20EB0BDE8F0813B8849
:101080005A1C3A80A28A9A42E5D9B7E703F00E03C8
:10109000082B1DD1136A128A1B889A4218D0394630
:1010A000628AE0690FF013FD616A8B6823B9CB682F
:1010B00013B94B681B685BB1E26904A80DF059FADB
:1010C00030B104A800F094F810B9EB68414AC4E7C5
:1010D000236A228A1A8091E7C3683F4ABDE71368F2
:1010E000DB6823B90EB0BDE8F041FFF793BD0229DC
:1010F00033D104A9FFF7BEFD002896D0A37D03F0ED
:101100000F03092B12D1236A83B1228A1A80226A23
:1011100052F8083C53B12146043A04A8984728B92C
:10112000EB68002B9CD1079B2C4A96E7236822464C
:101130000021DB6804A8069E984728B9EB68002BBD
:101140008ED1079B264A88E7069B0BB19E42EDD8BD
:10115000284604A90DF044FB8EE7012926D0052975
:101160002CD041B1C3681F4A77E701360B2E04D15A
:10117000EB681D4A71E7012601AF01223946284676
:10118000FFF74AFC00283FF450AF17F9013B002B52
:10119000EBDB0021154B0791049301ABCDE905363C
:1011A00023682246DB6804A8984765E7082201A95E
:1011B000FFF732FC08260028EBD136E704220DEBBE
:1011C0000201FFF729FC0426F5E700BFF75E0400E3
:1011D00095600400A460040042600400BB60040049
:1011E000C2600400E75F0400D75F0400CBE70300A0
:1011F00070B590B004461022002102A80FF067FCE1
:10120000002301938DF8023023689B6843BB0025BF
:10121000A37D03F00F020A2A42D1E3691E68002E63
:1012200031D1019BABB1228A934212D122469DF863
:10123000021002A8FFF7BAFE10B30DF1030301AAD2
:101240000DF1020102A8FFF7B7FCC8B1236A03B190
:101250001D7020460DF0B0F90028D9D1012010E012
:101260002A4A0DF10201CDE902234FF0FF3301AA12
:10127000049302A80DF10303FFF79EFC0028C6D1DA
:10128000002010B070BD314606A80DF082F928B1DB
:10129000357306A8FFF7ACFF0028F1D0B668BEE7AB
:1012A0003F2B2AD803F03002102A1BD1236A03B146
:1012B0001D70A37D03F00E03082B18D1616A8B68A3
:1012C00023B9CB6813B94B681B6883B1E26906A8E0
:1012D0000DF04FF90028A4D006A8FFF789FF0028D9
:1012E0009FD1CDE79A06E4D5236A1D8099E70021B6
:1012F000628AE0690FF0EBFB93E703F0C002802AFB
:101300008FD1A2699B0615608BD5EDE7CBE7030073
:101310002DE9F04F9B4600239DB0044608A8CDE977
:101320000633ADF812300DF024F900283CD1002727
:101330004FF6FF79BA46B84620460DF1110305AACB
:1013400004A9FFF739FC002840D19DF81130002B8B
:1013500038D04FF6FF73994504D0BDF81230BB4228
:1013600040F0AD80089B5B8AE3B1402B28BF40234F
:101370000022590906A895B2A94200F2C78003F0DD
:101380001F02DB060ED01CAB03EB8101C2F1200370
:101390004FF0FF32DBB222FA03F351F8582C9A4295
:1013A00040F0BA8001200EE01BF0010FBFD108A869
:1013B000FFF71EFF0028BAD1E3685C4A002B08BF84
:1013C0001346E36000201DB0BDE8F08F059B01933C
:1013D0002BB91BF0040FBCD1E368554AEEE7019925
:1013E00008A80DF0F4F828B19DF8363003F00F028C
:1013F0000A2A50D1B8F1000F0ED108A80DF018F943
:10140000002800F08C800F9BD3F800A0BAF1000FE9
:1014100000F08980BDF83080019B434532D35546AA
:10142000A36803939DF810300293A368039A35B321
:10143000934281D12B681B681E4643B1DDE901232D
:1014400029462046B0470028BCD0AD68EDE72946C4
:1014500012A80DF09EF810B9E368364AAEE7BDF861
:101460005830019A9A42F0D1139B002BEDD0012302
:10147000204602992B7312AAFFF798FDE3E79342E7
:101480007FF45AAF20469DF81010FFF7C3FB0028E9
:101490007FF452AF96E703F03003202B22D1109A4D
:1014A0000DAB9A4217D1BDF828304B450FD04FF6FF
:1014B000FF72914506D0BDF81220BA4202D0E3680F
:1014C0001D4A7BE70022BDF83470ADF81220994622
:1014D0000DF11202109220469DF8101008AAFFF795
:1014E00065FDD4E7002BF6D1BDF82C303F2BF2D8A8
:1014F00059091CAA02EB810103F01F02012393404A
:1015000051F8582C134341F8583CE4E750F8045B79
:10151000013201353FF42FAFE368084A4EE7BAF1D4
:10152000000F7FF47CAF4FF0FF3875E7A460040034
:10153000D2600400B75F0400DB600400725F040047
:1015400038B5EFF31185402383F31288BFF36F8F13
:10155000064B9C680DF0C3F985F31188BFF36F8FBC
:101560002046BDE83840F3F7EFBA00BFF46500202D
:1015700038B50A4B53F82040013053F82050A542AB
:1015800000D838BD606830B1037EDB0701D40DF0B0
:101590007BF90834F3E723689847FAE7C83C04006E
:1015A000012270B5294B86B003201A70FFF7E0FFC7
:1015B0000DF093FE0420FFF7DBFF254C254D26465A
:1015C000AE4204F130040FD300F0D8FF204CAC42FF
:1015D00026D300F0E7FFF1F72FF81F4A938923F095
:1015E0000103938106B070BD54F80C3C059354F888
:1015F000103C049354F8143C039354F8183C0293A1
:1016000054F81C3C019354F8203C009354E90A23FD
:1016100054E90C0100F0BAFD54F8303C5E65CEE7A9
:10162000D4E90A23B3F1FF3F08BFB2F1FF3F05D071
:1016300052EA0301206803D10DF0ABFC3034C6E759
:101640000649183001F00EFAF8E700BFFC6F0020E1
:10165000A0190400601A040060570020CFEE0300B8
:10166000C82370B5134E012203FB0066002386B029
:10167000CDE904230F220193CDE9023218234FF460
:10168000A0720D4D0D4903FB0055044602FB0011ED
:101690000B4B3046009500F079FD337C2C7423F021
:1016A00004033374074B013403EBC423EE606B6017
:1016B00006B070BD98560020F4650020C8C2002016
:1016C000E3E90300C8BA00207FB50020FFF750FF10
:1016D000284B03F5006282F3088883F30A88E0232D
:1016E000254C002584F822302023E3772576657683
:1016F000A57684F82050636A43F4E023636284F89B
:101700002350F3F799F8F3F709FA4FF0FF33A36288
:10171000E362F3F709FCF3F7A3FA184800F0A0FD21
:101720000120FFF725FF0220154CFFF721FF00F0F5
:1017300063FF144B4FF480529C61134B1349059384
:1017400001232046CDE90353CDE90155104B009507
:1017500000F01CFD0646237C204623F0040323747E
:101760000DF092FB2846FFF77BFF31462046084AE2
:10177000F3F7A8F9C8BA002000ED00E010590020E6
:1017800060570020F4650020FC60040008C40020BD
:10179000A115030038B5064C064DAC4201D300201C
:1017A00038BD2046D4E901120DF09CF81434F4E75A
:1017B000FC090020100A002038B5074C074DAC4248
:1017C00001D3002038BD20460DF0B1F808B91C3413
:1017D000F5E76FF01500F5E7A8090020FC090020E7
:1017E00073B50C46EFF31181402585F31288BFF3E2
:1017F0006F8FC5685DB125602B68C3608369013355
:101800008361002081F31188BFF36F8F11E052EAEA
:10181000030603D16FF00B002560F3E7CDE9002349
:101820000246083000F008FE18B9034B9B685B695C
:10183000236002B070BD00BFF4650020F7B50D460F
:1018400004469DF82010EFF31187402080F31288A2
:10185000BFF36F8F266AE068864240D22668B442A2
:101860001AD0CEB130460DF0C7F806F118000DF0D1
:101870001EFC2946002554F8082F70690FF01AF94C
:101880003046C6F880500DF0FFFA204639460DF07C
:101890002EFB284603B0F0BDA268A9B12946E06935
:1018A0000FF008F9E369A26813446269E3619342A7
:1018B00001D12369E3610020236A0133236287F3A6
:1018C0001188BFF36F8FE5E7A06923692946984225
:1018D00008BF6069801AA0610FF0ECF8EBE752EAEC
:1018E00003010BD0074904F1080089684D61CDE977
:1018F00000233946224600F09FFDCBE76FF022001F
:10190000DDE700BFF4650020F7B504460846EFF3B5
:101910001186402181F31288BFF36F8F216A00295D
:101920003BD0A268A1690FF0C5F8A369A268256839
:1019300013446269A361934204BF2369A361236ACC
:10194000AC4203F1FF33236236D02846002D34D059
:1019500000270DF051F805F118000DF0A8FB69699A
:10196000A268E0690FF0A6F8E369A268284613446C
:101970006269E361934204BF2369E361236A01332F
:101980002362C5F880700DF07FFA04F1080031463B
:101990000DF0ADFA384603B0F0BD52EA030111D0A4
:1019A0000A4989684861CDE900233146224604F19D
:1019B000080000F041FDEEE7002086F31188BFF338
:1019C0006F8FE8E76FF02200F7E700BFF4650020B3
:1019D0002DE9F341044617461E46EFF311884023D4
:1019E00083F31288BFF36F8F304BC2689B6872B16C
:1019F0008068984217D057EA060216D188F31188FA
:101A0000BFF36F8F6FF00F0002B0BDE8F08193F964
:101A10000E1001322161C4E9023288F31188BFF34C
:101A20006F8F0020F0E72169F3E793F90E1090F92A
:101A30000E30994230DA9942A8BF19460CF0F0FFF7
:101A4000054622464146CDE90076194800F0F4FCEF
:101A50000028E6D0EFF31186402383F31288BFF30A
:101A60006F8FA068D0B1236821699C420AD04BB126
:101A700093F90E309942A8BF19466FF07F0399423F
:101A8000B8BF19460CF0CCFF40B1314608480DF004
:101A90002EFA6FF00A00B7E70025D2E7002DF4D147
:101AA00086F31188BFF36F8FF3E700BFF465002062
:101AB000FD6F0020F8B583680546002B40D0234A0F
:101AC000926893423FD1C368012B03D9013BC360A5
:101AD0000020F8BDEFF31187402383F31288BFF392
:101AE0006F8F016980680CF09BFF2C68A54207D1BD
:101AF0000023C5E9023387F31188BFF36F8FE7E74F
:101B0000002CF5D0D4E90032002613605A60237C03
:101B1000C4E9006623F002032374A66004F11800F0
:101B20000DF0C5FAAC6094F90E3020462B61C4F874
:101B300080600DF0A9F9394605480DF0D8F9C7E7DE
:101B40006FF01500C5E74FF0FF30C2E7F4650020E5
:101B5000FD6F002073B51546EFF31186402282F326
:101B60001288BFF36F8F0468B4B12368426823F012
:101B70000303944208BF4360036023689B0704D0BB
:101B8000656820460DF0A2FB2C4686F31188BFF352
:101B90006F8F204602B070BD55EA0302F5D000F108
:101BA000080231461046CDE9005300F045FC0028FC
:101BB000EFD1024B9B685C69EBE700BFF465002046
:101BC00070B5EFF31186402383F31288BFF36F8F54
:101BD0000468A0421BD0D4B1D4E9003200251360C0
:101BE0005A60237CC4E9005523F002032374A560E6
:101BF00004F118000DF05BFA2046C4F880500DF097
:101C000043F93146BDE8704006480DF070B9D0E99F
:101C100002329A4218BF0133836086F31188BFF302
:101C20006F8F70BDFD6F002013B5EFF3118140245D
:101C300084F31288BFF36F8F846844B1013C8460E1
:101C400081F31188BFF36F8F002002B010BD52EAFC
:101C5000030406D181F31188BFF36F8F6FF00F007B
:101C6000F3E7CDE900230246014800F0E5FBECE78D
:101C7000FD6F002070B50546EFF31186402383F316
:101C80001288BFF36F8F00232C68A54219D0C4B10E
:101C9000D4E9003213605A600023227CC4E9003387
:101CA00022F002022274A36004F118000DF0FFF983
:101CB0006FF00A032046C4F880300DF0E5F80123E8
:101CC000E2E70022AA6023B986F31188BFF36F8F81
:101CD00070BD3146BDE8704001480DF008B900BF45
:101CE000FD6F002007B5074B4FF4006200930649D3
:101CF0004FF0FF33054800F06DF9002003B05DF8A8
:101D000004FB00BFE03C040008D400202858002059
:101D10002DE9FF4104464027534EEFF3118887F326
:101D20001288BFF36F8FD4F8CC50F5B9022104F1BB
:101D3000E4000CF034FF002870D004F1DC05002230
:101D4000012128460DF045F90028F8D100234FF075
:101D5000FF3202934FF0FF334146CDE90023434861
:101D600004F1D40200F0BEFDD7E7D4F8D0202B68F0
:101D70009542C4F8CC3008BFC4F8D030D4F8E43071
:101D800043F00203C4F8E430EB6823F0040343F0AB
:101D90000103EB606B6888F31188BFF36F8F2846EF
:101DA0009847EFF3118887F31288BFF36F8FEB68C2
:101DB000D80623F001023ED4EA60EB689A0717D5F3
:101DC000306823F00203EB6090B10021036878B122
:101DD000426895423DD10368002934D1726833606E
:101DE000904200D17360002340F8083BFFF7E8FE03
:101DF000D4F8E43023F00203C4F8E430DB0530D437
:101E0000D4F8CC30003B18BF012388F31188BFF30E
:101E10006F8F002B81D000F00DFC7EE7D4F8E4300A
:101E2000D90693D5C4F8E40088F31188BFF36F8F07
:101E300004B0BDE8F08123F01103EB6005F1100060
:101E4000FFF7BEFEB9E70B607368984208BF716088
:101E5000C9E701461BB11A6818461346B7E71A4688
:101E6000FAE70023D1E700BF18660020FD6F0020CD
:101E700070B5C3680546C3F340069B070C460DD5F5
:101E80000122002104F108000CF07DFE00232360F4
:101E9000054B65605A681AB9C3E90044304670BD05
:101EA00014605C60FAE700BF18660020F8B5C368EC
:101EB00004469A070E46C3F3400542D45F0742D456
:101EC0000B680BB983680B60E368D80742BFA3684F
:101ED00002253360376858BF012557B31B4B9A68FA
:101EE000D7F8C8309A421ED10CF08AFF80F001006A
:101EF000C0B2D7F8E430D907C3F380021CD5F2B1E1
:101F0000F8B100232360D7F8D03073B9C7E9334460
:101F100038460CF05FFEE36843F00403E360336887
:101F2000A3602846F8BD0020E3E71C60C7F8D04056
:101F3000EEE76FF0150506E06FF0120503E01B07F2
:101F4000DFD56FF00F0500233360EAE7F46500206A
:101F5000F8B5C368064603F00503002B0C4614BF12
:101F6000012700271CD085680122002104F1100000
:101F70000CF009FE204613490CF08DFEE36843F097
:101F80001003E360F3685B0712D5336823606BB915
:101F9000D5F8D03033B9C5E9334428460CF01AFEE1
:101FA0003846F8BD1C60C5F8D040F6E73460F4E769
:101FB000D5F8CC302360D5F8D030C5F8CC40002B14
:101FC000EBD1F0E7B5EB0300014601480CF08EBE03
:101FD00028580020F0B50446002089B00E9DC4E9C1
:101FE000330004F1D400C4E9350004F1DC00C4E995
:101FF000370055B32879002840F2011008BF0120AE
:10200000C4F8E40000204FF0FF364FF0FF37CDE971
:102010000330CDE90100CDE9066720460C4B009462
:1020200000F0F2F855B1296811B120460CF0F1FE2C
:102030006B791BB1A38943F00103A38120460CF007
:10204000A8FFC4F8C84009B0F0BD0120D8E700BF20
:10205000111D030037B501900846EFF311844021AC
:1020600081F31288BFF36F8FC16811F01E0F16D174
:1020700053EA020508D101A9FFF718FF84F311887C
:10208000BFF36F8F03B030BD41F00801C16001990B
:1020900010308161034900F0E5FC0120EEE70020EB
:1020A000ECE700BF49EC030001460148FFF7D2BF4F
:1020B00028580020F7B50C4616461D460190EFF350
:1020C0001187402383F31288BFF36F8F08460CF00B
:1020D00072FD55EA060309D1204601A9FFF7E6FE85
:1020E00087F31188BFF36F8F03B0F0BDE36832460A
:1020F00043F00803E360019B0449A36204F110006C
:102100002B4600F0AFFC0120EAE700BF49EC0300DA
:1021100001460148FFF7CEBF285800202DE9F041C5
:102120000546EFF31187402383F31288BFF36F8FC7
:102130000468A0421BD0D4B1002620460CF053FE08
:1021400004F118000CF0B3FFB0462046C4F88080BC
:102150000CF09AFE2C680136A54210D07CB12046C6
:102160000CF041FE04F118000CF0A1FFEDE787F33D
:102170001188BFF36F8F00263046BDE8F0813946E5
:1021800001480CF0B4FEF7E7FD6F00202DE9F043A5
:10219000984685B000F15803C0E91633109B00261D
:1021A00083810423073222F0070503740F9B01EBA0
:1021B00005090F4683734946C0E906668660C67303
:1021C0000446F2F73DF90E9B073020F00700206728
:1021D000C4E91A7502930D9BA9EB000901930C9BAE
:1021E0004A460093394643462046F2F729FC054B00
:1021F00066659B6803B15B6F4846636705B0BDE8E1
:10220000F08300BFF4650020F0B5002587B0059588
:10221000109DDDE9127604950F9D044603950E9DF1
:1022200002950D9D01950C9D0095FFF7AFFFB6F14E
:10223000FF3F08BFB7F1FF3F05D056EA070305D1BE
:1022400020460CF0A6FE204607B0F0BD3A463346C5
:1022500004F11800014900F005FCF4E7CFEE03009B
:10226000012310B50374838100230446C0E91A33A7
:1022700000F044FD014B9C6010BD00BFF4650020E0
:102280006FF00A01094A9368C3F880100849D867BB
:102290004B6843F080534B60002383F31188BFF3F6
:1022A0006F8F9368D3F88000704700BFF4650020FB
:1022B00000ED00E070B590F91020037C002A2FDBC0
:1022C000D9062DD11A4C63F07F032246037452F8CD
:1022D0001C3F216A934207D1C0E9002108602062B7
:1022E0000FE09942F8D01B68002BF5D093F90E60EF
:1022F00090F90E50AE42F4DD5968C0E90031086033
:102300005860E569954200D005B9E568A3681A7C74
:10231000D20606D1DA897F2A03D9AA690AB9A3614C
:1023200070BDAB4202D0284600F01EFBA561F7E766
:10233000F465002038B590F910200146002A037C8E
:1023400004DA03F07F0303740CF066FD0D4D2A469A
:1023500052F81C4FAB68944200D004B9EC688B4231
:1023600007D01A7CD20604D1DA897F2A01D9A26962
:102370002AB1A34202D0204600F0F6FA2346AB6110
:1023800038BD00BFF4650020B3F1FF3F08BFB2F1D4
:10239000FF3F03D00249183000F064BB704700BF14
:1023A000CFEE0300034648B9EFF3058232B9064A7F
:1023B00091699268914201D0FFF762BF83F311885F
:1023C000BFF36F8F704700BFF465002038B5184C1D
:1023D000A168206A0B68814214BF1A46002249682E
:1023E0000B605960A368216A2AB9124AC3E9002127
:1023F0000B6023620AE092F90E5093F90E008542B9
:1024000012DD5168C3E900210B605360E569094B97
:102410009D4200D005B9E568A3689D4202D02846D8
:1024200000F0A2FAA56138BD8A42DED01268DBE76F
:10243000F465002010660020F8B5DDE906670D4B55
:102440000C46986811460C4A1060EFF31182402246
:1024500082F31288BFF36F8F9D6828460CF0EEFC64
:10246000284632463B46FFF78FFF2046BDE8F8403E
:10247000FFF706BFF465002020660020F8B504468B
:10248000EFF31187402383F31288BFF36F8F037C30
:1024900049B203F01F02002A0CBF0126002635D1E5
:1024A00003F07F032A4D03740CF0B6FC2A46037C2C
:1024B000817363F07F03037452F81C3F286A9342D0
:1024C00007D1C4E9002004602C620DE09842F8D0E6
:1024D0001B68002BF5D093F90EC08C45F6DD5968CA
:1024E000C4E900310C605C60EC69944200D004B92E
:1024F000EC68AB689C4202D0204600F035FAAC6133
:1025000087F31188BFF36F8F3046F8BD9B071CD54A
:1025100085680CF081FC81732B689D4209D16B6842
:10252000C4E900531C606C60EAE76A689A42F6D01E
:102530001B68002BF3D093F90E208A42F5DD5A6810
:10254000C4E9003214605C60DAE78173D8E700BF49
:10255000F4650020034648B9EFF3058232B9064A14
:1025600091699268914201D0FFF78ABE83F3118886
:10257000BFF36F8F704700BFF4650020EFF3118148
:10258000402383F31288BFF36F8F054B9A68D37B88
:10259000013BD37381F31188BFF36F8F704700BF86
:1025A000F465002070B5EFF31186402383F31288A1
:1025B000BFF36F8F0F4DAB68DA7B0132DA732A46B7
:1025C00052F81C4F944200D004B9EC681A7CD20631
:1025D00004D1DA897F2A01D9A2692AB19C4202D0AA
:1025E000204600F0C1F92346AB613046BDE870409B
:1025F000FFF7D8BEF4650020024B03F11C02C3E9CB
:1026000007227047F465002008B5FFF737FF70B167
:10261000074B9B68DB7B53B9EFF31180402383F3B7
:102620001288BFF36F8FBDE80840FFF793BF08BD66
:10263000F465002070B5EFF31186402383F3128810
:10264000BFF36F8F1A4CA168206A0B68814214BFD8
:102650001A46002249680B605960A368216A2AB9AA
:10266000144AC3E900210B6023620AE092F90E507C
:1026700093F90E00854216DD5168C3E900210B6015
:102680005360E5690B4B9D4200D005B9E568A3682E
:102690009D4202D0284600F067F9A5613046BDE8AA
:1026A0007040FFF7EDBD8A42DAD01268D7E700BF6D
:1026B000F465002010660020F8B550EA01030646D4
:1026C0000C4603D1FFF7B6FF0020F8BDEFF31187EA
:1026D000402383F31288BFF36F8F124D124BA8680B
:1026E0001860FFF727FEA868234632460F491830C6
:1026F00000F0B8F9AA680446137C384643F0040396
:102700001374FFF7BDFDAB68D3E90A23B3F1004FA3
:1027100008BF002AD8D10CF0FFFC201A20EAE07094
:10272000D3E700BFF465002020660020CFEE030051
:10273000014B9868704700BFF46500202DE9F8430D
:1027400004468789EFF31186402383F31288BFF391
:102750006F8F037C190705D586F31188BFF36F8F40
:10276000BDE8F883D90943F008026FD10274A36869
:1027700013B120460CF058FB04F118000CF097FC44
:10278000A56D04F15808A84511D04FF0000975B1A6
:1027900028460CF049FB05F118000CF088FC28468F
:1027A000C5F88090FFF786FDA56DA845EFD1DFF84D
:1027B000C480D8F808309C4250D1EFF30589B9F1B4
:1027C000000918BF4FF00109D8F81C50274A95425C
:1027D00000D00DB9D8F80C50AB4202D0284600F01A
:1027E000C3F82046C8F8185006F0E8F9B9F1000F10
:1027F00002D01F48FFF734FDD8F808309C4230D192
:10280000EFF305836BBBA289D20711D586F311883C
:10281000BFF36F8F83F31188BFF36F8F04231846C4
:1028200002DFEFF31186402383F31288BFF36F8F2B
:102830003046FFF725FDFB0792D5002383F311886F
:10284000BFF36F8F0423184602DF89E703F07F038D
:1028500043F0080303740CF0DFFA88E74FF0000937
:10286000B2E786F31188BFF36F8FE4E710660020AC
:1028700010590020F4650020F8B5014615461C46A5
:10288000EFF31186402383F31288BFF36F8F037C2D
:102890001B0718D452EA04031BD0114FB8688842B2
:1028A0001AD08A6800F158039A4215D058310CF0BA
:1028B000C5FAB8682A462346FFF766FD3046BDE8EC
:1028C000F840FFF7DDBC002086F31188BFF36F8F5F
:1028D000F8BD6FF00F00F7E76FF02C00F4E700BFD2
:1028E000F4650020D3B5DDE90667089CCDE90067F3
:1028F000FFF7A2FD1CB1034B9B685B69236002B02C
:10290000D0BD00BFF4650020027C034612F01F0218
:1029100010D10A4988420DD00949086868B1D9899F
:102920007F2909D893F90E20064B1B689A42B8BF3D
:1029300000207047002070471046704798560020CE
:10294000AC080020246600200122044BC01A044B6E
:10295000C0105843034B1A54704700BFD859002089
:10296000ABAAAAAAFD6F002070B50C4B0C4D1E7CC3
:10297000FFF7CAFF182303FB0655044628460CF050
:1029800096FB0022074B9A553CB1621E2846BDE8D3
:1029900070400549D31700F065B870BDF46500209C
:1029A000D8590020FD6F00204929030038B5EFF306
:1029B0001185402383F31288BFF36F8F0F4B104AAA
:1029C0009C681068A04206D1FFF7CEFF85F31188FE
:1029D000BFF36F8F38BD00211B7C1160094AD35CA7
:1029E000002BF3D02046FFF78FFF0028EED0237C8A
:1029F000DB0601D1FFF7EAFC2046E5E7F46500209D
:102A000020660020FD6F0020024B1868984208BF26
:102A100000207047B0080020034B1B680BB9FAF781
:102A2000A5BD0020704700BF2866002030B570B1FA
:102A30000B4B5B6898420AD0036843B1D3E9042189
:102A4000D0E90445121941EB0501C3E90421D0E99D
:102A5000003213605A600023C0E9003330BD00BF6C
:102A6000B0080020B3F1FF3F08BFB2F1FF3F2DE9EE
:102A7000F84F0446994615461F467AD08160EFF319
:102A80001188402383F31288BFF36F8FB9F1000FD1
:102A9000DFF8E8A020DBFFF7BFFFDAE90027013508
:102AA00049F100092D1849EBE07306464FF0010982
:102AB000C4E90453AD1843EB0707FFF7A5FF03462E
:102AC000DFF8BCE0DEF804A0EBB9C4E900EACAF81C
:102AD0000040CEF8044028E06FF00103DAE900126C
:102AE0005B1A4FF0FF3161EB02025B1B62EB0902E4
:102AF000012B72F10001BCBF012300224FF000093D
:102B0000C0E90432D9E7D3E9041CD4E904208A429D
:102B100070EB0C0B24DA891A5A686CEB0000C3E9DD
:102B20000410C4E9003214605C60FFF76DFF84425A
:102B30000ED1114B1B685BB9B9F1000F02D1FFF741
:102B40006BFF064630460CF09BFA0021FAF73EFD7B
:102B500088F31188BFF36F8F28463946BDE8F88F98
:102B6000521A60EB0C005345C4E90420ADD01B6839
:102B7000AAE700252F46EFE728660020F05900203D
:102B8000B00800202DE9F047284F024638600D4676
:102B9000FFF73AFF4FF000084FF00009244E4FEACC
:102BA000E27ED6E9001350B1D0E9044CA2427EEB9C
:102BB0000C0A19DAA41A6CEB0E0CC0E9044C0024C0
:102BC000521843EB0E032046C6E900233C600CF08C
:102BD00057FA2146FAF7FAFC85F31188BFF36F8F95
:102BE000BDE8F047FFF7E2BE611843EBE473C0E9CC
:102BF0000489C6E90013FFF719FF01224FF00043D3
:102C0000C0E9042385F31188BFF36F8F8368984769
:102C1000EFF31185402383F31288BFF36F8F3A6877
:102C2000121B3A60FFF7F0FEB9E700BF28660020EC
:102C3000F059002010B5EFF31184402383F312887C
:102C4000BFF36F8FFFF7E8FE0346054AD2E90001A4
:102C5000181841EBE37184F31188BFF36F8F10BD37
:102C6000F059002073B50446EFF31186402383F337
:102C70001288BFF36F8F8368594003EA02050A4048
:102C800053400022009309496B4601920CF0C4F9AD
:102C9000DDE9003223EA020304F10C003146A360AF
:102CA0000CF025F9284602B070BD00BF37F20300D2
:102CB0002DE9F04105460E4617460CF0A1F828B95B
:102CC000074B9B685C6F14B9BDE8F081054C3B462F
:102CD000324629462046BDE8F0410CF0DFBA00BF7D
:102CE000F4650020FC09002002460021014B024847
:102CF0000CF0D4BAE5770300FC090020014B4367D0
:102D0000704700BFFC0900200146024A0020FFF77F
:102D1000CFBF00BFE577030001680E4A034691422A
:102D200015D1C169A2F11022A2F1EF1291420ED188
:102D30008268012A0BD8C26812B101698A4206D0A2
:102D4000586928B19B691B1A5842584170470120A5
:102D5000704700BF55AA00FF70B50E4B9E68B6B114
:102D60003046FFF7D9FF044618B9F3687BB93569D7
:102D70000DB9204670BD2846FFF7CEFF28B9EB6895
:102D8000B34204D12E462D69F2E70446F1E701244F
:102D9000EFE700BF2C6600202DE9F041404D0646CC
:102DA000686988460CF09CFA18B100242046BDE8FA
:102DB000F0812C68DCB1AC68CCB1002E6AD0B8F1DF
:102DC000000F69D008FB06F7B7FBF6F6B04565D1F2
:102DD000391D63D8BA0710D027F003020432EC681B
:102DE00003E0616891420AD2A469002CF9D16869B4
:102DF0000CF07CFA0028D9D0D7E73A46EFE7D4F8B0
:102E000008C0BCF1000F02D001200DF068FE891A45
:102E1000232904F120061CD80123A360D4E905234B
:102E2000AAB19361A3690BB162695A610023C4E935
:102E300005332B69DB0703D5FFF78EFF0028E3D1AD
:102E40003A460021304634460DF041FECFE7EB60B4
:102E5000E8E702F1200023182039C3E9011CDC60F7
:102E60002169DFF844C0196144F800C00D48D861F9
:102E700001B1CB6061695961A069986141B18B6111
:102E8000996901B14B6101212361C4E90121CDE7B9
:102E9000EB60F5E73446AAE74446A8E70446A6E710
:102EA0002C660020669911EE55AA00FF70B5424EBF
:102EB000054670690CF014FA00287BD1002D5FD014
:102EC0003368002B5CD0B268002A59D09D4203D3EE
:102ED000726813449D4202D301200DF000FEA5F15B
:102EE00020042046FFF718FF0028F5D155F8183CBC
:102EF000012BF1D155F8143C45F8180CC3B19A6870
:102F0000002A42D155F81C2C02F120015A680A44CB
:102F10005A6055E905321A6155F8145C2B6903B102
:102F2000DD602046202200210DF0D1FD23462C46F5
:102F30002069002836D08268002A33D1636842684D
:102F400020331344636003692361D4E90523F2B994
:102F500023BB436963618269A2610BB39C61A3696E
:102F600003B15C61236903B1DC60202200210DF014
:102F7000AEFD33699B0703D5FFF7EEFE0028ABD10A
:102F80007069BDE870400CF0B1B90023D0E79361DF
:102F9000A369002BDDD062695A61DAE7F360F7E7D5
:102FA000F460DCE7002BE4D1F368A36103B15C615A
:102FB000F460DEE770BD00BF2C66002070B50C46E3
:102FC000164E14220021054630460DF080FD1448AF
:102FD00070610CF083F91349134800F035F8232C85
:102FE0001BD915F003031FBF043CE418C3F104030D
:102FF000ED182246002128460DF069FDC6E900546F
:10300000203CB5606C60B368084A1A60B368A2F1EE
:103010001022A2F1EF12DA61F36070BD2C6600207D
:10302000B8080020AD2E0300992D030055AA00FF1B
:10303000014B1B68184700BF1C090020014B1B688F
:10304000184700BF18090020024B1860024B0020EF
:10305000196070471C0900201809002010B50A46A5
:10306000044619B1024B00211B68984710BD00BFF0
:10307000EC3C04000E4B0340B3F1607F06D1B1F588
:10308000885F0CBF00206FF086007047B3F1707F3F
:103090000BD101F4E043B3F5005F06D111F4E06F0A
:1030A00014BF00206FF0860070476FF086007047F5
:1030B0000000C07F8A42F8B506460D4600F00A813E
:1030C00001F0FE41B1F1C06F61D1884C22F4FF7173
:1030D00021F00101A14222F0FF0014D004F5885430
:1030E000A04210D022F47F7626F00306A4F5706487
:1030F000A64208D004F5A064A04204D004F574549C
:10310000A14240F0EB80D1B2784E19B922F480612F
:10311000B14224D125F4FF7424F00104B44225F017
:10312000FF0112D0724EB1420FD025F47F7727F005
:103130000307A6F57066B74207D006F5A066B14250
:1031400003D006F57456B44209D115F0FF0406D039
:10315000684E44F00074B44204BF02460D468BB181
:1031600022F4FF7323F00103B3F1062F06D0624B64
:1031700022F4FF6121F00701994203D122F4807209
:1031800025F48075954214BF00200120F8BDB1F1EF
:10319000A06F16D102F0FE43B3F1A06F40F088801B
:1031A00082EA050333F47E1340F0828028047FD541
:1031B000C5F30540C2F3054290428CBF00200120B8
:1031C000E4E74E4B9D4209D1A3F500439A4200F03B
:1031D00081804B4B22F47E109842D4E7B1F1407FBE
:1031E00060D102F0FE43B3F1407F5BD182EA05007B
:1031F00030F47E1456D131462846FFF73BFF0028B5
:103200006AD1404912F47C1701EA020113D0B1F1EE
:10321000607FC2F3054333D1D1B241F0007101F1B7
:103220007E410339122901D83748445C15F47C1FCC
:103230002DD19C42A7E7B1F1607F0AD1D3B243F010
:10324000007303F17E43033B122B4BD82F49CB5C19
:10325000E2E7B1F1707F17D106F4E043B3F5005F08
:1032600042D10123C6F302218B4006F4E041B1F5BF
:10327000005FDBD10120C6F3022600FA06F4D5E791
:10328000B1F1707FD2D1F0E700242346CEE71FB919
:10329000C5F30541A1421DD0290403D5C5F305405E
:1032A00098428AE71A4B9D4202D1B2F1082F6AE791
:1032B00025F0004323F47F03B3F1106F0CD102F02B
:1032C000FE43B3F1106F07D11248104040F0106078
:1032D000A84258E7012059E7002057E7002B7FF468
:1032E00046AF4FE7002397E70023BEE70002000642
:1032F00000130006FF000002004000060093C00417
:10330000000140050000C07F116304001163040048
:103310000002C0030000FFF670B505460F480E46D8
:103320000BF0DEFF044618B16FF08F04204670BD2D
:103330006B6933602B7F012B0ABF022330602B7730
:10334000064818BF6FF096040BF0D0FF0028EDD0B0
:10335000002CE9D06FF09604E8E700BF00090020D8
:1033600038B50C4C0C480BF0BBFF65780A480BF0E5
:10337000BDFF0A480BF0B4FF022D08D12478E31FEB
:103380005C425C4105480BF0B1FF204638BD00248B
:10339000F8E700BF44660020D0080020E8080020BD
:1033A0002DE9F047894615461C4600F0BFFC06464D
:1033B000002851D1D9F80070B7F800A00AF4E04312
:1033C000B3F5804FBB6808BF25F0010535EA03035C
:1033D0003AD1002C40D0B5F5006F40D0A5F5005291
:1033E00055425541284A24F4FF7323F001039342C8
:1033F00013D0264924F0FF028A420ED024F47F70B5
:1034000020F00300A1F57061884206D001F5A061AB
:103410008A4202D01E4A934223D114F0FF0304D003
:103420001C4A43F00073934222D02B46224650465A
:10343000F968FFF73FFE804670B92B46224650469A
:103440003969FFF737FEE0B96FF08406002338468C
:10345000C9F8003000F034FD3046BDE8F0870125A2
:10346000C0E704F0FE43B3F1407F04D12304DCD570
:103470006FF08606EAE7B3F1A06FF7D0054B9C42E8
:10348000D2E74646E8E700BF000200060013000648
:1034900000460006FF00000238B500F0FE43B3F11D
:1034A000407F04460D4602D06FF0860038BDFFF71E
:1034B000E1FD0028F8D114F47C1F18D0C4F30543B3
:1034C000032B137022D9224A2240B2F1607F31D1FE
:1034D000E4B244F0007404F17E44033C122CE3D8BF
:1034E0001C4A125D9342DFD8202BDFD90EE0184B27
:1034F0002340B3F1607F0FD1E3B243F0007303F1D7
:103500007E43033B122B04D9002313706FF0850018
:10351000CCE71149CB5CD3E7B3F1707FF4D101F470
:10352000E043B3F5005FEFD10123C1F302218B40EB
:10353000DBB2C5E7B2F1707FB6D105F4E042B2F577
:10354000005FB1D10122C5F30225AA40CAE700BF3E
:103550000000C07F11630400116304002DE9F341F2
:103560004768D0F81480044638460E460CF096F9A9
:103570000546E8B9FFB22FB9B8F1000F05D06FF0DA
:10358000860515E0B8F1000FF9D0A36823F0031306
:1035900023F47F43002BF2D14FF6F87362889A42EE
:1035A00028D8164827790BF09BFE28B16FF08F05BD
:1035B000284602B0BDE8F08107B901A8314600F005
:1035C0006BFB05460D480BF091FE10B1002DEFD1BD
:1035D000ECE7002DECD10FCCD6F800C066460FC644
:1035E00094E8070086E80700002FE1D1019BCCF8A2
:1035F0001430DDE76FF08505DAE700BF0009002031
:1036000010B5044650B106480BF06AFE20460BF098
:103610009EFFBDE8104002480BF068BE10BD00BF21
:103620000009002013B5044610B301A900F07EFB89
:103630000446E8B91D480BF053FE58B10024019828
:103640000CF017F9002818BF044618480BF04EFE7E
:1036500070B10AE00198037F032B11D10CF009F936
:10366000044612480BF042FE28B10CB96FF08F04EB
:10367000204602B010BD002C08BF6FF08704F7E7AA
:10368000022B0DD1032303774368DAB2FF2A0AD055
:103690001B0AD3D0D0E9091200F0C0FD0446CEE7E2
:1036A0006FF09604CBE76FF08404C8E700090020B0
:1036B0002DE9F04190461E46002288B00388054659
:1036C0000F460592CDF81C803260B8F1000F65D02E
:1036D000B8F1005F80F0A18023F0FF03B3F5E24F63
:1036E00002D0B3F5824F25D128460BF00EFE0446DA
:1036F000002840F08680EB6883B16A8872B12B881D
:1037000003F44F41B1F5824F02D0B1F5884F05D196
:10371000DBB2222B36D02CD8122B38D03A460023DD
:1037200008EB070112F8010B8A4243EA0003F9D1C2
:10373000002B33D0284605A9FFF710FF0446A0B997
:10374000059B9B6A6BB3059B39465A8828460692AF
:1037500006AA029203F1280201929A6A00925B6A19
:10376000424600F01FFC044680B30598FFF748FF6F
:1037700047E0273BDBB21B2BD0D8294921FA03F3C2
:10378000DB07CBD50732B8EBD20FC7D206E040F249
:1037900009239A42F6D1B8F1400FBFD86FF08604E2
:1037A0002FE06B681B0A07D1079905980BF08FFE75
:1037B00004460028C7D0D8E742463946284607AB1A
:1037C00000F094FB04460028EED0CEE70599069B56
:1037D0004A88D2B94B804FF6F873069A9A4219D8A4
:1037E0002B88059813B102889A4210D16B8813B1C7
:1037F00042889A420BD13146FFF78EFD04460028DD
:10380000B3D1204608B0BDE8F0819A42E3D06FF012
:103810008604AAE76FF08504A7E76FF08504F0E758
:103820000102000C38B504460D46FFF799FD30B192
:103830002A462146BDE8384002480CF05BB86FF0DC
:10384000880038BD48660020002273B503880A60EE
:103850000092428804460D46002A00F0FF8002884C
:1038600002F4E042B2F5804F00F0F88023F0FF034D
:10387000B3F5E24F02D0B3F5824F04D120460BF0EE
:1038800044FD0646D0B969462046FFF767FE064666
:1038900060BB009B9B6AA3B10099204601F12803FD
:1038A000D1E9091200F056FB06460098002E40F0C0
:1038B000D2802946FFF730FD0646B8B9304602B03F
:1038C00070BD63681B0A40F0BD802288618802F4E5
:1038D000E043B3F5805F0DD0B3F5005F0AD002F48A
:1038E0004F40B0F5824F1ED06FF085060098FFF76D
:1038F00087FEE3E710460BF0BBFD06460028F5D136
:1039000047F201039A4220D14B080133DB0803EB55
:10391000C3033B330193DDE900010BF0D8FD0646FC
:103920000028B9D0E2E7B3F5E04FDDD147F201035B
:103930009A42E9D022F0FF03B3F5884F15D1CB1D91
:10394000DB0803EB43030133E4E744F201039A424B
:1039500002D1CB081033DDE722F0FF03B3F5E84FC7
:10396000EAD1CB1DDB085B00D4E7B3F5EE4F67D09F
:10397000B3F58E4F02D1CB1DDB08CBE702F44F40ED
:10398000B0F5824F02D0B0F5884F06D1D0B24228B0
:1039900001D1CB08D7E74128EDD0B3F5E24FEAD00B
:1039A000B3F5824F03D1CB1DDB085B00CBE744F2BC
:1039B0000D039A4224D844F201039A42DBD9A2F5BE
:1039C0008042023A0B2AD6D801A353F822F000BF56
:1039D000153A030077390300213A030077390300D1
:1039E00077390300293A0300313A0300773903009D
:1039F00077390300393A030077390300393A030075
:103A000047F202039A421BD047F204039A42B2D112
:103A100040237FE74FF4A0724B095343203379E7EB
:103A20004FF4C0720B0AF8E7CB1DDB08183371E7BF
:103A3000CB1DDB081C336DE7CB1DDB08023392E79F
:103A4000202367E7204601A900F06AFA064600280D
:103A50003FF461AF4AE70BF06FFD47E76FF0860672
:103A60002CE700BF10B51B4C1B480BF039FC23782A
:103A7000590744BF03F0FB0323709A0705D500F0F4
:103A8000F1F8237823F00203237013480BF02EFC87
:103A900012480BF025FC637813B111480BF02DFF91
:103AA000002304210E486370FFF7D8FA0B480BF08F
:103AB0001DFC09480BF014FC2378DB0705D50BF03F
:103AC000F6FE237823F0010323700348BDE810407D
:103AD0000BF00CBC44660020E8080020D008002051
:103AE0004866002070B5FFF73BFC10B1002420466B
:103AF00070BD34480BF0F4FB044620B16FF08F0426
:103B0000FFF7B0FFF3E7304D2B789E0706D400F0A7
:103B1000A1F804462B7843F002032B7029480BF0E0
:103B2000E5FB10B1002CE9D0EAE7002CE8D12548EC
:103B30000BF0D6FB04460028E0D12B78D80706D43A
:103B40000BF0B3FE04462B7843F001032B701D48A5
:103B50000BF0CCFB0028E5D1002CD1D119480BF09B
:103B6000BFFB0028CAD117482E780BF0BFFB0028F6
:103B7000C4D116480BF0B4FB04460028BED16B78C4
:103B80003BB9F10705D512480BF0B1FE02230446FC
:103B90006B700E480BF0AAFB0028C3D1002CAFD1EC
:103BA00008480BF09DFB0028A8D12B7805485A0740
:103BB0005CBF43F004032B700BF098FB002895D0FA
:103BC0009CE700BFE808002044660020D0080020E1
:103BD0004866002038B500F140430F2B0CD82C224A
:103BE0001A4C02FB0344237F022B02D163698342F8
:103BF00024D06FF08B001AE06FF04042441E9442D4
:103C00000ED2124B00221C461D7F022D02D15D698F
:103C1000854210D00132102A03F12C03F4D1E8E7D9
:103C20000B4AA3F580539342EBD96FF0870038BD60
:103C30006FF09600FBE72C2303FB024420460BF0B9
:103C40000BFE0028F4D10C60F1E700BF4C660020A9
:103C5000FFDFFF3F0122024B002083F8C0227047A4
:103C60004C6600202DE9F0410A4C002526464FF015
:103C7000010803272046C4F82080277701350BF080
:103C800066FC102D04F12C04F4D1002386F8C03218
:103C9000BDE8F0814C660020F8B5214D064621486C
:103CA0000F460BF01DFB95F8C0421E480BF01EFBA3
:103CB0007CB300242B462246197FD1B13CB902299E
:103CC00005D1196A19B91979002918BF1C460132A2
:103CD000102A03F12C03EFD114B96FF08C0006E029
:103CE00020460BF0B9FD20460BF031FC10B100244A
:103CF0000DE01C46237F7BB90123237736B10A4BA5
:103D0000651BAD105D4305F18045356000203C60CA
:103D1000F8BD6FF08800EAE76FF09600E7E700BFB4
:103D20004C660020E8080020A38B2EBA0023F0B5D3
:103D3000054691B05E480B600E460BF0D1FA5D4B24
:103D40005B4893F8C0420BF0D1FA002C00F0AC8035
:103D500059480BF0C5FA074620B16FF08F04204692
:103D600011B0F0BD31462846FFF734FF10F18C0F3B
:103D7000044607D050480BF0B9FA0028EFD0002CC9
:103D8000EDD1EAE73846FFF787FF074620B14A48FA
:103D90000BF0ACFA3C46E2E70122336801465D6174
:103DA000336809A85A601C2235680CF090FE002286
:103DB00000236869CDE90623404A00F14043A3F59A
:103DC00080539342CDE9047703971DD806AA03A92F
:103DD0000BF096FD0446B8B9039B6A690A93DBB2FF
:103DE000002B08BF00220346CDE90000DDE90601F3
:103DF0000E9209AA00F064F910F18A0F04460ED061
:103E0000002808BF6FF0960430680BF0A0FB14F197
:103E10008C0F08BF6FF0870400233360AAE704A962
:103E200009A800F07DF804460028EDD12846049941
:103E30000BF04DFB04460028E6D1DDE9060105AB99
:103E40000193AB6A09AA00936B6A00F039F9044642
:103E500018B128460BF070FBD6E72C46059BAB62E9
:103E600009AD0FCD0FC495E8070084E8070032685C
:103E70009368D80414D4990444BF43F40063936056
:103E800033681A7F012A04BF02221A7730680BF0C8
:103E9000E3FC044600283FF46DAF6FF09604BBE7E7
:103EA00043F480639360E6E76FF0880457E700BF50
:103EB000E80800204C66002000090020FFDFFF3FDB
:103EC00010B5044608480BF00BFA40B920460BF039
:103ED000D0FC044604480BF009FA10B10CB96FF09D
:103EE0008F04204610BD00BF0009002010B4194601
:103EF000002443680C60084C1A0AB4EB132F02D05C
:103F0000064B9A4203D15DF8044B00F017BB6FF0EB
:103F100086005DF8044B7047004E80004B4E8000D9
:103F200010B4002443680C60084C1A0AB4EB132F39
:103F300002D0074B9A4203D15DF8044B00F0FEBA61
:103F40006FF086005DF8044B704700BF004E8000A4
:103F50004B4E80002DE9F041456804462D0A0E467F
:103F60001746984606D00E4CA54214D06FF0860036
:103F7000BDE8F08105886D0407D443463A463146D2
:103F80002046BDE8F0410BF052BC00F0B7FD10F147
:103F9000860FEDD1F1E7BDE8F04100F0AFBD00BF05
:103FA0004B4E80002DE9F04FDFF880B0D0F804E0F0
:103FB00085B0BBEB1E2F0446DDE90E890D46164683
:103FC0001F46DDF840A04FEA1E2C1CD0DFF860E051
:103FD000F44518D0BCF1000F22D1CDE9019ACDF8FB
:103FE000008000F029FD10F1860F1BD13B463246C0
:103FF00029462046CDE90F9ACDF8388005B0BDE8B6
:10400000F04F0BF077BA3B46324629462046CDE9C1
:104010000F9ACDF8388005B0BDE8F04F00F00CBD28
:104020006FF0860005B0BDE8F08F00BF004E800045
:104030004B4E800030B44468240A06D0064DAC4292
:1040400006D030BC6FF08600704730BC0BF09CBAD5
:1040500030BC0BF044BE00BF4B4E80002DE9F7434F
:104060000D46DDE90A891646134942681F46B1EB41
:10407000122F04464FEA12230ED0104A934200D06A
:10408000ABB93B46324629462046CDE900890BF0C4
:10409000FAFD10F1860F0CD13B46324629462046E8
:1040A000CDE90A8903B0BDE8F0430BF0ECBD6FF039
:1040B000860003B0BDE8F083004E80004B4E8000C8
:1040C000F0B4DFF830C05468DDE90456BCEB142FBF
:1040D0004FEA142702D0064CA74204D1CDE904567A
:1040E000F0BC00F061BD6FF08B00F0BC704700BF0A
:1040F0004B4E8000004E80002DE9F043DFF84890E1
:10410000DDB2446845F000754D45DDF82C804FEA7E
:104110001424DDE90767DDE909CE0CD014B1094D9F
:10412000AC420CD1CDE90AE8CDE9087C0796BDE8A0
:10413000F0430BF0B8BC6FF08500BDE8F0836FF082
:104140008600FAE74B4E800005000002F7B5089E96
:104150000E4FF5B2044645F000754868BD424FEA7F
:1041600010200DD010B10A4DA8420CD1009604F1D8
:1041700008000BF08DFC08B90523236003B0F0BDE7
:104180006FF08500FAE76FF08600F7E705000002A0
:104190004B4E8000F7B5089E0E4FF5B2044645F031
:1041A00000754868BD424FEA10200DD010B10A4D8D
:1041B000A8420CD1009604F108000BF06BFC08B982
:1041C0000523236003B0F0BD6FF08500FAE76FF0C0
:1041D0008600F7E7050000024B4E80002DE9F04114
:1041E00044681D46DDE9087CDDE90636240ADDF871
:1041F00028E003D0DFF82080444508D1CDE909E567
:10420000CDE9077C0696BDE8F04101F02BB86FF0D0
:104210008600BDE8F08100BF4B4E80004268044B31
:10422000B3EB122F01D10BF091BD6FF085007047F9
:104230004B4E800010B50C4C20680CF0E0FB0B4A94
:104240001368591C11604BB9094A4820D2F8003450
:1042500043F00703C2F80034F0F782FB2068BDE8A2
:1042600010400CF0D2BB00BF2409002010690020D0
:104270000080045038B5164D28680CF0C0FB154B73
:104280001C68013C1C60ECB94820F0F777FB072262
:10429000114BC3F80823D3F8002422F00702C3F817
:1042A0000024C3F80041D3F80021C3F80441D3F837
:1042B00004214FF48072C3F80841D3F80831074B4A
:1042C000C3F888212868BDE838400CF09EBB00BFC9
:1042D00024090020106900200080045000E100E063
:1042E00070B5154D154E2B68B34222D0FFF7A2FFD3
:1042F00001F03CFA124A134B134952F8040B43F8ED
:10430000040B8B42F9D101F081FA38B10BF0FAFAC3
:104310000446FFF7AFFF3CB92E6005E000F040FE19
:10432000044618B1FFF7A6FF204670BD0BF0ADFDA7
:10433000EEE70024F8E700BF2009002011736500B4
:10434000F03C040000C080511CD38051F8B50546F4
:104350000E4618461C2117461C460CF09FFB6B6846
:1043600021491A0AB1EB132F1BD1204A337822615D
:104370001F4A13F00303E26066610CD0023303F0BE
:104380000303012B26D86B880733DB086360194BC6
:1043900023600020F8BD6B880733DB086360164B91
:1043A000F6E7164B9A4212D16A69154B1344022B59
:1043B00013D90023224642F8183FC4E9033362614F
:1043C0006A69104B9A4201D12023E7E747B1C4E95B
:1043D0000067DEE76FF08400DCE76FF08500D9E767
:1043E0006FF09600D6E700BF4B4E8000194C0300DB
:1043F00053FE03000000002040008151004E800069
:10440000FF3F008004C0FF7F0022074BC3F810214C
:10441000C3F80C21C3F80021C3F80421C3F8082114
:10442000C3F81421704700BF0050045008B5FFF7CF
:10443000EBFF01230360104B0A6832B9D3F80C215B
:104440001AB9D3F80821002AF6D00B687BB90B4BB8
:1044500099420ED0A3F58473D3F80831002B14BF12
:104460006FF002004FF0FF30FFF7CEFF08BD0020D5
:10447000FAE74FF0FF30F7E70050045008510450BE
:1044800038B505460C4691B10021012009F066FDC2
:1044900008480949C0F80055C0F80445FFF7C6FFB1
:1044A00000210446084609F059FD204638BD6FF04A
:1044B0000104FAE70050045000510450034B044932
:1044C000C3F800050348FFF7B1BF00BF0050045018
:1044D000045104500450045010B50446002101203A
:1044E00009F03CFD064B0749C3F800450648FFF7B5
:1044F0009DFF00210446084609F030FD204610BD0E
:1045000000500450085104500850045038B50C466F
:1045100059B1074D0749C5F800050748FFF786FF61
:1045200010B9D5F80835236038BD6FF00100FBE7FE
:1045300000500450105104500C50045070B51C4EE3
:1045400044680288B6EB142F43884FEA142514D12F
:104550004069184B98420CD003F5FF437D33034468
:10456000012B22D8B2F5105F1FD1022300200B606F
:1045700070BD47F212139A42F6E70F48854214D1F4
:1045800002F44F40B0F5824F09D144F212100733C4
:1045900082424FEAD303E9D15B000133E6E7B2F58B
:1045A000885FE2D10733DB08E0E76FF08600DFE7E2
:1045B000004E800001C0FF7F4B4E800000212DE99E
:1045C000F043064695B0084601F054F80DF1270572
:1045D000044625F01F0520B115B0BDE8F0430BF0EF
:1045E00091B94FF01009DFF88480012210211E4894
:1045F0000BF0F4F91C4A2B19009320211023CDF85D
:104600000490A2F1200000F08BFE074650B100207C
:1046100001F01EF838460BF075F90746384615B01C
:10462000BDE8F083D8E90C321034013342F10002C6
:10463000302CC8E90C32D8D101F00AF826B1224654
:10464000314628460BF0BDF92E46084C0FCE0FC45C
:1046500096E80F00203584E80F0095E80F0010342D
:1046600084E80F00DAE700BF185A0020F85900204C
:10467000F0B5194D194FAB6B8DB0BB4229D0184E18
:1046800030680CF0BCF940230022194628460CF093
:10469000FAF9302168460BF0D1F9044678B968463A
:1046A000FFF78CFF044690B930230246194668464E
:1046B0000CF0E9F901220023C5E90C23AF6330684F
:1046C0000CF0A3F920460BF01DF90DB0F0BD0E243F
:1046D000F5E70020F9E700BFF8590020B4A5B4A51C
:1046E000280900202DE9F04F99B00DF1570902F18A
:1046F0000F0A04468846154629F01F094FEA1A1A80
:1047000032B1002900F08580B2F5803F00F281804F
:10471000414F424E38680CF072F9D6E90C3213431F
:1047200008D12046FFF7A4FF044618B138680CF002
:104730006CF95AE0D6E90C231AEB020243F10003AC
:10474000B3F5803F14D3302102A80BF077F9F8B904
:1047500002A8FFF733FF04460028E7D130230246C2
:10476000194602A80CF08FF900220023C6E90C2399
:104770000021084600F07EFF044660B910249DB970
:10478000284600F065FF2846FFF718FF0446CDE7EE
:104790006FF09204CAE738680CF037F9204619B078
:1047A000BDE8F04F0BF0AEB8102D4FF001024FF006
:1047B00010011B48AB4628BF4FF0100B0BF00EF951
:1047C000174A10232021CDE90094A2F1200000F027
:1047D000A7FD824668B1002000F03AFF38680CF06F
:1047E00014F950460BF08EF80446204619B0BDE887
:1047F000F08F5A46404649460CF05CF9D6E90C3237
:10480000013342F10002C6E90C32A5EB0B05D84496
:10481000B5E76FF08604E8E728090020F859002082
:10482000185A0020F0B40568049C65BB14F47C168B
:1048300004600AD0C4F30546164D24F47E14AC423D
:10484000466024D1F0BC00F077B8134D2540B5F197
:10485000607F0AD1E5B245F0007505F17E45033D64
:10486000122DE9D80D4E765DE6E7B5F1707FE3D104
:104870000D8805F4E047B7F5005F02BF0126C5F3D8
:104880000225AE40D8E76FF08800F0BC70476FF0AB
:104890008500FAE70002C0030000C07F2463040023
:1048A00010B404684CB16AB1094B24F47E149C42E4
:1048B0000AD15DF8044B0BF02EB96FF088005DF85B
:1048C000044B70471046FAE76FF08500F7E700BF2A
:1048D0000002C003F8B51E46036805460F4603B341
:1048E00011B34168914222D8124A23F47E139342B5
:1048F00011D10BF090F9044678B905F10C01384656
:104900006A680CF0D7F86B684FF4C27128463360C0
:104910000CF0C4F803E06FF09604002333602046E7
:10492000F8BD6FF08804FAE76FF08604F7E76FF0E0
:104930008904F4E70002C0032DE9F0410E461C464D
:1049400033880546B3F5105F11463DD10F2C0BD8C7
:1049500073681F481A0AB0EB132F07D01D4B9A42F9
:1049600004D06FF086042CE0202CFAD805F5B2773D
:104970002246384605F5A4780CF09CF822464346BA
:1049800039463046FFF7E2FC0446D0B905F164062B
:104990000121304600F06EFE18B1BDE8F0410AF08A
:1049A000B1BF414605F1500000F008FD0446304615
:1049B00000F04EFE0CB12046EFE7102385F84C4086
:1049C000AB602046BDE8F0816FF08504F9E700BFD9
:1049D0004B4E8000004E8000602A2DE9F0410546D4
:1049E0000F4616461FD8DFF84C80D8F800000CF0B0
:1049F00006F828460BF02DFA044620B93246384610
:104A00000B490CF057F8284600F006F90546D8F88F
:104A100000000BF0FAFF002D14BF28462046BDE829
:104A2000F0410AF06FBF6FF08900BDE8F08100BF70
:104A3000000000202C0900204FF0000C2DE9F04F61
:104A40008DB0DDF860900588DDE9166AC9F800C010
:104A500004460F4690460393CAF800C0002E44D087
:104A6000D0F804C0DFF890B04FEA1C2EBBEB1C2F2F
:104A700026D104A94569FFF761FD0146C8B9049B29
:104A80009E421AD35FFA85FB594643463A46204672
:104A900000F020F9014660B95846CDE9006A039B51
:104AA00005AA00F0DDFA014618B9BDF81630C9F8BC
:104AB000003008460DB0BDE8F08F6FF08901F8E7CF
:104AC000BEF1000F14D125F0FF04B4F5E24F04D17C
:104AD0000DB0BDE8F04F0BF0CCBCB4F5824F07D160
:104AE0000DB0BDE8F04F0BF0EBBC6FF08601E0E7D6
:104AF0006FF08501DDE700BF4B4E80002DE9F043EC
:104B0000DFF8A090D0F804C00546B9EB1C2F0F4683
:104B100016469846048893B04FEA1C2E2DD1428841
:104B20000732B2F5C47F4FEAD20937D224F0FF0230
:104B3000B2F5E24F11D14A4606A90BF02EFC48B956
:104B400005ABCDE901834A463B462846009606A9B7
:104B5000FFF772FF13B0BDE8F083B4F5105F06D025
:104B6000B4F5885F03D042F204039C4216D14A4652
:104B700006A90020FFF7B6FDE1E7BEF1000F0DD159
:104B80004AB124F0FF04B4F5E24F07D113B0BDE8F9
:104B9000F0430BF002BC6FF08600DBE76FF085009E
:104BA000D8E700BF4B4E800030B4074C041961F1C8
:104BB0000005032C75F1000502D330BC00F050BA9B
:104BC0006FF0850030BC7047FF3F00806029F8B56A
:104BD00005460E4618D80E4F38680BF010FF2846D1
:104BE0000BF037F90AF08EFE044640B90949324607
:104BF00028460BF05FFF602106480BF04FFF386836
:104C00000BF003FF2046F8BD6FF08904FAE700BF00
:104C10002C0900200000002008B503789B0705D070
:104C2000054860210BF03AFF002008BD0BF02DF97C
:104C30000028F5D00220F8E700000020F7B524494D
:104C400043680446B1EB132FDAB23DD1032A03D1F6
:104C50006FF0840003B0F0BD466901A9F5B22846A3
:104C60000BF0A1F80028F5D121466A4601980BF017
:104C70006FF8044610BB009FA74218D89DF8043077
:104C800007F0070223F01F0343EA820301A88DF80F
:104C900004308DF80560FFF7BFFF394628460BF05A
:104CA0009DF870B903B0BDE8F0400BF0AFB86019E3
:104CB000FFF704FC0028CBD10134DCE76FF098004B
:104CC000C8E76FF09200C5E76FF08B00C2E700BF46
:104CD0004B4E80002DE9F04F89B005460E46174631
:104CE0001C460BF093F8002840F030816B6900906F
:104CF000C3F3013262F305108DF8000010F03000AC
:104D000008D1A968890710D06FF08608404609B01D
:104D1000BDE8F08F102808D1BDF8023023F4F873F5
:104D200043F4A873ADF8023089E0E96801F0FE4C65
:104D3000BCF1A06F0BD0DFF858C261450AD0DFF894
:104D400054C2614515D0DFF850C261450ED0DBB2C8
:104D5000F82B07E01421009B61F3933300932B8819
:104D6000B3F5105F1BD06FF08508CFE72421009BBF
:104D7000F2E7AB685B04F6D52B8803F44F41B1F53D
:104D8000824F02D0B1F5884FEDD1DBB2122B01D0AA
:104D9000412BE8D13821009B61F39333009300232A
:104DA0004FF0010B984619469C46D5F808E0DFF80D
:104DB000EC9159F804AB1EEA0A0F08D00BFA0CF379
:104DC00043EA080303F07F08012341EA0A010CF1DA
:104DD000010CBCF1070FECD12BB19DF8033068F347
:104DE00047038DF803303EEA0101BCD16B88FF2BED
:104DF00039D005D8802B38D0C02BB4D1022306E09F
:104E0000B3F5807F33D0B3F5C07FACD106239DF8D6
:104E1000021063F306118DF8021018B91EF0030F8B
:104E20007FF472AF2B79022B2ED022D8012B7FF486
:104E30006BAFBDF8021063F3C811ADF80210012A80
:104E40003AD0032A25D0002A7FF45EAF2B88B3F531
:104E5000105F88D1182C04D0202C02D0102C7FF4A5
:104E600053AF484D2CE00323D1E70123CFE70423C0
:104E7000CDE7032B02D0FF2B7FF446AF0221BDF814
:104E8000023061F3C8134DE7BDF8023043F4C0733C
:104E900048E7202C05D006D8102C02D0182C7FF41F
:104EA00033AF394D0CE024F02003412B01D0302CDE
:104EB000F5E70137013CF4E7302C7FF425AF334DA3
:104EC0004FF000080F344FEA141906EB08000AF0FF
:104ED000ABFD002852D008F10108C145F5D11F2CC7
:104EE0002ED11C22002101A80BF0F1FD4FF0000B88
:104EF0004FF0FF3A05EB0B124FEA0B130692BBF192
:104F0000000F26D1009A0792BDF802203B44C2F35D
:104F1000C11205920DF1040C03F1100E62461868DF
:104F20005968083303C273459446F7D101A906EBCB
:104F30000B00FFF7A5FA804670B10AF067FF05E0A5
:104F4000494630460AF04AFF0028CAD06FF092085E
:104F5000DCE6CDF81CA0D7E71C2101A80BF1010B62
:104F60000BF09CFDD945C5D11F2C3FF4CFAEBA2024
:104F7000FFF7B2FA00283FF4C9AEE7E76FF08A08FE
:104F8000C4E600BF4000815100000020108404509E
:104F900000444004000002090002C0030C50040059
:104FA00010B590B01C22002101A80BF090FDF82054
:104FB0000AF03AFD00B3202200200DEB0201FFF7BA
:104FC00091FB0446F0B94FF48071104A104B01A8D0
:104FD000CDE901230F4BCDE903130F4BF8210693C5
:104FE00020230DEB0302FFF775FE202104460DEB95
:104FF00001000BF053FD05E0F9200AF015FD002833
:10500000D9D10446204610B010BD00BF00240001D5
:10501000014B4E800010C004F800FF7F73B5C5B28D
:105020000E46284601A914460AF0BDFE88B9BDF80F
:105030000630C3F3C113013BDBB2022B8FBF6FF00D
:105040008600054AD25C054B9EBF13433360C4E91A
:10505000005002B070BD00BF37630400004B4E80AB
:105060002DE9FF41884601A9064614461D460A9FC0
:105070000AF099FE48B9B6F1F80348F1FF38022B5F
:1050800078F1000804D26FF0860004B0BDE8F0812A
:105090000AF0BCFE002861D1002CF4D09DF8041069
:1050A00011F00F0240F0C380BDF80630C3F3C11306
:1050B000013BDBB2022B00F2BD80634801F03008F7
:1050C000C05C624BB8F1100F43EA000363602AD161
:1050D0005F4B2360204602A9FFF730FA0028D4D1A5
:1050E000029BBB4200F2AC8044F21212218801986C
:1050F000914204BF042205F8012B0B9A214613604C
:105100009DF804302A78C3F3011363F301022A7077
:1051100003AA08BF07F1FF370AF01AFE002870D073
:105120006FF09800B1E713469DF807C0DFF830E153
:105130004FEA5C00A8B9D00454BF134642F4806320
:10514000990448BF43F40063A360019BC3F3853314
:10515000242B35D0382B0ED0142B35D06FF0920085
:1051600093E7C10704D5062B67D85EF823100A43DE
:1051700040080133DEE747F2121347F2411C9DF865
:10518000060000F07000302808BF63463148E06038
:105190009DF806002380C0F3021001380528BFD80F
:1051A0000FF2040C5CF820F0FF510300D151030012
:1051B000EF510300F351030021510300F9510300A3
:1051C0004FF410532448E2E74FF410532348DEE72E
:1051D000C0206080B8F1000F7FF47CAFB3F5105FA2
:1051E00002D193073FF476AF6FF096004DE7FF20B2
:1051F000EFE74FF48070ECE74FF4C070E9E78020F0
:10520000E7E72B78039A6E7062F384032B70238890
:1052100003F44F42B2F5824F04D139462846FFF7D6
:10522000D5FC32E7B3F5885F7FF42FAFF5E76FF079
:1052300088002AE76FF0910027E76FF0830024E7EA
:105240006FF0890021E700BF37630400004B4E80F8
:1052500001108001000002090002C0030044400464
:105260000C5004002DE9F0470688174606F44F421B
:1052700086B0B2F5824F9946DDE911A3884602D087
:10528000B2F5884F1DD1F6B20024224D41881D4051
:1052900023F0004323F47F03B3F1106FCAF80040FA
:1052A0001D4B45F010650ED19D420ED1038823F0B1
:1052B000FF03B3F5E24F0ED06FF0860006B0BDE8F5
:1052C000F0870026E0E79D4202D0144B9D42F3D1C7
:1052D0006FF08500F2E7304605AA00F06DFBB8B923
:1052E000059B5B68BB42E7D1304600F0A5FB002878
:1052F000EED0109B3A4602930F9B414601930E9BC2
:1053000005980093CDF80CA04B4600F0C1FCD5E702
:105310002046D3E70000FFF6000002090000010963
:1053200037B54FF480740194214C41F00051A161D4
:1053300040F6110143F00053A3622123E16104F11F
:105340002001616101212262E362069A194B01ADDD
:105350001A60079A256042F000521125C3E9011234
:105360002022DFF854C02061C4E902C504F1100511
:1053700065606162DA60BFF35F8F4FF0A342146033
:10538000BFF35F8FBFF35F8F1361BFF35F8FBFF317
:105390005F8F03235363BFF35F8FBFF35F8F93630D
:1053A000BFF35F8F0AF0FCFD431CFBD003B030BDA0
:1053B00024690020146900200400002038B5044648
:1053C0000D4619B10A688B681AB953B96FF02100FC
:1053D00029E033B94B6823F00802102A01D0202BB2
:1053E00036D12561EB68D3B91B4B04F178012360FA
:1053F00001236360AB6804F114009A069B01DBB2E1
:1054000002F0E0421A4342F48032112300F026F801
:10541000AB684BB100201023C4E9020303E06869C4
:1054200098470028E0D038BD2A68A3691A606B68E5
:10543000A26943F0005393602268A369926992685D
:10544000DA60A3691033A361636801336360E1E745
:105450006FF04100E7E700BF28500400026100F14F
:105460001402826000F110024160C2600A6042686A
:10547000034991604268D3604368103343607047CA
:1054800004000020BFF35F8F094A1368BFF35F8FEA
:1054900043F48071BFF35F8F1160BFF35F8F23F41C
:1054A0008073BFF35F8F1360BFF35F8F704700BFE0
:1054B0000010805108B5FFF7E5FFBFF35F8F064A84
:1054C0001368BFF35F8F43F00103BFF35F8F136077
:1054D000BFF35F8F08BD00BF0010805170B500267C
:1054E000C0E9006605460C46FEF7A4FE01232B70BA
:1054F000FFF7C8FFBFF35F8F204BDB68BFF35F8F01
:105500009B08013BACB3226842B19A4205D9FEF731
:10551000B1FE6FF03F002E7070BD1346D4E9011547
:10552000E068002908BF4FF40071002808BFF1208F
:105530002469BFF35F8F114A9360BFF35F8FBFF39E
:105540005F8F1564BFF35F8FBFF35F8F5064BFF34E
:105550005F8FBFF35F8F5163BFF35F8F44F480248D
:1055600044F00104BFF35F8F1460BFF35F8F00202E
:10557000D2E74FF40071F1202546DAE700108051A0
:1055800070B503780D461446002B52D0BFF35F8FE1
:105590002C4A136BBFF35F8F03F00E010A294BD027
:1055A00013F00C0F02D14FF0FF3070BD4368D3B938
:1055B000BFF35F8F5368BFF35F8F032BF3D9224B89
:1055C0002249BFF35F8FD2F88060BFF35F8FBFF3D4
:1055D0005F8F43F8046BBFF35F8F8B42F1D1FFF70E
:1055E00069FF01234360BFF35F8F164B9A68BFF3D7
:1055F0005F8F0132B4EB021F21D8BFF35F8F5A686F
:10560000BFF35F8FB4EB820FCDD884B1BFF35F8F50
:10561000D3F88020BFF35F8F291D05F8012BA94225
:105620004FEA122204F1FF34EFD0002CF5D1002014
:10563000BBE76FF02000B8E76FF05100B5E76FF0FF
:105640003F00B2E7001080511010805120108051AF
:1056500010B5044608B1037843B1FEF70BFE044BC6
:1056600018680BF0D2F90CB10023237010BD00BFF5
:105670002C09002073B50D460646FEF7DBFD15F03C
:10568000010509D001A800F073F9044620B1FEF726
:10569000F1FD204602B070BD184B18680BF0AFF951
:1056A0000EB101233370BFF35F8F4FF0A34300228D
:1056B000DA61BFF35F8FBFF35F8F4FF0FF321A6382
:1056C000BFF35F8FBFF35F8F3422DA61BFF35F8F69
:1056D00001220B4BC3F8042375B101980AF04CFF6B
:1056E000042104460DEB01000BF0D8F9002CD0D0BA
:1056F0003046FFF7ADFFCCE72C46CAE72C09002067
:105700000080045038B5164CD4F80051C5B1BFF331
:105710005F8F4FF0A343996ABFF35F8FBFF35F8F33
:105720004FF0FF321A63BFF35F8F0023C4F80031DC
:10573000D4F800310B4B1868BDE838400BF078B94D
:10574000D4F8083153B100F0A9F80AF0E3FDC4F829
:105750000851D4F808310121034BECE738BD00BFF4
:1057600000800450340900203009002008B5074BA0
:1057700018680BF04CF9064B18680BF048F9BDE8B7
:105780000840002248201146EFF70CB934090020E8
:105790003009002038B5094B1C7864B1084B4FF034
:1057A000FF311D6828460BF034F94FF0FF310446F5
:1057B00028460BF03BF9204638BD00BFFC6F0020A7
:1057C0003409002038B5074B4FF0FF311D682846DB
:1057D0000BF01FF904464FF0FF3128460BF026F975
:1057E000204638BD3009002010B5064CE36C3BB9AB
:1057F000214651F84C3B98690AF0A9FD0123E36466
:10580000014810BD54690020A069002010B50A4B62
:105810000A4C236003F5C04363602461FFF7E4FF93
:10582000236D0020B3F5007FCCBF4FF480634FF4AD
:105830000073A36010BD00BF002080515469002098
:1058400010B50446114B18680BF0D9F8104B1A68C4
:10585000236122605A6862609A68A2600D4A1268E9
:105860009A660023A364FEF7E5FC04220A4BC3F802
:10587000042320460AF03FFD20B920460AF040FDEF
:1058800000B910BDFFF79EFFF3E700BF3809002005
:1058900054690020545004000080045000487047B0
:1058A00054690020042210B50446084BC3F80823AD
:1058B000FEF7E0FC064A236912689A6600236364D7
:1058C000044BBDE8104018680BF09FB800800450EE
:1058D0005450040038090020244B0340B3F5806F76
:1058E00030D016DC402B2FD008DC102B2ED0202BF4
:1058F0002ED0181E18BF012040007047B3F5807FDE
:1059000028D0B3F5007F27D0802B14BF02200B20B6
:105910007047B3F5804F21D00BDCB3F5805F1FD00B
:10592000B3F5005F1ED0B3F5006F14BF0220062050
:105930007047B3F5004F17D0B3F5803F14BF022076
:1059400003207047112070470A2070470C207047D1
:1059500009207047082070470720704714207047BF
:1059600005207047042070470F207047F0FF0100AA
:1059700070B50E4D0E4E044628680BF040F83068A6
:1059800028B980220B49FEF7ADFE60B92020094AF4
:10599000013852F8202030602260002428680BF083
:1059A00034F8204670BD0224F8E700BF3C0900200F
:1059B000C0690020C469002012281BD0A0F1120386
:1059C000302B2DD826280DD81738C3B20B2B27D84B
:1059D0001648184100F00100C0F1FF2000F57F00DB
:1059E0007A3070472738C3B21148D84000F0010020
:1059F00087387047B1F5807F0ED006D8E02914BFF4
:105A00006FF086006FF085007047B1F5C07F0AD057
:105A100040F209239942F2E7064B002013607047D9
:105A20006FF0860070476FF085007047EEF7FFFF5C
:105A30001102000CE8510400A0F11203DBB21E2B8E
:105A40009DBF0348D84000F001000020704700BF10
:105A50002102214270B50446A4B0466811A80D4643
:105A6000FFF7EEFE174B11A819680AF06AFC2146F1
:105A70006B46002211A80AF0C7FE044680B911A89F
:105A80000AF055FEDDE90012034628460AF0D4FD6F
:105A900011A80AF01CFF11A80AF044FC044648B102
:105AA00011A8FFF7FFFE204609F02CFF0446204610
:105AB00024B070BD11A8FFF7F5FE314668460AF024
:105AC000EDFFF4E7F851040070B5D51D1C78ED0822
:105AD0000646042C084611464FEA450286B002F1FC
:105AE00001021DD10A9C94421AD1104C104A344034
:105AF00044F0106494424FF0000414D15A1CCDE9D4
:105B000002526A1C134401AACDE904530194FFF721
:105B100053FF18B9019802A9FFF79CFF06B070BDAA
:105B20006FF08600FAE72046F8E700BF0000FFF6B6
:105B3000000002092DE9F041038803F44F44B4F555
:105B4000824F02D0B4F5884F22D1DEB2C56803F48B
:105B5000E0401F4B00241F4693F800C0B4451BD102
:105B6000D2F80080B0F5804F0CBFD3F80CC0D3F84A
:105B700008C0D3F804E0B8F1000F0BD18C4509D16F
:105B8000C2F800E08C450DD06FF08600BDE8F081D2
:105B90000026DBE7F045F5D00134132C03F11403A4
:105BA000DAD1F1E7142303FB04773B7C13B96FF0E0
:105BB0008500EBE7422E09D1064B9D4206D003F249
:105BC0000B139D4202D00A339D42DDD10020DDE758
:105BD0006C500400000800062DE9F34105881F46BB
:105BE00005F44F43B3F5824F0E468046418802D0FC
:105BF000B3F5884F1BD1EDB2422D3DD8402D13D8BF
:105C0000A5F11203DBB21E2B36D81E4A42FA03F36B
:105C1000DA0731D4CC1DE40864000134089BA342A8
:105C200007D26FF0890024E0CC1DE408F6E70024D9
:105C30002546284601AAFFF7BFFED0B9D8F80420B0
:105C4000114BB3EB122F19D0123DEDB21E2D15D80A
:105C50000E4BEB40DB0711D539460423019A01F8BE
:105C6000013B304600F0A6F809F04CFE08B9099B4C
:105C70001C6002B0BDE8F0810024DAE76FF0850017
:105C8000F7E700BFDEFFFFBF004E800021000040AD
:105C90002DE9F0411546C4B003AC1E460DF10408D1
:105CA0000FABC8E90021C4E90132226020AB102209
:105CB0000746002107A8E3600AF009FF4A9A6B0033
:105CC00001339A426DD13378042B6AD14C9B9D42AB
:105CD0006AD8731CCDE907536B1C1E44384607A9CC
:105CE000CDE90956FFF7B6FE0546002855D131A883
:105CF000FFF7A6FD2E4B31A819680AF022FB0A26F1
:105D0000002239460BAB31A80AF07EFD054600287B
:105D100034D131A80AF00BFD054602460B994046E6
:105D20000AF061FCDDE90C122B4607A80AF084FC9E
:105D300031A80AF0CCFD31A80AF0F4FA0546E8B91A
:105D4000013EDDD131A80AF02FFD064631A80AF048
:105D5000EEFC23460246D6E900010AF05DFC6368CA
:105D600022680C93A3684B990D93E3680BA80B92E0
:105D70000E930AF038FC4D9B0B9A1A60D4E9001080
:105D80000AF08CFED4E902100AF088FE284609F0D9
:105D9000B9FD054631A8FFF785FD284644B0BDE8AA
:105DA000F0816FF08605F8E76FF08905F5E700BF31
:105DB000105204002DE9F04796B0814603A80E4624
:105DC00015465768FFF73CFD254B03A8D3F800A004
:105DD0004FF0000851460AF0B4FA6B4600222946FB
:105DE00003A80AF011FD044618B103A8FFF75AFDF5
:105DF00021E03A46494600980AF039FCDDE90123E2
:105E0000294603A80AF0BEFC03A80AF060FD03A817
:105E10000AF088FA0628044611D108F10108B8F101
:105E20000A0F04D0514603A80AF08BFAD5E703A85D
:105E3000FFF738FD6A24204616B0BDE8F087002839
:105E4000D3D103A80AF0B0FC05463A4601683046B3
:105E50000AF018FC3A466968F0190AF013FCC4E726
:105E600010520400F8B50E4B06461D68AB789B0730
:105E700012D56F6816F8014B29462CB90A20B8478D
:105E8000002805DB204609E02046B8470028F1DA63
:105E9000AB7843F00403AB704FF0FF30F8BD00BFA8
:105EA000C03604000CB430B58BB004460D46202239
:105EB000002102A80AF00BFE0223002D06948DF8A3
:105EC0000A300C4B039312DB01D06B1E1C440FAA4B
:105ED0000E9902A80794019200F002F915B1069BF1
:105EE00000221A700BB0BDE8304002B070470024A9
:105EF000EDE700BFAD0E0400242AF0B5044601D83A
:105F0000012A40D12E4B1622EEF7A4FE1A5001B101
:105F10000C600020F0BD2F463D4615F8010B2028EF
:105F2000F9D0A0F109060346042EF4D92B282CD071
:105F30002D282CD101262B78BD1C302B2DD1287873
:105F400040F02000782824D132F0100021D16B7865
:105F50002C46102202350020392B82BF03F1FF337B
:105F600043F02003263B303B9A421AD9A0FB02049F
:105F70000CB9C01801D346F002062F462C4617F87C
:105F8000013B3D46E8E70746C6E70026D3E7002683
:105F9000D3E7002A08BF0822DDE7002A08BF0A224B
:105FA000D9E701B10C60F20748BF4042B307B1D551
:105FB000034B2222EEF74EFE1A504FF0FF30A9E7B6
:105FC0000C0000002DE9F0410126B24201DCBDE8E1
:105FD000F08107463B461F4613F8014B002CF6D0D4
:105FE000252CF8D11D780237252DF3D00023DFF8BA
:105FF000EC809C461C461F2C27D8A5F1200EBEF134
:10600000100F06D828FA0EFE1EF0010F53D12E2DC8
:106010003CD02E2D27D8242D33D02A2D36D0BCF1BC
:10602000000FD4D0B445D5D145F020070B68A7F1B7
:10603000650CBCF1020F01D9612F42D1073323F067
:106040000703083301360B60BFE77F2CDFD96C2DC7
:1060500023D01DD8682D27D06A2D01D04C2DDED13C
:1060600044F4207408E0A5F1300EBEF1090FEED81B
:106070000A2404FB03E3202417F8015B002DBAD1A6
:10608000CDE7BCF1000F18D0B34218D00023F3E7DE
:10609000742DF1D07A2DEFD0C1E7250648BF44F426
:1060A000007444F08004E7E7E50548BF44F4007459
:1060B00044F48074E0E70024DEE79C46E6E76325CD
:1060C000B2E7692D02D007D8632D03D0250601D58C
:1060D000A405B3D40433B5E7732DF6E7892801008E
:1060E0002DE9F04F837893B08046D0F804909C0758
:1060F000CDE9081214D50B4600250B92187888B10B
:10610000252813D00133069341460135C84700289E
:1061100080F2F48398F8023043F0040388F80230E8
:106120004FF0FF35284613B0BDE8F08F93F801A07B
:106130009A1CBAF1250F0692E6D04FF0000B5E468E
:106140005F465C461F2C23D8AAF12003102B22D8CF
:10615000DFE803F01521211B2121210B212121132F
:1061600021182121090044F00104069B13F801AB1A
:106170000693BAF1000FE5D11BE044F0020444F0AD
:106180000404F2E744F00804EFE744F01004ECE7FD
:106190007F2C00F2F880BAF12E0F00F0D58000F2CB
:1061A000AE80BAF1240F00F0D580BAF12A0F00F0CA
:1061B000B680BBF1000F06D0099B5A460BA9089880
:1061C0000B93FFF7FFFE002E4AF02003B8BF24F028
:1061D00040040493A3F16503BCBF0026A4B2022BC4
:1061E00004D94AF02003612B40F088826FEA0A0A42
:1061F0000AF0200307930B9B073323F0070303F1F7
:1062000008020B92049A612AD3E900AB04F0400320
:1062100040F0E680002B079B50460CAA08BF4FF0C9
:10622000FF360093594644F4C05433460AF0B7FD94
:1062300001304FF0010CDDF830A0C3B2B34203933C
:10624000A8BF03F1FF367023CDE9043C0AF109032E
:10625000122B0DD90AF16303C62B40F2F4800AF227
:10626000E73340F2CE7293428CBF0423032305939D
:106270009DF83430D80700F1E880A20700F1E880EB
:10628000C4F3800B4FEA4B1B5FFA8BFB13F00C0F30
:1062900000F0EA80BBF1000F0CBF03230423BB42D4
:1062A0000EDA2007A7EB03070BD42F44414620202A
:1062B000C847002805F10105FFF62CAFBD42F5D116
:1062C0000027BBF1000F07D041465846C8470028B9
:1062D00005F10105FFF61EAF9DF83430AD4C13F00B
:1062E000080FAD4B08BF1C462646324616F8010B78
:1062F000002840F0B0802C1B02EB040B7AE1AAF1DD
:106300003003092B3FD814F0400F4FF00A020ABFA8
:1063100044F0200402FB063602FB073725E7BBF1F9
:10632000000F7FF422AF0B9A600652F8043B0B92E9
:1063300001D51E4619E7002BA7BF44F020041F46D5
:106340005F4244F0280410E763063FF5EBAE44F0EB
:1063500040040AE7BBF1000F3DD014F0400A099B4E
:106360000BA908980CBF3A4632460B93FFF72AFE5A
:106370000B9B53F8042B0B93BAF1000F01D0164678
:10638000F3E61746F1E6BAF16C0F16D00CD8BAF165
:10639000680F19D0BAF16A0F03D0BAF14C0F7FF42D
:1063A00008AF44F42074E0E6BAF1740F3FF4DDAEB8
:1063B000BAF17A0F3FF4D9AEFBE6200648BF44F4A9
:1063C000007444F08004D0E6E30548BF44F4007450
:1063D00044F48074C9E65E46BB4634463746C4E69C
:1063E000002B049B08BF0626652B0ED1721C44F4BB
:1063F0008054D2B21346112A4FF065014FF00002CB
:1064000028BF11239446049107E0049B662B12D108
:1064100044F40054B4460122112350465946CDE9B4
:10642000002C0CAA00F014FBDDF830A0C3B20393DB
:10643000022305930AE716F0FF02DBD16523944699
:1064400004930123E9E7022311E74FF02D0B1DE729
:106450004FF02B0B1AE7079B4146C01AC0B2C84742
:106460000028BFF642AF55E614F4405F40F0968036
:10647000039B002E03F1480308BF01266B44133B26
:10648000039A1AB113F8012D302A75D014F0100FA9
:10649000039B18BF33461AF1040F72DBB24570DA62
:1064A000534544F400547CDD0AF101069E1B2AEAA0
:1064B000EA730133BBF1000F00D00133002E72D01C
:1064C000721C13449F42CCBFFF1A002714F0090F1F
:1064D00003D12F44BD426AD10027BBF1000F07D082
:1064E00041465846C847002805F10105FFF612AE9F
:1064F000230510D541463020C8470028FFF60AAED4
:10650000079B41460235C3F1780000F0F800C84708
:106510000028FFF6FFAD200704D4AB467D195D458A
:106520004DD10027A10468D52AEAEA737642AAEB86
:10653000030A039A013B05F1010B524589BF0CAADE
:106540003020524450799E4241DC41460493C84772
:1065500000280AF1010A049BFFF6DCAD5A1C09D1A0
:1065600041462E200493C8470028FFF6D3AD05F11D
:10657000020B049B5D46DCE7039A013AD2B2039218
:106580007EE75E1E14F4006F059A14BF05230323F3
:1065900013448FE7726104006E610400A10486D485
:1065A000F0E7002683E7E20648BF01338AE7414669
:1065B0002020C847002805F101058BDAAAE54146ED
:1065C0003020C84700280BF1010BA8DAA2E54146AC
:1065D0000393C8470028FFF69DADE6060AD5039B46
:1065E000013307D105F1020B41462E20C847002890
:1065F000FFF690AD5D465F4412E241469DF83500DE
:10660000C8470028FFF686AD002E5DDD41462E20EE
:10661000C8470028FFF67EAD01240CAB039A414623
:10662000A346A242CABFE21830205079C8470028CA
:10663000FFF670AD01340CABA642EFDAAC1C5C4443
:10664000049B4146079A981AC0B2C8470028FFF633
:1066500061ADBAF1000F4146B6BF2D202B20CAF123
:10666000000AC8470028FFF655AD059B042B37D11B
:106670004FF47A7641460334BAFBF6F505F1300063
:10668000C0B2C8470028FFF645AD06FB15AA642630
:1066900041460134BAFBF6F505F13000C0B2C847F7
:1066A0000028FFF637AD06FB15AA0A26414601343D
:1066B000BAFBF6F505F13000C0B2C8470028FFF676
:1066C00029AD06FB15AA12E0E40601D46C1CB7E75D
:1066D00041462E20C847002805F10204B0DA19E52A
:1066E000059B0234032BD2D0059B012BDDD10AF18F
:1066F000300004F1010B4146C0B277E7AAF1630311
:10670000122B00F2E580DFE813F013005400E300E1
:10671000E300E300E3005400E300E300E300E300F0
:10672000E300FC00DD00E300E3002900E300AB0030
:106730000B9B01260DF1300A1A1D1B680B928DF878
:10674000303020072CD50AEB060B54465C4529D186
:10675000A5EB0A0ABF1B04EB0A0B4BE70B9B1A1DA8
:106760000B92D3F800A0A94BBAF1000F08BF9A46CC
:1067700014F0400F504614BF31464FF0FF310AF07D
:10678000EFF90646DDE741462020C8470028FFF61E
:10679000C1AC013CA642F6D32F443D1B2746D2E7AD
:1067A0003C46F7E7414614F8010BC8470028CDDA0C
:1067B000B0E421060B9B32D5A2052BD5073323F07D
:1067C000070303F10802D3E900010B9224F0100B38
:1067D00000291FFA8BFB32DA40424BF4806B61EBED
:1067E00041010CAC0A2322460AF0C6F91BF0400F07
:1067F000A0EB040200F09C802BF0010396429BB2B8
:1068000040F39F80BAF1000F40F09D802BF0110300
:106810009BB21FE01A1D18680B92C117D6E71A1D0C
:10682000E00519680B9201D40846F6E7A20547BFB8
:1068300048B241F3C01108B241F3C031C6E750EA93
:106840000103CED16306CCD5002ECAD124F01104A9
:106850003246A3B2344640F206410B426FD126E0E5
:1068600024F010040A23A4B214F0800C0B9A4CD02C
:1068700014F4007115BF0732101D22F007020B90AF
:106880000FBF106802F108010B91D2E9000150EA34
:10689000010247D124F0160B62061FFA8BFB45D587
:1068A000002E43D124F017043246A3B23446190710
:1068B0005FD4D90704D5A74272DD3C1BA6183C461D
:1068C000A34650E044F0100410234FF0780ACBE7C1
:1068D0004AF02003782B04D1CAF1780343F0100367
:1068E000C2E741462520C8470028FFF613AC4146C1
:1068F0005046C8470028FFF60DAC0235069BFFF74F
:10690000FDBB08234FF0000AAEE7111D10680B9184
:1069100014F48071BBD014F400711ABFC0B2614688
:1069200080B2B4E724F006041FFA84FB0CAC5AE7EB
:1069300014465B46D9068ED5BAF1000F05D1013455
:10694000B5E71446F6E73446F4E70234AFE74146CC
:106950002020CDE90332C8470028FFF6DBAB0BF15E
:10696000010BDDE903325F45F1DC2C1B04EB0B0569
:106970005C46D90616D5414630200392C847002808
:10698000FFF6C8AB039ABAF1000F32D00235414688
:106990005046C8470028039AFFF6BCAB2E441DE0C2
:1069A00016468DE740F206410B42F7D013F0020F76
:1069B00005F101054146039214BF2B20202013F45A
:1069C000806F18BF2D20E4E7414630200392C8476E
:1069D000002805F10105039AFFF69CAB731B9A4250
:1069E000F2DB16460DF1300A2EB902EB050B3F1B08
:1069F00000E60135D2E7013E414603921AF806004F
:106A0000C8470028039AEFDAFFF784BB76610400D9
:106A100041462020C847002805F10105FFF67AAB62
:106A20007B1B002BF4DC69E71FB502AB074A009320
:106A30004FF0CC330AF07DF9DDE90201C00840EAED
:106A40004170C90805B05DF804FB00BFCDCCCCCCCB
:106A50002DE9F04F9BB00F0D04460A939DF890303E
:106A60000592C1F30A520C93C1F31303C90F0791A6
:106A70007AB950EA03017ED10599302301274B7181
:106A8000079B0A6043F002030B7138461BB0BDE858
:106A9000F08F40F2FF718A420BD10343079B059AA6
:106AA0004FF0000714BF43F0080343F004031371D1
:106AB000EBE7A2F2354A43F48015234304F00102C8
:106AC0004FEA85080CBF27F00107012748EA9478B0
:106AD000089208BF7F054FEA840602BF7F0DB7FA10
:106AE00087F77F09BAF1000FC0F2B680504600F078
:106AF000EFF9BAF1030FC8BF0138049000F0F4F9C0
:106B0000049B7C3016A9A3EB0A0A8244184600F0C5
:106B10007DFA12AB20462946019310AB16AA0297C4
:106B2000009353460AF04EF8049B04460D46152B7D
:106B300000F28E8014ABA94A3046414600934FF0D4
:106B4000CC33DDE9109A0AF0F4F8149B159A9B08EF
:106B500043EA827303EB8303B34210D141463046CC
:106B600000F0CAF9049B83428CBF4FF000084FF03D
:106B70000108002715E01D46DFF864A29DE7089B89
:106B8000002B55D1013E48F1FF31F01B61F10001AE
:106B900000F0B2F9049BDDF8208083428CBF00270F
:106BA00001270C9B002B40F0C880DDF828900026C0
:106BB0004FF00A0B06960996DDE91001FFF734FF46
:106BC000DDE912A3CDE90D01194650460F93FFF7F9
:106BD0002BFF0A4603460D990B908B420E9B72EBDE
:106BE00003010F9B80F0C480204629460F92FFF7D7
:106BF0001BFF0B9B002E14BF4FF0000808F001088C
:106C00000F9A0BFB10460BFB03F50D9BF6B20446E7
:106C10001093554514BF002707F001070E9B0D4642
:106C2000139211930B9B1293069B01330693C3E7B8
:106C3000B01C48F1000100F05FF9049B83428CBF57
:106C400000200120B9EB00006AF10002CDE910023A
:106C50004FF000084746A4E7CAF1000B584600F081
:106C60003DF9BAF1FF3F0CBF8146A0F10109ABEB42
:106C7000090B0AEB09035846049300F035F916A9ED
:106C8000A0F17D0A584600F04FF912ABA9EB0A0AB1
:106C90002046019310AB294616AA0093534602974B
:106CA00009F090FFB9F1010F04460D460ED8089B7C
:106CB00013B94FF0010874E7109B4FF00108119AC7
:106CC000013B42F1FF32CDE9103252E7B9F13E0FFC
:106CD000BED84FF0FF33A9F12000C9F1200103FA1B
:106CE00009F203FA00F023FA01F103FA09F302436F
:106CF00026EA03060A4328EA020856EA08060CBFF9
:106D00004FF001084FF0000833E700FB02F60133B3
:106D1000A1FB001232448C4275EB0206F5D2049AB4
:106D20001344259A1344D20F9342B8BF13460A9ACC
:106D30009A42A8BF1A46914639E70A210022012348
:106D40000846E8E70BFB01FE0CF1010CA0FB0B0170
:106D50007144844275EB010EF4D2CC450DDDB9F1DE
:106D6000000F02D154EA050107D0012309933BE744
:106D70000A2000214FF0010CEBE7002F32D04FF03A
:106D80000A0B50461946FFF74FFE0BFB00F20B9122
:106D900052450E9026D1002E14BF4FF0000808F087
:106DA0000108DDE91001FFF73FFE8A460D902946F4
:106DB0002046FFF739FE0D9A0E9B0BFB10460D4641
:106DC00004461293F6B2CDE9102A0B9A9A460B9B11
:106DD0001392069A01320692D3E700BFCDCCCCCCF9
:106DE000CCFBFFFFB8F1000F05D0052E03D104F056
:106DF00001060436F6B2049B069A13449846099B92
:106E000053B9DDE912239D4208BF944204D1089B87
:106E1000002B49D1002F47D0042E94BF0026012615
:106E200030194FF00A024FF000034FF0010745F10F
:106E300000011446904271EB030537D2F6B1B94513
:106E40001CDA0C9B6BB1259A08EB070313440A9AD2
:106E5000012BB8BF01239A42A8BF1A469742914618
:106E60000CDD053008F1010807F1FF374FF00A0289
:106E70004FF0000341F10001E6F770F94F450FFABA
:106E800088F8059BA8BF4F464FF000093FB2B844B1
:106E900008F1FF3607F105089844B9450DDB059B5D
:106EA000079A1E601A71F0E50126B9E704FB03F5A5
:106EB0000137A2FB04232B44BCE70A220023E6F798
:106EC0004DF9303209F1010908F8012DE5E700BF5D
:106ED000014B5843800C704741340100014B58432B
:106EE000000D7047FB2E0B00024B5843C00C0130C5
:106EF000704700BF4F93120070B50346094A002047
:106F00004FF0CC364FF0333506FB03F402FB01445F
:106F1000A3FB023121449D4275EB010401D30130F2
:106F2000F2E770BDCDCCCCCC1A232DE9F04FB0FBED
:106F3000F3FA334E03FB1A0389B004460D4606EB01
:106F40000A1653B9D6E90023C1E90023D6E90201A4
:106F5000C5E9020109B0BDE8F08F2A4A02EBC3037C
:106F6000D3E9008904AB404649460093D6E90223A1
:106F700009F0DFFE06AB83460F46404649460093C4
:106F8000D6E9002309F0D5FE00238146DDE906623B
:106F900016EB0B0652EB070828BF012333B1049B05
:106FA000059A013342F10002CDE9043220460391F3
:106FB000FFF79AFF07461A2000FB0AF0FFF794FF3D
:106FC0003F1A3246434648460399009709F0C8FEE7
:106FD0000D4A4FEA141C640004F01E0352F82C40C2
:106FE000DC4004F003042418304641F10001DDE9DF
:106FF0000423C5E900414146009709F0B1FEA7E727
:10700000D822040008220400285204002DE9F04F81
:107010001A2700F11905DFF8E8A089B004460E46EA
:10702000B5FBF7F56F434FEA051B0AEB05153A1A56
:107030000AD1D5E90023C1E90023D5E90201C6E957
:10704000020109B0BDE8F08F2B4B03EBC203D3E97B
:10705000008904AB404649460093D5E9022309F074
:1070600068FE5AF80B206B68013ACDE9020106A9C7
:1070700063F1000340460091494609F05AFE8A46F2
:10708000029900238146DDE906526D18039952EBFF
:10709000010828BF012333B1049B059A013342F153
:1070A0000002CDE904323846FFF71EFF07462046AE
:1070B000FFF71AFF3F1A2A464346484651460097B3
:1070C00009F04EFE0D4A4FEA141C640004F01E0342
:1070D00052F82C40DC4004F0030401342418284604
:1070E00041F10001DDE90423C6E900414146009772
:1070F00009F036FEA3E700BF082204007C5204001A
:10710000A823040038B5044C044DAC4200D138BD6E
:1071100054F8043D9847F8E7000000000000000024
:10712000704708B5C3699B0702D5032101F094FE9F
:10713000002008BDF8B5044615461E4680F820100C
:1071400007F0EEFF4FF47A77A0FB070C47F6122208
:10715000002307FB01C1E6F701F84FF47A72002320
:10716000E5F7ACFF55EA0602C4E90A0103D043196A
:107170001D4646EB0106C4E90C56022104F110003D
:1071800008F085F894F82000BDE8F840032828BFEF
:107190000320EBF72DBB08B52D2200230321FFF7B9
:1071A000C9FF00236E2219461846ECF725F9BDE801
:1071B000084001210220EBF73FBF08B50022002361
:1071C0000221FFF7B7FF00236E2219461846ECF79D
:1071D00013F9BDE8084001210220EBF72DBF08B5E7
:1071E0003C2200230121FFF7A5FF002101230846CF
:1071F0006E22ECF701F9BDE8084000210220EBF710
:107200001BBF08B54FF4967200230021FFF792FFD1
:10721000002202236E211046ECF7EEF8BDE808408C
:1072200001210220EBF708BF03681A78082A19D851
:10723000DFE802F0050F181812181814160093F85A
:1072400028301BB14FF40060EBF7F2BA4FF48060C6
:10725000FAE74FF48050F7E70820F5E71020F3E74E
:107260002020F1E7704703681A7812B1012A0BD089
:1072700070475B68012B02D14020EBF7D9BA022B93
:107280000CD14FF48070F8E75B68012B01D18020AE
:10729000F3E7022B02D14FF40070EEE770474FF492
:1072A0008040EBF7C5BA10B50446A8B1EAF7D1FDA6
:1072B000021F042A03460FD82046234410F8012B4E
:1072C00022F020014139192902D9303A092A03D87C
:1072D0009842F3D1012010BD0020FCE700B58BB02F
:1072E0002422002101A809F0F2FB01A8F7F7E0F938
:1072F00000200BB05DF804FBF6F7EABE122930B5AA
:107300004FF000010CBF11241F24535C13F0DF0F5A
:1073100002D10023435430BDA142FAD0A3F161054C
:10732000192D98BF203B43540131EEE7F42AF8B5FC
:1073300005460E46144601D90020F8BDFF2812D19B
:10734000002709E02846F6F707FD20B1224631461E
:107350002846F6F7B3FD013706F0B2F9FDB2A842B0
:10736000F0D80120E9E7F6F7F7FC0028E4D0224640
:1073700031462846F6F7A2FD231A58425841DCE769
:107380000020704708B10023037009B100230B707F
:107390000AB1002313700120704708B5EBF7D0FC49
:1073A000B0FA80F0400908BD08B50023ECF724F8D6
:1073B000012008BD08B54FF40040EBF739FA012071
:1073C00008BD08B54FF48040EBF732FA012008BD44
:1073D00008B5EBF7EBFBB0FA80F0400908BD38B513
:1073E00005460C460A46002109F071FB2146284655
:1073F000EBF7C8FBB0FA80F0400938BD37B50D4651
:1074000081B100230DF10601ADF80630F6F790FAD0
:10741000044620B1BDF80600F6F762FA287020464F
:1074200003B030BD0C46FAE72DE9F743884607461E
:10743000C1B2B8F1000F0ED000200026EBF772FEAB
:10744000354606F0ECF85FFA86F9484500D925B1D3
:1074500003B0BDE8F0830120EFE748460DF10601D7
:10746000ADF80650F6F764FA044640B1BDF80630B0
:10747000BB4207D142464946FF2006F023F9254684
:107480000136DEE72C46FAE700207047704738B532
:107490000546EBF7DBFF044618B106F0C0F885F8A7
:1074A0005700204638BD0120704738B507F038FE38
:1074B0004FF47A74A0FB040547F61222002304FB64
:1074C0000151E5F74BFE38BD08B54FF0FF304FF0E6
:1074D000FF31EBF7DBFFECF71FF8BDE80840EBF7F7
:1074E000DDBFF8B504460D4616461F464FF0FF3087
:1074F0004FF0FF31EBF7CAFF3B46324629462046A4
:10750000ECF76EF80446EBF7C9FF2046F8BD38B536
:1075100004460D464FF0FF304FF0FF31EBF7B6FF5A
:10752000012229462046ECF7A3F80446EBF7B6FF04
:10753000204638BD38B5154604464FF0FF314FF0B0
:10754000FF30EBF7A3FF29462046ECF7D3F80446BB
:10755000EBF7A4FF204638BDECF720B900EBC100E3
:10756000408840087047F8B50346FFF7F7FFB0FAC8
:1075700080F0C0F11F0003EB800CDCF81060CA0043
:10758000171D0C4606328DB256B9012101FA00F0E2
:10759000D9680143D960CCF81040DD539D52F8BD45
:1075A000F1000431585AD85303EBC0009E52C580F5
:1075B0005D52F4E710B500EBC104E388994202F193
:1075C00004010AD1012303FA02F2C36823EA020389
:1075D000C360002340F8213010BDA28840F821305C
:1075E00000EBC20100EBC300CB808280F4E708B55A
:1075F0000346FFF7B3FFB0FA80F21846BDE8084033
:10760000C2F11F02FFF7D6BF2DE9F843B1FA81F3AB
:10761000C3F11F0200EB8209D9F8107006460D462F
:1076200087B94FF0FF34C3F120039C40F3681C403E
:1076300014D094FAA4F2B2FA82F2131D56F8234041
:10764000214608E03C464FF0030821463046FFF74C
:1076500085FFA84205D33046FFF7ACFF2046BDE8C2
:10766000F88306EBC404E488B8F10108C9F81040B7
:10767000D7D0A742E9D1D4E738B50446FFF76EFF6B
:107680000D46034611462046FFF768FF03449BB2B0
:1076900004EBC5055A0020466A80FFF75FFF0144EE
:1076A00024F8313038BD70B50B460446FFF756FF5D
:1076B00004EBC305511A9B1A89B203444E009BB2D6
:1076C0006E8004EBC2005D00458024F83210204635
:1076D0001146FFF743FF014424F8313070BDF8B57F
:1076E000002951D004680D1F2D1BEE0825F0070559
:1076F0006219538813F0010306D183F31188BFF395
:107700006F8F0423184602DF31462046FFF726FF1D
:10771000304434F83030C01A864207D0002383F357
:107720001188BFF36F8F0423184602DF5388314658
:1077300023F0010353802046FFF710FF371804EBB6
:10774000C7035B88DA0708D439462046FFF74FFFA6
:107750003A4631462046FFF78FFF655B751B04EB09
:10776000C5035B88DB0709D429462046FFF73FFFA6
:10777000324629462046FFF77FFF2E4631462046F7
:10778000BDE8F840FFF7EFBEF8BD70B509B90020BD
:1077900070BD056801F007030B33CC0804EBD3047C
:1077A000AB6828469C4228BF1C462146FFF72CFFA9
:1077B00006460028EBD001462846FFF7CFFEA04240
:1077C00007D928463219FFF76EFF11462846FFF702
:1077D000CAFE05EBC60210465388043043F001038D
:1077E0005380D5E71146FFF7D0BF043A2DE9F8439F
:1077F000CC1D114424F0070421F00706A6EB040871
:107800004FEAD807B7FA87F24FF00009C2F1240512
:10781000AD000735C2F12002ED0804604946A760BB
:10782000C4F80C90920004F1100009F050F9AAB2CB
:10783000530043F0010363807B1B9BB204EBC50143
:107840005800A4F80090488024F83520A6F802904B
:1078500024F8083004EBC7035A88294642F0010295
:107860005A802046BDE8F843FFF77DBE00207047F0
:107870000FB407B504A951F8040B0191EBF7C4FF4D
:1078800003B05DF804EB04B070470FB407B504A96A
:1078900051F8040B0191EBF7B7FF03B05DF804EB6F
:1078A00004B0704708B5EFF31183402383F31288C7
:1078B000BFF36F8FEFF3108372B6EDF789FDF0B56C
:1078C00064230446042500204FF00A0C11B1013D49
:1078D00001D12570F0BDB2FBF3F79A42FEB202D29D
:1078E000012B00D030B130360139013004F8016B82
:1078F000C9B2C0B203FB1722B3FBFCF3D2B2E5E777
:10790000A0F13003DBB2092B02D80B7000207047C6
:10791000A0F16103052B02D857380870F6E7A0F1F3
:107920004103052B01D83738F7E76FF01500704792
:10793000F7B5054601F0010000EB51069E424FEA03
:10794000510703D90026304603B0F0BD58B128785E
:107950000DF10701FFF7D4FF0028F3D19DF80730A0
:10796000013502F8013B01351744BA42EBD015F856
:10797000010C0DF10701FFF7C3FF0028E2D19DF8CC
:1079800007402401E4B2147015F8020BFFF7B8FFAA
:107990000028D7D19DF807301C4402F8014BE4E7DA
:1079A000038B13F0070306D10368002B18BF0320D5
:1079B00008BF00207047022B05D1408BB0FA80F041
:1079C000400980007047012B04D10368002B18BFC9
:1079D0000520EDE70020704710B50C4600B111B945
:1079E0006FF0150010BD081D00F0ACF80028F9D1AB
:1079F000A368032BF6D9F3E72DE9F0410D460746BE
:107A00001946281D90461E4600F0ADF8044638B1D0
:107A10003346424629463846A446BDE8F041604711
:107A2000BDE8F08110B4EFF31182402484F3128892
:107A3000BFF36F8F41615DF8044B0121EBF730BF5D
:107A400038B50C46054658B151B10B6843B14B6887
:107A500033B11C22002109F03AF800202C6138BD16
:107A60006FF01500FBE7F8B504460E46FFF7B4FFCC
:107A7000051E3BDBEFF31182402383F31288BFF333
:107A80006F8F4FF6FF71638B278B8B4207F00707D1
:107A90002ED0062F2FD8DFE807F0182E082E180456
:107AA00018006FF08505002303E00133638302258E
:107AB000012382F31188BFF36F8FBBB100233A46D5
:107AC00031462046FFF798FF10E0002333606368DB
:107AD00023B9C4E9006627B13D46E4E71E6066604D
:107AE000F9E702212046EBF7DBFE3D462846F8BDCC
:107AF0006FF00A05D7E76FF00405D4E710B5EFF390
:107B00001182402383F31288BFF36F8F048B04F03C
:107B10000704022C0AD0012C0CBF6FF004006FF098
:107B2000850082F31188BFF36F8F08E0438B013B20
:107B30009BB2438323B92146EBF7B2FE204610BD2A
:107B40002046EEE7034658B1426802F00302012ADC
:107B500003D0032A04D1026812B100209860704754
:107B60006FF0150070474268034602F00302032AD3
:107B70004FF00002816014BF104600685A607047E1
:107B8000704710B484686468A4465DF8044B60478D
:107B900070B4C66804680D0C06FB0544806A14FACC
:107BA00081F184682468A44670BC60472DE9F043E5
:107BB0000646884617461C46C36A89B01D686D4252
:107BC00005F020051CB9204609B0BDE8F083AC42A1
:107BD000A14628BFA9466A464B4641463046FFF7B4
:107BE000D7FF0028F0D16B46484502D1241A8044C3
:107BF000E8E713F8012BBA4201D10130F4E7012084
:107C0000E2E70B6803F580330B60008A1A0CB0EBD7
:107C1000134F04BFA3EB02430B60704738B5C26833
:107C200003680D0C090C044602FB0131806A2D0427
:107C300000F092FF50B9E26A29462046E368527983
:107C4000FFF7B4FF002818BF6FF0050038BD0146EC
:107C500010B507220446FF20F4F7F8FAE07110BDD2
:107C60002DE9F04F07465368D06893B0034450693C
:107C7000C34203D1002013B0BDE8F08FFC683B681D
:107C8000080C04FB00330024A146D7F82CB013FAEB
:107C900081F504AB92E80300DBF8008083E8030081
:107CA000D2E9020106AB83E80300D2E9040108AB84
:107CB00083E80300C8F10003019312AB03EBC90A88
:107CC0005AF8346C4FEAC901AEB909F10109B9F1AA
:107CD000030FF2D1002CCDD00AAE9BF80510A8EB13
:107CE0000402301908F0F3FE434632462946B86ACA
:107CF000FFF747FFBFE7B4B9019B334013D05AF8F1
:107D0000382C2946B86ACDE90223FFF73AFF00284C
:107D1000B1D1DDE902231A44F61A4AF8382C4AF8A0
:107D2000346C1D44C9E7A8EB0402B24228BF3246B6
:107D3000A2B101F148030DEB030A5AF8381C0AAB53
:107D40001819CDE9021208F0B5FEDDE9021211445E
:107D5000B61A4AF8381C4AF8346C14444445ACD17D
:107D600023462946B86A0AAAFFF70BFF002882D1EA
:107D700025440446A1E7F8B50D4606460722FF2034
:107D80004C888F88F4F762FAEB79834205D13C4442
:107D9000B4428CBF00200120F8BD0020FCE703683E
:107DA000012B81BFC91801F1FF315B421940084620
:107DB000704738B50D460A4681680446FFF750FF04
:107DC000EB686968024619446B69E06A1944FFF779
:107DD000E6FFA3680344A360104638BD70B50D46A6
:107DE00086B00446466818220021684608F06FFEF7
:107DF000029508256A46314620460395FFF730FF75
:107E000029460246E06AFFF7CAFF63681B1A10465C
:107E1000636006B070BD4FF6FF7313B500220446D1
:107E2000ADF800308DF8063083686846ADF8042060
:107E3000ADF80230FFF70BFF69462046FFF7CEFF93
:107E400002B010BD70B506460C46C06A0821FFF7A7
:107E5000A6FF0546F0682146401B80B2FFF78BFF66
:107E600080B1A08878B94FF6FF7322889A4209D171
:107E70006288F3689B1AB3FBF5F205FB1230B0FA87
:107E800080F0400970BD0020FCE7F7B504460D46C0
:107E9000C06A0821FFF783FF0823074629682046A8
:107EA000FFF776FE0646002836D12B683B442B6050
:107EB000E26899B2D21B91422ED11A0C09BF228AD4
:107EC000A3F5803102F1FF3203EB02412046082383
:107ED0006A462960FFF75CFEE8B9E36A5A796B46A7
:107EE00013F8011B8A420CD101300828F8D16368CD
:107EF00005E02B68BDF802206FF30F0313442B60DD
:107F00000AE069462046FFF79DFF0028F1D1294687
:107F10002046EBF7E5FD0646304603B0F0BD2DE9FF
:107F2000F04F0446A1B024220D4617A8002108F006
:107F3000CEFD0821E06AFFF732FF814663682046E4
:107F40006FF30F0306A90693FFF75BFE069BE66837
:107F500001931E44A6EB090608233146204609AAD0
:107F60000796FFF715FE0028C0F21581E36A09AAFB
:107F70005979002312F8010B814240F0FB80013354
:107F8000082BF7D1A36862684B449A4280F0EB80DB
:107F900020460199FFF742FEFDE0BDF826306FF361
:107FA0000F061E44079620460BAA07A9DDF81CA061
:107FB000FFF76BFF002840F0EE800BA91FFA8AF054
:107FC000FFF7D9FE48BB039B9A45ECD11022002154
:107FD00013A808F07CFD1F9E17AB1193129695B164
:107FE000D4F82C8008214046FFF7D9FE2F8902469D
:107FF000F1194046FFF7D3FEA168636802440A44C2
:10800000934280F09180002EBCD0204611A9FFF74A
:10801000D0FE002840F0BF80B4E76768089720468C
:108020000DAA08A9FFF731FF002840F0B480BDF881
:108030003420BDF82C309A4244D0089B62689A42A2
:108040003ED1BA45BFD1BDF83060002EBBD03DB1A6
:108050002A88BDF82C309A4202D12B89B342B2D97A
:10806000BDF82E803B0C1B049844E36A1F9A1B68E2
:108070001644591E5B4203F020030493A36801EAEF
:1080800006001344009026EA0106ADF82E3006BB28
:10809000009B5BB11F9A17A99B1A20460A444146D0
:1080A000FFF776FD002876D1009B1F930BA8FFF702
:1080B000CEFD20460BA9FFF791FE002883D06AE091
:1080C0001F46ACE70DA9B8B2FFF755FE0028B4D0A3
:1080D000B7E7049B1F9FB34228BF334617AAA3EB01
:1080E000070B029341465B4620463A44FFF750FD9A
:1080F000002850D11F9B01465B44182211A805930C
:1081000008F0E5FC17AB1393059B204611A91493C7
:10811000FFF74FFE00283ED11F9BD844FF1A029B59
:108120003744FE1A1F90B2E731446B68ADF83E1039
:10813000204611A9CDE91337FFF73BFE58BB2B882A
:108140000FA8ADF83C302B89ADF84030FF238DF8F7
:108150004230FFF77CFD20460FA9FFF73FFED0B964
:108160000123AB720EE72046FFF755FE00283FF4CF
:108170000FAF10E0A6EB0903204609A90393FFF710
:1081800061FE00287FF409AF204607A9EBF7A8FCA1
:1081900000283FF408AF21B0BDE8F08F2DE9F04F83
:1081A0001E46837C04468946904695B0002B00F01D
:1081B000CB80C26A08211046FFF7F1FDB1B20190F1
:1081C0001046FFF7ECFDE368019A0746A3EB820334
:1081D0008342C0F0BC801EB1B8F1000F00F0B78040
:1081E000D4F804A0CDF810A0204605AA04A9FFF7F2
:1081F0004CFE0546002841D1BDF814304B4507D050
:10820000DDF810A063685345EED1002E3CD135E077
:1082100005A91FFA8AF0FFF7AEFD0028F0D0BDF8DF
:1082200018307EB3B3422FD1B3464FEA1A43BDF89C
:1082300016A01B049A44E36ACDF800801B685B42D9
:1082400003F020030293029B51465B4528BF5B4627
:1082500020460CAA0393FFF79BFC002850D1039BF8
:1082600000981A460CA908F041FC68B9039B009AD3
:10827000BBEB030B1A449A440092E4D1284615B094
:10828000BDE8F08F002BF9D0002F3CD1BA4604F1A5
:10829000140B4FF0FF324FF0FF335846F9F798FBBD
:1082A000238A9D424DD0D4E901320AEB02018B4270
:1082B0002ED39BB263B3FF230021ADF81E200CA880
:1082C00018228DF82230ADF81C90ADF8206008F02F
:1082D000FEFB20460CA9CDE90E86FFF76AFD074696
:1082E00048B907A8FFF7B3FC204607A9FFF776FDBA
:1082F000074600B937465846F9F7DCFB3D46BDE76F
:10830000C2DC0546BAE7019B1F441FFA87FABEE7A5
:108310002046EBF7B9FB3DB9ADF82490CDF82880A5
:10832000ADF82C608DF82E50204609A9FFF7F7FD17
:1083300007460028DFD19DF82E300135002BAFD045
:10834000D8E76FF01B07D6E76FF00C0596E76FF0E4
:10835000150593E700231A46FFF720BF2DE9FF47D5
:108360001E46837C04460F469046BDF83090002B95
:1083700043D00821C06AFFF712FDE368A3EB400376
:10838000B3423DD34FF0000A65680195204602AA2A
:1083900001A9FFF77AFD20BBBDF80830BB4206D12A
:1083A00002A9A8B2FFF7E7FC50441FFA80FA019B2C
:1083B00062689A421AD0CA4516D9BDF80C30CBB1C2
:1083C000CA4517D3BDF80A10B3426FF30F0528BF93
:1083D0003346424620462944FFF7DAFB08B9BDF888
:1083E0000C0004B0BDE8F0871D46CFE7BDF80830AB
:1083F000BB42E2D06FF00100F3E76FF00C00F0E752
:108400006FF01500EDE713B500240094FFF7A6FF09
:1084100002B010BDC3693BB1DB682BB1DB691879D1
:10842000B0FA80F0400970470120704770B5C56907
:1084300004460E460DB103232B712046FFF7EAFFD9
:10844000A8B103212046B047002802DA10F1860FB8
:108450000ED1012125B920463346BDE870401847AA
:1084600020462971B047002802DB00232B71002031
:1084700070BD002908DB8068884205D9401A904207
:1084800034BF00200120704700207047704770B54E
:1084900016461A4605460C46FFF7EBFF48B16968D9
:1084A000E8682144826814683246A446BDE87040FA
:1084B00060476FF0150070BD70B516461A46054648
:1084C0000C46FFF7D6FF48B16968E8682144826826
:1084D00054683246A446BDE8704060476FF015000E
:1084E00070BD10B50B460446FFF7C3FF30B161689D
:1084F000E0681944BDE8104000F02EBB6FF0150095
:1085000010BD08B5C0688368DB689847006808BD7F
:10851000C068704708B5C0688368DB6898474079D1
:1085200008BD30B54C680368A34201D2012030BDBC
:108530008A682244934201D30020F8E7D1E904522B
:10854000954203D36FF00B038B61F5E7CA681B1BE1
:1085500042F835304368086902EBC00253600B698A
:1085600001330B61E2E737B50C46C0B201A91546ED
:10857000EBF74AFC00280CDB019850B121462A4653
:10858000EBF768FC04460198FFF780FF204603B034
:1085900030BD6FF01504F9E743680A689A428FBF4F
:1085A00000234A6801209B1888BF18464B6070471B
:1085B000F0B58368044685B0002B3CD0D0E9046751
:1085C000016A33448B4215D98269934235D8C06819
:1085D00001AA394404F012F9002835D1DDE901126D
:1085E000E06883689B6863B3984768BB236A029A14
:1085F00013442362626AA368B3FBF2F502FB1535EC
:108600003DB12068551B2A4694F82810184408F0FC
:108610005EFAA368E06822683E442B4481684D6896
:108620003146A84758B9E369ABB92369A268134436
:1086300023610023A360002001E06FF0210005B05A
:10864000F0BD6FF05700FAE70028F8DBD2E7135CC3
:10865000DB4313540130A36822688342F7D8E068F3
:1086600081680D683146A8470028E8D13246E369A1
:10867000A168206898470028D7D0E0E72DE9F047A7
:10868000894616469846044698B38268036913449F
:1086900082693344934230D80025D4E90170A6EBB7
:1086A000050A3F1ABA4515D2B54209D22368524687
:1086B000184409EB050108F0FDF9A3685344A360D1
:1086C000B8F1000F1CD0A068A8B12046BDE8F04763
:1086D000FFF76EBF23683A46184409EB050108F01E
:1086E000E9F963682046A360FFF762FF18B93D44CB
:1086F000D3E76FF00D00BDE8F0876FF00B00FAE7ED
:108700004046F8E700697047F0B587B01F46044659
:108710000D46164600F0F1FE022302930DF11603FA
:108720000193BDF83030ADF81600009332463B4659
:108730002946204602F05EFF07B0F0BD70B58AB052
:10874000BDF8386015460021212201A81C4608F01A
:10875000BEF98EB9202C12D82246294601A808F06D
:10876000A9F904F128036B4401A803F8246CEDF780
:10877000B1FB20460AB070BD6FF00604F9E76FF058
:108780000C04F6E72DE9FF411F460D461646044648
:10879000EDF7C4FB8046E9F75CFBBDF8283080B2FA
:1087A000CDE90180009332463B462946204602F03F
:1087B00021FF04B0BDE8F0812DE9F04300F5017917
:1087C000054685B048460F4690461E46FFF79AFF7D
:1087D00078B13346424639464846FFF74FFF0446D4
:1087E0005EB3D5F80002FFF751FE0023C5F8003252
:1087F00023E0D5F80032986803F03AFF0446D5F834
:108800000002FFF785FE8368DB68984703461A7904
:10881000D5F80002D20714D4FFF77AFE214601AA48
:1088200003F0ECFF044640B9DDE90112D5F800027F
:10883000FFF757FE04460028CBD0204605B0BDE820
:10884000F0831B688268E11801395B421940521AB3
:10885000ECE700F50170FFF755BF30B5054685B070
:10886000084605F50071EBF7CFFA044698B9D5F83C
:108870000002FFF74DFED5F8003202949A680146D7
:1088800001925B682A46009305F501704FF400736E
:10889000EBF7FAFA0446204605B030BD0022114637
:1088A000EBF758BB034610B508460AB1002111602A
:1088B00053B1D0B1411E11F8010F80B113F8014B33
:1088C000A04201D13D28F6D100200EE00133136013
:1088D0000AE03D2808D0B0FA80F0400905E0187899
:1088E0002F28F6D1002AF1D1012010BD10B509B111
:1088F00000230B6058B103461A781C4601332AB195
:108900003D2A03D02F2AF7D101B10B60201A10BDE8
:108910002DE9F341DDF8208007460C4615461E463A
:108920000190B8F1000F07D0D8F8001081B9D8F83D
:1089300004E0BEF1000F14D1384601A9EBF782FB29
:1089400058B1C76833462A4621460198B84704E023
:1089500001AAFFF7A7FF0028E9D1002002B0BDE877
:10896000F081D8F808302A46089321463346F44669
:10897000019802B0BDE8F04160470830704710B57B
:10898000134614460A4681880068FFF73CFDA04262
:10899000A8BF204610BD2DE9F04F97B004469A4677
:1089A0008946019200297AD0DAB1BAFA8AF67609B4
:1089B000258F04F1080B0135ADB2A8466F1EBFB27A
:1089C000B7F5004F39D04A233946584603AAFFF776
:1089D0001AFD002807DA10F1020F08BFB8463D461D
:1089E000ECE70126E4E700F158030DEB0300002358
:1089F00003A900F84C3C4846E9F719FA0028EED1E3
:108A000006BBB846B8F5404F4CD0238F04F108059B
:108A1000434538D308F5804153462846019A89B228
:108A2000FFF7BCFB00280ADB46B14846E9F711FA1C
:108A30004A460346414628461EE016B3002017B0BA
:108A4000BDE8F08F39465846FFF784FC0028F6DB76
:108A500005F57F513F31584689B2FFF77BFC00286E
:108A6000EDDB238FBB42E9D12246013B22F8383FA0
:108A70004FF4004102235846FFF790FB00EAE070F4
:108A8000DDE70126BEE7224602234FF400412846D7
:108A900022F8388FFFF782FB0028BBDACFE76FF0B0
:108AA0001500CCE76FF00B00C9E773B5C36B044644
:108AB0000363C3B100F108063046EBF743F80546FF
:108AC00070B902234FF4004130460DF10602FFF762
:108AD0009AFC0028B4BF4FF40043BDF8063023874A
:108AE000284602B070BD6FF01205F9E72DE9F04796
:108AF000D0F808901D4688B0D9F80C3080460F4653
:108B0000164698470368202B23D8002E21DB46EA1F
:108B10000504013B1C401CD120223946684607F061
:108B2000D6FF2046A54202D808B0BDE8F087A5EBE5
:108B3000040ABAF1200F28BF4FF0200A6A465346B4
:108B40004046D9F804703119B8470028ECDB54448A
:108B5000E8E76FF01500E7E72DE9F0418768044684
:108B6000FB680D46164698470379DB0707D4BB68B8
:108B70002BB1324629462046BDE8F04118474179DD
:108B800033462A462046BDE8F041FFF7AFBF07F065
:108B90009EBF07F08FBF01460068EBF7FBBB08B52F
:108BA000EBF74AFCBDE80840EBF7BEBF002101200F
:108BB000EBF7F0BB836E83F30B887047EBF75EBF78
:108BC00061B662B680F31188BFF36F8F704772B6DB
:108BD000002383F31188BFF36F8FBFF34F8F30BF34
:108BE00062B6BFF36F8F704772B6002383F31188AC
:108BF000BFF36F8FBFF34F8F20BF80F31188BFF398
:108C00006F8F62B6704740E800F313F4803FD8B22C
:108C100008BF6FF01500704730B50C684B6885B021
:108C20000A894D890094013B24F01F04234402F07B
:108C30001F0242EA451223F01F0369468DF80820FF
:108C40000393ECF743F805B030BD08B5ECF72EFA06
:108C500008B5ECF723FA002008BD70470346D3E8B7
:108C6000EF0F421EC3E8E12F0029F8D17047D0E88A
:108C7000EF3F0133C0E8E23F002AF8D170470023FC
:108C800003824369C3607047816A8968ECF774BAEC
:108C9000EFF31182402383F31288BFF36F8F002319
:108CA0000B60436833B9C0E9001182F31188BFF348
:108CB0006F8F704719604160F7E7034610B5EFF317
:108CC0001181402282F31288BFF36F8F006828B1B0
:108CD0005C680268A0421A6008BF5A6081F311887C
:108CE000BFF36F8F10BD014608B50830FFF7BFFF17
:108CF000084608BD034618465B68002BFBD1704749
:108D0000426810B52AB10B461C465B68002BFBD1AC
:108D10006260416010BD10B5044628B901F1080039
:108D2000FFF7A5FF084610BD034618465B68002BF9
:108D3000FBD1FFF7E5FF2046F5E792B281600160C5
:108D4000C2808280704783680B4403607047036869
:108D50000B6043684B6083688B6070478388026850
:108D600019448180D018704730B484880568A318EE
:108D70008380281930BC07F09DBE10B58388026837
:108D80005C1C8480D154D01810BD30B58388026833
:108D90009D1C8580D418D154090A617030BD0346EA
:108DA00000689A88401A11441860998070470268D8
:108DB000531E036083880133838002F8011C7047CF
:108DC00003468288521A82800068084418607047FF
:108DD000034600689A88521A01449A8019607047C5
:108DE00010B5036801211C78FFF7EAFF204610BD8B
:108DF00010B5036802211C88FFF7E2FF204610BD72
:108E00000022C0E90122027B016022F00F020273FE
:108E10000B6803B11847704770B504460D46D1B1D1
:108E2000037B5A0717D40268916859B143F00403D1
:108E3000037393689847237B13F002020BD162F30C
:108E4000820323732368C4E900532B681BB12046B7
:108E5000BDE87040184770BD037B816043F002039A
:108E60000373704708B5027B910701D5806808BD80
:108E7000036822F00F0202735B680BB90020F6E76B
:108E80009847FBE77FB5064614460A888B78ADF80D
:108E9000002000210D220DF103008DF8023007F0B3
:108EA00016FE6A466946304604F0B2FC28B9BDF8A1
:108EB00000209DF802302280A37004B070BD13B56D
:108EC0000C4601AA0331FFF7DDFF48B90322204613
:108ED00001A907F00BFEB0FA80F0400902B010BD06
:108EE0000020FBE770B50D4600210446FFF7FEFCAD
:108EF0000D2818D1237B302B13D1002305F8063B16
:108F000004F10C062A462046012302210234FEF712
:108F10000FFDB44205F1FF35F4D1002070BD0123EF
:108F2000ECE7312BFBD06FF01500F7E7EBF744B916
:108F30000020704710B50C460178227888B08A422C
:108F40000ED06946ECF734FC204604A9ECF730FC5F
:108F5000102268460DEB020107F0C8FD08B010BDF5
:108F6000012A06D0022A07D072B940886388C01A45
:108F7000F4E740686368FAE71022611C013008B02A
:108F8000BDE8104007F0B2BD6FF01500E6E7042A17
:108F90000AD0102A0DD0022A4FF0000315D1037019
:108FA0000B88438001207047012303700B684360E6
:108FB000F8E7022300F8013B01F1100351F8042BFC
:108FC000994240F8042BF9D1ECE718467047012389
:108FD00010B50621044600F8013BF6F7B7F818B9BA
:108FE000A37963F03F03A37110BD70B504460D462D
:108FF000E8F72FFF112817D10223E25C3A2A13D198
:109000000333112BF9D1053504F1120601232A4649
:1090100002212046FEF78CFC30B10334B44205F146
:10902000FF35F3D1002070BD6FF01500FBE70B6832
:1090300003608B8883808B798371037823F002032C
:10904000037070470078C0F34000704738B504469D
:10905000807AECF767F86169054649B1637ADB0706
:1090600004D4836A20461B689B6898470023636189
:1090700021462846BDE8384005F069BD2DE9F0419C
:109080000C461746054601F10C0800F10C0140465C
:109090001E46FFF75CFE6269E36839469B1A13FAC5
:1090A00087F36B82012340466B722F82FFF788FEA5
:1090B000E368284673600023628AE36072816382FA
:1090C0003460BDE8F08138B50C46D1E90032054680
:1090D000DA600B684A895A820868ECF7D9F82046AA
:1090E0001022002107F0F3FC2846BDE83840FFF7C6
:1090F000ADBF438A23B9C068B0FA80F04009704719
:10910000002070477047D0F8A03083B15A7CD10757
:109110000DD5D2060DD51B7C102B0CBF04230323C9
:109120004372807A98428CBF00200120704702234E
:10913000F6E70323F4E70F2806D80D280BD80528F7
:1091400014BF022003207047132804D01A2814BF2C
:1091500002200120704701207047D0E8AF0F704710
:109160000B6803608B8883808B798371704703461B
:1091700010B5D3E8EF0F40EA0102C3E8E42F002C5A
:10918000F7D110BD0B4601461878ECF7EBBB38B5AC
:10919000C3681D7875B90F21B3F80100EEF7AAFD79
:1091A000044638B12946EEF7FFFC2046BDE83840BA
:1091B000EEF7AEBC38BD01210C30FFF709BE70B52B
:1091C000C56801212888EEF795FD044690B16E88A8
:1091D000EA88A9882B89A0F8A660A0F8A810A0F8B2
:1091E000AA20A0F8AC30EEF799FF2046BDE8704009
:1091F000EEF78EBC70BD37B5C5680121B5F801002A
:10920000EEF778FD044688B32B781A2B19D1C37872
:10921000012B27D14FF480410430FFF7A8FF43040E
:109220000FD4D4F88C3069460093D4F8943020469B
:109230000193EFF721FB204603B0BDE83040EEF785
:1092400067BC2B7873B940F2E242B5F80330534360
:10925000C4F88830B5F80530A4F89030B5F8073078
:10926000A4F892302046EEF70DFFE4E703B030BDDE
:1092700038B5C5680121B5F80100EEF73BFD04469D
:1092800098B12B783BB9D5F80330C0F89830D5F8B1
:109290000730C0F89C30201D4FF40031FFF767FF06
:1092A0002046BDE83840EEF733BC38BD30B4044644
:1092B000084602EBC3039A4201D130BC7047114605
:1092C00011F8085BA54206D1018A53789942F4D37C
:1092D00030BC536818470A46EDE7D0E8EF3F0B4033
:1092E000C0E8E23F002AF8D170472DE9F047D0F8F6
:1092F0000C80028A98F800309B00013393423DD9DC
:10930000BDE8F08708EB86030F21B3F80100B3F83E
:109310000370EEF7EFFC044628B100F1C80947B925
:109320002046EEF7F5FB013698F800309E42E9DB67
:10933000E6E76569002DF3D0A2692B6895422046C7
:10934000636108BFA361EEF787FBF8F739FCC5F846
:1093500000A0236A7BB9C4E90755D9E8EF3F013B78
:10936000C9E8E23F002AF8D100212046013FEEF78C
:109370007DFBBFB2D3E71D602562EEE70026B24653
:10938000D2E770477047C0F3072353700023107073
:10939000000C9070000AD070C1F30720090E137101
:1093A00050719371D171704738B5C5680121B5F816
:1093B0000100EEF79FFC044688B1E878ECF744FD25
:1093C00084F8A4002879ECF73FFD84F8A500204636
:1093D000EEF7CAFE2046BDE83840EEF799BB38BD2F
:1093E00010B5028843889A4218D8052A16D9B3F5D1
:1093F000486F13D88488B4F5FA7F0FD2C18840F63D
:109400007640A1F10A0292B2824207D804FB0333EC
:10941000B3EB810F34BF0120002010BD0020FCE71A
:1094200038B5C3680F21B3F801001D78EEF762FC70
:10943000044638B365B12846ECF734FD29460246A8
:109440002046EEF723FF2046BDE83840EEF760BB2C
:109450008378012B07D102F07EFF2046FFF753FEF1
:10946000002808BF05252846ECF71CFD29460246C2
:109470002046EEF70BFF002DE5D00521204600F039
:10948000F0FCE0E738BD70B5C6680F21B6F8010002
:109490003578EEF72FFC044670B34DB12846ECF753
:1094A00001FD294602462046EEF7F0FE204603E085
:1094B000F378C27A9A4203D1BDE87040EEF728BB38
:1094C0008278C372012A08D10BB102F044FF204612
:1094D000FFF719FE002808BF05252846ECF7E2FC37
:1094E000294602462046EEF7D1FE002DDED00521AA
:1094F000204600F0B6FCD9E770BD0020704708B5E3
:10950000F2F7D8FC18B1408A003818BF012008BD16
:1095100070B506460D464FF0FF304FF0FF31ECF7C7
:109520006BFC044668B103210C30FFF717FC068082
:1095300085702146BDE87040002240F20640ECF7FD
:1095400041BD6FF0680070BD38B54FF0FF31054682
:109550004FF0FF30ECF750FC044668B102210C30AC
:10956000FFF7FCFB2B88214603800022BDE8384032
:1095700042F21600ECF726BD6FF0680038BD2DE909
:10958000F047814688464FF0FF304FF0FF311746D5
:109590001E469DF820A0ECF72FFC0546A0B1072140
:1095A0000C30FFF7DBFBB9F8003080F80280038055
:1095B000C7700671A0F805A02946BDE8F047002253
:1095C00042F23200ECF7FEBC6FF06800BDE8F087B5
:1095D000C06803780BB9ECF783BE7047F0B5C56877
:1095E00001212F8887B0B8B2EEF784FB064660B33E
:1095F00002ACD5F80220D5F80630019469890091B3
:1096000002F045FD18B34FF0FF304FF0FF31ECF79B
:10961000F3FB0546B0B112210C30FFF79FFB034668
:10962000224623F8027B144603CC596006A98C42DB
:109630001860224603F10803F5D1294642F21A00C8
:10964000ECF778FC3046EEF763FA07B0F0BD4FF068
:10965000FF304FF0FF31ECF7CFFB04460028F1D08C
:1096600002210C30FFF77AFB2146078042F21B00F3
:10967000E6E770B506460D464FF0FF304FF0FF317C
:10968000ECF7BAFB044660B103210C30FFF766FB30
:10969000068085702146BDE8704042F22100ECF75B
:1096A00049BC70BD73B5C368D9789A781E8842EA00
:1096B0000122ADF8002059791A79B4B242EA0122A8
:1096C000ADF80220D9799A79204642EA0122ADF814
:1096D00004201A7A5B7A012142EA0323ADF80630AE
:1096E000EEF708FB054628B902212046FFF7C1FF27
:1096F00002B070BD6946EEF75DFD38B91E21204607
:10970000FFF7B7FF2846EEF703FAF1E74FF0FF3017
:109710004FF0FF31ECF770FB04460028F2D00E2129
:109720000C30FFF71BFB00230680C0F80A30BDF8A1
:10973000003021464380BDF802308380BDF80430FC
:10974000C380BDF80630038142F22000ECF7F2FB43
:10975000D8E7D0E8AF0F70470B6803608B88838031
:109760008B7983717047072208B507F0BFF9B0FA0B
:1097700080F0400908BDF8B50F46144638BB4FF0DD
:10978000FF304FF0FF31ECF737FB054610B32721D0
:109790000C30FFF7E3FA224606463946FFF7DCFFB6
:1097A000C31D04F1100152F8040B8A4243F8040B64
:1097B000F9D11022002106F1170007F088F9294697
:1097C000BDE8F840002242F22700ECF7FBBB6FF047
:1097D0001500F8BD6FF06800FBE7037A02465B07EF
:1097E00005D501462E3211F8010BFFF7C4BF7047B3
:1097F00038B54FF0FF3105464FF0FF30ECF7FCFA7B
:10980000044658B129460C30FFF7B7FA2146BDE8A7
:109810003840002242F22D00ECF7D4BB6FF0680014
:1098200038BD10B400F11803D3E8EF2F22F4005133
:10983000C3E8E41F002CF7D1930404D501215DF89F
:10984000044B00F08CB95DF8044B704770B50446CA
:1098500086B00E4601300131FFF785FF2E34162207
:1098600000210546684607F032F910226946204675
:1098700007F03CF940B11022204606F12E0107F016
:1098800035F9B0FA80F04009284300F0010006B035
:1098900070BD38B54B6805460C4673B90B7A13B9E1
:1098A000037A5B0709D520682A7803789A4204D0A6
:1098B0002946FFF7CBFF00B1656038BD00F1180203
:1098C00008B503461046FFF744FFC1050DD5D2E8A1
:1098D000EF0F40F40050C2E8E10F0029F7D118461D
:1098E000BDE80840002100F03AB908BD08B500F114
:1098F00018031846FFF72DFFC20506D51846FFF7D7
:1099000028FF030644BF01230B7008BD10B50C46A9
:1099100030B919B1F2F77AFA00B1441C204610BDF3
:109920000024FBE770B50D460446002846D0002908
:1099300044D000F118031846FFF70BFF820711D43B
:109940000A68C4F809208A88A4F80D20012222722E
:10995000D3E8EF1F41F01001C3E8E21F002AF7D15E
:10996000002070BD4FF0FF304FF0FF31ECF744FAAC
:10997000064630B307210C30FFF7F0F90346627852
:10998000314603F8012B2A68C0F80120AA8842F268
:1099900035009A800022ECF715FB0028E1D104F194
:1099A0000903AB424FF001031EBF2A68C4F8092027
:1099B000AA88237218BFA4F80D20D1E76FF0150014
:1099C000CFE76FF06800CCE713B5044680B10621FD
:1099D0006846F5F7BBFB48B99DF80530694603F0CA
:1099E0003F0320468DF80530FFF79CFF02B010BD05
:1099F0006FF01500FAE71830D0E8EF3F23F02003AE
:109A0000C0E8E23F002AF7D17047037AD90704D5AE
:109A100023F001030372ECF789BE990704D523F004
:109A200002030372ECF71CBF704700207047D0E8B8
:109A3000AF0F704708B5FFF7FAFF084100F00100CB
:109A400008BD034610B5D3E8EF0F00EA0102C3E8F2
:109A5000E42F002CF7D110BD012310B403FA01F15B
:109A600004464AB1D4E8EF3F0B43C4E8E23F002A82
:109A7000F8D15DF8044B7047C9435DF8044BFFF71C
:109A8000E0BF73B51D469DF81C3004469DF820606C
:109A900063B15EB1069B6A4642F2380120460095EA
:109AA0000193EDF7C1F868B102B070BDCDE90012C5
:109AB00020466A4642F23701EDF7B6F80028F3D1A6
:109AC000002EE7D11834D4E8EF3F43F00403C4E894
:109AD000E23F002AF7D10020E6E72DE9F041804679
:109AE0000F464FF0FF304FF0FF3186B01446ECF7D1
:109AF00083F9054680B300F10C063FB301213046DF
:109B0000FFF73BF901213046FFF737F9304698F867
:109B10000110FFF732F9DCB121883046FFF735F943
:109B2000C4B1A1783046FFF728F9284608F1180299
:109B300003A908230097ECF74DF90022294642F2C9
:109B40003900ECF73FFA06B0BDE8F0813946D6E7B8
:109B50002146E2E72146E5E76FF06800F3E70022DF
:109B6000FFF7BBBF203005F000B910B50446FFF782
:109B7000F9FF2046BDE810405822002106F0A7BF9B
:109B800038B5044620B304F11805FFF7EBFF0821B0
:109B90002846FFF74FFFE8B16FF080012846FFF736
:109BA00050FF030604D52046FFF725FFECF796FD8E
:109BB00009212846FFF73EFF18B100212046EDF7A6
:109BC00071F900222046BDE838401146FFF785BFF5
:109BD0006FF0150038BD2DE9F04385B00F4699466A
:109BE0000446DDF83080F8B100F118060B2130464C
:109BF000FFF720FF05460A213046FFF71BFF3DB166
:109C000018B12AB16FF085000BE0B8F1000FF9D15F
:109C1000CDE901504B4639462046CDF80080FFF78C
:109C200030FF05B0BDE8F0836FF01500F9E7F8B537
:109C3000054618B96FF015042046F8BD00F1180765
:109C400008213846FFF7F6FE06460028F2D14FF00D
:109C5000FF304FF0FF31ECF7CFF80446A0B10121FF
:109C60000C30FFF77BF86B7821460370324642F2E6
:109C70003C00ECF7A7F904460028DDD16FF00101A4
:109C80003846FFF7DEFED7E76FF06804D4E77FB50C
:109C9000C5682878EDF7E2FA044698B143688BB1BD
:109CA0009B687BB101352846FFF7CCF902AE294607
:109CB00050B13046FFF7BBF9636820469B680196B8
:109CC00001A9984704B070BD2078FFF71FFE034636
:109CD000006802909A889B79B280B371ECE701F139
:109CE0002003013813F8012D8B4200F8012FF9D120
:109CF000704700230B60436813B9C0E90011704737
:109D0000196041607047D0F8BC00003818BF0120CE
:109D100070470846896918301160426800211A604E
:109D200010F80D2C06F0D3BE2438EDF72FBE00221C
:109D300003680BB9184670478B4210D10B6842B9C3
:109D400042680360914200D14360002301200B6010
:109D5000704713604368994208BF4260F5E71A46AE
:109D60001B68E6E710B50446006918B1EBF790FAF6
:109D70000023236110BD70B516460D46012104462F
:109D8000EDF774FE012E17D0022E17D1236913B1FF
:109D90002046FFF7E7FF256121690A8A012A39D9A0
:109DA000CB681B8804339BB29A4233D32AD920460E
:109DB000BDE87040FFF7D6BF206918B92046FFF70D
:109DC000D1FF01E02A8A22B92846BDE87040EBF7AE
:109DD0005FBA018A438A46695B1AC168891B5B1AAC
:109DE0009A4207D901460022204600F088FA002353
:109DF0002361E9E7E9680C30FEF7B6FF2846EBF788
:109E000047FAC9E7002323612046BDE870400122DC
:109E100000F075BA70BD10B500F1D002D2E8AF3FC6
:109E20005BB1591CD2E8EF4F9C4204D1C2E8EC1F51
:109E3000BCF1000FF6D1F1D110BD1846FCE710B50A
:109E4000437B0446073B012B02D80121EDF7ACFE12
:109E5000637B2BB12046BDE810400021EDF7A4BE86
:109E600010BD10B5437B0446023B062B16D8DFE835
:109E700003F009041515150B090001730021204694
:109E8000EDF792FE002010BD0088FFF741FB00288F
:109E9000F9D1637B072BF5D10821F0E76FF07F0044
:109EA000F1E710B50446D0F8A00028B9207A04F1F3
:109EB0007001F1F7FFFF38B1E278438A2AB903F065
:109EC0002100003818BF012010BD03F02400F8E77E
:109ED00082780346012A06D1C07A28B1D3F8A000BF
:109EE00010B1007C70470020704710B5837804469D
:109EF000012B27D1437B072B27D10A0601F07F03D3
:109F000010D5021DD2E8EF0F40F40040C2E8E10F87
:109F10000029F7D12046A372F1F794FB08B1637AC8
:109F2000A37210BD427A9A4212D2827A9A420FD21A
:109F3000021DD2E8EF0F20F40040C2E8E10F002933
:109F4000E8D0F6E76FF01500EBE76FF07F00E8E789
:109F50000020E6E78378012B0CBF407A0020704791
:109F600038B5037A04468B42154615D100F17001CD
:109F70000722284606F0BAFD80B1E378072243B9EC
:109F800004F17E01284606F0B1FDB0FA80F04009E8
:109F900038BD04F17701F5E70020F9E70120F7E784
:109FA00008B5EEF7D5F910B1EDF7B2FD012008BD07
:109FB0008378012B0CBF70300020704713B5827876
:109FC0000B46012A15D10A88DB7802F00204D20779
:109FD0008A7848BFB4FA84F4B2FA82F148BF6409BF
:109FE00049090BB941F002010094FFF7C8FA02B029
:109FF00010BD6FF01500FAE7F8B507460D464FF0B3
:10A00000FF304FF0FF31EBF7F7FE0646D0B10E21DF
:10A010000C30FEF7A3FE04460E22002106F057FD89
:10A020003B88314623802B88002263806B8842F274
:10A030001300A380AB88E380EB882381BDE8F84060
:10A04000EBF7C0BF6FF06800F8BD70B484780A46C3
:10A05000012C20D1051DD5E8AF6FC6F3C02436050D
:10A0600002D570BCEEF738BA0988A0F88C10518878
:10A07000A0F88E109188A0F89410D288A0F89620AD
:10A08000D5E8EF3F43F40053C5E8E23F002AF7D19B
:10A09000204670BC70476FF01500FAE7704710B5A6
:10A0A0000446F8F76BFA234653F8402BD2F8BC105D
:10A0B00061B92164D2F8C01061B9C2E92F33F8F751
:10A0C00071FA2068BDE81040EDF74ABD8B42F6D02A
:10A0D0000968EDE70B60C2F8C030F0E703682BB108
:10A0E00041681A688B42026008BF4260704770473F
:10A0F0002DE9F843446B2CB154F8085905B1083DDB
:10A1000000270CB9BDE8F883D4E900682EB3F8F74E
:10A1100035FA0022D6F8BC3004F1400163B199420F
:10A1200033D1236C4ABBD6F8C020C6F8BC3091426C
:10A1300001D1C6F8C0302764F8F734FA04F13009C9
:10A14000002200234846F7F705FD064600BBD8F875
:10A1500004300BB1204698472760E3680BB12046D6
:10A160009847D8F820300BB120469847DDB1AB684E
:10A1700003B1083B2C461D46C3E71360D6F8C03038
:10A18000994208BFC6F8C020D5E71A461B68C5E744
:10A19000B36923B16FF06D02F169206898473046CA
:10A1A000EBF776F8CCE72B46E4E738B5406B0D4685
:10A1B00020B150F8084904B1083C00B938BD4368E3
:10A1C0009B680BB1294698472CB1A36803B1083BA3
:10A1D00020461C46F1E72346FAE7F8B50E46002173
:10A1E0000746154600234FF224420846EEF772FA5E
:10A1F000044630B104210C30FEF7B0FD0770467004
:10A2000045802046F8BD70B505460068B8B1407B72
:10A21000072814D1002A0CBF012002200E7A8642A2
:10A2200010DCC87A07280DD98A61CB6105F13000AE
:10A2300004F082FC2846FFF732FF002070BD6FF06B
:10A240007F00FBE76FF01500F8E7406B28B1838BC8
:10A2500008388B4201D08068F8E7704710B54AB9DA
:10A2600089B2FFF7F2FF28B143689B6913B1BDE8DB
:10A270001040184710BD38B50D460521FFF7E5FF22
:10A28000002329461A46FFF7BEFF044610B12846B0
:10A29000EAF7FEFF204638BD38B50B8A0546032B8A
:10A2A0000C4621D9042104F10C00FEF791FD238A0C
:10A2B00042889A4218D14178B1B10378012B13D06A
:10A2C000132B11D0022201202D68FFF786FF0446D0
:10A2D00050B102210C30FEF741FD002321460370EE
:10A2E00043702846FFF7C7FF002038BD406B28B1F8
:10A2F000838908388B4201D08068F8E7704738B509
:10A300000B8A0546032B0C4604D82046BDE838408E
:10A31000EAF7BEBF042104F10C00FEF759FD4188A5
:10A320002846FFF7E3FF0028EFD0436821465B692A
:10A330009847EAE770470346006828B15968026801
:10A3400088421A6008BF5A6070470346002003B96C
:10A3500070471A8A5B681044F9E710B5D468023177
:10A36000237813B92170012010BD8B42FBD0038AE2
:10A37000023B038200201061F6E72DE9F04104461C
:10A380008868FFF7E2FF638B628D0D46934228BF1A
:10A39000134683421DD300272165D1F808808F60C2
:10A3A000F8F7ECF841462046EEF7CAFA064638B10F
:10A3B000C5F808802765F8F7F5F83046BDE8F08164
:10A3C000618D638B2846994228BF1946F0F7F8FC47
:10A3D000F1E76FF07906F0E72DE9F041C46907462F
:10A3E00044B154F8986906B1983E0022154607F129
:10A3F00004080CB9BDE8F081236D9BB905B98AB991
:10A400004046FFF798FF054658B101462046FFF742
:10A41000B4FF0028EED07B682B60BB687D6003B979
:10A42000BD60224636B1D6F8983003B1983B344629
:10A430001E46DEE73346FAE708B503680A8A18685D
:10A44000C96801F0A7FB002008BD38B5054601F139
:10A450000C000C46FEF7CCFC2D680146238A2868C8
:10A46000E26801F086FB002038BD38B504460D4691
:10A47000EEF766FA30B1294604F15400BDE83840E1
:10A4800004F05ABB38BD70B5044601F10C000D460E
:10A49000FEF7AEFC266801462B8AEA68306801F0B8
:10A4A00068FB1E2100222046EEF7A2FA014610B1F9
:10A4B0002046FFF7DAFF002070BD70B40668F2692D
:10A4C0005AB3144654F8983903B1983B0022114608
:10A4D0007CB9438D408B8B4201D890421FD9824278
:10A4E00038BF02469942306838BF194670BCF0F751
:10A4F00033BB844207D0658D648BA94238BF29469F
:10A50000A24238BF224633B1D3F8985005B1983DE6
:10A510001C462B46DCE71D46FAE71146D9E770BC1E
:10A52000704773B51446014605464FF4957220688E
:10A5300001F03AF9207530B92946206801F08EFB08
:10A5400020B908232375002002B070BD237AB3B16F
:10A55000A3F11802534253419B000193638A294699
:10A560000093AE68238AE2682068B047002808DBC1
:10A57000238A83420CD1002301202375E4E70223C0
:10A58000EBE710F1FF0F03D34042C0B22075DAE7CA
:10A590000E20FBE7F8B5936805460F46144616688B
:10A5A00063B9506801210C30FEF7D8FBA0602B681E
:10A5B0001B78002B14BF022301230370A3681B78B0
:10A5C000012B03D0022B1FD000201CE02B681B782E
:10A5D000002BF9D1606804210C30FEF7BFFBE0606E
:10A5E00007802A68E36852885A806168728D738B8D
:10A5F000088A9A4294BFC0EB0200C0EB0300042813
:10A6000094BF00200120F8BD2B681B78022BDBD102
:10A61000606812210C30FEF7A1FBE06007802B6818
:10A62000E268591C0232113351F8040B994242F886
:10A63000040BF9D16168728D738B088A9A4294BFBA
:10A64000C0EB0200C0EB03001228D9E7D068043148
:10A65000037813B90170012070478B42FBD00020B2
:10A6600091680B8A043B0B82106170472DE9F04121
:10A67000884617460121042205461E46EEF7B8F922
:10A68000044670B104210C30FEF768FB80F80080AE
:10A69000A0F80170C67021462846BDE8F041FFF7DA
:10A6A000E4BEBDE8F0811FB5CDE9012300231A46C1
:10A6B0000093EFF7F3FC05B05DF804FB002203689C
:10A6C00003B970478B420FD10B683AB942680360F7
:10A6D000914200D1436000230B60704713604368D0
:10A6E000994208BF4260F6E71A461B68E8E7D0E8DF
:10A6F000EF3F43F00802C0E8E12F0029F7D1C3F390
:10A70000C000704707B5CA680C21138852880092B0
:10A710000D22EEF753FA03B05DF804FB07B50022F3
:10A72000CB680A211B8800920B22EEF747FA03B090
:10A730005DF804FBF8B5CB6804461F88BBB2162B46
:10A7400024D90321EEF7B6F9064608B302210C30EE
:10A75000FEF704FB00256FF00803457003703146D7
:10A760002046FFF782FEF7236383236867851B6813
:10A770000433D3E8EF1F41F48031C3E8E21F002A1D
:10A78000F7D12046FFF799FE2846F8BD0420FCE7E4
:10A790000E20FAE770B504460E4600220023084654
:10A7A000F7F7D8F9054658B101462046EEF7C8F844
:10A7B000044618B12946304604F0C9F9204670BD58
:10A7C0006FF00104FAE737B50C46054601F10C00BD
:10A7D000FEF70EFB228A03460192E26812210092E4
:10A7E00028461322EEF744FC03B030BD37B50C46C3
:10A7F000054601F10C00FEF7FBFA228A034601929E
:10A80000E2682846009200221146EEF731FC03B0C0
:10A8100030BD2DE9F04342F60103002591B0D2F896
:10A82000008007460E4600680BA9D8F8049014462D
:10A830008DF82C50ADF82E30FEF77CFB002800F090
:10A8400082804FF4205338680BA98DF82C50ADF856
:10A850002E30FEF76FFB38B1A3681BB15A88B242A5
:10A8600000D25E80012010E061680846FFF76DFDB0
:10A87000B8F82A20B8F81A309A4294BFC0EB020008
:10A88000C0EB0300032803D8002011B0BDE8F0831B
:10A890000846FEF72FFA054661680846FFF755FDA2
:10A8A0006B8A2A8AA3EB020C6B69EA68D21AACEBBA
:10A8B0000203B8F81AC0B8F82A20944594BFC0EB38
:10A8C0000C00C0EB0200834228BF03466BB9887AB4
:10A8D000EAF728FC00220023FEF7D6F905460028F7
:10A8E000D2D001466068FEF716FA0023009339467D
:10A8F000D7F804801023484602AAC047071E22DB6F
:10A90000227CE068BA421AD001460BA8FEF73FFB52
:10A91000C8B1FAB202A906A8FEF739FB98B106A998
:10A920000BA8FEF707FB70B900230421637405F13F
:10A930000C00FEF713FAA0600680A36891E702A955
:10A9400006F0D4F8EFE70023A3608BE72DE9F04F82
:10A95000064685B0104690469946FFF7F6FC738B85
:10A96000728D8B46934228BF1346834275D9736814
:10A9700040460393FEF7BEF94FF0000A04464046F6
:10A98000FFF7E3FCE168228A658A6369AD1ACB1A96
:10A99000ED1A778B738D9F4294BFC0EB0700C0EB1D
:10A9A0000300854228BF054625BB98F80A00EAF750
:10A9B000B9FB00220023FEF767F9044608B95746A1
:10A9C00027E001464046FEF7A6F94046FFF7BDFCEA
:10A9D000E168228A658A6369AD1ACB1AED1A778D10
:10A9E000738B9F4294BFC0EB0700C0EB030085420E
:10A9F00028BF0546CDF80090DBF804700A440398A0
:10AA00005946ABB2B847071E07DABAF1000F18BFB4
:10AA10005746384605B0BDE8F08F0E9BABB93946B6
:10AA200004F10C00FEF79AF94046FFF78EFC738D97
:10AA3000728BB944934228BF13468342BA441FFA2B
:10AA400089F9BCD9AF429AD0B9E7394620460F9A66
:10AA50000E9B98470028E2D1B1E70027D9E70023F1
:10AA60002DE9F34117681446D7F8048001461373A3
:10AA700006469522404600F097FE0546207330B901
:10AA80003146404601F0E8F828B908232373002036
:10AA900002B0BDE8F081A068798B7A8D038A91427B
:10AAA00094BFC3EB0103C3EB0203012BEFDD0221D3
:10AAB0000C30FEF753F9CDE900558046A3883146A6
:10AAC0003846A268FFF742FF031E06DA13F1FF0FB4
:10AAD0002ABF5B420E23DBB2D8E70120A8F8003082
:10AAE000D6E700232DE9F34117681446D7F8048010
:10AAF0000146137306469522404600F055FE054672
:10AB0000207330B93146404601F0A6F828B9082331
:10AB10002373002002B0BDE8F081CDE90055314635
:10AB20003846A388A268FFF711FF002807DA10F162
:10AB3000FF0F32BF0E204042C0B22073E9E7012070
:10AB4000E8E7F8B5054650F8044C071F00F1480344
:10AB5000D3E8EF1F21F00401C3E8E21F002AF7D178
:10AB6000FCB1EB6C83B9636873B1201DFFF7E3FBA5
:10AB7000064601463846FFF700FC90B16368336033
:10AB8000A368666003B9A660384605F15001FFF777
:10AB900001FE30B1384604F10C01BDE8F840FFF782
:10ABA000F9BDF8BD08B5437B072B01D0002008BDD7
:10ABB0000421FFF79BFB0028F8D000F14803D3E8FD
:10ABC000AF3FDB07F2D550F8040CF0E738B5054687
:10ABD000D1E8AF3FDB0716D550F8040C98B1EB6C09
:10ABE0008BB90430FFF7A7FB044660B10146281F6C
:10ABF000FFF7C3FB38B155F8043C5A6822609A68E5
:10AC00005C6002B99C6038BD70B50E461546FFF712
:10AC1000C9FF78B1C3696BB1184650F8983903B1D0
:10AC2000983B691C428D448BA24228BF2246914228
:10AC300002D93BB9002070BD2A463146BDE87040BC
:10AC4000EDF7D6BED3F8984004B1983C1846234699
:10AC5000E8E7EFF795B908B5FFF7A4FF40B1C06981
:10AC600030B1024652F8983903B1983B002002B93E
:10AC700008BD518B528D8A4228BF0A46904238BF88
:10AC8000104633B1D3F8981001B198391A460B46E3
:10AC9000EDE71946FAE710B504466438EEF7B4FC60
:10ACA00054F8640C1321BDE81040FFF7DAB870B512
:10ACB00050F8043C0446061F002B34D039B1C36C55
:10ACC000002B30D01B7CDA072DD505231EE005684C
:10ACD0002846EFF761FF6B7A012B24D0E46C14B3A4
:10ACE000237CDB071FD5E368002BEED0304662697A
:10ACF000617CEDF77DFE054638B1D4E90512E368C5
:10AD0000984750B12846EAF7C3FA0E23002230468E
:10AD1000BDE870401146EEF741BC29463046EDF7DC
:10AD20000FFE0028EED170BD70B5CE6804463388A2
:10AD30000D469AB2162A06D8002204231146EEF7D1
:10AD40002DFC002070BDF72243854283FFF7B5FB41
:10AD50000023314620462A8AF1E708B500230A8AF3
:10AD6000C968EEF71BFC002008BDFFF7F6BFFFF730
:10AD7000F4BFFFF7F2BFFFF7F0BFFFF7EEBFFFF73B
:10AD8000ECBFFFF7EABFFFF7E8BFFFF7E6BFFFF74B
:10AD9000E4BFFFF7E2BF70B50D46FFF703FF0446BF
:10ADA00028B92846EAF774FA6FF07F0070BD00F109
:10ADB0000C062946304603F0BFFEE469C4B154F8DE
:10ADC000985905B1983D0022104607E022467DB112
:10ADD000D5F8983003B1983B2C461D46831C01D111
:10ADE000002AF4D131462046FFF7D4FC0028EDD1EB
:10ADF0000020DBE738B505460C46F7F7BFFB2846D1
:10AE0000FFF7D0FE20B9F7F7CDFB6FF07F0038BD1C
:10AE10000023236083683BB9C0E90144FFF7DCFAF3
:10AE2000F7F7C0FB0020F2E71C608460F6E710B57E
:10AE30000C46FFF7B7FE90B1C36943B153F8482CF5
:10AE4000983B9169A14209D0D3F89830F5E7406862
:10AE500028B18369A34202D00068F9E7104610BD0B
:10AE60000120704708B5FFF79DFE78B1C3696BB14B
:10AE7000983B03F14C02D2E8EF0F20F00800C2E843
:10AE8000E10F0029F7D1D3F89830F0E708BD08B5F5
:10AE90000421FFF72BFA20B14830D0E8AF0FC0F300
:10AEA000C00008BD10600020704710B5029CA36868
:10AEB00033B1B1F5807F28BF0E21CAB22146984731
:10AEC000A37DE268013BDBB2A37522B11BB920462A
:10AED000BDE81040104710BD106091800020704701
:10AEE000B1F5807F28BF0E21009AC9B213681847B8
:10AEF00000207047072208B505F0F8FDB0FA80F091
:10AF0000400908BD70B50378044693420E461546C5
:10AF100003D10130FFF7EEFF70B9A37AAB420DD138
:10AF2000314604F10B00FFF7E5FF20B101235B423E
:10AF300003F00A03E01870BD0023F8E70020FAE7E9
:10AF4000034610B5D3E8EF0F40EA0102C3E8E42F4F
:10AF5000002CF7D110BD034610B5D3E8EF0F00EA7F
:10AF60000102C3E8E42F002CF7D110BD0B68036089
:10AF70008B8883808B79837170472DE9F0410D4672
:10AF8000069C06466FF0040104F11000FFF7E3FF92
:10AF900045B33046EEF734FD074680B16368B5F53A
:10AFA000807F28BF0E251BB122463046E9B2984764
:10AFB000BB6823B100221D6804F114000BB9BDE881
:10AFC000F081834206D1234639463046BDE8F04140
:10AFD000EEF76ABC25B129681A462B460D46EDE707
:10AFE0002946F9E763681BB122462946304698474F
:10AFF000A389002BE3D1256821463046AC46BDE845
:10B00000F0411A46604711F1680F01D0FFF7B5BF54
:10B010007047D0E8AF0F704770B50D46064611F87F
:10B02000010BEDF795F9044610B12C89ECF770FD92
:10B03000A87A05F10B01EDF78BF928B16B8A9C42D8
:10B0400038BF1C46ECF764FDAB8AA34207D0AB695E
:10B05000AC8223B121463046BDE87040184770BD30
:10B0600008B502210C30FDF779FE6FF008020346A7
:10B0700000201A70587008BD10B5144602210C301B
:10B08000FDF76CFE23890380002010BD10B5144627
:10B0900004210C30FDF762FE23890380638943801D
:10B0A000002010BD70B51446002500F10C06626842
:10B0B000EBB29A4205F1010501D8002070BDA268EB
:10B0C000304632F81310FDF760FEF0E7FFF7EABFF5
:10B0D000F7B5089D06460C462F6851B973B9002391
:10B0E0002A460893E1B23046BC4603B0BDE8F040C2
:10B0F0006047B1F5807F28BF0E24F0E70093134628
:10B100002A46B847089423462A4621462F68EAE78C
:10B11000F0B50D4687B0114606461A460C9C5DB93F
:10B1200083B92768002322463046BC46E9B20C9317
:10B1300007B0BDE8F0406047B5F5807F28BF0E2519
:10B140002768EFE703A8FDF7F8FDBDF81030012BE5
:10B1500008D8002300932246194630462568A847A0
:10B1600007B0F0BD022103A8FDF732FE0346BDF88B
:10B17000102033F8027B0021974228BF1746009722
:10B18000224630462568A847394603A8FDF720FE29
:10B19000DBE738B5BDF810401546A2420CD84CB1DB
:10B1A0006BB1A41A8C42A8BF0C46A4B2224659190E
:10B1B00005F080FC204638BD6FF00604FAE76FF01A
:10B1C0000D04F7E730B585B0C96814461D46EEF7A3
:10B1D000F3FB00B100890223ADF80E00009329466D
:10B1E0002046BDF820200DF10E03FFF7D2FF05B079
:10B1F00030BD1FB50C461946E36810461C78BDF8F3
:10B2000018203CB110240133069404B0BDE810406E
:10B21000FFF7BFBF5B88ADF80E30022300930DF13E
:10B220000E03FFF7B6FF04B010BD30B51D46002376
:10B2300085B014468DF80C30EEF7A0FB10B1037A00
:10B240008DF80C300123294600932046BDF82020BC
:10B2500003ABFFF79EFF05B030BD38B5154600F1D2
:10B260000C0404212046FDF779FD2B8903806B89AE
:10B270004380E9680B782BB920464988FDF785FDA6
:10B28000002038BD102220460131FDF76DFDF7E7A3
:10B29000002203680BB9184670478B4210D10B6827
:10B2A00042B942680360914200D14360002301200B
:10B2B0000B60704713604368994208BF4260F5E72E
:10B2C0001A461B68E6E710B5EEF7B2FA044640B13D
:10B2D000014611F8010BEAF79BF900232360636034
:10B2E000A36010BD70B500F1700605463146007AC6
:10B2F000FEF705F904463146287A1CB1BDE87040D6
:10B30000FFF7E1BFEEF794FA10B104604460846087
:10B3100070BD022A10B508D1002300F170011A4651
:10B32000007AEEF7C7FB022010BDFFF7DBFFFAE75C
:10B33000F0B5076806463D78144689B035BB7B8872
:10B34000B3F5245F04D01BD8A3F52053032B1DD8DD
:10B35000ADF80A10022220460DF10A0104F0E0F9CE
:10B3600048B97B88022220460DF10A01ADF80A3067
:10B3700004F0D6F970B16FF01503C4F8903106E00F
:10B3800003F55643FF339BB2042B15D901252846FC
:10B3900009B0F0BD009003AA132331467768B8477F
:10B3A000021E02DAC4F89021F1E703A9204604F056
:10B3B000B7F90028EAD0DEE7ADF80A1002222046ED
:10B3C0000DF10A0104F0ACF90028D4D17B880222E7
:10B3D000ADF80A300DF10A01E8E738B5144600F17E
:10B3E0000C0502212846FDF7B9FC63890380A18979
:10B3F0002846FDF7CAFC042104F11000FFF7A0FD68
:10B40000002038BD08B50C3029B10121FFF798FDA7
:10B41000C043084008BD6FF00101FFF79CFD00F03C
:10B420000100F7E710B50446FFF7ECFF38B12146FD
:10B43000BDE81040012211F8010BEEF7FFBA10BD74
:10B440002DE9F0419846BDF818300646012B174605
:10B450002ED84344012B45462DDCEEF78FFA0446E7
:10B4600018B9EEF78BFA044640B3B8F1000F11D0CB
:10B470000023217A21FA03F2D00703D53A78DA4083
:10B48000D2071ED50133032BF4D13B7803F0070319
:10B490001943217206F17001601CFFF767FD337AD2
:10B4A000012120462370FFF7BDFF2846BDE8F0814B
:10B4B0006FF00605F9E76FF00C05F6E76FF0100581
:10B4C000F3E76FF01205F0E770B504461546FFF795
:10B4D000C7FC48B12046EEF751FA28B1037ADB07E2
:10B4E00002D50121FFF79EFF85B9207A04F1700192
:10B4F000EEF79EF9024648B1014685600423BDE897
:10B50000704011F8010B0832EAF774B870BD2DE9EC
:10B51000FF41884616461F46044628B96FF01505B8
:10B52000284604B0BDE8F08102A9FDF7DBFC054622
:10B530000028F3D1204601A9FDF7D8F90198D0B928
:10B54000002002A9EEF73CF9044648B9EEF716FAD6
:10B55000044678B3002302A900F8013BFFF706FD7B
:10B56000B8F1000F22D0022269463846B0470028C1
:10B5700008DA0546D4E70A222946FAF7BDFC002876
:10B58000DED0CBE79DF800300228237204D00021E2
:10B590002046FFF747FFC3E79DF801100129F6D8C1
:10B5A000204601F00101FFF72DFFB9E72046EEF735
:10B5B00053FBB5E76FF00B05B2E737B504460D4610
:10B5C000EEF7FEF8024698B1037A0C308DF804309D
:10B5D000FFF71FFD10F0010318BF01238DF80530A0
:10B5E000022301AA29462046EAF71AF803B030BD23
:10B5F0000346F7E738B5BDF81010BDF818401046FF
:10B60000A142059D0CD84CB16DB1641A9C42A8BFF3
:10B610001C46A4B22246294405F04CFA204638BD07
:10B620006FF00604FAE76FF00D04F7E713B5044670
:10B6300010B9002002B010BD00238DF8043042F68E
:10B640000303006801A9ADF80630FDF773FC00287C
:10B65000EFD1E36898880028ECD12046EEF7EEFCA5
:10B66000013080B2E6E770B5CC681E46A37988B099
:10B6700008468DF80C301546FFF7D8FFADF80D00E1
:10B68000246823786BB96388ADF80F3005230093E5
:10B6900031462846BDF8302003ABFFF77AFD08B0ED
:10B6A00070BD631C0DF10F02113453F8041BA3424B
:10B6B00042F8041BF9D11323E9E71FB5CDE90123B3
:10B6C00000231A460093EEF7E9FC05B05DF804FB91
:10B6D000EEF7D4BD38B5044659B100F170052946DE
:10B6E000007AEEF761FE2946207ABDE83840FFF780
:10B6F00064BF38BDF8B506460F46EEF77DF839460B
:10B7000004463046FDF7FBFE48B344B304F1080598
:10B710006FF001012846FFF71EFCC20703D539462A
:10B720003046EEF741FE6FF002012846FFF713FCAA
:10B73000830703D539463046FFF73FFF2846FFF71A
:10B7400068FC60B9234603F8010BC4F80100C3F894
:10B750000300D5E8EF3FC5E8E20F002AF9D1F8BDB4
:10B7600038B5A0F17705441C15F8010C29460C35B5
:10B77000FFF7C0FFA542F7D138BD002313B58DF800
:10B78000043042F60303044601A90068ADF8063010
:10B79000FDF7D0FB18B92046EEF752FE04462046CE
:10B7A00002B010BDFFF757BA38B54C8AD30705462B
:10B7B000C4F30E0404D514F0950F2AD04B6843B39C
:10B7C000900704D514F4957F25D08B681BB31440E3
:10B7D00014F4DE7F0DD0EB7A2BB92846FEF761FB1F
:10B7E000D8B9052038BD14F0300F04D114F4C07F4F
:10B7F00007D10020F6E72846FEF7ACFB0228F5D873
:10B80000EFE7D5F8A030002BEBD05B7CDB06E8D56A
:10B81000EFE70220E6E70320E4E70F20E2E72DE967
:10B82000F041437B0646072B0C46154686B040F098
:10B83000858000238DF8143042F60303206805A9A3
:10B84000ADF81630FDF776FB90B96768002F75D01C
:10B8500001232146009004AAB84701286ED19DF823
:10B86000103013F0300F69D02046EEF7E9FD0446A2
:10B87000002320688DF8143042F6021305A9ADF8B4
:10B880001630FDF757FB18B12046EEF7D9FD0446F8
:10B89000002742F60218206802A98DF80870ADF85A
:10B8A0000A80FDF747FBF8B9002320688DF81430B3
:10B8B00042F6021305A9ADF81630FDF73BFB002850
:10B8C0003CD16768002F39D00090022321463046D2
:10B8D00005AAB847022831D1BDF8143005EA0300A3
:10B8E000003818BF01202AE042F60303206803A9AC
:10B8F0008DF80C70ADF80E30FDF71CFB0028D3D08E
:10B900004FF42053206804A98DF81070ADF8123060
:10B91000FDF710FB0028C7D042F60103206805A9F7
:10B920008DF81470ADF81630FDF704FB0028BBD07D
:10B930002046EEF785FD04460028ACD1002006B075
:10B94000BDE8F081F8B514460F46942261680646BA
:10B95000FFF72AFF20BB012230466168FFF75FFF37
:10B9600008B3A2891B2130460232FFF74DF9054684
:10B97000E0B1A1890C300231FDF7F0F920F8027B2B
:10B98000A289A16805F096F8D4E90412284601239B
:10B99000EDF7F8FE29463046BDE8F840FFF7FBB961
:10B9A0004FF0FF30F8BD6FF01500FBE76FF00B00B4
:10B9B000F8E72DE9F74F0C9C804691461E460D4650
:10B9C00041B96BB92668002322460C93E9B2404680
:10B9D000B44632E0B1F5807F28BF0E252668F2E735
:10B9E0006368002B59D1013E25896789B6B202F1FF
:10B9F000010A002E33D099F80010B14228BF314619
:10BA0000012907D80023224604210C9325684046CB
:10BA1000AC4612E0BAF80020023993B289B2002B8A
:10BA20005AD09D42D4F800B001D89F4209D20023D9
:10BA300022460E214046DC460C9303B0BDE8F04F91
:10BA40006047228140460091224600210AF102030C
:10BA5000D847002840D099F80030B3420BD921468E
:10BA60004046EEF7A3FF002836DA00230C93224667
:10BA70000E212568CBE7238962899A4205D10023EC
:10BA80000C93224619462568C1E70133238199F8B2
:10BA90000030F61AB6B29A44ABE700961346276810
:10BAA0002246B847C0B1238A013B9E4205DA0C9575
:10BAB0002B4622462946266889E7638921461E448B
:10BAC00040466681EEF772FF002805DA0C952B469A
:10BAD00022460E2126687AE703B0BDE8F08F73B5E1
:10BAE00004460D46F6F74AFD29462046FFF79FF922
:10BAF000014620B902B0BDE87040F6F753BD466874
:10BB00002046EDF717FEF6F74DFD2EB100230E216E
:10BB10001A4620460095B04702B070BD2DE9F047A7
:10BB20008C68054692469846BDF8209024B154F89A
:10BB3000147907B1143F0CB9BDE8F0872389534548
:10BB40000ED16A7AA37B9A420AD34B4642462146DB
:10BB500028462668B04718B921462846EEF76CFFFC
:10BB60002FB1796901B114393C460F46E3E73946F4
:10BB7000FAE7F7B50D46044616461F46EDF740FFB7
:10BB8000014628B133462A4620460097FFF7C6FFF4
:10BB900003B0F0BDF0B587B005460E461746EDF789
:10BBA0002FFF044640B13A46314603A8FDF7C5F8D9
:10BBB000BDF81030042B01D807B0F0BD042103A854
:10BBC000FDF706F9BDF8101046880288B142F3D39C
:10BBD0002146031D00962846FFF7A0FF314603A823
:10BBE000FDF7F6F8E4E72DE9F04105468846EDF764
:10BBF000C5FE0446E0B1037ADB0719D500F10C0756
:10BC00003846FFF706FA10F0010611D1B8F1000F1F
:10BC10000FD06FF002013846FFF79DF910F0020FC8
:10BC2000284609D0FFF71EF901212046FFF7FAFB4D
:10BC300001263046BDE8F081FFF712F90028F8D060
:10BC40002846FFF724F90028F3D06FF002013846A8
:10BC5000FFF781F92846E5E701207047012070478A
:10BC600013B5C068144668B100238DF804304FF452
:10BC7000C05301A9ADF80630FDF75CF910B923688F
:10BC800001332360012002B010BD0720704708B5C2
:10BC90000621FEF72BFB00B1EC3808BDD0E8AF0F52
:10BCA000084100F00100704738B50A46034609B95B
:10BCB000012038BD488A10F0240FF9D0197D5D7B32
:10BCC000147CA94228BF29468C4201D90020F0E704
:10BCD000800607D4517CC9070BD4187A003818BFE6
:10BCE0000120E6E70521181DFFF7D8FF0028F1D154
:10BCF000ECE7197A0029E9D00521181DFFF7CEFFDE
:10BD000018B9197A01390129E0D9527CD207CFD468
:10BD1000E3E701238B40DB43D0E8EF2F1A40C0E874
:10BD2000E12F0029F8D170470720704701238B408D
:10BD3000D0E8EF2F1A43C0E8E12F0029F8D170476F
:10BD400008B50E21FFF7F2FF002008BD38B5054603
:10BD50000B4604300D21FFF7A1FFA0B1DC68D5F838
:10BD6000EC300220197A03F1700200F08CFB80B1F4
:10BD7000224600F12E0304F1100152F8040B8A420E
:10BD800043F8040BF9D128460921FFF7CFFF002023
:10BD900038BD0820FCE738B504210446EFF700F968
:10BDA000054698B110210C30FCF7D8FF04F12703A9
:10BDB00004F1370253F8041B934240F8041BF9D1F5
:10BDC00020462946EFF7A2F8002038BD0820FCE7FE
:10BDD0002DE9F047044690B00CAD10220021284612
:10BDE00004F075FE237A052B1ED8DFE803F0060366
:10BDF00003061D21D4F8D8300C93D4F8EC3004F1AC
:10BE0000470204F1C707CDE9017204F1370803F1D5
:10BE10007E0204F12709009241464A46773304F135
:10BE20009700F0F743F998B1082010B0BDE8F0870B
:10BE3000D4F8E430002BE0D02E4603F11007324650
:10BE400018685968083303C2BB421646F7D1D4E7D5
:10BE5000D4F8EC3008AE03F177027E33019304F19D
:10BE600011030292009342462B46494638460396F8
:10BE700000F075FB0028D7D1237A052B0FD1D4F819
:10BE8000E010002948D00B46AC4601F1100E624686
:10BE900018685968083303C273459446F7D1D4F83B
:10BEA000EC300DF1100A03F17E027733019304F1B7
:10BEB0000A03029200934A462B4641463846CDF883
:10BEC0000CA000F04CFB0028AED11022514604F12A
:10BED000B70004F00BFE20BB0D212046EFF760F801
:10BEE00007460028A0D010210C30FCF737FF32465F
:10BEF0000346164603CEAE4218605960324603F13F
:10BF00000803F6D139462046EFF700F8201D01213D
:10BF1000FFF70CFF002088E71022284604F0D7FD29
:10BF2000BDE70B2081E770B5D0F8EC300446DB7834
:10BF3000012B19D1CD68061D10213046FFF7E9FE0F
:10BF40002B4604F1B70205F1100153F8040B8B42A4
:10BF500042F8040BF9D107213046FFF79FFE28B1C4
:10BF600009213046FFF7E2FE002070BD0A2130466D
:10BF7000FFF794FE0028F3D12046BDE87040FFF79C
:10BF800027BF70B5061DCD6804460B213046FFF76C
:10BF9000C0FE2B4604F1170205F1100153F8040B03
:10BFA0008B4242F8040BF9D1237A012B09D0022BE2
:10BFB00013D120460421FFF7B9FEBDE87040EFF72A
:10BFC000BBB80A213046FFF769FE0028F1D03046A1
:10BFD0000021FFF7ABFE002070BD0820FCE7072022
:10BFE00070470720704707207047012303FA01F1CB
:10BFF000CA4330B5D0E8EF3F03EA0204C0E8E54F9A
:10C00000002DF7D101EA0300003818BF012030BD30
:10C0100038B504460025031DD3E8EF2FC3E8E15FE0
:10C020000029F9D104F59C7002F09FFE2572D4E836
:10C03000EF3FC4E8E25F002AF9D12046BDE838406E
:10C040000121FFF773BE70B500F1700605460C467E
:10C0500007223046096804F049FDB8B963681A68D8
:10C060002A679A88A5F874209B7985F87630D5F8E8
:10C07000A0305BB1A268934208D062681168C3F82F
:10C0800001109188A3F805109279DA7170BD2DE93D
:10C09000F84FDDF82C80044692461F46BDF82890E4
:10C0A000FFF7F5FD054600285CD0061DB9F1000F2D
:10C0B00027D15AEA070324D103213046FFF7EEFDCA
:10C0C000F8B101213046FFF7E9FDD0B12C7D6B7B43
:10C0D00005F147019C4228BF1C462246404604F019
:10C0E000E9FC0F2C06D84946C4F1100208EB040005
:10C0F00004F0EDFC30460121FFF718FE0120BDE8F9
:10C10000F88FD4F8A03083B904F1700B5A46202080
:10C11000217AEFF757FEC4F8A00030B95A46012043
:10C12000217AEFF74FFEC4F8A000B9F1000F0CD14F
:10C130005AEA070709D1D4F8A01031B14B8A9B06FF
:10C1400003D50C7C1E312246C8E70F213046FFF78D
:10C15000A5FD20B1022206212046ECF797F82846DB
:10C16000FFF756FF0020CAE76FF085007047F8B56B
:10C17000031D06460F4618460221FFF78FFD0446B1
:10C1800020B1B6F8E840B4FA84F4640903211846F3
:10C19000FFF784FD58B139463046EFF715FB05210E
:10C1A00094B1D6F8EC00FDF75CFE0020F8BD01214B
:10C1B0001846FFF773FD0028EDD10F211846FFF751
:10C1C0006DFD0028E7D1EAE73046EEF7E9FE0546C7
:10C1D00088B101210C30FCF7C1FD234607702246CF
:10C1E000294606F1EC00FEF70EF80028DDD02846BF
:10C1F000E9F74EF8D9E76FF06800D7E770B5044665
:10C200000820EEF727FE0546E0B1061D082130465E
:10C21000FFF77FFDBCB30721FFF77BFD234605F148
:10C22000970204F1200153F8040B8B4242F8040BEF
:10C23000F9D10A213046FFF731FD70B109213046AE
:10C24000FFF774FD0720EEF705FE0446E8B1EEF7B0
:10C2500075FED0B10821204612E010213046FFF7CC
:10C260001DFD09210028EAD13046FFF717FD0028FF
:10C27000E8D02846FFF7ACFD01460028E2D028466A
:10C28000FFF775FFDEE70B21F9E770BD2DE9F041FF
:10C290000E460446D0F8EC80EEF7F6FDF768261D52
:10C2A00005460A213046FFF7A0FE38B16DB9204699
:10C2B0003978EFF789FA0020BDE8F0810B2130468C
:10C2C000FFF793FE0028F1D1F1E72B69002BEED0A8
:10C2D00040469847EBE770B50446A0F1EC0650F8ED
:10C2E0004C3BE83CD3F8A05002F03FFD0321204630
:10C2F000FFF7D4FCA0B108213046EFF765FA3DB155
:10C300006B8A13B16B7C9B0702D5284600F0CFF8EF
:10C310003046BDE870404FF4B872002104F0D7BB3E
:10C3200001212046FFF7BAFC0028E4D10F21204666
:10C33000FFF7B4FC0028DED1E1E710B50446082180
:10C34000A0F59C70EFF740FAA4F59A700421BDE8BF
:10C350001040FFF7EBBC70B50446FFF798FC0546AC
:10C36000002875D0061D03213046FFF797FC0028F2
:10C370006ED0D4F8A00008B100F099F8207A04F14A
:10C380007001EFF747FCC4F8A00028B92846BDE8C3
:10C3900070400821FFF7EBBE0E213046FFF77EFC10
:10C3A00028B1D4F8A020537C43F0020353742B7AB5
:10C3B000032B0DD8002B4CD1D4F8A020537C23F0B4
:10C3C00020035374D4F8A020537C23F001030DE024
:10C3D000053B012BF0D8D4F8A020537C43F0200378
:10C3E0005374D4F8A020537C43F0010353742B7D85
:10C3F000697BD4F8A0208B4228BF0B4630461374CB
:10C400000521FFF74BFCD4F8A020537C40B343F048
:10C4100010030D2130465374FFF740FCC0B12021BA
:10C42000D4F8A00000F03FF8D4F8A03005F147029E
:10C430001E33573552F8041BAA4243F8041BF9D1A6
:10C440000023D4F8A02053619361D4F8A0209383F3
:10C4500070BD05213046FFF721FC0028ACD0C0E7B5
:10C4600023F010035374F3E7072208B504F03EFBF2
:10C47000B0FA80F0400908BD437C5B0602D401217C
:10C48000EAF71CB9704770B504460D461646EFF73B
:10C4900099FC38B931462846EFF7BCFB10B1438A06
:10C4A0001C43448270BD438A19434182704710B5D2
:10C4B000037A04465B0701D5EAF7D2F9214611F861
:10C4C000010BE9F745F92046BDE81040482200215C
:10C4D00004F0FDBA024601463C2311F8010B0C3270
:10C4E000E9F728B9531E1944024411F8013900F83C
:10C4F000013B9042F9D1704710B5431E00F1100284
:10C50000073013F8011F12F8014D83421C7011709F
:10C51000F7D110BDF0B50E4614461D4697B0014642
:10C52000202205A81C9FFFF7DDFF202231460DA821
:10C53000FFF7D8FF2146102201A88DF85450FFF7CD
:10C54000D1FF3B46412205A901A8EFF745FE04466D
:10C5500010B93846FFF7D0FF204617B0F0BD2DE9DF
:10C56000F04316461D4697B00446DDE91F98102299
:10C5700005A8219FFFF7B6FF1022314609A8FFF753
:10C58000B1FF102229460DA8FFF7ACFF03221E9928
:10C5900011A8FFF7A7FF494611F8013BD9F80100A0
:10C5A0008DF847308B880622129012A8ADF84C30D7
:10C5B000FFF798FF414611F8013B06228DF84E30F7
:10C5C000D8F801300DF14F00CDF84F308B88ADF821
:10C5D0005330FFF787FF2146102201A8FFF782FFA3
:10C5E0003B46412205A901A8EFF7F6FD044610B924
:10C5F0003846FFF781FF204617B0BDE8F08308B545
:10C60000F2F798FF002818BF6FF00D0008BD1FB5A6
:10C61000022001A9E7F7F8FB18B1002005B05DF88A
:10C6200004FB019802A9F2F72FFF0028F5D19DF82D
:10C630000830032B05D09DF80B00431E584258418B
:10C64000ECE70120EAE713B5022001A9E7F7DCFBDC
:10C6500058B901220198114601F0CEF9044601981B
:10C66000FBF714FF204602B010BD6FF00404F9E799
:10C67000303870470C220369C9B202FB0133186CD1
:10C6800000F00700704770B50346C9B20069EFF3C8
:10C690001186402484F31288BFF36F8F0C2505FBAD
:10C6A0000104246C14F0C00401D0A24210D1012274
:10C6B00005FB01000264002086F31188BFF36F8F31
:10C6C00028B95B6803EBC1035B689847002070BD25
:10C6D0004FF0FF30F0E78022FFF7D5BFF8B5069F97
:10C6E00005460469C9B2EFF3118C402080F312882B
:10C6F000BFF36F8F0C2606FB0146306C00F0070E6F
:10C70000BEF1010F11D1376400268CF31188BFF3FD
:10C710006F8F46B90C2000FB0144C4E90E236B68FF
:10C7200053F8313098473046F8BD00F0C0008742DA
:10C730000CBF6FF077064FF0FF36E6E713B58024A5
:10C740000094FFF7CBFF02B010BD10B41C240069A9
:10C75000CBB204FB030000215DF8044B10471046E8
:10C76000F5F72EBA01F0A1B8F2F79ABD40F2726067
:10C770007047084608B51146F7F754F8002818BF67
:10C780006FF0040008BD08B5F7F7ACF9002818BF32
:10C790006FF0040008BD2DE9F3411C4600239046CC
:10C7A00082682360A3600D465369694601AA9847D1
:10C7B000019B5A1E019223B96FF0150002B0BDE82B
:10C7C000F0810098A26847682168676085B9A8EB86
:10C7D00002030668B34228BF334603FB07111A441D
:10C7E0002160A26002689A4206D808300090DFE714
:10C7F0006B1AB3FBF7F3ECE70020DFE713460022E8
:10C80000FFF7C9BF2DE9F0470024836886B088464A
:10C8100091465B6902AA01A99847A2462546029B58
:10C82000AB4202D806B0BDE8F0870026019F07EBB7
:10C83000C5077B6804933A680AEB0603B24202D844
:10C840009A460135EBE749460394059303A8C04790
:10C850000028E7D0049B01361C44ECE770B5037B4D
:10C8600004460BB101F037F80026A06800B970BD8E
:10C87000B0F5007F28BF4FF4007005460246D4E9AA
:10C880000010EFF7FDFF63682B44636023680BB172
:10C890002B442360A3685B1BA360002BE5D0237BA4
:10C8A0000136002BE1D0304601F016F80028DCD02C
:10C8B0000120DCE741EA02030846C3F30B0109B992
:10C8C000F0F702B86FF015007047084611461A4697
:10C8D00021B103431B0701D1EFF7F6BF6FF015003D
:10C8E000704743682C330B60012313607047436823
:10C8F00000209B6AC1E900307047F5F761B94FF03D
:10C90000FF324FF0FF33F5F78FB98C46F0B58FB09B
:10C910008DF800C04FF0010CDDE914154468D0F823
:10C9200010E00020CDE907C1CDE90BC10DF10107F1
:10C93000D107CDF80100CDE9095002F08006387129
:10C94000CDF818D00D9513D59EF814201BBAD20738
:10C95000049357BFBDF81130CDF80130ADF8013068
:10C960009DF813304EBF0523BB70042307930B9330
:10C9700006AB02939EB1002D14BF02230123039343
:10C980000AAB049302232146059351F8040B46B1E8
:10C9900083681C68002302AAA0470FB0F0BD0123E2
:10C9A000EDE783681C6804ABF5E71FB5012301932D
:10C9B0000DF10F030093002305211A46FFF7A5FF91
:10C9C00008B99DF80F0005B05DF804FB2DE9FF41A3
:10C9D000064615461C4601270DF10F0800230521C8
:10C9E0001A463046CDE90087FFF78FFF40B99DF822
:10C9F0000F30DB0704D52846214602F0A1FAEDE707
:10CA000004B0BDE8F0812DE9F3471F4643680D1ED1
:10CA1000064690469B6A4EDBEA199A424BD800695B
:10CA2000FFF76DFF4FF000090FB93C463CE0B7F54A
:10CA3000807FBA4628BF4FF4807A2A460AEB050366
:10CA4000002D03F1FF334FEA1323B8BF05F1FF02B6
:10CA5000B3EB222F08D06B42DBB25FFA85FA58BFE6
:10CA6000C3F1000ACAF5807A0023802206213046ED
:10CA7000CDE90099FFF749FF0446A8B92B4681226A
:10CA800002213046CDE9008AFFF73FFF044658B93E
:10CA9000012200233046FFF799FFA7EB0A0704465F
:10CAA000D04455440028BFD03069FFF726FF204608
:10CAB00002B0BDE8F0876FF01504F8E7F7B51E4641
:10CAC00043680D1E044617469B6A14DBAA199A4256
:10CAD00011D80069FFF713FF2B46012203212046DE
:10CAE000CDE90076FFF711FF05462069FFF705FF46
:10CAF000284603B0F0BD6FF01505F9E7F7B54468B7
:10CB0000054694F840309A0746D5076902F008FBBD
:10CB10004FF47A76A0FB060C002347F6122206FBA0
:10CB200001C1E0F71BFB3B69C31A13D4628FA68FC8
:10CB30009B1AB3420EDA47F6122740F2E730002183
:10CB4000F61A4FF47A720023E6FB0701E0F706FBC2
:10CB500002F0F6F994F8403013F004031CD180225F
:10CB6000AB212846CDE90033FFF7CFFEA8B994F8F2
:10CB700040309B0710D540F2E7310D46014647F69D
:10CB80001220E48F4FF47A72E4FB00510023284610
:10CB9000E0F7E4FA02F0D4F9002003B0F0BD73B579
:10CBA0004368044693F840309A071BD5002380223F
:10CBB000B921CDE90033FFF7A8FEA0B9636893F867
:10CBC00040309B070ED5256902F0AAFA4FF47A741B
:10CBD000A0FB040647F61222002304FB0161E0F7E4
:10CBE000BDFA2861002002B070BD2DE9FF41044666
:10CBF000032900F20F81DFE801F0CA0702120025C5
:10CC0000284604B0BDE8F0810069FFF778FE2046B1
:10CC1000FFF774FF05462069FFF76FFEF0E74668EF
:10CC2000306801F049FEA0B1337E1BB1F06801F01D
:10CC300043FE70B196F84030D9060DD42069FFF755
:10CC40005EFE2046FFF75AFF00283ADA2069FFF718
:10CC500054FE6FF01205D3E7306A01F02DFE002874
:10CC6000F7D0306A96F82410F38C0127D0F810C062
:10CC7000DA0754BF43F4D01383F4B013DCF8005048
:10CC800023F480128F40DB07D0F808E04CBF3D430F
:10CC9000BD43CCF80050DEF8003098470028D8D1CA
:10CCA000012196F82430306A994003691B681942C3
:10CCB000836814BFDB681B69984705460028BDD010
:10CCC0009EE72046FFF771FE051E07DDE90705D543
:10CCD000002200232046FFF779FE05462069FFF772
:10CCE0000CFE002DB5DB2069FFF709FE4FF00308AD
:10CCF000002303AF1A469F212046CDF804800097F9
:10CD0000FFF703FE05462069FFF7F7FD002DA0D1D0
:10CD10003846424606F1340103F0E8FE0746002893
:10CD200075D196F838307BB32069FFF7E8FD2046CF
:10CD3000FFF73BFE051E21DD96F83830802225EAFC
:10CD4000030506213B462046CDE900778DF80B50C0
:10CD5000FFF7DBFD054688B901210DF10B030093B8
:10CD60008022034601912046FFF7CFFD054628B9F2
:10CD7000002200232046FFF729FE05462069FFF721
:10CD8000BCFD002D7FF465AF96F8375035B92069AA
:10CD9000FFF7B5FD2046FFF702FF3BE7FF2DF6D07A
:10CDA00015F00B0F3FF455AF2069FFF7A8FD15F004
:10CDB000080314D00123802201930DF10B0300938B
:10CDC000172100238DF80B202046FFF79EFD054616
:10CDD000B8B92269137D43F00103137511E0AA0766
:10CDE00005D400238022B721CDE90033ECE780226F
:10CDF00006212046CDE90033FFF787FD05460028D0
:10CE0000EFD02069FFF779FD002DC0D021E76FF04A
:10CE10001505F5E66FF05705F2E6436800205B68FC
:10CE2000DB680B607047436802EA01005B6821EA37
:10CE300002015860002099607047436800205B68D9
:10CE400059607047436800205B6899607047436889
:10CE50005B681A6821EA020011405860002099605E
:10CE6000704730B50369586800B30024884219D16F
:10CE700008688CB99C685860A14200D19860002075
:10CE800008602AB15A680A609A68596002B99960C4
:10CE900000200FE02846E9E720609868814208BF3B
:10CEA0009C60ECE705680446002DF3D1002AE9D127
:10CEB0006FF0150030BD00207047F2F799BD0346B2
:10CEC00070B40C46DA880068197922430124056998
:10CED0008C402B6812F0010F866814BF2343A343D4
:10CEE0002B60336870BC1847034637B500681C795F
:10CEF0000569836801A95B68984740B92B68019868
:10CF000058400123A3401840003818BF012003B047
:10CF100030BD70B547F6122C0C4651F8043C40F277
:10CF2000E73000215B684FF47A721D680023E5FB4F
:10CF30000C01E0F713F902460B4604F11400BDE8BA
:10CF40007040F5F7E5B82DE9F8430D4644680369EC
:10CF500029B1012926D06FF08500BDE8F8830122B0
:10CF6000D3E8EF1FC3E8E02F0028F9D10C2763684E
:10CF7000AB4201DC0020F0E7A668237D07FB0566D5
:10CF800043B1617D21B93046FFF799FF0028E4D114
:10CF90000135ECE74FF400113046EFF773FF00283E
:10CFA000EFDADAE70025E668D3E8EF2FC3E8E15FC0
:10CFB0000029F9D10C2706F1100863689D42D9DADF
:10CFC000A36807FB0539637D83B1237DB3B9484668
:10CFD000FFF78AFF48236B434FF0E86108F803002E
:10CFE0004846EFF74FFF00281DDAB6E74FF48031CF
:10CFF0004846FFF764FF0028E7D0AEE747F6122E59
:10D0000040F2E7304FF0000C21684FF47A72E1FBF8
:10D010000E0C00236146E0F7A1F802460B4606F12C
:10D020001800F5F775F80135C7E710B443681868BC
:10D03000884219D95B68003A53F8310003EBC10408
:10D040004FF00101237918BF0122994003691B6841
:10D050000B40003B18BF01239A4283685DF8044BE4
:10D0600014BFDB681B6918476FF015005DF8044BAF
:10D0700070472DE9F04147683B68B3B300240126AF
:10D0800020463B689C4200D208B1BDE8F0817D6833
:10D0900055F8340005EBC40801F00EFC10B355F848
:10D0A000340098F80410B8F80630D0F810C0DA0749
:10D0B000DCF8005054BF43F4B01383F4D01323F4CE
:10D0C000801206FA01FEDB07D0F808804CBF45EA63
:10D0D0000E0525EA0E05CCF80050D8F80030984728
:10D0E0000134CEE76FF01200FAE76FF01200CCE7E0
:10D0F00030B543681360057A446804EBC504A34265
:10D1000002D36FF0010030BD5C7908338C42F1D15D
:10D110000020F8E770B54FF4FA530646446C47F622
:10D12000122C5C4356F8203B05461B6840F2E73062
:10D13000B4FBF3F40021C8344FF47A720023E4FB0B
:10D140000C01E0F70BF802460B463046F4F76CFD95
:10D1500008B9286B70BD6FF07300FBE70022012156
:10D160004A20E7F71FBC10B50B6813B918461360C7
:10D1700005E003685C681CB114600368186810BDA2
:10D18000083303600B68013B0B60EDE710B50368E3
:10D1900004468BB11A7D7AB1186901F071FB012147
:10D1A000236898681B7B994003691B681942836850
:10D1B0000CBF1B69DB689847A36933B9636004F14E
:10D1C0001000BDE81040F4F7FBBC10BD08B50069C5
:10D1D000C36D8B4204D15C30FFF7D8FF002008BD3F
:10D1E0004FF0FF30FBE7F7B506690746D6F8A820F1
:10D1F000D6F8B0509AB9C5B12C46D6F8A41031B3C0
:10D200003ABB1146D6F8AC302BB3002D04BF2C46E8
:10D2100023463846009400F040F903B0F0BDA5B1B4
:10D2200095422C4628BF1446E7E7F16D8B88DB0456
:10D2300001D400F01EF90023C6F88C3006F17C0002
:10D2400003B0BDE8F040F4F7BBBC1446D5E70A468E
:10D25000D8E72246D6E71C46DBE770B50D1E06462A
:10D2600004690ADAE16D00F004F9C4F88C5004F1A5
:10D270007C00BDE87040F4F7A3BCD4F8A830CBB173
:10D280009D4217D85B1BC4F8A830ABBBD4F89030D4
:10D2900004F1A8020833C4F89030D4F8943004F1B3
:10D2A0009401013BC4F8943004F19000FFF75BFF58
:10D2B000C4F8A400D4F8B030CBB19D4217D85B1BA2
:10D2C000C4F8B03003BBD4F8983004F1B00208338E
:10D2D000C4F89830D4F89C3004F19C01013BC4F8A8
:10D2E0009C3004F19800FFF73EFFC4F8AC003046D4
:10D2F000BDE87040FFF777BFD4F8A430002BD9D039
:10D300002B44C4F8A430D5E7D4F8AC30002BEED0D1
:10D310002B44C4F8AC30EAE70069B430F4F750BCF1
:10D3200013B501AA0446FFF7E3FE002805DB019BC5
:10D33000226819791868EFF779FE02B010BD03462C
:10D340000A4619790123006803FA01F103691B6891
:10D35000194218BF82F0010212B18368DB681847D6
:10D3600083681B69FBE7F0B504690646D4E915122A
:10D370008B1A476885B004D1BB6805B0BDE8F040A2
:10D380001847BD8BE16C9D4228BF1D4621B101F0BD
:10D390006043B3F1005F06D1236D3BB103F06043FE
:10D3A000B3F1005F02D0082D28BF08250023A36435
:10D3B00051B1114401F06043B3F1005F04D02A463B
:10D3C000386903F077FB3969236D43B1A26D1344CB
:10D3D00003F06042B2F1005F1CBF7B69A3640029C7
:10D3E00014BF2A460022002B08BF0025CDE90123E7
:10D3F0000091002269462046039500F074FE014624
:10D4000018B1736830469B68984705B0F0BD70B599
:10D410000C690E46A16C054639B1A36D206D2A69D1
:10D42000184403F047FB0023A3642969AA68A36D8D
:10D43000304691422CBF5B189B18A365BDE8704035
:10D44000FFF791BF0847072210B503690C461B6818
:10D45000C3F800250B7D5BB1012104F10800FFF743
:10D460006EFF237D23B12069BDE8104001F008BAAA
:10D4700010BD38B503690C461D680B7D4BB10869BA
:10D4800001F0FEF9237D23B1002104F10800FFF72C
:10D4900056FF0023C5F8003538BD10B40469C4E94F
:10D4A0001313019B93422CBF636562650023A36540
:10D4B0005DF8044BFFF757BF006900F0BBBE0129C0
:10D4C00038B511D014D80469456894F828302BB1C8
:10D4D0002046F2F717FF002384F8283001216868FE
:10D4E000BDE83840FFF71CBF436800215868F7E7E4
:10D4F000023901298CBF6FF015006FF0850038BD2F
:10D500002DE9F84304460025012743681B68984726
:10D510006368DE7FDC68B54202D30020BDE8F88393
:10D5200020682179E388D0F810E0DA0754BF43F48B
:10D53000B01383F4D013DEF800C023F4801207FA8E
:10D5400001F8DB07D0F808904CBF48EA0C032CEA3E
:10D550000803CEF80030D9F8003098470834002886
:10D56000DCD10135D7E708B50220EFF7E5F8002058
:10D5700008BD08B5006990F83830994207D290F894
:10D5800039303BB1C9B2F2F7F5FE002008BD6FF0AB
:10D590001500FBE76FF00A00F8E71FB500230469E8
:10D5A0000393636B8A07029301F00103C3F1410304
:10D5B00058BF43F00803204601A9019300F0BAFECA
:10D5C000002806DB204600F0C4FE0123002084F87A
:10D5D000393004B010BD10B504692046F2F7D4FE0E
:10D5E000002819DB4FF0FF324FF0FF3304F13C000D
:10D5F000F4F71AFB204600F0D2FE00231A4694F8F6
:10D60000380004F11001984202DC0020228710BD8E
:10D6100041F8042F0133F6E76FF00D00F7E7022021
:10D620007047EAF791BBEAF78FBBEAF78DBBEAF7E1
:10D630008BBB10B5044688B0EAF786FB2046FCF7A2
:10D64000B7FC1E226946F0F7D9F913212046FCF7F2
:10D6500008FC08B010BD10B5044688B0EAF774FBAA
:10D660002046FCF7A5FC1E226946F0F7C7F908B072
:10D6700010BD10B5044688B0EAF766FB2046FCF7FB
:10D6800097FC1E226946F0F7B9F908B010BD10B535
:10D6900088B00446E8F782FD20B91E22694620467C
:10D6A000F0F7ACF908B010BDEAF74EBB08B50020A2
:10D6B000F0F752FB01460120F0F74EFB084408BD8D
:10D6C0000220704770B5C2B001AB04460E46154645
:10D6D00018464FF48272002103F0F9F90422027017
:10D6E0007B2201460281067345732046F0F7CAFC8F
:10D6F00042B070BD10B54FF0FF304FF0FF31F1F781
:10D7000065F8044628B9D3F749FE044618B1F1F785
:10D7100065F8204610BDF1F761F82046E8F7FAF801
:10D72000F7E738B50B8A0D463BB101F10C00FBF76A
:10D7300057FB012818D0022803D06FF015042046AB
:10D7400038BD4FF0FF304FF0FF31F1F73FF804469E
:10D750000028F4D1E868DFF72CFF0446F1F73EF823
:10D76000ACB1F1F723F9EAE74FF0FF304FF0FF31AA
:10D77000F1F72CF804460028E1D1E868F1F7BEF98A
:10D780000446F1F72BF8002CD9D1F1F70FF9284610
:10D79000E7F77EFD0024D2E7F1F734B910B5322265
:10D7A0000021044603F093F9202323708023A37003
:10D7B0006FF03F0363710423A3722823A373022332
:10D7C000E3730423A3756FF0480363766FF07C0363
:10D7D000A3766FF01403E3760E232377302384F8C7
:10D7E0002030402384F82130792384F822307E23AE
:10D7F00084F8233084F82430012384F825308023F2
:10D8000084F82630042384F8273084F82E3010BDA5
:10D8100008B50323E4F72DFA002008BD08B5F1F799
:10D82000ABFC002008BD08B5F6F75CF948B1002351
:10D8300083F31188BFF36F8F0423184602DF6FF064
:10D84000040008BD08B54FF0FF314FF0FF30F0F78E
:10D85000BDFFE4F716FABDE80840F0F7BFBF684621
:10D8600020F007018D4601B5DEF7A6FCBDE80140BA
:10D8700085467047684620F007018D4601B5DEF702
:10D880008DFCBDE8014085467047684620F00701E1
:10D890008D4601B5DEF7C0FFBDE801408546704703
:10D8A00008B5E3F708FE002008BD7047012802D143
:10D8B0000020DDF765BD70477047DDF7A7BB08B5F1
:10D8C000DFF7DEF930B1EFF305800338032894BFAA
:10D8D0000020012008BD7047012070478068203873
:10D8E00020F00F002038704738B515460C4661B15E
:10D8F0005AB1FAF70FFE2146254411F8013B834245
:10D9000003D1A942F9D1012038BD0020FCE738B588
:10D910000C460123114622460546FAF7B8FD0028B9
:10D920000FDB012221462846FFF7DEFF18B1032353
:10D930000020237038BD2378012B14BF022301235C
:10D94000F6E70120F6E72DE9FF471D4606460F469C
:10D950009046FAF7D6FD6C1E044440420440102C59
:10D9600001D9FBF772F93046FAF7D4FD82462A4610
:10D970004146684603F09EF85146621B0DEB0500D8
:10D9800003F0A5F823466A4639463046FAF794FD77
:10D99000003818BF012004B0BDE8F08707B50123A7
:10D9A0008DF8042001AAFFF7CEFF03B05DF804FB59
:10D9B00081680122203921F00F01FFF7EFBF826853
:10D9C000203A22F00F02FFF7A2BF0E2A13B5044639
:10D9D00001D9FBF73AF90E29FBD841EA02118DF87B
:10D9E0000710FFF77BFF012301460DF107022046D8
:10D9F000FFF7A9FF02B010BD73B50E466946044695
:10DA00001546F1F741FD20BB9DF80030022B22D0D6
:10DA1000032B0BD0012B20D136B19DF80330032B03
:10DA200002D12046FFF7C4FF02B070BD002EFBD12B
:10DA30002046F1F707FD60B935B9A91C0022204640
:10DA4000C9B2FFF7C2FFEFE72046FFF7B1FF00289A
:10DA5000F3D00120E8E7F01CE6E7FBF7F6F8034611
:10DA60000020184700F00CBF024610B5116891B1B4
:10DA7000B1FA81F3C3F11F000123834021EA0303BC
:10DA8000D2E8EF4F8C4204D1C2E8EC3FBCF1000F6A
:10DA9000F6D1EBD110BD6FF00B00FBE710B50368BA
:10DAA000CB40DB0710D401238B40026843EA02011C
:10DAB000D0E8EF4F944204D1C0E8EC1FBCF1000F56
:10DAC000F6D1F2D1002010BD6FF01500FBE72DE973
:10DAD000F04116461F464FF0010800F160404C1E11
:10DAE0000444C50BE40BA54201D9BDE8F08105F063
:10DAF0000701C5F3C700324608FA01F1B8470135FE
:10DB0000F1E7F7B51646DDE90847019001A81D4683
:10DB1000F1F724FE019BB6F1000C18BF4FF0010C89
:10DB200000EB83000B1E18BF0123002D43EA4C03BA
:10DB30000CBF4FF0000C4FF00C0C002C43EA0C0310
:10DB40000CBF4FF0000C4FF4706C002F43EA0C0335
:10DB50000CBF4FF0000C4FF4403CD0F8802043EA5B
:10DB60000C0322EA030301B109780EB1367876007E
:10DB700019430DB12D78AD0031430CB12478240246
:10DB800029430FB13F783F040C433C43C0F8804029
:10DB900003B0F0BD1FB50DF10F03019300238DF805
:10DBA0000F101A4619460093FFF7ABFF05B05DF85A
:10DBB00004FB10B504460846F1F7E0FD04EB400411
:10DBC000207DC0F3401010BD10B504460846F1F7A3
:10DBD000D5FD04EB4004207DC0F3400010BD10B51E
:10DBE00004460846F1F7CAFD04EB4004A08A400B46
:10DBF00010BD70B5044608461646F1F7BFFD083063
:10DC000034F810300D46DA0509D5C3F3432304EB8D
:10DC1000C3023146284654F8333052689847A36807
:10DC20002BB131462846E268BDE87040184770BD08
:10DC300010B504460846F1F7A1FD04EB4000838AC5
:10DC4000DA051DD5C3F3432123F4F853838204F18D
:10DC5000120204F1580032F8023F13F4807F03D01F
:10DC6000C3F3432399420BD08242F4D1002204EB48
:10DC7000C1035A6004F16000BDE81040FFF70EBF19
:10DC800010BDF0B5044600200127054684469542A4
:10DC90000AD1D4F8443133B10023C4F84431D4F864
:10DCA000443140F40030F0BDEBB29B0003F58076C8
:10DCB0009B0807FA03F3194208D054F806E0BEF1B6
:10DCC000000F03D044F806C0A65918430135DEE71B
:10DCD00038B504460D46FFF76CFFA8B12046FFF7A4
:10DCE00073FF88B92046FFF77AFF0123226883403B
:10DCF000C2F81833236803EB8000D0F8103523F006
:10DD00000303C0F8103538BD2846BDE8384000216F
:10DD1000FFF740BF2DE9F0431746044685B008469B
:10DD2000F1F72CFDD7F800800E460546B8F1000F3C
:10DD30001ED02046FFF748FF18B12046FFF739FFF5
:10DD400020BB00230DF10F02CDE900338DF80E301A
:10DD50008DF80F30304643460DF10E01FFF7D1FE2E
:10DD600004EB4502938A23F0020343F001039382FC
:10DD70007B689BB33146204693F80080D3F804902B
:10DD8000FFF722FF28B1B9F1000F1FD06FF0150087
:10DD900027E004EB4500838A23F4604323F020034B
:10DDA0008382B9F1000F11D0B8F1030FEED87B6870
:10DDB00021685B6893F800C04FEA8C031944B8F1FE
:10DDC000000F11D1C1F81085C1F8108504EB450290
:10DDD000938A23F01C0343EA88039382BB684BBBFE
:10DDE000002005B0BDE8F083D1F8102522F0030231
:10DDF000C1F8102522681344D3F8102522F44732C5
:10DE000022F47C72C3F8102541F6F072D3F8101595
:10DE100002EA061242EA08420A43C3F8102504EB5C
:10DE20004C03A3F86460838A43EA4C3343F0200335
:10DE30008382CBE73146D3E900782046FFF7F8FE2E
:10DE4000002FCDD063689F4206D004F16000FFF739
:10DE50000BFE002804DAC4E7A3689845F5D100203A
:10DE600004EBC003C3E9017804EB4505AB8AC0B2FB
:10DE700043EA402343F48073AB82B1E7C0E9031265
:10DE8000704770B504461546FFF793FE48B1084643
:10DE9000F1F774FC04EB40040020A38A5B0B2B70A9
:10DEA00070BD6FF01500FBE790F87400003818BFE4
:10DEB00001207047F1F798BC2DE9F341044617465D
:10DEC000FFF777FE0D462668F0B12046FFF77CFE8F
:10DED0008046C8B92046FFF782FE820002F58073B3
:10DEE00046F80380F35823681344D3F8102542F012
:10DEF0000102C3F8102527B1012322688340C2F82C
:10DF0000143302B0BDE8F081D6F8143328469B03E1
:10DF10005CBF4FF40033C6F81433F1F72FFC04EB69
:10DF20004004A38AC3F38203042B11D0052B11D024
:10DF300001A80195F1F712FC019BC168D94001F0DD
:10DF400001010231284602B0BDE8F041FFF722BED0
:10DF50000321F7E70221F5E7FFF7BABEC9B2F2F7EE
:10DF60006BB830B50124054690084038844014EA67
:10DF7000010009D0A85838B10021A950AA5813B1FE
:10DF80001A6822431A60012030BD00232DE9F341B5
:10DF900004460D460193904601AB4FF48072FFF7A3
:10DFA000E0FF4FF4827229462046FFF7DAFF4FF474
:10DFB0008472074629462046FFF7D3FF064630B154
:10DFC000B8F1000F1DD017B13E46D4F80C374FF40E
:10DFD000A6722946204601ABFFF7C3FF30B1B8F166
:10DFE000000F03D016B90FB1D4F80C374FF4B47248
:10DFF0002946204601ABFFF7B4FF019802B0BDE807
:10E00000F0814646E3E707B5019001A8F2F720F852
:10E010000123019A9340436003B05DF804FB07B508
:10E02000019001A8F2F714F80123019A934083604C
:10E0300003B05DF804FB70B54B7F04460D467BB121
:10E04000012364264360002202212046FFF79DFF42
:10E0500020B90120FFF706FD013EF4D100236B77C4
:10E060000023C4F8003570BDF8B51E4690F8203086
:10E0700004460D46174693B919B14969F1F7F8FFFF
:10E0800080B1C4E901761DB129462046F2F736F881
:10E090000020012384F8210084F82030F8BD6FF0BF
:10E0A0007700FBE76FF01500F8E770B590F82030C7
:10E0B00005460E4673B190F8213003F0FF0463B9B2
:10E0C0004969F1F7D5FF58B128463146F2F716F8FD
:10E0D000204670BD6FF07600FBE76FF00F00F8E7A9
:10E0E0006FF01500F5E7F0B590F8213005460E46C3
:10E0F000174685B0002B40F09A8043682BB112F090
:10E10000140F04BF012380F8213005F1100496E8B4
:10E110000F0084E80F00686A431C05D095F8223090
:10E120009C0717D5FFF76FFF33682C6823B103F006
:10E130006043B3F1005F06D1B36873B103F060438D
:10E14000B3F1005F09D000236FF00C0085F8213097
:10E1500005B0F0BDFFF763FFE6E717F0010318BF56
:10E160000123C4F84C3717F0020318BF0123C4F889
:10E170001437D6E900C1D6E902230026C4F83CC70B
:10E18000C4F84017C4F80427C4F80837C4F8086175
:10E19000D4F808010720C4F8000595F822004007CC
:10E1A0000BD58220C4F8840C686830B1C4F80061D3
:10E1B000D4F800010120C4F8040317F0080612D1B6
:10E1C0004FF0010E6868C4F800E060B9D4F80801A7
:10E1D0000028FBD0CDE900C1CDE9022304216A4625
:10E1E0002046FFF7D2FE6B68C3B995F8222051078D
:10E1F00048BFC4F8843C686A421C05D095F82230B8
:10E200009B0708D5FFF70BFF1EB92046291DFFF716
:10E2100012FF00209CE7FFF7F6FEF5E7042317F056
:10E22000040F14BFC4F80833C4F80433F1E76FF0E7
:10E230000F008DE7011D0068FFF7FDBE70B590F877
:10E24000223004460568580710D5D5F80433D9079D
:10E250000CD5D5F800314BB10023C5F80031D5F805
:10E260000021C5F8843C0123C5F808330421284661
:10E2700004F11002FFF789FED8B1606A421C05D094
:10E2800094F822309B0711D5FFF7C9FE94F821308E
:10E290001BB12846211DFFF7CEFE2046002300F8C3
:10E2A0000C3FD4E90131BDE870401847FFF7ABFEE1
:10E2B000ECE770BD70B504460D46D1E900614FF43E
:10E2C0007A720023C803490CDEF748FF2368C3F8BD
:10E2D0000C65C3F804052B6803F04002C3F38013F8
:10E2E0002374A368B3B1002A4FF0000314BF0325C1
:10E2F00001252468012DC4F80031D4F80021C4F3AD
:10E3000008301CBFC4F80431D4F80431E6F728FB08
:10E31000C4F8045370BD38B5C0E90223437933B95A
:10E320000123437109B1FFF7C5FF002038BD6FF02D
:10E330007700FBE708B543792BB1022B06D0FFF736
:10E34000B9FF002008BD6FF07600FBE76FF00F000B
:10E35000F8E7012203681A6002234371704710B581
:10E36000EFF31184402383F31288BFF36F8F037997
:10E37000072B11D80B700133037101230268097850
:10E38000D2F808058B4003430020C2F8083584F317
:10E390001188BFF36F8F10BD6FF00B00F7E770B5FA
:10E3A000EFF31185402383F31288BFF36F8F0022B0
:10E3B00001260179D3B2994206D80023037185F36F
:10E3C0001188BFF36F8F70BD046806FA03F3D4F8A9
:10E3D0000815013221EA0303C4F80835E9E770B5EE
:10E3E00003680446D3F80414D3F800512DB1002279
:10E3F0000125C3F80021D3F80021D3F80421BAB1D4
:10E400000022C3F80421D3F804313DB10325D4E937
:10E4100002324FF480709847AB070BD5012363712C
:10E420000021D4E90232BDE870404FF482701847F1
:10E43000002DECD170BDF0B506680289338A9A428E
:10E440006DD231684289930051F8222002F0030115
:10E45000C2F3072401298475C2F385051ED0022961
:10E4600029D0002934D14FF0010CC2F30363C2F369
:10E470000747120F42824268A0F814C00582002AA2
:10E4800033D18261026204F00E04082C45D1C289A6
:10E49000736853F8223043620120F0BD3168C2F343
:10E4A0000B4C194449680B0F45EA83158FB2130FC3
:10E4B000C1F30B42DEE731684FEA124C1944D1E94F
:10E4C00001371A0A45EA821295B25BB28A89D1E70E
:10E4D00032681A44D2E90137190A45EA8111B2F8C3
:10E4E00010C08DB292895BB2C4E73A4404F0C00117
:10E4F00043B1D31A8029826103620ABF1368C261E3
:10E50000C361C0E704F03005202DF3D13F2C01D9C1
:10E510008029EFD100F11403ECE70023BBE70020D2
:10E52000BBE710B50389016801339BB203810A8AF6
:10E530009A4203D80023C0E9023310BD01240B68BE
:10E54000428953F822100B0A01F0030104FA01F189
:10E550000A444281828903F03001002908BF013258
:10E560008281C28903F00E03082B08BF0132C281E9
:10E57000E3E770B504460E46154600212022083018
:10E5800002F0A5FAC4E900652046BDE87040FFF737
:10E5900052BF38B50C4605460B6899680B681B6876
:10E5A00003F44043B3F5004F14BF6268221D0C34DE
:10E5B000FFF7DFFF2C6238BD10B50446FFF7B1FF4F
:10E5C000FFF739FF2089003818BF012010BDF8B5CA
:10E5D000038A04468B420D4601D10120F8BD06682E
:10E5E000B28A8A4201D20020F8E78B4288BF338A80
:10E5F000078988BF03812046FFF793FF628933684C
:10E6000053F8223085EA93039B0606D02389BB4248
:10E61000F1D12046FFF70FFFE5E7FFF70CFF238A54
:10E62000AB42F3D1A37D03F00F030A2BEED0D4E766
:10E6300038B5837D044603F00F030A2B18D00589F3
:10E640002046FFF76EFF236862891B6853F822306B
:10E6500003F47063B3F5206F03D1BDE83840FFF7D2
:10E66000EABE2389AB42EBD1FFF7E5FE002038BDBF
:10E670000120FCE7FFF77DBFFFF78BBF10B40B460F
:10E680001146528A082A0FD1CA696AB130B114689A
:10E6900024B1043223465DF8044B184723B11468B3
:10E6A00014B118460432F5E701205DF8044B7047B9
:10E6B000034610B5406884185C6002F0FBF9012045
:10E6C00010BDF0B5802A85B073F100010646D4B2C2
:10E6D00001A906D201228DF80440F1F7DFFE05B052
:10E6E000F0BDD5090846002204F07F0453EA050C6A
:10E6F000174602F1010208D13A4602F110036B44B9
:10E70000304603F80C4C0132E7E764F07F04042A3A
:10E7100000F8014B05F07F044FEAD515E6D1002B38
:10E72000EBD0180100F070000443DB08002BE4D0AC
:10E7300064F07F04545403F07F040132DB09F5E7F1
:10E74000921843EB030182EAE37281EAE373FFF775
:10E75000B8BF0422F1F7A2BE0822F1F79FBE13460C
:10E7600041EAC2025B0FFFF7ACBF70B5002304465D
:10E770000D461646FFF7A5FF30B132462946204622
:10E78000BDE87040F1F78ABE70BD10B58AB004468E
:10E790006846FFF76FFFB0B19DF8163003F00F0326
:10E7A0000A2B0BD120460799F2F7F6F818B1684604
:10E7B000FFF702FFEFE700200AB010BD69462046D0
:10E7C000F1F7F4FFF2E70120F6E70346084659683F
:10E7D00010B58C185C6008B102F06CF9012010BD16
:10E7E00038B58A6805460C462AB9012063686B6013
:10E7F000E368EB6038BD00212046F2F70DF90028F0
:10E80000F3D1F7E713B50C4601A9F2F74DF920B1A2
:10E81000019B003B18BF0123237002B010BD13B54C
:10E820000C466946F2F790F960B1DDE900134A0839
:10E8300042EAC372C9074FEA530344BFD243DB43E2
:10E84000C4E9002302B010BD042213B50C460DEB41
:10E850000201F2F7E1F808B1019B236002B010BD9C
:10E8600013B508220C466946F2F7D6F818B1DDE96F
:10E870000023C4E9002302B010BD0023F2F748BD15
:10E8800008B1E6F781BD704710B5436904463BB94E
:10E890000020E2684042537843F00103537010BDFA
:10E8A00098470028F4D00028B8BF4042FF28A8BFEE
:10E8B000FF20E3681870ECE740B1C368587810F0A7
:10E8C00001001EBF1878B0FA80F040097047EFF3DE
:10E8D0001183402383F31288BFF36F8FFEE708B5DF
:10E8E000FFF7F5FF10B400F10C04C0E903445DF834
:10E8F000044BF8F77ABF38B50446EFF3118540238F
:10E9000083F31288BFF36F8FF8F7E9FE04F10C0070
:10E9100000F007FB30B1294604F11400BDE838408F
:10E9200000F0E5BA85F31188BFF36F8F38BD10B5DD
:10E9300042696AB1836842EA0301890708D1016923
:10E94000A2FB011424B95B182CBF0121002102D3C2
:10E950006FF0150005E0C1609B1A02698A4201D878
:10E96000002010BDC26801311A604269C3609B1A61
:10E97000F3E72DE9F04105460F46EFF311884023F8
:10E9800083F31288BFF36F8FC668FEB90468A04294
:10E990001CD0DCB1D4E9003213605A60237CC4E996
:10E9A000006623F002032374A66004F1180000F04F
:10E9B0007EFB2046C4F88060676100F065FA41463E
:10E9C00005F10800BDE8F04100F091BA3E60AB6986
:10E9D000EF60013BAB6188F31188BFF36F8FBDE837
:10E9E000F081402408B5EFF3118384F31288BFF35C
:10E9F0006F8FFAF7ECF8F6E7D0E9003213605A604F
:10EA00000023027CC0E9003322F00202027483601A
:10EA1000704713B501240094F2F710FF02B010BD47
:10EA200090F90E308B4201D0F3F728BD00207047DB
:10EA300003460020C3E90033C3E902007047D0E970
:10EA4000003213605A600023027CC0E9003322F0D8
:10EA500002020274836070472DE9F8439046044631
:10EA60000D469DF82020EFF31187402181F3128895
:10EA7000BFF36F8F02B14568A66804F10809B1457C
:10EA800016D0AEB100243046FFF7D9FF06F11800CA
:10EA900000F00DFB3046C6F88040C6F8148000F048
:10EAA000F3F94846394600F022FA2046BDE8F883DB
:10EAB000A3B10820F4F728F9002832D00122C0F8C9
:10EAC00004800260016801F003015DB922680A4315
:10EAD0000260626820606AB960600BE04046C8F876
:10EAE0000030EFE72A68032A10D80160616839B95D
:10EAF000C4E90000002087F31188BFF36F8FD5E7CA
:10EB00000A6802F0030202430A60E5E722F003020A
:10EB10000A4302602A6802F0030240EA02032B6003
:10EB2000E8E76FF00B00E6E70023C0E9003300F1EF
:10EB30000803C0E902337047012307B5009300239F
:10EB40000A461946FFF788FF03B05DF804FB00236F
:10EB500007B50A4600931946FFF77EFF03B05DF83C
:10EB600004FBEFF31183402282F31288BFF36F8F0F
:10EB7000006818B10268920718BF406883F31188D3
:10EB8000BFF36F8F70473AB18A4205D3C0E90212D2
:10EB9000C0E90000002070476FF0150070470123A6
:10EBA00002688B4022EA0303036022FA01F000F0BE
:10EBB00001007047704710B5032104460C30FFF781
:10EBC000EEFF30B104F1100000F071FAB0FA80F0FD
:10EBD000400910BD20B10022D430114600F0F9B92F
:10EBE000704770B5C3680446C3F340069B0716D44C
:10EBF000856802210C30FFF7D2FF80B1D5F8CC2018
:10EC00006AB194421DD122689EB9D5F8D030C5F8BA
:10EC1000CC209C4201D1C5F8D02000232360E368BA
:10EC200013F01F001EBF43F00203E36040F0020038
:10EC300070BD3260D5F8D020944208BFC5F8D060CE
:10EC4000EBE716461268DBE773B50446EFF3118570
:10EC5000402383F31288BFF36F8F00230193D0E921
:10EC60000423B3F1004F08BF012A05D085F31188B2
:10EC7000BFF36F8F02B070BDA0F1100603210438FE
:10EC8000FFF78DFF0028F1D0A369304601A9019359
:10EC9000F3F70CF9EAE738B504460D4610220021D7
:10ECA00001F015FF656038BDEFF31183402282F358
:10ECB0001288BFF36F8FC06800F01F0083F31188C4
:10ECC000BFF36F8F704713B501900846EFF31184BF
:10ECD000402383F31288BFF36F8F01A9F3F7E6F89F
:10ECE00084F31188BFF36F8F02B010BD10B5FFF72A
:10ECF000EAFF041E08DDEFF31180402383F312883E
:10ED0000BFF36F8FF3F726FC204610BD70B50D469C
:10ED1000EFF31186402383F31288BFF36F8FF3F76D
:10ED200017F9044686F31188BFF36F8F38B14FF09F
:10ED3000FF324FF0FF3305F11000F2F775FF204668
:10ED400070BD08B5E822002101F0C1FE08BD38B54C
:10ED500030220D460021044601F0B9FE4FF48073C5
:10ED60006560E36038BDFFF79FBF38B50446EFF339
:10ED70001185402383F31288BFF36F8FFFF71BFFCA
:10ED80002046FFF72EFF85F31188BFF36F8F38BD44
:10ED9000F8B504460D46EFF31187402383F312883C
:10EDA000BFF36F8FC36803F01F03002B14BF01264E
:10EDB000002609D0FFF7FFFE2046FFF712FF294685
:10EDC0002046F3F755F8034687F31188BFF36F8F9A
:10EDD0003BB14FF0FF324FF0FF3305F10800F2F77F
:10EDE00023FF3046F8BDD0E9003213605A6000239B
:10EDF000027CC0E9003322F0020202748360704793
:10EE0000EFF30580003818BF0120704790F90E001D
:10EE100070476FF057007047D0E9003213605A60B6
:10EE20000023C0E90033704708B5FFF7F5FF037C06
:10EE300023F0020303740023836008BD38B5044641
:10EE40000D46F3F777FA237C43F002032374D5B120
:10EE5000A5602B689D4209D16B68C4E900531C6012
:10EE60006C6010E06A689A42F6D01B68002BF3D001
:10EE700093F90E1094F90E209142F3DD5A68C4E91B
:10EE8000003214605C6038BD10B5EFF3118440238C
:10EE900083F31288BFF36F8FF3F70CFA84F31188B2
:10EEA000BFF36F8F10BD08B5037C014613F0280F28
:10EEB0000CD183680BB1FFF7B7FF0B7C084623F03A
:10EEC00004030B74BDE80840F3F7F4B908BD10B5AE
:10EED000EFF31184402383F31288BFF36F8F183848
:10EEE000FFF7E1FF84F31188BFF36F8F10BD084671
:10EEF000F3F758BA38B5054604680020AC4200D193
:10EF000038BD002CFCD02046FFF78EFF04F118001E
:10EF100000F0CDF82046F3F7CDF92C680120A5428A
:10EF2000EDE710B5EFF31184402383F31288BFF3AC
:10EF30006F8FFFF7DFFF84F31188BFF36F8F10BD72
:10EF400070B506460D46F3F7B7FBB5F1FF3F08BFB6
:10EF5000B6F1FF3F04460CD047F6112000214FF4D4
:10EF60007A7547F612220023E4FB0501DEF7F6F876
:10EF700070BD4FF0FF30FBE708B5C3171F3043F1FA
:10EF80000003400940EAC360C117F3F795FB400155
:10EF900008BD38B50446EFF31185402383F312888A
:10EFA000BFF36F8F037C5B070ED5183000F07FF83E
:10EFB000237C204623F004032374F3F77BF92846CF
:10EFC000BDE83840F3F7EEB985F31188BFF36F8FD2
:10EFD00038BD38B5EFF31185402383F31288BFF3B2
:10EFE0006F8F0468A04213D0A4B1C4F8801062618E
:10EFF0002046FFF719FF04F1180000F058F82046EA
:10F00000F3F758F9012085F31188BFF36F8F38BDEE
:10F010000020F8E72046F6E72DE9F04706460F46C0
:10F0200091469A46EFF31188402383F31288BFF389
:10F030006F8F0068864206D028B1736898420CBF73
:10F040000025056868B90024B9F1000F02D05146C7
:10F050002046C84788F31188BFF36F8F2046BDE86C
:10F06000F0875146B84704460028EDD135B17368A2
:10F07000AB4200D02C6828462546E3E72C46FAE749
:10F0800008B50246F3F7C0FC70B1D0E904319B1A11
:10F0900061EBE272B3F1004F72F1000104DA002A71
:10F0A000ACBF1846002008BD6FF00040FBE70246E9
:10F0B00038B5EFF31185402383F31288BFF36F8FC8
:10F0C0000368D3B1F3F7A0FC04461046F3F7AEFC97
:10F0D00000224FF000438442C0E9042305D0002001
:10F0E00085F31188BFF36F8F38BDF3F795FCFFF7F9
:10F0F000C7FF0021EEF76AFAF1E7D0E90413B3F194
:10F10000004F08BF012902BF00204FF00041C2E9B3
:10F1100004016FF01500E3E708B5F3F78BFD08BDB8
:10F12000F3F788BDB3F1FF3F08BFB2F1FF3F70B501
:10F1300006461D46144614D01A4316D0002B08DB91
:10F14000F3F778FD041941EB0501C6E900413046AB
:10F1500070BD6FF001031C1B4FF0FF3363EB050123
:10F16000F3E74FF0FF342146EFE70024FBE7B3F16C
:10F17000FF3F08BFB2F1FF3FF8B5074616461C46F1
:10F1800010D054EA020311D0F3F754FDB0420A46FE
:10F19000A14103460AD2F31A64EB0204C7E9003422
:10F1A0003846F8BD4FF0FF331C46F7E70023FBE776
:10F1B0002DE9F3470446DDE90A9815460E4659B392
:10F1C00002F0010AF3F7B4FA0746EFF31181402386
:10F1D00083F31288BFF36F8FA80744BF0023A36097
:10F1E000A36803EA0600BAF1000F0CD086420CD1E6
:10F1F0006A0744BF8343A36081F31188BFF36F8F15
:10F2000002B0BDE8F0870028F2D159EA080305D121
:10F2100081F31188BFF36F8F0020F1E7C7E918650C
:10F220002246CDE9009804F10C00F3F705F9002817
:10F23000F2D1386EE4E710B50B680446D0E9180245
:10F2400012F0010F03EA000301D0984211D183B1FB
:10F250002366520748BF4A6804F1180044BF1A43A6
:10F260004A60FFF724FF00232046C4F88030FFF7F0
:10F270001AFE002010BD0023C0E900008360704723
:10F280000A46F3F7EFBC4FF0FF32F3F7EBBC0A4648
:10F290000021F3F7E7BC5200FFF78ABF043270B5D4
:10F2A00004460ED2EFF31185402686F31288BFF391
:10F2B0006F8F41F00401984785F31188BFF36F8F7A
:10F2C00008B9002070BD40F8044BFBE720B1011FD6
:10F2D00050F8040CFFF70FBB70477047FFF7A8BB4F
:10F2E0004FF0FF324FF0FF33F2F772BBF2F7E2BBA1
:10F2F00000207047704710B5044608B1F3F7AEFE22
:10F300002046BDE81040F3F799BE0346C068F8B147
:10F310005888E8B11B8803F44F42B2F5824F02D0FF
:10F32000B2F5884F09D1DBB2272B2AD008D8172B8A
:10F330000FD0222B34D0122B16D06FF085007047DF
:10F34000302B2FD0413B012BF7D8FF2839D100209B
:10F350007047C028FBD0E128F9D0B0F5807F14BFFA
:10F360006FF086000020704720F02003C02BEED005
:10F3700020F08003B3F5807FE9D040F20923984262
:10F38000EDE7E928E3D0EF28E1D040F21B139842E3
:10F39000DDD040F299139842D9D040F23B23EEE7FA
:10F3A000E928F1E720F02003C02BD0D020F0400363
:10F3B000B3F5807FCBD0B0F5C07FC8D0B0F5007F6B
:10F3C000CDE7B0F5E07FCAE73AB1002918BF0023C6
:10F3D0002121D21A184401F07ABB70472DE9F04F71
:10F3E0009B46002389B08DF81B30159B9146DDE9C3
:10F3F00012A7002B0D460B460CBF4FF400624FF4D2
:10F40000806207A9DDF85080F3F7CAFF0446D0B93F
:10F41000079E284631880DF11B02F4F73DF804469B
:10F4200088B99DF81B30BB421FD8CDE90338CDE920
:10F4300001BACDF800902B46D6E909123046F4F710
:10F440005BFE044608B1C8F800703A4621465046B3
:10F45000D8F80030FFF7B8FF0798F4F731FD002C1B
:10F4600018BF204609B0BDE8F08F6FF08904EAE7C5
:10F4700041F2062398421AD8B0F5905F09D241F2C2
:10F48000010398420CD0B0F5885F09D06FF0850079
:10F4900070476923A0F5905080B2C340DB07F5D5D3
:10F4A00011F0070F14BF6FF0860000207047B0F511
:10F4B000105FEBD121F04003802B06D0B1F5807FA7
:10F4C00014BF6FF08600002070470020704770B5B1
:10F4D000446A05460E463CB90120F3F7A9FD68626F
:10F4E00028B12046AE6270BD6FF08A00FBE76FF076
:10F4F0008C00F8E7F8B51E460F4615460388C2B1E2
:10F5000003F4E043B3F5805F02D0B3F5005F10D1A0
:10F51000089BE90019600088FFF7AAFF044630B98C
:10F520002A463946304601F0C5FA079B1D60204641
:10F53000F8BD6FF08504FAE710B50446406A10B1D3
:10F54000A16AFFF7D8FE0020C4E9090010BD38B554
:10F550000446FFF7F1FF237F012B0FD0023B012B65
:10F560000FD8236A012B14BF6FF0960500252C22BB
:10F570000021204601F0ABFA284638BD236A002B53
:10F58000F1E76FF09605F2E738B514460288049D5E
:10F5900002F4E040B0F5805F07D0B0F5005F04D022
:10F5A00002F44F42B2F5824F0ED1AC420FD818464A
:10F5B000224601F07FFA00212A1B204401F087FA3D
:10F5C0000020059B1C6038BD6FF08500FBE76FF0E5
:10F5D0008900F8E7F0B50F461E46154685B0CAB15A
:10F5E00000230122336003A9F3F7DAFE044670B961
:10F5F000CDE9005603983B46D0E90912F4F71AFD0D
:10F6000004460398F4F75CFC002C08BF044620462F
:10F6100005B0F0BD6FF08904F9E7F0B50F461E465E
:10F62000154685B0FAB1002303A91A463360F3F7F3
:10F63000B7FE044688B9039803885B0410D5CDE96A
:10F6400000563B46D0E90912F4F708FD044603983A
:10F65000F4F736FC002C08BF0446204605B0F0BD88
:10F660006FF08604F3E76FF08904F6E710B50368DE
:10F67000044643B100F033F900232360A3886FF3FD
:10F680000803A38010BD1846FCE72DE9FF4198460A
:10F6900000230C460168054616460393002939D11C
:10F6A0004FF4C272083001F012FAB8F1000F204690
:10F6B00033460CBF4FF400624FF4806203A9F3F7A6
:10F6C0006FFE0446B8B9039F304639882A1DF3F708
:10F6D000E3FE044678B96B79394668F300036B7131
:10F6E000D7E9092328460096B8F1000F0FD0F4F7A8
:10F6F0002DFD044610B12846FFF7B8FF0398F4F734
:10F70000DFFB002C18BF204604B0BDE8F081F4F701
:10F7100041FDEEE76FF08804EDE70123FFF7B5BF89
:10F7200038B50368054614464BB132B100F0C0F855
:10F73000044610B12846FFF799FF204638BD6FF008
:10F740008804FAE72DE9F0411646026805460F469F
:10F750009846F2B14279D2071BD50279CAB1B242BA
:10F760001AD800F0AEF8044618B10023C8F80060BB
:10F770002B7137B1324621463846D8F80030FFF7B2
:10F7800023FE2846FFF772FF002C18BF2046BDE875
:10F79000F0816FF08804E8E76FF08904E5E71FB5B2
:10F7A00001240394089C0294079C0194069C0094F5
:10F7B000FFF714FE04B010BD2DE9F04705469A4648
:10F7C000002388B0079325F0004323F47F03B3F1AF
:10F7D000106F0846DDE910961746DDF8488023D102
:10F7E0002B464FF4804207A9F3F7DAFD044660B9CF
:10F7F000CDE90368CDE901A9079800972B46D0E928
:10F800000912F4F7EBFC044628B131464846F4F7F8
:10F8100009F8C8F800600798F4F752FB002C18BFED
:10F82000204608B0BDE8F0876FF08604EDE7034698
:10F830001B88084603F4E043B3F5805F114602D00D
:10F84000B3F5005F01D1F3F7EDBF6FF085007047AE
:10F850001C22002101F03BB9037F022B06D1036A71
:10F860005A1C03D001330362002070476FF09600EA
:10F870007047034668B1017F8A1E012A0BD803290D
:10F88000026A03D1012A01D1FFF761BE1AB1013A20
:10F890001A62002070476FF096007047C0B2FF28D0
:10F8A0000CBF6FF0860000207047F4F719BD704759
:10F8B0000368052B02D10830F4F7F2BF6FF0860021
:10F8C000704710B40468052C04D15DF8044B08306F
:10F8D000F5F700B86FF086005DF8044B70470368D9
:10F8E000052B02D1083000F0D7B800207047002067
:10F8F000F4F7BEBE0020F4F7F5BE002000F0C6B855
:10F90000E2F766BE0A2842DCC31C1FDA10F1400F82
:10F9100045D010F13F0F2BDA10F1410F42D010F11A
:10F92000550F42D010F1490F14BF6FF086006FF0F1
:10F930008400704709282DD8DFE800F0052C2C2F13
:10F94000172C372C2C3A6FF09800704703300D2895
:10F9500020D8DFE800F00A331F221F1F1F1F1F1FC0
:10F96000071F1F076FF0940070476FF08500704706
:10F9700010F1210F1FD00DDB10F1200F1ED010F160
:10F98000100F14BF6FF086006FF09400704764385A
:10F990000928CFD96FF086007047002070476FF0BC
:10F9A000840070476FF0890070476FF093007047D4
:10F9B0006FF08C0070476FF0880070476FF0920016
:10F9C000704710B501380A44914200D110BD10F8BB
:10F9D000013F11F8014B63400370F5E70144814298
:10F9E00000D1704711F8013D1A440A70120AF6E777
:10F9F00030B5002503F58073013A002A0ADAD8B23F
:10FA0000284303D0FF2B94BF00200120FF2B98BF79
:10FA1000013830BD845C1C448B5C013AE41A230A33
:10FA2000E4B2FF332543E8E707B501A9F4F76EFD1B
:10FA3000003818BF012003B05DF804FBF7B5064697
:10FA40000D46202D2F46A8BF202700216846F5F738
:10FA500045FD044670B93A4631466846F5F790FDD3
:10FA600010F1520F044608D0431CF4D0684600F051
:10FA700038FC34B1204603B0F0BD684600F031FCDC
:10FA8000E3E7EC1B3E44F5D02546DAE7002070475B
:10FA9000F4F7C8BEF4F7C6BE08B54FF4C27100F063
:10FAA000FDFF002008BDF0B504461F460D46164672
:10FAB000E5B04FF4C272002103A801F008F8214616
:10FAC00033462A46009703A8F4F7ACFE044670B903
:10FAD000DDE96A1203A8F4F7E3FE044638B9DDE96C
:10FAE0006D236C9903A8F4F7F5FE044610B103A842
:10FAF000FFF7D2FF204665B0F0BD90F84C3013B14F
:10FB0000503000F026BBD0F8543113B1D0F85C016E
:10FB10001847184670472DE9F04704468068894623
:10FB20009042174609D3201A1C3000F0C3FFA36887
:10FB3000DB1BA3600020BDE8F08704F1640A01210B
:10FB40005046F5F797FD064618B1BDE8F047FFF7B8
:10FB5000D9BE2046FFF7D1FF054600284BD1A26849
:10FB600032F0100309D0A01A49461C3000F0A2FF61
:10FB70002A46A368A5609944FF1A07F1FF3828F0C8
:10FB80000F08A7EB080662B9102204F10C0104F17A
:10FB9000500000F04CFA80BB1023A360012384F8CE
:10FBA0004C30B8F1000F1CD04246494604F15000D9
:10FBB00000F03DFA0546C0B9012384F84C3004F149
:10FBC0005007384600F023FB054670B9384600F070
:10FBD0007BFB054648B9402104F10C0000F05EFFB4
:10FBE00003E094F84C30002BE9D15046F5F730FD96
:10FBF0002DB12846A9E7B046F7E70546F5E7002E00
:10FC000098D0324609EB080104F10C0000F052FFD5
:10FC1000A3689B1B8DE7F8B543680546102B2FD8CA
:10FC200000F1640601213046F5F724FD18B1BDE866
:10FC3000F840FFF767BE2846FFF75FFF0446D0B9DC
:10FC4000AA6805F15007102A05F10C050AD12946CA
:10FC5000384600F01DFA044668B9384600F034FB17
:10FC6000044608E029463846C2F1100200F0DFF9E8
:10FC700004460028EBD03046F5F7EAFC2046D6E7EC
:10FC80006FF08600F8BD2DE9F0414FF00008DDE986
:10FC900006CE04880D4616461F46CEF80080BCF1FD
:10FCA000000F15D024F0FF04B4F5E24F03D1BDE8F6
:10FCB000F041F5F791BFB4F5824F0DD13A46314688
:10FCC0002846CDF818E06346BDE8F04100F043BC9B
:10FCD0006FF08600BDE8F0816FF08500FAE72DE94E
:10FCE000F04107463C88184604F44F43B3F5824F71
:10FCF0000D469046079E02D0B3F5884F0FD1E4B26F
:10FD0000A4F14103012B01D9122C0BD14246294603
:10FD100000F0D0FE0020C6F80080BDE8F081B4F508
:10FD2000885FF2E77B88069A0733B2EBD30F4FEA7E
:10FD3000D30408D3014622462846F4F74DFE002896
:10FD4000EBD13460E9E76FF08900E6E7F4F776BFBE
:10FD5000C0F30253013B10B5052B21D8DFE803F0B7
:10FD60001B0B0B0B0313032300F030002028136040
:10FD700013D0002010BD0B8844F212118B420CBF2F
:10FD800004230223F0E70B8844F212118B420CBFCC
:10FD900006230323E8E70123E6E702331360E8E7DD
:10FDA0006FF09800E6E713B50C46F4F7AFFBC31C01
:10FDB0000FD0013009D004224FF0FF3321460DEB64
:10FDC0000200019300F092FE30B96FF08B0002B098
:10FDD00010BD6FF08400FAE70020F8E730B589B075
:10FDE000054618220C4601A8002100F070FE0123F0
:10FDF00044EA052401A9BA2007940593F4F740FBCF
:10FE0000002818BF6FF0920009B030BDF7B5BA20D6
:10FE100001A9F4F77BFB044610B1002003B0F0BD4C
:10FE2000019D2F0AEDB2AC4205D1BA20F4F754FB84
:10FE30000028F2D008E0E6193046F4F74DFB30B167
:10FE40003046FFF7F1FD10B96FF09200E6E701349C
:10FE5000E9E738B503780446033303F00303012BC5
:10FE60000FD86FF0210038BD60782844F4F726FBE6
:10FE700048B901352378C3F382039D42F4D30020AF
:10FE8000F1E70025F6E70220EDE708B5F820FFF7D7
:10FE9000CBFD18B9F920FFF7C7FD10B16FF0920044
:10FEA00008BDF820F4F70AFB0028F7D1F920F4F791
:10FEB00005FB0028F4D0F1E74368A3F1100191425B
:10FEC00041D8012243F80C2C53F8042C42F02002B4
:10FED00043F8042C53F8082C42F0005243F8082C45
:10FEE000836800F11402A3F1100191422FD801227E
:10FEF00043F80C2C53F8042C42F0200243F8042C55
:10FF000053F8082C42F0005243F8082CC36803F160
:10FF10005402BFF35F8F4FF0A3431A60BFF35F8FAC
:10FF2000C2680432BFF35F8F1A61BFF35F8FBFF304
:10FF30005F8F03225A63BFF35F8FBFF35F8F9A63B4
:10FF4000BFF35F8F7047103242F80C2CB7E71032C6
:10FF500042F80C2CC9E738B5BFF35F8F4FF0A344CC
:10FF6000E569BFF35F8FBFF35F8F10236363BFF358
:10FF70005F8F012000F05EFDBFF35F8F002363639E
:10FF8000BFF35F8FBFF35F8FE36BBFF35F8F5B06E2
:10FF9000F8D425B1BFF35F8FE561BFF35F8F38BD44
:10FFA00008B5F5F7F7FB30B9BFF35F8F4FF0A34308
:10FFB000986ABFF35F8FBFF35F8F4FF0A342D36B9D
:10FFC000BFF35F8F10F0240F03F0230304D0FFF77B
:10FFD000C2FF6FF01F0008BD4FF0FF30002BFAD1B9
:10FFE000BFF35F8F1063BFF35F8F1846F3E70269BB
:10FFF00013690BB1506918471846704708B58268F5
:020000040004F6
:1000000003465AB902681169426A114206D0FFF7E5
:10001000EEFF002808BF6FF0530008BD03F1140085
:10002000702103F17802FFF747FF0020F5E710B5D4
:10003000047D03464CB3B2F1807F06D3FFF7D7FFB0
:10004000002808BF6FF03F0010BD4468062C06D999
:10005000FFF7CDFF002808BF6FF04400F4E70AB9AE
:100060000020F1E78069016099698A6018689969E0
:100070008069C068C8609969103199615968013117
:100080005960996811449960EAE76FF02000DBE756
:1000900010B4037D002B57D08368C3B9836900F186
:1000A00024021A60036882691B68013343F000531D
:1000B0009360046882692368A4690133E4681B02C1
:1000C00003F4F8532343D3608369103383610368D7
:1000D00082681C68131923EA040384699B1A54F884
:1000E000042C42EA032244F8042C826952F8084C9A
:1000F000234443F0005342F8083C03681A68C3687D
:10010000134423EA0203C2691160C269C1689160A5
:10011000C26902F11001C161C1688B420AD000219D
:100120001161C168C2695B1A43F080439360C3697F
:100130001033C3610368DA68436A23EA0203436247
:100140005DF8044BFFF75ABF6FF020005DF8044BD9
:10015000704738B5037D0446002B52D003685B69B5
:10016000002B51D00269D3685BB1506998470546AE
:1001700038B12046FFF73BFF002818BF0546284648
:1001800038BD214651F8783B626A9B6904F114003E
:100190001B68F5F763F90123636023699A689AB9CC
:1001A000A2691B6813602369A2695B6843F000536E
:1001B00093602268A36992699268DA60A369103338
:1001C000A3616368013363600025236AA269C433B5
:1001D00013602368A2695B6943F00053936022684F
:1001E000A36992695268DA60A36922681033A36137
:1001F0006368013363601269636AA56013436362D5
:10020000BDE76FF02005BAE76FF04705B7E738B5EF
:10021000027D0346002A40D00268816894688C42BF
:1002200006D9FFF7E4FE002808BF6FF0530038BD81
:100230005468B1FBF4F504FB151434B1FFF7D7FE95
:10024000002808BF6FF04500F1E7416AD06801431C
:100250005962D3E90701C431526901601868D9694C
:1002600040690F328860D96922F00F0201F1100055
:10027000D8611868406990420AD00C611868D96941
:100280004069121A42F080428A60DA691032DA61FB
:100290001846BDE83840FFF7B1BE6FF02000C6E752
:1002A00038B5037D054663B1FFF77AFE431C04466B
:1002B00005D02846FFF79BFE002818BF04462046BD
:1002C00038BD6FF02004FAE710B5037D04462BB16A
:1002D0002046FFF7E5FF431CFAD010BD6FF0200069
:1002E000FBE710B5037804461BB1F3F7C3FF002307
:1002F0002370002010BD0368D868C0F30040704729
:10030000036803F58053586A00F4A020003818BF32
:1003100001207047022203689A6070470368D8681A
:10032000F5F7DABA024608B51046FFF7E4FF0028F1
:10033000FAD1BDE808401046FFF7F0BF03685A50F5
:1003400070470369996670470369986E7047C0F3F8
:100350000B03482B4B6028BF482310F4003F8B60F1
:1003600008BF0023CB6010F4803308BFC1E901331C
:1003700000F47003B3F5700F14BF00238B680028DE
:100380004FF0010C4FF008028B60B8BF0023C1E9A9
:1003900005C2B8BFC1E9053370472DE9F04799465A
:1003A000058843888AB003F10708009305F44F439A
:1003B000B3F5824F04468A4617464FEAD80602D064
:1003C000B3F5884F3FD1EDB22022002102A800F002
:1003D0007EFB0023BE42C9F8003041D8B8F5847FC7
:1003E00041D220466A463946F5F7A4FB044630BBA5
:1003F0002846009901AAF5F7DFFA0446F8B9A5F1F5
:100400004103012B21D8324602A9F4F76BF928BB2E
:10041000314602A800F010FB40BB412D04D1202E34
:1004200002D102A800F06EFA3246504602A900F04E
:1004300041FB202102A800F031FBC9F800602046F2
:100440000AB0BDE8F0870025BEE73A46514601985C
:1004500000F063FA0028ECD0FFF754FA0446EEE708
:100460006FF08904EBE76FF08504E8E76FF0930421
:10047000E5E72DE9F341DDF820801E46438842453B
:100480000F461546019315D8294601AAF5F752FBE8
:10049000044658B92B463A464146304600F0E1FA48
:1004A00058B10A9B019A1A60099B1D60204602B050
:1004B000BDE8F0816FF08904F8E76FF08604F5E796
:1004C0002DE9F0431F460688438895B0029306F451
:1004D0004F43B3F5824F0546144602D0B3F5884F1B
:1004E0002FD1F6B20A462346412103A8D5F80C9035
:1004F00000F0B7FA38B31C9B9C4227D82846214607
:1005000002AAF5F717FB0546B8B9122EDDF80880E8
:1005100001D0302E07D1424631464846009403AB05
:10052000F5F7D2FAA8B92246384603A900F0C2FA74
:100530001E9BC3F800801D9B1C60284615B0BDE8BB
:10054000F0830026CEE76FF08605F6E76FF08905A9
:10055000F3E70546F1E78B4238B505460C461046F1
:1005600007D30A46294600F0A5FA0020049B1C6028
:1005700038BD6FF08900FBE710B59EB0024646F625
:1005800011031AA901A8F4F769FF0023039A1021A7
:100590001360039A01A89360039B1AAA1033039374
:1005A000FFF78AFCFFF7FCFC431C0446FAD001A8C5
:1005B000742100F073FA20461EB010BDF8B506682D
:1005C000054696420C46A2EB060701DDF8F73DFB17
:1005D0003946204600F03FF832466968E019BDE828
:1005E000F84000F044B8FFF7E9BFF8B507461646F3
:1005F000D2E900208A420C460BDB551A294600F04E
:100600002AF82246394670682844BDE8F84000F0D0
:1006100039B8891A3944F8E770B514460E461D46B4
:1006200021461A46FFF7E1FF2146304605F1080250
:10063000BDE87040FFF7D9BF70B5054616461C46A9
:100640001A46FFF7BBFF2246314605F10800BDE818
:100650007040FFF7B3BF0A4600230AB1810702D1F9
:10066000002100F034BA00F8013B013AF5E70AB185
:10067000830701D100F01EBA11F8013B013A00F8DE
:10068000013BF4E70AB18B0701D100F013BA11F86E
:10069000013B013A00F8013BF4E773B50546D0E9A8
:1006A0000146CDE90023FFF74FFE0068ED68C0006A
:1006B0009DF800209DF8073004EB0614A5F1080111
:1006C00014D502F03F0242F0200243F00103601B08
:1006D0008DF800208DF80730FFF7BDFF083C082299
:1006E00069462046FFF7C3FF02B070BDA41B03F0AC
:1006F0003F0342F0010243F0200304F108008DF8AB
:1007000000208DF80730FFF7A6FFE8E710B5044694
:10071000FFF71AFEC2684AB142F420222046BDE823
:100720001040002142F40062FFF708BE10BDC0680F
:1007300070472DE9F8430A680C4612F4700F15D182
:10074000D0E90159D1F80880FFF7FEFD0368204683
:10075000DB0048BF63684FF0000744BFA9EB030309
:10076000ED1800F0C1F80646B74201DBBDE8F8839A
:10077000414628466268FFF77AFF63684D44984413
:100780000137F1E770B50C461E461046D1E9012548
:1007900005EB42052946FFF76AFF62683046A91853
:1007A000BDE87040FFF763BF38B50446FFF7CCFDE6
:1007B000D4E9013501684268C90042BFE168691A9D
:1007C0005B18002112B904F1140038BDD00707D519
:1007D0000B2901D9F8F739FA04EB810043610131A3
:1007E0002B445210EEE770B506460D461446FFF74F
:1007F000ABFD013D026844EA052430462243042152
:10080000BDE87040FFF79ABD2DE9F04F044685B072
:100810000E4691460193FFF797FDD4F848A0054690
:10082000BAF1000F07D02046F5F73CF8102528460E
:1008300005B0BDE8F08F8768D4E9018BF4F7D4FFE9
:10084000326811064CBFC26842687168914204DD8B
:100850002046F5F727F80D25E9E7E16032682046E4
:1008600049EA02092A6949EA0202FFF7BCFF2A683D
:10087000D20003D5E268ABEB020290443FB93146A7
:100880002046FFF756FF2B696BB90025CFE7FB0722
:1008900048BF019B4FEA670744BF43F82A800AF12B
:1008A000010AD844EAE702A800F043F8054618B167
:1008B0002046F4F7F7FFBAE72046DDE90223FFF709
:1008C000ECFE08210DEB010000F0E8F8DDE710B5C3
:1008D0000446FFF71BFFBFF35F8F03222046BDE8EE
:1008E00010400821FFF72ABD0368024613F4700F79
:1008F00006D1806828B1D368506893FBF0F0704748
:1009000000207047037823F007030370C37F03F0D0
:100910007F0343F04003C37770470B46D0E90110D3
:100920008A42084402D31A4600F019B86FF040001A
:10093000704710B50446F4F757FF436963B120468A
:10094000F5F716F850B9D4E900321343F7D0201D5B
:10095000BDE81040F5F70CB86FF0020010BD2DE9AE
:10096000F0470446104639B122460023164612F8D5
:10097000015B35B98B4202D16FF0530435E001338E
:10098000F4E78B42F8D04A1E9A4201D1022DF3D9E6
:10099000A25CD2072FD5FF2415EA040228D1E44334
:1009A000A1EB0308C71800F06EF8E5B208EB070AE0
:1009B000424639460020F3F795FE0446E8B93B78F5
:1009C00081462B403B703B4613F8012B9A4549EA80
:1009D0000209F9D10023424631463846FFF708F8AC
:1009E000B9F1000FE4D00028E2DA2046BDE8F08734
:1009F0006400E4B2D0E76624F7E70224F5E74FF09D
:100A0000FF324FF0FF33F0F7E3BFF1F753B8FEF7D3
:100A100032BC07B54FF0FF334FF0FF32CDE9002372
:100A20000022FEF738FC03B05DF804FBFEF72FBC94
:100A3000FEF729BCFEF7A0BA002313B58DF80730E6
:100A40008B4206D19DF80700B0FA80F0400902B051
:100A500010BDC45C9DF80720013322438DF80720A8
:100A6000EEE78B4230B50CD8002421469C4203D1DE
:100A7000081E18BF012030BD155D055529430134FE
:100A8000F4E70020F7E710B58B4294BFC418441870
:100A9000A04200D110BD00F8012BF9E700231A464F
:100AA00082B001908B4201D102B070470198C254CC
:100AB0000133F7E70A44431E914200D1704710B555
:100AC00011F8014B914203F8014FF9D110BD0244D6
:100AD0000346934200D1704703F8011BF9E704462F
:100AE00008B5F6F70FFB2046E4F7D0FA01390244C7
:100AF00010B5904201D1002005E0037811F8014FB4
:100B0000A34201D0181B10BD0130F2E7024610B518
:100B100012F8013BA3F14100192811F8010BA0F1D3
:100B2000410498BF2033192C98BF20301B1A02D1E2
:100B30000028EDD110BD1846FCE70139034610B579
:100B400032B111F8014F013A03F8014B002CF7D1F3
:100B50001A440021934200D110BD03F8011BF9E7AC
:100B60000246014410B58A42134603D01C78013274
:100B7000002CF8D1181A10BD2DE9F843C3F137093C
:100B80000746884603F01F055FFA89F9164638467E
:100B900041462A460023DCF7E1FA4346D4B23A46FE
:100BA00088460746092C84BF4C44E4B2AA424FF061
:100BB000000204F13004934106F8014BE7D23046BD
:100BC000BDE8F8832DE9F04F051889B0904641EB58
:100BD0000104029304AB284621460093D2E9002386
:100BE00000F0A7F806AB0746894628462146009341
:100BF0000025D8E9022300F09CF8DDE904238418DD
:100C000051EB0306069B28BF0125D8E90012ED1819
:100C1000079B43F10003791849EB0202B94272EBDA
:100C20000902D8E9022134BF01200020A21846EBB6
:100C300001018018029A41F10001A042A2F1410A8B
:100C400071EB0602CDF800A034BF01220022521938
:100C5000CDE9065343F1000300F082F8129BC3E98B
:100C60000001D8E90221DDE9065303911499012915
:100C7000D8E900E027D1A21A0399CDF800A066EBCD
:100C80000101774579EB000034BF01200020101AE4
:100C900061F10001844276EB010234BF012200229F
:100CA000AA1A63F1000300F05BF8139BC3E900018B
:100CB000DDE9062320463146CDF800A000F050F8CB
:100CC00009B0BDE8F08F17EB070B49EB090C14EBEB
:100CD000040846EB0601BB457CEB090934BF01273C
:100CE000002718EB070741F10008F3457CEB000CE7
:100CF00034BF01200020381A68F10001801A039ADD
:100D000061EB02016D195B41A74278EB060234BF2B
:100D100001220022AD1843F10003874278EB01085D
:100D200034BF01220022AA1A029DA5F140050095B8
:100D3000B7E7F0B500240D4606469446A0FB020135
:100D40002246059FE5FB0C12A446E5FB0324E3FBCA
:100D5000061C12EB0C0244F10004C7E90024F0BDAC
:100D6000F0B5059CC4F14007C4F12006A4F12005AC
:100D7000E04002FA06F6BB4022FA05F5BA403343DA
:100D8000C4F120062B4301FA06F6A4F120053043F6
:100D900021FA05F5E140284319431043F0BD2DE940
:100DA000F0410446CE0FC1F30A55C1F3130140F2DE
:100DB000FF70167154EA01076BD1002D71D12C46DA
:100DC0002946002B156060DB0C2B60DCC3F10D05A0
:100DD0000120AD0005F1FF3CA5F12107C5F1210679
:100DE00000FA07F720FA06F600FA0CF03743061867
:100DF00047EB0708D6F1000E68EB480C013E48F1BE
:100E0000FF38264008EA0108B04277EB080810DBFB
:100E1000C5F12008B5F1200624FA05F501FA08F815
:100E200058BF41FA06F645EA080558BF3543ED07B5
:100E300003D52018044641EB070104EA0E0401EA39
:100E40000C019DF8186018460D250532C6F12706DD
:100E500004F00F03240944EA0174091163B9A8429C
:100E60000DDA013DF4D21AE01DB90125A5F2FF35D6
:100E7000A7E741F48011F9E7092BC8BF9B1930336C
:100E8000A8425355B8BF2846EBE70023D9E70D2306
:100E9000D7E78542E8D146F0080600201671BDE884
:100EA000F0818542E5D146F00406F6E7D1E9043247
:100EB00093421EBF5A1C0A6118707047A60FFE7F2E
:100EC00001000000E152020000000000E5D4020031
:100ED0000000000000000000A40F040095170300AC
:100EE00000000000B917030000000000000000002F
:100EF000E40F0400000000000410040000000000E3
:100F0000C40F0400CDF1020000000000A1D80300CE
:100F10000000000000000000241004000000000099
:100F20004410040067D5030000000000C95002000F
:100F30000000000000000000641004001125020001
:100F400000000000E51C030000000000000000009D
:100F5000A410040000000000841004006157020087
:100F6000000000001DD803000000000027D8030087
:100F70000000000000000000C41004000000000099
:100F8000E41004000000000004110400395A0200BB
:100F900000000000214302000000000019C302000D
:100FA00000000000AE5D0400703A0400F01A040076
:100FB00090090020AC63002085C5020000000000FD
:100FC00000000000E95D0400E83A0400981A0400FB
:100FD0009809002028640020A1CA02000000000037
:100FE000B0060020F55D0400FC3A0400981A0400E5
:100FF0009A09002034640020A1CA02000000000009
:10100000C0060020005E0400103B0400981A040093
:101010009C09002040640020A1CA020000000000DA
:10102000D0060020BB5D040000000000601A040030
:10103000920900200000000087C7030000000000A4
:1010400000000000225E040000000000E01A04001E
:10105000A4090020D0070020DDD602000000000017
:1010600000000000A65E0400000000008C3C0400AC
:10107000A609002024650020E1E80200000000002D
:1010800000000000C35D040000000000681A0400B6
:10109000940900200000000059C802000000000070
:1010A00000000000185E0400883B0400D81A040009
:1010B000A20900200007002069D102000000000002
:1010C000F0060020DC5D0400903A0400801A040061
:1010D000960900201064002089C902000000000069
:1010E000A00600200B5E0400243B0400000000006A
:1010F0009E0900204C64002021CF02000000000067
:10110000E0060020135E0400543B0400BC1A0400F7
:10111000A00900200000000073D0030000000000C0
:101120000000000000000000AD8B03000000000084
:10113000AD8B030000000000AD8B03000000000039
:10114000AD8B030000000000AD8B03000000000029
:10115000AD8B030000000000AD8B03000000000019
:10116000AD8B030000000000AD8B03000000000009
:10117000AD8B030000000000AD8B030000000000F9
:10118000AD8B030000000000AD8B030000000000E9
:10119000AD8B030000000000AD8B030000000000D9
:1011A000AD8B030000000000AD8B030000000000C9
:1011B000AD8B030000000000AD8B030000000000B9
:1011C000AD8B030000000000AD8B030000000000A9
:1011D000AD8B030000000000AD8B03000000000099
:1011E000AD8B030000000000AD8B03000000000089
:1011F000AD8B030000000000AD8B03000000000079
:10120000AD8B03000000000035F20200000000007A
:10121000AD8B030000000000AD8B03000000000058
:10122000AD8B030000000000AD8B03000000000048
:10123000AD8B030000000000AD8B03000000000038
:10124000AD8B030000000000AD8B03000000000028
:10125000AD8B030000000000AD8B03000000000018
:10126000AD8B030000000000AD8B03000000000008
:10127000AD8B030000000000AD8B030000000000F8
:10128000AD8B030000000000AD8B030000000000E8
:10129000AD8B030000000000AD8B030000000000D8
:1012A000AD8B030000000000AD8B030000000000C8
:1012B000AD8B030000000000AD8B030000000000B8
:1012C000AD8B030000000000AD8B030000000000A8
:1012D000AD8B030000000000AD8B03000000000098
:1012E000AD8B030000000000AD8B03000000000088
:1012F000AD8B030000000000AD8B03000000000078
:10130000AD8B030000000000AD8B03000000000067
:10131000AD8B030000000000AD8B03000000000057
:10132000AD8B030000000000AD8B03000000000047
:10133000AD8B030000000000AD8B03000000000037
:10134000AD8B030000000000AD8B03000000000027
:10135000AD8B030000000000AD8B03000000000017
:10136000AD8B0300000000000557030000000000E3
:10137000AD8B0300000700203DE2030000000000E9
:10138000AD8B030000000000AD8B030000000000E7
:10139000AD8B030000000000AD8B030000000000D7
:1013A000AD8B030000000000AD8B030000000000C7
:1013B000AD8B030000000000AD8B030000000000B7
:1013C000AD8B030000000000AD8B030000000000A7
:1013D000AD8B030000000000AD8B03000000000097
:1013E000AD8B030000000000AD8B03000000000087
:1013F000AD8B030000000000AD8B03000000000077
:10140000AD8B030000000000AD8B03000000000066
:10141000AD8B030000000000AD8B03000000000056
:10142000AD8B030000000000AD8B03000000000046
:10143000AD8B030000000000AD8B03000000000036
:10144000AD8B030000000000AD8B03000000000026
:10145000AD8B030000000000AD8B03000000000016
:10146000AD8B030000000000AD8B03000000000006
:10147000AD8B030000000000AD8B030000000000F6
:10148000AD8B030000000000AD8B030000000000E6
:10149000AD8B030000000000AD8B030000000000D6
:1014A000AD8B030000000000AD8B030000000000C6
:1014B000AD8B030000000000AD8B030000000000B6
:1014C000AD8B030000000000AD8B030000000000A6
:1014D000AD8B030000000000AD8B03000000000096
:1014E000AD8B030000000000AD8B03000000000086
:1014F000AD8B030000000000AD8B03000000000076
:10150000AD8B030000000000AD8B03000000000065
:10151000AD8B030000000000AD8B03000000000055
:10152000AD8B030000000000AD8B03000000000045
:10153000AD8B030000000000AD8B03000000000035
:10154000AD8B030000000000AD8B03000000000025
:10155000AD8B030000000000AD8B03000000000015
:10156000AD8B030000000000AD8B03000000000005
:10157000AD8B030000000000AD8B030000000000F5
:10158000AD8B030000000000AD8B030000000000E5
:10159000AD8B030000000000AD8B030000000000D5
:1015A000AD8B030000000000AD8B030000000000C5
:1015B000AD8B030000000000AD8B030000000000B5
:1015C000AD8B030000000000AD8B030000000000A5
:1015D000AD8B030000000000AD8B03000000000095
:1015E000AD8B030000000000AD8B03000000000085
:1015F000AD8B030000000000AD8B03000000000075
:10160000AD8B030000000000AD8B03000000000064
:10161000AD8B030000000000AD8B03000000000054
:10162000AD8B030000000000AD8B03000000000044
:10163000AD8B030000000000AD8B03000000000034
:10164000AD8B030000000000AD8B03000000000024
:10165000AD8B030000000000AD8B03000000000014
:10166000AD8B030000000000AD8B03000000000004
:10167000AD8B030000000000AD8B030000000000F4
:10168000AD8B030000000000AD8B030000000000E4
:10169000AD8B030000000000AD8B030000000000D4
:1016A000AD8B030000000000AD8B030000000000C4
:1016B000AD8B030000000000AD8B030000000000B4
:1016C000AD8B030000000000AD8B030000000000A4
:1016D000AD8B030000000000AD8B03000000000094
:1016E000AD8B030000000000AD8B03000000000084
:1016F000AD8B030000000000AD8B03000000000074
:10170000AD8B030000000000AD8B03000000000063
:10171000AD8B030000000000AD8B03000000000053
:10172000AD8B030000000000AD8B03000000000043
:10173000AD8B030000000000AD8B03000000000033
:10174000AD8B030000000000AD8B03000000000023
:10175000AD8B030000000000AD8B03000000000013
:10176000AD8B030000000000AD8B03000000000003
:10177000AD8B030000000000AD8B030000000000F3
:10178000AD8B030000000000AD8B030000000000E3
:10179000AD8B030000000000AD8B030000000000D3
:1017A000AD8B030000000000AD8B030000000000C3
:1017B000AD8B030000000000AD8B030000000000B3
:1017C000AD8B030000000000AD8B030000000000A3
:1017D000AD8B030000000000AD8B03000000000093
:1017E000AD8B030000000000AD8B03000000000083
:1017F000AD8B030000000000AD8B0300100500203E
:10180000BBCE030000000000AD8B03000000000011
:10181000AD8B030000000000AD8B03000000000052
:10182000AD8B030000000000AD8B03000000000042
:10183000AD8B030000000000AD8B03000000000032
:10184000AD8B030089FF02005FDA03000000000097
:10185000AD8B030000000000AD8B03000000000012
:10186000AD8B030000000000AD8B03000000000002
:10187000AD8B030000000000AD8B030000000000F2
:10188000AD8B030000000000AD8B030000000000E2
:10189000AD8B030000000000AD8B030000000000D2
:1018A000AD8B030000000000AD8B030000000000C2
:1018B000AD8B030000000000AD8B030000000000B2
:1018C000AD8B030000000000AD8B030000000000A2
:1018D000AD8B030000000000AD8B03000000000092
:1018E000AD8B030000000000AD8B03000000000082
:1018F000AD8B030000000000AD8B03000000000072
:10190000AD8B030000000000AD8B03000000000061
:10191000AD8B030000000000AD8B03000000000051
:10192000AD8B030000000000AD8B03000000000041
:10193000AD8B030000000000AD8B03000000000031
:10194000AD8B030000000000AD8B0300BBD803008B
:101950005FDA030000000000AD8B03000000000010
:10196000AD8B030000000000AD8B0300D00700200A
:10197000DFE3030000000000AD8B03000000000067
:10198000AD8B030000000000AD8B03009804002025
:10199000BBCE030000000000AD8B0300FFFFFFFF84
:1019A00098290020C8920020001000005DDE02008F
:1019B0000000000000000000000000000700000020
:1019C00000000000505E0400FFFFFFFFFFFFFFFF6D
:1019D000602A0020C8A2002000100000B5DD02002F
:1019E00000000000000000000000000007000000F0
:1019F00000000000685E0400FFFFFFFFFFFFFFFF25
:101A000018280020C88A00200008000079C20200BF
:101A10000000000000000000000000000E000000B8
:101A200000000000A85D04000000000000000000AD
:101A3000381E00200070002000040000A9320200BF
:101A4000000000000000000000000000070000008F
:101A500000000000BA550400FFFFFFFFFFFFFFFF7B
:101A600073C703000000000051C90200CBC8030087
:101A7000B5C8030041C8020031C8020049C80200CD
:101A8000BDCA030007CA0300A9C9020081C9020038
:101A9000EFC80300E3C80300F9CA02001BCE03002D
:101AA00027CE03003BCE030045CE03004FCE0300FC
:101AB000CDCC020063CE0300000000000000000057
:101AC000000000002BD00300000000000000000018
:101AD00000000000000000009DD10200CDD10300F5
:101AE0009BD50300D7D503006DD6020073D5030044
:101AF000DDC50200D7C603003DC70300000000009B
:101B000075C6030000000000000000000500000092
:101B1000A18602000600000015AE020004000000CD
:101B20003D930200A1DB0200D9DA020000000000B0
:101B30000000000027D603000000000041DB020087
:101B400023D60300A9D60300000000000000000017
:101B50000000000000000000000000000000000085
:101B6000E5A30200000000000000000000000000EB
:101B7000000000002439040008000000E4350400DF
:101B8000070000000C3C0400060000003D55040066
:101B90000000000000000000A92A02004D2C0200F5
:101BA00000000000BC5B040000000000000000001A
:101BB00015540200C156020000000000855D0400BB
:101BC0000100000000000000F1AE03000000000072
:101BD00000000000945D040001000000000000000F
:101BE0000FB5030000000000000000008C5D040041
:101BF0000100000000000000A9970200F9A2020005
:101C000000000000A05D04000100000000000000D2
:101C100025BF0200B1BD0200000000009A5D040073
:101C20000100000000000000299B02002D9C020022
:101C300000000000E4100400F1D7020000000000E2
:101C4000505A00202C00000000000000000000009E
:101C5000080400207C5A002008000000000000005A
:101C60000000000020040020C45C00200C000000E4
:101C7000000000000000000050040020FA6A00206C
:101C800001000000000000000000000038040020F7
:101C900000000000E803002029720300000000009B
:101CA000E00300206772030000000000D80300205A
:101CB0003D280200401C0400901C0400541C040039
:101CC0009C1C0400681C0400A81C0400FFFFFFFF0C
:101CD00000A0105000820D5000040550010208259C
:101CE00026270102030328049042BE11B400500BC2
:101CF000EE03010204004C01E80B86040102030319
:101D000000000028000000200102FFFFFFFFFF038A
:101D10000F141E28323C50647801020303010100B5
:101D2000020700010204010001000001010000019E
:101D3000000100000100010000000102080F141E54
:101D400028323C5064780000020B000001000B00B8
:101D500002000A00050009000A000800140007003C
:101D60001E000600320005004B0004006400030062
:101D700096000200FA000100F401000001020303D2
:101D800002030001F401FA00960064004B003200E7
:101D90001E0014000A000500020001000C080217D2
:101DA0000D010102090901010602091818030101C8
:101DB0000909838385030201230202240910040414
:101DC00005050B0B040B2B1B1B159A9A1C021D16E9
:101DD000130501490D150508061B1B0F0101000025
:101DE000FEFEFEFEFEFEFEFEFEFEFEFEFEFEFEFE13
:101DF000FEFEFEFEFE16FEFEFEFEFEFEFEFEFEFEEB
:101E0000FEFE1F1FFE26FEFEFEFEFE30FEFEFE3222
:101E1000FEFE32FEFE35FEFE3E3EFEFEFEFE3B3B7D
:101E200060009006BE022C01D012CE05280490421C
:101E3000BE1164005006AE027205DA4308130001B9
:101E40000202A201B003BE05EE024806A209C405C3
:101E5000F40B241226FEFEFEFE2E3630FEFEFE326F
:101E6000FEFEFEFEFE35FEFEFEFEFEFEFEFEFEFE5B
:101E70002E010203030102030301020412FEFEFE0F
:101E8000FEFEFEFEFEFEFE03030303030303030345
:101E9000030303030303030314FEFE16FEFEFEFE0C
:101EA000FEFEFEFE23FEFEFEFEFEFEFEFEFEFE2EFD
:101EB000363039FEFE32FEFEFEFEFE35FEFEFEFE32
:101EC000FEFEFEFEFEFE2E010203030028049042E9
:101ED000BE117205DA4308132C00D002CE01044073
:101EE000100028049042BE112C00D002CE01B40094
:101EF000500BEE0364005006AE02B400500BEE032C
:101F00000102030328049042BE1128049042BE112E
:101F10000102030300010202881600200200000BE8
:101F200001000000070000000000000000000000A9
:101F3000000000000406080A0C0E10121416181CEB
:101F40001E20222426282A2C2E30323436383A3CC1
:101F50003E40424446484A4C4E021A50000000009F
:101F6000280000001800000050010000500100008F
:101F700000000000F0230000241300001879000086
:101F8000E86700001C0C78051437A4380000000036
:101F90004006000040060000400600004006000029
:101FA000000098086B039C18580200000000000015
:101FB0000000000000000000F023000024130000D7
:101FC0003CF000003CF000000000000048A30000CE
:101FD00014A000003CA5000068A60000000000005E
:101FE00000000000000000000000000000004006AB
:101FF0000C0334086009000000000000000000002D
:10200000E3A3C300B80000200200000BF416002078
:102010000200000CF21600200200000BF216002055
:102020000100000C581700200100000C010208FFFD
:102030007F00200018000A800720029801AA800073
:10204000010203040203040401020304010101026A
:102050000101010102030402E4E1D8D2C6C9B4B10E
:102060009C93878D6C6378724E4B272D1B1E3639DF
:102070000020602040608000010200050400080884
:10208000000000000000000000000101010101014A
:102090000101010101010202020202020303040420
:1020A0000505060607070808090A0B0C0D0E0F1098
:1020B0001112131415161718191A1B00100100001D
:1020C000D200000030010000D80000000100000034
:1020D000E400000002000000EA000000020000002E
:1020E000EC00000003000000EE000000040000000F
:1020F000F000000005000000F200000006000000F3
:10210000F400000007000000F600000008000000D6
:10211000F700000009000000F80000000A000000BD
:10212000F90000000B000000FA0000000D000000A4
:10213000FB0000000F000000FC0000001100000088
:10214000FD00000013000000FE000000150000006C
:10215000FF00000018000000000000001B0000004D
:10216000010000001F00000002000000230000002A
:102170000300000028000000040000002D00000003
:1021800005000000330000000600000039000000D8
:10219000070000003F0000000800000000100200DF
:1021A000FA00000001030062746C6500000000008A
:1021B000000000000000000000000000000000001F
:1021C000000000000000000000000000000000000F
:1021D00000000000000000000001000000000000FE
:1021E0000338FDD870470000000000000000000028
:1021F0000338FDD870470000000000000000000018
:102200000338FDD870470000010000000000000006
:1022100005000000000000001900000000000000A0
:102220007D000000000000007102000000000000BE
:10223000350C000000000000093D00000000000017
:102240002D31010000000000E1F505000000000054
:1022500065CD1D0000000000F9029500000000009F
:10226000DD0EE90200000000514A8D0E0000000062
:102270009573C24800000000E941CC6B01000000EA
:102280008D49FD1A07000000C16FF286230000008F
:10229000C52EBCA2B1000000D9E9AC2D7803000026
:1022A0003D9160E45811000031D6E275BC56000043
:1022B000F52E6E4DAEB10100C9EA2683677808009D
:1022C000ED95C28F055A2A00A1EDCCCE1BC2D300DA
:1022D00025A4000A8BCA22040000000000000000B0
:1022E00000000000000000100000000000000000DE
:1022F000B9340332B7F4AD1410DB1AB30892540E9C
:102300000D307D951447BA1A66088F4D26ADC66DFF
:10231000F598BF85E2B74511CA96853D92BD1DEB84
:10232000FCA11860DCEF52163C92AE220BB8C1B48F
:10233000839D2D5B0562DA1C304C7E8F4E8BB25B29
:1023400016F4529F8B56A512FBD4827643ED8AF089
:102350008FE7F9311565191850F19BD94A13EEB47E
:10236000284CF0A686C1251F035FC270CB9E49167C
:10237000E642889C44EB2014B0650836AD6EA58516
:1023800085F0CA14E2FD031A0B899979D5B13D098C
:10239000D8DA973A35EBCF10AC363F5E73BB38CF07
:1023A0003E6752FA44AFBA15010000000000000079
:1023B0000000000000000020345065C05FC9A65234
:1023C000BB13CBAEC440C21806C8DF7100D5A87CD1
:1023D000F56F0FDA58FC27136E4756357D242065BC
:1023E00002C7E768E48CA41DE9E60268D7CD39612D
:1023F0007977FCC2405BEF16798CDE43FFA751F979
:1024000091F3B278F5BDBE11E857E9D6E8BEE87B96
:10241000B054AC8F848D751BEA23A499E9F9D38B52
:10242000B7A3714061DA3E15CEE33ECB73F948089D
:102430008C97B427D51B7010A2BFEFB9EB8532156E
:102440004DB44DB49BBB6F1996B6076CF8E7EEAD73
:1024500036D9B4F59135AE13222218AF4E6A684DC5
:1024600091DAAA3D4F40741E9FBD9EE006A1C09820
:1024700057C2A7FDA40E90170E7D497173E3208FFC
:10248000B220D87605143B12853D7434811343B0D5
:10249000AD297A5F27F4351CD8250400B024040048
:1024A00000000000000000004B00000025030000B9
:1024B000F42B0400CC2B0400442B0400182B040044
:1024C000F82A0400D82A0400B82A0400E0290400ED
:1024D000682904003C2904008C2A04006C2A0400AA
:1024E000102904004C2A0400B42804008C2B04009A
:1024F000642B0400902904002C2A040034280400D2
:10250000AC2B0400B8290400082A0400E8280400C1
:10251000A42E0400842E0400642E0400442E040023
:10252000202E04006C2D0400402D0400182D040002
:10253000902D0400782C0400FC2D0400F02C0400E5
:10254000D82D0400C82C0400B42D0400A02C0400D5
:10255000DC320400B0320400BC3304009C330400BD
:10256000583304002C3304007C3304008C32040004
:10257000683204004032040010320400EC310400E0
:10258000BC310400843104004C31040010310400DB
:102590003830040010300400EC2F0400A82F040091
:1025A000F0300400B83004008C30040064300400C3
:1025B0007C2F0400582F04002C2F0400F03404005A
:1025C000C4340400A4340400783404004434040007
:1025D000DC330400000000000512010000000100CF
:1025E0000911010004000400913801400C000110A1
:1025F000953801400C002110993801400C00011061
:102600009D3801400C000A10A13801400C00011057
:10261000A53801400C000110A93801400C00011040
:10262000AD3801400C002110B13801400C002110E0
:10263000B53801400C000A10B93801400C001010E8
:10264000BD3801400C000110C13801400C001010D1
:10265000C53801400C000110C93801400C001410AD
:10266000CD3801400C000110D13801400C00211080
:10267000D53801400C002110D93801400C00011060
:10268000DD3801400C006C10E13801400C000110F5
:10269000E53801400C002110E93801400C00011020
:1026A000ED3801400C000210213801400C000130CF
:1026B000253801400C000130293801400C00013060
:1026C0002D3801400C000130313801400C0004303D
:1026D000353801400C000130393801400C00B83069
:1026E0003D3801400C000830413801400C000430F6
:1026F000453801400C000830493801400C000430D6
:102700004D3801400C000830513801400C000430B5
:10271000553801400C000830593801400C00043095
:102720005D3801400C000830413801400C00F86071
:10273000453801400C000C60D13801400C0001709C
:10274000D53801400C000170D93801400C000170EF
:10275000DD3801400C00E470E13801400C000170EC
:10276000613801400C000190653801400C00019077
:10277000693801400C001B906D3801400C0024901A
:10278000713801400C000190753801400C001D901B
:10279000793801400C0028907D3801400C00E09011
:1027A000813801400C002A90853801400C000890C7
:1027B000893801400C0002908D3801400C000190D6
:1027C000913801400C001890953801400C000190A0
:1027D000993801400C002C909D3801400C001C9051
:1027E000A13801400C000890A53801400C0003906E
:1027F000A93801400C000190AD3801400C00039055
:10280000813801400C0006C0853801400C0008C02A
:10281000893801400C0001C08D3801400C0008C00F
:10282000913801400C001BC0953801400C00D0C00D
:1028300000000000502804004C28040000000000A4
:1028400000000000160000002A0000000000000048
:1028500005170100000021000917010021003100C7
:102860000C125440281258102C12591030125A10C1
:1028700034125B1038125C103C125D1040125E1076
:1028800044125F10481260104C1261105012621016
:1028900054126310581264105C12651060126610B6
:1028A00064126710A0106810A4106910A8106A10B4
:1028B00000000000D0280400CC2804000000000024
:1028C00000000000050000000500000000000000FE
:1028D00004100010081404400C11084010140C409F
:1028E0001414104000000000042904000029040012
:1028F00000000000000000000200000002000000D4
:102900000000000004120010081001100000000078
:102910003029040028290400000000000000000005
:102920000100000001000000142C04000000000061
:102930000518014004000C00000000005C290400A0
:102940005429040000000000000000000100000005
:1029500001000000402C04000000000005180120C8
:1029600002000800000000008429040080290400FF
:102970000000000000000000010000000100000055
:102980000000000005170100000021000000000009
:10299000AC290400A8290400000000000000000089
:1029A0000100000001000000000000000517010008
:1029B0000000210000000000D4290400D0290400F8
:1029C0000000000000000000010000000100000005
:1029D00000000000051701000000210000000000B9
:1029E000FC290400F8290400000000000000000099
:1029F00001000000010000000000000005170100B8
:102A00000000210000000000242A0400202A040005
:102A100000000000000000000100000001000000B4
:102A2000000000000412001000000000482A04000A
:102A3000442A040000000000000000000000000024
:102A4000000000000000000000000000682A0400F0
:102A5000642A0400000000000000000000000000E4
:102A6000000000000000000000000000882A0400B0
:102A7000842A0400000000000000000000000000A4
:102A8000000000000000000000000000AC2A04006C
:102A9000A42A040000000000000000000100000063
:102AA00001000000142C0400000000000518014083
:102AB00004000C0000000000D42A0400D02A040006
:102AC0000000000000000000000000000000000006
:102AD0000000000000000000F42A0400F02A0400B6
:102AE00000000000000000000000000000000000E6
:102AF0000000000000000000142B0400102B040054
:102B000000000000000000000000000000000000C5
:102B10000000000000000000382B0400302B0400EF
:102B200000000000000000000100000001000000A3
:102B3000402C0400000000000518012002000800DD
:102B400000000000602B04005C2B0400000000006B
:102B50000000000000000000000000000000000075
:102B600000000000802B04007C2B0400000000000B
:102B70000000000001000000010000000000000053
:102B8000051701000000210000000000A82B040030
:102B9000A42B040000000000000000000000000062
:102BA000000000000000000000000000C82B04002E
:102BB000C42B040000000000000000000000000022
:102BC000000000000000000000000000E82B0400EE
:102BD000E42B0400000000000000000001000000E1
:102BE00001000000000000000517010000002100A6
:102BF00000000000102C04000C2C04000000000059
:102C000000000000000000000000000000000000C4
:102C100000000000302C04002C2C040000000000F8
:102C2000000000000300000003000000000000009E
:102C300004110040081104400C110840000000007D
:102C40005C2C0400582C0400000000000000000070
:102C50000600000006000000000000000411001043
:102C6000081101100C11021010110310141104109E
:102C70001811062000000000942C0400902C040081
:102C80000000000000000000020000000200000040
:102C90000000000004110040081104400000000082
:102CA000BC2C0400B82C0400000000000000000050
:102CB00002000000020000000000000004110040BB
:102CC0000814044000000000E42C0400E02C040080
:102CD00000000000000000000200000002000000F0
:102CE000000000000411004008140440000000002F
:102CF0000C2D0400082D040000000000000000005E
:102D0000020000000200000000000000041100406A
:102D10000814044000000000342D0400302D04008D
:102D2000000000000000000002000000020000009F
:102D300000000000041100400814044000000000DE
:102D4000602D0400582D0400000000000000000069
:102D50000100000001000000C42E0400000000007B
:102D6000052805400400240000000000882D040010
:102D7000842D04000000000000000000010000009D
:102D8000010000000000000004100010000000001E
:102D9000AC2D0400A82D040000000000000000007D
:102DA00001000000010000000000000004110040CC
:102DB00000000000D02D0400CC2D04000000000015
:102DC0000000000001000000010000000000000001
:102DD0000411004000000000F42D0400F02D040058
:102DE00000000000000000000100000001000000E1
:102DF000000000000411004000000000182E040034
:102E0000142E04000000000000000000010000007B
:102E1000010000000000000004110040000000005C
:102E20003C2E0400382E04000000000000000000CA
:102E3000010000000100000000000000041100403B
:102E400000000000602E04005C2E04000000000062
:102E50000000000000000000000000000000000072
:102E600000000000802E04007C2E04000000000002
:102E70000000000000000000000000000000000052
:102E800000000000A02E04009C2E040000000000A2
:102E90000000000000000000000000000000000032
:102EA00000000000C02E0400BC2E04000000000042
:102EB0000000000000000000000000000000000012
:102EC00000000000E82E0400DC2E040000000000DA
:102ED000000000000300000003000000002F0400B9
:102EE000002F0400000000000411004009180140F8
:102EF00008000C000D18014018000C000000000034
:102F00001C2F0400182F0400000000000000000027
:102F10000300000003000000000000000414004053
:102F2000081404400C14084000000000482F04005E
:102F3000442F040000000000000000000300000017
:102F4000030000000000000004120010081201102D
:102F50000C12021000000000742F0400702F0400F7
:102F6000000000000000000001000000010000005F
:102F7000000000000412001000000000982F040060
:102F8000942F040000000000000000000300000077
:102F900003000000000000000412001008120110DD
:102FA0000C12021000000000C42F0400C02F040007
:102FB00000000000000000000900000009000000FF
:102FC0000000000004120010081201100C1104404F
:102FD0001011084014110C40181110401C1014104E
:102FE00020101510241016100000000008300400F6
:102FF0000430040000000000000000000100000098
:103000000100000000000000041200100000000099
:103010002C300400283004000000000000000000F4
:103020000200000002000000000000000412001076
:103030000812011000000000543004005030040059
:10304000000000000000000003000000030000007A
:103050000000000004120010081201100C110440BE
:1030600000000000803004007C30040000000000FC
:10307000000000000200000002000000000000004C
:10308000041200400810041000000000A8300400E2
:10309000A430040000000000000000000200000056
:1030A00002000000000000000517010000001B00E6
:1030B00008101B1000000000D4300400D0300400C1
:1030C00000000000000000000500000005000000F6
:1030D000000000000517010000001B0008121C4042
:1030E0000C10201010122440141228400000000080
:1030F0000C31040008310400000000000000000052
:1031000000000000000000000000000000000000BF
:103110002C310400283104000000000000000000F1
:103120000400000004000000000000000412001071
:1031300009170100010011000D220D2014000100EB
:103140001122062024000100000000006831040064
:1031500064310400000000000000000004000000D2
:1031600004000000000000000517010000001B0023
:1031700008121C400D1601002000BC001010DC10CD
:1031800000000000A03104009C3104000000000099
:103190000000000005000000050000000000000025
:1031A0000517010000001B0008121C400C12201023
:1031B000101221101412244000000000D831040025
:1031C000D4310400000000000000000003000000F3
:1031D000030000000000000004120010081201109B
:1031E0000D17010002001B0000000000083204005F
:1031F0000432040000000000000000000100000094
:103200000100000000000000041200100000000097
:103210002C320400283204000000000000000000EE
:10322000030000000300000000000000051701007B
:1032300000001B0008121C400C122040000000007F
:103240005C3204005832040000000000000000005E
:10325000010000000100000000000000051701004F
:1032600000001B00000000008432040080320400D3
:10327000000000000000000001000000010000004C
:10328000000000000412001000000000A83204003A
:10329000A432040000000000000000000100000053
:1032A00001000000000000000412001000000000F7
:1032B000CC320400C832040000000000000000000E
:1032C00003000000030000000000000004120010D2
:1032D000081104400C11081000000000F83204002E
:1032E000F4320400000000000000000006000000AE
:1032F00006000000000000000512010000000100AF
:10330000091601000200CA000D110100CC000400E2
:1033100011110100D000040015160100D400220094
:1033200019110100F60001000000000048330400FC
:103330004433040000000000000000000200000010
:103340000200000000000000051601000000DE0081
:103350000812E040000000007433040070330400E1
:10336000000000000000000001000000010000005B
:10337000000000000410001000000000983304005A
:103380009433040000000000000000000000000072
:10339000000000000000000000000000B83304003E
:1033A000B433040000000000000000000000000032
:1033B000000000000000000000000000D8330400FE
:1033C000D4330400000000000000000000000000F2
:1033D000000000000000000000000000FC330400BA
:1033E000F4330400000000000000000006000000AC
:1033F0000600000020340400000000000412001049
:10340000081204400D1601000800BC001010C41082
:103410001412C84019180110CD000100000000006E
:103420003C340400383404000000000000000000B8
:103430000100000001000000000000000412001064
:1034400000000000603404005C3404000000000050
:103450000000000004000000040000000000000064
:103460000412001009170100010018000C121910B5
:1034700010121A100000000094340400903404006C
:103480000000000000000000020000000200000038
:1034900000000000041200200922042004000100A2
:1034A00000000000C0340400BC3404000000000030
:1034B000000000000000000000000000000000000C
:1034C00000000000E0340400DC34040000000000D0
:1034D00000000000020000000200000000000000E8
:1034E0000412002009220420040001000000000052
:1034F0000C35040008350400000000000000000046
:10350000010000000100000000000000052204206E
:103510000200010000000000010000005F530400F1
:103520000200000063530400040000006C53040018
:103530000800000075530400100000007B530400D5
:103540002000000084530400400000008A5304005F
:103550008000000093530400000100009A5304000F
:10356000037203001527020000000000DF71030052
:10357000B927020000000000BB7103007D27020094
:103580000000000097710300237103000000000099
:1035900005000000010000000000000000F800002D
:1035A00084100400020000000000010000200B0055
:1035B000841004000300000000200C0000200B0019
:1035C0008410040004000000004017000090000078
:1035D0008410040000000000000000000000400013
:1035E000C4100400FC520400F3B10300000000000A
:1035F000F852040000000100F452040067B6030012
:10360000000000008004002000000100EC520400D3
:10361000858703003D8703000000000000000900CB
:10362000E852040067B603000000000078040020A0
:1036300000000100E05204000987030000000000C0
:103640000000000000000100DC52040067B6030027
:10365000000000007004002000000100D4520400AB
:10366000293F0200000000000000000000000100EF
:10367000E541020000000000000000000000000022
:1036800097890300000000007B8903006000002090
:10369000000000000600010002000000A036040047
:1036A00000000000485B040002000000E0CF1700AB
:1036B00000000020505B040021000000E0FF032018
:1036C0008804002055510200000000005B8C0300BC
:1036D000C4360400E0360400FB01000000000000D6
:1036E0005CDC0120C4360400F4360400470000000E
:1036F0000000000014040220C4360400083704004F
:103700000201000000000000340502200E0300004A
:10371000F16402000F040000ED6502001A010000D0
:103720000591030005040000E559020013010000A3
:10373000EB9203003E010000B15B020001120000A9
:10374000839303000A1E000085930300FF0100001D
:10375000895A02003E010000A95A02000504000037
:103760008F910300080400008794030030030000D9
:103770002194030010010000B79103000112000022
:10378000896402000A1E0000D195030003090000AD
:10379000F7910300040B000071920300060A000079
:1037A000A5960300070A0000BF9103000C05000066
:1037B000A9930300050C0000DD950300120500002D
:1037C00011740200130800008F9C0300C43604002B
:1037D000DC37040003010000000000005006022056
:1037E000C4360400F03704000000000000000000B0
:1037F00088080220C43604000438040000010000D8
:1038000000000000D80802209DA00300EFA00300E4
:1038100000000000000000000000000099A203006A
:103820000000000000000000000000000000000098
:103830000202010035A7030004040100518B0200BD
:1038400006060100AD8D0200080401006D8E020025
:103850000A0201001DA703000C04010005A70300D4
:103860000E0401004D8C020020040100E18C0200D6
:1038700010040100818F020012020100C7A703009B
:103880001E00040093AD030052020000EDA70300E8
:1038900001040200C99602000302020029AD0300E0
:1038A000050102005BAD0300070402006BAD0300DD
:1038B000090102006FAD03000B00020073AD0300AD
:1038C0000D00020077AD03000F0002007BAD030086
:1038D000210202007FAD03001101020083AD03004D
:1038E0001300020087AD0300170402008BAD030034
:1038F000190002008FAD03001B0203004BA403005C
:103900001D02050087A403002304030039A403005B
:10391000C436040020390400020100000000000049
:10392000681402202C530400F3B1030000000000CF
:1039300028530400000001002453040067B603006C
:103940000000000050060020000001001C5304008D
:103950000000000000000000000000000000000067
:1039600018530400C5B10300B99D02005806002099
:10397000000003001453040067B6030000000000B9
:1039800048060020000001000C5304002BB2030085
:1039900041B40300000000000000030008530400CD
:1039A00067B6030000000000400600200000010090
:1039B0000053040005A20200000000000000000007
:1039C0000000010001B60200D7C20300F9BA0200EC
:1039D000000000000000000059B9020000000000D3
:1039E00000000000000000000000000000000000D7
:1039F0000000000015B4020006000000E3BF030051
:103A00000600000083BF030010000000E1AF0200C9
:103A1000100000008DC20300010000008BBC0300F9
:103A200010000000DFBF03000A0000004DBD0300CE
:103A300010000000DDB9020007000000E7BF03002E
:103A40001000000029BD03000100000015B30200B2
:103A50004000000027BF03001000000041BD03002C
:103A60000100000041C5020011C502000000000075
:103A70008DC602000DC6020069C7030065C70300BA
:103A80001000000001FF00007D0100000010000098
:103A9000A410040000127A000001000004100400C9
:103AA000050001000000000001000000000000000F
:103AB0000410040000000100000080000008000065
:103AC00000100000C22817000000010000000100E3
:103AD000120000000100000000FF000000A01050D4
:103AE00000820D50000405507F00000000A010501F
:103AF000980400200000000000000000FFFF01000B
:103B000000820D50100500200000000001000000A0
:103B1000FF0700000004055098040020000000008A
:103B2000020000001E000000020000003C3B0400F8
:103B3000E0280020BDCE020000000000E40F0400D9
:103B40000D00110001000000E40F04000900110045
:103B500002000000040000005C3B040004100400AC
:103B600009000000E40F04000A0000000410040033
:103B700007000000E40F04000E00000000A0105039
:103B800000820D50000405505DD10300AC3B0400E1
:103B90005BD20300E03B0400AC6B0020A46B002070
:103BA0000048E801FFFFFF010100000000A00450F1
:103BB000B83B040002000000D43B040003000000F6
:103BC000C83B04000301000041800004428000055E
:103BD0004480000641000004420000054400000645
:103BE000041004000500010000A0105000820D50D8
:103BF00000040550E40F04000D0011000100000056
:103C0000E40F040009001100020000004453040006
:103C1000F3B1030000000000ED62040000000100A9
:103C20004053040067B6030000000000580800205D
:103C300000000100CB620400000000000000000052
:103C400000000000000010003C530400C5B1030058
:103C5000B99D020064640020000030003853040065
:103C600067B60300000000005008002000000100BB
:103C7000A96204000000000075DA020000000000E4
:103C800000003000010100005D0900202DE8020065
:103C9000F5D6030023D70300020000000300000054
:103CA00000A0105000820D500004055008000000D4
:103CB00002000000040000000100000000A01050FD
:103CC00000820D5000040550C40E0400D40E040000
:103CD000240F04002C0F0400940F0400A40F040010
:103CE000016104000001000000000000CF0A040090
:103CF00000388A408F409440A140A640AC4015480F
:103D0000CB40AE40A3400038003800380038CE40E9
:103D1000ED409D4149415641324137413C4141418D
:103D2000B941BE41D7410E42FA418D411B4280410B
:103D300062426A42774274436E4366437F432E4831
:103D400024460038003800380038AF48D548F348DA
:103D500063457D4585439D45A845BB45E345ED4508
:103D6000CF45FC4515468C466E4695468E46003836
:103D70000038003828420038003800380038003851
:103D80000038003800380038003800380038003873
:103D90001949194919491949194919491949194913
:103DA00019491949003800380038003800380038FF
:103DB0000038003800380038003800380038003843
:103DC0000038003800380038003800380038003833
:103DD0000038003800380038003800380038003823
:103DE0000038003800380038003800380038003813
:103DF0008C090038FFFFFF00000000001027008141
:103E0000878A001A7B627AA678797A8D00307B6285
:103E10007AA778797A8D003078207B6279217A22AE
:103E20000C10865082A2808182A28287828D001A25
:103E30000030722095407AAC797B003078247B6228
:103E40007AA884797A8D00307224A7407B24792562
:103E50007A26856286A87284868D11A68584116271
:103E600086A7858684208621862286509A5086A63B
:103E7000867286A88685868D8462868D781086A651
:103E80007270001A00307ABB7879003000830030FD
:103E9000001C001C001C001C001B7C22001D1310B9
:103EA000D040001A001C001C001C001B7C22001DBE
:103EB000001B7C22001D1310DA40001A000C016A5E
:103EC0003427001A006E1027001A7B6278247925A7
:103ED0007A260C1086500E1022590E101A59848F13
:103EE000C50811B885850410295911A284871AA222
:103EF00011111120071890A2801A9020001919A200
:103F000072871AA61970001B7C201AA21A8013103F
:103F10000B410E101D590410335986A21A72868D5A
:103F2000001A0030870811B8858211A284871AA26E
:103F300011111120031890A2801A9020001915A2C7
:103F400081871AA215151520031890A2801A9020B7
:103F5000001907418650052408250426F54086509F
:103F6000042406250526F54086500C2406250B263C
:103F7000F54086500B2408251A26F55000AB0C1A84
:103F800000300DA702720AAC060D0EA703720BAC2F
:103F9000060E02620CA872030C8D00307DBB02037A
:103FA000048F05A6707003628650042072210E22D1
:103FB0009A500070108A0E240B250E26F3500272C0
:103FC0008650042072210D229A5002721027108A06
:103FD0000D240A250D26F35005A70D0E05200C21F2
:103FE00005229A50007005BB030505A60E0500309A
:103FF00002628650042072210D229A500070108AAD
:104000000D240A250D26F35000300DA70D0E05A630
:104010007070027286500C200D2105229A5000709B
:1040200005BB030505A60E05003002620DA702724E
:1040300003620EA7037201BB0D0E00BB02030D202D
:104040000E21802282AC8081812082213910A941F9
:10405000006201A80180018D012408250626B150C7
:1040600000300324062508268650F3400324052546
:104070000A268650F350026286500A2072210A22D4
:104080009A503810003906200A210B229A500BA6AC
:104090000B0C0BA80B050B8D381000390030026299
:1040A0000A8E0A8F0B8E0B8F072787500EA8720B74
:1040B0000C200E210D229A500A200E210E229A5019
:1040C0000062865003240D251A2608210E221A515B
:1040D0000262008107271A2072211A229A5000AB2F
:1040E0000A1A003086500DBB08060DA6040D0324E5
:1040F00006250E26F3500E2007210E229A500EA7F9
:10410000050E0E8D0E240D250B26F34086500A2435
:1041100008250D26F35002200D210E229A500E2460
:104120000C250B26F340865007200A210D229A50B9
:1041300003240C250E26F35005A60D0E058D003028
:10414000865001A700720AB9010006240A25042638
:10415000F55077A7047238100030011877A70401D2
:10416000381000300420042104229A5077A70472EA
:104170003810003C001977A704013910003C0030CA
:10418000A0A27210685380A2811090A29110021018
:10419000965308105B541410FB5439108134001AE4
:1041A000000C865033A2041002102D440810D7448E
:1041B00014105B4558522620782148522621001CB5
:1041C0007A20CC4258522620782148521D2079214D
:1041D0004A52262026211D22001E7A20CC42585207
:1041E000782479257D527A20CC42112084214852AE
:1041F000112010107A590E103649012185260068C9
:1042000086AC86012EA67070C1522E2236102C224A
:1042100035A78682006CC80811B83581EA5026207F
:104220001121001C262002101254112126220718E9
:10423000B120021015540810C75414105155802194
:104240000019E35226202621D0501122BC520068CA
:10425000C152006C2320361026201B220318001E9A
:10426000802100192621001A001B0B102320001F9B
:10427000001A2CBA73742CBA2C2C2CA72C742DA7D2
:10428000018677A72D2C001AA122DC5202108D5333
:10429000081054541410F65480A2807290A29072A8
:1042A000808D908D001A003082A2821082A28272CC
:1042B00082A81082001A2C2013211622071880A22F
:1042C000818280219020B22200193222DC5229A260
:1042D000322828A2323131A2292525A2293030A244
:1042E000312222A2312F2FA2301F1FA2302E2EA248
:1042F0002F1C1CA22F2D2DA22E1919A22E2C2CA260
:104300002D1616A22D132FA6117030A6127031A6ED
:10431000137013A62C7011201121081802108D5350
:10432000081054541410F654A020B121001926A6E8
:104330002F7027A6307028A63170001A1120842112
:1043400048521D20822148528A0811B885831420C2
:1043500011211122001C05188024B1208421001E87
:10436000001920201D211D22001C05188024B120C9
:104370008421001E0019E352262026211922001E46
:10438000DA501122BC5219222620BC5277A2287280
:10439000F810821077A7850177108620CC4285A679
:1043A000850183A6830183A6830113A272101DA633
:1043B00019701EA61A701FA613702C43585278212C
:1043C0000810E044818F918F001A003077A7010018
:1043D0003810013A001A0030585204216853021074
:1043E00039540810F0543810053A001A0030585269
:1043F000262078214A52001A003058521510755361
:104400006E53262002214A5200302DA2A1A12EA2D5
:10441000A12D80A2812D90A2912E001A2FA205100D
:104420002EA280802CA280332EA22E802DA29090CE
:104430002EA62E2C2EA62F2E2CA72D2E2CA22C7283
:104440002C8D001A30A691912CA681812DA230913D
:104450001A10E24331A2A1A11810C5432EA28181F6
:1044600031A231312CA22C2D31A231332FBA2E742E
:104470002EA62F3131A62C2CD1432EA681312FA769
:1044800081312CA22C2D2EA22E2F31A62C2C2EBA0F
:104490002E742DA22D2D2FA22E2E2DA62D2D80A7D0
:1044A0002F3131A72C80A0A230A12FA22E3190A7AE
:1044B0002F2D001A2EA281812CA22C2DCD4331A6A6
:1044C0007092ED4331A77092ED4330A2A1A12FA2CB
:1044D00031A131A230822FA22F3031A731812FA7F5
:1044E0002F9130A23131A0A231A12CA2813030A273
:1044F00031302EA62C2C31A22F2F2EA6302E80A7A5
:10450000312E2CA72C802EA2913031A22F2C90A7D7
:10451000312E001AB0A2A0A0001A2EA670921B4441
:104520002EA770921B442DA2A2B231A2A1A12CA24F
:1045300081B22FA2A13131A282312DA2912D2FA2C1
:104540002E2F2EA2A1A22C21F543AAC3E7D3EAE382
:104550002CA6047477A72C00381477A6047078145E
:10456000001A2DA205102EA633332FA62D2D2EA214
:104570002E2E2FA62F2D2EA22E332FA22F2F30A678
:104580002F2F2EA62E2F2FA62E3077A22F72001A95
:1045900090A77090908D001A2DA2A1A180A281A158
:1045A00090A2912D001A2FA205102EA280802CA27D
:1045B00080332EA22E802CA22C802DA2909030A28F
:1045C00080902EA62E2C2DA62D302EA62F2E2CA779
:1045D0002D2E001A2CA281A12DA281812EA62D9113
:1045E0002DA22D2DA0A22C2C2CA22C2E2EA22E2EB4
:1045F000181085442FA2A03387442FBAA0042EA6FA
:104600002E2C80A62E2F2CA6A02C2DA22DA02CA2C5
:104610002C8090A62C2D001A702398448223984455
:1046200031A683922FA282A130A2A1A130A2313063
:1046300031A2818132A22F2F29A6313231A63191A8
:10464000A0A229A131A22F312EA6812F32A630326D
:104650002FA6913032A281322FA22F2E2CA2812F91
:104660002DA2299180A632312CA62C2D32A62FA066
:1046700031A22C2929A2328090A63129001A30A219
:10468000A1A12DA2A2A22CA281A22FA282A12DA221
:10469000912D30A292302EA2A1A22C21A04472C44E
:1046A00094D496E4006877A772043714006C001A5B
:1046B0002DA272872CA22D8177A7812C39108136EB
:1046C0002CA22D9177A7912C39109136001A003029
:1046D00077A60570001A90A68090001A80A281A18A
:1046E00090A291A1001A31A272102CA280802DA25A
:1046F00090902EA62C2D2FA22C2D2FA2332F2FA63B
:104700002F312EA72E2F2E8D001A2CA6819130A28C
:1047100081812DA291912EA2A1A12CA22C2C2EA69A
:104720002E2E2FA6302D2DA7302D2CA72C2F2EA7C7
:104730002F2E90A22D2F80A22C2EA0A22E2F001A59
:104740002EA670822E452EA770822E452FA2A192F2
:104750002EA2A12E30A2819131A22E2F32A6912E0F
:104760002EA7812E2CA6812F2FA6912F32A22C327C
:104770002CA22E2F2EA630312FA7303130A72C2F70
:1047800031A7322E80A22E3090A22F31A0A230313C
:10479000001A2CA2A2812DA2A2912FA2A1922EA238
:1047A000A1822C2132450DC528D52BE5001A80A702
:1047B0007080808D001A5852022407257D522620D1
:1047C000CC52E6508750262072210A229A50381087
:1047D000003906200A210B229A500BA60C0B0BA8BD
:1047E0000B070B8D381000390030E65087500A8EC9
:1047F0000A8F0B8E0B8F0DA8720B0C200D2135220A
:104800009A500A202B229A50EA50585208222B2301
:104810000224352526262653E650008126207221C3
:104820002C229A5000AB0A2C0030E6502BA87206BE
:104830002B8DEA50585202242B257D520820CC4261
:10484000000C006435A60A0CE65087503520722112
:1048500035229A500BA7073506200B210B229A50C0
:10486000381000390030000C006435A60A0CE65000
:1048700087500B8F3520722135229A50EA505852BA
:1048800008220B23022435250D26265300305852CA
:1048900026200B2148521D2006214A52262026217F
:1048A0001D22001E1D2008214A52262026211D22DD
:1048B000001E0D20CC42E65087500B200C210A220E
:1048C0009A5082A70882828D0030585208220C2309
:1048D00078240A252626265300682620062100ABC8
:1048E000818000AB91900030585206200210505445
:1048F0000810F35414105F5506240B257D521D201B
:1049000008214A52262026211D22001E1120CC52A9
:1049100011240A257D520D20CC42E65087500A20F2
:104920000D212B229A50EA50CF550BA62B700D2447
:104930000B257D520820CC428650000800B87979BA
:1049400017A70173179E179E0BA2781017A21710B6
:104950000C200E2280A60B7090A2721082A690707E
:1049600092A6707068460E227AA882927A8D0030E4
:104970000E210C2211A6819112A7819113A211116F
:1049800014A2121215A6829216A7829215A21512CF
:1049900016A2111611A7131481A2131412A2171133
:1049A00014A6151615A7151682A2141416A215150D
:1049B00013A6131292A2160B91A2111312103B46CA
:1049C000001B0A1040460C210E22424606217A5650
:1049D00008217C5636A2060B36A236870AA6083670
:1049E0000A8D0030E650875091A2918736A27687D3
:1049F00036A2913681A2818781A6368181A28172F9
:104A0000818D91A67070001A02248F460624082119
:104A10007A56EA501410C447F34606217A560A8F94
:104A2000EA501410C9471C4735A2811034A29110D6
:104A300031A2353536A2343433A2041035A23136D2
:104A400034A2721033A2333531A7363136A634334F
:104A500031A73136318D39108134001A31A29110CD
:104A600036A2041031A2313133A2721036A236318F
:104A700031A7313336A6363333A2363633A2333636
:104A800034A2333335A2343635A2353134A2313332
:104A900035A23572358D33A7007333A73374339E37
:104AA000339E339E352433253526F55035A23510F7
:104AB00034A2343533A2343433A2333633A63331FF
:104AC000338D72203810052081A23480818D7D10B5
:104AD00081A70081001A000C8650D00811B8080187
:104AE00032A2041032A6323284210C20A5570C21A8
:104AF0002D2088571120AE57071880222D21C02065
:104B00005D578021AE5700190C210C2088C75DD756
:104B100068E7D050112217570A20B9570030001B00
:104B20000C200B102D206847000C86500821B6562B
:104B30009C5632A2041032A63232920811B80A06EC
:104B400002210C20A5570C212D2088571120AE578B
:104B5000031880222D21C0205D578021AE570019F7
:104B600008212120A55721212D2088572120AE572B
:104B7000031880222D21C0205D578021AE570019D7
:104B80000C2121220C205D5788C75DD768E7DA50D9
:104B900011221757212217570C20B95777A680707A
:104BA0003E10003900AB0B90003031A6918136A742
:104BB000918131A2318236A2369233A670B2734708
:104BC00031A6918136A7918131A2319236A23682E7
:104BD00033A770B2734734A2A1A233A2B13335A672
:104BE000313631A7313636A7343333A6343380A279
:104BF000313690A23533A0A23633B0A23531001A37
:104C000031A6918136A7918134A2313133A2313658
:104C100031A2A1B136A2A1A131A6313136A63636D4
:104C200036A7363334A7343180A23136A0A23633CA
:104C300090A23334B0A23134001A80A2811090A225
:104C40009110A0A27210B0A28090001A31A691819A
:104C500090A7918180A63170A0A6A1A1B0A2B13287
:104C6000001A35A2721035A835A180A2813590A214
:104C70009135808D908D001A082558527D520A205A
:104C8000CC4258520821DB5708205F5508220623E2
:104C900002240A252626265377A626703E100B39B5
:104CA00000AB0B270030918F2CA291872DA2728729
:104CB0002CA22C2C2EA72C2D2CA22C332CA72C2D47
:104CC0002DA22E2E2FA22E2C2DA22D2F2FA22F2F34
:104CD0002FA22D2F2FA22F722F8D30A70074309E60
:104CE000309E2F2430252F26F5502FA22F872DA25E
:104CF0002F2D2FA22D2D2FA22F2C2FA72F2E2F8D12
:104D00003910913481A22D72818D7C1081A7008190
:104D100077A7810037109134001A000C7B6286500F
:104D200078231BA67D721B9E341043481B9E832450
:104D30001B257A26F5507A207A211B229A501BA730
:104D40001B831B8D3910003D001A0030585278200B
:104D500078211C229A501CA61C041C209A501CA6C8
:104D60001C051C8D1C23195877A67A703D10003045
:104D70007AA7007A00301DA77D721EA61D701E9EA8
:104D800083241E257A26F550381000301EA77A722B
:104D90003910003D1FA283101DB91D0020A675709B
:104DA00021A2721022A6212122239E5824A6287017
:104DB00025A67570A85823A72821238D39106B4884
:104DC00022A622215C481DA71D721D9E1F239E58EE
:104DD00026A21F2827A2262828A72721288D381099
:104DE00099482AA6727029A2272728A72921288D49
:104DF0003810874829A229292AA62A727D481EA789
:104E0000202A28A6247025A61E70A8582BA6287034
:104E100024A22B2B20A62A7026A22B2627A22724E9
:104E200074487AA226727A8D001A003023A2837207
:104E3000238D23241D252326F55028A22310001A94
:104E400025A725723810001A28A22828A84806107D
:104E500000385852022407257D522620CC52006883
:104E60000AA60C800AAC0A01381000392AA672067C
:104E7000E6502BA8722A2AAC2B0187500A20062163
:104E80002B229A502BA7072B2BAC2B012A202B214E
:104E90000B229A5038100039003006100038E650C6
:104EA00087500A8E0A8F0B8E0B8F2AA60A0B2AAC0C
:104EB0002A0138100039EA50585208222A230224C5
:104EC0000B2523262653E6502AA60C232AAC2A01BA
:104ED00000AB0A2A0030061000385852E6508750BE
:104EE0002AAC0D0F2AA62A0F2A2007212A229A501F
:104EF0002AA6062A2AAC2A012BAC0A0F2BA62B0FB6
:104F00002B202A212B229A502BBB2B0C2ABB2A0C9C
:104F1000EA50585208222A230A242B250D2626530C
:104F20000030003885A9010F001A11BA010F85A7BA
:104F30008511001A007001A67070007001A77D72C3
:104F4000001A007009A67070007009BB7D0F7D21EA
:104F500009620081001A81620081001A0F210F2668
:104F60000068868EC15236108636006C0210505989
:104F70000310875211A6267012A6277013A6287058
:104F8000E65036A8850F368D01213626EA50874235
:104F9000900811B8868615D418E4112012541D20EB
:104FA0001121001C125411211D220318C120001EC2
:104FB00012548021001926A6117027A6127028A667
:104FC000137026202621001C001C001C001B7C22C4
:104FD000001D262113106B491122BC522621E7D354
:104FE000EAE3001A00680F8E006C2CA20F1087599C
:104FF00002108759A0A2A02C15108959001A80A26E
:10500000802C90A2902C001AFA1ED65F000101009D
:105010000002020000140000002800000040000010
:1050200001000000020000000F000000100000005E
:105030001000000020000000100000001000000020
:105040004450040011000000112800001108000065
:1050500001000000585004000000000000000000A3
:105060000000000000000000000000003000000010
:10507000C000000018000000310000000000000027
:1050800030000000E00000001C00000039000000BB
:1050900000000000300000000001000020000000BF
:1050A000410000000000000030000000400100004E
:1050B0002800000051000000000000003000000047
:1050C00080010000300000006100000000000000CE
:1050D00030000000000200004000000081000000DD
:1050E0000000000017000000C000000018000000D1
:1050F000310000000000000017000000E100000087
:105100001D0000003B000000000000001700000030
:10511000000100002000000041000000000000002D
:1051200012000000C0000000180000003100000064
:105130000100000012000000E00000001C00000060
:105140003900000001000000120000000001000012
:1051500020000000410000000100000012000000DB
:105160004001000028000000510000000100000084
:10517000120000008001000030000000610000000B
:1051800001000000120000000902000042000000BF
:10519000850000000100000041000000FF00000049
:1051A000200000002000000000000000410000007E
:1051B000C0010000380000003800000000000000BE
:1051C00042000000FF00000020000000200000005E
:1051D0000000000042000000C00100003900000093
:1051E0003900000000000000000010002000000056
:1051F0003A630400C0000000FC51040026000010C7
:1052000000000000003000000C0000000000000062
:105210001452040022000010000C000000310000B5
:105220000C0000000000000300000000000000006F
:10523000000000000000000000000040955969597E
:10524000555554551555555604051541105455409E
:105250004551554440455044505555450040004047
:1052600040044496655556554540455451411540B6
:10527000559155555555405105010000544554541C
:1052800045550504001004101404400000000140BE
:105290005555154154040000440001000000004031
:1052A00041000044504445505400555554556551F3
:1052B000004000400100000100050100115451515F
:1052C00054555505001541500000044010010405D7
:1052D000000000000000042A0000042A0000032847
:1052E0000000012A0000012A000003280000002A13
:1052F0000000002A00000328000000180000002819
:1053000000002A2B00002A2B000003280000292B74
:105310000000292B00000328000002290000052AB4
:105320000000052A000003280000011800000028E2
:10533000060006000000900100000328000002297A
:10534000000003280000002810002DE15D29410B1A
:105350008D77679C110F1F8A2B00257325730070B2
:10536000696E00736F6674776172650062726F7741
:105370006E6F757400706F77657200776174636823
:10538000646F670064656275670073656375726951
:1053900074790077616B657570006C6F636B757005
:1053A0000053657474696E677320696E697469610E
:1053B0006C697A6174696F6E206661696C656400FE
:1053C0004C45447320696E697469616C697A6174D3
:1053D000696F6E206661696C656400427574746FF4
:1053E0006E20696E697469616C697A6174696F6E47
:1053F000206661696C6564005761746368646F67F7
:1054000020696E697469616C697A6174696F6E2074
:105410006661696C6564004C454420736572766909
:10542000636520696E697469616C697A6174696F1A
:105430006E206661696C656400426C7565746F6F9F
:10544000746820696E697469616C697A6174696FE6
:105450006E206661696C65640044657669636520E9
:105460006D6F64756C6520696E697469616C697AC9
:105470006174696F6E206661696C65640053656E66
:10548000736F7273206D6F64756C6520696E6974DB
:1054900069616C697A6174696F6E206661696C65B7
:1054A0006400446576696365207570646174652085
:1054B0006D6F64756C6520696E697469616C697A79
:1054C0006174696F6E206661696C65640057617410
:1054D0006368646F67207365747570206661696CBA
:1054E0006564006465766963652F75617274006137
:1054F00070706C69636174696F6E2F64657669633F
:10550000652F73657269616C007075626C69630008
:1055100030303A30303A30303A30303A30303A3059
:10552000300046463A46463A46463A46463A4646A7
:105530003A464600303030303030303000617070E4
:105540006C69636174696F6E006170706C6963612E
:1055500074696F6E2F6465766963652F6D61630092
:10556000454D4245444F580025732E257300312E7A
:10557000302E32370072616E646F6D007075626C30
:1055800069632D69640072616E646F6D2D696400DA
:1055900030782530327800253032583A253032586C
:1055A0003A253032583A253032583A253032583A76
:1055B000253032582028257329006C65645F746893
:1055C000726561645F6964006E726635346C313592
:1055D000646B2F6E726635346C31352F6370756174
:1055E0007070006E524635344C313520444B0046C5
:1055F00061696C656420746F207265626F6F743AC4
:10560000207370696E6E696E6720656E646C657379
:10561000736C792E2E2E0A002A2A2A20426F6F746C
:10562000696E6720454D42496F54202862792045B4
:105630004D4245444F58204C414253204C74642EF7
:10564000292076312E302E32372D32336232666683
:10565000386339336639202A2A2A0A002A2A2A205E
:105660005573696E67206E524620436F6E6E656398
:10567000742053444B2076332E342E312D62323039
:10568000663836313962613961202A2A2A0A002AAD
:105690002A2A205573696E67205A657068797220CE
:1056A0004F532076342E342E322D333366613661DB
:1056B000376161633661202A2A2A0A0072302F611D
:1056C000313A2020307825303878202072312F610F
:1056D000323A2020307825303878202072322F61FD
:1056E000333A20203078253038780A0072332F6121
:1056F000343A2020307825303878207231322F69C2
:10570000703A2020307825303878207231342F6C70
:10571000723A20203078253038780A00207870736B
:10572000723A20203078253038780A00735B2532B1
:10573000645D3A20203078253038782020735B254E
:1057400032645D3A20203078253038782020735B31
:105750002532645D3A202030782530387820207357
:105760005B2532645D3A20203078253038780A0095
:1057700066707363723A20203078253038780A00DA
:105780004661756C74696E6720696E7374727563B7
:1057900074696F6E2061646472657373202872315E
:1057A000352F7063293A203078253038780A005533
:1057B0006E68616E646C6564204952516E3A2025B2
:1057C000640A002A2A2A2A2A20555341474520469E
:1057D00041554C54202A2A2A2A2A0A0020204469AA
:1057E000766973696F6E206279207A65726F0A003C
:1057F0002020556E616C69676E6564206D656D6F04
:105800007279206163636573730A002020537461A9
:10581000636B206F766572666C6F772028636F6E9E
:10582000746578742061726561206E6F7420766192
:105830006C6964290A0020204E6F20636F70726FBC
:10584000636573736F7220696E73747275637469C4
:105850006F6E730A002020496C6C6567616C206C68
:105860006F6164206F66204558435F52455455521E
:105870004E20696E746F2050430A002020496C6CE2
:105880006567616C20757365206F6620746865209C
:10589000455053520A002020417474656D70742085
:1058A000746F206578656375746520756E646566D0
:1058B000696E656420696E737472756374696F6E66
:1058C0000A002A2A2A2A2A20425553204641554CAA
:1058D00054202A2A2A2A2A0A002020537461636B42
:1058E000696E67206572726F720A002020556E73B0
:1058F0007461636B696E67206572726F720A002053
:1059000020507265636973652064617461206275FB
:1059100073206572726F720A002020424641522045
:10592000416464726573733A20307825780A0020E8
:1059300020496D70726563697365206461746120CC
:10594000627573206572726F720A002020496E734F
:105950007472756374696F6E2062757320657272FC
:105960006F720A002020466C6F6174696E672D703B
:105970006F696E74206C617A79207374617465202C
:10598000707265736572766174696F6E206572728C
:105990006F720A002A2A2A2A2A204D505520464191
:1059A000554C54202A2A2A2A2A0A0020205374619E
:1059B000636B696E67206572726F722028636F6E09
:1059C000746578742061726561206D696768742000
:1059D0006265206E6F742076616C6964290A00200C
:1059E0002044617461204163636573732056696F5D
:1059F0006C6174696F6E0A0020204D4D4641522043
:105A0000416464726573733A20307825780A002007
:105A100020496E737472756374696F6E204163639D
:105A20006573732056696F6C6174696F6E0A0052FA
:105A30006573657276656420457863657074696F17
:105A40006E20280053707572696F757320696E74CB
:105A5000657272757074202849525120005350535A
:105A6000454C20696E20746872656164206D6F64B6
:105A70006520646F6573206E6F7420696E6469635E
:105A8000617465205053500A002A2A2A2A2A204885
:105A9000415244204641554C54202A2A2A2A2A0A97
:105AA000002020427573206661756C74206F6E2033
:105AB000766563746F72207461626C6520726561D3
:105AC000640A0020204465627567206576656E74FF
:105AD0000A0020204661756C7420657363616C61F7
:105AE00074696F6E20287365652062656C6F772915
:105AF0000A00415243485F45584345505420776956
:105B0000746820726561736F6E2025780A0A002A16
:105B10002A2A2A2A204465627567206D6F6E69748F
:105B20006F7220657863657074696F6E202A2A2A07
:105B30002A2A0A002A2A2A2A2A20257320256429AB
:105B4000202A2A2A2A2A0A00464C4153485F30005C
:105B50005352414D5F3000657869740061626F7225
:105B60007428290A006E616D650062742F25732FF9
:105B70002530327825303278253032782530327829
:105B8000253032782530327825752F2573006274E0
:105B90002F25732F25303278253032782530327812
:105BA00025303278253032782530327825750062FC
:105BB000742F2573005A6570687972006274004210
:105BC00054204C5720575100287075626C69632926
:105BD000002872616E646F6D2900287075626C69AF
:105BE000632D696429002872616E646F6D2D69648C
:105BF00029006863695F72785F706F6F6C00646919
:105C0000736361726461626C655F706F6F6C007367
:105C1000796E635F6576745F706F6F6C0057455384
:105C2000545F544F504449522F7A65706879722FEF
:105C30007375627379732F626C7565746F6F7468B6
:105C40002F686F73742F6863695F636F72652E636B
:105C50000062745F6863695F6576745F6765745F2F
:105C6000666C616773286864722D3E6576742920BE
:105C700026202831554C203C3C2028312929004140
:105C80005353455254494F4E204641494C205B25C1
:105C9000735D20402025733A25640A006576745FA1
:105CA000666C6167732026202831554C203C3C20CF
:105CB0002830292900657272203D3D2030000943BB
:105CC0006F6E74726F6C6C657220756E7265737036
:105CD0006F6E736976652C20636F6D6D616E6420E5
:105CE0006F70636F64652030782530347820746974
:105CF0006D656F75742077697468206572722025F0
:105D0000640A0042542052582057510062756600C0
:105D1000312E306200312E3100312E3200322E30E1
:105D200000322E3100332E3000342E3000342E312C
:105D300000342E3200352E3000352E3100352E3213
:105D400000352E3300352E3400362E3000362E31FD
:105D500000362E3200362E33006863695F636D644F
:105D60005F706F6F6C00667261676D656E74730053
:105D700061636C5F74785F706F6F6C006174745FE7
:105D8000706F6F6C0062742F6363630062742F68BE
:105D90006173680062742F63660062742F7363001E
:105DA00062742F6B65797300696E70757400636C33
:105DB0006F636B40313065303030007073612D722D
:105DC0006E67007272616D2D636F6E74726F6C6CB2
:105DD0006572403530303462303030006D783235A5
:105DE0007236343335664030006770696F40313049
:105DF00061303030006770696F4064383230300095
:105E00006770696F40353034303000627574746F7C
:105E10006E73006C65647300737069403461303078
:105E200030007761746368646F67403130393030B7
:105E30003000253032583A253032583A2530325821
:105E40003A253032583A253032583A253032580007
:105E5000626C655F6D6F64756C655F72785F7468A6
:105E6000726561645F696400626C655F6D6F647523
:105E70006C655F74785F7468726561645F69640003
:105E8000536F667444657669636520436F6E747200
:105E90006F6C6C6572204153534552543A20257300
:105EA0002C2025640A0062745F6863695F73646311
:105EB000004D50534C204153534552543A202573C2
:105EC0002C2025640A004D50534C20576F726B00F4
:105ED00073747265616D2066756C6C00696F206506
:105EE00072726F7200696E76616C696420646174AD
:105EF000615F73697A6500696E76616C69642066BA
:105F000069656C642074797065007375626D736780
:105F10002073697A65206368616E676564006279E1
:105F20007465732073697A65206578636565646557
:105F300064007A65726F2D6C656E67746820737487
:105F400072696E6700756E7465726D696E617465F5
:105F50006420737472696E6700696E76616C69643F
:105F6000206669656C642064657363726970746F20
:105F700072006D697373696E6720726571756972FD
:105F80006564206669656C640063616C6C62616362
:105F90006B206572726F72006172726179206D613F
:105FA000782073697A652065786365656465640047
:105FB000286E6F6E652900696E76616C6964206574
:105FC0007874656E73696F6E00656E642D6F662DF3
:105FD00073747265616D00766172696E74206F769C
:105FE0006572666C6F7700696E76616C69642077A4
:105FF0006972655F7479706500706172656E742096
:1060000073747265616D20746F6F2073686F727442
:106010000077726F6E67207769726520747970659A
:1060200000696E746567657220746F6F206C6172B1
:106030006765006279746573206F766572666C6F50
:1060400077006E6F206D616C6C6F6320737570707C
:106050006F72740073697A6520746F6F206C61725F
:10606000676500737472696E67206F766572666C1F
:106070006F7700696E636F7272656374206669780A
:106080006564206C656E677468206279746573203E
:1060900073697A65006172726179206F76657266E4
:1060A0006C6F77006661696C656420746F2073653E
:1060B000742064656661756C7473007375626D73CA
:1060C000672063616C6C6261636B206661696C65FB
:1060D00064007A65726F207461670077726F6E6713
:1060E0002073697A6520666F72206669786564201E
:1060F000636F756E74206669656C64006D61696EAE
:1061000000737973776F726B7100FFFFFFFF1F00E1
:10611000FFC1FBE84C90728BE7B3518963AB23233B
:1061200000418866AA1AFFFF443300647261676FFA
:106130006F6E2F6C6962732F73636865642F73725F
:10614000632F73636865645F68616C5F74696D6514
:10615000725F677274632E6300B40B111891A842CA
:106160002EF671C1848C5EEA79B132608F00696E5F
:1061700066006E616E00286E756C6C290000FFFF72
:10618000FFFFFFFF00000000000000FFFFFFFFFF18
:10619000FF00000000000000000000000010008070
:1061A0000000805F9B34FB0104000200000002003D
:1061B00000000000000005000000000000000000DA
:1061C0000000000000000500090909090102090991
:1061D0000909090909090909090709090909090634
:1061E000090909090909090909090909090909091F
:1061F00005010204E69D350E480103CCDBFDF4AC3D
:106200001191F4EFB9A5F9E9A7832C5E2CBE97F2A2
:10621000D203B0208BD28915D08E1C742430ED8F20
:10622000C24563765C15525ABF9A32636DEB2A659C
:10623000499C80DC01010101010203020203040008
:1062400005061F1F2918120308020305080A000883
:1062500001030401050405090607010106060800FB
:10626000000100010003010003020201000200001E
:1062700000000002030100036C888391AAF5A53891
:1062800060370BDB5A6083BE00070E091C1B12151A
:10629000383F363124232A2DD810200C000000006E
:1062A00000010405020608090F029ECADC240EE55F
:1062B000A9E093F3A3B50200406E029ECADC240E4F
:1062C000E5A9E093F3A3B50200406E029ECADC2468
:1062D0000EE5A9E093F3A3B50300406E029ECADC6D
:1062E000240EE5A9E093F3A3B50300406E029ECA15
:1062F000DC240EE5A9E093F3A3B50100406E00078E
:1063000018232323232323232323232323230001AD
:106310000210141400001C2030401C2000001C201F
:106320003040004010141400001C2030401C20009D
:10633000001C2030400040010302FFFFFFFF00006F
:106340000001000000000000000000000000FFFF4E
:10635000FFFFFFFFFFFFFFFFFFFFFFFFFFFF00004B
:106360000000FFFFFFFFFFFFFFFFBCE6FAADA7172E
:106370009E84F3B9CAC2FC6325516B17D1F2E12C9C
:106380004247F8BCE6E563A440F277037D812DEB3C
:1063900033A0F4A13945D898C2964FE342E2FE1AE1
:1063A0007F9B8EE7EB4A7C0F9E162BCE33576B31CB
:1063B0005ECECBB6406837BF51F5FFFFFFFF000050
:1063C0000001000000000000000000000000FFFFCE
:1063D000FFFFFFFFFFFFFFFFFFFC5AC635D8AA3AB9
:1063E00093E7B3EBBD55769886BC651D06B0CC53DC
:1063F000B0F63BCE3C3E27D2604B0000FFFFFFFFD4
:10640000FF1F00001F000000000000007FFE0000D2
:10641000E40700001D400000000000000000000034
:1064200000000000FFFFFFFF1FFF1B00BAABBABA5E
:1064300010101010A0354D00FF000000C40900002E
:1064400000000000005008500000000000000000A4
:106450000C000000010000FF7F00000000000000B1
:10646000AAAAAAAA5555555501000000B1EC010091
:1064700000000000C3EC01000000000071350100C5
:10648000000000000FED0100000000000BED010016
:106490000000000010AB0100FF000000A8D00100C8
:1064A00001000101010300001E001E0200000000A7
:1064B0000000000012007C007E00E00103007E006E
:1064C0000A1E001E000000009F7203000000000072
:1064D00000010000000000000000000000000000BB
:1064E00000000000000000000000000000000000AC
:1064F0000000000000000000552E02000000000017
:10650000000100000000000000000000000000008A
:10651000000000000000000000000000000000007B
:1065200000000000000000009D320200000000009A
:10653000000100000000000000000000000000005A
:10654000000000000000000000000000000000004B
:1065500000000000000000005935020000000000AB
:10656000000100000000000000000000000000002A
:10657000000000000000000000000000000000001B
:10658000000000000000000000000000000000000B
:1065900000000000000000000000000000000000FB
:1065A00000000000000000000000000000000000EB
:1065B00000000000000000000000000000000000DB
:1065C00000000000000000000000000000000000CB
:1065D00000000000000000000000000000000000BB
:1065E00000000000000000000000000000000000AB
:1065F000000000000000000000000000000000009B
:106600001162020000000000000000000000000015
:10661000000000000000000000000000000000007A
:10662000000000000000000000000000000000006A
:10663000000000000000000000000000000000005A
:10664000000000000000000000000000000000004A
:10665000000000000000000000000000000000003A
:10666000000000000000000000000000000000002A
:10667000000000000000000000000000000000001A
:106680000000000000000000641004000000000092
:1066900000000000000000000000000000000000FA
:1066A00000000000000000000000000000000000EA
:1066B0000000000000000000912502000000000022
:1066C00000010000000000000000000000000000C9
:1066D00000000000000000000000000000000000BA
:1066E0000000000000000000670000000000000043
:1066F000000000000000000000000000000000009A
:106700000000000000000000000000000000000089
:106710000000000000000000000000000000000079
:106720000000000000000000000000000000000069
:106730000000000000000000000000000000000059
:106740000000000000000000000000000000000049
:106750000000000000000000000000000000000039
:106760000000000000000000000000000000000029
:1067700000000000010000000E0000000100000009
:106780000E000000010000000E00000000C2010029
:106790000001030000C2010000010300F9720300C0
:1067A000A12E0200FFFFFFFF0C0400200C040020BC
:1067B00001000000010000000E000000FFFFFFFFCD
:1067C0002404002024040020010000000100000037
:1067D0000E000000FFFFFFFF3C0400203C040020EF
:1067E00001000000010000000E000000FFFFFFFF9D
:1067F00054040020540400200100000001000000A7
:106800000E0000006D78030094350400D852040097
:1068100000000200E452040000000200F0520400F4
:1068200000000A0000000000518C0300000000007E
:106830000000000000C01050000000000000000038
:106840000000000000000000000000000000000048
:106850000000000000000000000000000000000038
:106860000000000000000000000000000000000028
:106870000000000000000000000000000000000018
:106880000000000000000000000000000000000008
:1068900000000000000000000000000000000000F8
:1068A00000000000000000000001000000A00D50EA
:1068B00000000000000000000000000000000000D8
:1068C00000000000000000000000000000000000C8
:1068D00000000000000000000000000000000000B8
:1068E00000000000000000000000000000000000A8
:1068F0000000000000000000000000000000000098
:106900000000000000000000000000000000000087
:106910000000000000000000000000000000000077
:10692000000000000000000085550200000000008B
:1069300000000000000000002D65020000000000C3
:106940000000000000000000C95A02000000000022
:106950000000000000000000F575020000000000CB
:106960000000000000000000F174020000000000C0
:106970000000000000000000E57C020000000000B4
:106980000000000000000000397902000000000053
:1069900000000000758D020009960200AFAC0300F4
:1069A00000000000000000003191020043AB030032
:1069B000CDAB0300898A0200000000000000000047
:1069C000019402000000000000000000D5B60300A2
:1069D000000000000000000000000000045304005C
:1069E000000002001053040000000A0020530400BD
:1069F0000000200000000000000000000000000077
:106A00000000000000000000000000000000000086
:106A100013B30300000000007C0600207C06002069
:106A200000000000000000000E00000090060020A2
:106A300090060020DDB80200000000000000000009
:106A400000000000EBCB030000000000000000008D
:106A500000000000B7CE03000000000000000000AE
:106A600000000000B7CE030000000000000000009E
:106A700000000000B7CE030000000000000000008E
:106A80000000000047CF03000000000000010000EC
:106A900000000000BFD403000000000000A004506C
:106AA00000000000000000000000000000000000E6
:106AB00000000000000000000000000000000000D6
:106AC00000000000000000000000000000000000C6
:106AD00000000000000000000000000000000000B6
:106AE00000000000000000000000000000000000A6
:106AF0000000000000000000000000000000000096
:106B000000000000000000006C0700206C0700205F
:106B100000000000010000007C0700207C0700202E
:106B20000000000001000000000000000000000064
:106B30000000000000000000000000000000000055
:106B40000000000000000000000000000000000045
:106B50000000000000000000000000000000000035
:106B600095D4020000000000FF00000000901050CB
:106B70000000000000000000000000000000000015
:106B80000000000000000000000000000000000005
:106B900000000000000000000000000000000000F5
:106BA00000000000000000000C0800200C0800207D
:106BB000000000000100000057D6030073D6030058
:106BC00000000000000000000000000000000000C5
:106BD000000000000000000033D6030000000000A9
:106BE000D9D902002FD6030000000000BA620400C9
:106BF00000000C00DC620400000010000101000035
:106C00006E090020071000005E0900200920000026
:106C10006F0900200001000083040000A0000000B4
:106C2000F00000000000000000000000030400006D
:106C3000A0000000F0000000000000000090D00361
:106C4000FF0000000F00000071020000B0080020EB
:106C5000B0080020B8080020B8080020000000009C
:106C6000000000000E00000000000000D00800201E
:106C7000D008002000000000000000000E0000000E
:106C800000000000E8080020E808002000000000E4
:106C9000000000000E0000000000000000090020BD
:106CA0000009002000000000000000000E000000AD
:106CB00000000000F5F20300F1F203006774200009
:106CC0004C0A00209C0A0020740A0020540B00206B
:106CD000480B0020600A0020880A002030303A303B
:106CE000303A30303A30303A30303A3030003030AC
:106CF000303030303030000101069ECADC240EE511
:106D0000A9E093F3A3B50100406E06454D4245440A
:106D10004F582E64656661756C74000000000000B9
:106D20000000000000000000000000000000000063
:106D30000000000000000000000000000000000053
:106D400000000000A8090020A80900200C20022053
:106D5000000000000200000024000000000000000D
:106D6000C4090020C4090020888900200000000018
:106D700002000000A000000000000000E009002068
:106D8000E009002054200220000000000A0000005A
:106D90001C000000000000000000000008DC0020D3
:106DA000540001000000000000000000100A002054
:106DB000100A002000000000000000000E0000008B
:106DC000240A0020240A0020000000000000000027
:106DD0000E000000380A0020380A002000000000E1
:106DE000000000000E0000004C0A00204C0A0020A9
:106DF00000000000000000000E000000600A0020FB
:106E0000600A002000000000000000000E000000EA
:106E1000740A0020740A0020000000000000000036
:106E20000E000000880A0020880A002000000000F0
:106E3000000000000E0000009C0A00209C0A0020B8
:106E400000000000000000000E000000B00A00205A
:106E5000B00A002000000000000000000E0000004A
:106E6000C40A0020C40A0020000000000000000046
:106E70000E000000D80A0020D80A00200000000000
:106E8000000000000E000000EC0A0020EC0A0020C8
:106E900000000000000000000E000000000B0020B9
:106EA000000B00200C000000100000006C210220EC
:106EB0002C2202206C2102206C2102200000000004
:106EC00000000000280B0020280B0020000000001C
:106ED00001000000380B0020380B002000000000EB
:106EE000FFFFFFFF480B0020480B002000000000C0
:106EF000540B0020540B0020000000000000000094
:106F000000000000680B0020680B0020000000005B
:106F100000000000780B0020780B0020000000002B
:106F200000000000880B0020880B002000000000FB
:106F300000000000980B0020980B00200A000A00B7
:106F4000100000000A00000000000000705D040056
:106F500000000000F4370400D812022000000000F6
:106F600000000000C80B0020C80B00200A000A0027
:106F7000100000000A000000000000007C5D04001A
:106F8000018B0200103904007C1E0220000000006A
:106F900000000000F80B0020F80B002003000300A5
:106FA000000000000300000000000000FE5B040081
:106FB00000000000E4360400EC04022000000000A1
:106FC00000000000280C0020280C00200200020015
:106FD000100000000200000000000000665D0400D8
:106FE000ED780200E037040088080220000000006D
:106FF00000000000580C0020580C00200200020085
:10700000000000000200000000000000595D0400C4
:1070100000000000CC3704005808022000000000E7
:1070200000000000880C0020880C002013001300D2
:10703000040000001300000000000000F25B0400E8
:10704000B5580200D0360400000202200000000003
:1070500000000000B80C0020B80C00200100010066
:107060000000000001000000000000000F5C0400B0
:1070700000000000F836040038060220000000FF7F
:1070800015E015E007699600100020000EE345C7E3
:107090001A0A9E267F3C2D7B28058C040028F8B315
:1070A000436B786B492A92AF1F3633D5010020001D
:1070B000719EE1951D42DD4085282E402057080E27
:1070C000A3CDA28D67CF46FB8C192C5EAD4BB6C805
:1070D00022004600304402202072466450A83A51F3
:1070E00010B7103E799FBA621AFCBF497F858CB6F3
:1070F0007254C550824DF58F02200D0C2D8A0990D7
:10710000A9C610DDEDB47E6D010508E12B02CEEDC0
:0A7110006BEED8B4E9EEBD6DADAE34
:00000001FF
