:020000040100F9
:100000008056002161290101CDAF01014D29010177
:100010004D2901014D2901014D2901010000000078
:10002000000000000000000000000000312A010173
:100030004D290101000000000D2C01014D29010195
:10004000852C0101852C0101852C0101852C0101E4
:10005000852C0101852C0101852C0101852C0101D4
:10006000A7B40101852C0101852C0101852C01011A
:10007000BDB40101852C0101852C0101852C0101F4
:10008000852C0101D3B40101852C0101852C0101CE
:10009000852C0101852C0101852C0101852C010194
:1000A000852C0101852C0101852C0101852C010184
:0800B000852C0101852C0101E2
:1000B800064A074B02604FF44272DB7882800822BE
:1000C800C371002382710372704700BF711101016F
:1000D800E0020021064A074B02604FF4B072DB7A57
:1000E80082800822C371FF2382710372704700BFA8
:1000F8004B0A0101E00200212DE9F341C41D00284B
:10010800064624F007040CBF0020204600F028FC17
:10011800071E04DA6FF00B0002B0BDE8F081374D1E
:10012800E988A88803316B7A03302A7A89B280B2C9
:100138000DF0BBFB0028EDDB3C44A978EB78002EE2
:1001480004F10304194424F0030400FB01F10CBF7B
:100158000020204600F094FD20440EB90028D9DB89
:10016800EA7A0446B2B1EB7B697C13441944FF294F
:10017800D0D80330002EAA89C9B220F003040CBFDE
:100188000020204600F0EEFD0028C3DB04440EB931
:10019800002CBFDB012000F0D9FBB0B1A97BA1B1D5
:1001A80095F82A3033B340234FF481720734002E78
:1001B80024F007040CBF0020204601F037FF002878
:1001C800A8DB04440EB9002CA4DBAB7AFBB1EB7AB4
:1001D800B3B10734002EA97A24F007040CBF00201D
:1001E800204604F0EDFA002894DB04447EB9002C84
:1001F8000DDA8FE725232822D8E700BFE002002187
:10020800012000F0A3FB10B1AB7B002BE1D1734BB5
:100218001B6893B1A97D81B10334002EEA7D24F0D7
:1002280003040CBF0020204698470028FFF672AF51
:10023800044416B9002CFFF66DAF694B1B688BB1EF
:10024800297C79B10334002E24F003040CBF00206C
:10025800204698470028FFF65DAF044416B9002CE5
:10026800FFF658AF5F4B1F68B7B1697CA1B1033483
:10027800002E2B7D24F0030408BF0020009318BF34
:100288002046EB7CAA7CB8470028FFF643AF04441D
:1002980016B9002CFFF63EAF072000F057FB98B1C7
:1002A800A97D89B10334002E2A7E24F003040CBFF3
:1002B8000020204600F044FE0028FFF62BAF04443F
:1002C80016B9002CFFF626AFB6FA86F795F8230084
:1002D8007F09A0B103346B7FA97E24F00704194479
:1002E8003B4644F00404C9B2224600F069FE0028E7
:1002F800FFF610AF044416B9002CFFF60BAF95F8C3
:10030800241000294CD004F10708002EEA8C28F0AC
:1003180007080CBF002040460DF0DBFA041EFFF66C
:10032800F9AE4444002E3ED1002CFFF6F3AEA97F6F
:10033800002945D095F82230002B41D02A8C07346B
:10034800002E02F1240224F007080CBF00204046CA
:1003580092B20DF0BEFA0028FFF6DCAE404416B9A2
:100368000028FFF6D7AE03302B7FA97E20F00700C8
:1003780019443B4640F0040495F82200C9B22246CD
:1003880000F010FE0028FFF6C5AE044486B9002C24
:10039800FFF6C0AEEB6AF3B1C6B1EC620020BBE673
:1003A800002EC4D08846E98C404609F0D5FEBEE749
:1003B8002A8C4046A97F083292B209F0D3FEE9E7B9
:1003C800002EE7D0002211461046F6E728343FF504
:1003D800A1AE2046A0E6002EE0D1FAE7C40F002126
:1003E800C80F0021CC0F00211FB572B6194B1C6B2A
:1003F800ECB9BFF34F8F1849184BCA6802F4E06292
:100408001343CB60BFF34F8F00BFFDE7B2FBF6F29B
:100418002B465D1C002AF9D1DBB203F110056D44AF
:1004280005F80C2C0A2233B901A8A047E1E70246D7
:1004380000230A26EDE7013BDBB203F110050DEBC3
:100448000506B0FBF2F502FB1500303006F80C0C7F
:100458002846E8E7E002002100ED00E00400FA0584
:1004680013B5124C68462389ADF80030E388ADF81F
:100478000430A388ADF8023002F072FB18B1FB21FA
:100488009C20FFF7B1FF207D02F09AFB08B1FE2106
:10049800F6E7E07C02F08EFB08B1FF21F0E794F864
:1004A800280008F0B9F802B010BD00BFE002002132
:1004B80038B5054600283DD00CF086FA10B94FF043
:1004C800FF3038BD0AF00EFAB0F5FA7FF7D81B4CAA
:1004D800002125631B2504F10F0084F834102A46F7
:1004E800217084F82A10E1620CF0BAFC0123032180
:1004F80008200222A370E370E372A3742376F72323
:1005080021722384FB23A0721F20A1734921E38455
:100518000A23A580E5806272A081E174E27584F8FF
:100528002830EFF3108472B600F05AFD04B962B6B1
:100538000020C6E76FF01500C3E700BFE002002106
:1005480038B51446002840F0C480634D95F834301F
:10055800032B00F0BB80B9B112B96FF0150038BD9C
:100568000139172900F2B580DFE801F00C1D2036AB
:100578006069873C6C6F814248565B8D909FA2A54D
:1005880096B3B3A81378AB700020FFF7B5FD002829
:10059800B7BF012302236FF00B0085F83430A8BFE2
:1005A80085F83430DBE71378EB70EDE71379002B2F
:1005B800D3D05379002BD0D01288FB2ACDD86388AA
:1005C8001B3B9BB2E02BC8D81A2AC6D92368A2883D
:1005D8006B60424B9A80D7E71378EA7B9342BCD38F
:1005E800EB72D1E71378EA7A9342B6D8EB73CBE78C
:1005F8001378EA7A9342B0D86B74C5E71378002B66
:10060800ABD05378013BDBB2F82BA6D8138892788D
:100618006B82334B9A70B7E71078687507F0A8FFBC
:10062800B2E71378002B98D02B76ADE7012000F0C5
:100638008DF9237808B1012B8FD9AB73A4E7138800
:10064800AB81A1E71378AB759EE7072000F07EF930
:1006580010B92378012B80D9072000F077F918B159
:100668002378002B3FF479AF2378EB758CE7137868
:10067800082B3FF672AF2B7486E71388FF2B3FF6E3
:100688006CAFAB7280E713786B767DE713780E2B2F
:100698003FF663AFAB7677E72368124AC5F81E309A
:1006A80063685360238913816EE71378EB766BE7F1
:1006B80013786B7768E713782B7765E713785A1EFA
:1006C800092A3FF64AAF85F828305DE74FF0FF303A
:1006D80045E76FF02C0042E7E0020021E402002128
:1006E800F2020021FE020021F8B50D46064630B39D
:1006F80029B311F0070422D1124F97F83430012B97
:1007080002D16FF00B00F8BD032B02D14FF0FF3080
:10071800F9E700F0A1FC0028F8D02846FFF7ECFC28
:100728000028EEDB07F07EFF3046F96A02F0B0FAE7
:10073800FFF796FE0323204687F83430E3E76FF08F
:100748001500E0E7E002002110B5074C94F83430BA
:10075800032B03D102F0B4FA03F060F90DF0E6F9C7
:10076800002084F8340010BDE002002108B502F032
:1007780053FA03490320BDE8084000F0DFB800BF82
:10078800DD00000108B502F061FA03490220BDE866
:10079800084000F0D3B800BFB9000001074B4FF084
:1007A800FF3141F6FF72C3E9001205490022C1E991
:1007B80000221F21C3E90212704700BF0000002178
:1007C800180300213F280CD801380B4BC0F3421204
:1007D80000F01F0053F8223023FA00F000F0010067
:1007E8007047FF2806D04038044BC0F3421200F08F
:1007F8001F00EFE7012070470000002118030021C7
:10080800074B0146006849681A4603C240F48C2227
:1008180000201A6041F0107242F4FF625A6070477B
:10082800000000210246034B0068516803C3002002
:10083800704700BF180300210246034B0068516847
:1008480003C30020704700BF080000210138064B91
:10085800C0F3421200F01F0003EB82039B6823FAE7
:1008680000F000F001007047000000210A8870B510
:1008780095B2C67CC2F30E020488023602F1180350
:100888003444C35AA4B233442344013BB3FBF4F3C6
:1008980003FB0422438892B29342044B8BBF2B4044
:1008A800AB4313439BB20B8070BD00BF0080FFFFBA
:1008B8004A1E062A08B50346084604D84FF4D171E3
:1008C8001520FFF791FD094A914202D940F2A31180
:1008D800F6E711B903B1196008BD2BB11B680022F6
:1008E800C3E901211A1D1A600430F5E7FAFFFF7FFA
:1008F80010B5114B00EB41041A786389B3FBF2F38E
:1009080003FB0223013A1A44B2F5706F027980782A
:1009180028BF00231A440B18B2FBF0F100FB112189
:100928005B1AB3FBF0F100FB113313446FEA434346
:100938006FEA5343638110BD20030021024B03EB90
:1009480080035960704700BF20030021034B03EB6D
:1009580080035868003818BF012070472003002121
:100968002DE9F04F10F0070A85B0054604D040F293
:100978006F111720FFF738FD534F04464FF0010B56
:1009880007F14C06B146B04657F8043B8DF80BA06A
:100998003BB101A898479DF80A30082B01D9F521E9
:1009A800E7E79DF80B1041BB05B131604F4506F1F3
:1009B8000406E9D1002D6FD00022DFF8109112272C
:1009C800964689F8002058F827A0013FBAF1000F91
:1009D80055D09AF804609AF802C0FF2E60D03946C4
:1009E8000023481C38D19C44BCF1FF0F3FD90AB101
:1009F80089F800E04FF49A71BBE79DF80AC04B1DD7
:100A080060465A0004EB4303022838BF0220441E04
:100A180040422344BDF808406444CCF1000C034034
:100A2800013C04EA0C04B4F5803F02D340F20511FE
:100A38009FE775B19A1A32609170148082F803B0FA
:100A48009DF80C00107101984FEA104C1081A2F823
:100A580006C004FB0134A9E758F8210028B190F832
:100A680004B0B34504BF80781B180139B9E7DBB27D
:100A7800E6458AF804303CBF5FFA8CFE01227B1CF5
:100A8800A1D10AB189F800E0122640F6FF6A58F8A9
:100A98002670B7B9013EFAD2601B05B0BDE8F08FE9
:100AA8000023E5E707EB410309F101093846A3F8FC
:100AB8000AA0FFF71DFF5FFA89F1BB788B42F1D8D6
:100AC800E8E74FF00009F6E724030021200300219E
:100AD800034B03EB8003186D00B18078704700BFAB
:100AE8002003002138B54FF6FF7302460380184BE8
:100AF80003EB8103186DA8B184780379B3FBF4F193
:100B080004FB1133DBB2194600EB4105B5F90A5075
:100B1800002D0EDB0131B1FBF4F504FB1511C9B250
:100B28008B42F1D1002038BD6381BDE838400CF01C
:100B380098BE00EB41046389C3F30E031380C278A7
:100B4800002AF1D14FF4E5711720FFF74DFC00BFE3
:100B5800200300211C4B03EB810370B51C6D054677
:100B680044B3030404D54FF4EC711720FFF73CFCA1
:100B7800014620460CF058FEFF28014604D02046C6
:100B8800BDE870400CF06DBEA078B5FBF0F300FB3B
:100B98001353DBB219460A1D04EB4206B6F902608C
:100BA800002E09DB0131B1FBF0F200FB1211C9B2D2
:100BB8008B42F0D1002070BD8B4201D00023E3703E
:100BC80004EB42025580DAE720030021094B03EBCE
:100BD8008103014610B51C6D20460CF025FEFF2848
:100BE800014604D02046BDE810400CF03ABE002073
:100BF80010BD00BF20030021F8B5104B074603EBDA
:100C0800810301461C6D20460CF00EFEFF280546A8
:100C180011D0E288238953EA024606D001462046CD
:100C28000CF01FFE01463846B04720462946FFF71C
:100C38005FFE0020F8BD0520FCE700BF200300216F
:100C480038B50E4B0446827903EB8203186D08B958
:100C5800052038BD8278E1799142F9D24B1CE371C5
:100C680000EB41035D89B3F90A30002BF3DBA58063
:100C78000CF0F7FD20600020EBE700BF2003002107
:100C880070B5044610F003000E4603D04E2118201C
:100C9800FFF7AAFBFFF70CFE054624B103483146CF
:100CA8000460FFF705FE284670BD00BFBC030021A5
:100CB8002DE9F14FDFF870B01E4607460D46DBF808
:100CC800003090469DF828A09DF82C901BB9602113
:100CD8001820FFF789FB5246092140460CF028FCF2
:100CE8004A4684B2092130460CF022FC81B2DBF876
:100CF800000021440CF06CFD386018B9286001B080
:100D0800BDE8F08F04445346414609222C603868F8
:100D18000CF0D1FB4B4609223146286801B0BDE8EA
:100D2800F04F0CF0C8BB00BFBC03002170B50E46E5
:100D380004460CF010FC054630460CF00CFC044B45
:100D48002A1821461868BDE870400CF066BD00BF3F
:100D5800BC030021024B186808B10CF02DBD704788
:100D6800BC0300211F2AF8B5044613460ED892008A
:100D7800033222F00303B3F5803F2DD2184DACB1F6
:100D8800A00710D068210920FFF72EFBFF2B4FEAA0
:100D9800420204D9FF339A42A8BF1A46E8E77C2AE0
:100DA800B8BF7C22E4E729706C602B8122F0030233
:100DB80028230127120403FB01F06B680025120C9D
:100DC800EEB2B14200D8F8BD14B126181F705E60AB
:100DD800104401352833F3E74FF0FF30F3E700BF45
:100DE800C0030021154A002170B553681578C8B2B0
:100DF800854203D8BA210920FFF7F6FA1C4618469F
:100E0800013114F8286B0EB92346F0E700219970D8
:100E180001241289996103F126055C709208D96151
:100E280003F11E04596824F8022FA54243F8041F51
:100E38001144F8D100234361037070BDC003002141
:100E48000A4B1B89B3F5FF7F4FEA930006D25A0875
:100E58009B1A9BB2984238BF18467047B3F5EE6F9D
:100E680001D8FF22F4E740F27263F3E7C0030021E0
:100E78004B782DE9F04106460C4602F0040702F0D3
:100E8800FB05E3B1A5BBFF23A3707B0804EB570761
:100E98003A7D032A02D1022D18BF0133E21801213D
:100EA800117503F10C01002204EB830324F81120CF
:100EB8005B68A27030463360B280BDE8F081002DD7
:100EC800E1D1012301F11E028D6120464B7004F12E
:100ED800260C1A4BCD611B8949689B0822F8023FF2
:100EE800944540F8041F1944F8D100236361CAE708
:100EF800D1F8048014220021A01861700BF0B0FF13
:100F08000E4B1B89B3F5FF7F0FD25A089B1A9BB271
:100F180008EB0301C4F804802384A1606284C4F848
:100F28000C80A3842161E284ADE7B3F5EE6F4FF046
:100F3800FF02EBD940F27263EAE700BFC003002169
:100F48002DE9F84305460C46F720052191460CF09B
:100F5800EFFA061E21DB1DB906FB04F0BDE8F88395
:100F680015F0030703D098211920FFF73DFADFF8A1
:100F78003080C8F81050A8F81460BBB29C42EBD976
:100F8800B8F814504B46D8F810000522F72107FB93
:100F9800050001370CF08FFAEFE74FF0FF30DDE77F
:100FA800D403002107B5CDE900230B4603490246C7
:100FB800081D0CF095FD03B05DF804FBEC0300215F
:100FC80013B5064CCDE900230B46024604F108018F
:100FD80004F10C000CF084FD02B010BDEC030021FC
:100FE800144B012200214FF0FF309A60C3F8001221
:100FF800C3F80803C3F80015C3F804259A60C3F8BA
:1010080008034FF48040C3F80015C3F8042503F51E
:10101800805341F6F8720849C3F80825C1F88000E2
:10102800BFF34F8FBFF36F8FC1F88001C3F8082556
:10103800704700BF00E0004100E100E002680020C6
:10104800014B1A60704700BFFC030021014B1B686D
:10105800184700BFFC030021024B1868003818BF6E
:1010680001207047FC0300218C469B22064B00B5EB
:101078000CF8032B8E4607CBCEF80300CCF80410EF
:10108800CCF808205DF804FB0C0400212DE9F041A0
:101098001C4E044600F00107736A93F8A850B5F196
:1010A800000818BF4FF001081DB117B1338D1A079A
:1010B80014D4012916D8F36A2046984790B196F8B7
:1010C80030307BB98DB987B1308D58B996F8313049
:1010D8004BB996F8320080F0010004E096F82A3007
:1010E800002BE6D00120BDE8F08184F0010010EA71
:1010F8000800F8D0308D8307E7D596F82A0080F0ED
:101108000100F0E70004002110B5154C08F0AEFB13
:1011180008F0C2FE0021A36BA08E9847237E93B9E6
:10112800A18E606A03F0DAFB636AB3F8AA0003F0E1
:10113800FDFA236C94F8301094F83C00984700238B
:1011480084F8443010BD94E8070004F10C0383E8E8
:101158000700044904F119000EF001FCE0E700BFA4
:101168000004002171100001034B93F8443003B9C7
:101178007047FFF7C9BF00BF0004002108B5094B3D
:1011880093F84420022A07D1DA7A42F00102DA728F
:10119800BDE80840FFF7B8BF40F257312720FFF7F6
:1011A80023F900BF000400211E4910B48C6C42785A
:1011B8002378D20003F0F30302F008021343827885
:1011C800920002F004021343C278120103F0EC0308
:1011D80002F010021343027802F0030213430222C2
:1011E8002370B1F854306370A1F84C208C6C0079EE
:1011F80023784201012823F0200302F0200243EA69
:10120800020323700CD14B6A93F8BA2093F8BB30D1
:10121800032A03F01F0308BF002243EA8213A370C6
:1012280010BC704700040021F0B5194C83B0A56DBF
:101238004DB3636E3BB3B4F8683001F003012F4639
:1012480006466B702B7823F003030B4307F8033B28
:101258003846B4F86820616E0BF06CFE0DF102029E
:1012680001A9E06EE56567660CF09CFA01980CF040
:1012780087FA0346B4F868100122E06E33600CF078
:101288002AFA03B0F0BD40F6C6012720FFF7ACF8F4
:1012980000040021F8B5244C4FF481730646656AB2
:1012A800A4F860302A7D94F87430276F03EB82002D
:1012B80095F82111E765FF2804D11EB995F820316A
:1012C8008B4216D007F0ACFD2B7D3BB3A06F08F026
:1012D80057F9A16FE06D08F0A5FD8EB1B5F8E000F3
:1012E80007F056FD002008F083FA022384F8443002
:1012F800F8BD002AEAD1384608F042F908F0CCFDDA
:1013080095F82131B5F8E420033B012B8CBF002070
:101318002820104480B208F09BF9DFE7E06D08F060
:101328002FF908F0B9FDD8E7000400212DE9F04FA6
:10133800C44C87B0666A94F87430327D96F82011F0
:1013480003EB8203FF2B05D120B996F821318B429C
:1013580000F0F380FF2007F063FD676A00233A7A04
:1013680004938DF80930ADF80A308DF81430062A48
:1013780000F21781DFE812F07B00E30061006100F2
:101388001501070007000DF10A0103A801F0B6FED8
:10139800002800F0F280039D002D00F0EE8001226D
:1013A800062384F87D20BDF80A203B72002A5CD011
:1013B800E91CA4F85420022B2165B7F80920A5647C
:1013C800ADF811206DD0053B012B69D80B780322AD
:1013D800022B8DF8102000F0A380D4F880000CF0C8
:1013E80039F90546002840F0C380236D1B781B2B74
:1013F80000F0E78000238DF8143004A8F37C84F80B
:10140800315023B1B4F85430002B40F08C80FFF7F2
:10141800CBFEA06C08F0B4F808F03EFDB6F8E20088
:1014280007F0B6FC012008F0E3F9012384F88730BF
:1014380084F8443007B0BDE8F08FB7F810310DF1EB
:1014480009020DF10A01D4F88000ADF80A300CF059
:10145800A9F80546002800F003810123BDF80A20F9
:1014680084F87D303B7A002AA2D11146A1E70023F7
:1014780003A80DF10A01A7F8443094F87C30A7F8C6
:101488001031ADF80A3001F039FEE0B1039DD5B155
:101498000122052384F87D203B72BDF80A2085E7E8
:1014A80001238DF81030D4F880000CF0D3F80546ED
:1014B800002858D101F03CFE2B4680F00105EDB222
:1014C8008DF8135097E7636A93F85580B8F1000FC9
:1014D80058D10DF10A010DF10902D4F880000CF081
:1014E80061F8054600284DD09DF809A0BAF1000F13
:1014F8006ED1BDF80A30002B58D10123A5643B7288
:1015080084F87D300023A4F854302365B7F80930F7
:10151800ADF8113001238DF81030B8F1000FC2D0AA
:1015280000252B4667E7FFF73FFEA06F08F028F875
:10153800A16CA06F08F03AFC70E737460EE7424B03
:101548000122D4F88000A36400238DF81020A4F8A9
:1015580054302365B7F80930ADF811300CF07AF83B
:1015680005460028A6D001238DF81330002342E752
:1015780001238DF81330236D38E740F2D35127202B
:10158800FEF732FF4FF00008012200233A722E4A7C
:10159800ADF80A30A4F854302365A264B7F80930CE
:1015A800B6E740F2DD512720FEF71EFF0023012297
:1015B8002B80AB70032384F87D203B72BDF80A2092
:1015C800F4E607F1BA00012107F06CFC012312E7E9
:1015D8000146D4F880000CF0CFF80CF0D1F803687D
:1015E800D0F804B0814653EA0B022FD10023BDF88E
:1015F8000A2089F8003089F8013089F8023089F822
:10160800033089F8043089F8053089F8063089F8FC
:101618000730002A3FF471AF9DF809100029C5D0A2
:10162800297801F00301012906D00121BB750223A5
:1016380084F87D103B72BBE6032384F87D103B726F
:10164800B6E600BF0004002184040021019309F0DC
:1016580017FB019B83427BEB0101C7D2D04693E77E
:1016680040F2C4512720FEF7BFFE00BF2DE9F04F1E
:101678000023B14C8BB0656ACDE9083394F8443047
:10168800022B40F05982E36D03220E46074693F879
:10169800009005F1A80A5978134409EA020B4FEAA9
:1016A8002918A4F860206366A4F86810002800F0E0
:1016B800C880002940F080816B7AA28E0133A16531
:1016C80042F40072DBB2A28683EA990111F00101AB
:1016D80040F0F1802A7A002A00F06981032A6B72AF
:1016E80000F2B381012A00F06281B5F8443008A9FC
:1016F800D4F88000A5F846300BF076FF002800F0FB
:1017080025822B6F01332B676B6F43F100036B67E7
:101718000021636A297293F8A8304BB16B793BB109
:10172800238D1020697143F010032385A36B98471C
:10173800A38EC9F3C00943F40063A386002307936B
:101748002B7D002B40F0BE80AB7A03F0010291455F
:1017580000F01781A36D002B00F0C78008F0010886
:1017680084F83280002E40F0F680079E4FF0000982
:1017780094F88A100120FFF789FC8046002840F081
:10178800D781EB7C002B40F03281002095F8202196
:10179800B5F8E01007F038FD0020FFF7C7FDB8F1F5
:1017A800000F03D0594609A8FFF73EFDA38E5A063D
:1017B80007D4A36B002140209847A38E43F0400331
:1017C800A38666B1EB882BB9636A93F8A830002B1F
:1017D80040F0CF80B4F809300133A4F80930002F65
:1017E80000F0C180B4F805300022013384F88A2063
:1017F800A4F80530514802F087FF089830B10BF083
:10180800BFFF00220272514602F028FA099B33B149
:1018180000221A720C225146099802F0EDF9B9F12A
:10182800000F40F08380A38E1B0607D4A36B4946A4
:1018380080209847A38E43F08003A3860BB0BDE8B1
:10184800F08F2B7D002B40F0BC8094F88A30013358
:1018580084F88A30A38E43F48063A38695F82131F7
:10186800033B012B16D902F031FA98B9A36D002B6E
:1018780000F0008108F0010884F83280002E3FF45F
:1018880075AF07F0F3FFA38E5B066AD400264FF00E
:1018980001098EE707F092FA0328A36D00F09480FF
:1018A800002B00F0E78008F0010884F83280002E51
:1018B800E7D1B1465CE72B7DC9F3C0090797002B38
:1018C8003FF442AFB4F86830F3B9AB7A03F00102E1
:1018D80091457FF43FAF0133BBF1030FAB7200F0CA
:1018E800CE80A26D002A7FF439AF4FF00009B4F81A
:1018F8006830002B14BF4FF0000808F0010884F886
:10190800328046BB079E33E708F0EEFA0328FBD087
:1019180002280BD000287FF417AFAB7A03F001033D
:1019280099457FF417AF012384F83C30FFF7ECFBAF
:101938000BB0BDE8F08F00BF000400212404002193
:10194800002A14BF4FF0000808F0010884F832801C
:10195800002E3FF40AAF07F089FF079E4FF00109F8
:1019680024E74FF00109B4F807300133A4F8073031
:1019780040E7B4F80530B4F8072013433FF42FAF1D
:1019880028E7B4F86820002AA5D00BF1FF32012A15
:1019980040F285800133BBF1030FAB726FD0AB6FA0
:1019A8000133AB67EB6F43F10003EB67D2E6B5F8A1
:1019B8004430A5F84630ABE6E06E0BF06CFE01460D
:1019C8007AE608F0D1FA40E7B4F86890B9F11B0F4D
:1019D80094BF4FF000094FF00109002B5DD008F0CB
:1019E800010884F83280002E3FF4C2AE49E7636AEA
:1019F80005F1800195F82A0105F1900C93F8A820CB
:101A080095F820318000B2FA82F20791013B5FFA23
:101A180080FE5209DBB2032BD5E91C0100F2AB8032
:101A280003930B4605F18001CDE9002C02464FF0E7
:101A3800000C70464FF0010ECDE904CE4FF0FB0CC0
:101A4800CDF808C008F022F99FE6053A012A78D8AF
:101A5800B5F844300791A5F8463001F05DFB0799C9
:101A6800002878D0238D082043F008032385A36B32
:101A7800984746E64FF00009CDF81C9037E7A38E4B
:101A880001203F4943F480532871A386238D43F0F6
:101A980001032385A36B984781E7079327E7A38E64
:101AA80095F8149043F48053A38607F087F9032828
:101AB80094F8883007D1B9F1000F0CBF1F221B2200
:101AC800934228BF1346B4F86820A16D9A421CD8E7
:101AD80000293FF435AF94F8893003BBAB6F08F0A9
:101AE8000108013384F83280AB67AB7A03F1010354
:101AF800AB72EB6F43F10003EB678EB307F0B6FEF2
:101B0800594609A8FFF790FB27E794F8303043F0CF
:101B1800100384F8303000297FF420AEE5E6A36B8B
:101B2800002120209847A36D002B7FF417AEDCE638
:101B380007F09CFE079610E740F6AF112720FEF746
:101B480053FC40F2B4712720FEF74EFC40F2D671E8
:101B58002720FEF749FC4FF4FC612720FEF744FCE0
:101B680094F88A100120FFF791FA81460028C5D120
:101B7800079EB84605E640F225410620FEF734FCEC
:101B8800640400212DE9F041404C86B094F84430BB
:101B9800012B70D1666A5FFA83F805460F463379E0
:101BA80003BB337A052B30D0012F16D1ADB92946A6
:101BB8002846FFF76BFA80B9337D676A002B3BD163
:101BC80097F821210120B7F8E21007F01DFB00204B
:101BD80006B0BDE8F041FFF75DBB06B0BDE8F041D7
:101BE800FFF792BA238D0021042043F004033171DA
:101BF8002385A36B9847636A93F8A830002BD0D04D
:101C0800337A86F80580052BCED1238D0220204912
:101C180043F002032385A36B9847636A93F8A830BF
:101C2800002BC1D0236D1B78A3F10203B3FA83F311
:101C38005B0984F82A30B7E797F8213106F1800C60
:101C480094F874209036013B97F8A840DBB2003C2A
:101C580018BF0124032B56E9060111D80094CDE9D9
:101C6800016202460120CDE9033505900B46614625
:101C780008F00CF8A4E740F60E112720FEF7B4FB95
:101C880040F225410620FEF7AFFB00BF000400210B
:101C98005004002110B50C4C0C4A0D4994F84430FE
:101CA800116023B14FF4B1712720FEF79DFB03F0BB
:101CB800FF02227602F00AFE01F01AF8206701F00E
:101CC8001BF8A06710BD00BF00040021D00F002141
:101CD800C81F0001074A10B592F8443013B10C240C
:101CE800204610BD03F0FF04147602F0EFFD2046F5
:101CF80010BD00BF000400212DE9F0439A4C87B0C5
:101D0800054694F844009DF83860002840F0218189
:101D1800002A18BF002900F01C81B3FA83F040099B
:101D2800002B00F016812364A163E26284F830007E
:101D380084F88A0084F83C0084F887002085A0860F
:101D480084F8310084F8320084F87D0084F82A0091
:101D5800A0642065A4F85400E0656066A4F86800F3
:101D680084F88960656207F0CFF808F095F895F96E
:101D7800280107F02DF9D5F8D460D5F8CC0007F084
:101D88002DF9304607F0E0FB95F8250007F030F90B
:101D9800B5F8E030702B03D9B5F8E230702B01D8D4
:101DA80006F0FCFF636A93F8A860002E72D00EF06C
:101DB800D9FA014695F821210120AF3107F00EFA32
:101DC8006A4B186807F0C6FBAB7B243BD5E9301299
:101DD800072BC4F88010E2667BD9EB7B243B072BEA
:101DE80077D9B5F8F230B5F8F80095F8201198428F
:101DF80028BF1846042908BF03210DF080F90246C0
:101E080095F8F40095F8F030904228BF104680B25B
:101E1800984200D3C3B295F8211105F1E80084F87F
:101E28007C300DF01AFE95F821112F7D0329B5F8A5
:101E3800FC6008BF04210DF062F90FB9043080B2CC
:101E4800864228BF0646F6B284F8886001F03EFF55
:101E5800002840D1636A84F8746093F8A8306BBB9B
:101E6800EA7C002A3ED10120FFF760FA0023B5F88A
:101E7800AA0095F82520A360C4E90033D5F82431D9
:101E8800E9882080618022710BB101221A6007B0B5
:101E9800BDE8F0830EF066FA95F82021344B014630
:101EA8003046344E33F8123003F5FA73A6FB036359
:101EB80001EB9311913107F091F981E72B7D73BB09
:101EC8000120FFF7E7F9636AD3F8E80107F08EFB12
:101ED800CCE71B239FE701F0FFFEB04238BF304636
:101EE800C6B2B7E795F8206105F1800195F82A0197
:101EF80005F19002013E8000F6B2C0B2032ED5E98A
:101F08001C892BD801924246CDE9036301264B4632
:101F180005960096FB26029607F0B8FEA3E795F80B
:101F2800213105F1800705F19002013BDBB2032B5B
:101F3800D5E91E0112D8019202460120CDE90263BB
:101F480000260B46059039460090049607F09EFE41
:101F5800B6E74FF420712720FEF746FA40F22541F4
:101F68000620FEF741FA00BF00040021D00F00212F
:101F7800E0CA0101D34D6210FFF7C6B8014B93F8D0
:101F88008700704700040021054B9A8E12F4C06F39
:101F980003D093F87D0000B17047C2F3003070475A
:101FA80000040021024B93F83500C0F3C0007047CD
:101FB80000040021014B93F88A00704700040021B7
:101FC80085110001751600018D1B000171110001BA
:101FD80090F854305A070ED413F0030301D1184671
:101FE800704790F8550000F0FD00A0F10100B0FA2C
:101FF80080F04009704790F85600A0F10100B0FA4F
:1020080080F04009704700BF08B501210020FEF7A5
:10201800DDFD28B190F89400003818BF012008BDF4
:1020280040F64A313220FEF7DFF900BF343270B58E
:10203800044692B21E460D460BF04BFC24B1034BEE
:102048001C601D745E741D7170BD00BFA404002166
:1020580090F86C00003818BF01207047304BF0B57D
:10206800B0F86C700C461146DA88B0F86A6085B032
:1020780097421D8928BF1746964228BF16461B2E31
:102088002ED0B5F5A47F2DD040F6480301AA9D4275
:1020980028BF1D460BF052FDBDF80A30BB4228BFD1
:1020A8003B46E380BDF80C30AB4228BF2B4623816A
:1020B800BDF80630B34228BF33466380BDF8083008
:1020C800AB4228BF2B46A380FF232370E3881B3B2A
:1020D8009BB2E02B08D940F202513920FEF784F96F
:1020E8001B2FCED105B0F0BD63881B3B9BB2E02B04
:1020F80002D940F20451F0E7238940F64812A3F5CB
:10210800A4739BB2934202D940F20651E5E7A38833
:10211800A3F5A4739BB29342E4D94FF4A161DCE721
:102128004C050021F7B5002506462C463278ABB29F
:102138009A4207D80F4B0020B3F864201444A3F840
:1021480064400EE006EB850701A9B7F801000DF021
:102158003CF860B90199B7F80330CA8C934202D9A8
:10216800122003B0F0BDD21A23449CB2CA840135B0
:10217800DCE700BF4C050021F7B5002304460E46F6
:102188001746CDE900336846FEF75AFD08B100202E
:102198001AE0009DA542F6D0304605F1AD030BF0DC
:1021A800C7FC394695F8AC200CF00BFF0028EAD0A4
:1021B80005F1B40395F8B32004F1B40194F8B30021
:1021C8000CF0FFFE0028DED003B0F0BD054A516ACE
:1021D80002F11D03127F11F8030BC0F380100CF0FD
:1021E800F0BE00BF880A00210138C0B2032808B534
:1021F80004D94FF43F710620FEF7F6F8014B185C3E
:1022080008BD00BFACC801010138C0B2032808B539
:1022180004D94FF43F710620FEF7E6F8014B185C2D
:1022280008BD00BF04C901010138C0B2032808B5C0
:1022380004D94FF43F710620FEF7D6F8014B185C1D
:1022480008BD00BFE0C9010107B50D4AB2F8643006
:102258009BB1013B01A9A2F864300CF0B6FF20B194
:1022680040F223513920FEF7BFF8019A0120D38CA0
:102278000133D38403B05DF804FB1846FAE700BFC6
:102288004C05002110B503210020FEF79FFC0446F1
:1022980070B90321FEF75EFC044620B940F21E31F6
:1022A8003920FEF7A1F8034B93F96C100EF08DFB63
:1022B800204610BD4C050021014B5888704700BFCF
:1022C8004C050021044BD87BC0F3400080F001008E
:1022D80000F00100704700BF4C05002110B50CF05C
:1022E8006FFE204C01F0C2F800F066FD0DF00FFB08
:1022F80002F078FA01F0BAFA06F07AF9012000F053
:10230800FFFC0021184B194A19604FF01B13A4F861
:102318006410A18184F83210E173C4E900234FF4FA
:10232800A4731022A3604FF479432361104B5868BB
:102338001B89606304F13C0023870AF091FD0123A7
:1023480042F2107204F15A0084F83C306375C4E913
:1023580010220EF0BAFF04F14C00BDE810400EF058
:10236800DABF00BF4C050021D40F002103021B0077
:10237800ACC80101044B41F64C521B211A629973F7
:10238800C3E90622FFF7AABF4C050021F7B53A4D6D
:1023980000F1A8070446AB69C0F8E8302B7C003B85
:1023A80018BF012380F82931344BC0F8C8303846AB
:1023B8000EF0E4F8064600F0E7FC8306A97B53BF5D
:1023C8001B236B88AA881A46A4F812312C4BA4F850
:1023D80014211B6884F8F010A4F8F26023B194F972
:1023E8002811B4F8AA009847264B1B681BB1264948
:1023F800B4F8AA009847254938460CF051FC012347
:10240800A4F8DE30224B1B681BB10021B4F8AA00E7
:102418009847204B1B681BB10021B4F8AA009847C5
:102428001D4B1B6813B1B4F8AA0098471B4B1B68D7
:1024380013B1B4F8AA009847AB8804F1C0006A88C1
:1024480069780333033201919BB2297892B20091E3
:1024580004F1C401FEF72CFCD4F8C03023B940F2D3
:10246800DB413920FDF7C0FFD4F8C43013B940F27E
:10247800DC41F6E703B0F0BD4C05002100093D0042
:10248800E80F0021DC0F002170050021560500210E
:10249800F80F0021EC0F0021F00F0021F40F0021AC
:1024A8002DE9F34104460E460EF0D0FA002800F05C
:1024B800968020460EF044FC40B1B6F80130013B4E
:1024C8007F2B03D9122002B0BDE8F08120460EF020
:1024D8003BFC08B90C20F6E720460EF023F900284B
:1024E800F8D120460EF05BFA80460028F2D120464B
:1024F80004F07AFC0028E5D042F21073B6F80170B7
:10250800F17820465F430EF006FC04213078FEF790
:102518005DFB054606213078FEF758FB2DB140B12A
:1025280041F678213920FDF75FFF18B3054690F88A
:10253800E5802C4E3368EBB1403528460DF0FBFEA4
:10254800C0B128460DF0E8FEA0B9B8F1000F07D0D9
:10255800254B28461B68984760B141F68C21E1E776
:102568002249424633682846096A984710B141F61D
:102578009121D7E720460EF0DBFB014638B93A46F1
:10258800204602F04DFE40B341F69A21CAE70221E7
:102598000DF10600FEF7A6FA054608B90D2092E7E8
:1025A800BDF806100CF042FE294620460EF0F3FB5B
:1025B8002846FFF7EBFE3A462946204602F030FE51
:1025C800024610B141F6B621ACE7084B9B6E23B129
:1025D80005F5977105F1A8009847002073E7422098
:1025E80071E700BFD80F0021E00F00214C05002142
:1025F80008B50378032B0ED803F0FD03012B074B16
:1026080006D1074A07481A6001F0F0FA002008BD11
:1026180000201860F8E71120F9E700BFD40F002167
:102628002D21000151220001074B01889A8891420F
:1026380007D3B0F8032091B219B10020A3F86420A1
:1026480070471120704700BF4C050021024B1B68E2
:1026580003B118470C207047D40F0021B0F90020AF
:1026680011B292B2F8B502F5A0639BB2B3F5206F30
:1026780037D8B0F902301DB29BB203F5A06080B222
:10268800B0F5206F2DD802F2F64040F2BE5480B269
:10269800A04228D803F2F64080B2A04223D80029ED
:1026A8004FF00A04C4BF093211B2002DC8BF093364
:1026B80091FBF4F4C8BF1DB205F0A2FF0A2367B26C
:1026C800064695FBF3F1384649B205F08BFF074BF8
:1026D8001B6813B1A01B40B208B90020F8BD984789
:1026E800FBE73020FAE71120F8E700BFE40F0021EC
:1026F800034B5A8802801B7883700020704700BF04
:102708004C05002173B5837806461A2B08D8042B8C
:1027180004D9334A22FA03F3DB0705D412251AE059
:10272800292B01D03B2BF9D13088B0F5706FF5D249
:1027380069460CF04AFD88B9009B93F82C2102F0F9
:10274800FF05C2B9B27883F82D21FF2283F82C2126
:1027580068460BF018FC284602B070BD0921308885
:10276800FEF734FA0446002837D001A9B0F8AC01C6
:102778000CF02BFD08B10C25EDE70821B4F8AE01EB
:10278800FEF724FA20B940F639013920FDF72CFE6E
:1027980003781BB994F8C831032BECD1019B93F84B
:1027A8004221002AE7D194F8F02102F0FF05002A1F
:1027B800E1D1B4F8B021A3F8442194F8B82183F802
:1027C8004621027D83F84721B27883F8482184F8AE
:1027D800F021FF2283F84221BDE70225BBE700BFB5
:1027E800200038040188A1F11B039BB2E02B0CD810
:1027F800428844F24810A2F5A4739BB2834204D8DD
:10280800034B0020D9801A8170471220704700BFFF
:102818004C050021034BDA881B8902804380002085
:10282800704700BF4C05002138B50278447802F0A3
:10283800010302F0020254EA030101D1112038BD5C
:10284800BAB98578002DF9D0002B18BF002400E014
:102858001D4620460BF03AFA0028EFD028460BF028
:1028680035FA0028EAD0054B00209C72DD72988169
:10287800E5E7002BECD000242546EAE74C050021CB
:1028880013B5008801A90CF0C2FC044620B90198D0
:1028980090F83E311BB13A24204602B010BD90F8A2
:1028A800603003F0FF04002BF5D190F857309B07F8
:1028B80006D1FF2380F83E3101A80BF064FBEBE75B
:1028C800024958300DF04BF8E6E700BF83020101DA
:1028D800F7B5067804460F46EF2E03D91226304680
:1028E80003B0F0BD90F901204378002AF6DB827826
:1028F8009207F3D113F010001DD19D0603F00302D7
:1029080016D5002AEAD11907E8D42179E278E579C1
:1029180042EA0122617942EA0142A17941EA0521AC
:10292800257A41EA05418A42D8D81F2A12D8D5E724
:10293800032AE8D1D2E713F0600FCFD103F00702E2
:10294800052A05D003F00F010D22CA40D207C5D5CC
:102958001D07DAD5627A013A062ABFD8A27A032A75
:10296800BCD813F0040302D1023A012A03D8E27A50
:10297800012AB3D813B9A37C032BAFD8237DF8B1B0
:10298800012BABD1237E012BA8D818B36378D907C4
:1029980002D500F077F920B36378227D03F018039D
:1029A800082B2ED1022A1CD103213046FEF70EF93E
:1029B800054660B30DF0B6FE002834D00C268EE72D
:1029C800022B8BD0A37D013B022B87D8E37D0F2BF5
:1029D800D8D983E700F0E2F9820707D4237D022BD8
:1029E80001D111267BE7A37D022BFAD000F0D6F99E
:1029F8004307CBD4237D032BF3D0A37D032BC5D171
:102A0800EFE7022AD0D0237F002BCDD0E9E70321BE
:102A18003046FEF79FF80546002843D0224B93F92D
:102A28006C100DF0D2FF002130460EF01AFC28BBC6
:102A380028460EF07AF921463870E07428460EF0E0
:102A48005CF8E37E0646002B3FF449AF00287FF48C
:102A580046AF0246E96C6846FEF70AFA3246E86C69
:102A680001210AF08BFFE96C68460422FEF700FAA0
:102A780032463146E86C0AF081FF30E740300DF00D
:102A88005AFC0028D4D0637813F0330F7FF426AFB4
:102A9800A67D2846296A0EF06AF9FFF7A5FB86424B
:102AA800C6D08BE707261AE74C05002130B5027916
:102AB8008BB00346042A4FD84088B0F5804F4BD8D6
:102AC800264900241144ADF800408DF808408A7C5E
:102AD8004D7B42F010028DF8244042EA4502CD7D3C
:102AE800097F42EA850242EAC102694602F01F02F2
:102AF8008DF80020BDF80020ADF809201A888DF85F
:102B08000E00000A8DF80B20120A8DF80D408DF882
:102B18000C208DF80F008DF810405A7BD3F8070071
:102B28008DF811205A79059002A88DF812209A790B
:102B38008DF81320B3F80B209B7BADF818208DF887
:102B48001A307F238DF81B304FF00113CDE907347D
:102B5800FFF7BEFE0BB030BD1220FBE7ACC8010189
:102B68000278034672B1427862B142881A2A09D9BA
:102B780082881A2A06D90068034A106000209B88B8
:102B880093807047122070474C050021026800208E
:102B9800014B9A61704700BF4C0500210378A3F1EF
:102BA8000A02112A9BBF024A002012209373704721
:102BB8004C050021014B5874002070474C0500213A
:102BC800014B9874002070474C050021024B1B688C
:102BD80003B1184711207047FC0F002108B50520E4
:102BE80000F09AF805F0B2FC014B024A9A6608BD5B
:102BF8004C0500216520000108B50122054B1A711A
:102C080004F0DCF804F0AEFE0CF030F8BDE8084043
:102C180000F014BFBC05002110B50C20084C00F0D2
:102C28007BF8282000F078F804F1080005490BF03B
:102C3800D4FF04F10C000449BDE810400BF0CDBFEF
:102C4800BC050021600000216800002110B5094C76
:102C5800094904F108000BF0C0FF04F10C00074912
:102C68000BF0BBFF04F110000549BDE810400BF064
:102C7800B4BF00BFBC05002170000021780000210E
:102C880080000021014B1879704700BFBC05002166
:102C980038B5074C0D4600F0ADFEA06825600BF076
:102CA80094FFFFF767FB01F04DF80123237538BD4A
:102CB800BC050021014B187D704700BFBC050021F1
:102CC80010B50A4CE0680BF080FF20690BF07DFF1F
:102CD800FFF704FB202000F033F8262000F030F83E
:102CE800292000F02DF80023237510BDBC05002114
:102CF80000487047D105002100487047D3060021DD
:102D0800014B83F819027047BC050021014B93F869
:102D180019027047BC050021C208074900F00700E6
:102D280001238340885C03438B5404490B78934206
:102D380038BF13460B70704718000021D6070021D2
:102D48000F4B012110B503EBD002C40800F00700B7
:102D580001FA00F0195D21EA0001195509490B78BB
:102D6800A34205D1002012F8014914B100B10B703B
:102D780010BD002BFAD0013B0120DBB2F3E700BF06
:102D880018000021D6070021014BD3E90001704744
:102D9800180000210048704720000021054B1868E2
:102DA800C0F3C022C0F30020400040EA820040F097
:102DB800010070471800002108B507F093FD0023B3
:102DC800074A32F82310814205D302EB8302937835
:102DD800044A137008BD01330C2BF2D10023F7E726
:102DE800D4C80101D7070021024B1878072828BF4B
:102DF80007207047D70700212DE9F04F046898464F
:102E08000F4685B094F86730164604F1A80994F87F
:102E18000FA043EAD303D90702D4BAF1260F5FD132
:102E280094F8A850002F55D1FFF7B8FF8DF80B0084
:102E3800002E51D1FFF7B2FF2B4B8DF80C00D3F8C1
:102E480000B0BBF1000F0CD0AAF126022846494673
:102E5800534253410DF10B02009303ABD84705468B
:102E680030B99DF80B3013B19DF80C0028B909252D
:102E7800BAF1260F2AD10020034694F8292132B14D
:102E88009B0700F002002DD560B302200346FF2205
:102E980084F8392194F8382102F0FF05F2B99DF839
:102EA800382003A984F83B01484684F8382184F87F
:102EB8003A31A4F83C818DF80C708DF80D60ADF8AE
:102EC8000E800BF0EDFE002384F83931284605B05A
:102ED800BDE8F08F3846A9E73046ADE73A25F2E776
:102EE8001A25F3E70925F1E70010002110B5046859
:102EF800B4F8AA3084F87E11A4F87F3194F8200140
:102F0800FFF782F984F8810194F82101FFF77CF931
:102F1800044984F8820104F27510BDE810400CF0F1
:102F28001EBD00BF93EC00012DE9FF4704688946E8
:102F3800054694F80EA0AAF1250359425941052ADD
:102F480035D1E37B272B37D104F10F0799F801809E
:102F580099F8026008F0070806F0070608F1FF3341
:102F6800721E03EA0803324013431FD130460BF0A8
:102F78002FFF60B394F82031984228D094F83A2172
:102F8800164213D0BAF1250F21D094F81921164210
:102F98001DD10138013B474AC0B2DBB21044032BB4
:102FA80000790FD81A441379834210D9284604B0FF
:102FB800BDE8F0470BF0D4BEBAF1250F77D104F184
:102FC8000E07C3E74FF4DD710620FDF70DFA404602
:102FD8000BF0FEFE40B194F82131834204D094F8FE
:102FE8003B3118EA030FE1D0B9F8039003AB204650
:102FF8003246009341464B460BF0F7FE2C6878BBEF
:1030080094F83831012B28D1E38804F5347294F808
:103018002011B4F83C010BF049FF0646D0B901462F
:103028002846FFF763FF2B6883F838613E702B68EA
:1030380003F10F02974201D10022DA732B6803F1E2
:103048000F0297422FD128460CF05FFE002004B0F3
:10305800BDE8F0872C23A373E9E784F83801E6E795
:10306800E388A4F8D09209F1FF39A9EB030947F6E0
:10307800FD731FFA89F9994506D92823284684F84B
:10308800313001F0FFF8D9E7E37B0D2B02D00A3B82
:10309800012B01D82A23F1E7BDF80C30A4F8D2326D
:1030A80029233B70CAE7002283F84E20CEE702208E
:1030B800CDE700BF04C90101024B002283F832208A
:1030C8009A867047DA070021044B93F83220012AC8
:1030D8001ABF036001200020704700BFDA070021F3
:1030E800054B024693F8321001291BBF01209A862E
:1030F800002083F832007047DA070021054B0246AA
:1031080093F8320020B1136009B19B8E0B80012027
:10311800704700BFDA070021044B002293F8320001
:103128009A8610B1012083F832207047DA0700210F
:10313800034B93F83200B0FA80F04009704700BFA3
:10314800DA07002150B90A4A0120134603F8010B97
:103158000868C2F801008A889A807047012805D15A
:10316800034B0A68D8719A608A889A81704700BFB1
:103178001008002150B90B4B187888B1D3F80120FA
:10318800B3F805300A6001208B807047012806D10A
:10319800044BD87920B19A689B890A60F3E700202C
:1031A800704700BF1008002110B9044B1878704709
:1031B800012806BF014BD87900207047100800216C
:1031C800F7B58A8800238DF80600ADF80420086852
:1031D8000B4A8DF807300146147802F5A872019D54
:1031E800D8B2844201D8082007E052F8087F01339A
:1031F8005668AE4208BF8F42F2D103B0F0BD00BF9F
:1032080020080021084B0146002230B51C7903F242
:103218000713D0B2844201D8082004E013F8015FF4
:1032280001328D42F5D130BD200800212DE9F84347
:103238002B4C0746257904EB000E013D9EF80861EA
:10324800EDB2854225712BD04FEA05184FEA001CD4
:1032580008F108030CF108090CF1880C2344A14477
:10326800A4440FCB89E80F0008F1880323440FCB4F
:103278008CE80F00631993F808218EF808210622BC
:103288005543574305F5887507F5887760596219DE
:10329800E119E05192888A8093F840318EF84031E4
:1032A8003046FFF7AFFF082818D12378013BDBB27F
:1032B8009E42237012D02B3306F12B0204EBC3037A
:1032C80004EBC20293E8030082E803002078FFF7CA
:1032D80099FF08281CBF241884F80861BDE8F88302
:1032E80020080021F0B5254D89B095F8984105F2E0
:1032F80099116846224609F01DFE214668460BF0E2
:103308007EFE0446B8B300EB400102A8C9B2FDF73F
:103318009DFE631E95F8A1610124DBB295F8981112
:1033280005E0721CB2FBF1F001FB1022D6B206F1E7
:1033380020020DEB020010F8202C002AF1D103EB3B
:10334800430100F8204C06EB460220312A44694428
:1033580011F8187C82F8A27111F8177C11F8161C64
:1033680082F8A37182F8A411013BAA19DBB282F892
:103378009941FF2BD2D109B0F0BD00BF2008002130
:1033880070B5064688B00C46002A4ED0294A92F8F5
:10339800A131D01890F8991119B9FF212820FDF70B
:1033A80023F803EB43010133114491F8A251E5706E
:1033B80091F8A35191F8A41125716171002180F849
:1033C800991192F89811B3FBF1F001FB103382F8D0
:1033D800A13192F8C23123B9174902F5DD700CF01A
:1033E800BBFA65790D220021684605F03F0545F0D6
:1033F8004005657109F034FDE37804AA69468DF843
:103408000F30304623798DF80D508DF80E30042397
:1034180009F09EFB9DF81F3023709DF81E306370E5
:103428009DF81D30A37008B070BD03216018FDF72A
:103438000DFED6E720080021ED320001044B1A7971
:10344800824286BF1B1893F850010020704700BFC6
:1034580020080021044B1A79824286BF1B1893F872
:1034680048010020704700BF20080021074B0022B8
:103478004FF461711A701A7183F8C32183F8C4215B
:10348800A3F8C61183F8C221704700BF20080021A5
:10349800014B83F8C4017047200800212DE9F0474B
:1034A8008246894617469846FFF78AFE0828054649
:1034B800064603D0FFF7A6FE082860D1324C2379D0
:1034C800072B5ED8082D15D12678731C072E23707C
:1034D80003D96C212820FCF787FF06F12B02D9F8C5
:1034E800000004EBC20344F83200B9F8042083F862
:1034F80006A09A80257907F110026B1C2901237117
:10350800CB1D234412F8010DBA4203F8010FF9D17B
:10351800873108F11003214413F8012D984501F86B
:10352800012FF9D12544102140460BF0AEFD1021A2
:1035380085F8480138460BF0A8FD85F8086126791A
:10354800002385F850013146104885F840310BF0CA
:1035580056FD0128054607D831460D480BF04FFDAA
:10356800002818BF0135EDB284F898510025284687
:1035780084F8A151FFF7B6FE2846BDE8F08712206F
:10358800FBE70720F9E700BF2008002168090021B0
:1035980070090021064B10B51879013840B200288F
:1035A80000DA10BDC4B22046FFF740FE601EF5E702
:1035B80020080021014B83F8C3017047200800212F
:1035C800014B93F8C301704720080021431E4AF2BB
:1035D800B7129BB293429DBF024BA3F8C6010120CC
:1035E8000020704720080021014BB3F8C60170473E
:1035F800200800210A4B30B51C7984420ED91844A2
:1036080090F808012B3003EBC004A5790D7053F82E
:10361800300010600120A388938030BD0020FCE7B3
:10362800200800210246074810B590F8C34124B18C
:10363800017921B1083005F00BF8204610BD0C4681
:10364800FBE700BF200800212DE9F74F2F4C9A46D1
:10365800804689462379834256D9231893F84851DE
:1036680085F00105F9B193F85031E3B945F0020747
:103678000135BAF1000F18D1FA070AD5062104EB73
:103688000810524601FB0841883001F58871FFF7A0
:1036980077FEBB0734D504EB08105246494608307C
:1036A800FFF76EFE2CE02F46E3E794F8A1614FF098
:1036B800010B002DE0D0A31993F89911019399B942
:1036C8000092DAB100F00EFB019B06EB4601009A6E
:1036D8004FEA102C83F899B1214481F8A201000C1B
:1036E80081F8A3C181F8A401013694F89831013D0D
:1036F800B6FBF3F103FB1166F6B2DAE747F004070D
:10370800384603B0BDE8F08F0027F9E7200800210C
:10371800074B1A79824209D91A1892F848212AB90E
:10372800062202FB003000F58870704700207047C1
:1037380020080021064B1A79824281BF1B1893F892
:103748004001B0FA80F0400998BF0020704700BFE0
:1037580020080021F8B50E460746062115463046D2
:103768000BF093FC044670B10C4B0022187903F25D
:103778003F13D1B2884202D801242046F8BD013255
:1037880003F8015FF5E7314638460BF054FC08288A
:10379800F3D0024B034483F84051EDE720080021A1
:1037A800034B80F880101B680BB14088184770479E
:1037B800041000210B2808B504D940F2291129204A
:1037C800FCF712FE014B33F8100008BD0CC90101CB
:1037D800036830B50024D3F8C80042F21075A3F886
:1037E8004040A3F84640B3F848404443B4FBF1F4E2
:1037F800A3F848404C1E05FB0242B2FBF1F2A3F8C5
:103808004220094AB2FBF1F20132A3F84C209A8F08
:1038180005FB02445A6B5043B4FBF1F4B0FBF1F0E2
:103828009C63586330BD00BF005A6202054B1B7889
:1038380033B9054B1A681B79026003710120704780
:1038480000207047E809002128000021054BFF22CD
:103858001A70054A016811600179117100221A7005
:10386800704700BFE80900212800002107B5064A73
:1038780010681279009068468DF80420FFF7E6FF7B
:1038880003B05DF804FB00BF3CEC010103460846A9
:1038980071B13F2B0BD8074AD35C03F07F029142EA
:1038A80005D08CBF0120002000EAD310704701200A
:1038B800704700BF24C90101FF230B7002234B701E
:1038C80083238B70014B1B78CB707047EC09002168
:1038D8002DE9F84FD0F804800C46D8F81C60304623
:1038E80009F038FF054620B94FF4AA711020FCF7FB
:1038F8007BFD0146304609F03BFFB5F800B0824633
:103908001FFA8BF717B94FF4AC71EFE7224B00F1B0
:1039180003091B68D3B998F8023098F8032023707C
:10392800637802F00F02A4F802B023F00F031343E8
:1039380023F0C00363709AF8003003F00303012BEF
:103948000FD0022B0DD04FF4BB71CFE73A46494652
:10395800B8F80200984705460028DCD12846BDE89B
:10396800F88F6278304663F30512627009F00AFF37
:10397800054610B94FF4C071B8E7FB2F02D940F2E1
:103988008F11B3E73A464946201D09F0D3FA30466D
:1039980009F04FFEE2E700BF0810002138B5134CCC
:1039A80010220021201D09F05BFA0125257404F17D
:1039B80008031022002104F11400C4E9013309F0BE
:1039C8004FFA84F8205004F11803094AC4E9053372
:1039D80000236362A36284F82C30C4F82D30C4F845
:1039E800313084F835301360A36338BDEC09002109
:1039F8000810002110B5084C2378FF2B04D040F2A2
:103A080099111020FCF7F0FC09F0E8F82070BDE8E7
:103A18001040FFF7C3BF00BF2D00002110B5034CB5
:103A2800207809F0F5F8FF23237010BD2D00002140
:103A3800014B187809F0FCB82D000021014B024A0F
:103A48001A60704710100021D93800012DE9F341A0
:103A5800DFF88881054608F11407D8F80830D8F847
:103A68001840227A012A22D1D8F8382052B1137A84
:103A78001BB9BF211020FCF7B7FCD8F83840C4B9EF
:103A8800002093E01A7A012AFAD01C46544AEFF330
:103A9800108172B650680068506001B962B6A342DE
:103AA80008BFC8F83840237A1BB9EE21E2E73A4646
:103AB800EDE7267AF6B205232372731E0B2B7ED808
:103AC800DFE803F07A062336773F4E3F3F3F3F6BF0
:103AD800636813B94FF40371CCE720462946984729
:103AE8000420EFF3108272B6237A052BD9B24FF077
:103AF800000369D12372D8F83810A14201D1C8F85F
:103B08003830002A45D162B643E0636813B940F201
:103B18001521AFE72946204698470346ADF804002B
:103B2800C0B2C3F30723012B3ED0022BD9D129E021
:103B3800636813B940F21D219CE72046984700208E
:103B4800CFE7284B1B68002BF9D03246606829461E
:103B58009847A6F10A020420534253415B00E4E768
:103B680063680BB9FE2185E786222A7001225988ED
:103B7800AA706A7100229869A5F80310AA7109F061
:103B880058FD0420D8F83830A34202D10023C8F8E1
:103B9800383000283FF461AF08E0134B294620462F
:103BA8001B689847034668B9267298B102B0BDE809
:103BB800F0814FF415715DE740F257215AE740F262
:103BC8005A2157E70220DDE711B940F27B2151E77E
:103BD800184696E7002B7FF440AF51E7EC09002127
:103BE800F00900210C10002110100021014B186071
:103BF800704700BF08100021134610B5027A22B1A1
:103C080040F202311020FCF7EFFB0A460146024859
:103C1800BDE810400BF07DBEF0090021044890F883
:103C28002C301BB9034924300BF090BE704700BFFD
:103C3800EC0900210BF900010346064890F83C20E6
:103C48003AB190F8352022B9034900F82D3B0BF022
:103C58007DBE7047EC090021C13800010A4610B545
:103C6800037A23B140F20A311020FCF7BDFB01466C
:103C780007230248BDE810400BF04BBE000A0021A4
:103C88001346027A0AB1037270470A460146014890
:103C98000BF03FBEF009002101490BF060BE00BFE8
:103CA8006DF900010B8BA2F809001046A2F80B3041
:103CB8004B8BA2F80D308B8BA2F80F30CB8B0249BF
:103CC800A2F811300BF045BECBF90001014B187872
:103CD800704700BF290A0021014B1878704700BFC0
:103CE8002E000021094AD2E90003434083EAB011BB
:103CF80081EA43214FEAF34311605360044B584370
:103D08004FEAF06000EB8000704700BF2C0A0021EA
:103D1800BB79379E094AD2E90003434083EAB011D0
:103D280081EA43214FEAF34311605360044B58433F
:103D38004FEAF06000EB8000704700BF30000021C0
:103D4800BB79379E10B50A4C08210948FDF77EF962
:103D5800D4E900321343F7D0064CFFF7DBFF2060AD
:103D6800FFF7D8FF236860601843F6D010BD00BF86
:103D7800300000212C0A0021174B184A9A60184A73
:103D88005A60184A1A60184A9A62184ADA62184A37
:103D9800DA60184A9A61184A1A63184A1A62184A65
:103DA800DA64184A9A64184A5A62184B184A9A6090
:103DB800184A5A62184ADA62184A1A61184A5A6145
:103DC800184A9A61184A1A63184A9A64184ADA64AF
:103DD800184A9A63704700BF14100021BBFD000108
:103DE800E1FD00010DFF000199000101F50001014D
:103DF800B5430001070101016D460001C5440001FA
:103E0800D9010101FF01010121450001141100211F
:103E1800D1FD00019F01010125010101D50001012A
:103E28004501010155440001A502010143020101B8
:103E38002F02010189010101044B054A5A65054B0E
:103E4800054A1A65054A5A65704700BF14100021D3
:103E5800F503010114110021DF0301011F04010111
:103E6800054B064A9A65064A1A66064B064A9A653B
:103E7800064ADA65704700BF1410002167EF000199
:103E8800312F000114110021C1ED0001A9EF00013B
:103E9800F7B5054601A80F46FFF716F920B94FF404
:103EA800AA615120FCF7A0FA32220021019808F0FB
:103EB800D7FF019C3F2F264606F8037F43D83F2FA4
:103EC80044D8DFE817F046004C006C0075008D0000
:103ED8005C015C019A00B3009E005C015C01A300D8
:103EE800AF00B30043004300B7005C015C01CC00A5
:103EF800CC00E300E300EA00430043005C01EF006C
:103F0800FC00000104010B010D010F0111011B014F
:103F180025013C013E01430043002D0146014401B7
:103F28004300430043004300430043004300430071
:103F380043004300430043004300430048014A0153
:103F4800430040014201FF2F00F00D8140F244512F
:103F5800A7E7294630460CF039F8C0B9BBE02E680F
:103F6800D6F83032636096F834322372286890F8B5
:103F78009F3033B90BF00AFF2B68DB881844A6F88A
:103F88003602B6F83632082063721B0AA372FFF7AE
:103F9800A7F8002840F0F58040F2575181E72B68D8
:103FA80093F8A82052BB93F82D3102202371EEE735
:103FB8002B681720D3F878226260D3F87C22A2609D
:103FC800B3F88022A281D3F85822C4F80E20D3F87F
:103FD8005C22C4F81220D3F89030C4F81630D6E723
:103FE8002A680D20D2F8F6316360D2F8FA31A3605E
:103FF8002B68D3F89430E360C9E72B6893F8A030B6
:10400800D3E73146284600F0F3FAA6E71123062045
:104018002371592363710023A3718023E371202343
:104028002372B4E72B6893F89A30BEE7304600F065
:10403800CDFA92E72B6893F8A82052B993F8A020FC
:104048003AB193F89D20227193F89C300320637154
:104058009DE793F89B20227193F89A30F6E72B6836
:104068000920B3F80C212271120A6271B3F8A22058
:10407800A271120AE271B3F808212272120A62725E
:10408800B3F8A030A3721B0AE37280E72B6893F899
:104098003A21227193F83B31D8E7294630460AF095
:1040A80021FF5AE72B680F21B3F8AA00FCF78EFD11
:1040B80000F15B0130460BF077FB232067E73046C1
:1040C8000DF0F1F849E730460DF0F6F845E72E4BCC
:1040D8001B68002B43D140F24951E2E62B4BF7E72E
:1040E8002B4BF5E72B4BF3E72B4B1B68002BF2D040
:1040F80023202A4631469847042048E7264B1B6868
:10410800002BE8D02A4631462420984705203EE770
:10411800214B1B68002BDED02A4631462520F4E7C8
:104128002B680F21B3F8AA00FCF750FD00F17D02BF
:1041380000F15B0130460BF043FB2B2027E7174BC0
:10414800C6E7174BC4E7174BC2E7174BC0E7174B37
:10415800BEE7174BBCE7174BBAE7174BB8E729463A
:1041680030469847F9E62B68304693F8C722D3F8CB
:10417800C8120BF0E6FA2B6893F8C702EDE60120A7
:1041880005E703B0F0BD00BF141200211C12002186
:1041980018120021201200212412002130120021BF
:1041A80034120021381200213C120021281200216B
:1041B8002C12002140120021441200213F289ABFEE
:1041C800024B53F820000020704700BF1410002154
:1041D8003F289ABF024B53F820000020704700BFC9
:1041E8001411002130F8023CF7B504460D46B0F82A
:1041F800826073B101226846ADF801608DF8002035
:10420800ADF80330FEF722FA18B195216320FCF7C8
:10421800EBF8194B1B6813B1A4F128009847174B0A
:104228001B680BB13046984783230027A5F8036025
:104238002B70AF70637AD4F89C006B7109F003FAA5
:1042480008B9BA21E2E739463046FCF7D5FC022125
:104258003046FCF7D1FC18B9094B1B6803B19847E5
:104268004FF40173002003F004021B0A62F30700F5
:1042780063F30F2003B0F0BD481200214C12002157
:1042880050120021F7B5056804464FF6FF77D5F8B8
:10429800C0600DF102010DF101023046ADF8027067
:1042A80009F080F901A9304609F09EF948B1019852
:1042B80009F066FA2168A83100220272FFF7CEFCE5
:1042C800E7E7044905F1280003B0BDE8F0400BF02A
:1042D80040BB00BFED410001F0B5044685B00D4676
:1042E800FF2600F8E96C10F8EA3CF3B1174F3B7869
:1042F8001BB162211F20FCF777F80C21381DFCF751
:10430800A5FE3E70002304F8E93C8A232A4602F8F9
:10431800033BD4F80930C5F80330D4F80D305360A6
:10432800D4F81130936005B0F0BD01A80C21FCF75A
:104338008DFEA4F51573039A1A6001AB03CB44F8FC
:10434800F20C44F8EE1C04F8EA6CDBE7340A0021AE
:1043580010B5054C23782BB90C21201DFCF776FEEF
:10436800FF23237010BD00BF340A0021024690F8D5
:10437800FE31BBB990F8FF3103F0FF010BB100200B
:104388007047094B18780028F9D01970D968043398
:10439800C2F8941003CBC2F8F601C2F8FA11FF2351
:1043A80082F8FE3101207047340A0021026838B5CE
:1043B800D37B04460D463BB1132B05D0113B0F2B85
:1043C8008CBF0120082038BDD2F8A430ABBB92F8CE
:1043D800563013B920460BF086FCD5F80B3022680E
:1043E800C2F8EE31D5F80F30C2F8F2312368D5F8AB
:1043F8001320C3F89020B3F8AA20A3F8F122D5F827
:104408000120C3F8F322D5F80520C3F8F722236862
:10441800B5F809200025A3F8FB22236883F8B851D2
:1044280083F8FE512068084900F53A700BF08EFABF
:10443800236816222846DA73C5E720460C22032192
:10444800BDE838400BF075BCE1420001036810B5C7
:10445800DA7B0446202A04D040F29D211F20FBF776
:10446800C3FF002193F85620B3F8AA0083F855102B
:1044780082B1C3F8C31183F85610A3F8C711A3F883
:10448800C40103F5DD700B490BF060FA23680022C4
:10449800DA7310BD0121A3F8B30183F8B22103F246
:1044A800A91083F8B51183F8B9210349A3F8B621F7
:1044B800EAE700BF810001016900010138B504681D
:1044C80094F8A8501DB9E37B23B101201AE02368B2
:1044D800DB07FAD4D1F801200D4BD1F805101340B1
:1044E8000C4AC4F86630C3F307630A4043F0080374
:1044F800C4F86A2084F869300BF0F5FB1DB9042371
:10450800E373002038BD236843F001032360F8E714
:104518002FC904F76FDB008038B503689A7B042A3B
:1045280034D1D1F801204C1CD1F80550C3F86620CD
:10453800C2F30762C3F86A5042F0080283F86920A0
:10454800002283F84E209A73026892F8A8200AB9CC
:1045580083F83F2193F84021B2B993F88B2102F0F8
:10456800FF008AB9B3F8AA2083F88C0103F28310FC
:10457800A3F88D21D1F801200549C3F88F2162687D
:10458800C3F893210BF0E2F9002038BD0120FCE7C5
:104598005F010101036893F8402112B1094B1B68C0
:1045A800184793F88B215AB9B3F8AA2003F283105D
:1045B8000549A3F88D211A2283F88C210BF0C6B97E
:1045C800704700BF541200215F01010110B5044675
:1045D800FEF7DAFB044A054B024009200B40C4F8F9
:1045E8000120C4F8053010BD2FC904F76FDB008027
:1045F80037B50C460568FEF7C7FB0A4B0A4A034065
:104608000A4095F8661000930B4001928DF800302F
:104618006B4603CBC4F801000920C4F8051003B0A9
:1046280030BD00BF2FC904F76FDB008038B5DB044D
:10463800154604D5037D13B10023436338BD446B8D
:10464800013444630BF009FE836B9C42F6D30023CC
:10465800034943632846BDE838400BF080B900BFE2
:10466800CD01010170B504680546A37B94F8A860E4
:10467800012B07D01EB9E37B23B1012038E0236862
:104688009807FAD494F857309A0713D44A78D80779
:1046980084F861204A88A4F862208A88A4F86420F3
:1046A80043F0020284F857200FD5164904F1580048
:1046B8000BF055F994F85730D90710D4CEB9E37BED
:1046C80043B153214020FBF78FFE94F83E31002B75
:1046D800EBD1EFE70123E37328460BF004FBA37B40
:1046E8000020012B4FF0000304BFA37384F84E3061
:1046F80070BD23689A0701D55821E3E743F0020308
:104708002360E9E78302010170B50568044603F0F8
:1047180047FF054B0146E8721B681BB12046BDE800
:104728007040184770BD00BF5C120021024B1B6827
:1047380003B11847704700BF58120021F0B51F4D4C
:1047480000242B7814709BB1013B6D68DBB21E1BF3
:10475800012E0FDC05EBC40655F8347076688E42DE
:1047680008BF874227D0B84271EB060612D21470F0
:104778000020F0BD1E197710C6F3470655F837C05C
:1047880005EBC70E8445DEF804708F412CBF334615
:104798003446DCE705EBC30455F8335064688C42B3
:1047A80008BF854206D0A84271EB040428BF013334
:1047B8001370DDE71C4601201470DAE7540A002163
:1047C80010F0070208B503D063214820FBF70CFE60
:1047D80018B1034B197258601A70C80008BD00BFA1
:1047E800540A0021014B00221A707047540A002114
:1047F800014B187A704700BF540A00212DE9D343B2
:104808000BF074FD0DF1070207460E46FFF796FF01
:1048180090B90F4C2378227A9A420ED062681946D2
:104828009DF807E002EBC3008E4509D302EBCE02E8
:104838000133C2E900762370012002B0BDE8D083BD
:1048480050E90289013960E80289C9B2ECE700BF82
:10485800540A002137B50BF049FD0DF10702FFF7A7
:104868006DFF58B10A499DF807300A78013AD2B26B
:104878000A70496801EBC3019A4201D803B030BD00
:10488800D1E902450133E1E80245DBB2F4E700BFB4
:10489800540A0021024B1879003818BF01207047CC
:1048A800640A0021FF23084A0B700D234B708223F2
:1048B8008B701368C1F803305368C1F807309368E8
:1048C800C1F80B30704700BF6A0A00211622002188
:1048D800014808F0C5BA00BF6A0A0021F8B51C4DA6
:1048E80004466B7D9BB390F8A83023BBD0E976765D
:1048F8000BF038FD94F82021164B913033F8123024
:104908004FF47A7203F23F63B3FBF2F3DB19B4F8A6
:10491800AA2046F100061B182A8046F100066B60A3
:10492800AE60E38805F10C0002220B496B80BDE8FC
:10493800F840FFF7A5B94B0609D5B0F8AA302B8087
:10494800D0F878326B60D0F87C32AB60E9E7F8BD1C
:104958006A0A0021E0CA0101AD480001094B53F879
:10496800203003F5234370B5A13316464FF47A720D
:104978000C46B3FBF2F5344405F0D2F82C4420443D
:1049880070BD00BFCCCA01012DE9F04F98468BB02D
:10499800002304460F460392069390F821B10AF0CB
:1049A80072F9064694F82B01FEF704FF06440BF053
:1049B800D9FCE37B00F18605B6B2472B47D00D2B17
:1049C80045D094F80E90A9F14701D1F1000949EBBF
:1049D8000109039B002B40F08580637B032B40F08B
:1049E8008180B9F1000F6AD0B4F8D032BB4266D1E9
:1049F800D4F818322046B4F8EC21C4F80832D4F8B8
:104A0800C830C4F80C32B4F88A321344C4F81032EF
:104A180003F028FD94F829A1BAF1000F09D0D4F8C1
:104A2800D82241F64B539A428CBF4FF0000A4FF000
:104A3800010A94F8E4326BB9D4F8C820D4F8D83213
:104A48009A4221D0B4F8AA000CF04CFC1CE04FF0BC
:104A58000109BEE7B4F8AA000CF041FC20B940F205
:104A680041713020FBF7C0FCB4F8E0324FF0000A87
:104A7800A4F8DE30B4F8E2328381B4F8D032A0F87A
:104A88000EA04381013B038294F82A31002B4ED1BA
:104A9800BAF1000F4ED1D4F8D43284F82AA1C4F860
:104AA800D830B4F8D232A4F8DC30D4F8D832C4F80C
:104AB800C830D4F8DC32C4F8D03002236373A17B49
:104AC800292946D0A1F12C0251425141E27B292AE1
:104AD80000D039B1B4F8D032FB1A1B0402D42046F6
:104AE80002F0E6FEB4F888A204F5167394F82101E2
:104AF800A7EB0A0A0293E3880FFA8AFAFB1ABAF1BB
:104B0800000F0FFA83FC26DAE246D4E99C23C4E9B5
:104B1800A023002384F82B320123627B032A00F2AE
:104B2800B681DFE812F01A002B0171004F01BAF1CB
:104B3800000F07D04FF04D13C4F8E0300023A4F85D
:104B4800E430A8E74FF09613A4F8E4A0C4F8E030E6
:104B5800A1E70121BAE74346DFE7014694F8E501FA
:104B68000AF0EEFA8246D4F8D8003146504405F0EF
:104B78007DFE3146C4F81402D4F8C80005F076FE6C
:104B880007A9C4F8180208A804F080FE079B009340
:104B9800DDE90823D4E9A00105F02EFF064604F15B
:104BA800A8000BF068FCD4F88C3294F82101D4F8F2
:104BB800D8B0069304F0BCFF069B00F52340D4F858
:104BC80014124FF47A72203BA1305B445B1A3031E7
:104BD8005B1BB0FBF2F053442A469B1B1B1A94F84C
:104BE80021010693B4F8DC3003EB4101FFF7B6FE70
:104BF800D4F88C22069B22309B1AC4F81C02F52B91
:104C08005CD840F2C6412CE7D4F8D8303146D4F805
:104C18000C02184405F02AFE3146C4F81402D4F8F0
:104C2800C80005F023FEC4F8180204F1A8000BF030
:104C380022FCD4F8D830D4F80C621E44B4F8EC3115
:104C4800002B40F09780B8F1000F00F0938094F8A3
:104C5800210104F06DFFD4F81412D4F8783200F56D
:104C68002340761A94F82121A130203E1E44A24BFD
:104C780053F822204FF47A7302F2E732D4E99CAB5E
:104C8800B2FBF3F2A6EB0A06B0FBF3F01644761B70
:104C9800361AD4F80832D4F8102294F8210102FB0D
:104CA8000311B4F8DC302A460696303103EB410193
:104CB800FFF754FE0123C4F81C026373D4F8C8300C
:104CC80004F1E800D4F81822A03B06999B1A5D1B52
:104CD800D4F81C329D4228BF1D46002384F8583260
:104CE800C4F8E851D4E9A0325B1842F10002C4E9E3
:104CF8009A320AF0B0FE04232844A4F8887284F893
:104D08006132C4F85C02D4E99A23C4E9A02302F012
:104D1800F3FE20B1D4F85C321E33C4F85C32B4F828
:104D2800D831DB1B1BB2002BD4BF0022012252005A
:104D380084F86022B9F1000F40F0AC80B8F1000FA0
:104D480040F0AB80637B002B00F0C380D4F8C81020
:104D580004F51670D4F81832C91A0AF0A2F980B20C
:104D6800002800F0B680149B03B1188001200BB016
:104D7800BDE8F08FD4F81412761A8AE7D4F818220E
:104D8800D4F8C830D4F810129B1AD4F808620AFB79
:104D980003F30693B4F8EC319C44D4F81432ACEB2A
:104DA800010C30330CF1FF3C06FB0133B4F8DC1086
:104DB80002FB0C332A4601EB4301FFF7CFFDC4F891
:104DC8001C027BE7D4F8C82002FB0AF20692B8F16D
:104DD800000F1CD0B4F8EC11C9B984F82B12D4F820
:104DE800181201FB1A2EB4F8ECA10291CDF818E0C4
:104DF8006BB3BAF1000F2AD1D4E99E61D4E99C23A0
:104E0800B24273EB010108D340F20D5129E694F840
:104E18002B1200297FF452AFE1E7374B203E53F8BD
:104E28002B104FF47A7BD4E99C23CDE9042301F2BB
:104E3800E73301F52341049AA131B61AB3FBFBF31A
:104E4800B1FBFBF11E44761A761B76440696029B4C
:104E5800E2442A4603FB0AFA0AF1300A4FEA4A0AF0
:104E68005146FFF77BFD41F64B53C4F81C02D4F8BA
:104E7800C80098423FF622AF06AB2A465146009337
:104E880004F507730AF078F984F82B0216E740F264
:104E98002551E6E5B8F1000F1BD0B4F8000210B3B5
:104EA800B4F8021294F804224D1CA4F8021201FB73
:104EB800022290420DDD002B0BDD0023A4F80252E4
:104EC80084F86032FEF70EFF00F00700013084F826
:104ED800040204F5167104F50C7006F0B9FE20B949
:104EE80040F27551BDE50146DCE7039B83F0010301
:104EF80084F8283200203AE7CCCA0101F0B504460C
:104F080085B018B9A5213020FBF76EFA052900F203
:104F1800CB80DFE801F003C42A25C9BF90F8283206
:104F2800C288A3B1B0F82632934208BFB0F8DC318A
:104F38009A1AA0F8DE21E3802046D4E99A23C4E92E
:104F48009C2302F01DFD94F8503005B0F0BDB0F878
:104F580024329B1AA0F8DE31B0F824329BB2EAE77B
:104F680005B0BDE8F04004F09DBC05F03BFDD4E978
:104F78009C23801A61EB0301012871F1000302DA16
:104F88004FF4C061BFE76FF0010383424FF00003A5
:104F98008B4102DA40F20161B5E7D4F8C8300BB1B1
:104FA800B0FBF3F3E07BB4F8262247280ED0A17BB0
:104FB800463901290AD90D2808D0E1880B449BB24B
:104FC800D11A0D0443D501339BB242E00132A4F853
:104FD8002622B4F88A3203AEE5880133334FA4F8A9
:104FE8008A32B4F842301D44B4F84030013DED1A1D
:104FF800ADB23B685BB1B4F82612002220460139F5
:1050080089B29847B4F826321844A4F82602B4F8AE
:1050180026126B1A18042CD40023204600961A4630
:10502800FFF7B2FC012890D1B4F82622B4F8D811C1
:10503800BDF80C301344521A12049BB204D5EA1A74
:1050480012F4004F18BF0B46A4F82632D1E70132FC
:1050580093B2A4F8263294F82932002BB9D1B4F8C7
:10506800DC31B4F82622934204BF0133A4F8263277
:10507800AFE7A37C30460394002B14BF08233E23DC
:1050880084F83130FFF7FEF820460CF098F800233A
:1050980063735AE705B0BDE8F040FCF76DBF437B8A
:1050A800042BF4D0C6212EE7CB212CE76012002177
:1050B8002DE9F8430E46044618B9D3213020FBF7F2
:1050C80093F9052900F2A780DFE801F00376413D56
:1050D800A52E05F0D5FDC4E95001204602F07CF864
:1050E800D4F83401DC3805F07FFC20460BF028FEAC
:1050F800054600BB014620460BF0ADFC00F1F60664
:10510800D4F83401B04209D2301A0321402838BFFC
:10511800402005F085FD60B105F06AFCC4F83461F3
:1051280020460BF046FE45B12046BDE8F8430BF09B
:1051380041BE0125F2E70025F2E7D4E95023C4E98E
:105148004A23BDE8F883BDE8F84304F0ABBB0BF095
:10515800C3FC04238146884684F8393105F042FCB3
:1051680007220F46A9FB023102FB0811D4E94A5273
:105178005B1941EB0205D4F810213AB159EA08024B
:1051880004D0984277EB050228BF012684F83861DD
:10519800D4E95226121A66EB070694F8581139B961
:1051A800012A76F100010BDA204602F01DF803E02F
:1051B800012A76F10006F7DB002384F85031C0E7B6
:1051C800984277EB05010FD259EA08080CD01B1A50
:1051D80065EB07019A4276EB010005DB012B71F1C3
:1051E8000000A4BF1A460E460C49012304F1E8004A
:1051F800914284F851314FF0000384F83031B341C3
:10520800B8BF0A4604F5987106F0B4FD002898D195
:1052180040F2B16152E7EF2150E700BF0040420F72
:105228002DE9F84304460E46154690F8503103F030
:10523800FF07002B40F0918000F1E80839467822FA
:10524800404607F00DFE22464549404606F0F6FC6A
:10525800C4F81061FF2384F8503166B1FEF75AFD97
:1052680000F0070032463F49013086F8040206F58F
:105278000C7006F0E3FC40F20243A4F83831002336
:1052880084F8303105F038FB00F1BC0620460BF0FD
:1052980057FD0146B6B2B0B309F0F5FC00F128019C
:1052A800284689B205F0E2FA2844F63DC4F83401EC
:1052B80005F098FB301841F10001C4E950010120C4
:1052C80084F814010BF049FE2D1AC4F818514FF058
:1052D800FF356FF000414046D4E95023C4E95251EC
:1052E800002504F59871C4E94823C4E94A2384F8E1
:1052F800515142F2107206F03DFD38BB4FF4DC719B
:105308003020FBF771F82046DFF85C900BF0A3FB28
:10531800F630C4F83401B9F8000048B1E08C38B16F
:10532800FEF7F8FCB9F80030B0FBF3F202FB13000B
:10533800064405F057FB361841F10001C4E95061F5
:10534800002DC4D0AD1941F10001C4E7294620461B
:105358000BF032FD3846BDE8F8830C27FAE700BFAA
:10536800B9500001054F0001800A0021F0B5002363
:1053780085B0CDE9003303238DF806306846FBF786
:105388005FFC88B10123114EB3700023CDE90233CD
:1053980002238DF80E3002A8FBF752FC044638B100
:1053A8000023B37005B0F0BD00980BF0BAF8E5E73C
:1053B800029D6B7B002BEED005F50C77384605F087
:1053C800C9FB384605F0DAFB6C73E4E7800A002174
:1053D800044B0022DA709A7042F210721A80FFF7BA
:1053E800C5BF00BF800A0021014BD870704700BFBD
:1053F800800A002108B503F0E7FC044B5A68824292
:105408002ABF9878002080F0010008BD800A00219A
:10541800F0B5044685B090F8503003F0FF05002B36
:1054280068D1437B032B65D105F0DCFAD4E99C23D2
:10543800801A61EB0301012871F100035ADB6FF058
:105448000103834275EB010104DA40F2A9513020CF
:10545800FAF7CAFFD4F8C820E3880AB1B0FBF2F221
:10546800013313449BB2A4F82432B4F8DC31B4F805
:1054780024229B1A1BB2002B3CDD04F50C7005F0AE
:1054880069FB002836D0FF2384F82932B4F842306B
:105498000DF10E07E588184E1D44B4F84030013D63
:1054A800ED1AADB2336863B1B4F824120022204675
:1054B800013989B29847B4F82432184480B2A4F864
:1054C8002402B4F82432EB1A1B0413D4B4F82412BF
:1054D80000230122204689B20097FFF755FA0128D8
:1054E80008D1B4F82432BDF80E2013449BB2A4F8B6
:1054F8002432D7E705B0F0BD601200212DE9F7434B
:105508000446062900F2A180DFE801F004251422F0
:10551800282D99004E4B9B7803F0FF0253B9009257
:105528000123B0F8DC11FFF72FFA28B140F2CD6162
:1055380030202AE00423637303F036FF06F06AFB89
:105548000023E288A4F88A32A4F8262284F82932B3
:1055580003B0BDE8F08303234373F9E703F03CFC91
:10556800C4E99E01F4E700F1A8081121B0F8AA00E7
:10557800FBF72CFB002860D094F82131022B5AD07D
:1055880005D8012B08D0DC21B420FAF72DFF033B06
:10559800012BF8D81E3000E00A30858894F82101E4
:1055A800DFF8AC90C31E012B8CBF002728270AF018
:1055B8004BFF7830D4F81822FE37A84234BF2B1A94
:1055C8000023D4F8C85099188D428ABFAD1A002517
:1055D800ED1A99F8033023B9D4F8E8309D4228BF72
:1055E8001D46D4F8E86104F1E8000AF034FA0644EC
:1055F800022005F0E9FA0221AD1B25EAE57585428E
:1056080028BF0546284605F00BFB10B12E4405F0CF
:10561800EFF901233A46314640460AF028FBD4F810
:10562800E831C9F80400D4F8C800184403B0BDE84C
:10563800F04305F0D9B91430AFE79625AEE7A830A6
:1056480003B0BDE8F0430AF016BF40F29B716FE764
:10565800800A0021014B1880704700BF800A002192
:10566800044B1A78012AD0B203D01878831E584206
:1056780058417047880A00210C4B4FF47A7233F86E
:105688001130023903F2E733C9B2B3FBF2F302294E
:1056980000F1FF3210B54FEAC21296BF044CF02158
:1056A80034F81110134400FB013010BDE0CA0101A9
:1056B800A8C90101D928F0B5054628BFD925BDF8E4
:1056C80014600446303501F5A57006F00207ADB246
:1056D800FF2D28BFFF2516F0010621D10FBB002B97
:1056E80000F0C580911EC9B2022996BF7B4D40F6D5
:1056F800480135F811100844D92C7FD9D93C951E9A
:10570800F721A4B2EDB2002B00F0CF80F634022DC1
:10571800B4FBF1F400F2C680714B33F815306BE03E
:10572800EFB1911EC9B2022997BF6E4D4FF41471A3
:1057380005EB4101C9880144D01E012837D801F67C
:1057480014409830002E3BD0023AD2B2022A97BFBA
:10575800644BC02303EB42035B8A18444EE053B109
:10576800911EC9B2022997BF5E4D40F6480105EB6C
:1057780041018989DFE7032A05D1691D89B28901B9
:1057880001F5C871D7E7042A05D1691D89B2090155
:1057980001F5BF71CFE7022A0BBF05F10B0105F137
:1057A8000A0189B289B20CBF8900C900C3E7022A7D
:1057B80001F19C0114BF4FF4B070B4200844C0E755
:1057C800EBB1911EC9B2022996BF474D40F6480178
:1057D80035F81110D92C084410D9D93C951EF72159
:1057E800A4B2EDB24BB3F634022DB4FBF1F459D8A0
:1057F8003C4B03EB45031B8B03FB0400F0BDF12C72
:10580800214628BFF121032A05D1133189B2890124
:1058180001F5C871DEE7042A05D1133189B20901FF
:1058280001F5BF71D6E7022A0BBF1931183189B2C9
:1058380089B20CBF8900C900CCE7B4FBF1F3022D93
:10584800DBB239D8294931F8151001FB0300C3EB45
:105858004311C3EBC103E41AA3B2002BCED0083323
:10586800032A9BB22BD19B0103F21A4375E7032A43
:1058780006D10535ADB2AD0105F5C87528443BE73D
:10588800042A05D10535ADB22D0105F5BF75F5E73B
:10589800022A0BBF0B350A35ADB2ADB20CBFAD0055
:1058A800ED00EBE740F69213A6E7B4FBF1F3022D07
:1058B800DBB201D80E49C6E740F69211C5E7042AC3
:1058C80003D11B0103F5467347E7022A0BBF9B0070
:1058D800DB0003F5BB7303F5CD733EE7B4C90101E3
:1058E800C0C90101A8C90101B4C90101C0C90101A8
:1058F800C0C90101294B5A6A10B5D2F80F30C0F857
:10590800CC30537D117D1B0443EA0123D17C0B432A
:105918006FF45061C0F8D430B2F81930591806291C
:105928008DBF40F2E241A3F550634FF47A714B43C7
:105938008EBF00214B430121C0F8C83080F82A11DE
:10594800937DF9B103EB830303EB83039B00A0F87A
:10595800DC30B2F81730F1B164214B43C0F8D830CD
:10596800B2F81B30A0F8D030B2F81D30A0F8D23011
:1059780092F8243003F01F025B0980F8232080F896
:105988002B3110BDC3EB431403EB840303EB8303F8
:105998005B009BB2DBE740F2E241DEE7880A0021C8
:1059A800032937B5144617D19B0103F534734179A0
:1059B80090F844500139C9B203291AD8194A0A443F
:1059C800907FE201CA3203FB0422174B9A4215D991
:1059D80040F296712D200FE0042903D11B0103F535
:1059E800E773E4E702290BBF0B330A339B00DB00A4
:1059F800DDE740F24E310620FAF7F6FC1E23B2FB33
:105A0800F3F205F03F03110AD2B241EA401143F024
:105A18004003002063F3070062F30F2061F317408F
:105A280003B030BDA8C90101C3BF03000346074A3C
:105A3800506AD3F86920C0F80320B3F86D20A0F8A5
:105A4800072093F8681009F004BD00BF880A0021F8
:105A5800D0F8803073B50BB101221A604388DB0798
:105A680027D50023144E056ACDE9003302238DF8AB
:105A78000630FF2333776846FBF7E2F8C8B9009C85
:105A8800A542F8D005F1B40395F8B32004F1B401A8
:105A980094F8B30009F095FA0028ECD094F8AC30EB
:105AA800B4F8B1203377D4F8AD30C6F81D30034BC5
:105AB8009A8002B070BD00BF880A0021A50A0021A3
:105AC80038B5084D044600F169010623686A0022CA
:105AD80009F09EFD94F86810686ABDE8384009F03E
:105AE800B8BC00BF880A002107B50BF0D5FB8DF8BC
:105AF80007000548012306220DF10701406A09F055
:105B080087FD03B05DF804FB880A0021034B586940
:105B180010B140300AF000BC704700BF880A00216D
:105B2800034B986910B140300AF0F6BB704700BFCC
:105B3800880A002170B504460E461346407F6588E2
:105B4800324615F0040118BF04F17701FDF77CFD1A
:105B58004107054621D4C2070BD50123607F84F88D
:105B68006830FDF7D5FD0368C4F869308388A4F868
:105B78006D30AB0701D4012070BD094B0121586A73
:105B8800D4F8773084F87610C0F80930B4F87B3050
:105B9800A0F80D3009F066FCEDE70020ECE700BF47
:105BA800880A002110B50446084694F8D8306BBB23
:105BB8002378082904F1DB0284F8D93016D004F1DF
:105BC800DA01FDF717FD20B94FF477612D20FAF7B8
:105BD8000BFC94F8DA3043F0020384F8DA3004F16D
:105BE800D0000B49BDE8104009F0B0BE094B586A17
:105BF800034613F8031BC1F3801184F8DA10D0F8B8
:105C08000310C4F8DB109B889380E8E710BD00BF41
:105C18004F070101880A002170B504460E46154653
:105C2800FDF774F898B92378A4F8C16084F8C030F7
:105C3800637C84F8BF500BB194F8483004F1B60087
:105C480084F8C3300249BDE8704009F07FBE70BDDA
:105C58005109010110B504460E498C3009F076FE51
:105C68000D4904F1C40009F071FE94F89520B4F8C8
:105C780096102046FFF7D0FF084B00221A70084BF9
:105C88001B682BB12146206A0222BDE81040184744
:105C980010BD00BFB907010139070101880A0021B9
:105CA8006812002138B5B0F8483004461A4D01335F
:105CB800C3F30E03A0F848302B7B2BB103F01AFD79
:105CC80002F0FAFC00232B7300232B7094F8893020
:105CD8002BB101212046BDE838400AF084BC637C22
:105CE800BBB1B4F848209A4213D3012120460AF0E8
:105CF8007AFC63882046DB0747BF236A4322432296
:105D08004FF6FF7148BFB3F8AA10BDE83840FFF757
:105D180083BF0021DEE700BF880A002110B5FFF726
:105D28009FFC064C28B1237B1BB103F0E3FC02F077
:105D3800C3FCA06ABDE81040FFF7B4BF880A002181
:105D48002DE9F0410746FFF78BFC054620B940F6E0
:105D580082412D20FAF748FB214CA26A166A0EB13F
:105D680096F829611FB3616A02F1690392F8682005
:105D780011F8097BF80909F024F9C0B13146606AC5
:105D880009F095FB98B1A56AFFF76AFC10B940F6CF
:105D98005C41DEE723782846E26A07F00F0103F149
:105DA80080435269013B52F8233098470546237BCC
:105DB8001BB103F09FFC02F07FFC7DB1A06A0AF0E2
:105DC800CBFB30B103F062FAE36ABDE8F0419B68AF
:105DD8001847A06ABDE8F041FFF764BFBDE8F0814D
:105DE800880A00210346074A906A03B909B9FFF7F0
:105DF80059BF1378D26A03F180431269033B52F802
:105E080023301847880A002103292DE9F043054665
:105E180085B0174607D14388980723D40024204625
:105E280005B0BDE8F083428890F88830D107DBB22E
:105E3800F4D5002BF2D14FF00108DFF8D49099F88F
:105E48000C60C6B109F001F90828387016D002AA0A
:105E58000DF10701FDF7CEFB38B940F6F7612D20AB
:105E6800FAF7C2FA4FF00208E7E702A99DF807001F
:105E78000AF048FA06463B78082B08D1D9F82410CE
:105E880011F8030BC0F380100AF03CFA0646D9F863
:105E9800241005F1700395F86F2011F8030BC0F377
:105EA800801009F08EF8D9F82410044611F8030B75
:105EB800C0F3801009F0BFF88146FDF73BFC40B104
:105EC800B9F1080F1BD04846FDF7B8FA80F0010376
:105ED800D8B23A78082A14D01CB96C7FA21A544256
:105EE80054416A8853079AD4002897D176B9EC7C34
:105EF800444518BF002C0CBF012400248FE7002064
:105F0800E7E780F001022240D4B2EAE7344686E7A8
:105F1800880A00212DE9FF4108230DF10702052118
:105F280004468DF80730FFF76FFF054620B90025B6
:105F3800284604B0BDE8F081FCF748F90646002879
:105F4800F5D1344F0DF10808216A7A6A91F817C023
:105F5800104610F8033BC3F3401303EA0C03CB7558
:105F6800D2F80330C1F8AD308388A1F8B1301146BA
:105F7800D4F820C011F81F3BC3F380138CF8AC3061
:105F8800D2F81F000B79029060468DF80C30FFF7AD
:105F9800B1FC434694F912200121206A0AF04AFC18
:105FA800216A84F895602046B1F8AA309DF8072048
:105FB800A4F89630FF2384F8B3304FF6FF73A4F8A3
:105FC800B4300AF062FC144904F18C0009F0BEFCFC
:105FD800FCF79CFE60B9236A04F1C4000F49B3F8CA
:105FE800AA20A4F8CD20DB7D84F8CF3009F0AEFCE0
:105FF800236A00222046B3F8AA10FFF70DFE084BCB
:1060080000221B683A70002B92D02146206A9847DC
:106018008EE700BF880A0021B9070101390701018D
:1060280068120021032973B5044604D0052927D036
:10603800012002B070BD08230DF107028DF807306A
:10604800FFF7E2FE0028F3D0237C23B19DF8071068
:106058002046FFF7A7FD0F4D0622042620466B6A4F
:106068005A701E70FFF7E2FC686A94F85C20A16D14
:1060780009F00EFA686A2E7003F082FA0020D8E759
:10608800054B1B68002BF9D0984780F00100C0B27F
:10609800CFE700BF880A002164120021F8B5044642
:1060A8000F4619B300F1300528460AF000FFA0B9E1
:1060B80063881A072ED528460AF00EFF064628469A
:1060C8000AF0F5FE301AC0B20AF047FF474A536893
:1060D8000344284653600AF0C9FE28460AF0CBFE5E
:1060E80002F086FF2179252002F09AFE3F4E002318
:1060F80094F87620706A037043706388103B0D2B08
:1061080064D8DFE803F05F635B0C63406363636339
:10611800636363402046BDE8F840FFF7C3BD06232C
:106128004370202303702046FFF780FC638823F028
:1061380008039BB2152B05D094F85420216D706A82
:1061480009F097F9706A03F01BFA032321790020FC
:10615800337002F063FF054607B9B06063881B0718
:1061680004D50AF0F7FE0544C4F81C516388103BB7
:106178000D2B36D8DFE803F038352F2F352F35357E
:1061880035353535352F0C2321214370034603F867
:10619800091B52B1D4F877200121C0F80920B4F8BE
:1061A8007B209A8009F05EF9BDE7226FC0F80920CC
:1061B800B4F874209A8094F86F10F3E706230370FC
:1061C8004370B0E7022303700623F9E740F25961F0
:1061D8002D20FAF709F921790120BDE8F84003F0EC
:1061E800B3BA40F6F541F3E7F8BD00BF880A0021CD
:1061F80038B543880446102B04D10121BDE8384046
:10620800FFF74CBF0B4D2B7B23B102F039FA40202E
:1062180003F064FA686A03F0B3F9608810F00400C8
:1062280002D1217903F090FA002003F011FA01233A
:106238002B7038BD880A0021024B0121986AFFF7AC
:106248002DBF00BF880A002103292DE9F341044628
:1062580004D005297CD0FFF725FD75E008230DF152
:1062680003028DF80330FFF7CFFD00286ED0237CA2
:1062780023B19DF803102046FFF794FCB4F8028080
:106288000123394E1F464FEA9812706AC8F38018E6
:1062980062F3861707224370027000223946C270E3
:1062A80009F0DCF92046FFF70BFC706A09F020FAC8
:1062B800B4F85C30C0F1FE05AB42B4BFDDB2EDB25C
:1062C800AB4228D947F010070022706A033D3946CF
:1062D80009F0C4F9736AEDB22046D97801F03F019C
:1062E80001312944C9B20AF097FA0422C0F30723FE
:1062F8008DF80400C0F307400DEB02018DF805305E
:1063080003238DF80600706A09F082F900223946E5
:10631800706A09F0A3F9B8F1000F06D094F91220B9
:1063280094F844106079FFF7DFFB2A46A16D706A84
:1063380009F0C8F9FF20F581617902F071FD0723A2
:10634800706A337003F01CF9002009E0204682E7E8
:10635800064B1B68002BF7D0984780F00100C0B2AD
:1063680002B0BDE8F08100BF880A00216C1200214C
:1063780010B5144C237B1BB103F0BCF902F09CF957
:10638800A06A0AF0E9F8A16A18B14B8803F018036B
:1063980023B90846BDE81040FFF784BCFFF760F951
:1063A80020B940F686312D20FAF71EF823780846E2
:1063B800E26A03F18043D268013BBDE8104052F81D
:1063C80023301847880A00212DE9F04FB0F802A0C1
:1063D8008BB0154606461AF003020AF00203029132
:1063E80001920AF004021CD01AF0010F05D043B143
:1063F80040F286612D20F9F7F7FF002BF8D002272D
:1064080010E01FFA82F9002A00F0A9800127002D68
:1064180000F0F7804FF000094FF0010BC84601214A
:106428000DE0019F92B2002B5BD0002AEFD1002D26
:1064380000F0E780914690464FF0010B1146012489
:106448001AF0400A04D0002D00F0E9804FF0010A4C
:1064580044EA410400220121072044EACB04DFF882
:1064680034B244EA0814DBF8243044EA49145A7078
:10647800187044EA8A14597004F07B04A146002D70
:1064880040F0F080DD700023DBF824002146019302
:10649800C378019A03F03F0343EA8713E7B2C37056
:1064A80009F0DCF8E30702D53046FFF709FBB80727
:1064B80010D5029BDBF82400002B00F0E28006F1E7
:1064C80077010623012209F0A3F80121DBF8240053
:1064D80008F0C8FF0023002B00F0DE8040F66901B9
:1064E80088E70AF02008002A4AD125BBB6F85420CC
:1064F8008AB1B8F1000F40F0848034794FF0000978
:106508004FF00108033C012C94BF002401244FF0F4
:10651800010B494694E7B8F1000F72D1FFF7F6FA7C
:106528000028EAD1FFF7FCFA01460028E5D1A94680
:10653800A846AB4683E7FFF7E9FA814610B9FFF7AB
:10654800EFFA8146B8F1000F62D134794FF0010BB0
:106558004146033C012C8CBF0024012470E70479D8
:1065680045B9A21E0127A94629465442B846BB464A
:10657800544165E7023C2F46C84618BF0124C6E7C8
:106588004DBBB6F85420AAB1B8F1000F21D1347927
:10659800033C012C94BF0024012431794FF00009F9
:1065A8004FF001080339012994BF002101214FF060
:1065B800010B45E7B8F1000F0BD1FFF7A7FA002848
:1065C800E5D1FFF7ADFA83460028E0D1A946A846F1
:1065D80025E72C46E1E7FFF799FA814610B9FFF75E
:1065E8009FFA81463179033901298CBF00210121A5
:1065F800B8F1000F14BF002401F001044FF00008A7
:10660800D5E74FF00108A94629462C46C34617E7A7
:106618004FF000084FF0010B4146444610E7B6F82A
:10662800540058B196F804A0AAF1030ABAF1010F70
:1066380094BF4FF0000A4FF0010A09E7708800F094
:1066480023000028EED10391FFF760FA0399002890
:10665800E8D1FFF765FA03990028E3D1019B002BE5
:10666800E0D1F3E6DA70FFF75BFA00283FF40BAFEE
:10667800DBF8183093F8E530002B3FF404AF0A2319
:1066880002E706F170010623012208F0C1FF96F81F
:106698006F101BE7880A002139071AD5726C05A903
:1066A8008DF81530C2F30B22BDF81430DBF8240046
:1066B80062F30B0396F84620ADF814301209C3F3C1
:1066C800072362F3071303228DF81530022308F01D
:1066D8009FFFBA0640F1B380D6F84031DBF81820A6
:1066E800D6F844710393002A56D09046D8F88830DB
:1066F800D8F88CA00293FFF713FA80B1DBF81830B2
:1067080093F8E5305BB108F140000AF0BEFD30B9FE
:10671800029AD8F898309B184AF1000A029398F820
:1067280010C09F4BDBF8100033F81C304FF47A7C14
:10673800D0F1900E039A03F2E7339DF81510B3FBDE
:10674800FCF36CEB0C0CBEEB020E029A01F0BF01DD
:106758006CEB070713EB0E0347F100079B184AEB96
:10676800070EB3F5161FD6F834717EF1000C0DDA5A
:10677800B3F5703FA7EB00007EF100074FEAE07C1D
:106788000DDB98427CEB0E0CC0F2008121F0200159
:106798008DF81510002316E0DBF81480A6E7984260
:1067A80021F020017CEB0E0C8DF81510F2DA9DF823
:1067B800151011F0200F0CBF1E214FF49671B3FB7A
:1067C800F1F3C3F30C03BDF8141063F30C01D8F80C
:1067D8009830ADF8141040F2E241B3FBF1F3ADF894
:1067E8001630D8F8173098F81B1006939DF81C300F
:1067F80061F304038DF81C30FCF7F6FA9DF81C30A1
:1068080060F347138DF81C309DF8153023F0800392
:106818008DF81530D8F80030CDF81D3098F80430D0
:106828008DF8213098F805308DF8223098F8063028
:106838008DF82330B8F87A300133ADF82430012DC3
:106848004BD1B6F85420002A47D0B6F802C01CF045
:10685800020F42D1DFF84C81D8F82400B8F80E3086
:10686800C178D31A01F03F0BCBF1FE010BF1010700
:106878008B42B4BFDFB287F0FF07BA4222D91CF0BF
:10688800010F1FD144F01001033F019A8946FFB25E
:1068980008F0E4FE0BF1040130463944C9B209F0AE
:1068A800BBFFC0F307238DF81000C0F307408DF835
:1068B800113004228DF81200032304A9D8F824000B
:1068C80008F0A6FE3A46316DD8F8240008F0FAFE22
:1068D800B8F80E301F44A8F80E7019F0200F5FFAB0
:1068E80089F406D02F481223052205A9406A08F02A
:1068F8008FFE63060CD5002D4DD106F1300034799A
:106908000AF0F5FA014696F912202046FFF7ECF84E
:10691800FFF706F9002836D0224CA36993F8E53032
:106928008BB30721606A08F092FE092340F2E24225
:10693800037032234370A369D3F8B8308370A36916
:10694800D3F8B8301B0AC370A369B3F8BA3003711F
:10695800A36993F8BB304371A36993F8C930837175
:10696800A369D3F8BC30B3FBF2F3C371A369D3F8BE
:10697800C030B3FBF2F303727D22A369D3F8C430AD
:10698800B3FBF2F343720BB0BDE8F08F41F0200186
:106998008DF815100BE7747996F84410B3E700BF2B
:1069A800E0CA0101880A0021F7B504460A4619B968
:1069B80090F87610FFF708FD134D6B6ADA789106A8
:1069C80020D01A79D2061DD504F130005F782679D7
:1069D8000AF06DFA421C3B4631462046D2B2FEF719
:1069E800DFFF0422C0F307238DF80400C0F307403B
:1069F8000DEB02018DF8053003238DF80600686A57
:106A080008F006FE03B0F0BD880A00212DE9F7431F
:106A180004460F4690F8440002F0EAFA6179FF2034
:106A2800704D02F0FDF9002F45D16B6A04F130007A
:106A380094F804805E780AF04FFAB8F1030F2BD16E
:106A4800B60106F53476A968638801EBC011CA312E
:106A580006FB00111E074FF0000048BF6B68296154
:106A680044BFC9182961627902F0B8FB63889807A6
:106A780028D04FBB6179012002F066FE94F87610A9
:106A880001222046FFF7A0FC686A02F079FD062380
:106A98002B7003B0BDE8F083B8F1040F03D13601C1
:106AA80006F5E776CFE7B8F1020F0BBF0B360A36CB
:106AB800B600F600C7E762794FF4A571002002F02E
:106AC800A3FBD3E7002FD9D0C3F34007C3F3801249
:106AD8009907686A87F001074FF0070348BFD4F8A1
:106AE80058804FEAC7074CBFB4F85C90D4F8508080
:106AF80047EA821758BFB4F854900022037007F091
:106B080048070123C2703946437008F0A7FD3A07C9
:106B180017D5626C01A9BDF80430C2F30B22686A6C
:106B280062F30B0394F84620ADF804301209C3F35E
:106B3800072362F3071303228DF80530022308F0B8
:106B480067FD686A08F0D4FDEB89C0F1FE06A9EB81
:106B58000302B242B4BFD6B2F6B2334499452DDD32
:106B6800002247F01001686A08F078FD686A08F0AA
:106B7800BFFDEB89C0F1FE062046A9EB0303B34233
:106B8800B8BFDEB26B6AA8BFF6B2D97801F03F0190
:106B980001313144C9B209F03FFE0422C0F3072392
:106BA8008DF80400C0F307400DEB02018DF80530A5
:106BB80003238DF80600686A08F02AFD63885B06DF
:106BC80006D594F9122094F844106079FEF78CFFEA
:106BD800E9893246686A414408F074FDEB891E442D
:106BE800EE8151E7880A002110B5084CB0F85C30F6
:106BF800E2899A4205D00121FFF708FF0723237095
:106C080010BDBDE81040FFF74DB800BF880A00214D
:106C180038B5438804461E4D13F0020F0FD1DB0729
:106C28000DD4EA89B0F854309A4203D1BDE838400F
:106C3800FFF738B80121BDE83840FFF7E7BE00206C
:106C4800617902F081FD6388617913F0020F0CBF4E
:106C580022200C2002F0E4F802232B702B7B4BB18E
:106C680001F00EFD6379033B012B94BF45204020C2
:106C780002F034FD6379033B012B94BF28200020E8
:106C880002F0E6FC686ABDE8384002F079BC00BF53
:106C9800880A00212DE9F84300F130072E4E012320
:106CA8000446384673730AF002F9E8B96388DA06CD
:106CB80015D4727B9AB103F02303B4F8542013431C
:106CC80005D020460021BDE8F843FFF79FBEFEF738
:106CD8001DFF0028F5D1FEF723FF0028F1D120463B
:106CE800BDE8F843FEF7DEBF38460AF0E0F828B9F9
:106CF80063881B07F3D538460AF0B8F838460AF017
:106D0800BAF802F075F92179252002F089F80121F5
:106D18002046FFF749FE736A3846D6F8088093F88C
:106D280001900AF0D9F8054638460AF0C0F84A46F4
:106D3800691E091A2079C9B20AF0F6F8227908EB17
:106D48000001002002F04AFA706A02F019FC0523DB
:106D58003370BDE8F88300BF880A0021064810B5E3
:106D6800037803F0FF042BB92422214606F078F8B3
:106D7800204610BD0C24FBE7880A002110B500232B
:106D8800094C2370FBF7B4FF6062FFF7E7FF20B1FF
:106D98004FF442712D20F9F727FBE36A13B940F24B
:106DA8000B31F7E710BD00BF880A0021014B024AEA
:106DB800DA627047880A00216C720001044B054AA8
:106DC8001A60054B054A1A60054B064A1A60704757
:106DD800641200211D5F000168120021AF05010146
:106DE8006C120021B56E00012DE9F041067D0446C4
:106DF800B31E06F0FD06DBB2012B8CBF4FF0000876
:106E08004FF00108371E18BF0127012B1AD800F1CF
:106E1800700190F86F0008F00EF9054663889B062C
:106E280017D4082D10D186B3FBF770FFB8BBE37EEB
:106E380093B3D4F81530C4F86930B4F81930A4F80D
:106E48006D3006E00825E9E72846FCF703FB002833
:106E5800E9D1657784F81C8084F86870FCF7C4FB76
:106E6800054603F0BFFD00220F4B84F87620E5FBB2
:106E78000301C4E9180111462046FEF75BFE60B91C
:106E880040F2A3412D20F9F7AFFA04F16901304629
:106E9800FCF770F90028DCD10020BDE8F08104F18E
:106EA80069010120F4E700BF40420F002DE9F043DB
:106EB80085B00823052104460DF107028DF8073037
:106EC800FEF7A2FF002879D0FBF780F9002875D1DA
:106ED8003C4D02AF206AFEF70DFD6B6AD3F81F0028
:106EE80093F8232002903A71226AD3F80310C2F86B
:106EF800AD10B3F80710A2F8B1101B78206AC3F3DD
:106F0800801380F8AC30304B1B6813B10122214646
:106F18009847D4F820800E23686A082698F8AC9021
:106F2800002243704FF00301C378067003F03F035B
:106F3800C37008F093FB2046FEF7C2FD4946686A15
:106F480008F090FA0623012208F1AD01686A08F0FA
:106F58005FFB6179FF2001F063FF686A02F010FBB4
:106F6800D4F820802046414609F001FF3B460146FF
:106F780094F91220404609F05DFC216A00239DF82F
:106F88000720204684F89530B1F8AA30A4F8963046
:106F9800FF2384F8B3304FF6FF73A4F8B43009F038
:106FA80074FC236A2E70B3F8AA20A4F8CD20DB7DE8
:106FB80084F8CF30012005B0BDE8F0832046FEF705
:106FC80071FEF7E7880A0021681200212DE9FF41C8
:106FD800564F04463A7802F0FF0312B90278FF2AA6
:106FE80004D140F6DD112D20F9F7FEF97B60FB8115
:106FF8007B7380F889304E4B684604F13005009366
:107008004C4B01934C4B0293FB6A5B68039302F071
:10701800A1FA01F079FF02F06DFB01F04DFB474842
:1070280001F0DCFF464802F08FFA284609F01EFFFF
:10703800284609F020FF01F0DBFF2179252001F027
:10704800EFFE94F9120001F0C3FF04F15001E06C67
:1070580006F0B2FC064604F15801E06C06F0D3FCD9
:107068008046002E3AD094F82430BBB3B4F9485087
:10707800ED43ED0F237F13B963885B0709D56FF0E4
:107088000043D4E918129A4208BFB1F1FF3F2FD14B
:10709800ADBB94F88B301BB946EA0806F6B2AEB120
:1070A800638813F0100511D1606CC0F30B2009F050
:1070B80069FE94F8463084F84500C0F3032023F0B5
:1070C8000F03034384F8463084F88B50786A033002
:1070D800FCF7A8FA387304B0BDE8F081B8F1000FE6
:1070E80004D094F82550002DC0D1C3E74546C1E728
:1070F80003F078FCD4E9182390429941C8D30122BF
:1071080029462046FEF716FD50B1FCF76DFA0546F4
:1071180003F068FC0B4BE5FB0301C4E91801B8E771
:10712800002DB6D040F61C215DE700BF880A00217B
:1071380079630001495D0001ED5D0001D6BE898ECD
:107148005555550040420F0073B50446214DFFF7D1
:107158003DFF04212078F9F739FD06216861207880
:10716800F9F734FD6B69A8612BB120B140F65521C0
:107178002D20F9F739F9204609F040FB668816F00A
:10718800100618D000212046FEF788FF94F88A30B0
:107198005BB16846FCF74AFB38B1694604F1360032
:1071A80008F0B4F8002384F88A30204602B0BDE81D
:1071B8007040FEF74DBC31462046FFF7F5FB686A84
:1071C80002F0DEF92179304601F028FF0523A86096
:1071D8002B70DBE7880A0021024B9862DB6A1B6888
:1071E800184700BF880A002143881A0710B50446CB
:1071F8000FD5036A3C2210498C304272B3F8AA308A
:107208004381FF2380F827304FF6FF73038508F08A
:107218009DFB63882046DB0747BF236A3C223C224C
:107228004FF6FF7148BFB3F8AA10FEF7F5FCFF232D
:1072380084F8893010BD00BFB90701019709010121
:10724800A5090101F96100019D0901019D6C000179
:10725800196C0001F16B00015D5C00012D600001FB
:107268005162000151710001255D0001A109010170
:10727800447200014C720001647200010138022856
:1072880008B503D9C4212F20F9F7AEF813290A4B02
:1072980005D811290CD8102907D0D221F3E71529D0
:1072A800FBD103EB4003D88801E033F8100008BD98
:1072B80003EB40039889FAE7CAC901012C4A38B59B
:1072C8000346948810681C43402B948004D1042101
:1072D800BDE83840FEF712B9802B01D10521F7E748
:1072E80003F00304032C04D140F6B2313120F9F73E
:1072F8007BF8DD0706D50C6891602478062C1AD037
:107308000B2C22D09C0711D50C6821780729117302
:1073180029D00B2922D0052908D1C17B182905D1EC
:10732800002400250121C0E91E4501759B0644BFC4
:107338000823537338BDC47B1C2CE3D100240025DB
:10734800C0E91C450124C474DCE7C47B122C01BFCE
:107358000024C474012480F85640D3E7C17B112966
:10736800E4D10021E1E7617880F8A010DEE700BFF2
:10737800B80A00210C4A0346517B89B910683BB909
:10738800B0F81011B0F8F420914209D8FEF732B8DD
:1073980093881B0706D5007C083818BF0120704762
:1073A8000020704701207047B80A002173B50446D1
:1073B80000680D46036813F0300F49D1B1F8051085
:1073C8001A2904D9B5F80730B3F5A47F06D229786D
:1073D800204602B0BDE8704008F0C7BCB5F80120EF
:1073E8001A2AF4D9B5F80360B6F5A47FEFD3E830CC
:1073F800009608F065FB174B9A8892070DD51B7B02
:10740800142B0AD12268136843F010031360204636
:1074180008F069FC002002B070BD23689A7B212A1D
:10742800F0D093F82F31002BECD1236893F82E314C
:10743800002BE7D123681A6803F1E801B3F8AA0022
:1074480042F020021A6003F5B172FCF72BFCDEE76C
:107458000120E0E7B80A00212DE9F8438B4D0646E4
:107468002C68002840F0C480AB88190746D594F8EA
:107478009E302A2B16D00CD81C2B13D0222B18D0B8
:1074880094F89E30FE2B20D140F2FB513120F8F7C2
:10749800ABFF3C2BF4D17E4B1B68002BF0D0284669
:1074A8009847EDE7002384F84131784808F013FC49
:1074B800E6E784F84201774B1B68002BF5D004F50A
:1074C800A17104F1A4009847EFE7FE2384F89E30E9
:1074D800E37B1E2B06D100276C4884F8557008F012
:1074E80014FCE773A37B242B2AD0372B30D0237CC2
:1074F800082B02BF0223AB7384F89E30AB88DA07EF
:107508004FD5D5F80080A96898F80F30D1F80090C9
:10751800113B99F800700F2B0BD8BB1EDBB2092B5F
:1075280000F2B28040F2333222FA03F3DB0740F173
:10753800AB8009793846FCF7A9F988B9394680E063
:10754800E37B243B072B94BF2B232523A373CEE790
:10755800012384F8C5320023A37384F84E30C6E7AC
:10756800012F01D9162F4ED198F80E0008F0EDFB27
:1075780040B198F80E30242B04D0252B34D12B237E
:1075880088F80E303846FCF719FE0346002849D122
:10759800FF2FD3D12B69002B51D02B68012283F800
:1075A800C622AB88580704D5227C072A04BF0122CB
:1075B800AA7399074CD5287B01222B680D2883F8DC
:1075C8009F2042D0112858D0072858D0FCF700FE39
:1075D800034600283AD12A7BFF2A52D12A6837214C
:1075E80082F8C402917333E0162F14BF02262026B6
:1075F8006B7B1B0704D5E37B113B0F2B98BF082639
:107608003046BDE8F883112F15D005D8072F14D0C0
:107618000D2FB7D1204B05E0142FB3D11F4B1B689A
:10762800002B8BD0AA684946184812799847002839
:10763800B7D00646DCE71A4BF4E71A4BF2E799F89D
:107648000010124808F091FBF1E7174B0F489847D4
:10765800AB88DA06CCD52B68DA7BB3F8AA000A2AFD
:1076680004BF0B22DA7309F03AFE0028C0D0837CED
:10767800002BBDD000238374BAE70C4BE6E70C4B14
:10768800E4E740F2EE5101E70826B1E7B80A002125
:10769800B8120021941200210B110101741200216B
:1076A80057110101C97700016B0F0101B70F0101E3
:1076B800251001010029034608BF1F21262870B59F
:1076C800144639D81C2806D8A0F10E03DBB2092BC2
:1076D8001CD9002070BDA0F11D02092AF9D801A00B
:1076E80050F822F07D770001DB760001DB7600019F
:1076F8008D770001DB760001DB76000167770001FA
:1077080067770001677700019B770001012540F248
:1077180051269D40354015D1082BDAD11668B37B28
:10772800252B14D12046FBF7E1FB86F838510023BE
:10773800B37386F84E30CCE73B2832D03E28C8D108
:10774800194B27E00021BDE8704009F08EBC2B2BB7
:10775800BFD1F37B243B072BE9D92A21E2E7134A5F
:107768001568002DB5D00A46204619462B46BDE8B7
:10777800704018470E4B1B68002BAAD00A461D21E3
:107788002046F4E70B4B1B68002BA2D00A462021A9
:10779800F6E7094B1B68002B9BD02046BDE87040DC
:1077A8001847064BF6E700BFA41200217812002103
:1077B800841200218C12002198120021C01200218D
:1077C80070B54B7804460268262B5CD01DD81D2B5B
:1077D800957B54D00FD8A3F10E02D2B2092A08D84B
:1077E800012140F2512001FA02F6064220D1082A6E
:1077F80024D0002070BD232BFBD12D2DF9D1254B92
:107808001B68002BF5D09847F3E73E2B3DD005D8F1
:107818002B2B3CD03B2BECD11F4BF1E7FF2BE8D1B6
:107828001E4B1B69002BE4D0012382F8C632E0E727
:1078380022461846BDE8704009F017BC252D01D036
:107848002B2DD6D1204608F046FA2368DA7B262A63
:10785800CFD093F867201A21204622F0010283F83E
:107868006720226892F8673023F0080382F86730AF
:10787800FBF73CFB2368002283F83821B9E7362D53
:10788800B7D1074BBCE7074BBAE7074BB8E7074B3D
:10789800B6E700BF7C120021C4120021B80A0021FB
:1078A800881200219C120021A8120021B012002188
:1078B8002DE9F34790F8D28204460D4690F8D3623A
:1078C800B8F1000F3BD190F82071002E39D194F80F
:1078D80021A184F8207184F821A1FF2384F82231A2
:1078E8001A4B04F1A8091B6813B139464846984752
:1078F800174B1B6823B13A46514601A80194984793
:1079080094F83831012B02D058EA060603D0237BBD
:1079180043F001032373484608F0F1F818B1237BBC
:1079280043F00203237306212046FDF7E7FD0023F9
:1079380084F838313DB1A37302B0BDE8F0874746FB
:10794800C3E7B246C5E7E573F6E700BF801200213A
:10795800B4120021024B0020C3E90400704700BFA5
:10796800B80A002108B50022044BC3E90422FCF739
:1079780003FABDE80840FCF7EBBC00BFB80A0021D9
:1079880073B5584D002604462860AE806E73AE73FA
:10799800FF2380F85030B0F8DA31002B00F09180E6
:1079A80090F89E30FE2B40F08C8090F82C31002B04
:1079B80000F08780037C073B012B40F2828090F81F
:1079C8002D310221A0F84860012280F8A03009F08A
:1079D800D5FA0221284684F8E261FCF759FAB4F88E
:1079E800DE112046B4F8DE300139B4F8E02189B25E
:1079F800B1FBF3F31344A4F8E031B4F840300B447E
:107A0800A4F84030B4F8463001330B44A4F84630AB
:107A1800B4F8443001330B44A4F8443009F0DCFADC
:107A280010B1636B0B446363B4F8DA310026012BA1
:107A38009CBF0133A4F8DA3109B184F8E661E37B2D
:107A480084F8E2610A3B012B0FD8E388B4F8D0220E
:107A58009B1A190409D404F2D22104F1170007F083
:107A680055FCE673FF2384F84F30B4F8DE2104F1A7
:107A7800A801204607F091FCE37B1B49113B1B4AF8
:107A88000F2B8CBF002301230093194B2868FAF7AA
:107A980033F9696911B1002001F01EFE2C68237BBF
:107AA800DA0703D500210F48FBF720FA237B9B0751
:107AB80003D504F25910FCF7EFF80023237302B042
:107AC80070BD94F89E10FE2901D0064885E7094B41
:107AD8001E68002E83D003F0D3F802460B460148F7
:107AE800B0477CE7B80A0021C57200017D73000128
:107AF800117B0001C8120021024B1869003818BF19
:107B080001207047B80A00212DE9F04FDFF8E48121
:107B18000F4687B08146B8F80410D8F800408D05A4
:107B2800204655BFB4F8402000230132A4F8403065
:107B38004CBF84F8E631A4F8402009F04DFA38B17A
:107B48000B4604F5A87204F1A8012046FCF76EFD67
:107B5800B8F8043003F4C06333B1A37C002B00F001
:107B6800A080032B00F0A380A27CB8F80430012A7F
:107B780003D1180544BF0222A274B9F1000F40F0E6
:107B88005181590657BFB4F800224A46013292B2D1
:107B9800A4F8002203F00A020A2A0FD198F80C2050
:107BA800022A0BD123F008033846A8F80430FFF75F
:107BB80053FC38430823C7B2A8F804303846FFF707
:107BC8004BFCD8F810303843C7B2002B50D01422E1
:107BD800002101A805F044F994F8210101F0A8FF5B
:107BE800054694F8210101F09BFF05F5FA754FF45D
:107BF8007A7394F82911B5FBF3F5B4F8AA30054463
:107C0800D4F8C800ADF80430E388ADF80A50ADF8F0
:107C1800083007F0C6FA94F8C632ADF8060033B15A
:107C2800D8F808301A689B8804928DF814309DF8AB
:107C38000C3001A894F8C52262F300038DF80C30CB
:107C4800D8F8103098470023049A84F8C63284F88C
:107C5800C5326AB194F8C43253B9A37B372B07D025
:107C68009DF8143023B11178FF2924D11B2B29D971
:107C7800D8F8006096F89E30FE2B4BD1002F49D1E2
:107C8800337C073B012B45D996F82C3113B396F872
:107C98002D3101220221A6F8487086F8A03030461E
:107CA800F2E10121A1742046FDF728FC5CE70223DC
:107CB8000121A374F7E70729DAD1022BD8D151782B
:107CC800FF29D5D10121C4F8C82284F8C73284F825
:107CD800C412CDE796F80FA0AAF1100A5FFA8AFA43
:107CE800BAF1100F40F25A813368DA0704D53A46E0
:107CF8000921D4E7B80A00219D0740F1F1803A46EE
:107D08000C21304609F03AF996F8573043F0010350
:107D180086F85730B4F8E03194F8E3510133A4F809
:107D2800E031002D00F0FB82FAF73CF910B1002396
:107D3800A4F8E031B4F8AA0009F0D1FAA37C83468C
:107D4800B4F8DE60012B40F22F83237C082B40F02F
:107D5800FE82B4F84030022B40F22683B4F8425039
:107D68000135ADB2E388DFF89CA22B44A4F8D831E2
:107D7800DAF80030002B00F01B83012E40F2188344
:107D8800FAF702F9DAF800300246E1882046984707
:107D980000F1010A1FFA8AFA94F8E431002B3DD168
:107DA800012D3BD9E37B0BB10B2B37D1A37BABBBAD
:107DB800237C9BBBA37C022B30D194F8E6316BBBB0
:107DC800D4F8C00005F03FFC40B394F89E30FE2B79
:107DD80024D1B4F8DA31012B20D9B4F8E021B4F871
:107DE800D0309A421AD2BBF1000F05D0BBF80E1062
:107DF800A1B99BF8121089B9013D9B1AADB29BB28B
:107E0800B5FBF6F59D4228BF1D4605FB06A6003DBD
:107E18001FFA86FA18BF012584F8E251E3889A44CC
:107E2800A4F8DCA1B8F80430D8F800505E0657BFB3
:107E3800B5F8EC310023B5F8DE219B1858BF9BB28A
:107E4800A5F8EC3195F82C311BB92B7C073B012B9D
:107E580006D8B5F84830B5F8DE211344A5F84830FF
:107E680095F84E1031B1B5F84A30B5F8DE21134413
:107E7800A5F84A3095F95420002AC1BFB5F8523008
:107E8800B5F8DE011B18A5F8523095F831306BB9FA
:107E9800B9F1000F40F0DF8298F80E30022B40F065
:107EA8008A8295F8A030062B18BF162395F8302043
:107EB80022B9554885F83130FCF7E4F9284609F02D
:107EC8007EF9524B1B681BB1514A204611689847EE
:107ED800002384F8503007B0BDE8F04FFBF71CB919
:107EE800580702D53A461321D9E6190706D596F858
:107EF80098303A4686F8A0300721D0E61A0602D50F
:107F080000221B21CBE613F0300238D096F82F312F
:107F1800002B60D196F82E31C3B1F37B06F1A8008F
:107F280006F5977106F2D222292B26D0B37BA3F14E
:107F380029056B426B4107F097FD336823F0200356
:107F480043F010033360002386F82E313368DA06D5
:107F580041D506F1A80007F0D2FD18B106F2591074
:107F6800FBF79AFEB6F80A3100221521A6F8A030D0
:107F7800B6F80E31A6F8A23091E60123DBE713F03C
:107F8800400101D024218AE613F4807202D00A4607
:107F98001E2184E6DB041ED52C2180E6D8F800508B
:107FA800EB7B182B3FD011D8112B26D0162B31D0B4
:107FB800B37B002B7BD1F37B103B102B7FD996F83A
:107FC8003E30002B7BD00122122168E6202BEFD116
:107FD8003A46062113E0D8F80000C37B352B51D070
:107FE80006D8262B53D02F2BE2D1002220214BE09C
:107FF8004E2BDDD100223C2146E03A460B21284693
:1080080042E000BFA0120021B80A0021901200210E
:10801800380000212846FCF7A9F900283FF47AAE79
:1080280000220421EBE795F8C032012B07D13A462C
:108038000521284608F0A2FF85F8C0726AE695F87F
:10804800C032022BD9B27FF465AE95F8563053B1E1
:1080580006233A4685F8A030284608F08FFF00230B
:1080680085F8C032EAE7D8F8003040F20632A3F8C3
:108078009A203A4695F8663013F0040F0CBF0D218C
:108088001121E9E70022112108F078FF42E690F873
:108098003831022B02D100221721F5E790F8383148
:1080A800012B85D190F83931002BF4D080E7092BCA
:1080B80005D196F89930012286F8A0301CE7BAF16C
:1080C800100F7FF627AED8F8005095F80EA0BAF139
:1080D800000F40F0B98095F83F313BB101220E21E5
:1080E800284608F04BFF85F83FA1A7E795F83E31F1
:1080F80083B195F857A01AF0030B0BD14AF0010A87
:1081080001220C21284608F039FF85F857A085F888
:108118003EB193E795F8403173B195F86D30DB09BE
:1081280002D001222B216AE7A84B1B68002B00F024
:108138008B80A748984787E095F82E312BB395F8A0
:108148002F3113BBEB7B05F1A80005F5977105F2FC
:10815800D222292B17D0AB7BA3F129067342734196
:1081680007F082FC002385F82E31012214212846CD
:1081780008F004FFB5F80A31A5F8A030B5F80E31BB
:10818800A5F8A230C6E50123EAE795F83831012BB6
:108198006ED195F83931002B6AD1E87BA0F1240320
:1081A800072B65D995F820114B1EDBB2032B09D894
:1081B80095F82121DFF81CC2013A1CF803E0D2B27D
:1081C800032A04D94FF43F710620F8F70DF9BEF1E0
:1081D800020F95F83A3114D0BEF1030F13D0BEF157
:1081E800010F04D1012B14BF002301236BB9A0F1A7
:1081F8004703012B28D90A38042825D9012216213A
:10820800FDE6022BEFE7042BF1D11CF8022095F8CC
:108218003B31022A24D0032A24D0012AE7D1012B9A
:1082280014BF00230123002BE1D0EB8805F534723D
:10823800B5F83C0106F03AFE8246B0B901466448FA
:10824800FAF754FE85F838A1B37B002B7FF462ADB2
:1082580096F8C432002B3FF45DAD0122FF211EE5E4
:10826800022BDDE7042BE0D0C1E72C23AB7351E5EB
:1082780095F8423113B101222221C0E695F8413127
:1082880043B1554B52481B689847FE280146DBD03E
:108298000122B4E695F84A3113B101221D21AEE658
:1082A80095F84B3113B101222621A8E695F8CC3276
:1082B80013B101223E21A2E695F84C319BB1D8F8C2
:1082C80000301021B3F8AA00F8F780FC03699B0777
:1082D80006D5424B3E481B68984701223B218EE653
:1082E8003F4B1B6825E795F84E314BB195F839316E
:1082F80033B9EB7B243B072B02D9012223217EE6ED
:1083080095F84D31012B05D1002385F84D31012217
:10831800252174E695F84D31022B95D1F4E7F9F74C
:108328002DFE08B1A4F8E051F9F744FE00283FF407
:1083380001AD94F8E6310133DBB2022B84F8E63163
:1083480082BF0023A4F8E03184F8E631F2E494F81F
:108358003E3013B1A37B0F2B26D1B4F84020204622
:10836800B4F84630B100B4F842509A4205F101051C
:108378002CBFAD1AED1AA5EB860508F02DFEA8B1A5
:10838800A36B626B01339B1A5B1A9D42A8BF1D4603
:10839800BBF1000F05D0BBF80E30043B9D42B8BFBF
:1083A8001D46012D3FF7DDAC0125DBE42B46ECE74C
:1083B8004FF0010AF0E4012B14D16B7C002B7FF401
:1083C80075AD00212846FDF799F87AE5B01200212D
:1083D800B80A0021DCC9010170120021BC12002179
:1083E800C41200215FB1F80633D4390733D4BA0672
:1083F80033D4BB0733D140F61E313120E5E639B11D
:10840800B5F84A10B5F84C30994201D322234DE50E
:10841800002A05DDB5F85220B5F84C309A42F5D25D
:10842800B5F84820B5F842309A4209D2AA7CB5F886
:10843800403052B1B5F842209A42C2D8082335E5F7
:1084480095F82C31002BE1D1F0E7052BB9D93E2363
:108458002CE51E232AE53D2328E5232326E52A23A8
:1084680024E500BF73B504460190D0F8D802D4F8CB
:10847800C830984214D1D4F8DC62D4F8D030F61A57
:1084880018BF012694F8E432002B3ED0B4F8AA00B5
:1084980008F025FF30B940F67E513120F7F7A4FFE8
:1084A8000126EFE7B4F8E022B4F8DE309A421AD198
:1084B800B4F8E23282899B1A18BF0123A57B472DA5
:1084C80015D0E27B472A10D00025B4F8DE2201A897
:1084D800D4F8D812FBF77CF98DB30023A3730323D8
:1084E800A37402B070BD0123E8E73343ECD0154B09
:1084F8001B6813B940F68951CFE7A5F1470200215F
:1085080001A8554255419847DFE7002EDCD0B4F862
:10851800AA3094F82911A4F8A13106F042FEB4F863
:10852800DC32A4F8A30104F29710A4F8A531B4F83A
:10853800DE320549A4F8A73107F011FAC4E7E5735C
:10854800CDE700BFAC120021EDFE000108B5FBF736
:1085580073FC024B024A1A6008BD00BF7412002166
:10856800B5730001014B5870704700BFD00A002155
:10857800014B1874704700BF600B0021074B93F93B
:1085880000301844142804DC10F17F0F03DB40B2DC
:108598007047142070476FF07E007047CE0B0021A3
:1085A8007F2307B50DF107008DF8073001F0B0F80B
:1085B80003469DF9070053B1094B5B785B425BB2F8
:1085C8001844142806DC10F17F0F05DB40B203B015
:1085D8005DF804FB1420FAE76FF07E00F7E700BFB0
:1085E800CE0B0021014B187059707047CE0B00213B
:1085F800024B00221A705A70704700BFCE0B002140
:10860800014B93F900007047CE0B0021014B93F901
:1086180001007047CE0B0021014B1870704700BF56
:10862800D00B002108B500F099FB00F0B7F800F076
:1086380005F8BDE8084001F021BB00BF034B00214D
:108648004FF480521970A3F801207047D40B002111
:1086580070B50646022014460D4600F0BFF8064BDA
:108668000122033C1A70054BC3F81045C3F808658E
:10867800C3F8045570BD00BFD40B002100E00041D1
:10868800022008B500F0AAF8084B002208484FF06D
:10869800010C084980F800C0C3F80021C3F8042180
:1086A800C3F80821C3F8801008BD00BF00E00041EE
:1086B800D40B002103000080104B1A785AB11049DE
:1086C8000020C1F88000D1F800213AB9102100201B
:1086D80099705A701870002000F080B8D1F8042101
:1086E800002AF3D0D1F8082122B9D1F800140122C8
:1086F800C9B2ECE710210246E9E700BFD40B00211C
:1087080000E0004108B5164B1A78B2B1C823154AE3
:10871800D2F8001141B1D2F8040120B1D2F8080111
:10872800B0FA80F0400908BD013B13F0FF03EFD118
:108738000620FBF781FA002008BD5878C823A0F16D
:108748000202B2FA82F2520900E01AB1013B13F0B8
:10875800FF03FAD10228EBD0431E5842584108BD06
:10876800D40B002100E000410A4B1A787AB10A4B79
:10877800D3F800214AB1D3F8042132B1D3F8082143
:108788001AB9D3F80004C0B270471020704798781F
:10879800704700BFD40B002100E0004138B54FF40A
:1087A80080420C4BC3F88020BFF34F8FBFF36F8F0D
:1087B800094BD3F80025032A01D101229A60064CFF
:1087C8000025C4F80055C4F8005501F065FBC4F84D
:1087D800805038BD00E100E000E00041164BD3F8BE
:1087E8000025032A70B5054601D101229A60124C72
:1087F8000026C4F80065C4F8006501F04DFB012DA2
:10880800C4F880600DD0022D01D08DB970BD032150
:108818000A4A0B4BC4F80015C4F81425C4F8803074
:1088280070BD0222054BC4F80025C4F8143570BD8C
:108838008C213D20F7F7D8FD00E00041D80B00213E
:1088480003000080024BD3F8A00200F0010070473B
:108858000000FF010A4B4FF6FF72014610B4D3F82F
:10886800A442D3F8A8329BB2934208BFB4F1FF3FA9
:1088780014BF0120002001D00C608B8010BC704711
:108888000000FF010D4B70B4D3F89062D3F89452F6
:10889800D3F8984206EA0502D3F89C1222400A400F
:1088A800013202D1002070BC7047034606600120E7
:1088B8005D609C60D96070BC704700BF0000FF011C
:1088C8000D4B70B4D3F88062D3F88452D3F8884241
:1088D80006EA0502D3F88C1222400A40013202D17E
:1088E800002070BC70470346066001205D609C60F4
:1088F800D96070BC704700BF0000FF01EFF3108221
:1089080072B60F4B93F83D1011B9BAB962B67047F9
:108918005B78012B0FD0022BF7D18307F5D40948D8
:108928000121094B10B40024C0F84045196102B96F
:1089380062B610BC70474107E7D4F0E7704700BF44
:10894800E80C002100C000410080004130B5431E02
:108958003C4C83B02072072B6AD8DFE803F0384319
:10896800484D69525704384B0F22C3F81025A38984
:10897800B3F5166F33D2A3F6381343F48073324D30
:10898800C5F8083501F07F03C5F8543501AB94F9F3
:10899800092001F051FB9DF8050001F015FC0028A5
:1089A8004BD128499DF9040001F0CAF8237A082B15
:1089B80031D040F2031240F25B632248C5F83425F7
:1089C800C5F8383503B0BDE8304001F017BB1E4B81
:1089D8000322C3F81025A389B3F5166FCBD3A3F5EB
:1089E8001663CCE7184B0422C3F81025BFE7164BD3
:1089F8000522C3F81025BAE7134B0622C3F8102541
:108A0800B5E7114B0022C3F81025B0E70E4B012241
:108A1800C3F81025ABE740F202220C4B0948C5F811
:108A28003425C5F8383503B0BDE8304001F0E6BA62
:108A380040F645513E20F7F7D7FC40F2E3513E207F
:108A4800F7F7D2FCE80C002100800041211001005A
:108A5800364B421E10B51872072A62D8DFE802F0BA
:108A68003540454A614F5404314A0F24C2F8104535
:108A78009B89B3F5166F30D2A3F6381343F480728E
:108A88002B4B01F07F0100240828C3F80825C3F800
:108A98005415C3F81C41D3F8002242F48872C3F875
:108AA800002236D040F2031140F25B62C3F834155D
:108AB800C3F838251D4801F079FA1D4AD2F86835FF
:108AC80043F4C023C2F8683510BD9B890324184AB3
:108AD800B3F5166FC2F81045CED3A3F51662CFE7EB
:108AE800134A0424C2F81045C2E7114A0524C2F803
:108AF8001045BDE70E4A0624C2F81045B8E70C4AEF
:108B08000024C2F81045B3E7094A0124C2F8104509
:108B1800AEE740F20221074AC3F83415C3F83825F6
:108B2800C8E740F645513E20F7F75EFCE80C002107
:108B380000800041211001002DE9F043002383B09B
:108B4800061E0D468DF80630904614BF02230423F6
:108B58008DF8043002F096F801284FF0FF3088BFF6
:108B680000208DF8050001A804F06AFA002840F0FA
:108B7800CE80714F012387F83D3001F041FF044654
:108B88000028FAD0002E38D14FF0010997F8283084
:108B980087F80190002B47D097F82A30002B4ED148
:108BA800664B674A33F8183003F5FA73A2FB0323C0
:108BB800644AA5EB9315644BC3F880203B690122F6
:108BC80097F829001D44614BC3F8405587F82820C1
:108BD8005C4AC3F8C02100284FD097F82A00002823
:108BE8003ED05948C0F88820D3F84031002B44D0F3
:108BF8000024204603B0BDE8F083012E40F08C80AD
:108C080002237B7097F82830002B66D097F82A301B
:108C180003B34D4B0022C3F81C21D3F8002242F4C1
:108C28008872C3F80022C9E7B97A4046FFF78EFE7A
:108C380097F82A30002BB3D0434BC3F80090444B2D
:108C48003F4A33F8183003F5FA73A2FB0323A5EB68
:108C58009315B3E73C4B293D3A4AC3F88420ADE766
:108C6800394BD3F8002242F00102C3F80022D3F8AE
:108C7800503503F0F603022BBAD0344B0122DA64E4
:108C8800D3F84C35AB42B3DAFB89952B0CD9002EBF
:108C98002ED0304B05F129011846D9602E4901F034
:108CA80081FA431C012B41D801A804F0D5F900280A
:108CB80037D17B789DF80420012B0BD0022B98D15B
:108CC800930796D4214900201F4B0122C1F8400583
:108CD8001A618EE752078CD4F4E74046B97AFFF759
:108CE800B7FE97F82A30002BB4D0174B5E6090E798
:108CF800184B283518491846DD6001F04DFA431C19
:108D0800012BD1D940F2C2613E20F7F76DFB40F646
:108D18005C313E20F7F768FB40F634013E20F7F758
:108D280063FB40F69F313E20F7F75EFB40F2CC61D3
:108D38003E20F7F759FB00BFE80C0021E0CA01010B
:108D4800D34D62100B0000800080004100C000413C
:108D5800F4CA01014400002138CA0101402200215F
:108D6800094810B504F07CF841F21114074B0022B1
:108D78004FF08240AA21C0F8004EC3F8402EC3F835
:108D8800442EC3F8001E10BDE80C002100700041FD
:108D9800014BD881704700BFE80C0021024B01222B
:108DA80083F82A20704700BFE80C0021024B0344D7
:108DB800187D00F51660704738CA0101014B187F0D
:108DC800704700BFE80C0021024B98691B69C01A64
:108DD800704700BFE80C00210D4A0E490E4810B537
:108DE8000E4C137F01EB830154F82330D2E904249D
:108DF800C96B03F2F313A41AA0FB0303641AA4EBD0
:108E0800931401F03DFF201841F1000110BD00BF8F
:108E1800E80C002138CA0101D34D6210CCCA010107
:108E2800FF2808B52AD80139072922D8DFE801F038
:108E3800041D16162104041A4FF44033144A18432B
:108E4800144B40F00070C3F81425C3F81805D3F884
:108E5800503503F0F703032B15D008BD4FF440330A
:108E68000D4AECE700230D4AE9E74FF440330C4A7A
:108E7800E5E74FF44F713E20F7F7B6FA40F2CB2101
:108E88003E20F7F7B1FA40F256313E20F7F7ACFA38
:108E980008011000008000410801906308000006E6
:108EA8000801100138B5144A144BC3F8AC210278F4
:108EB800032A1CD140780129114CD3F8141500F06D
:108EC8003F00626821F470210E4D42F0030245EA2A
:108ED800000508BF41F40021C3F81415C3F80029A0
:108EE800C3F810590123626084F83C3038BD40F261
:108EF800AB313E20F7F778FA060000800080004189
:108F0800E80C0021803202002DE9F8432A4F4FF483
:108F18008078C7F88080BFF34F8FBFF36F8F01F061
:108F280069FD0446254D00264FF0010901F0A8FE11
:108F3800001B234CC5F8FC6FC5F8FC9F206101F0AD
:108F480019F840F20123C5F83095C5F850364FF4AA
:108F58008013C5F800321B4B187C01F047F903F069
:108F6800BFFF194AA683A661268584F82A6084F87B
:108F78003C60164BC5F8A8210332C3F8C820013A53
:108F8800C3F8C42003F5405341F6F872C3F804252A
:108F980096231022E381D5F800396360236CC7F863
:108FA8008081C5F80423C7F8008003B19847BDE85D
:108FB800F84301F0E5B800BF00E100E0008000419F
:108FC800E80C0021440000210300008000C000419B
:108FD800014B5872704700BFE80C0021034B020E8A
:108FE8000002C3F82425C3F81C057047008000411F
:108FF800044B054A034490721B7D03F51663938165
:10900800704700BF38CA0101E80C002100B583B0E1
:1090180001AB01F011F803B05DF804FBF0B5684C42
:1090280083B094F82930002B00F0B58000284FF069
:10903800000205460F4614BF022304238DF80620BC
:109048008DF8043001F01EFE01284FF0FF3088BF74
:1090580000208DF8050001A803F0F2FF002840F079
:1090680095800123574A84F82A0084F83D3084F813
:109078002830D2F8003243F00103C2F8003201F080
:10908800BFFC0028FBD0002D59D0012D0AD04E4B33
:10909800D3F84C65E389952B21D94FF4DA613E204A
:1090A800F7F7A2F90223A17A38466370FFF7D0FCDC
:1090B8006378022B7ED1444B424ADD645560D3F875
:1090C8004C65E389952B0AD9404A06F129034049A2
:1090D8001046D36001F066F80130012865D801A870
:1090E80003F0BAFF00285BD163789DF80420012BB8
:1090F8001ED0022B09D1930707D4334B0022C3F8A3
:109108004025A3F5804301221A612369F61A1DB18F
:1091180006F1290003B0F0BD2E4B2F4A33F8173063
:1091280003F5FA73A2FB032306EB931003B0F0BD1B
:109138005207E2D52369F61A002DE9D1ECE701239D
:10914800A17A38466370FFF701FC6378012B18D1C8
:109158001D4A1C49D3640B60E389D2F84C65952BF2
:10916800BDD91A4A06F1280319491046D36001F0FF
:1091780013F801300128B2D940F2C2613E20F7F756
:1091880033F94FF4E9613E20F7F72EF940F65C31E8
:109198003E20F7F729F940F206713E20F7F724F947
:1091A80040F69F313E20F7F71FF940F2CC613E2090
:1091B800F7F71AF940F251713E20F7F715F900BF99
:1091C800E80C00210080004100C00041440000215B
:1091D80038CA0101E0CA0101D34D621010B5FFF78A
:1091E800ABFC00B110BD0346054C064A0121C4F88A
:1091F800403502201161BDE81040FAF71DBD00BFDF
:1092080000C0004100800041F8B51D4D6B7F93B34D
:109218000446164608465CB1012C1CD00027296973
:1092280032462046791AFFF787FC034640B1F8BD5D
:10923800012BAF69297F16D000F09AFC0744EEE7AE
:10924800104C0121104A0220C4F840351161BDE8D4
:10925800F840FAF7F1BC012BAF69297F07D000F07D
:10926800BDFC0744DBE700F0A5FC0744D7E700F0A6
:109278008DFC0744D3E740F6C1013E20F7F7B4F868
:10928800E80C002100C000410080004130B5414A8F
:109298004FF4807440494FF0FF30D2F8045383B044
:1092A800C2F808030023C1F880414FF480113B4CF9
:1092B80005F01005C2F800123949238584F82A30D0
:1092C800C1F84035C2F88830C2F88030C2F884301E
:1092D800D2F85015C9B249BBE389952B04D96378F4
:1092E800012B4DD0022B41D000222A4B94F83C1080
:1092F800C3F81021228091B1C3F8AC21D3F814151A
:1093080084F83C2021F470216268C3F8141522F017
:10931800030224496260C3F80029C3F810191DB17B
:109328001C4B1022C3F8042303B030BD01218DF873
:109338000700C2F8103111619DF807304BB90CE0F5
:109348009DF80730013BDBB28DF807309DF80730F8
:109358001BB1D2F81031002BF2D09DF80730002B4A
:10936800BAD140F6FF013E20F7F73EF800F026FF9D
:1093780001300128B8D940F617113E20F7F734F824
:1093880000F016FF01300128AED940F611113E2039
:10939800F7F72AF80080004100E100E0E80C00211E
:1093A80000C0004180320200F8B50022314B324F34
:1093B800C3F84825C3F84425C3F84025C3F84C250D
:1093C800FFF764FF00F0E2FE97F83D302BB103F0A1
:1093D8003DFE002843D187F83D00002003F042FEFF
:1093E8000446002840D1234D244EC5F8C401C6F8D0
:1093F8008800C6F88000C6F88400C5F8C800C5F81B
:10940800C400C6F88400C6F8800003F081FD1C4B38
:1094180041F6F872C6F8A8417C61C5F8C041BC6144
:10942800C3F808254FF48072164BFC70C5F8484500
:10943800C5F84445C5F84045C5F84C45C5F8484108
:10944800C5F84441C5F84041C5F84C41C3F88020EF
:10945800BFF34F8FBFF36F8FC3F88021F8BD40F281
:10946800AE413E20F6F7C0FF40F2B1413E20F6F78C
:10947800BBFF00BF00C00041E80C00210080004194
:1094880000F0004100E100E0F8B52C4C2378B3B1BE
:1094980088B95F1E667FE08918BF0127002E47D074
:1094A800012BA569217F13D0012EA2783CD000F0B2
:1094B80095FB411911E0BDE8F840FFF7E7BE94F8C5
:1094C8002A206370E37022B31D4AC2F84031F8BD08
:1094D800012E22D000F04CFB411923690022C91A41
:1094E80094F82A302280E3B1154BC3F84021A278C2
:1094F8003846FFF721FB03460028E8D1104C01212C
:10950800104A0220C4F840351161BDE8F840FAF766
:1095180093BB228584F82A20F8BD00F04BFB411943
:10952800DBE784F82830E2E700F030FB4119D4E7A4
:1095380040F6C1013E20F6F757FF00BFE80C0021B6
:1095480000C0004100800041014BC3F83C05704752
:109558000080004138B50446074803F083FD28B968
:10956800064D94E80F0085E80F0038BD40F66811F5
:109578003E20F6F739FF00BF058900012C0D0021B8
:10958800164B4FF0010C164A93F8281083F829C09F
:10959800C2F804055862F9B193F82A3083B1114929
:1095A800114BC2F88810D3F84031ABB100200E49F6
:1095B8000B4B0122C1F8400503201A61FAF73CBBA6
:1095C800D2F8003243F00103C2F80032D2F8503525
:1095D80003F0F603022BE9D0704700BFE80C002126
:1095E800008000410B00008000C0004108B5144B0A
:1095F80019699A690844824217D20121114AD9701F
:109608005164D2F844350533834205D30E4BD3F861
:10961800042102B9196108BD00210C4BC2F844119C
:10962800C2F84405C2F8C43108BD0220FAF704FBA9
:1096380004490020044B0122C1F840051A6108BD05
:10964800E80C002100C000410080004109000080B2
:1096580010B51D4C034694F81DC0217FBCF1010FC5
:10966800227AE0891ED000F0E9FAA36918448342FF
:109678001ED20121154BE1705964D3F844250532F7
:10968800904206D8A3F58043D3F8042102B91961A2
:1096980010BD00210E4AC3F84411C3F84405C3F8AD
:1096A800C42110BD00F0AAFAA36918448342E0D38C
:1096B8000220FAF7C1FA05490020064B0122C1F839
:1096C80040051A6110BD00BFE80C002100C0004130
:1096D8000900008000800041704700BF044BC3F8B8
:1096E8006005D3F8002242F04002C3F80022704718
:1096F80000800041054B0021D3F8002222F04002EF
:10970800C3F80022C3F86015704700BF008000410D
:109718000C4AD2F81C319BB1D2F8483501460120D9
:1097280003F07F0310B45B42002483B00B70C2F8CF
:109738001C41D2F81C310193019B03B010BC704747
:10974800184670470080004130B5264C83B094F825
:109758002A30A17000BB012222709BB3237A994260
:1097680035D1214A0846214D01ABC2F8805094F901
:109778000920A17A00F060FC9DF8050000F024FDA6
:1097880050BB9DF90400214600F0DAF9204603B0E9
:10979800BDE8304000F032BC0222227093B1237A37
:1097A8008B4214D10128104B104A0DD1C3F88420E4
:1097B8000C4800F0FBFB0C4AD2F8683543F4C02390
:1097C800C2F8683503B030BDC3F88020F0E740F632
:1097D800C7213E20F6F708FE40F2E3513E20F6F797
:1097E80003FE00BFE80C0021008000410700008054
:1097F80010B51B4C82B094F82A3083B10128194B5C
:10980800194A0ED0C3F8802070B1154800F0CEFB7D
:10981800144AD2F8683543F4C023C2F8683502B058
:1098280010BDC3F88420F0E701AB94F90920A17AB0
:10983800207A00F001FC9DF8050000F0C5FC50B945
:109848009DF90400214600F07BF9204602B0BDE8EE
:10985800104000F0D3BB40F2E3513E20F6F7C4FDC0
:10986800E80C00210080004107000080054B002122
:10987800054AC3F84015D2F85035DBB20BB10123C5
:109888001361704700C0004100800041044B30B4B0
:10989800D3E90C459B6BC0E9004530BC0B607047B1
:1098A800E80C002170B501F0A9F8984C984B0122FA
:1098B800C4E90C01DA64E289D3F84C35952AA3632C
:1098C80006D96378012B00F0D480022B00F0868043
:1098D800904B002294F83C008F49C3F88820C3F8C5
:1098E8008020C3F88420C3F88420C3F88020D3F8EC
:1098F800005284F829202940C3F8001208BB844A82
:1099080000256678D2F84815824B022E6677A16149
:10991800D2F844156161D3F80C01D3F81011C3F8DB
:109928000051C3F80C51C3F81051C3F80451C3F8DF
:109938000851C3F86C512AD0012E16D0002944D101
:1099480070BDC3F8AC216168D3F8140584F83C20D5
:1099580021F0030220F4702070496260C3F81405F6
:10996800C3F80029C3F81019C9E7237A2377002818
:1099780076D10029E4D02378002B00F09E80FFF7F1
:1099880085FC0021E36C0846BDE870401847E37881
:109998005BB1D2F8443143B12378002B7CD0FFF778
:1099A80075FC636CBDE87040184710BB0029C7D030
:1099B80023786BB994F82A306070E070002B00F0BF
:1099C8009080534BC3F8400104E02378002B5BD010
:1099D800FFF75CFC236DBDE87040184700F0EEFB14
:1099E800013001287FF674AF40F617113E20F6F7D4
:1099F800FBFC484BD3F85034D90116D5C3F30312F6
:109A0800C3F30321002918BF002A01D01A070CD17B
:109A1800C3F34252C3F304433E49022A98BF012BC1
:109A2800D1F8541401D10129B6D1237A002B67D07B
:109A3800DA1E012A49D90025012600202377FFF7DD
:109A480023FD344BD3F8000410F0010003D0D3F801
:109A5800140426EA0000A36C2946BDE870401847A4
:109A68002846FFF711FDE36C31462846BDE87040F3
:109A7800184700F09DFB013001287FF629AF40F61A
:109A880011113E20F6F7B0FC94F82A106370E370C9
:109A980059B1C2F840319DE794F82A206370E37009
:109AA8003AB11B4AC2F840317BE7218584F82A1075
:109AB80090E7228584F82A2073E794F82A106370C7
:109AC800E37091B1C2F840315BE7124BD3F81454FC
:109AD80015F006050DD0022D0ED001250323002612
:109AE800ABE7208584F82A0074E7218584F82A10DA
:109AF80047E703230126A0E70025042301269CE766
:109B080040F24D213E20F6F76FFC00BFE80C002123
:109B180000C0004100800041E2FEFFFF80320200E9
:109B2800024B03EB8003D86B704700BF38CA0101B2
:109B3800024B03EB8003186D704700BF38CA010160
:109B48000028C3B2084A08DD0121033BC2F800150A
:109B5800DBB2064AC2F80C3570470021C2F800157E
:109B6800024AC2F80C3570470040004100800041AD
:109B780010B504460846FFF7DBFF034AA2FB0020A6
:109B8800A4EB901010BD00BFD34D62104FF47A7350
:109B9800064A03FB00F032F91120054B00F2E730CA
:109BA8001044A3FB0030800902387047B8CA01018D
:109BB800D34D621010B44FF47A73064C064A00FB7A
:109BC800033334F9111010BC0B44A2FB03208009A5
:109BD800704700BFB8CA0101D34D621010B50446E2
:109BE8000846FFF7A5FF044B00F2E730023CA3FB51
:109BF8000030A4EB901010BDD34D621038B50D4C59
:109C080084461D464FF47A7334F9111004EB82042C
:109C18000535104664690C4404F6B73403FB0C445C
:109C2800054BA3FB0434FFF77BFFA4092544284414
:109C380038BD00BFB8CA0101D34D621038B505461A
:109C480008461446FFF774FF0A4B024620464FF4B5
:109C58007A7103EB84035C69074B04F6B73401FBA4
:109C68000544A41AA3FB0434FFF75AFF0530A409DE
:109C7800204438BDB8CA0101D34D6210024B0022FE
:109C88001A705A709A7070473C0D00212DE9F04FF8
:109C9800064683B0012088469DF83C501F469DF833
:109CA80030B0BDF838A001929DF84090FEF796FDBF
:109CB80006F00302374C16F0FB0F42EA0542E57046
:109CC80004F1040E344D42F08072F446C5F80425C0
:109CD800D8F80820D8F80C30D8F80000D8F80410C4
:109CE800ACE80F00019B84F81CB0C4E905370D9B54
:109CF8001A685B68C5F808E5C4F81D204FF480525F
:109D0800C4F82130D5F818356AF30703C5F81835B3
:109D18004FF00003C5F88430204BC3F8082515D14F
:109D28001F4BB9F1020FC5F88031C5F884302CD823
:109D38001C4B13F80930C5F820350123022E84F88E
:109D48002560637015D903B0BDE8F08FB9F1020F33
:109D58001BD8144B012E13F80930C5F82035ECD167
:109D68000F4B114A84F82560C2F8D031C5F88C3001
:109D78006670094B012200212270C3F80011C3F854
:109D880000121A6003B0BDE8F08F4FF4BA713C209E
:109D9800F6F72AFB3C0D002100E0004100F00041ED
:109DA8000C00008008CB0101008000411A4A53785A
:109DB80070B563B3194B0124C3F80C15C3F810052B
:109DC80092F825509470B5B91278E2B1C3F80451ED
:109DD8004FF48055124AC2F80455D3F8006116B101
:109DE8005C60C2F808550B7803704B7804334370F5
:109DF8008B78837070BD00211470C3F80411C3F808
:109E080000421C6070BD97213C20F6F7EDFA4FF434
:109E1800D5713C20F6F7E8FA3C0D002100E000413E
:109E280000F0004108B5174B5A782AB3164A4FF08C
:109E3800010CC2F80C151978C2F8100583F802C095
:109E4800B1B10021C2F80411DB78023B012B05D81F
:109E58000E480323C0F85011C2F81C350A494FF4C4
:109E680080520B480B4BC1F88400C3F8042508BD89
:109E7800BA213C20F6F7B8FA4FF4DF713C20F6F728
:109E8800B3FA00BF3C0D002100E000410080004112
:109E98000500008000F00041104B1A78CAB100227A
:109EA8000F49104810B44FF48054C1F88420C0F80A
:109EB8000845A0F5E040C1F88021C1F88420C0F829
:109EC800D021C1F88C201A70002210BC5A709A70E8
:109ED800704700225A709A70704700BF3C0D0021ED
:109EE80000E0004100F00041F8B51B4B1B786BB354
:109EF8001A4CD4F8043113BB194B0222C4F80423BA
:109F08001F691A6907F0100742F010021A61D4F8A5
:109F1800043153B9134E4FF48045C6F8805107F009
:109F280093FAD4F80431002BF7D027B90C4A1369F7
:109F380023F010031361094B0222C3F80823074BCF
:109F4800D3F80004003818BF0120F8BD4FF4F271AF
:109F58003C20F6F749FA00BF3C0D002100E0004123
:109F680000ED00E000E100E0014B01229A6070473B
:109F780000E0004130B40023094D0A4C0A4805EBC3
:109F8800C3010133D1F800232240824204D1D1F821
:109F98000023D1F804131160202BF0D130BC704796
:109FA8000000FF0100F0FFFF00800041027A082A4C
:109FB8000DD80123934013F05A0F0DD113F4C27F2B
:109FC80005D00B4A0B4BD2F88420C3F888250A4BDE
:109FD8000022C3F800257047054A064BD2F88020B6
:109FE800C3F888250022044BC3F80025704700BF3A
:109FF8000000FF010080004100400041027A082A69
:10A0080014D80123934013F05A0F09D113F4C27FD7
:10A018000CD0074A074BD2F88420C3F8882570472C
:10A02800034A044BD2F88020C3F88825704700BF44
:10A038000000FF01008000412DE9F04F454C85B03C
:10A04800054698460E46174600F00EF923788146D5
:10A05800AB4202D16378B3423CD0082D1BD1BB463A
:10A068004FF0040A8DF80F703046FEF79FFE00216E
:10A078000346524600915846414600F0ABF8B8F8FE
:10A08800003025706670A380A071A77084F80390D3
:10A0980005B0BDE8F08F05F1FF3ABAF1060F50D8C8
:10A0A800DFE80AF0044235284F0404000DF10F03DD
:10A0B8003A463146002000F0DDF8002846D19DF9E7
:10A0C8000FB0BAF1060F3CD8DFE80AF011382B1EA2
:10A0D8003B11110094F90230BB42BED1E3788342B0
:10A0E800BBD1A38894F90600A8F80030D0E74FF058
:10A0F800000AB9E70DF10F033A463146032000F094
:10A10800B9F818BB9DF90FB04FF0030AACE70DF191
:10A118000F033A463146022000F0ACF8B0B99DF979
:10A128000FB04FF0020A9FE70DF10F033A46314690
:10A13800012000F09FF848B99DF90FB04FF0010ACF
:10A1480092E740F289410620F6F74EF94621A92008
:10A15800F6F74AF958000021014B186099807047BA
:10A16800640D0021024BD86019745A82704700BFF1
:10A17800900D0021014B1B681B68184788000021BF
:10A18800014B1B685B68184788000021014B1B685E
:10A198009B68184788000021014B1B681B691847FA
:10A1A80088000021014B1B685B6918478800002163
:10A1B800014B1B689B69184788000021014B1B68ED
:10A1C800DB69184788000021014B1B689B6A184708
:10A1D8008800002130B4044C9DF80850246802958A
:10A1E800E468A44630BC60478800002100220D497D
:10A1F800134610B540FA02F4E40744BFCA545C1C85
:10A2080002F1010248BFE3B2042AF3D1054AFF2450
:10A21800D118032B01D9107110BD013301F8014B7E
:10A22800DBB2F6E7D81200216113010167130101BF
:10A23800691301018F1301016D13010199130101C4
:10A2480073130101A313010179130101AF13010174
:10A2580085130101891301017B1301018113010198
:10A268009F130101A9130101014B187D704700BF1D
:10A27800C00D0021042810B511D883B104280CBFE3
:10A2880010242824A1420AD2064C54F8200018B100
:10A2980041568A42A8BF0A4600201A7010BD6FF0C6
:10A2A8001500FBE7C00D00210228034610DC10F161
:10A2B800270F0FDB084A101890F82800024492F97B
:10A2C8002C209A4207D0002918BF0130C0B270472D
:10A2D8000F2070470020704716CB0101022808B5EF
:10A2E80006DCFFF7E1FF034B034493F92C0008BD9C
:10A2F8000320FCE716CB0101C0B208B518B9044B1E
:10A3080001221A6008BD4D21B52002F0D9FA00BF1C
:10A318000050004110F0FF0008B507D1054B01229D
:10A328005A60C3F80001044B187008BD7C21B520A1
:10A3380002F0C6FA00500041D50D0021014B012260
:10A348001A707047D50D002108B540B9064BD3F8EF
:10A35800003113B9054B187808BD0120FCE7C1216D
:10A36800B52002F0ADFA00BF00500041D50D002124
:10A37800024BD3F8080400F0010070470050004178
:10A38800024BD3F8140400F001007047005000415C
:10A39800024BD3F81C0400F0030070470050004142
:10A3A80007490246D1F81804D1F8181410F480307F
:10A3B80005D0D0B201F003031B1A58425841704728
:10A3C80000500041F8B50F4E012704460D4637549A
:10A3D80006F0EBFF58B92CB90B4BB7707560C3F892
:10A3E8000473F8BD40F225116D2002F069FA002DC2
:10A3F800F7D01CB92046A8477460F2E74FF4A07163
:10A40800F2E700BFD80D002100500041044B0022A4
:10A4180019181A548A7003EB80014A60704700BF0C
:10A42800D80D0021014B9881704700BFD80D00213D
:10A43800014BD889704700BFD80D0021014B98897E
:10A44800704700BFD80D002110B5EFF3108472B625
:10A45800064B03441A7C0132D2B21A741B7C012BBE
:10A4680001D1FFF749FF04B962B610BDD80D00212C
:10A4780008B506F09DFF06F098FF084A084B30B172
:10A488000121116104229A740022DA7408BD0321A3
:10A4980099740121C2F80413F6E700BF0050004187
:10A4A800D80D002110B5EFF3108472B6094B0344A0
:10A4B8001A7C22B940F267216D2002F001FA1A7C59
:10A4C800013AD2B21A741B7C0BB9FFF723FF04B907
:10A4D80062B610BDD80D0021024B987C003818BF19
:10A4E80001207047D80D002137B5184C637D63B93A
:10A4F800206A00F00300FFF753FF30B1EFF3108339
:10A5080072B6A27C1AB103B962B603B030BD01229B
:10A51800A27403B962B680230D4DC5F808334FF411
:10A528002073ADF80630BDF806309BB25A1E92B2C1
:10A53800ADF80620002BF6D1C5F81C3184F824307C
:10A54800FFF796FF8023C5F80433DEE7D80D002116
:10A55800005000412DE9F347344C237D002B62D095
:10A568000323ADF80430324BD3F800513DBBD3F888
:10A578000481B8F1000F08D02D4B0022C3F8042144
:10A588000222C3F80823FFF7AFFF94F82460284B92
:10A59800F6B2D3F81C2135B1A17C032901BF0421EF
:10A5A800A1740121196182B30022C3F81C21A37C84
:10A5B800042B26D040F279316D2002F081F9002574
:10A5C80001220DF10409271DA61C8DF80450D3F8AB
:10A5D8000481C3F8082319F8010B03280AD033783B
:10A5E80043B14FF0000A3B6886F800A013B19847C2
:10A5F800C7F800A06B1C043701360125022BEAD1ED
:10A60800B7E70223A37406F0D6FE66B1002384F8E8
:10A618002430A37C022B01D1FFF72AFF02B0BDE84A
:10A62800F04706F0C8BE02B0BDE8F087D80D00219B
:10A638000050004110B5054C206A00F00300FFF7F8
:10A64800AFFE0028F8D0002010BD00BFD80D0021B3
:10A65800F8B5054650B10278022A07D8437842B9BE
:10A66800013B1F2B02D88378212B07D96FF01500E7
:10A678006CE0002BFAD18378002BF7D15C4B2022B9
:10A68800C3F88020BFF34F8FBFF36F8F594EC3F8C5
:10A6980080218323584CC6F808330023C6F80031BC
:10A6A800C6F80431C6F81C3123746374AB88E3819F
:10A6B800FFF75EFE10B1012323702374D6F80C2433
:10A6C800D6F80C34D70303D5DE0701D5FFF736FEDD
:10A6D8004FF4AF63AA78A3810123A27500222362F5
:10A6E8002B78E274012B637507D0022B2FD033B17E
:10A6F80040F22E516D2002F0E3F802232362FFF7A7
:10A708003FFE002835D0FFF743FE236A03F003031A
:10A7180098422ED1AB793BBBFFF78CFFA37D63B189
:10A728002B7853B906F041FE054602F01BFA6FF08C
:10A738000043002D58D0C4E906030123202200203D
:10A7480023752B4BA074C3F880211A60F8BD06F05E
:10A758002FFE284BD3F80C14D3F80C24C803F9D5D2
:10A76800D107F7D50323C9E7224B0222C3F80423F4
:10A77800D4E7204B01220021DA60C3F8041194F8D1
:10A788002010C3F818159A600222C3F80423AA7986
:10A79800002AC3D1D3F80423920702D440F2E1413E
:10A7A800A8E7164A1769116907F0100741F0100168
:10A7B8001161D3F804310BB906F047FE0D4ED6F8F7
:10A7C800043173B1FFF736FF27B90C4A136923F038
:10A7D800100313610223C6F808330023C6F80431B6
:10A7E8009CE706F031FEEAE7C4E90630A5E700BFBA
:10A7F80000E100E000500041D80D002100ED00E02C
:10A8080038B50C4B0C46197919B183216F2002F029
:10A8180057F860B95D790DB1002038BD01225A7131
:10A82800FFF712FE21462846FFF7CCFDF4E76FF04C
:10A838001500F2E7000E002138B50B4D04462B79C0
:10A848001BB19A216F2002F03BF850B96B790BB914
:10A85800002038BDFFF7DAFD20466C71FFF722FEB5
:10A86800F6E76FF01500F4E7000E002110B501B30C
:10A87800F0B14FF0FF33104A1C46E0FB013494421C
:10A8880003D9DB216F2002F01BF81A0DC3F30F1058
:10A898000A4B42EA04324FF22444B2FBF4F100EBD3
:10A8A800024003FB1100B0FBF4F040EA0140013024
:10A8B80010BD0846FCE700BF3F420F00000024F42B
:10A8C800014B9B68184700BF000E0021014BDB6855
:10A8D800184700BF000E0021014B1B69184700BF35
:10A8E800000E0021034B1A790AB9FFF7A1BD988D14
:10A8F800704700BF000E0021034B1A790AB9FFF711
:10A908009DBD988A704700BF000E0021024B1B793D
:10A918000BB9FFF7E9BD7047000E0021014B9B6999
:10A92800184700BF000E002110B5144C2379A3B1BD
:10A93800636A9847002806DB94F82E3023B1012378
:10A94800002084F8303010BDFFF7E8FF0028F6DA61
:10A9580040F28D116F2001F0B3FF094BA361094B41
:10A96800E361094B2362094BA360094BE360094B80
:10A978002361FFF76DFE0028E1D0E4E7000E002117
:10A988003DA60001CB130101E1A40001B9130101A7
:10A99800BF130101C513010138B5084B04461D79E1
:10A9A80025B140F2E1116F2001F08AFF01F038F87B
:10A9B8002046FFF737FD284638BD00BF000E0021AE
:10A9C80008B5074801F01AF8054800F021F801F029
:10A9D80023FA01F00BFA00F02BFB012008BD00BFA1
:10A9E800340E002101F0AABB103001F03BB800BFC3
:10A9F80001F050B801F078BC01F0B0BD01F0C2BD63
:10AA080001F004BC2721032008B501F059FF00BF5D
:10AA1800024B186000221A719A6070473C0E0021A0
:10AA280070B582B01F4C2379012B11D0DAB2022AFB
:10AA38000BD10DF10701A06800F020FB0023A360F3
:10AA480023719DF8070002B070BD012002B070BDEF
:10AA58000DF10701A06800F007FBA5686B7DDB0717
:10AA6800ECD5AB7F042BE9D001F058F80646002856
:10AA7800E4D001F059F82A69B3682E686D68961910
:10AA88004FF0000245F100050A3342F100021B189D
:10AA980042EB0102B342AA41D0D3A06800F092FC75
:10AAA800CCE700BF3C0E0021837F0BB1002070472C
:10AAB8000A684B68D1F808C010B5CC680260C46059
:10AAC80001244360C0F808C00A694B6902618477B1
:10AAD8004361054B1A792AB998601C7100F0B4FFDC
:10AAE800204610BDFFF78EFF3C0E002170B50446CE
:10AAF80082B00D4601F012F8A37F012B17D02A6807
:10AB080006466B68A868E968A0602046E1600DF118
:10AB18000701226063602A696B692261012263610F
:10AB2800A27700F0A1FA2EB1012002B070BD00207A
:10AB380002B070BD024B0421186806F054FCF3E71C
:10AB48003C0E0021024B0621186806F04CBC00BFE1
:10AB58003C0E002110B5084B1A7952B9044698608A
:10AB680002221A7100F070FFA07FB0FA80F040094D
:10AB780010BDFFF747FF00BF3C0E002138B5837FAB
:10AB8800C3B1044609E0A37F042B09D0A37F012B9E
:10AB980011D006F059FCA37F63B1A37F032BF2D138
:10ABA800EFF3108572B6204600F0C6FA05B962B612
:10ABB800A37F2BB938BD4FF48271032001F080FECA
:10ABC800FF21032001F07CFE70B5054600F0A6FFCA
:10ABD80000B3044600F0A8FF03462846A4680025F1
:10ABE800E41841F100062246334600F07DFBA042FE
:10ABF80071EB06030CD3001B6FF0010361EB060138
:10AC0800834275EB010100D370BD4FF0FF3070BD7A
:10AC1800284670BD40F22911032001F051FE00BF03
:10AC28002DE9F04104460F4600F078FF10B385681F
:10AC38000023064662195B4113B10020BDE8F0818C
:10AC480000F072FF2A18384641F1000314EB02089D
:10AC580043F1000500F048FB4045A941EDD301F060
:10AC68006DFA00F023FAB368012037752344B36006
:10AC7800BDE8F0814FF4A371032001F021FE00BF6D
:10AC880000F052BF08B500F049FF08B1007D08BDCB
:10AC980040F29B11032001F013FE00BFF8B50369D1
:10ACA800002B51D1044601F049FA05460E46FFF73C
:10ACB80013FE90B36435D4E9000346F10006A842B8
:10ACC80073EB060221D3C4E90003EFF3108672B6D2
:10ACD80000F024FF054688B100F026FFAB6800228B
:10ACE8000B3342F100021B1842EB0101D4E90002C8
:10ACF800834271EB02050BD3C4E9003106B962B691
:10AD08002046BDE8F84000F085BB28463346DAE720
:10AD180003461146C4E90031F0E7FFF7EDFD0746A9
:10AD280000F010FF2168B842626838BF384696358F
:10AD380046F10006401946F10003884273EB02050C
:10AD4800C1D208461346BEE74FF4D171032001F083
:10AD5800B7FD00BF1B4B186898B3036850E906128B
:10AD680030B50A3150F8104CA0F1180042F1000C2F
:10AD780009194CF1000C1BB922E014D31B68FBB174
:10AD880053E906248A4274EB0C0519D290F814E0B2
:10AD980013F8045C7545F0D19D88B0F81CE0A5EB6C
:10ADA8000E052D04EAD553F8101C0A32A3F1180039
:10ADB8001B6844F10004891844F1000C002BDFD112
:10ADC80030BD7047480E0021F8B5254D00236B6053
:10ADD800EFF3108172B6AA68EB60AB606A6009B9DC
:10ADE80062B66A686AB300261E4C9379A2F118000D
:10ADF800032B27D013686BB39A79183B8646A44671
:10AE0800042A0FD19A8B818B521A120402D50EF1A3
:10AE1800180C18469A6942B19E46A2F118039A7F07
:10AE2800042AEFD09B7F032B16D1DCF80020126890
:10AE38000221C368CCF80020867798476A68002A00
:10AE4800D3D1F8BD1768012152F80C3C96716F6098
:10AE58009847F3E7A446EAE763219F2001F030FD15
:10AE6800480E00214C0E00216F4B2DE9F04F1B6856
:10AE780083B082830646427D8946046802F0010257
:10AE88004568002B00F0C980A3F1180C002A6CD08B
:10AE9800654ADCE90001844275EB01072ED39CF872
:10AEA8001420337D9A421AD8DCF808301B1841F177
:10AEB800000113F10A0E41F10007744575EB070212
:10AEC80080F0A5803269121945F10000964577EBAC
:10AED800000801D2724638469A4288417FD3DCF88E
:10AEE80018300CF11802002B00F08F80A3F1180C19
:10AEF800DCE90001844275EB0107D0D21F466346A6
:10AF0800B16811EB040E45F10008002B42D0CA4687
:10AF1800CDE900271EF10A071868596848F10002B0
:10AF2800B84271EB020243D21A7D377D974218D39B
:10AF38009A68121841F1000112F10A0941F1000C56
:10AF48004C4575EB0C0044D23069001945F10007F7
:10AF580081457CEB070B01D24846674690428F41FA
:10AF68003CD39B6923B3183BD4E7DCE900012E4AA4
:10AF7800844275EB01010CD3DCF818300CF118028F
:10AF88003BB1A3F1180CDCE90001844275EB010127
:10AF9800F2D21F46334643F8187F1360FFF7DAFEF4
:10AFA800864210D0002389F8003003B0BDE8F08F46
:10AFB800DDE900273346D14643F8187F1360FFF7D1
:10AFC800C9FE8642EED1012389F8003003B0BDE8FE
:10AFD800F08F20462F4690428F41C2D2D14600239F
:10AFE800042106F1180233767376B376F3760E4BA6
:10AFF800B1779B6873B10C4BDB681A600B4B0A493D
:10B008001878CA6001F014FECCE71F4678E722469C
:10B01800284661E7044B9A60F0E712B91746024ADE
:10B02800B8E71F46004A6BE7480E00218C00002154
:10B0380010B50A4C2378FF2B0AD1094801F0CEFD40
:10B04800084B002220701A609A60DA601A8210BDDC
:10B058004FF48D719F2001F033FC00BF8C0000215C
:10B06800D1AD0001480E0021034B1A8A02F1010CF0
:10B07800A3F810C0FFF7F8BE480E002138B5044603
:10B088000D46FFF767FE034604F118010648E31A68
:10B09800B3FA83F35B092B7006F0CBF910B10023E8
:10B0A8000120A37738BD00BF480E00212DE9F043E9
:10B0B8001F4E34686CB34FF0000835464FF0040952
:10B0C800C6462346246853F8187C53F8082CD2192E
:10B0D80053F8147C47F1000C82427CEB010C1AD225
:10B0E8002A6812682A6083F80690B26883F800E03C
:10B0F80083F801E083F802E083F803E07AB1F268AC
:10B1080013604FF00108F360002CDAD1B8F1000F9A
:10B1180007D1BDE8F0831D46002CD2D1F6E7B36015
:10B12800EFE7044BBDE8F043187801F081BD00BF9C
:10B13800480E00218C00002138B5164D044600F158
:10B148001801AB68A3B1AB6899421ED083B11A4607
:10B158001B686BB19942FAD153B118681060A8689E
:10B1680081420BD0EB6899420DD00023A37738BDFC
:10B17800094806F05EF90028F7D138BD1B68AB60B6
:10B18800EB689942F1D1EA60EFE7002BF0D000229A
:10B19800E5E700BF480E00214C0E00212DE9F843D9
:10B1A800484E3468002C00F086804FF000080F46A7
:10B1B8000546B1464FF0040E41462346246853F82D
:10B1C800180C53F8082C121853F8140C40F1000C02
:10B1D800AA427CEB070C65D2D9F800201268C9F89E
:10B1E800002083F806E0B268197059709970D97018
:10B1F800002A5BD0F26813604FF00108F360002C5E
:10B20800DBD1B8F1000F03D02F4B187801F010FDF7
:10B218003368002B4FD0A3F1180C53E90612A9424A
:10B2280072EB070044D353F8100C00241B680A3053
:10B2380044F10004091842EB04021BB92CE016D8AB
:10B248001B684BB353E90604884274EB020E23D201
:10B258009CF8148013F804ECF045F0D1B3F804E03E
:10B26800BCF81C80AEEB080E1EF4004FE8D08542F7
:10B2780029463A46A3F1180C77EB040E01D2014691
:10B28800224653F8100C1B68091842F100020A31D3
:10B2980042F10002002BD5D10CF11803604673610E
:10B2A800BDE8F8839946002C87D1AAE7B360A3E7E5
:10B2B80029463A46B7E700239C4673616046BDE8D5
:10B2C800F88300BF480E00218C00002110B5054C02
:10B2D8006169204606F0ADF818B160690023183896
:10B2E800636110BD480E00211C49096839B3A1F1FA
:10B2F800180C9CF8141081421DD870B512F10A057B
:10B30800DCE9004143F1000EAC4271EB0E0620D29D
:10B31800DCF81060341941F10001AC4271EB0E0108
:10B3280015D2DCF8181071B1A1F1180C9CF81410A2
:10B338008142F6D8E2E7DCF818100029D7D14FF09F
:10B34800FF30014670474FF0FF30014670BD2C4674
:10B358007146B4F10A0041F1FF3170BD480E002179
:10B3680010B5837F022B06D0837F012B02D0837F09
:10B37800042B1DD110BD437D13F0020313D1032408
:10B388000E4A00F118010376847794684376837631
:10B39800C3765CB1D3681960094BD1601878BDE8F1
:10B3A800104001F045BC0023837710BD9160F3E79E
:10B3B8004FF4FF719F2001F083FA00BF480E00216F
:10B3C8008C00002170B50446104D04F1180628467B
:10B3D800314606F02EF898B1002304222376A2778E
:10B3E8006376A376E376AB6843B1EB681E60084BDF
:10B3F800EE601878BDE8704001F01ABCAE60F6E760
:10B408004FF402719F2001F05BFA00BF480E002143
:10B418008C0000212DE9F04F076983B0002F6ED111
:10B42800866890F81480D0E90045EFF3108272B670
:10B4380035490B68002B5BD00A36B1F81090A3F1A0
:10B448001803CDF8049047F10007B14614EB090A38
:10B45800D3E9001645EB070E8A457EEB060C47D369
:10B46800A14276EB050C27D3D3F810C01CEB010CD6
:10B4780046F1000BD4457BEB0E0B34BF4FF0010CAB
:10B488004FF0000CBCF1000F12D093F814C0C44563
:10B4980025D034BF4FF0010C4FF0000CBCF1000F69
:10B4A80006D00A319C6846F10005641845F100058C
:10B4B8009B69EBB1183BC9E711F10A0CD3F808A056
:10B4C80046F1000E1AEB0C0C4EF1000E644575EBBC
:10B4D8000E0E34BF4FF0010C4FF0000CD2E7B3F85A
:10B4E8001CC0DDF804E0ACEB0E0CCCF3C03CD5E797
:10B4F80002B962B6C0E9004503B0BDE8F08F40F27A
:10B5080027219F2001F0DCF9480E0021024B05217C
:10B51800186805F068BF00BF600E0021054B586829
:10B5280010B1C368052118474FF41B71B02010B53E
:10B5380001F0C6F9600E00212DE9F0471646002BF0
:10B5480058D00C46D3E90089804579EB010349D3EB
:10B55800B8EB00054FF0000269EB0407484CA38ADA
:10B5680022616433AB42BA41C4E9028916DBA3699C
:10B5780003F2A3139D4277F100076CDA414A404673
:10B588004946C4F82880C4F82C9000F0F1FC052343
:10B598003D4A84F830303260BDE8F087627F237F0F
:10B5A8001AB19A0721D40022627703F0010AA3692D
:10B5B80003F2A3139D4277F1000731DABAF1000FC5
:10B5C800DCD0A08A2F4AB8EB000069F10001C4E979
:10B5D8000A0100F0CDFC06232B4A84F83030326093
:10B5E800BDE8F08780468946B2E7236A012098477C
:10B5F800237FD8E7224C637F2BB1237F9B0702D59B
:10B60800236A012098470025657701F02BF8FFF79A
:10B618005DF91E4A2B46326084F83030BDE8F08769
:10B6280001F020F8FFF752F9A08AA369984217D9C8
:10B63800BAF1000F14D0B8EB0000124A69F100010A
:10B64800C4E90A0100F094FC01230F4A84F8303061
:10B658003260BDE8F08701F005F8FFF737F9A36914
:10B66800B8EB0300074A69F10001C4E90A0100F0D8
:10B678007FFC0223044A84F830303260BDE8F0874A
:10B68800600E002115B50001DDB70001D5B9000134
:10B6980002392DE9F04104292DD8DFE801F003092A
:10B6A800292C0C00164A137F003B18BF012353773F
:10B6B8000020BDE8F081124D044600F02BFC00F09C
:10B6C8003DFD0E460746FFF769FD80466868FFF7AF
:10B6D80047FE2246384631460024002600274346C6
:10B6E8006C60C5E90267FFF727FF0220BDE8F0811B
:10B6F800FFF796F9DCE740F21721B02001F0E0F8F7
:10B70800600E00212DE9F84F2E4C8046637FA76913
:10B7180083BB94F81C9019F0010934D100F00EFD98
:10B7280010EB070B05460E4641F1000A58465146F4
:10B73800FFF734FDA0B3D0E900329B457AEB020154
:10B748001BD30023284631461F4AA562E6622361BF
:10B75800C4E902BA00F00CFCB9F1000F02D0A38AC8
:10B768009F4215D00222194B84F83020C8F80030C7
:10B77800BDE8F88F4FF00009D0E7DD1B9B469246E5
:10B7880062F10006DDE7A38A9F4238BF1F46C5E77E
:10B7980001220E4B84F83020C8F80030BDE8F88F3D
:10B7A800637F2BB1237F9B0702D5236A012098472B
:10B7B8000021074B0A466177C8F8003084F830202A
:10B7C800BDE8F88F600E002115B50001DDB7000156
:10B7D800D5B90001023970B50546032900F2EB809E
:10B7E800DFE801F006024508754B002283F8312096
:10B7F800002070BD724C94F830301A1F012A40F2B4
:10B808009F8000F09BFCA26A2369801A9842B8BF07
:10B81800184694F83030022B20617FD0237FD90757
:10B8280040F1C480607F002840F0C080236A9847B8
:10B838000123637794F83020022AD4E902034BD01D
:10B84800012A70D0256932385E4A43F1FF31281841
:10B8580041EBE571C4E90A0100F08AFB94F8303045
:10B86800062B0CBF0523042384F83030C0E7544C62
:10B8780094F83030042B0FD8022B25D8013B012B2C
:10B8880000F28F80FFF7CCF80028B1D000F044FC1C
:10B898002846FFF737FF15E0053B012B00F28180B2
:10B8A800FFF7BEF80028A3D000F036FC00F046FCF5
:10B8B80006460C46FFF772FC2A46034621463046E8
:10B8C800FFF73AFE022070BDFFF7AAF800288FD0D4
:10B8D800012384F831308BE7227FD2070ED5627FAF
:10B8E80062B9A18A374A401A63F10001C4E90A0122
:10B8F80000F03EFB032384F8303079E721693238C1
:10B90800304A43F1FF33401843EBE171C4E90A01BF
:10B9180000F02EFB042384F8303069E700F09AFE2B
:10B92800FEF7CEFF86E7A169264A401A63F10001B7
:10B93800C4E90A0100F01CFB022384F8303057E701
:10B94800042B94F8316019D0002EAFD1FFF7BEFC5C
:10B958000028ABD06060C4E90D6600F0D3FA6068D7
:10B96800022331468377C3689847D4E90201FFF779
:10B978009DFB154B84F830602B60A3E700F07AFE3E
:10B988000028E1D100200021FFF708FC08B1FFF7EB
:10B9980019FD00F067FEFEF799FF2846FFF7B2FE93
:10B9A80090E74FF4CD71B02000F08AFF40F2B31158
:10B9B800B02000F085FF40F2F111B02000F080FFC8
:10B9C800600E002115B5000199B60001032910B5D4
:10B9D80006D801290AD840F25D11B02000F070FFA6
:10B9E8000429F8D10446FFF71BF808B9002010BD58
:10B9F8002046FFF787FE022010BD00BF064A00233D
:10BA080010B5064C026084F8303023772060FEF7CA
:10BA180073FF5130A06110BDD5B90001600E00213F
:10BA280008B5074B074A19680968914202D1513095
:10BA3800986108BD40F25121B02000F041FF00BFDD
:10BA4800600E0021D5B9000110B5EFF3108472B66D
:10BA5800034B0421186805F0C6FC04B962B610BD92
:10BA6800600E0021094B5A6810B54AB1084AD3E95B
:10BA780002410019BDE8104041F1000100F078BA18
:10BA880040F27221B02000F01BFF00BF600E0021C1
:10BA980025B5000108B5064B5B681BB1BDE8084039
:10BAA80000F03ABB4FF41E71B02000F009FF00BF50
:10BAB800600E002108B5054B5A680AB1586308BDE5
:10BAC80040F27E21B02000F0FBFE00BF600E002196
:10BAD80008B5054B5A680AB1986308BD4FF421713F
:10BAE800B02000F0EDFE00BF600E0021044B9B6B00
:10BAF80003B1184740F28A21B02010B500F0E0FEEB
:10BB0800600E0021044B5B6B03B118474FF424719E
:10BB1800B02010B500F0D4FE600E0021014B58682B
:10BB2800704700BF600E002108B5054B5A6812B176
:10BB3800D3E9020108BD40F29B21B02000F0C0FE0D
:10BB4800600E0021034B187F10F0010018BF988A7F
:10BB5800704700BF600E0021054B1B681BB11A6AB5
:10BB68000421586A10477221452010B500F0A8FE3C
:10BB7800A00E0021054B1B681BB11A6A0321586AE5
:10BB880010476C21452010B500F09AFEA00E002148
:10BB98002DE9F04104460D4679B9154F3B681BBBAA
:10BBA80014483C60FFF786FF1348FFF791FFFFF743
:10BBB80067F8637D06465B0705D4236A2946606AF1
:10BBC800BDE8F0411847FEF715FF2036361A7E60AB
:10BBD80000F01CFB0028FBD000230849084AC1F8E4
:10BBE8008031C2F88030E8E78621452000F068FE01
:10BBF800A00E00217DBB000161BB000100100141C6
:10BC080000C00041024B00221A601A81704700BF31
:10BC1800A00E002108B5074B1A683AB10648002162
:10BC2800D0601960BDE80840FEF78CBFB9214520F7
:10BC380000F046FEA00E002199BB000130B40D466D
:10BC4800144600212022C0E9085430BC01F008B98C
:10BC580030B5002287B04B7A0C4605924FF00001B0
:10BC68000092054601920492C3F3800282F0010219
:10BC780062F38201227A8DF814202B4A8DF8151070
:10BC88000392616822780291002A3BD1D4E904200A
:10BC98009DF815406407CDE9002024D4C3F3400380
:10BCA8009DF8152021495B0022F0030243F00103AF
:10BCB80013438DF815304B68C3F308036BB1103B81
:10BCC8005BB2002B18DB1A4AD35C5B092BB96946B7
:10BCD8002846FEF70BFF07B030BD69462846FEF739
:10BCE800E3FE07B030BD203A01F1200140F1FF30FA
:10BCF800009202910190D1E703F00F0319440B7DE4
:10BD08005B09E3E723690493FEF76CFE9DF81530A1
:10BD18005B07CDE9000104D5029A637A20320292CA
:10BD2800BCE7637ABAE700BF99BB000100ED00E009
:10BD380000E400E010B5037886B0B3B90446039375
:10BD4800D0E90401CDE90433CDE900016368684610
:10BD5800217A02938DF81410FEF7A0FF0120DDE987
:10BD68000023C4E9042306B010BD4FF4AB7145208D
:10BD780000F0A6FD30B50C7887B07CBB4B7A4FF04D
:10BD8800000C0594C3F3800E0C7A4D688EF0010EFA
:10BD98008DF81440144C6EF3820C029503941CF039
:10BDA800040F8DF815C0D1E90441CDE9004107D051
:10BDB800203C05F1200541F1FF31009402950191E5
:10BDC8009DF81540C3F340036946049263F34104A8
:10BDD8008DF81540FEF768FE07B030BD40F21F2110
:10BDE800452000F06DFD00BF99BB0001074A002304
:10BDF80013721375064A012106485160C2F840358E
:10BE0800C2F84031C0F80815704700BFD80E0021AD
:10BE180000C0004100F0004130B4344B0022344CE3
:10BE280001213448826159609960C3F80843C3F816
:10BE38004843C469C3F80421C3F84021C3F8442126
:10BE4800C3F84821002C4ED02B4A4FF00045C2F8C9
:10BE5800C051C4F88050C3F88050284BC3F804156B
:10BE68000523C2F840351160D2F84031002BFBD0D1
:10BE78000121224D0023C5F808155160D1601B49E6
:10BE8800C2F84031C2F84035C2F8C031C4F8803039
:10BE9800C1F8803090F8203003B390F821200121B8
:10BEA800124B4FF480249140144842F000424FF660
:10BEB800FF75C0F80815C3F84443C3F84855C3F8DC
:10BEC8000443C3F848219A60C0F804150C4B4FF49A
:10BED800003230BCC3F880211A607047034B02223D
:10BEE800C3F80423F2E71960D4E700BF001001414A
:10BEF80002000700D80E002100C0004100F00041F8
:10BF080000E100E0024B0122C3F80027704700BFA0
:10BF18000000084110B4114A002301244FF0FF30FB
:10BF28000F49C1F88031C2F8803054604FF4805412
:10BF3800C2F808030B480C4AC0F88041106838B1B1
:10BF48004FF48030C1F808031372C1F84031136010
:10BF5800064B002210BCC3F80027704700C0004100
:10BF68000010014100E100E0D80E00210000084166
:10BF780070B5604C2368002B40F0B2805E4B2260A5
:10BF8800994200F2B280420F5C4DC0F34F3343F642
:10BF9800095642EAC10103EB0143A5FB01125849C6
:10BFA800920B01FB12335749A5FB035343F608557F
:10BFB8009B0B43EA024201FB120048F237614FEA49
:10BFC800122C430B120601FB03F34F491B0C06FB13
:10BFD800130000FB01F1490D01EB432306FB01515E
:10BFE800B0EB512F4FF0000188BF0133D0184CF14E
:10BFF800000CEFF3108572B694F82060434A96BBA4
:10C00800D2F80435D2F8041109BB05334FF0000209
:10C01800A16942F1000225B962B694F82050002DBA
:10C0280038D14FF08075E1FB053298427CEB020273
:10C0380042D3010E20F07F4241EA0C21334B4FF4EA
:10C0480080306160C3F84025C3F8040370BDA3695C
:10C058000133A361C2F80461D2F80435D2F804119F
:10C068000029F4D1D1E7D2F804354FF6FF76D2F89B
:10C078004821B34228D0161E47F6FE7E18BF012677
:10C08800734588BF0026053341F10002A169314498
:10C09800002DC1D04FF48035E1FB053298427CEB8E
:10C0A800020209D3010C4FF6FF7382B241EA0C4138
:10C0B800002A08BF1A46C1E7FF232372144B4FF426
:10C0C8000032C3F8002170BD22B9A1690523002DF3
:10C0D800E0D1A1E70A460F4BA169002DDAD19BE711
:10C0E80040F2F921052000F0EBFB4FF49471052094
:10C0F80000F0E6FBD80E0021FF7F841E83DE1B4381
:10C10800000024F40080841E6F0C0100001001411F
:10C1180000E100E004000100064B1A684AB1064934
:10C128004FF48032C1F8082300221A72C1F8402166
:10C138001A607047D80E00210010014170B4EFF367
:10C14800108572B62C4C2D4A94F82000D2F804358C
:10C1580040B3D2F848014FF6FF72A669934245D022
:10C16800003843F60951C3F3080247F6FE7C18BFAE
:10C17800012001FB02F263454FEA532388BF0020E8
:10C1880002F5807201FB03F30021064403EB522001
:10C198001DB962B694F820301BB3194BE6FB0301B6
:10C1A80070BC7047D2F8041151B1A3690133A3617F
:10C1B800C2F80401D2F80435D2F804110029F4D1E8
:10C1C80043F60951C3F30802580AA66901FB02F3B2
:10C1D80001FB00F0002103F5807300EB5320002DD4
:10C1E800D7D0084BE6FB030170BC704700B1064886
:10C1F8000021002DD1D1CCE7D80E0021001001413B
:10C2080080841E000080841E61841E0030B5EFF318
:10C21800108572B62F4A92F8204044B32E4B4FF641
:10C22800FF70D3F80415D3F84831814290694BD098
:10C23800003B43F6095CC1F3080447F6FE7E18BFCD
:10C2480001230CFB04F471454FEA512188BF0023F8
:10C2580004F580740CFB01F1184401EB5423002110
:10C268001DB962B692F820401CB31C4C22E01A4952
:10C27800D1F80435D1F8040150B1936901339361C1
:10C28800C1F80441D1F80435D1F804010028F4D1EB
:10C29800C3F3080143F609545B0A906904FB01F1F2
:10C2A80004FB03F301F5807103EB51230021002DFA
:10C2B800D7D00B4CE0FB0431D2E90A02834291410A
:10C2C8002CBF0120002030BD03B1064B0021002DFA
:10C2D800CBD1C6E7D80E00210010014180841E0092
:10C2E8000080841E61841E002DE9F84F0020954EC1
:10C2F8000125954C7560C6F84005C6F84001C4F89C
:10C308000855D6F8043523F00303C6F80435D6F8E3
:10C31800083543F00303C6F80835102393FAA3F34E
:10C32800B3FA83F3092B00F30881C6F810354FF4EC
:10C338008052864B4FF6FF7CF56047F6FE7EC3F8C9
:10C3480080211A604FF00042814B7560F560C3F898
:10C358008021C6F880207F4A41E06745D3F848111C
:10C3680000F0C6800039D2F8188018BF012177453F
:10C3780088BF002141444FF00008B9F1000F00F0D8
:10C38800BF804FF48039E1FB0978C4F80455EFF316
:10C39800108972B692F82010D3F804A5002900F08D
:10C3A8008F80E245D3F848113AD00039D2F818B056
:10C3B80018BF0121F24588BF002159444FF0000BF6
:10C3C800B9F1000F34D04FF48039E1FB09ABC34514
:10C3D80008BFBA453CD0C4F808557560F560EFF35E
:10C3E800108972B692F82010D3F804750029B4D1D8
:10C3F800D3F8041141B991694FF00008B9F1000F61
:10C408007ED04FF08079BEE7916901319161C3F820
:10C418000401D3F80475D3F804110029F4D1EAE72C
:10C42800002978D18A469169D346B9F1000FCAD15B
:10C4380062B692F82090B9F1000F0CBF4FF08079E6
:10C448004FF48039E1FB09ABC34508BFBA45C2D1F7
:10C45800013743F60951C7F3080348F100083C0EB9
:10C46800C7F34E2701FB03F344EA082401FB07F056
:10C478004FEA186803F58073650100EB53204FEA13
:10C4880048132D1B43EAD46363EB0806AB01B101E3
:10C498005B1B41EA956161EB0601C90041EA5371F2
:10C4A800DB001B1948EB0108DC034FEAC83100190F
:10C4B80041EA5341906241F10001D162BDE8F88F31
:10C4C800D3F8041141B991694FF0000BB9F1000F8D
:10C4D800AED04FF0807978E7916901319161C3F866
:10C4E8000401D3F804A5D3F804110029F4D1EAE72C
:10C4F800D1B90F469169B846B9F1000F7FF441AF41
:10C5080062B692F82090B9F1000F0CBF4FF0807915
:10C518004FF4803937E79169E2464FF0000BB9F1E3
:10C52800000F7FF450AF83E7916967464FF000082A
:10C53800B9F1000F7FF425AFE2E740F29F310648DA
:10C5480000F0B4F900C0004100F0004100E100E053
:10C5580000100141D80E0021D0CC010110B5029C79
:10C56800201841F10001801A61EB0301B0F1004F7E
:10C5780071F1000100DA10BD40F2A931052000F088
:10C588009FF900BF70B4EFF3108572B62C4C2D4A9A
:10C5980094F82000D2F8043540B3D2F848014FF699
:10C5A800FF72A669934245D0003843F60951C3F398
:10C5B800080247F6FE7C18BF012001FB02F2634522
:10C5C8004FEA532388BF002002F5807201FB03F372
:10C5D8000021064403EB52201DB962B694F82030BE
:10C5E8001BB3194BE6FB030170BC7047D2F804116A
:10C5F80051B1A3690133A361C2F80401D2F804352B
:10C60800D2F804110029F4D143F60951C3F3080202
:10C61800580AA66901FB02F301FB00F0002103F5AB
:10C62800807300EB5320002DD7D0084BE6FB0301A5
:10C6380070BC704700B106480021002DD1D1CCE76D
:10C64800D80E00210010014180841E000080841E45
:10C6580061841E00024B0122C3F84423704700BFC7
:10C6680000100141024B0122C3F84823704700BF64
:10C678000010014108B5FEF72FF930B9074A136BCE
:10C688000133312B136304D808BD044B00221A630D
:10C6980008BD40F2F531052000F012F9D80E00214E
:10C6A80010B53F4C82B094F82030002B55D03D4B4C
:10C6B800D3F8042352035BD43A4B6168D3F80423BC
:10C6C800D00334D5D3F84031002B30D0A369994238
:10C6D8005DD800232372334A4FF48031C2F84031C9
:10C6E800C2F808132268002A55D0236090472D4BC2
:10C6F8002169D3F80423920324D5D3F844310BB32A
:10C70800A3698B423FD300222275264B4FF4003099
:10C71800E168C3F84421C3F8080300293BD08847DF
:10C72800204BD3F840310193019B02B010BDA269A0
:10C73800237A002BCDD19142D9D91A4B0022C3F8C4
:10C748004021D4E7A269237D002BDCD18A42E7D2BD
:10C75800144B0022C3F84421E2E7124AD2F804112C
:10C768000029A9D0C2F80431A3690133A361A3E762
:10C77800D3F84821002A9FD00022C3F84821A36992
:10C788000133A36198E7237D002BE1D0BBE7237A2F
:10C79800002BD2D09DE740F23741052000F090F8F9
:10C7A800D80E002100100141014B1879704700BFD5
:10C7B800100F0021044B1A79824283BF1B68602244
:10C7C80002FB003000207047100F0021BFF34F8F8D
:10C7D8000549064BCA6802F4E0621343CB60BFF315
:10C7E8004F8F00BFFDE700BF00ED00E00400FA0531
:10C7F800094B01225A604FF0FF32C3F808234FF467
:10C808000052064BC3F88020BFF34F8FBFF36F8FE2
:10C81800C3F88021704700BF00D0004100E100E06C
:10C82800094B01225A604FF0FF32C3F808234FF436
:10C838008032064BC3F88020BFF34F8FBFF36F8F52
:10C84800C3F88021704700BF0000014100E100E00B
:10C8580010B5134900230122124CC1F8FC3FC1F85E
:10C86800FC2FDA00013302F1FF7202F58032D2F8B0
:10C8780000032040884202BFD2F80003D2F8042304
:10C888000260202BEDD1084B4FF48072C3F8802052
:10C89800BFF34F8FBFF36F8FC3F8802110BD00BF68
:10C8A8000080004100F0FFFF00E100E008B572B62B
:10C8B800024B5B6803B19847FFF788FF180F002108
:10C8C8001FB572B6144B5C6894B9FFF77FFFB2FBD3
:10C8D800F6F22B465D1C002AF9D1DBB203F11005F4
:10C8E8006D4405F80C2C0A2233B901A8A047ECE7DF
:10C8F800024600230A26EDE7013BDBB203F11005EF
:10C908000DEB0506B0FBF2F502FB1500303006F81A
:10C918000C0C2846E8E700BF180F0021F8B51E4E9A
:10C9280005460C461746337893BB04F03DFD776007
:10C938003472FFF78DFFFFF773FFFFF759FF174BAF
:10C94800002D14BF28461846FDF7EEFF0546E8B946
:10C95800FFF758F9FDF7DAFF04F034FDFEF730F879
:10C9680018B9B8211120FFF7ABFF002C0CDB04F03D
:10C978001F0264090123A400934004F1604404F5F4
:10C988006144C4F880312360012333702846F8BD20
:10C998004FF0FF35FAE700BF180F002152CB010115
:10C9A800074B93F90830002B09DB5A09012103F0E2
:10C9B8001F03994002F14003024A42F823107047CE
:10C9C800180F002100E100E0014B1878704700BF04
:10C9D800180F002150B1074B03F1140253F8041B40
:10C9E800934240F8041BF9D1002070476FF01500FE
:10C9F800704700BF4CEC0101F0B5284D83B0284CBE
:10CA0800284F2E780136F6B2D5E84F3F0133DBB216
:10CA1800C5E8423F002AF7D101236360C4F800212A
:10CA2800C4F80421EFF3108272B6C4F80405236039
:10CA380052B962B608E0D4F804314BB92B789E425B
:10CA480006D13B69DB0613D4D4F80031002BF2D0B1
:10CA5800D4F80431002BD4D12A78B242D1D10322A0
:10CA6800C4F80031C4F80431C4F8082303B0F0BD99
:10CA78000D4B03214FF40052C4F80413C3F880216E
:10CA8800D4F80031002BDFD1D4F80431002BDBD1EE
:10CA9800019004F0D9FC0198D6E700BF210F0021CE
:10CAA80000D0004100ED00E000E100E070B5144660
:10CAB800DA078CB01D4686468C4633D5C3686E4669
:10CAC80042681BBA12BA0093CB6802921BBA4A6832
:10CAD800049312BA836806921BBA019303681BBABF
:10CAE80003938B681BBA05930B681BBA07933046F0
:10CAF800FFF782FFAB070DD5DDE90A10DDE9083243
:10CB080000BA09BA12BA1BBA20606160A260E36079
:10CB18000CB070BD08AD0FCD20606160A260E3600D
:10CB28000CB070BDDEF804106E46DEF80820DEF8A2
:10CB38000C30EE460068AEE80F00DCF80000DCF8C8
:10CB48000410DCF80820DCF80C30AEE80F00CEE763
:10CB580010B5002482B0CDE90044FFF7A7FF02B06A
:10CB680010BD00BF1A4B4FF4803270B5C3F8802057
:10CB7800BFF34F8FBFF36F8F164C0021164DC4F8CB
:10CB88000011C3F880212E692B6906F0100643F0C6
:10CB980010032B610123C4F804332360D4F8003157
:10CBA8009BB11EB92B6923F010032B610123D4F824
:10CBB80008054FF480326360C4F808330023C4F8D2
:10CBC8000031034BC3F8802170BD04F03DFCE5E75C
:10CBD80000E100E00000014100ED00E038B50B493C
:10CBE800042301EBC302157905F0FF042DB1013BC5
:10CBF800F7D240216920FFF763FE41F83300012195
:10CC08005471D8B29471117138BD00BF240F00213E
:10CC1800042808B503D947216920FFF751FE034BC3
:10CC2800002203EBC0031A7108BD00BF240F0021C6
:10CC3800042808B503D950216920FFF741FE094BA4
:10CC480003EBC0000379012B01D05121F4E74379AC
:10CC580082790133DBB29A4218BF4371BDE80840BC
:10CC6800FFF79EBE240F002138B505240F4D95F817
:10CC7800281005EBC1031A79012A09D158799A7944
:10CC8800904205D05A79D2B29A7155F83130984706
:10CC980095F82830013C0133DBB2052B28BF00236F
:10CCA80014F0FF0485F82830E1D138BD240F0021A5
:10CCB800914270B53ED2B2FA82F33BB1C3F120047F
:10CCC80099409A4020FA04F498402143160C1FFA20
:10CCD80082FE030C85B2B1FBF6FC06FB1C1424048F
:10CCE80004EB10400CFB0EF4844206D9241A94423B
:10CCF80094BF01240224ACEB040C03EB01430CFBAE
:10CD080012334FEA0C4CB3FBF6F006FB103300FB72
:10CD18000EFE05EB0345AE4509D9AEEB050E96456B
:10CD280094BF4FF0010E4FF0020EA0EB0E0040EA48
:10CD38000C0070BD73219620FFF7C2FD2DE9F84362
:10CD48001C4652EA040346D0804615460E4684B96E
:10CD5800914204D2FFF7ACFF2146BDE8F883214693
:10CD68003046FFF7A5FF04462A46404604FB1561F6
:10CD7800F0E70127B4FA84F907FA09F2F840A2FBB0
:10CD880005C340EAC170F94002FB0432FFF790FF87
:10CD9800C9F11F034FF0000C30FA03F308D13846ED
:10CDA8001946A845A641D8D218466146BDE8F88379
:10CDB8005A1E614618466CEB0C0C134605FB0CF723
:10CDC80002FB0477A5FB022EB8EB020277449046DB
:10CDD80066EB0706E5E7A6219620FFF771FD00BF81
:10CDE800431A934228D382B370B5541E052C2DD90B
:10CDF8005C1E84460B46022C28D922F003059608AF
:10CE08004C1953F804EBA3424CF804EBF9D1AA42AD
:10CE180000EB050CA2EB05040DD011F82620012C1F
:10CE280000F8262007D05A78022C8CF8012002D06E
:10CE38009B788CF8023070BD8B18024413F801CD32
:10CE4800994202F801CDF9D170477047013902447F
:10CE5800034611F8014F03F8014B9342F9D170BD15
:10CE680010F0030FC9B2034607D0BAB303F8011B89
:10CE780013F0030F02F1FF32F7D170B5032A01EB6B
:10CE8800012404EB04441ED9161FB508032E05F12E
:10CE9800010521D94FEA550E9C4603EBCE0ECCE98D
:10CEA80000440CF1080CF445F9D115F0010F04D039
:10CEB80025F0010503EB85052C6026F003060433F5
:10CEC80002F00302334432B1012A197003D0022A56
:10CED800597018BF997070BD1D46EDE7704700BFC7
:10CEE800094B0A4AC3F880210132C3F88421013270
:10CEF800C3F88C210132C3F890210132C3F8EC2128
:10CF08000132C3F89020704700800041040000807F
:10CF1800074B0022C3F88021C3F88421C3F88C2171
:10CF2800C3F89021C3F8EC21C3F89020704700BFE4
:10CF380000800041844641EA000313F0030359D1FD
:10CF4800403A33D3F0B4F0C9F0C0F0C9F0C0F0C92A
:10CF5800F0C0F0C9F0C0403AF5D2F0BC26E0403A43
:10CF680024D300BF0B6803604B6843608B68836001
:10CF7800CB68C3600B6903614B6943618B6983614B
:10CF8800CB69C3610B6A03624B6A43628B6A836233
:10CF9800CB6AC3620B6B03634B6B43638B6B83631B
:10CFA800CB6BC36340304031403ADBD230320BD3D5
:10CFB8000B6803604B6843608B688360CB68C36011
:10CFC80010301031103AF3D20C3205D351F8043B2B
:10CFD80040F8043B043AF9D2043208D0D2071CBF07
:10CFE80011F8013B00F8013B01D30B880380604630
:10CFF800704700BF082A13D38B07B0D010F0030383
:10D00800ADD0C3F10403D21ADB071CBF11F8013BF2
:10D0180000F8013BA3D331F8023B20F8023B9EE71E
:10D02800043AD9D3013A11F8013B00F8013BF9D28F
:10D038000B7803704B7843708B7883706046704729
:10D04800014B1B681B68184790000021014B1B68A7
:10D058005B68184790000021014B1B689B681847C4
:10D0680090000021014B1B681B69184790000021A4
:10D07800034B1868034BC01A18BF0120704700BF44
:10D088009000002190D000015714010163140101A0
:10D09800671401016F1401017314010108B5F3F756
:10D0A8007DFBF5F70DFEF3F7DBF9002008BDFFF770
:10D0B80091BCF5F793BD01F080BD01F081BD01F091
:10D0C80082BD01F077BD10B586B0044601A8FFF710
:10D0D80081FC02230020237003236070A3709DF855
:10D0E8000430E0706371BDF805302071E380DDF82D
:10D0F8000730A36006B010BD01F073B870B50446E0
:10D10800FBF7A0FB012805461AD1601CFBF7A2FB20
:10D11800B0B1A3790020E61D63F03F03A371F6F7D1
:10D1280043F838B1102200213046FFF799FE00205D
:10D13800257070BD3046FBF7A5FB0028F2D0F6E756
:10D148000025F4E710B5044610220021FFF788FEF9
:10D1580004F11003102200211846FFF781FEFBF7A7
:10D16800AFFB0020F6F720F820B12046FBF78AFB3A
:10D17800002010BDFBF766FB0028F6D0F8E710B5D5
:10D188000446FFF7EFFCB0F5007F09DA10F5007FE1
:10D1980008DD031EB8BF03339B100020237010BDA9
:10D1A8007F23FAE76FF07E03F7E78178008801F0C4
:10D1B800A5BC37B505460C4600880DF1060101F0FF
:10D1C80017F92B882380BDF80630638003B030BD83
:10D1D80038B505460C46F3F7F5FA30B13E2D04D1C3
:10D1E8002046BDE83840F3F731BB38BD37B50446B3
:10D1F8002046F6F72BFC022805460FD004280DD14F
:10D2080023788A2B0DD0942B21D0204600F038F8B3
:10D21800A1782078FFF7DCFF0028E9D0284603B082
:10D2280030BD05213E20FFF7D3FF0028EDD1E3787C
:10D2380001A92279684643EA0223ADF8003001F0DB
:10D24800DBFB0028D4D053210820F3F7CDF81A21AE
:10D258003E20FFF7BDFF0028D7D163796946A27940
:10D2680001A843EA0223ADF8043011238DF80630F3
:10D27800F5F7ACFC0028BBD06521E5E702F00DBB53
:10D2880010B503780446813B1A2B35D8DFE803F044
:10D29800353B474B556D730E6741818761777B8DB1
:10D2A8009BB5C0CEE0E6ECF234DAD4002920F3F7DF
:10D2B800CDFA30B13E232370222363702923A37053
:10D2C8001AE00A20F3F7C2FA3E23237018B11F238D
:10D2D80063700A23F3E70123A37013236370E379D0
:10D2E80003F00103E371D4F81A30C4F80E30E38B6D
:10D2F800638294F82030237510BD3E230370042305
:10D3080043701423DBE73E2303700A23437003238F
:10D31800D5E73E2303700D2343700523CFE705238C
:10D328002370042307E05A20F3F74CFA0823002857
:10D33800F6D05A2222706370DEE75B20F3F742FAD8
:10D3480018B15B2323700623F5E7302323700323EA
:10D35800F1E73E2303700B2343700723AFE73E2317
:10D368000370062343700C23A9E713230370837803
:10D378009B000133DFE7572303700223DBE73E23DB
:10D3880003700D239BE73E23037001234370112391
:10D3980095E73E2303700623437012238FE73E234D
:10D3A800037009234370132389E73E230370242065
:10D3B800F3F74CFA18B12423A3701423BBE70E2308
:10D3C800A3701023B7E73E2303702520F3F73EFA36
:10D3D800227B20B125230B32A37062708CE70F23C8
:10D3E80004F10B0104F10800A37002F108030232F2
:10D3F8006370BDE81040FFF7F3BC3E23037026209E
:10D40800F3F724FA18230028D6D02622A27092E730
:10D418003E2303702A20F3F719FA18B12B236370FF
:10D428002A234CE71D236370192348E73E23037022
:10D43800072343701A2342E7FF2303700D23437029
:10D4480080233CE7FF23037029234370812336E7B9
:10D458003E2303700C234370232330E73E230370DD
:10D468000E23437037232AE73E2303700A234370B1
:10D47800352324E73E230370FE2343702B231EE746
:10D4880008B510B96FF0150008BDFFF7F7FE0028C2
:10D49800F8D00020F8E710B50C4648B141B1FFF7C5
:10D4A800A5FE002820700CBF6FF02200002010BDE0
:10D4B8006FF01500FBE7F8B5941C0E4605461746B5
:10D4C8000C446343B3F5004FA8BF4FF0FF3310F08F
:10D4D80003019CB203D0B0211420F2F785FFB4F504
:10D4E800004F01D9B121F7E714220430FFF7B8FC47
:10D4F800EF746C802E80F8BD38B50388C4888B42E1
:10D508000589C4F30E0203D2D1211420F2F76CFF6F
:10D5180084EA0503C3F30E030BB9AC4206D102F14A
:10D5280018030122C1528274184438BD1846FCE71A
:10D53800023101444A43B2F5004FA8BF4FF0FF3211
:10D5480090B21B3020F00300B0F5004F34BF00B29A
:10D558004FF0FF30704740881B3020F00300B0F5D3
:10D56800004F34BF00B24FF0FF3080B2704738B57B
:10D5780003888B4203D2F7211420F2F735FF857C0C
:10D5880065B1C388C3F30E031833C25A8A4207D35E
:10D59800C152811DF3F76AF900238374284638BD08
:10D5A8000025FBE703461830F0B59E88DD88B4B245
:10D5B800C6F30E06A54214D05F89DD7C845B3D442A
:10D5C800E41B0235A4B2354428440D88A54284BF23
:10D5D8000C8025465989B1FA81F149091170DD811C
:10D5E800F0BD00252846FAE7F8B582880026C389E9
:10D5F80004460D4692B20E60CBB14189C2F30E02C9
:10D608000B4418329BB28718825A4381934204D93B
:10D618004FF4A2711420F2F7E7FE04D1011DF3F7CD
:10D6280025F946812F6000230120E381F8BD1846C3
:10D63800FCE78388014602899BB29A4202D00831EE
:10D64800F3F714B970478388C0889BB2C31A58424D
:10D6580058417047828873B595B2C488C2F30E02E8
:10D66800AC4202F1180212D04189C689835A31446A
:10D6780099420EDB0DF10601ADF80650F3F7F6F806
:10D68800BDF80600001B18BF012002B070BD0020C5
:10D69800FBE70120F9E770B5C4880346068918300E
:10D6A800C4F30E0584EA0602C2F30E020AB9B442B4
:10D6B8000FD19C891A880CB1465B921B914207DCFA
:10D6C800DA7C2C440232224410440A461A8270BD85
:10D6D80000221046FAE7F8B5038A002B38D08B42AF
:10D6E80036D3C48800F118038589C4F30E041E19C3
:10D6F80095B91D55757085891E5B0D443144ADB2D1
:10D7080085811953D2B1811DF3F7B0F800238381C5
:10D71800002303820120F8BD1E5BAE4204D04FF403
:10D72800F6711420F2F760FEC57C2644878A02351C
:10D7380035445E195F53857DB570DCE7C27C2544AE
:10D7480002322A4499189B5A83828B788375DFE7C3
:10D758000020E0E78388C2889BB29A4206D04289BB
:10D7680022B9C3F30E0318331844704700207047DA
:10D77800C37C0233C8187047C37C0233C81A704789
:10D788000230704738B58388C2889BB29A4207D066
:10D7980045892DB9011DF3F769F8C581012038BD08
:10D7A8000020FCE703881380C388C3F30E031833F3
:10D7B800034480890B6070470368002223B9C0E9DD
:10D7C8000132031D0360704759681B680A44F5E776
:10D7D8000729034670B504D84FF4EC711520F2F709
:10D7E80003FE0068C0B1446806461A688C4210D02F
:10D7F800106860B901F10805AC420DD35468505067
:10D808001868651A541800686560505002E013469D
:10D81800E9E7146830461C6070BD0023C1E9003296
:10D8280003680B600160704730B590B18478B1FB34
:10D83800F4F304FB131300EB430252898A4201D12B
:10D84800D8B230BDC27822B900F10803D0B2844200
:10D8580001D8FF20F5E733F8025F01328D42F5D198
:10D86800EFE78278038805324B4303EB4203184401
:10D87800704737B500240546CDE900448DF8060009
:10D888006846ADF80440F3F7DBF9BDF8044008B189
:10D8980003B030BD29462046F3F7AEF90028EFD093
:10D8A80040F235211720F2F79FFD70B51E460D4650
:10D8B8000921FFF73DFE0446324609212846FFF7B5
:10D8C80037FE40EA04031B0454BF00194FF0FF3031
:10D8D80070BDD31D23F0070370B5083390B110F065
:10D8E800070403D058212220F2F77EFD04604FF68A
:10D8F800FF75C28000F108040A468180013A92B29D
:10D90800AA4203D103FB01F0083070BD0668266007
:10D9180004601C44F2E7012303707047F8B50C4615
:10D92800054611461E4684F001046400E4B2FF2354
:10D93800837003191B7D012B05D00134E4B2031950
:10D948001B7D012B0AD105EB44073B8B3A8C9819B8
:10D95800904205DD00232C443B8323750020F8BD4D
:10D9680005EB8404324660681844FFF7E3FA3B8B02
:10D978001E443E830023AB700120F0E781F00101D3
:10D98800490010B5C9B2FF23837043181C7D012CD0
:10D9980007D10C3120F8112002221A750023837058
:10D9A80010BD0131C9B243181C7D012CF1D04FF4D0
:10D9B80099710920F2F718FD024630B5837803F013
:10D9C800FF00F3B9137D022B19D0537D022B15D11B
:10D9D8000346012089B10024D5180C332C7522F890
:10D9E8001340131803241C7502EB80035B680B605B
:10D9F80000F10C0332F813308B80012030BD012375
:10DA0800E8E70020FAE7034630B5827802F0FF0025
:10DA1800E2B99A7D022A17D0DC7D022C13D10322A9
:10DA280081B11D1900200C34287523F814009818AA
:10DA38000324047503EB82000C32406833F812307B
:10DA480008608B80012030BD0324E9E70020FAE755
:10DA5800037D012B01D1008B7047437D012B0CBF47
:10DA6800408B00207047837D012B01D1808B70474C
:10DA7800C37D012B0CBFC08B00207047038B23B9DB
:10DA8800408B003818BF0120704701207047838BF6
:10DA980023B9C08B003818BF012070470120704798
:10DAA800027D022A01D1008B7047437D022B01D1F0
:10DAB800408B7047032AF6D0032BF9D0002070471B
:10DAC800827D022A01D1808B7047C37D022B01D150
:10DAD800C08B7047032AF6D0032BF9D0002070477B
:10DAE8002DE9F0410646069898460D46430711462B
:10DAF8009DF81C7002D010F0030003D025214C20A3
:10DB0800F2F772FC4FF48B72FFF7E3FE002F06ABBF
:10DB1800044600FB08F114BF00201846F2F7C8FEBF
:10DB280017B9069B33602C60BDE8F081F3F758BA4B
:10DB380000F0FD00003818BF012070472DE9F041C2
:10DB48001646B0F86A70B0F86C5071B303F074FB05
:10DB58000446022101F0D3FA80460221204601F052
:10DB6800CEFA474528BF4746BFB21B2F38BF1B27F1
:10DB7800FB2F28BFFB27854228BF05467780ADB21B
:10DB88001B2D38BF1B25FB2D28BFFB25B4F5A47F13
:10DB980038BF4FF4A474F580B4F5296F28BF4FF44B
:10DBA8002964B4803481BDE8F08102F0E7FCCFE756
:10DBB80013B501210020F3F709F8044688B90121BB
:10DBC8000846F3F703F80446C0B90023CDE900334B
:10DBD80003238DF806306846F3F732F8C8B1002001
:10DBE8000AE0A830F4F734FA0028E8D02046F4F721
:10DBF800EFF90028E3D0012002B010BDA830F4F7F7
:10DC080027FA0028E1D02046F4F7E2F90028DCD012
:10DC1800F1E7009C204602F085FD0028DBD0204675
:10DC280002F05DFF0028D6D0E5E713B501210020FA
:10DC3800F2F7CCFFC0B901210846F2F7C7FFF8B9DF
:10DC480002F05AFDA0B906236C46019000908DF8A9
:10DC580006302046F2F7F4FFC0B10023009363605A
:10DC680007238DF806301FE0A830F4F7F1F910B15A
:10DC7800012002B010BDF4F7C7F90028DBD0F7E7A0
:10DC8800A830F4F7E5F90028DAD0F1E70098403039
:10DC980002F042FB0028DCD0EAE7009B586F5030C6
:10DCA80002F03AFB0028E4D12046F2F7C9FF002829
:10DCB800F3D00020DDE71FB5002240F6881303A942
:10DCC8000092FCF787FA05B05DF804FB10B504462E
:10DCD80038B1F5F763F824EA0000B0FA80F040099B
:10DCE80010BD0120FCE770B505460C4602F01AFD90
:10DCF800F0B9284602F053FED0B904212046F2F7C5
:10DD080065FF064678B906212046F2F75FFF05460B
:10DD180080B903212046F2F76FFF88B141F6CE01A2
:10DD28003920F2F761FB403002F0F6FA0028EAD019
:10DD38000C2010E0403002F0EFFA0028E9D0F7E7B5
:10DD48003EB104212046F2F757FF10B141F6D50144
:10DD5800E6E70DB9002070BD06212046F2F74CFF1A
:10DD68000028F7D041F6DC01DAE738B50D4604465D
:10DD7800F3F766F8A84212D3204602F0F4FF08B180
:10DD88001F2D0ED8204602F061FE60B129462046BC
:10DD980002F087FE00280CBF4520002038BD072070
:10DDA800FCE71220FAE74220F8E738B5044602F00B
:10DDB8004DFED8B1204602F0B5FC08B9002038BDA8
:10DDC800204602F0ABFB0546204602F0AAFB78B9D4
:10DDD800002DF3D00221B5F8AA00F2F70DFF0028B4
:10DDE800ECD041F6D8213920F2F7FEFA4220E6E7D6
:10DDF8000C20E4E7F0B587B00546008802A901F0D9
:10DE0800E4F9044600287CD1029B93F86A21029E1B
:10DE1800D11E4A424A418DF8062096F8A820002AC9
:10DE280072D1DA7B222A72D19DF8062082F0010293
:10DE380093F866308DF807209B0603D49DF80730C9
:10DE4800002B68D0EB881B3B9BB2E02B65D8298957
:10DE580044F24810A1F5A4739BB283425DD86B8845
:10DE68001B3B9BB2E02B58D8AA88A2F5A4739BB29F
:10DE7800834252D8B1F5296F51D8B2F5296F4ED8DF
:10DE8800FF2786F82F719DF80630002B41D1029BA1
:10DE980003AA06F1A80093F8A810B1FA81F149097C
:10DEA800FFF74CFE6A88BDF8123040F64800BDF80E
:10DEB80014109342B5F806C028BF13468142AA88B9
:10DEC800A6F8343128BF0146BDF80E30634528BF97
:10DED8006346A6F83031BDF81030834228BF0346A8
:10DEE8002889834228BF03468A42A6F8323113465E
:10DEF80028BF0B46A6F8363186F82E71002386F81F
:10DF08002F31204607B0F0BD1A6892068CD42246FD
:10DF18008EE73A24F2E71A24F3E71224F1E71124F2
:10DF2800EFE710B5044602F0E7FB58B901210020DD
:10DF3800F2F74CFED0B901210846F2F747FED8B9EE
:10DF4800012009E0F4F7E2FE68B1F4F79BF9044612
:10DF580002F0F2FE08B1002010BD204602F0E8FEF3
:10DF68000028E3D0F7E7002CE0D1F4E7A830F4F775
:10DF78006FF80028DFD0EEE7A830F4F769F880F0F2
:10DF88000100C0B2E8E7006890F8A8303BB190F80B
:10DF9800E23123B1002380F8E231F7F739BA70474C
:10DFA80010B50446F6F724FC2070002010BD10B50B
:10DFB800FFF7FEFD044630B9F6F714FC2046F5F7E6
:10DFC80067FA204610BD0C20FCE710B5037804461C
:10DFD800012B01D9122010BDFFF727FE60B9207868
:10DFE800FFF7A6FD01280DD004F11703E21D611CFF
:10DFF800BDE81040F5F752BAF5F7E2FA0028EED07E
:10E008000C20E8E7A37903F0C003C02BE2D1EBE7CB
:10E0180010B503780446012B0AD8FFF706FE48B965
:10E02800214611F8010BFFF783FD00F0F5FF38B921
:10E03800122010BDF5F7C4FA0028F1D00C20F8E73B
:10E048000020F6E710B50446FFF7B2FD90B9207836
:10E05800012803D9FF2809D0122010BD611CFFF741
:10E0680067FDF6F7CBFB38B10020F6E70120F5F79E
:10E078000FFAF9E70C20F0E70720EEE710B50446A1
:10E08800FFF796FD98B92378012B03D9FF2B0BD006
:10E09800122008E01846611CFFF74AFDF6F7DAFB84
:10E0A8000028F5D0002010BDF5F7F2F9FAE70C20AA
:10E0B800F9E708B50088F5F789FA00280CBF302081
:10E0C800002008BD38B50546FFF7AFFD044638B94E
:10E0D8002878003818BF0120F5F76CFA204638BDBB
:10E0E8000C20FCE708B5FFF7A0FD18B9F5F752FAC0
:10E0F800002008BDF5F764FA0028F7D00C20F8E7EF
:10E10800082303700020704711224FF40253027055
:10E11800C2705922A0F801308280C3800020704765
:10E12800082108B5F2F792FF002008BD73B506462E
:10E1380000880C46088001A980B201F046F805461F
:10E1480040B9B3784BB9019B93F92801A070FAF74D
:10E1580015FAA070284602B070BD7F20FFF7ABFD0E
:10E16800F4E710B504466FF07F00FFF7A4FDFAF757
:10E1780005FA20707F20FFF79EFDFAF7FFF960701F
:10E18800002010BD10B50446FAF73AFA00EB8003F8
:10E198005B002380FAF73AFA00EB800300205B006B
:10E1A800638010BD10B50446F4F76CF802F0BDFDAD
:10E1B800FAF7E4F92070002010BD0A4600F11001BA
:10E1C80008B50723FEF7C4FC002008BD10B50146BA
:10E1D80004460020F4F7CEFF08B92060A080002094
:10E1E80010BD10B50446F4F765FD28B90020214696
:10E1F800F4F7A8FF002010BD0020FFF792FE0028CA
:10E20800F4D10C20F7E710B504460120FFF789FE8A
:10E2180028B101202146F4F795FF002010BD0C20FD
:10E22800FCE737B500880C460D4601A924F8020B17
:10E2380080B200F0CAFF70B9019B03F1180283F89D
:10E248004F00116821601179217193F84F1000294E
:10E25800F5D103B030BD0023C5F802302371F8E7CB
:10E26800FFF7C8BD1FB502880A8044F29021838851
:10E278008B4215D8B3F5296FADF80420428801A860
:10E2880028BF4FF42963ADF80620ADF80830ADF883
:10E298000A20ADF80C30FFF7ADFD05B05DF804FBC2
:10E2A8001220FAE737B508800D4601A900F08DFF66
:10E2B800044640B901982A4610F8A81FB1FA81F11E
:10E2C8004909FFF73BFC204603B030BD03466FF019
:10E2D8006F0100200A2210B56FF00404587099707D
:10E2E8001C70DA701C7158719971DA7110BD10B513
:10E2F8000446FFF79AFC58B92078611CFFF718FC10
:10E30800E279F5F727FA80F001004000C0B210BDAD
:10E31800F5F756F90028EFD00C20F8E773B5008818
:10E328000D46088001A980B200F04FFF044680B96D
:10E33800019E86F8224196F82001F3F755FFA87050
:10E3480096F82101F3F750FFE87096F82231002B78
:10E35800EFD1204602B070BD1FB5044603A900885E
:10E3680000F033FF38B9A388022B14D8E078FFF700
:10E37800ADFC10B9112004B010BDA078FFF7A6FCC1
:10E388000028F7D0012303A80093A388E278A17896
:10E39800F4F732FDEFE71220EDE737B58378C1785F
:10E3A80003F00104027903F0020351EA04051DD0C9
:10E3B80052EA03051AD0002C18BF0021002B03785D
:10E3C80018BF00228DF802108DF80320427843EA26
:10E3D8000223ADF8003043798279684643EA022384
:10E3E800ADF80430FFF7B8FF03B030BD1120FBE7EC
:10E3F80013B50C4601A900F0E8FE28B9019B93F873
:10E40800A820DB8812B9238002B010BD0133FAE7D7
:10E4180013B5044600F023FE00284DD02046FF2403
:10E42800F5F714FA0023CDE900336846F2F708FC43
:10E4380048B300244FF44033CDE90043FF24684635
:10E44800F2F7FEFB18B300204FF48023FF24CDE938
:10E4580000036846F2F7F4FBE8B100214FF4C0234B
:10E46800FF24CDE900136846F2F7EAFBB8B10022B1
:10E478004FF42023CDE900236846F2F7E1FB90B181
:10E48800002002B010BD009B83F83542CDE7009B09
:10E4980083F88A40D3E7009B83F83440D9E7009B90
:10E4A80083F83440DFE7009B93F83820032AE3D150
:10E4B800FF2283F82220DFE71220E2E707B5008871
:10E4C80001A900F0A4FE30B9019B93F83F2112B9CD
:10E4D800FF2283F83F2103B05DF804FB10B5044622
:10E4E800F4F752FC20600020616010BDF0B50446CE
:10E4F80089B000200E4604F11807F4F701FC234602
:10E508006A461868083353F8041C1546BB4203C50D
:10E518002A46F6D119889B782980AB7000238DF89C
:10E528001B308DF81C30637E042B10D8A37E042B7F
:10E538000DD8237D022B0AD0637803F01803082B2B
:10E5480005D031466846F4F7C3F909B0F0BD12208A
:10E55800FBE7F0B5044689B000200E4604F1180721
:10E56800F4F7CEFB23466A461868083353F8041CB0
:10E578001546BB4203C52A46F6D11B782B700023EB
:10E588008DF81930ADF81A308DF81C30237D022B28
:10E598000AD0637803F01803082B05D03146684683
:10E5A800F4F796F909B0F0BD1220FBE710B5032186
:10E5B80004460078F2F70AFB20B12178BDE8104044
:10E5C800FFF791BB422010BD13B500200024F4F7DB
:10E5D80097FB0323CDE900448DF806306846F2F72F
:10E5E8002FFB10B1204602B010BDBDF804100098F2
:10E5F800FFF779FB002818BF0C24EFE72DE9F74354
:10E608000646477803210078F2F7E0FA0446002826
:10E6180052D002F0A8FB042F054696F8039004D1C7
:10E62800B9F1000F4ED0122013E0E06CFFF710FA9A
:10E63800F37800EB09081FFA88F86BB9204602F056
:10E6480051FB80450ED9204602F08DFB0028EAD107
:10E65800072003B0BDE8F083204602F055FB0028F0
:10E66800ECD1E0E741462046FFF77FFB0028F0D1D8
:10E67800FB1E012B22D9B9F1000FD4D0002DD2D125
:10E68800012F04D10222E16C6846F2F7F1FB4B46F8
:10E6980072680121E06CFFF741F90028D8D0023FE9
:10E6A800012F07D8E06CFFF7D3F901210246E06C8F
:10E6B800FFF764F90020CCE74220CAE785F00102A1
:10E6C800D2B2E0E70028AED1204602F02BF80028AD
:10E6D800A9D0E06CFFF7D2F90028A4D0204602F0B8
:10E6E8006EFBE7E737B50446F3F7CCFD054623781C
:10E6F8001F2B18D8C16C04226846F2F7B9FB2246D2
:10E708000021E86C12F8013BFFF708F968B1EC6CDE
:10E718002046FFF7A8F9002102462046FFF72EF908
:10E72800002003B030BD1220FBE70720F9E72DE9F0
:10E73800F7430746467890F8039003210078F2F7EC
:10E7480045FA044600284FD0F4F7E0FA30B12046E5
:10E7580002F0F2FA002808BF4FF00009E06CFFF75A
:10E7680082F9FB7800EB09081FFA88F84BB9414693
:10E778002046FFF7FAFA054650B1284603B0BDE82F
:10E78800F083204602F0D8FA0028F0D11225F4E7E9
:10E79800042EFBD0032E0CD1204602F0E4FA08BB6D
:10E7A800012E14BF05220622E16C6846F2F760FBD1
:10E7B80008E0B9F1000FE9D0204601F0B3FFA8B98D
:10E7C800012EE9D04B467A680021E06CFFF7A6F8E5
:10E7D80070B1023E012ED0D842460021E06CFFF70E
:10E7E800CDF8CAE70422DFE74225C6E70C25C4E7CF
:10E7F8000725C2E713B504460020F4F781FAE37849
:10E80800FB2B13D82278043468468DF803308DF832
:10E81800002014F8022C8DF8022014F8032C01941F
:10E828008DF80120FFF783FF02B010BD1220FBE72F
:10E8380010B504460020F4F763FAF2F701FB2080D4
:10E84800002010BD10B504460020F4F759FA032043
:10E85800F2F73EF92070002010BD73B50446002081
:10E86800F4F74EFA63787BBB23783BBB01936C4685
:10E87800009303238DF806302046F2F7E1F9D0B96A
:10E888000098FFF792FA0028F6D018E09E000321BE
:10E8980004EB83039878F2F799F9B8B12378012B40
:10E8A8000BD1B11C2144F3F7FBFD013538B962786F
:10E8B800EBB29A42EAD8002001E013B1122002B06C
:10E8C80070BDFFF772FAF0E70025F0E74220F6E79F
:10E8D80038B5032105460078F2F778F90446A0B167
:10E8E80001F020FF28B92046691C02F0FDF800203D
:10E8F80038BD204602F020FA08B10C20F8E720467F
:10E9080002F016FA0028EED0F7E74220F0E737B514
:10E918000446F3F7B7FC054623781F2B18D8C16CBB
:10E9280000226846F2F7A4FA22460121E86C12F8A0
:10E93800013BFEF7F3FF68B1EC6C2046FFF788F85F
:10E94800012102462046FFF719F8002003B030BD28
:10E958001220FBE70720F9E713B504460020F4F777
:10E96800CFF9E378FB2B13D82278043468468DF866
:10E9780003308DF8002014F8022C8DF8022014F8CA
:10E98800032C01948DF80120FFF738FE02B010BD6A
:10E998001220FBE773B505460026F3F773FC04461F
:10E9A8008DF8046002F0CCF92B78C0018DF807606F
:10E9B800012BADF8050005D101A92046F3F770FD3C
:10E9C80002B070BD2BB9204602B0BDE87040FFF719
:10E9D800ECB91220F4E710B5044634F8020B0880AD
:10E9E800022180B2F2F7F2F820B12146BDE81040CA
:10E9F80002F0F0BB022010BD008808B50880022193
:10EA080080B2F2F7E3F820B10021BDE8084002F037
:10EA1800E1BB022008BD37B5044600880D460880D2
:10EA2800092180B2F2F7D2F810B10C2003B030BD42
:10EA38000B212088F2F7CAF80028F6D10C2120888B
:10EA4800F2F7C4F80028F0D101A9208800F0BDFB36
:10EA58000028EBD1019B9B8F6B80E7E737B5044615
:10EA680000880880092180B2F2F7B0F810B10C20B4
:10EA780003B030BD0B212088F2F7A8F80028F6D1A2
:10EA88000C212088F2F7A2F80028F0D163880BB98E
:10EA98001220EDE701A9208800F097FB0028E7D1B4
:10EAA800658842F21072019BA9B2D3F8C84051435D
:10EAB800B3F8DE206243B3F8D04004FB022291424F
:10EAC800E6D3D3F8C820D3F8C8409442F9D100223D
:10EAD8009D875A63621E0A44B2FBF4F29A63C7E741
:10EAE80013B500880C46088001A980B200F06DFBC0
:10EAF80010B9019BDB7AA37002B010BD10B50C46AB
:10EB08000221F2F763F890B1022C12D804F0010246
:10EB1800C4F3400480F8E42180F8E34112B190F88E
:10EB2800E2310BB9002010BDF6F772FCFAE70220BB
:10EB3800F9E71220F7E710B504460078FF280AD055
:10EB48000321F2F743F858B16378A27843EA022325
:10EB5800C384002010BDB4F80100F6F77BFDF8E788
:10EB68004220F7E710B504460078003818BF0120A6
:10EB7800F9F7F8FC2078003818BF0120F6F734FCC4
:10EB8800002010BD10B50446F4F7C0F850B1F3F7F3
:10EB980079FB6178C1F3400201F0010102F013F939
:10EBA800002010BD03212078F2F710F80028F0D1DA
:10EBB8004220F6E70620F4F7AFB80820F4F7ACB81F
:10EBC8000B20F4F7A9B802F035BB10B5044604B918
:10EBD80010BD236898476468F9E703680BB90160BA
:10EBE80070471A465B6813B18A42FAD170478A4265
:10EBF80018BF5160704708B5F8F7D8F8F6F7E8FB82
:10EC0800BDE80840F8F7BAB808B5F6F7AFFBF8F76B
:10EC1800A5F820B140F263119320F1F7E5FB03203A
:10EC2800BDE80840FEF725BE08B50220FEF721FE24
:10EC38000020FEF71EFEF2F78DF8F4F73DFAF3F721
:10EC480049F820B140F243119320F1F7CDFB08BDFC
:10EC5800FFF7EABF08B5FFF7D7FFF8F77BFE20B14B
:10EC68004FF4BC719320F1F7BFFB08BD08B500F065
:10EC7800A5F9F3F70FF80220FEF7FBFD0020BDE829
:10EC88000840FEF7F6BDFBF72DBE0B46892203F8B8
:10EC9800032BD0F80920C1F80320427B1A71704772
:10ECA80038B50D460446F4F779F82B78002B08BFE1
:10ECB800034684F874306B78002B08BF034684F849
:10ECC80075306B88A4F8763038BD37B58B78054633
:10ECD800046803F0070384F819314B7803F007033D
:10ECE80084F818312623E37394F8393113BB94F868
:10ECF8003831012B1ED094F8213194F81821D91EEF
:10ED0800012998BF04239A42B4F81E3118D194F807
:10ED1800202194F81901D11E0129B4F81C1198BFBB
:10ED2800042290420CD10222A4F83A11A4F83C31F2
:10ED380084F83821284603B0BDE8304000F0D3BF3E
:10ED4800022094F81D2194F81C1100902846F4F72D
:10ED580053F80028EED04FF46671AE20F1F744FB6B
:10ED680038B5036804460D4693F83831012B02D1B3
:10ED78001E21F4F7BBF82368002083F8380165B139
:10ED8800182283F8992009229A7393F84E3093B980
:10ED980040F25B41AE20F1F727FBDA7B243A072AE1
:10EDA80003D82046DD7300F0B0FF20461821BDE8E7
:10EDB800384000F0DABF38BD08B503689A7B22B145
:10EDC8004FF4E671AE20F1F70FFB24229A7308BDC9
:10EDD800034610F0010007D19A0704D413F0040089
:10EDE80018BF03207047022070472DE9F34B1646E1
:10EDF800054610461F4646EA0104FFF7E9FF834629
:10EE08000846FFF7E5FF89464BEA0404DDF8288049
:10EE180001900443E4B2003C18BF0124F3F7BEFF9D
:10EE2800064018BF5E46F3F7B9FF95F8202110EAAF
:10EE38000901019B18BF1946B24214BF334600238B
:10EE480088F8003095F821218A4208BF00210B4339
:10EE580088F801100AD1EB88013FFF1A47F6FD73C5
:10EE6800BFB29F428CBF002404F00104C6B995F8D4
:10EE78002001F3F7C9F903280ED195F83831012B91
:10EE88000AD1B5F83C2195F82031012A0AD1042B82
:10EE98000AD0042388F80030204602B0BDE8F08B81
:10EEA800032EE9E7032BF7D00323F3E7032906D161
:10EEB80001280AD1042101205180138070470429B8
:10EEC80003D1012801D00321F5E70020704701286C
:10EED80007D0022805D0033801288CBF0020012064
:10EEE800800070472DE9F0410C6805460F4694F8FC
:10EEF8003A22D31E012B2DD894F82031D91E01298E
:10EF080028D8D31A18BF012394F83B02FFF7DFFF74
:10EF180006460BBB1046FFF7DAFF804694F89F3091
:10EF28006BB948EA060313F0FF0306D0204600F049
:10EF38002DFF3B68DB8803449BB2A4F83832B4F851
:10EF480038320520AE70EB701B0A85F801802B71F2
:10EF5800BDE8F0810023D7E74FF00008DEE770B581
:10EF6800056802460B46EC7BA4F12406072E15D94A
:10EF780094B9AD7B292D11D04D786E0706D08D78C8
:10EF88006D0703D0FFF7A1FE204670BD1978104623
:10EF9800BDE8704000F0E9BE0124F5E72024F3E75E
:10EFA80008B50368DA7B262A05D022B140F2D3518E
:10EFB800AE20F1F719FA2722DA7308BDF4F77CB806
:10EFC800704730B542401C7808785D7860404C78CE
:10EFD8006C409D7820448C786C40DD782044CC7857
:10EFE8006C401D795B7920440C7949796C404B4021
:10EFF800204418441044B0FA80F0400930BD02465D
:10F0080000200139C9B2FF2900D17047535C83F051
:10F0180001030344D8B2F4E708B5F4F7D1F8082897
:10F0280007D0F4F7EFF8082803D0F4F7FFF8012029
:10F0380008BD0020FCE708B5F4F7C2F8082803D09B
:10F04800BDE80840F4F7DEB808BD08B5F9F75AFB83
:10F0580018B1BDE80840F9F787BB082008BD70B5AE
:10F0680003791F2B0FD8461E051D002416F8010F23
:10F0780000F020FE0444AE42E4B2F7D1012C94BF64
:10F088000020012070BD0020FCE7014400238842D5
:10F0980003D1B3FA83F04009704710F8012B1343EA
:10F0A800F5E7F8B505460C46D0E90476FCF742FECC
:10F0B80018B952212920F1F797F9E4B1D5E90423C9
:10F0C800D21B63EB0603012A73F100014FF0000124
:10F0D80013DB6FF001009042994101DA5C21E9E706
:10F0E800631E1344B3FBF4F35C43E41946F10006D2
:10F0F800C5E904461C462046F8BD0C46FBE7022934
:10F1080005D13C281AD980100F3880B27047CB1E21
:10F11800012B0ED804290BBF96234FF41673102227
:10F12800402203F5BC73984208D9C01A90FBF2F04C
:10F13800EBE7702802D9C0100E38E6E700207047C8
:10F14800022908B5034614D005D8012909D0E721BA
:10F158002920F1F749F903390129F8D840F6A660C2
:10F1680008BD40F6C41040F2E242002B08BF10462A
:10F17800F6E740F6C410F3E7801AA03810B58842C5
:10F18800029C94BF091A491A2268012902EB51020C
:10F1980094BF0020012022601A68A2EB51021A6075
:10F1A80010BD69B1A0F57A7241F270739A4207D81E
:10F1B8004FF47A73B0FBF3F000F5506080B27047FB
:10F1C80040F2E243B0FBF3F0F8E738B50C46002113
:10F1D8000546F1F7FBFC206048B902212846F1F703
:10F1E800F5FC2060B0FA80F04009400038BD0020EE
:10F1F800FCE70368587BC0B293F830302BB900F0B5
:10F20800FB00003818BF012070470020704710B578
:10F218000C46FFF7DAFF38B92046FFF7EAFF80F01F
:10F2280001004000C0B210BD0220FCE738B54FF421
:10F2380042720D4600210446FDF712FE6FF03602B9
:10F248000123A4F8AA5084F867200422E37584F8FF
:10F2580068206FF03B0284F8A83084F869206F2298
:10F2680084F86A20032284F86B20002284F86C203A
:10F278006FF07F0284F86D202B2284F86620FE222E
:10F2880084F89E207F22E27238BD40F6B83307B575
:10F29800B0F8D220D0F8C8100190838701A8F4F7FD
:10F2A80097FA03B05DF804FBC2B292FAA2F2030A1D
:10F2B80093FAA3F31B0E100E40EA032070470131A6
:10F2C80005300022C9B270B510F8013F8B4216D341
:10F2D80010F8054C0023012505FA03F626421CBF49
:10F2E80001F1FF31C9B269B10133082BF4D1013200
:10F2F800D2B2052AE8D19B214620F1F775F8C91A40
:10F30800C9B2F4E703EBC200C0B270BD0B6870B5B8
:10F31800C0F8013004460B790546461D03F01F036B
:10F3280043710023C37215F8010F00F0C3FC687124
:10F33800B542E37A1844E072F5D170BD81EA114113
:10F3480070B58CB20546C17A032682EA0400FFF73D
:10F35800ABFF013E00EB001016F0FF0604EB0002C5
:10F3680090B2F4D144402522B4FBF2F302FB1343DC
:10F37800C3F3C402D8B203F007032A445678012223
:10F3880002FA03F31E4207D161432846C1F307413D
:10F39800BDE87040FFF793BF70BDF8B590F82250F4
:10F3A80004466B1E242B03D9E1214620F1F71CF8F3
:10F3B800DAB1C07D002843D194F8243094F82310A2
:10F3C80002FB01322523B2FBF3F103FB1123DBB26D
:10F3D80004EBD30203F0070684F82430117E0122DF
:10F3E800B240114202D084F82530F8BDB3FBF5F2E3
:10F3F80005FB123304F11C01013303F0FF0311F87C
:10F40800012F9A4219D311F8055C0022012606FA49
:10F4180002F72F4208D0013B13F0FF0304D102EB9F
:10F42800C00284F82520E0E70132082AEFD1013034
:10F43800C0B20528E3D1D721B7E79B1ADBB2F6E7BC
:10F44800E28804F11700496AFFF778FF84F825007D
:10F45800CBE70378890123F0400301F040010B4317
:10F4680003707047037803F07F0343EAC113037006
:10F4780070471F2A38B50546144603D9A8212A2003
:10F48800F0F7B2FF06340930FDF754FD6C7038BD53
:10F498001F2A38B50546144603D9CA212A20F0F791
:10F4A800A3FF06340930FDF745FD6C7038BD0378BD
:10F4B800024603F00F03032B3ED0052B42D1C37F36
:10F4C80090F82000034392F82100034392F82200A9
:10F4D800034392F8230000F01F00184333D05378F9
:10F4E800222B2FD1B2F81930B1B1B3F5506F13D91F
:10F4F80040F607518B4225D8B2F81B30B3F5FA7F96
:10F5080020D2B2F81D0040F676430A3880B29842FD
:10F518008CBF002001207047991F40F67A4089B2BD
:10F5280081420FD8917D481E07280BD8994209D2ED
:10F53800B2F817109942DEE74078A0F10C03584260
:10F548005841704700207047C37813F03F035DD0DF
:10F5580007295BD8DFE801F0040B1E29343F4A5520
:10F56800037913F0010F0CBF0020052070470279C2
:10F5780012F002004BD0052002F00102072902EB2D
:10F58800420200EB4200C0B241D1021F9A42C8BFFA
:10F5980000207047027912F0040038D0052012F0DC
:10F5A800020F1CBF0630C0B2E6E7027912F008006D
:10F5B8002DD0052012F0040F1CBF0130C0B2EEE7B9
:10F5C800027912F0100022D0052012F0080F1CBF9B
:10F5D8000230C0B2EEE7027912F0200017D00846D8
:10F5E80012F0100F1CBF0330C0B2EEE7027912F020
:10F5F80040000CD0052012F0200F1CBF1230C0B202
:10F60800EEE702795006F5D50620F4E700207047AA
:10F6180070B50C46064611461D4624B94FF41F71B5
:10F628002A20F0F7E1FEFFF78FFF10B940F27D21A5
:10F63800F6E7031F2B443F2B02DD40F27E21EFE764
:10F648002A4621463044BDE87040FDF773BC10B52A
:10F658000446FFF779FF00B1204410BD30B5C1F36F
:10F668008003C1F38014C1F340052344C1F300149F
:10F6780004EB44042344C1F3401404EBC40403EB37
:10F688004403C1F300042C44C1F3C005134404EB44
:10F6980044042C4403EB440313F0FF031CBF013361
:10F6A8000171C17818BFDBB221F03F0103F03F04BC
:10F6B8002143C170591C41701AB104339B1A013A95
:10F6C800C25430BD70B5C4780646154604F03F04F0
:10F6D8001319FE2B04DD40F2B9212A20F0F784FE2D
:10F6E8000135201D2C443044FDF724FC747070BD96
:10F6F800C378024613F03F0022D0137913F0200F8D
:10F70800C3F3C001C3F3400014BF0922002213F061
:10F71800100F114403F001020244C3F3800002EB0E
:10F7280042020A44C3F3801114BF03230023084490
:10F73800184400EB420010F0FF001CBF0130C0B2BB
:10F7480070471B2A08B504D940F299312A20F0F7EE
:10F758004BFEBDE80840FDF7EDBB8388A1B1B3F5CA
:10F76800506F11D940F6075293421BD8C388B3F59E
:10F77800FA7F17D2008940F676430A3880B2984259
:10F788008CBF0020012070479A420BD8B3F5486F10
:10F7980008D84278511E072904D89A4202D24288D2
:10F7A8009A42E2E700207047013001F1200351F846
:10F7B800042B994240F8042BF9D10B880380704739
:10F7C80038B515460446FFF7EFFF2B68C4F8233019
:10F7D8006B68C4F8273038BD2DE9F04F85B08846EE
:10F7E800154603A99DF838400193FFF7EEFC8146C2
:10F7F80018B9039E2DB901237375012005B0BDE822
:10F80800F08FD6F8C0A029465046FDF775FE07468A
:10F8180008B90020F2E7F2F74FFD8542F9D83946DA
:10F828005046FDF7A5FF727D8346A0F80190002A97
:10F8380018BF4FF0020880F800803846FDF7A0FF97
:10F848000746DCB1B6F8E640C4B1FBF7CBF840F2A6
:10F8580071225443241841F1000179602A46019924
:10F868000BF103003C60FDF765FB29465046FDF7A8
:10F878007EFE28B983212B20F0F7B6FD2146ECE760
:10F88800039B93F8A83033B103A8FEF77CFB039BD6
:10F898000022A3F8DA210023AEE7437837B5C3F393
:10F8A80001120446032A03D8DFE802F0050E1D05FD
:10F8B800002003B030BD057803F00F00002300934B
:10F8C8000221231D628807E0057803F00F0000235A
:10F8D80001210093231D628845EA0020FFF77CFF81
:10F8E80060B10120E5E7F3F755FA03685B05DFD55A
:10F8F80060780123257800F00F00E0E7F4F78EF92F
:10F90800EFE71A230B7001234B708B707047F4F7E5
:10F9180045B810B521B940F2A9211020F0F764FDCF
:10F928004A600B72EFF3108472B6031D0B604268D5
:10F938001AB1127A012A08BF0360036819600160CE
:10F9480004B962B6BDE81040F4F772B80222F4F7C1
:10F9580053B90322F4F750B90422F4F74DB902223F
:10F96800F4F78EB98D230B7030F8AF3CA1F8033053
:10F9780030F8653CA1F8053030F8613CA1F8073053
:10F9880030F8633CA1F8093030F85F3CA1F80B303F
:10F99800704708B5CB1E012B04D8800100F57470A0
:10F9A80080B208BD012902D10E30C000F8E7022953
:10F9B80002D10F308000F3E74FF40C710620F0F706
:10F9C80013FD30B587B004460D46F2F77BFC80B3D3
:10F9D80034F8B84C69462046FEF764FC18B1FB21A0
:10F9E8002C20F0F701FDBDF8063003A8ADF80C4057
:10F9F800ADF80E30BDF80830ADF81030BDF8023063
:10FA0800ADF81230BDF80430ADF81430FEF728FC1C
:10FA180010B14FF48271E3E7ADF80C009DF80C309B
:10FA2800002063F307009DF80D3063F30F2007B043
:10FA380030BD2B46992203F8032BD4F80920C5F8CA
:10FA48000320D4F80D205A60B4F811201A81042339
:10FA5800ADF80C30E2E740687047033901298CBFE4
:10FA6800C08A4FF42960704770B590F878608D8827
:10FA7800033E0C89012E04D943B11678033E012EAA
:10FA880004D8B5F5296F38BF4FF4296590F8796027
:10FA9800033E012E04D943B15378033B012B04D80C
:10FAA800B4F5296F38BF4FF42964CB884A88A0F889
:10FAB8006430A0F86020A0F86250A0F8664070BDDD
:10FAC8008383BDF8003001834283C38370471B22C0
:10FAD80000294FF01B110CBF4FF4A4734FF4296396
:10FAE80082840284028502F1A472C160C3844384C3
:10FAF800C383838343820382C0E905217047034699
:10FB0800B3F85810B3F86420F0B5914293F87940EF
:10FB1800B3F85C5028BF1146033CB3F86620E4B242
:10FB2800B0F84E70AA42B0F85200A3F84E1028BFA1
:10FB38002A46012CB3F8544087BFB3F856601546DF
:10FB48004FF429664FF429658C42A3F8525038BF08
:10FB58000C46B24238BF32468F42A3F85440A3F84D
:10FB6800562026D1401B18BF0120B3F86020B3F8F7
:10FB78005A10B3F84C509142B3F8504028BF114680
:10FB880093F87820033A012A15D9B3F85E20B3F820
:10FB98006260B24228BF32468D42A3F84C10A3F8E7
:10FBA80050200BD1944218BF40F0010000F0010032
:10FBB800F0BD0120D9E74FF42962EDE70120F5E710
:10FBC80038B5CB1E0446012B10D9C58B438C9D42FA
:10FBD80028BF1D46207AFFF7DCFE6389AB4228BFA9
:10FBE8002B46984238BF184680B238BD4FF4296575
:10FBF800F0E72DE9F843994607460D4680891946EE
:10FC08001446FFF7C6FE06469DF82080494638464A
:10FC1800FFF7D6FF86424146A8F1030828BF0646EB
:10FC2800B88AFFF7B6FEB8F1010F0346B6B28CBF2B
:10FC3800FA8A4FF42962904204F1060028BF13465D
:10FC480028449BB233441844BDE8F8830346828FA6
:10FC580013B5403049B9598F93F87940009493F817
:10FC68007830FFF7C6FF02B010BD198FF4E770B502
:10FC78000C46154619464BB9068FFFF7E7FF28448F
:10FC88003044A04294BF201A002070BD468FF4E78C
:10FC980038B50D4611460446FFF7D8FF284460647E
:10FCA80038BD01F19C0383423DBF9C38401A40088F
:10FCB8000020704700F05503400800F05500034449
:10FCC80003F033009B0803F03303034403F00F00F1
:10FCD80000EB13107047036800229A7383F84E20D4
:10FCE800A3F84A207047026892F8A8302BB9A2F806
:10FCF8005230012382F8543070470023A2F8523062
:10FD080092F8543001335BB2F4E7026808B592F810
:10FD1800A83013B982F8543008BD92F85430013B2A
:10FD28005BB2002B82F85430F6DA52214A20F0F701
:10FD38005BFB08B5036883F89B1083F89A2035228B
:10FD4800DA73FFF7D0FF002008BDA0F10A03042BE7
:10FD580009D9A0F14703012B05D9243807288CBFFE
:10FD6800002001207047012070470268136810B511
:10FD780013F0080408D143F0080382F898101360C0
:10FD8800FFF7B1FF204610BD0120FCE7D0F8C820DE
:10FD980041F64B539A4296BF4AF6C8730623B3FB03
:10FDA800F2F3B0F8D020B0F8DE001344584380B224
:10FDB8007047036800201A7C073A012A81BF4A78F5
:10FDC8005A7407221A7470470268137C073B012B88
:10FDD80084BF082313747047026870B5D57BE5B9F2
:10FDE800CB88D688A2F8D032013B9B1B47F6FD761C
:10FDF8009BB2B34206D9282382F83130F4F742FA8D
:10FE0800284670BDD1F80130C2F8D2324B7982F859
:10FE1800D6320A220368DA73F2E70125F0E72DE902
:10FE2800F74F0646894690460193FFF7AFFFD6F88D
:10FE3800F471044657B90023C8F80030F388234406
:10FE48009CB2019B1C8003B0BDE8F08FF4F722FD43
:10FE58000028F0D1D6F8C8C0D6E976320CFB04FEEB
:10FE68001EEB030ED7E9021342F100020B44D7E957
:10FE780000155B1845F10005734575EB020114D2B6
:10FE8800BEEB03016FF0010B62EB050A8B4570EBCB
:10FE98000A0A03D23D215620F0F7A6FA3869471E10
:10FEA8003944B1FBF0F1E0FB0135B3EB0E0365EB30
:10FEB80002056FF001029A424FF00002AA4101D2F6
:10FEC8004821E8E7B3FBF9F209FB1233B3FBFCF274
:10FED80091B20CFB1133C8F80030F3881C44144469
:10FEE800A4B2AEE70B46822203F8032BD0F8092010
:10FEF800C1F80320D0F80D205A60427C1A72002302
:10FF0800CB707047036870B5DD7B06460C46002D44
:10FF18005AD193F8291106222046FFF71EFC014604
:10FF280028B921783046BDE87040FFF71EBF326817
:10FF38006389D088A2F8D032013B1B1A47F6FD70BE
:10FF48009BB2834207D92823304682F83130F4F730
:10FF580099F9284670BDA3886FF4506018180628D0
:10FF680095BFA3F5506340F2E2414FF47A704B43DA
:10FF78008CBF29464343C2F8D8326378C1B103EB3A
:10FF8800830303EB83039B00A2F8D2326388C1B1D9
:10FF980064214B43C2F8D432E388A2F8DC322389C7
:10FFA800A2F8DE32002382F8E4320D23D373D0E7BF
:10FFB800C3EB431003EB800303EB83035B009BB2AB
:10FFC800E2E740F2E241E4E70125C2E7F8B50D684F
:10FFD80004460F46D5F8440295F82911FFF7E1F8D1
:10FFE8006FF45062B5F83E3282182071000A92B25E
:08FFF8006071062A8BBF40F284
:020000040101F8
:10000000E2426422002601268CBFB3FBF2F3B3FB6D
:10001000F2F36370B5F84832A3711B0AE371B5F8C7
:100020004A3223721B0A6372386890F89F303BB9DA
:1000300005F50F7305F51072D5F84412FFF7F3FEBE
:10004000B5F83C32A3721B0AE372D5F8403246B1D0
:1000500064220C20B3FBF2F3A370C3F30723E37015
:10006000F8BD40F2E242F4E70B46842203F8022B8B
:10007000D0F80920C1F80220D0F80D205A6070474E
:100080000B46852203F8022BD0F80920C1F8022084
:10009000B0F80D209A80704738B503680546DC7BC0
:1000A00034B1113C0F2C8CBF01240824204638BDEC
:1000B0001A7D002AFAD0D3F8A4302BB9FFF717FE27
:1000C0002B681122DA73F1E70C220A21BDE83840CF
:1000D000FFF733BE08B50368DA7B162A04D040F276
:1000E00053211F20F0F784F9012283F855201822AC
:1000F000DA7308BD0368DA7B122A05BF13220020D9
:100100000220DA737047036810B5DB7B04461C2BB2
:1001100006D1FFF7FEFD236820220020DA7310BD10
:100120000220FCE708B50368DA7B112A04D040F20C
:100130007E211F20F0F75CF9012283F8552012225E
:10014000DA7308BD08B50368DA7B182A04D040F2D8
:100150008A211F20F0F74CF91C22DA7308BD3E23D8
:100160000B700C234B7004238B70D0F80930C1F84E
:100170000330D0F80D30C1F80730B0F81130A1F8D5
:100180000B30C37C4B73704708B503689A7B1AB178
:10019000CF211C20F0F72CF904229A7308BD08B572
:1001A000036893F8A82032B9DA73A3F85220BDE8A7
:1001B0000840FFF7AEBD1A68D10703D4DD211C202B
:1001C000F0F716F922F001021A60F0E787230B70AE
:1001D00030F8A63C4B807047036893F8A8109A7BD0
:1001E00059B9052A08BF00224FF0000002BF83F86A
:1001F0003E2083F84E209A7370470F2AF2E738B5F5
:10020000046894F8A85045B9E37B4BB9FFF76FFD3C
:1002100045B90223E373002038BD23685B07F5D599
:100220000120F9E7236843F004032360F3E7036840
:1002300093F8A8201AB11A6822F004021A60FFF796
:1002400068BD08B503689A7B1AB172214B20F0F79C
:10025000CFF893F8A820002A14BF0F2205229A7322
:1002600008BD10B5D0E90D42A24206D30B8D121B7A
:10027000C98E05334B43934202D3012380F83E30AD
:1002800010BD0C230B7008234B7000238B70B0F84B
:100290005230A1F80330437A4B714389CB80838974
:1002A0000B81704710B5046894F857309A070CD446
:1002B000A37B1BB177214020F0F79AF80122A4F824
:1002C0004A30A27384F84E2010BD94F8A8303BB990
:1002D000E37B0BB9FFF71DFD002384F83E31F3E704
:1002E00023689B07F8D5FFF714FD236823F002036A
:1002F0002360F1E710B50B7901284C790A6843EACD
:100300000421104608BF41F4803110BD07B5FFF746
:10031000F1FF0DF10702F4F715FA03B05DF804FBE5
:1003200090F838300BB90020704790F83830012B26
:10033000F9D090F83800073818BF0120704790F8BE
:100340003830012BDAB201D0FFF7EABF1046704710
:10035000002307B501A80193F9F710FF019810F0E9
:10036000030018BF012003B05DF804FB10B5FFF7D0
:10037000EFFF002814BF14240024FCF77DFE404248
:1003800000F01400204410BD73B50C46B1F8051000
:1003900005461A2921D9B4F80730B3F5A47F1CD338
:1003A000B4F801201A2A18D9B4F80340B4F5A47F90
:1003B00013D30068009400F1A806E830FFF784FB2F
:1003C0002C683046FFF79FFB10B9012002B070BDCA
:1003D00004F25910F3F764FCF7E70020F6E708B5DC
:1003E00003689A7B1AB12621A320F0F701F8212295
:1003F0009A7308BD38B505680446AB7B213B022BD8
:100400000BD8FFF7C1FF18B106212068F5F77AF87D
:10041000002085F84E00A87338BD0120FCE7026873
:100420001368D90610B5044603D4B821A320EFF70A
:10043000DFFF990601D5B921F8E723F01003136017
:10044000FFF767FC20680621BDE81040F5F75AB8B1
:1004500038B50546F9F770FB00F55F434FF47A7243
:10046000033D4133B3FBF2F4FFF780FF012D00F1B0
:10047000FC038CBF002028202344184438BD10B54D
:10048000044690F87900FFF7E3FF01220146204679
:10049000BDE81040FFF700BC002313B51A464373B4
:1004A000A0F88832194600930446F4F771FA20B197
:1004B0004FF4F3713020EFF79BFF0123C4F81002D3
:1004C000C4F808026373A4F82602A4F8240284F88E
:1004D0002902E388A4F88A02013BE38002B010BD40
:1004E000F8B50D460023D0F81011044680F81431F9
:1004F000D0E9506781F8E52180F85031D0F810013B
:10050000FEF7C7FED4F81001C0E99C67C0F88C5212
:10051000C0E9A067FFF7C0FFF8F74AFFBDE8F84061
:10052000FBF77CBBD0F81001704738B5044690F853
:1005300050319BB1FF2380F85831012100F040FC7D
:1005400094F8503153B104F1E8052846FAF706FB58
:100550002846FAF717FB002384F85031002038BDF5
:1005600008B590F8582142B990F8142142B1D0E969
:100570004631994202D9F6F73BFE0022104608BDEB
:100580000122FBE710B50446FFF7F0FE00F5E57128
:10059000226A236C9A4228BF1A461046FFF785FB51
:1005A000B0F5296F28BF4FF4296080B210BD012A31
:1005B00070B506460D4614460BD0022A0ED08AB9F5
:1005C000F8F706FC224601462846BDE87040FFF7D2
:1005D00087BFF8F7FDFBC6F88C0270BD0122D0F88A
:1005E0008C12F1E740F2C2713020EFF701FF70B5D5
:1005F000044621B101297FD040F2D27179E000F0A8
:100600006FFA94F8513105460E46DBB150EA01030A
:1006100018D0D4E94832D4E95001C01A334661EB0E
:1006200002012A46FCF78EFB05FB01F300FB0633B3
:10063000A5FB00021344D4E94821121843EB01033F
:10064000C4E94823E38CEBBB0020D4E94832ED1821
:100650004FF0000346EB02062D1840F2024284F8E8
:10066000303146F1000684F85131A4F83821C4E94C
:100670004856C4E9505694F8583103F0FF01DBB9ED
:100680006FF00043D4E952029A4208BFB0F1FF3F35
:1006900025D02046D4E9505600F0E1F9F630D4E9EF
:1006A00052325B1B62EB06021B1A62F10002002A47
:1006B00015DA2046F6F79CFDF8F77AFEBDE87040A3
:1006C000FBF7ACBA204600F03FFB0028BCD1F3F7A3
:1006D0000DFBE38CB0FBF3F202FB1300B5E704F56E
:1006E000987104F1E800FBF7B7FA0028E4D140F272
:1006F000FF613020EFF77CFE002380F81431DBE748
:10070000002307B5CDE9003303238DF80630684692
:10071000F0F79AFA18B1002003B05DF804FB009BD3
:1007200093F85031002BF2D00120F5E790F85001FA
:10073000003818BF012070470B46812203F8032BB5
:10074000B0F80920A1F80320C27A9A7070470B46CE
:100750008C2203F8032BD0F80920C1F80320D0F82D
:100760000D205A6070478B88F7B513F018050646C0
:100770000C461FD1086820B940F2EA312D20EFF76E
:1007800037FE00F0ADFB217CF4F77AFF677CA3888D
:1007900001463A46304600932B46F4F78FFFCC30A3
:1007A000D4E90223824273F100032CBF0120002010
:1007B00003B0F0BD0120FBE738B588220B460C469C
:1007C00003F8032B00F10902293052F8041B82427E
:1007D00043F8041BF9D1127802211A700123A5886D
:1007E000A3712846F0F7F6F958B1E3784BB102212E
:1007F0002846F0F705FA20B140F233212D20EFF71B
:10080000F7FD38BD10B50446F3F770FA82B204F173
:10081000690104F13600FEF795FD84F8440010BD2F
:1008200037B504460D46FFF7EDFF01222B466179EF
:10083000204603B0BDE83040F5F7B6B870B50446C1
:100840000D46173019461646FEF764FD84F8205110
:1008500084F82151FF2384F82231E91E04F1E800D5
:1008600001298CBF00210121FFF735F9314604F140
:10087000A800F2F799FF94F82A31002B14BF4D23FA
:100880009623A4F8E230A4F8E0300023A4F8E43082
:1008900070BD70B50D46044691F829111646D5F87D
:1008A000C800FEF782FCB5F8D030A4F8AC0004F123
:1008B000A002A4F8AE30B5F8D230A4F8B03095F864
:1008C0002B3184F8B230237F73B394F86830012B56
:1008D0002AD194F86E3003F0C003402B24D1D4F811
:1008E0006930C4F8A030B4F86D309380082E236AC4
:1008F00004F1A60193F8AC2003F1AD0084F899202F
:1009000004F19A02D3F8AD3019D0C4F8A630838828
:1009100030468B8004F19901F2F770FE40B940F641
:10092000E2312D20EFF764FD0023C4F8A030DCE7AE
:1009300094F8993043F0020384F8993070BDC4F8FC
:100940009A30838893800023C4F8A6308B80F5E723
:100950000B468B2210B503F8032BD0F80920C1F801
:100960000320427B1A71CB78A3B130F8B43C1B074B
:1009700010D4B1F8054002212046F0F72BF948B118
:1009800002212046F0F73CF920B140F276212D20DB
:10099000EFF72EFD10BD0121F5F784BBFFF7FBBF7C
:1009A000F5F74EBC704708B590F894300BB10120B4
:1009B00008BD90F8CC30002BF9D190F8BE3003F090
:1009C000FF00002BF4D0F2F7A5F980F00100C0B2CF
:1009D000EEE730B54FF4B07285B00D460021044605
:1009E000FCF742FAFF2323701323638042F2107353
:1009F000E384F0F7FBF900220146E0646846F0F773
:100A00003BFA00220121E06CFCF7BCFF0422E16C00
:100A10006846F0F731FA0022E06C1146FCF7B2FFAD
:100A200004F13000A57400F00BFA02A8F2F702FFFF
:100A300020B94FF449712D20EFF7DAFC02A904F137
:100A40003600FEF767FC05B030BDFF23C86C0B70A5
:100A5000FCF765BF0078FF3818BF01207047F7B575
:100A6000044630300E4600F03BFA61880746CA065D
:100A700005D52822F6F706FC933003B0F0BD8B07AE
:100A8000E06C0FD5FDF720F8217905463846F4F7DC
:100A9000F7FD638801462846009333466279F4F7F0
:100AA0000DFEE9E7FDF700F8EEE7034608465A8831
:100AB00012F0180F30B587B010D103F13001ADF846
:100AC0000420D3E902459B8800916946ADF81030B7
:100AD000CDE90245FFF747FE07B030BD0120FBE737
:100AE000D0E902017047C07C003818BF0120704770
:100AF0000B68C0F815308B88A0F819300123C37635
:100B000070472DE9F04F07469DB00C46054610AEE4
:100B10000DF120080FCF0FC60FCF0FC697E80F00BB
:100B200086E80F0040466E7900F08AF9A37A277DA7
:100B3000039323787A1E0493022A637803F07F0AD2
:100B4000D14600F28380D90603D4A67D731E022B02
:100B50007CD8637E03F0FD03012B02D1032F08BF75
:100B60000427A37E03F0FD03012B02D1032E08BF4F
:100B70000426617A404600F06AF9237D227F4046D0
:100B8000022B02F101020CBF617D0121D2B204BF30
:100B90000131C9B200F05DF91AF0080F6CD140467E
:100BA00000F09EF963788346DA0654D4F0F74CF9E6
:100BB000824639465846F4F763FD01230146324622
:100BC0005046CDF80090F4F779FD40F2712221797A
:100BD00000F29A20E378B0FBF2F043EA0123617956
:100BE000504343EA01435343984239D84FF0000B36
:100BF00094F818A00793A37CE86C05930AF1FF33DF
:100C0000D3F1000A4AEB030AFCF74EFF0690E86CAA
:100C1000FCF75AFF0699079B814238BF014688B20C
:100C200068B308A90C9306930A910AA9ADF82C9011
:100C3000CDF834B08DF838708DF83960FFF793FD3A
:100C4000069BE0B945201DB0BDE8F08F40F212319F
:100C50000620EFF7CDFB28224946F6F713FBB4E751
:100C6000E179A37943EA0123217A43EA014353431B
:100C7000834228BF0346B9E700239B46B8E7CDE986
:100C8000123B059B049A8DF853308DF8447010AFD9
:100C9000039B8DF845602E468DF850A08DF854309A
:100CA0008DF84020ADF842900FCF0FC60FCF0FC682
:100CB00097E80F0086E80F0098E8030028630020FB
:100CC000A986E37A03F0FD03003B18BF012385F8F2
:100CD0006F30E3682B67238AA5F8743095F84630A7
:100CE000E27D62F3071385F84630ACE7438813F0E2
:100CF000100005D013F0040F14BF00201F20704710
:100D00009A0704D4DB0701D4F0F79EB8EE207047B1
:100D100008B5FFF7EBFF003818BF012008BD4FF4FE
:100D20000043A0F8483043881D2B08BF00214174C0
:100D3000704790F912007047408800F0010070473A
:100D40008078C0F3400070478078C0F3C0007047DF
:100D500010B54488C06CE30654BFC4F340040024BB
:100D6000FCF799FE84F001042043C0B210BD8078E6
:100D7000C0F3001070474079C31E012B05D8B1F8AD
:100D80001E31012B14BF03200420704710B5044608
:100D9000F2F7ACFFC0F30B00A042F9D010BD90F801
:100DA0006830016281F8B330D0F86930C1F8B430EE
:100DB000B0F86D30A1F8B83070477047F4F776BFDF
:100DC00080F888107047FF2380F88B30704780F8D8
:100DD000241080F8252070478278034612F0010025
:100DE00002D0D978C90710D5900702D5D9788907DC
:100DF0000AD512F0040008D0D878C0F3800080F043
:100E000001008000C0B2704702207047C0F340026A
:100E1000C0F3800300F00100134418447047022817
:100E200008B507D0042807D0012807D039212E2083
:100E3000EFF7DEFA262008BD2720FCE72520FAE799
:100E40000023C0F8023001234370037070478170A3
:100E5000704710B54270144601708078FFF7D6FFD6
:100E6000484304FB00F2FE2A03DD5C212E20EFF74D
:100E7000BFFA10BD0023C37043710371704710B5F2
:100E80000446FFF7A9FF637962780133DBB29A4227
:100E900063710CD1E3780022A17803436271DBB265
:100EA0009942E37001BF2379E27001332371BDE8F9
:100EB0001040FFF7B4BF38B504468078FFF7A6FFAF
:100EC0000146E078FFF7A2FF2378227965789B1A24
:100ED0006B4359436379C91A00FB1510C0B238BD82
:100EE000014608B58078FFF791FF4A780B785343A5
:100EF0005843C0B208BD08B5427903462AB1FFF78E
:100F00006BFFBDE80840FFF78ABFC07881070BD4AC
:100F100010F00100F5D19B785A0707D413F0020FA7
:100F200014BF02200120ECE70220EAE70420E8E7F2
:100F3000032806D1920102F53472803201FB02F0DF
:100F40007047042803D1120102F5E772F5E7022881
:100F50000BBF0B320A329200D200EEE740F2EF20D4
:100F6000704740F25A335843704708B50368DA7B3C
:100F7000182A04D040F27E513120EFF739FA1E22B0
:100F8000DA7308BD08B590F89E30FE2B04D040F609
:100F90007A113120EFF72CFA002380F89E1080F8A8
:100FA0009F3012B9A0F8522008BDA0F84A300123A2
:100FB00080F84E30F8E708B50368DA7B352A05D1AA
:100FC0000022DA73BDE80840FEF7A3BE182A02D15A
:100FD0001E22DA7308BD40F293513120EFF708FA70
:100FE000037D63B9C37BA3F11002032A07D990F8EC
:100FF000560028B1202B8CBF002001207047012013
:101000007047037D63B9837BA3F11002032A07D9DC
:1010100090F8560028B1202B8CBF0020012070478B
:1010200001207047036810B59A7B93F8A010092A35
:1010300008D193F899208A4204D100229A7383F848
:101040004E2010BD1A6812F0080406D022F00802E3
:10105000BDE810401A60FEF75CBEFF2904D13722BC
:1010600083F8C4429A73ECE74FF4AF613120EFF795
:10107000BFF938B50E38136814460D469A7B092817
:101080003ED8DFE800F0053D3D3D0F3D183D3D27D2
:10109000042A05D12046FEF722FE2046F3F77EFA09
:1010A000002038BD0F2AFBD1002220461146BDE8A2
:1010B0003840FFF791B8212AF2D12046FEF70FFE03
:1010C000002DEDD0226892F8663023F0200382F8DC
:1010D0006630E5E7DA7B272AE2D100252046DD737A
:1010E000FEF717FE236893F83831012B03D1294608
:1010F0002046F1F7FFFE2368002283F83821CFE76E
:1011000040F262213120EFF773F902460068497816
:10111000837B212B15D00CD8042B14D00F2B14D08B
:10112000C07B272815D0332B0CBF2620FE20F6F7D6
:10113000C5BA2B2B03D02D2B09D0252BF0D116208F
:10114000F5E71420F3E70E20F1E71220EFE7232064
:10115000EDE71720EBE7024600680B4690F86610B3
:1011600041F0040180F8661099785878F6F7A6BA2D
:1011700038B50C460546D1E93001EFF7DBFD637B5E
:101180003BB104F50C742046F9F7E8FC2046F9F76A
:10119000F9FC0D212846EFF733FD0E212846EFF725
:1011A0002FFD10212846EFF72BFD0F212846EFF7E2
:1011B00027FD11212846EFF723FD28461221BDE81F
:1011C0003840EFF71DBD0022C281827490F8503084
:1011D00013B10221F4F796B90321FBE738B50446B1
:1011E0000846E37B162B09D0A3F118025342534162
:1011F00094F8C02222B10C25284638BD0123F7E718
:10120000002BF8D094F8F03203F0FF05002BF2D158
:1012100090B194F8FE3123B940F67A313120EFF7DE
:10122000E7F8052304F1800204F5F771FBF794FC5D
:10123000012384F8C032DFE70223FAE7F2F714BE95
:1012400010B50446FFF792F800F28F11226A236C62
:101250009A4228BF1A461046FEF727FDB0F5296FBF
:1012600028BF4FF4296080B210BD70B50D4604212F
:101270000646EFF7AFFC044648B906213046EFF7C3
:10128000A9FC20B115B190F8E53003B90446204619
:1012900070BD90F83C00A0F1FF03584258417047E0
:1012A00008B5F7F7B7FEBDE80840F7F76BB91D239F
:1012B00010B504460370F1F79BFD6070022010BD6D
:1012C0001E2310B504460370F1F792FD60700220F2
:1012D00010BD01234380038000238380C3804FF42B
:1012E0004863038170470E21EFF774BC73B501A901
:1012F0000546FDF76EFF044618B121215420EFF793
:1013000077F82846019EFFF7EEFF30B10123A6F8DB
:10131000DE30848144810482C48102B070BD3C23EC
:1013200003804FF4FA4343800123C380838000236A
:10133000038143814FF448638381704700F038B8DC
:10134000801A00F3070038B50D46144659B240B272
:10135000F8F7C8FF0023287020446B7040B238BDF6
:101360000023036070477047002070474FF0FF3044
:1013700070474FF0FF30704770474FF0FF307047B5
:1013800000207047002070470023037070479DF8CD
:1013900000300022FFF7D4BF4FF0FF30704700202D
:1013A00070474FF0FF3070474FF0FF307047704785
:1013B00070470020F8F7CCBF0020F9F749B80020AB
:1013C000F9F774B80020F8F7C3BF704770B5002470
:1013D000FBF7EEF905462646E0B2854200D870BD1F
:1013E000FBF7ECF90134068580F82A60F4E7F8B5DC
:1013F000037904461BB11B219D20FBF765FA467952
:10140000017126B901234371217909B96171F8BDD0
:10141000276820462671B84702280546F4D10321E3
:101420002046B84708B12F21E6E723682946204621
:1014300098470028E8D03021DEE70346006800B96D
:1014400070478842F9D102681A607047FBF710BCF8
:10145000704720BF704700280CBF6FF015000020B8
:10146000704700207047072303700020704700205A
:1014700070470020704710F8012B11F8013B012A3A
:1014800028BF9A42F7D0D01A7047000013B5CDE9B3
:10149000000101460D4809F0A1FB00220023694626
:1014A0000B480AF0ACFE044668B1E323094A0A4936
:1014B0000A4809F0E4FA2146094809F0E0FAE32174
:1014C000044809F0D3FA02B010BD00BFB8300021C3
:1014D000F8010021F7CC01012FCD010138CD010128
:1014E00055CD0101014806F0B3BC00BF2402002124
:1014F00010B54FF0FF324FF0FF33064806F01AFCEC
:10150000044602F03BFA10B1204601F0A7FF07F0B5
:1015100005FFEEE7480200217FB54FF0FF324FF0A4
:10152000FF333A4802A906F0A7F8044668B1F02351
:10153000374A3849384809F0A2FA2146374809F0B5
:101540009EFAF021324809F091FA029E039D33463B
:1015500013F8010B691E022803912BD005283CD0FB
:1015600001281CD1022919D9F278043D954215D1E0
:101570000322CDE900324FF0FF324FF0FF3302F08B
:10158000C7F90446311D228A638A66699B1AE2689C
:10159000921B9B1A9D4232D901F060FF00240299F0
:1015A0001F4809F035FB002CB7D021461D480AF032
:1015B0003CFEB2E70329F1D9B6F80320053D954278
:1015C000ECD104204FF0FF32CDE900304FF0FF3373
:1015D00002F09EF9711D0446D5E70329DED9B6F85D
:1015E0000320053DC2F30D029542D7D104221020FD
:1015F000CDE900324FF0FF324FF0FF33E8E72A46E3
:1016000004F10C0009F066FDC9E700BFF8010021F4
:10161000F7CC01012FCD010138CD010179CD0101B8
:10162000B83000214802002108B50A4802F0B2F99A
:1016300070B9094809F097FA002802DA10F1780F1A
:1016400006D1BDE80840054A0549034809F099BAA2
:1016500008BD00BF34020021ACC601019800002182
:10166000B830002110B54FF0FF324FF0FF330C4877
:1016700006F06AFC4FF0FF324FF0FF33094806F0E6
:1016800059FB0446228AE168074809F08EFA0028CF
:1016900003DB204601F0E2FEECE707F03FFEF1E756
:1016A0002402002134020021B8300021B2F5802F3D
:1016B0002DE9F8430ED33E494FF437733D4A3E4877
:1016C00009F0DDF93D4809F0DAF94FF4377139488E
:1016D00009F0CCF9042A0CD8394940F2E323354A01
:1016E000354809F0CCF9374809F0C9F940F2E3214F
:1016F000EDE7043ACD1D114425F0070521F007065A
:10170000A6EB0508B8F1170F4FEAD8070CD82E49F9
:101710004FF43B73274A284809F0B1F9294809F0EA
:10172000AEF94FF43B71D2E7B7FA87F44FF00009F6
:10173000C4F12002C4F12404A4000734E408631CAB
:10174000BB420560AF60C5F80C900CD91F4940F250
:101750000233184A184809F092F91A4809F08FF92B
:1017600040F20231B3E74946920005F110000AF059
:101770007AFEA2B2530043F001036B803B1B9BB285
:1017800005EBC4015800A5F80090488025F83420E6
:10179000A6F8029025F8083005EBC7035A882146C1
:1017A00042F001025A802846BDE8F84308F0EDBF38
:1017B00020CE0101C5CD010138CD010136CE010198
:1017C0004DCE01016ECE010187CE0101B0CE0101E7
:1017D000014B1B68184700BFB400002130B5044618
:1017E00085B00D461022002168460AF03CFE022317
:1017F0008DF80230044B2A4621466846019308F0D2
:1018000027FD05B030BD00BFD117010180B50546E9
:101810000E461746984607F023FF034601F044FAA8
:10182000DFF83C90044649F80030424639463046DD
:10183000A8470C4B1B7873B90B4940F246330B4A4F
:101840000B4809F01CF90B4809F019F940F2463130
:10185000064809F00BF954F8090001F0C1F900BF7E
:10186000080000007B35002106CF0101DBCE01011D
:1018700038CD010119CF01012DE9F84F0546AB8B99
:1018800008461907904616D501280CBF43F01003EF
:1018900043F02003AB831435284608F06DF9002887
:1018A00040F0B181AE494FF49973AE4AAE4809F0A9
:1018B000E6F829469DE0022803F0070140F07D810B
:1018C000284609F0E9F8052800F2FA8001A353F848
:1018D00020F000BF97180101BB1B0101C11A0101D3
:1018E00065190101FF1901015F1A010102F00702E8
:1018F000531F012B1AD80023062A2E68A4B2C5E96B
:10190000003309D1334603E0EA8B0132EA831B68D6
:10191000002BF9D144F002042846AC8309F0BCF84E
:10192000002800F05A8144F0200455E1042A0DD12A
:10193000A4B22846AC8309F0AFF80646002800F0B0
:101940004C8144F020040026AC8346E1874940F2F4
:101950001B13874A844809F092F840F21B1184480F
:1019600009F084F849B183494FF4AB73804A7E484B
:1019700009F085F84FF4AB71F1E72B684BB97E495C
:1019800040F257137A4A784809F079F840F2571133
:10199000E5E72B691F684FB978494FF4AD73744A76
:1019A000714809F06CF84FF4AD71D8E70E468A46DD
:1019B0004FF00609AC8B24F0070444F00604A4B2EF
:1019C000AC83AB68002B00F00F814FF0010B44F0AB
:1019D0000804AC8305F11404204608F0CDF8002873
:1019E00078D15F494FF499735E4A5F4809F047F830
:1019F0002146634809F043F84FF499718EE00229BB
:101A000009D0604940F25D13594A574809F037F848
:101A100040F25D11A3E7EE8B4EB15B494FF4AF731B
:101A2000534A514809F02BF84FF4AF7197E72B69EF
:101A30005F684FB9514940F261134D4A4A4809F075
:101A40001EF840F261118AE7AC8BB24624F007041D
:101A500044F00404A4B24FF00409AC83B1E70129B7
:101A600009D04A494FF4B273414A3F4809F007F898
:101A70004FF4B27173E72B684BB93F4940F26513DD
:101A80003B4A394808F0FBFF40F2651167E72B69D4
:101A90009F684FB939494FF4B473354A324808F05A
:101AA000EEFF4FF4B4715AE70026AC8BB24624F037
:101AB000070444F00504A4B24FF00509AC8380E7A5
:101AC0002A4940F26B132A4A274808F0D8FF40F20F
:101AD0006B1144E788F31188BFF36F8FBBF1000FE0
:101AE0001ED1002E33D117B128462949B847EFF34C
:101AF0001188402383F31288BFF36F8F204608F0CC
:101B00002DF800284AD18423164A2249164808F0A5
:101B1000B6FF2146204808F0B2FF842111481FE794
:101B2000A9680029DDD0D1F800800029D9D053461A
:101B30004A462846D1F804B0D847B8F1000F04D07F
:101B4000D8F8003041469846EFE74346FAE7314679
:101B500053464A462846366808F0CAFFC1E700BF28
:101B60000ED00101E1CF010138CD01015BE101019E
:101B70003BCF010160CF01016CCF01018FCF01018B
:101B800025D00101A6CF0101BCCF0101CBCF0101BE
:101B9000151C01013AD001014FD00101204608F087
:101BA00001F8AC8B24F00804A4B2AC83E20621D582
:101BB00024F01003AB8304F00701D5F818A0AA8B1A
:101BC000BAF1000F22F00704BFF690AE00232E6892
:101BD000C5E9003344F00104AC8304F007098945EA
:101BE0004FF000077FF4EDAE0EB9002FDED04FF0BE
:101BF000000BECE6A3067FF54EAE24F02003AB838A
:101C000004F007015CE688F31188BFF36F8FBDE82D
:101C1000F88F00BFF8B504460D4600F11406EFF347
:101C20001187402383F31288BFF36F8F304607F08C
:101C300095FF68B984230C4A0C490D4808F01FFF32
:101C400031460C4808F01BFF8421074808F00EFFBE
:101C5000304607F0A7FFA5613A462046BDE8F840A8
:101C60000121FFF709BE00BFE1CF01013AD0010118
:101C700038CD01014FD001012DE9F04704460E4651
:101C800008F026FF051E66DB04F11409EFF3118A44
:101C9000402383F31288BFF36F8F484607F05EFF3F
:101CA000804660B98423374A3749384808F0E7FE50
:101CB0004946374808F0E3FE8421324843E048466D
:101CC00007F070FF4FF6FF72E38BA78B934207F08C
:101CD000070743D0062F2CD8DFE807F01F43092B56
:101CE0001F041F006FF085054FF0000802E0022579
:101CF0000133E383484607F03FFF002834D14FF417
:101D00009973204A2349214808F0B9FE49462248E0
:101D100008F0B5FE4FF49971CFE700233360636894
:101D200023B9C4E9006687B13D46DDE71E60666001
:101D3000F9E71A4915484FF4E473194A08F09FFE71
:101D40004FF4E471164808F091FE524602212046F5
:101D5000FFF792FD3D462846BDE8F0876FF00A0583
:101D6000C2E76FF00405BFE78AF31188BFF36F8FF6
:101D7000B8F1000FEFD000233A463146204608F074
:101D8000B7FEE8E7E1CF01013AD0010138CD01010A
:101D90004FD001010ED0010125D00101CBCF0101AF
:101DA0003BCF010108B54268034602F00302032A53
:101DB00081600AD06AB9084908484523084A08F0F2
:101DC0005EFE4521064808F051FE006800225A6078
:101DD00008BD0020FAE700BF5BE1010138CD010139
:101DE00065D0010130B50C460E4985B00291D0F89E
:101DF000CC110546CDE9003100F1F0014FF0FF3381
:101E0000204604F009FD50B9012384F86C30D5F860
:101E1000C83123B1204605B0BDE83040184705B0B1
:101E200030BD00BF4BAD01012DE9F04F01238146CC
:101E30000569466889B005F55B77D7E8EF2F002A7A
:101E400003D1C7E8E13F0029F7D10CBF1A460022B1
:101E500040F0B180B368B16A05F5F4781C1F1046F4
:101E600008F0C3FF84426FD8013A00F09E80B2FAB6
:101E700082F24FF00044D44072682046073222F0CC
:101E80000302C5F83422B16A08F0AFFFC5F8380282
:101E9000B36A40466343033323F0030302EB430278
:101EA000230103EB4403093323F0030303EBC403CF
:101EB000C5F82C221A440832C5F828227368C5F8E0
:101EC0003042C5F824323D4BC5E9AB63316800F0C0
:101ED00029FA0446002835D1D9F810B0D9F804A061
:101EE000D9F800300BF53279CDE906000593484664
:101EF000DAE90734012B08BF103C06F07DFBDAF865
:101F000024002F4905AB01EB80214FF48062484645
:101F10000093234606F08AFB2A490BF52E7006F043
:101F2000FDF9DAE9050183685C684CB15B46264A35
:101F3000A047044630B9DAE9050183681B692BB96B
:101F40006FF05704002129E0013288E70122984709
:101F500004460028F6D11D4B2846C5F8C8311C4B55
:101F6000C5F8CC311B4B0393D5F838320293D5F822
:101F70003432CDE9008305F50F73B26AD5F86813E2
:101F800000F098F904460028DCD105F1F00004F0D7
:101F9000E9FC0028C5F870030ADB0221384608F086
:101FA0000CFF204609B0BDE8F08F6FF00B04C9E7C5
:101FB0006FF01504C6E76FF07704F2E7A5AD0101F5
:101FC000803D00218BAD01017FAD01015520010154
:101FD000C1AE0101D91F01012DE9F04190460C4627
:101FE00099B30B788BB3D0F8BC50A5F5DE761435D9
:101FF0004FF0FF324FF0FF33284605F025FC214615
:10200000304608F0A4FE0746A0B93046104908F053
:102010009EFE064620B92846BDE8F04108F0CBBE3A
:102020001F22214648300AF038FA86F86770C6F851
:102030006880F0E7284608F0BEFE4346224639464F
:102040003046BDE8F041FFF7CDBEBDE8F08100BFEE
:10205000E9E2010113B5044640B100230122CDE9B4
:102060000032074BD0E9091204F0AAFB236F1B686A
:1020700023B1606F02B0BDE81040184702B010BD38
:10208000E9E2010113B504460846216901F55B71D7
:10209000D1E8AF1F022910D193B1A0B10121CDE940
:1020A00000311346D0E9091204F08AFB074B98422D
:1020B00008BF6FF00B0002B010BD6FF00F00FAE721
:1020C0006FF04C00F7E76FF00100F4E72EF8FFFF28
:1020D0002DE9F84389461546066906F55B73D3E892
:1020E000AF3F022B66D11368EBB11B78DBB1D6F89A
:1020F0006873002F3FD106F5E8784FF0FF324FF0BC
:10210000FF33404605F0A0FB3046296808F01FFE6B
:10211000044660B93046294908F019FE044638B92A
:10212000404608F048FE6FF01500BDE8F88301272F
:1021300005F108032367AB6964646367002384F8CF
:102140006C3067B1404608F036FE21463046A36E3B
:102150002A68FFF747FE0020C9F80040E5E71F2284
:10216000296804F148000AF098F9404684F867703D
:1021700008F021FEEFE73046104908F0E8FD04467C
:102180000028D0D0002705F108030367AB6980F869
:102190006C70436740641F22296848300AF07DF95B
:1021A00022460121304684F8677000F065F8002867
:1021B000D1D0B8E76FF00F00B7E700BFE9E2010147
:1021C00010B50C46006900F55B73D3E8AF3F022BF6
:1021D0000FD189B10A4900F52E7006F07FF920462B
:1021E00009F020FE7822002120460AF03CF9002068
:1021F00010BD6FF00F00FBE76FF00100F8E700BFC4
:10220000C03000212DE9F04F05460E4690460027CC
:10221000D0F8BCA085B0AAF5BA7421463046FFF7C5
:102220002AF9E0B9134BA4F1480B0293DAF8103005
:102230003246CDE9008329464FF0FF335846AAF5D0
:10224000DE7904F0E9FA88B97823012203FB0793C9
:1022500083F86C20DAF80C300BB1584698477B1C99
:10226000022B4FF0010704F17804D6D105B0BDE888
:10227000F08F00BFEFAE01011FB5144690B18AB1D7
:10228000012912D10A4B00F1F0010293D0F8CC31B0
:10229000483201934FF0FF332046009304F0BCFA1C
:1022A00004B010BD6FF01500FAE70020F8E700BF9A
:1022B000EFAE01012DE9F04387B00E46DDE90E8156
:1022C0001446DDE910251F4630B329B3DFF850C0AE
:1022D00000F1F009002D08BF65469EB9CDE9034421
:1022E00000F5DE742046059609F02FFF03ABCDE91B
:1022F00000432A463B464146484604F0F3FC07B0FB
:10230000BDE8F083002241460E9248462A4607B0B7
:10231000BDE8F04304F03ABE6FF01500EFE700BFF0
:1023200005220101F0B5044687B02B4A04AB0E46E6
:1023300092E8030083E80300002C49D0184604F01B
:1023400043F90546B0B94FF0FF33E16C04F154078F
:10235000A163CDE9010000933846236D04F13802F2
:1023600009F021FAA06C08F0F1FDC4F8BC0020B916
:102370006FF00B05284607B0F0BDA06C08F0E6FD35
:10238000C4F8C0000028F3D0236CD4F8BC10C4F803
:1023900090300423C4F89430C4F8AC300223E362D4
:1023A0000E4BB4F84820C4F88C10616C236204F121
:1023B0008C03C4F8A070A4F89820C4F8B870C4F8CE
:1023C000A810A4F8B020C4F8A400A6612363D1E744
:1023D0006FF01505CEE700BF74C801018CCB010179
:1023E000014B036000207047B8CB010108B50448D9
:1023F00008F02FFB034808F02CFB002008BD00BFAD
:1024000090D00101C5D0010108B50348034A00215D
:10241000121A08F0D3FD08BDE0020021803500212A
:10242000074808B5074A0849121A08F0C9FDBDE86F
:1024300008400648064A0749121A08F0C1BD00BF05
:1024400000000021E002002184EC010100000021D5
:102450000000002184EC010138B505460C4699B115
:10246000D1E901230F48096808F0F3FAD4E90423FD
:10247000E1680D4808F0EDFAE1690C4808F0E9FA66
:10248000A1690B4808F0E5FA012D05D1EFF30581AC
:102490000848103908F0DDFA21462846BDE83840E2
:1024A00004F0BABDF2D0010122D1010152D10101E3
:1024B00062D1010191D1010130BFFFF7FDBF00BF23
:1024C0002DE9F04105460B4EDFF82C80324606EB35
:1024D0000807CC1B2046094909F0B8FFA01942465D
:1024E0000021083C09F0BFFF2C6707F10800BDE898
:1024F000F08100BF000000000400000074C801016A
:1025000010B5204C204808F0A4FAA36A990137D5E9
:102510001E4808F09EFA1E20A36ADA0103D51C4863
:1025200008F097FA1F20174CA36ADB0203D519485D
:1025300008F08FFA0220A36A1C0303D5164808F09E
:1025400088FA21200F4CA36A590303D5134808F0D9
:1025500080FA2220A36A9A0303D5114808F079FA79
:102560002320084CA36ADB0303D50E4808F071FA58
:102570002420A36A6FEA03436FEA1343A36210BDEA
:102580001D20C9E700ED00E0A5D10101BED1010188
:10259000D2D10101EDD1010118D2010137D20101DF
:1025A0005DD2010178D2010170B5204C0646204869
:1025B0000D4608F04EFAA36AD90435D51D4808F037
:1025C00048FA1720A36A1A0503D51B4808F041FAF8
:1025D0001820164CA36A9B050FD5184808F039FA45
:1025E000A16BA36A180407D5154808F032FA1EB18A
:1025F000A36A23F40043A36219200C4CA36A5A0572
:1026000003D5104808F025FA1A20A36ADB0503D584
:102610000D4808F01EFA1B20044A936A43F47F43D6
:10262000936200232B7070BD1620CBE700ED00E015
:10263000A4D20101BBD20101CDD20101E1D201013D
:10264000FBD2010111D301012DD3010170B5294C39
:10265000064629480D4608F0FCF9A36AD8063FD57E
:10266000264808F0F6F91120A36A190703D5244873
:1026700008F0EFF912201F4CA36A9A070FD52148E2
:1026800008F0E7F9616BA36A1B0607D51E4808F03E
:10269000E0F91EB1A36A23F08003A3621320154C56
:1026A000A36ADE0703D5194808F0D3F91420A36AFA
:1026B000D90602D4A36A9A0714D50E4B9B6ADB068F
:1026C00010D5134940F22D13124A134808F0D7F9D8
:1026D000124808F0D4F940F22D110E4808F0C6F95E
:1026E0001020C1E7034A936A43F0FF03936200237B
:1026F0002B7070BD00ED00E046D301015DD30101F8
:10270000CDD2010191D30101AAD30101C1D30101AD
:1027100013D40101E1D3010138CD01015DD40101E0
:10272000F0B5704B0446586800258BB0C0F3080321
:1027300085F31188BFF36F8F02F07F46B6F17F4FAC
:1027400006D102F00C06082E11D1674808F081F975
:10275000664940F21B43664A664808F090F96648AD
:1027600008F08DF940F21B41614808F07FF9160727
:102770004CBF0C460125002CEAD00026DA1E8DF84D
:102780000760092A00F29F80DFE802F00593977640
:102790009D9D9D9D9D9B594808F05BF98DF80760B4
:1027A000504EF36A9A0704D5554808F052F90023B1
:1027B0002AE0F36A002B01DA5248F6E7F36A5B007D
:1027C0006AD5514808F045F97369A26943F48073EA
:1027D0007361BFF34F8FBFF36F8F32F8023C7269A2
:1027E00022F480727261BFF34F8FBFF36F8F03F4D7
:1027F0007F42B2F55F4F26D1DBB2022B23D1216895
:10280000424808F026F923689DF80720CAB902AEAD
:1028100004F12007324620686168083403C2BC42D4
:102820001646F7D1099A002D59D0C2F3080121B9F3
:102830006FEA52226FEA42220992184602A9FFF774
:102840000BFE0BB0F0BD274B9A6AD2B232B1012019
:102850000DF10701FFF7FAFE0346D5E79A6A12F475
:102860007F4F05D001200DF10701FFF79DFEF3E733
:102870009B6AB3F5803F02D3FFF742FEECE72449A1
:1028800040F2ED231A4A1B4808F0F9F8214808F0F5
:10289000F6F840F2ED2167E71D494FF43C73144A06
:1028A000144808F0ECF81C4808F0E9F84FF43C71C3
:1028B0005AE700200DF10701CCE700200DF10701D8
:1028C000D3E7164871E7A3F11002154B10F4F87F17
:1028D0001449154808BF194608F0BBF867E76FF3BD
:1028E0000802A9E700ED00E0EFD401011BD50101CA
:1028F000E1D3010138CD01012ED501016CD50101D3
:1029000084D50101A6D50101B5D50101D5D50101B7
:102910005BE10101F2D5010116D6010146D60101A4
:10292000C1D40101D6D401016BD60101064B5A690D
:1029300042F010025A615A6942F480625A615A693F
:1029400022F008025A61704700ED00E0EFF30880C2
:10295000EFF3098101B57246FFF7E2FE01BD00BF4A
:10296000002080F31488BFF36F8F002080F30A8863
:1029700080F30B880F4880F3088802F085FF002061
:102980000D490860BFF34F8F00F02CF8402080F312
:1029900011880A484FF40061401880F30988EFF36A
:1029A00014800221084380F31488BFF36F8F08F06E
:1029B00018FB00008056002194ED00E080450021C6
:1029C000002318460649D1F89020C2F3072293420B
:1029D00000DB7047C1F89830C1F8A0000133F6E77A
:1029E00000ED00E010B572B6002484F31388FFF701
:1029F000E7FF23464FF0FF300C4A03F1200101337B
:102A0000102B42F82100F8D100234FF0FF30074A85
:102A100003F160010133102B42F82100F8D162B6B6
:102A2000BFF34F8FBFF36F8F10BD00BF00E100E019
:102A30001EF0040F0CBFEFF30880EFF309808169EB
:102A400011F8021C0229FFD001B5724608F0BAFA4B
:102A500001BD00BF40B2002807DB01234109034A42
:102A600000F01F00834042F82130704700E100E091
:102A700040B200280CDB01220649430900F01F0088
:102A80008240203341F82320BFF34F8FBFF36F8F75
:102A9000704700BF00E100E0054B420953F82220D7
:102AA000012300F01F0003FA00F01040704700BF40
:102AB00000E100E038B5D30704460D4612D48B1C64
:102AC000072B10D96B23114A1149124807F0D7FF81
:102AD000294611480623224607F0D1FF6B210B48F7
:102AE00007F0C4FF002360B20028ACBF00F16040D3
:102AF0000A4A4FEA4313DBB2ABBF00F5614000F076
:102B00000F0080F80033135438BD00BF7FD6010199
:102B1000B6D6010138CD0101D1D6010114ED00E096
:102B2000044B054A23F07F039360BFF34F8FBFF33D
:102B30006F8F70470000000100ED00E042F8203C7C
:102B4000009B0B4942F81C3C019B21F0010142F81B
:102B5000183C029B42F8081C42F8143C4FF080736A
:102B600042F8043C0023203A02654367704700BFE7
:102B70000D18010100B50D4B15469860026F0C4B06
:102B80000E461A60036E83F30B882C4686F3098881
:102B90000020044B98472046002100220023024CCD
:102BA0002047000007B001010D180101E8320021A3
:102BB000E03000211022014B1A61704700ED00E067
:102BC000054B5A699B689A421FBF044A536843F0F9
:102BD00080535360704700BFE832002100ED00E0F1
:102BE000084B9B6883420BD1EFF3058343B1064B3F
:102BF0005A6842F080525A605A6A22F400425A627D
:102C000006F034BDE832002100ED00E014498A6886
:102C10004FF030001044EFF3098C80E8F01F4020A3
:102C200080F31288BFF36F8F0E4F4FF000664A6932
:102C30008A603E60106F0C4C2060506F0023536719
:102C400080F3118802F1300090E8F01F8CF30988BE
:102C500002F1000004B508F0CFF9BDE80440704768
:102C6000E832002104ED00E0E030002100234021A3
:102C70000348C21801331E2B82F80013F9D17047A4
:102C800000E100E008B5EFF30583064A103B02EBD4
:102C9000C30152F8330049688847BDE80840FFF790
:102CA0008FBF00BFC8C6010101480068704700001F
:102CB000E03000211FB50121094B0A4A0A4800F003
:102CC000F7F80023064A0393084B0121019301A85A
:102CD000D31A029300F010F905B05DF804FB00BFB1
:102CE0000000012100000021B8CB0101E002002119
:102CF0000A7A0B6810B562F304031C46CB685209CC
:102D000023F01F0343EA4203044A43F00103C2F8DD
:102D10009800C2F89C40C2F8A03010BD00ED00E061
:102D200010B5074BD3F89030C3F30723013B98420B
:102D300002D8FFF7DDFF10BD6FF01500FBE700BF05
:102D400000ED00E02DE9F04F0F46144606464FF027
:102D500000084B4D85B0B84580F28E80D6F80490BF
:102D6000B9F1000F35D0B9F11F0F40F2838019F08F
:102D70001F0F7FD1D6F800A01AF01F0F7AD150464E
:102D800008F081F9834609EB0A00013808F07BF965
:102D900083456FD11BF1160F6CD05C456ADDC5F819
:102DA00098B0D5F89C10C5F898B0D5F8A03021F0AF
:102DB0001F0143F01F0AD6E900321A44994202F17A
:102DC000FF391BD1CA4508D131465FFA8BF008F0B4
:102DD00063F908F101080C36BDE73146C5F898B033
:102DE000D5F89C30E0B263F30402C5F89C2008F0EB
:102DF00053F910F1160F3DD0441CEAE7C5F898B01E
:102E0000D5F8A020013B23F01F0302F01F0213435B
:102E1000CA453146E0B2C5F8A030E8D008F03CF928
:102E200010F1160F26D0C5F898B0D5F89C209DF863
:102E300008300AF1FF3A62F304038DF80830D5F840
:102E4000A0309DF808205B0863F347128DF8082036
:102E5000D6E900321344009323F01F035344A3EB3D
:102E60000903013023F01F036946C0B20393FFF743
:102E700057FFBEE76FF01504204605B0BDE8F08FA0
:102E800000ED00E00522044BC3F89420BFF34F8F00
:102E9000BFF36F8F704700BF00ED00E0BFF35F8F9F
:102EA0000022024BC3F89420704700BF00ED00E001
:102EB00038B50C4D0C462A78FFF744FF28701630C1
:102EC0000FD140F28913084A0849094807F0D7FD95
:102ED0002146084807F0D3FD40F28911024807F067
:102EE000C5FD38BD3033002111D701015BE101017F
:102EF00038CD010140D701012DE9F74F314D894609
:102F000006464FF00008AB462F4FC84502DB03B022
:102F1000BDE8F08FD6F804A0BAF1000F4CD03168AC
:102F20000846019108F0AFF8019904460AEB010048
:102F3000013808F0A8F884424FF01402234B15D052
:102F400002FB08F36FF015024BF8032040F29913CF
:102F50001F4A2049204807F092FD49461F4807F0C4
:102F60008EFD40F299111A4807F080FD14F1160FFA
:102F70002C60EBD01978A142E8DD02FB08B0C7F85D
:102F80009840C7F89840D7F89C4000F10801007BB2
:102F900064F304000871D7F8A0000C79400860F3CE
:102FA00047140C71D7F89C1021F01F016960D7F805
:102FB000A01021F01F01296108F1010814350C3619
:102FC000A3E700BFE430002100ED00E03033002132
:102FD00011D701015BE1010138CD01016CD701017D
:102FE0002DE9F0416B4D6C4ED5F890303468C3F349
:102FF00007239C4286B013D940F20223674A6849EE
:10300000684807F03CFDD5F8902021466648C2F399
:10301000072207F034FD40F20221604807F026FD48
:103020000020FFF73BFF614BC5F8C03084421BD145
:103030005F4D01A82C70FFF7D3F9002607464FF02B
:1030400061085C4CB74216D100202B785149D1F869
:103050009020C2F307229342C0F295800020FFF730
:1030600011FF06B0BDE8F081716801EB0011FFF7B8
:103070003FFE0130DAE7019A300102EB0613D3F884
:103080000CC00CEA0401B1F1807F57D00AD8B1F529
:10309000001F29D0B1F5800F43D0B1F5801F14D0A7
:1030A0000136CFE7B1F1006F48D0B1F1805FF7D1C1
:1030B00059689B681258013B21F01F000344CDE979
:1030C000021223F01F0301220BE0596812589B687B
:1030D000CDE902122122013B21F01F00034423F01D
:1030E0001F038DF8102036E0596812589B68CDE90F
:1030F00002124122013B21F01F00034423F01F0371
:103100001CF0010F8DF81020059325D02A49842347
:10311000224A244807F0B3FC284807F0B0FC842179
:103120007BE759689B681258013B21F01F0003445C
:10313000CDE9021223F01F030622D2E75968125884
:103140009B6821F01F00013BCDE90212034423F0EC
:103150001F038DF810800593287802A9FFF7E0FD82
:1031600000280CDA0E4940F235230C4A0D4807F0CE
:1031700086FC134807F083FC40F235214DE72B789D
:1031800001332B708CE7C1F89830C1F8A0000133EF
:103190005DE700BF00ED00E0C4CB010111D70101E4
:1031A0005BE1010138CD01019BD70101AAFF440079
:1031B000303300210000F0FFCFD70101F5D7010126
:1031C00024D8010108B50649064821F00701C1F1DC
:1031D000045202F58032FEF769FA002008BD00BFF4
:1031E0006BA90021F830002170B541690446867A48
:1031F0000A4D59B1437ADB0706D42C2303FB06534F
:103200005B6A1B689B689847002363612C202146FA
:1032100000FB0650BDE8704009F012B85C020021C6
:103220002C22024B02FB0030704700BF5C020021E1
:103230002C21827A054B01FB02339A6A1B7F801A8C
:103240001B3323F00303B0FBF3F070475C02002153
:1032500038B52C24827A064B04FB02335B6AD3E92F
:1032600001240C601568FFF7E3FF04FB005038BD34
:103270005C02002108B543684BB107490748632346
:10328000074A07F0FCFB6321054807F0EFFB0382C8
:103290004369C36008BD00BF82D8010138CD010178
:1032A0005DD801012DE9FF470546684617461C46D3
:1032B000039109F07DF8DDE9008955B95C494FF4C7
:1032C00085735C4A5C4807F0DAFB4FF48571594816
:1032D00018E005F11406EFF3118A402383F31288F6
:1032E000BFF36F8F304606F039FC68B98423534A28
:1032F0005349514807F0C3FB3146524807F0BFFB22
:1033000084214E4807F0B2FB304606F04BFC6B8B35
:10331000002B5AD02A8B9A4239D900220023284602
:1033200004F008FD0446002831D0304606F024FCA5
:1033300068B94FF49973414A43493F4807F09FFBEE
:103340003146424807F09BFB4FF49971D9E78AF365
:103350001188BFF36F8F039D002D59D042464B4615
:10336000684609F04AF82C21A27A394B204601FB25
:1033700002335B6A03A91B681E68DDE90023B047BE
:103380006061002837D12046FFF72EFF2EE06C8BBE
:103390003046631E6B8306F0EFFB0028C9D08AF32A
:1033A0001188BFF36F8F2B7F2A8B1B33121BAC6AE4
:1033B00023F0030302FB0344254B264AEB1A9B1020
:1033C0005343A3722B7FE372C5E7304606F0D4FB6C
:1033D0000028AED08AF31188BFF36F8F23463A4698
:1033E000284604F0A7FC04460028B4D10024204657
:1033F00004B0BDE8F087039B9D420BD9164940F20B
:103400005F130C4A0C4807F03AFB40F25F115EE78D
:103410002B46656100210122616022816382E27A8C
:1034200004F1180009F01FF82046FFF723FFDEE73C
:103430009CD801015DD8010138CD0101E1CF010126
:103440003AD001014FD001010ED0010125D0010178
:103450005C020021A38B2EBAA1D801012DE9F04115
:103460000446F8B100264FF02C081D4F254664682D
:1034700005F10802D2E8EF3F591EC2E8E01F00281C
:10348000F8D113F0FF0319D140F2D713154A1649AA
:10349000164807F0F4FA2946154807F0F0FA40F20A
:1034A000D71108E013494FF4E2730E4A0F4807F0B2
:1034B000E6FA4FF4E2710B4807F0D8FA012B0AD173
:1034C000AB7AEE6008FB03736E601B6A284623B17B
:1034D0009847002CCAD1BDE8F081FFF785FEF8E7D8
:1034E0005C0200215DD80101BBD8010138CD01018A
:1034F000C8D80101B7D80101034670B505688288B4
:10350000DC889E68A818A41AAD1B641BA14209D9C7
:10351000064907483E23074A07F0B1FA3E2105480D
:1035200007F0A4FA0A449A8070BD00BF18D90101BF
:1035300038CD0101DDD8010108B5828803468A42F1
:103540000BD20949094840F2C313094A07F097FA18
:1035500040F2C311064807F089FA521A82800068C7
:103560000844186008BD00BF3CD9010138CD0101F5
:10357000DDD80101064AD2F8AC3123F00043C2F88D
:10358000AC310022034BC3F84C21D3F84C317047C7
:10359000002001410060014173B5354BD3E84F3F36
:1035A00000233449CDE90033334BD3F80445BFF34E
:1035B0005F8FD1F80465BFF35F8FD3F80425944281
:1035C000F3D16B46224601212B4807F09EFD32467F
:1035D00005460F21274801AB07F097FDE0B1019B9D
:1035E0000DB9009302E0009A9A42FAD8009B224853
:1035F0001C44013CD0F84C3524F07F449C421F49C8
:1036000032D0FFF7B7FFC0F84C451D4B009A9A42E5
:1036100018D901230B7001E0002DE7D1194AD2F827
:10362000AC3143F00043C2F8AC31134BD3F84C211A
:1036300032B90121144A5160D3F84C3103B1116001
:1036400001230DE0BFF35F8FD0F80435E41A24F0B6
:103650007F440E4B033C9C42DBD900230B700023BC
:103660000B4A137002B070BD0B78002BF7D0D5E772
:103670003533002100100141006001413333002146
:10368000FEFF7F000020014100B00041FBFF7F00F2
:1036900034330021F8B51E490023C1E8423F52BB34
:1036A0001C4B1D783DB305231B4E1C4F3478013451
:1036B000B4FBF3F303EB8303E41A07F041FE184A6B
:1036C000137823B157F82430C01A072813D9154BA3
:1036D000D3F8141141B10021C3F81411D3F81431F7
:1036E00034700CB901231370347807F029FE47F8C1
:1036F00024002846F8BD0C4A0025D2F8AC3123F04E
:103700000043C2F8AC310122084B5A60F1E700BF18
:1037100035330021343300213233002104310021BC
:1037200031330021005000410020014100B0004130
:103730000122024BC3F84025704700BF000008413A
:10374000502307B5244A0021C2F80C351422234B1C
:103750000846C3F820214FF40062214BC3F8BC2572
:103760004FF48062C3F838250DF1070202F0EEF83D
:1037700000280BDA1B491C4840F247231B4A07F07C
:103780007EF940F24721194807F070F99DF80710BB
:10379000174807F0EDFE9DF80710164807F0E8FE01
:1037A0009DF80710144807F0E3FE9DF807100A483B
:1037B00007F0DEFE9DF8070002F0E8F84FF4002263
:1037C0000E4BC3F844230022C3F84C21D3F84C31EC
:1037D00003B05DF804FB00BF00B0004100302041A1
:1037E000002001412FCD010138CD01014CD901014B
:1037F0004C610141282001412C210141006001411F
:1038000008B5054A054B104613603F23536002F08C
:1038100097F8002008BD00BF1831002100E0FFFF2D
:1038200070B50446807AFFF7FBFC6169054649B133
:10383000637ADB0704D4436A20461B689B68984779
:10384000002363612146284608F0FAFC034B1B68FD
:103850001BB1BDE870402A20184770BD20310021FF
:1038600008B5034B186808F0E0FC002008BD00BF55
:1038700024310021082808B50BD870B1431E072B4E
:103880000BD8DFE803F005040A140A0A0A1404201E
:1038900008BD10280DD020280BD007490748522317
:1038A000074A07F0ECF85221054807F0DFF802203C
:1038B000EEE70520ECE700BF5BE1010138CD010137
:1038C00076D90101811EC9B21E2938B5054613D823
:1038D0000A4CCC4014F001040CD0094807F0F6FB68
:1038E000044638B12846FFF7C5FF014604F10C0035
:1038F00007F0FCFB204638BD0024FBE741000040F8
:10390000B4020021014B1860704700BF2031002134
:10391000F8B501280546DDE9067609D0042804D16A
:10392000144807F0D3FB044620B900242046F8BD14
:103930001148F6E72846FFF79DFF04F10C05014604
:10394000284607F0D3FB002FF0D0002EEED0228ABD
:10395000638A61699B1AE268521A9B1A9E4203D9D4
:103960002046FFF77BFDE0E732463946284607F060
:10397000B1FBDBE75C02002188020021038A0146DB
:1039800023B1034B186883689B681847122070475F
:103990007401002110B5084B084C1860206808F02D
:1039A0000EFC30B1206806498368BDE810401B68F2
:1039B00018476FF0120010BD24310021740100215E
:1039C0006138010137B540230C460A490093411A7A
:1039D000491105462346084A084807F0CEFB014630
:1039E00028B12846234603B0BDE83040184703B04D
:1039F00030BD00BF3C310021E9B1010104C6010125
:103A0000C9B2012908B509D9084909487E23094ADC
:103A100007F035F87E21074807F028F80C220369E3
:103A200001FB0233986C00F0070008BDE5D90101E5
:103A300038CD0101A8D9010170B5C9B201290346E9
:103A400000690BD91749184840F2E113174A07F0EB
:103A500016F840F2E111154807F008F8EFF3118667
:103A6000402484F31288BFF36F8F0C2505FB0104FB
:103A7000A46C14F0C00401D0A24210D1012205FBB5
:103A800001008264002086F31188BFF36F8F28B98C
:103A90005B6803EBC1035B689847002070BD4FF083
:103AA000FF30F0E7E5D9010138CD0101A8D90101C6
:103AB00070B50D4606490446411A49114022054891
:103AC000FFF7BAFF2B4601462046BDE87040184775
:103AD0003C31002104C60101F8B500220121054650
:103AE0000520FEF7E7FF104801F0C8FE0446B8B90C
:103AF00007F005FD2F690D49384607F00FF8031E42
:103B000009DB0126BE642D69084905F1200007F094
:103B100005F8031E02DA1C462046F8BD6E65FBE779
:103B20006FF00404F8E700BFE13B010134CC010170
:103B30001FB5002201236C46CDE902236B46074ADC
:103B4000CDE9004407F049FB28B94FF48042002337
:103B5000684604F0F9F904B010BD00BFF5B10101E9
:103B600010B5EFF31184402383F31288BFF36F8FF6
:103B7000074A136823F00201DB07116002D4012019
:103B800001F05CFE84F31188BFF36F8F10BD00BF9E
:103B9000943100210C22104B014602FB003300201F
:103BA00030B4D3E910521864EFF31180402484F349
:103BB0001288BFF36F8F9C6C04F0C00444F00204C1
:103BC0009C6480F31188BFF36F8F1DB12B4630BC0E
:103BD0000248184730BC70473C31002104C601013F
:103BE000012808B506D0072808D098B90F4B9B6C60
:103BF0005B0719D1BDE80840FFF7CCBF0C4940F284
:103C00000B330C4A0C4806F03AFF40F20B310948DE
:103C100006F02CFF064940F21533064A064806F026
:103C20002EFF40F21531F2E708BD00BF3C31002104
:103C30005BE10101A8D9010138CD010110B4EFF316
:103C40001180402282F31288BFF36F8F17490B68EF
:103C500043F0020413F001030C6019D0144BD3F8A5
:103C60000C14D3F80C3413F0010311D0EFF31181CD
:103C700082F31288BFF36F8F0E4A936C03F0C00378
:103C800043F00203936481F31188BFF36F8F012324
:103C900080F31188BFF36F8F1BB1002010BCFFF7BA
:103CA00079BF012010BC01F09FBD00BF94310021FD
:103CB000005000413C3100212DE9F041012206462F
:103CC0004149D1E8EF3FC1E8E02F0028F9D1A3B97D
:103CD0003E493F484B60CB608A60FDF7CDFF00282E
:103CE0000BDA3C494FF42D733B4A3C4806F0C7FEC3
:103CF0004FF42D71384806F0B9FE002E4DD0731EDA
:103D0000012B56D8012E06D1354BD3F81C3403F0C5
:103D10000303022B41D008F0CCFA054650B1EFF373
:103D20001188402383F31288BFF36F8F01252C4C39
:103D30002C4F21E02C4B1B78002BF0D00222284B7B
:103D40008046C3F80823F2E74DB3404607F07DF9FB
:103D5000D4F81835DBB2012B0ED1D4F804215AB1B6
:103D60000022C4F80421D4F804210222C4F8182542
:103D70002022C7F88021A360D4F81824D4F818347E
:103D8000D203E1D503F00303022B01D0012EDBD1D6
:103D900055B188F31188BFF36F8FBDE8F081002122
:103DA000212005F0D3FBD3E702220D4BC3F80423F7
:103DB000F3E70E4940F2C623074A084806F05FFEC3
:103DC00040F2C62196E700BF38310021283100219A
:103DD0005C31002109DA0101A8D9010138CD0101C6
:103DE0000050004100E100E07B3500215BE1010172
:103DF000EFF31182402383F31288BFF36F8F0A4BD6
:103E0000D3F8001161B10021D3F80805C3F80011FF
:103E1000D3F80031C0B282F31188BFF36F8F7047BF
:103E20006FF00A00F7E700BF00900041F0B50346CD
:103E30008478C678EFF3118E402080F31288BFF3A8
:103E40006F8F1D7893F801C0641B3440A24288BF75
:103E5000A2B2AF18374028461F708EF31188BFF307
:103E60006F8F8F188F4217D165450CD1EFF31181F9
:103E7000402080F31288BFF36F8F1878587081F359
:103E80001188BFF36F8F1B79A41AA34290B222BF8F
:103E90000122064B1A60F0BD03EB000E9EF805E010
:103EA000013001F801EB3040DCE700BF0090004139
:103EB0002DE9F0472F4D00690E46A84214460BD05D
:103EC0002D492E4840F203132D4A06F0D8FD40F24A
:103ED00003112B4806F0CAFDDB4313F0010504D0A3
:103EE0002030FFF7A3FFBDE8F087B2B3EFF31187EF
:103EF000402383F31288BFF36F8F0920FEF7CCFDB8
:103F000080460920FEF7B4FD87F31188BFF36F8F59
:103F1000DFF870A04FF40079CAF80051DAF80031E8
:103F200001232546184FCAF80030C7F88091DAF807
:103F30000031A3B1FFF75CFF031EA4BF05F1FF35FD
:103F4000ADB2C7F88091A8BF7355002DEFD1B8F17D
:103F5000000F02D00920FEF77DFD2046C3E7EFF3F6
:103F60001180402383F31288BFF36F8F07F06DF841
:103F7000DDE700BF9831002153DA010138CD01019E
:103F800021DA01010090004100E100E0F8B5184B92
:103F900007690D469F42144625D016491648E52369
:103FA000164A06F06CFDE521144806F05FFD4FF05F
:103FB000FF334FF0FF32384603F0C6FF2246294652
:103FC0000F48FFF733FF0646384603F041FF3EB97E
:103FD0004FF0FF324FF0FF330A4803F0B5FFE6E73A
:103FE000A41BA4B23544002CE1D12046F8BD00BF8B
:103FF0009831002153DA010138CD010121DA0101A4
:10400000CD310021A831002138B5204B04699C42F4
:104010000BD01F491F4840F247131F4A06F02FFDDF
:1040200040F247111C4806F021FD012220461146AE
:1040300008F010F90122002104F1100008F00AF93B
:1040400040F2074323874FF0706323620C2300255F
:10405000012184F82430114B84F83550E586D3F8DB
:104060000425092022F00102C3F80425C3F80051F9
:10407000D3F80021C3F804132A461960FEF71AFD8D
:104080000920FEF7E7FC284638BD00BF9831002123
:1040900053DA010138CD010121DA0101009000411C
:1040A00010B5FFF7A5FE002820DB174BC0B293F830
:1040B000222093F8214093F82310141B31EA0404C2
:1040C0000DD193F8372093F8364093F83810141B2D
:1040D00031EA04040BD101220C4B5A600EE09C180B
:1040E0000132114084F8250083F8221010BD9C187D
:1040F0000132114084F83A0083F837100448BDE8D3
:10410000104003F0A5BE00BF98310021009000418F
:10411000A831002138B5036961B921496423214AD6
:10412000214806F0ACFC214806F0A9FC64211D489A
:1041300006F09CFC486850B91D496523194A1A4885
:1041400006F09DFC1B4806F09AFC6521EFE75868D5
:1041500000B30024884219D108688CB99C68586063
:10416000A14200D19860002008602AB15A680A6014
:104170009A68596002B9996000200FE02846E9E783
:1041800020609868814208BF9C60ECE7056804469F
:10419000002DF3D1002AE9D16FF0150038BD00BF22
:1041A000BFDA010183DA010138CD0101C8DA01016A
:1041B000D7DA0101E9DA010108B50368590914D019
:1041C000012906D14FF6FF7203F01F03DA40D20730
:1041D0000ED40B490B484FF482630B4A06F04FFC98
:1041E0004FF48261084806F041FC4FF0FF32EBE7E4
:1041F0000360064B0648012908BF184608BD00BFEA
:1042000033DB010138CD010100DB010100088C41E5
:1042100000058C4170B5446801F01F05207C86B014
:1042200045EA4015A068002872D0B2F5001F04D1FD
:10423000294601F065FF00204EE06068667CB2F51B
:10424000800F46624FF0000601A80196466032D109
:10425000B3F1007F14BF052304238DF8043000233D
:10426000CDE904030393E3686E46CB4013F0010FDE
:1042700034D1B2F1A07F31D168460095FFF79CFFA1
:10428000009B803350F82330DB0727D46A46294649
:10429000A06801F0DBFD163018D002962946A06810
:1042A00003AA01F073FC002816DB01222946A0684E
:1042B00001F0A4FEBFE7B3F1C06F05D0B3F1007FFA
:1042C00014BF01230223C8E70323C6E76946A06899
:1042D00001F074FE0028E0DA06B070BD32462946CF
:1042E000A06801F0B3FD0028D8D19DF80010A068A7
:1042F00001F048FE0028D1D00749084840F2F113E8
:10430000074A06F0BCFB40F2F111054806F0AEFB8F
:104310006FF08500E0E700BF2FCD010138CD01012E
:1043200056DB01012DE9F043466840F20635337C47
:10433000D00601F01F0747EA431748BF032302EAEC
:10434000050558BFC2F3401387B0B5F5837F144607
:104350008DF8033043D00DD8062D16D005D8A5B161
:10436000022D3ED06FF0150036E0B5F5807FF9D113
:1043700001250AE040F20222954234D0B5F5407F93
:1043800033D0B5F5007FEDD1022522032FD50123CF
:1043900072688B409360B06880BB03A80397FFF7F7
:1043A0000BFF039B00EB8300C4F3004383F0010386
:1043B000C4F34044D0F8002244EA43049DF803309B
:1043C00022F4706244EA830422F00F0244EA0523D7
:1043D0001343C0F80032002007B0BDE8F083072582
:1043E000D3E70425D1E70525CFE70325CDE7630310
:1043F00041BF012372688B40D360CCE739460DF191
:10440000020201F023FD14F4403F804617D13946E3
:10441000B06801F09FFDB8F1000FDCD19DF80210EB
:10442000B06801F0AFFD0028D5D01E491E48FC231E
:104430001E4A06F024FBFC211C4806F017FB4FF037
:10444000000901ABCDE90199CDE90439CDF80C9013
:104450003946B06803AA01F099FB4845BBDB14F468
:10446000003314D09DF80330C4F3004484F00104F9
:104470008DF80E308DF80C508DF80D404B463946B6
:10448000B06803AA01F044FC0028C4DAA3E7CDE930
:1044900004330DF1030303933946B06803AA01F016
:1044A00075FBF1E72FCD010138CD010156DB01018C
:1044B0004209034670B502D0012A1ED070BD144EC9
:1044C000326951680029F9D0012503F01F030C68F7
:1044D0009D400029F2D08A682A4012D04B6873B9F7
:1044E0000C4989230C4A0D4806F0C9FA0C4806F01D
:1044F000C6FA8921084806F0B9FA0A4EE0E73046C4
:1045000098471CB1236821461C46E2E72346FAE798
:104510003CC6010182DB010183DA010138CD0101D2
:10452000E9DA010120C6010138B54568A86890B1F3
:1045300001F0F6FC014670B9A86801F0BBFC044626
:1045400058B902460649A86801F068FC22460521D0
:104550000A20FEF7AFFA002038BD6FF00400FBE739
:10456000B144010110B504460269A2B01749C2F86E
:104570008000002001F0D0FE002201211220FEF771
:1045800099FA8422002101A8646807F06CFF0023D7
:10459000012001AA61680432D940C90744BF00FA6A
:1045A00003F142F8041C2168D940C90748BF00FA4A
:1045B00003F103F1010348BFD163102BEAD101A835
:1045C00001F0D0FE002022B010BD00BF5BB201019F
:1045D00038B5114922F07F45D1E90030D41AE318EB
:1045E00040F10000C1E90030A5F50013B3F5400F1C
:1045F00009D20A4B1B681A0A1B065819084B42F1CC
:104600000001C3E9000105F0E3FC01462046BDE8D6
:10461000384005F045BC00BF6817002184320021F6
:10462000701700210D4B1868010A0006BFF35F8F59
:104630000B4BD3F80435181841F10001B3F5801F76
:104640000AD2084BD3E90023904271EB030303D253
:1046500010F1807041F10001704700BF84320021E9
:1046600000600141701700212DE9F74306F080FD3D
:10467000294BD3F8042391070BD5D3F8042142B179
:104680000022C3F80421254AD3F80431136801330A
:104690001360214CD4F80433DA031FD5204BD3E840
:1046A000EF2F22F00101C3E8E01F0028F7D1D30764
:1046B00002D4D4F840318BB10025C4F84051D4F86D
:1046C0004031FFF7AFFFEFF3108272B6154BD3E91D
:1046D0000267B042B94104D282F3108803B0BDE84A
:1046E000F0834FF0FF38D3E900104FF0FF391D6021
:1046F000C3E902894FF48033C4F84833C4F8405109
:10470000D4F8403182F310880029E7D00090324677
:104710003B4628468847E1E700600141843200219A
:104720007C320021581700212DE9F84F06460F462C
:10473000434DD5E8EF8F28F00103C5E8E23F002A9A
:10474000F7D14FF480393F4CC4F80893BFF35F8F23
:10475000BFF36F8FFFF766FFB04271EB070308F0FE
:10476000010840D2384B301A67EB0101984271F1D1
:10477000000148D2354BD3E902239F4208BF96423D
:104780003AD04FF0000C26F07F40834603216FF0B3
:10479000020EC4F84893C4F840C1D4F84031DFF8A1
:1047A000B0A02BF07F43C4F84035C4F84493D4F84C
:1047B0000425AEEB02035B4423F07F4353451BD932
:1047C000D4F840315BB1D4F80425131A23F07F43A9
:1047D000B3F5000F10D9C4F840C1D4F8403101EB53
:1047E000020B0131DDE71B4BD3E8EF1F41F0010164
:1047F000C3E8E21F002AF7D1144B174AC3E9026746
:104800001A6000225A60B8F1000F16D0D5E8EF3FC9
:1048100043F00103C5E8E23F002AF7D14FF48032AC
:10482000084BC3F804230B4BD3E8AF3FDB0742BF71
:104830004FF48002094BC3F80021BDE8F88F00BF98
:1048400080320021006001410100800058170021E2
:10485000FDFF7F007C320021D145010100E100E035
:1048600070B54FF0FF3000254FF0FF31164C174B5D
:104870000226C4F80833C4F84833154BC4F8085569
:10488000C3E902014FF480334FF48002C4F80433CB
:10489000104B0121C4F804631620C3F880212A4676
:1048A000FEF708F91620FEF7D5F801230A4AA3609F
:1048B0000021236009481360FFF736FF3046FFF7F9
:1048C000FBF9284670BD00BF0060014103000F00E6
:1048D0005817002100E100E080320021FFFF7F0037
:1048E000431C10B50F4C05D08442A8BF0446012CD0
:1048F000B8BF0124FFF796FE0B4AD2E90031C01A77
:10490000B0F5000F074A0AD22044904228BF104653
:10491000BDE81040C01841F10001FFF705BF104687
:10492000F6E700BFFFFF7F006817002108B5FFF71B
:1049300079FE024B1B68C01A08BD00BF6817002132
:1049400002460B46014802F07FBF00BFE401002190
:10495000014803F041B800BFE401002170B50646EC
:1049600088B00D462348244903F0D8FC03A8F8F783
:10497000A2FB224807F023FC002834D0204B01A8DA
:104980000193ECF75FFB88BB4FF0FF304FF0FF3136
:10499000FFF7D6FF044638B91A491B48EBF7A8FEC3
:1049A000044620B1FFF7D4FF204608B070BD41F6A1
:1049B0004C5302A80293EEF7EDF820B1FFF7C8FFC1
:1049C0006FF08504F0E7012368468DF80030FAF7B0
:1049D000CDF80028F2D1FFF7BBFF33690B481D600B
:1049E000FEF790FFE0E76FF01204DDE76FF01504CB
:1049F000DAE700BF8C320021F1B3010158C6010192
:104A0000114A010178170021C54B0101994B0101A1
:104A100003460A4610B5114881680C6864B910490C
:104A20006623104A104806F02AF8104806F027F8C6
:104A300066210C4806F01AF81946A04768B10C49DF
:104A40004FF436730B4A084806F019F80A4806F086
:104A500016F84FF436710748ECE710BD58C601014F
:104A6000ECDB0101B8DB010138CD01010CDC0101F7
:104A70002FCD010132DC01016BDC010130B534487E
:104A800085B0EBF719FD044600285BD1EBF772FE09
:104A9000EBF77CFEF8F711FBF8F711FBF8F713FBC7
:104AA000F8F70FFBF8F70FFBF8F70FFB0121204693
:104AB00001AA8DF80440EBF747FD002841DB0225F1
:104AC0002046294601AA8DF80450EBF73DFD002849
:104AD00037DB08230721204601AAADF80430EBF7A5
:104AE00033FD00282DDB4FF0FB13019340F203232D
:104AF0000321204601AAADF80830EBF725FD002878
:104B00001FDB0421204601AA8DF80450EBF71CFDA1
:104B1000002816DB40230621204601AAADF8043008
:104B2000EBF712FD00280CDB41F25A6398420CD9D6
:104B300084F31188BFF36F8F0423184602DF6FF0F0
:104B40000B000446204605B030BD2046F9E700BF03
:104B500049B3010108B50A490A4807F09AFB002841
:104B60000CDA09492F23094A094805F088FF09484A
:104B700005F085FF2F21054805F078FF08BD00BF2F
:104B80008C320021D82D00215BE10101A5DC01015F
:104B900038CD0101CEDC0101094B93F8FB31042B28
:104BA00002D1810709D47047022B02D1020704D435
:104BB0007047082B03D1830601D5FFF7CBBF7047A1
:104BC0003633002170B53A4C94F8FB3103B394F8B6
:104BD000FB31042B3ED120783E282DD1A378022B27
:104BE00028D00D2B28D1E378012B25D1A588C5F33A
:104BF000001500220023294606F0BCFA0646E8B953
:104C0000BDB1002384F8FB31BDE87040FFF7A2BFBF
:104C10004FF0FF304FF0FF31FFF792FE48B92046CA
:104C200004F2FB1100F00AFD0546FFF791FE002D8E
:104C3000CDD070BD0125DCE70025DAE762781C499C
:104C400002320C3006F046FA31461A4B1B681A48FD
:104C50009847D6E7022B15D1002200230820FEF743
:104C600031FE05460028E4D062880432B2F5FE7FAA
:104C700014D20F4905F10C0006F02CFA0D4B294611
:104C80001B68E4E7082BBCD1002200232020FEF79C
:104C900019FE628805460028E7D1CAE7002383F39E
:104CA0001188BFF36F8F0423184602DFA9E700BF06
:104CB000363300218832002190C6010142F264039C
:104CC000984244D030D842F21903984220D842F298
:104CD0000C03984215D840F21D4240F20643904220
:104CE00018BF984214BF012000207047A0F5015062
:104CF0002838184B80B2C34003F0010383F0010051
:104D00007047A0F500500D3841F2412380B2F2E720
:104D100042F2320398421AD0A0F50150033801281C
:104D200094BF00200120704742F28503984209D8C1
:104D300042F267039842D9D842F26603C01A18BFFC
:104D4000012070474FF6025320F00800F6E70020DC
:104D5000704700BF2F8040202DE9F341B74D0688F2
:104D60002A78044633B2002A40F0638442F23D01BF
:104D70008B4241DC42F235018B4226DC42F20601D5
:104D80008B4232D02CDC40F603418B4242D00423CC
:104D90008DF80730AA4B2788D3F80080B8F1000FB0
:104DA00069D1B7F5105F4FEA97235FD2002B60D02F
:104DB000013B072B5DD8DFE813F078005C008A0028
:104DC000F9004B015C005C005B01A6F50053373B2A
:104DD000062B15D8DFE803F0212121191421210029
:104DE000A6F50053083B022BD1D804210123954896
:104DF0000278A2B90370CAE742F27F029342C6D199
:104E000000230521EB710223F1E700230621EB715A
:104E10002B72F8E78B4B1A70B9E70421F3E79A423B
:104E2000B5D03046FFF74AFFA8B10E236B700123BF
:104E3000EB700C23A970AE80AB7101232B7040F690
:104E400035439E4203D1AB79002B00F0F083002064
:104E500002B0BDE8F0810F236B700423AB700C230C
:104E6000EB700123A5F805602B71E6E73F2B00F0FE
:104E7000298301217DE0744920460DF106030DF1DF
:104E80000702C047012801468BD09DF8063013B9B0
:104E9000012940F0C2830F236B700423AB70012300
:104EA000E9702B71A5F80570C7E7204640F206426D
:104EB00030F9033B934206D040F21D429342D8D1D1
:104EC000EDF7E2FC01E0EDF721FC014651E0204660
:104ED00040F6354130F8032B13B28B4228DC40F604
:104EE0002C418B420ADC40F6014293422FD040F61F
:104EF00003429342BDD1F8F7D5F8E6E7A2F62D4379
:104F0000082BB6D801A252F823F000BF554F01017B
:104F1000734E0101734E0101734E0101674F010190
:104F2000734E01016D4F0101734E0101834F010169
:104F300040F67B42934227D040F67C4293422CD0ED
:104F400040F66342934294D1EBF770FCBDE7EBF778
:104F50005BFCBAE79DF807303C4903338DF8073016
:104F6000F9F7E8F8B1E7EDF747FBAEE706F084FAAA
:104F7000C1B23846FFF7A2FE80F001008DF80600AE
:104F800083E7EDF767FBA0E79DF807302F4904336F
:104F90008DF80730F9F743FD97E79DF807302B4967
:104FA00002338DF80730F9F75DFD8EE72388A3F50E
:104FB0008053013B082B3FF65CAF01A252F823F06F
:104FC000E54F0101F74F01010B500101734E010143
:104FD000734E0101734E0101734E0101734E0101C5
:104FE0002B5001019DF80730184808338DF8073021
:104FF000F9F78EF869E79DF80730144840338DF8CB
:10500000073006F0F7F90021B3E700229DF80730DA
:1050100008338DF807300D4B1A605A60EB7A23F095
:10502000600343F06003EB72EDE79DF8073007483B
:1050300006338DF80730F9F7CDF846E73335002110
:105040009C32002132350021343500213A350021CF
:1050500041F2054322889A427FF40BAF9DF8073056
:10506000E4490333E01C8DF80730F9F73DFD2CE7E8
:10507000204630F8033BA3F50053013B7E2B3FF65F
:10508000F8AE01A252F823F0855201018B520101C2
:105090009D520101734E0101AF520101B552010150
:1050A000BB520101CD520101D3520101D95201017C
:1050B000734E0101734E0101734E0101734E0101E4
:1050C000E5520101F7520101FD52010103530101B3
:1050D000734E0101095301010F53010121530101D5
:1050E0002753010139530101734E01014B53010153
:1050F0005D5301016F530101734E0101734E0101B4
:10510000734E0101734E0101734E01019953010168
:10511000AB530101BD530101734E0101734E0101F7
:10512000C3530101C9530101CF530101D5530101FB
:10513000734E0101734E0101E7530101ED5301016B
:10514000F95301010B5401011D54010123540101C4
:10515000734E0101734E01012954010141540101B3
:1051600053540101595401015F5401016554010177
:1051700077540101895401018F540101734E0101DB
:10518000734E0101734E0101734E0101734E010113
:10519000734E0101734E0101734E0101734E010103
:1051A000734E0101734E0101734E0101734E0101F3
:1051B00095540101AD540101BF540101A7540101EF
:1051C000734E0101734E0101734E0101734E0101D3
:1051D000734E0101734E0101734E0101734E0101C3
:1051E000734E0101734E0101734E0101734E0101B3
:1051F000734E0101734E0101734E0101734E0101A3
:10520000734E0101734E0101734E0101734E010192
:10521000734E0101734E0101734E0101734E010182
:10522000734E0101734E0101734E0101734E010172
:10523000734E0101734E0101734E0101734E010162
:10524000734E0101734E0101734E0101734E010152
:10525000734E0101734E0101734E0101734E010142
:10526000734E0101734E0101734E0101734E010132
:10527000734E0101DF520101734E0101734E0101B2
:105280002F540101EBF7DCFA1FE69DF8073059486F
:1052900003338DF80730EDF72FFA16E69DF8073047
:1052A000544808338DF80730F9F71CF90DE6F8F784
:1052B000AEFF0AE6EDF7FEFB07E69DF807304D4826
:1052C00001338DF80730F8F771FFFEE5F9F723FB9E
:1052D000FBE5F9F70BFAF8E5F9F760FBF5E5F9F707
:1052E00055FCF2E59DF80730424801338DF8073050
:1052F000F8F75AFEE9E5F8F75EFEE6E5F8F7A6FEF0
:10530000E3E5F8F7BFFEE0E5F9F786F8DDE59DF89F
:105310000730384907338DF80730F8F786FFD4E5B2
:10532000F9F7D0F8D1E59DF80730324910338DF800
:105330000730F8F746FFC8E59DF807302D480833D9
:105340008DF80730F8F7F0FEBFE59DF807302949E2
:1053500002338DF80730F9F742FBB6E59DF80730C8
:10536000244902338DF80730F9F74AFBADE59DF883
:10537000073008338DF807308F23EB71CC232B7265
:1053800030236B72EC23AB72C023EB7201232B73BF
:1053900000236B73AB7336E69DF807301549023373
:1053A0008DF80730F8F762FF8FE59DF80730114858
:1053B00004338DF80730EDF731FA86E5EDF716FA8C
:1053C00083E5F8F706FE80E5F8F726FE7DE5F8F7B9
:1053D0008DFE7AE59DF80730064801338DF80730D9
:1053E000F8F792FE71E5F8F771FE6EE5F8F765FEE5
:1053F0006BE500BF3A3500219DF807308E48083331
:105400008DF80730F8F766FF5FE59DF807308A49A9
:1054100004338DF80730F8F785FF56E5EDF708FA05
:1054200053E5F8F7BEFF50E5F9F756FA4DE59DF85C
:105430000730814901338DF80730F9F75BF844E50F
:105440009DF807307C4901338DF80730F9F785F86E
:105450003BE5F9F785FA38E5F9F7D0F935E5F9F7DD
:1054600000FA32E59DF80730734802338DF80730B3
:10547000F9F7E2F929E59DF807306F4801338DF817
:105480000730F9F7E3F920E5F9F794F81DE5F9F7A6
:105490009FF81AE59DF80730674802338DF807300A
:1054A000F8F763FE11E5F8F726FF0EE59DF80730E3
:1054B000614804338DF80730F8F768FE05E5EDF72D
:1054C000D1F802E520464FF60C5230F8033B9342E8
:1054D00046D84FF60252934224D803F2FF3292B2DA
:1054E0000A2A3FF6C6ACA3F57C43013B0A2B3FF6E4
:1054F000C0AC01A252F823F0795501018B5501018E
:10550000734E0101734E0101734E0101D955010122
:10551000734E0101734E0101B5550101C7550101DB
:10552000DF550101A3F57D43033B092B3FF6A1ACF9
:1055300001A252F823F000BFF1550101734E0101A1
:10554000F7550101734E0101734E0101734E0101C4
:10555000FD550101734E0101734E01010356010116
:105560004FF6145293424FD04FF6165293427FF4A7
:1055700080ACEDF717FBA8E49DF807302E480C33FC
:105580008DF80730F7F7A3FD9FE400229DF8073060
:1055900040338DF80730284B1A80EB7923F0230332
:1055A00043F02303EB712B7A23F0070343F0070347
:1055B0002B7228E59DF807301F4817338DF8073008
:1055C000F7F7A0FD81E49DF807301B4820338DF8E4
:1055D0000730F7F7BBFD78E4F7F792FD75E49DF827
:1055E0000730154801338DF80730F7F7CCFD6CE430
:1055F000F9F7BCFA69E4EDF7CDFA66E4F7F7D9FDFF
:1056000063E4F9F79CFA60E49DF807300A49043333
:105610008DF80730F7F7D1FD57E49DF807300E22DB
:10562000AB7001236A70EB70AF80A97105E42B7039
:105630000DE44FF0FF300BE43A35002138B5094C4A
:105640000D4623781BB9BDE83840F7F728BFA2788C
:10565000611C023206F0FAFE0020042320702B7039
:1056600038BD00BF333500211FB500230A22019346
:105670000293CDF80B300091014601A806F00DFF12
:1056800040F24D13074A0849084805F0F8F9084860
:1056900001A9009A05F0F3F940F24D11014805F017
:1056A000E5F900BFFCDC01015BE1010138CD01013E
:1056B00029DD0101322337B50125ADF8043000237F
:1056C0001A216846104A8DF80630ADF800508DF862
:1056D0000230F7F727F9044698B905F095FD80B236
:1056E000F5F75EF92A4621460C20FDF7E3F92A4634
:1056F00021461120FDF7DEF92A4621460820FDF754
:10570000D9F9204603B030BD6956010108B54FF004
:10571000FF304FF0FF31FFF713F948B10749084850
:10572000E623084A05F0ABF9E621064805F09EF9A4
:10573000FBF78CFEBDE80840FFF70AB940DD010128
:1057400038CD0101FCDC010108B50A490A4806F020
:10575000A0FD00280CDA09492F23094A094805F061
:105760008EF9094805F08BF92F21054805F07EF9DF
:1057700008BD00BFA0320021D82D00215BE101014E
:10578000A5DC010138CD0101CEDC010113B50024F7
:105790006FF009034FF480620A490B48009402F04D
:1057A00045FF0A49084806F08AFD0949094802F000
:1057B000B5FD224604211A20FDF77CF9204602B0EF
:1057C00010BD00BF80410021D82D00214DDD010119
:1057D0000D570101A032002110B9024B1B68184778
:1057E000704700BFB032002110B538B101280BD18D
:1057F000BDE8104000200B49F5F706B80A4B012020
:10580000BDE810401B68184708494C23084A09485E
:1058100005F035F9084805F032F94C21044805F047
:1058200025F900BFD9570101B03200215BE1010128
:1058300057DD010138CD010194DD010108B598B1B2
:10584000012804D1BDE808400020F4F7F9BF07495A
:105850005F23074A074805F012F9074805F00FF9DA
:105860005F21034805F002F908BD00BF5BE10101BB
:1058700057DD010138CD010194DD0101014B1860B4
:1058800000207047B03200210022D30003F1FF73E3
:1058900003F58033D3F80013013107D0D3F8001398
:1058A0000132D3F80433202A0B60EED11E4BD3F81B
:1058B0003021072A0DD1D3F83431022B09D11B4BEB
:1058C000D3F80024D00742BF0022C3F81421C3F844
:1058D0001821154BD3F83021072A1FD1134AD2F8CB
:1058E0000014C90744BF6FF00101C2F80014D3F8D7
:1058F0003431023B022B11D97F230D4A0D49C2F8E6
:1059000018310023C1F8043EC1F8083EC2F8243122
:10591000C2F82C3102F57F22C2F81031064B1A680A
:10592000064BC3F8442570470000FF0100500041BA
:1059300000200041000008410080FF01006000419C
:10594000014B1860704700BFB432002110B50B4BFB
:105950001446186858B90A490A4840F2F3130A4A2B
:1059600005F08DF840F2F311074805F07FF805F0D7
:10597000CCFD0028A4BF2070002010BDB43200214F
:10598000E1DD010138CD0101A4DD01010123024A5D
:105990008340C2F80435704700F00041034A4309D0
:1059A000D35C00F01F001844C0B2704770EC0101D6
:1059B00010B504460846FFF7F1FF04EB4000838A68
:1059C000DA051CD5C3F3432123F4F853838204F191
:1059D000120204F1720032F8023F13F4807F03D008
:1059E000C3F3432399420AD09042F4D1002204EB3E
:1059F000C1035A6004F1780005F0A1FD00B910BDA3
:105A0000054906484FF4DB73054A05F038F84FF4B2
:105A1000DB71034805F02AF82FCD010138CD0101D3
:105A2000F7DD010108B502680146104605F0A6FD44
:105A300058B910494FF482630F4A104805F01FF817
:105A40004FF482610C4805F011F802F01F0352096F
:105A50000B600BD0012A0BD0094940F21943064ACA
:105A6000064805F00CF840F21941EBE7054808BD7F
:105A70000548FCE733DB010100DB010138CD010102
:105A80005BE1010100058C4100088C41072808B545
:105A90000BD90849084840F2A733084A04F0EFFF41
:105AA00040F2A731054804F0E1FF800000F5807066
:105AB00008BD00BF6ADE010138CD010135DE0101FC
:105AC000024611F0010030B511D18B07C1F340003F
:105AD00019D50D49086A50600C4A0862D2F8302185
:105AE000072A08BF0A6A003818BF01200BE0084CDB
:105AF000064D236A13602362D5F83051072D08BF85
:105B0000246A002BE1D030BD00088C410000FF0169
:105B100000058C41F7B504460846FFF73FFF04EB4C
:105B20004006B38A0D46DB072AD5204605F019FE4C
:105B30002946204605F034FD50B1204605F05FFDB2
:105B40000023276807EB8000C0F81035C0F8103537
:105B5000204600242946FFF72BFFB48201A80195B7
:105B6000FFF760FF019B00EB8300D0F80022064B9B
:105B7000134043F00203C0F80032204603B0F0BDEA
:105B80006FF01500FAE700BFF0F0FCFF2DE9F043DD
:105B90000E461746044685B058B95A495A4840F24D
:105BA0005E435A4A04F06BFF40F25E41574804F0EE
:105BB0005DFF0846FFF7F2FED7F800800546B8F112
:105BC000000F19D0204605F00FFD18BB4346CDE964
:105BD00000008DF80E008DF80F000DF10F02304619
:105BE0000DF10E0105F034FD04EB4502938A23F01C
:105BF000020343F0010393827B689BB33146204646
:105C000093F80080D3F8049005F0E3FC28B1B9F1D3
:105C1000000F1FD06FF0150027E004EB4500838ACA
:105C200023F4604323F020038382B9F1000F11D0E5
:105C3000B8F1030FEED87B6821685B6893F800C069
:105C40004FEA8C031944B8F1000F11D1C1F8108547
:105C5000C1F8108504EB4502938A23F01C0343EA44
:105C600088039382BB6843BB002005B0BDE8F08386
:105C7000D1F8102522F00302C1F810252268134440
:105C8000D3F8102522F44F3222F44072C3F81025C5
:105C90003202D3F8101502F47C5242EA08420A4359
:105CA000C3F8102504EB4C03A3F87C60838A43EA15
:105CB0004C3343F020038382CCE73146D3E90078AC
:105CC0002046FFF775FE002FCED063689F4206D0B6
:105CD00004F1780005F019FC002804DAC5E7A36890
:105CE0009845F5D1002004EBC003C3E9017804EB2B
:105CF0004505AB8AC0B243EA402343F48073AB82CC
:105D0000B2E700BF74DE010138CD0101F7DD01010A
:105D10002DE9FF410C4616461F46054658B93C4939
:105D20003C484FF48D633C4A04F0A9FE4FF48D616A
:105D3000394804F09BFE0846FFF730FE804616B354
:105D4000284605F046FC18B9284605F029FC08BB92
:105D50002146284605F02FFC10B17378012B19D08D
:105D600001238DF80F300023721CCDE9006320461B
:105D7000B31C0DF10F0105F06BFC05EB4802938A93
:105D800043F003039382002F3FD02146284605F0BD
:105D900020FC20B96FF0150004B0BDE8F0810022AE
:105DA0003E782B6805EB480003EB8603C3F810250B
:105DB000C3F81025838A4FEA860C23F4604323F04E
:105DC00020038382797801B32A68BF786244D2F8CD
:105DD0001035090423F4991323F4F853C2F810354D
:105DE000230201F4403103F47C530B433905D2F80C
:105DF000105501F480110B432B43C2F81035838AF0
:105E000043EA463343F0200383820020C4E700BF07
:105E100074DE010138CD0101F7DD010108B558B983
:105E20000749084840F27143074A04F028FE40F24F
:105E30007141054804F01AFEC0E9031208BD00BF15
:105E400074DE010138CD0101F7DD010170B51546A1
:105E5000044658B9134940F27A43134A134804F0F0
:105E60000EFE40F27A41104804F000FE4AB9104993
:105E700040F223330C4A0D4804F001FE40F2233176
:105E8000F1E705F08DFB48B10846FFF787FD04EB0D
:105E900040040020A38A5B0B2B7070BD6FF01500CF
:105EA000FBE700BF74DE0101F7DD010138CD010120
:105EB0007FDE010170B5044658B9164916484FF403
:105EC0009163164A04F0DBFD4FF49161134804F02E
:105ED000CDFD90F88C50D5B960222946143006F0DB
:105EE000C2FA2668E8B20135FFF7D0FD082DF9D1D6
:105EF000002546F30730C6F87C51D6F87C31FCF714
:105F0000A9FD0123284684F88C30A36770BD6FF08B
:105F10007700FBE774DE010138CD0101F7DD0101F7
:105F200008B558B90849094840F28F43084A04F0B7
:105F3000A6FD40F28F41064804F098FD90F88C00D1
:105F4000003818BF012008BD74DE010138CD010101
:105F5000F7DD010108B558B90749084840F29D43EB
:105F6000074A04F08CFD40F29D41054804F07EFD97
:105F7000BDE80840FFF7CEBD74DE010138CD010158
:105F8000F7DD010108B558B90849094840F2A443B2
:105F9000084A04F074FD40F2A441064804F066FD8E
:105FA0000548BDE8084005F0CABA00BF74DE01012B
:105FB00038CD0101F7DD01018001002110B50C464B
:105FC00058B90A490A4840F2AB430A4A04F057FD5F
:105FD00040F2AB41074804F049FD074805F095FA47
:105FE0000028A4BF2070002010BD00BF74DE010196
:105FF00038CD0101F7DD0101800100212DE9F341D8
:106000000D461646044658B938494FF4A563384A38
:10601000384804F034FD4FF4A561354804F026FDFE
:1060200005F0C9FA48B9344940F23543304A31489D
:1060300004F025FD40F23541EFE7204605F0B0FAC7
:106040002768F8B1204605F0C4FA8046D0B920464A
:1060500005F0D5FA0546FFF719FD47F800803B58D3
:10606000236803EB8503D3F8102542F00102C3F83F
:10607000102526B101232268AB40C2F8043302B0D8
:10608000BDE8F081D7F80433002BA4BF4FF00043E4
:10609000C7F804334EB9194940F24F43144A154822
:1060A00004F0EDFC40F24F41B7E72846FFF776FCDD
:1060B00004EB4004A38AC3F38203042B11D0052B05
:1060C00011D001A80195FFF7ADFC019B0169D940F2
:1060D00001F001010231284602B0BDE8F04105F0AF
:1060E00004BB0321F7E70221F5E700BF74DE0101DD
:1060F000F7DD010138CD010189DE0101AADE0101D0
:1061000008B558B90749084840F22F53074A04F028
:10611000B6FC40F22F51054804F0A8FCBDE8084049
:1061200005F01FBB74DE010138CD0101F7DD01016F
:106130002DE9F04F07468BB058B97049704840F2CE
:106140005C63704A04F09BFC40F25C616D4804F0B3
:106150008DFC804658F804AB0822DAF80413504648
:10616000C9B241F0004105F0CFFA051E2FDA002335
:10617000032108A8CDE90833FFF7A2FC4FF0000B7C
:10618000614B0DF120090293029A604912F8013B1C
:106190000292DA088A5C03F0070322FA03F3DB07B2
:1061A0001BD40BF10103022B4FF0010B09F1040981
:1061B000EAD14FF000410022504605F0A5FA032134
:1061C00008A8FFF77DFC0028D8D125F00045012460
:1061D000002D7DD10BB0BDE8F08F4D4B5B44039398
:1061E000D9F800100029DCD091FAA1F1B1FA81F1BF
:1061F000039B1C7841EA44142046FFF7CFFB07EBD2
:106200004000828AC808C2F38203CDE904230193C7
:10621000012319F8006001F0070103FA01F126EAF1
:10622000010109F8001007A80794FFF7FBFB079985
:10623000049A803150F8216012F0100F059BC6F3CC
:1062400001462CD021464046019A05F0E2F907A804
:106250000794FFF7E7FB079BF6B2803350F8233033
:10626000C3F301439E4207D10021204605F03DFAC9
:106270003146204605F039FA07A80794FFF7D2FB0C
:106280000122079B02FA03F30362224BD3F8303159
:10629000072B01BF036A036A036A036AA0E7022EA1
:1062A00014BF022103212046049305F01EFA049B2B
:1062B000032B03D0022E07D1012BDDD1214640460E
:1062C000019A05F0A6F9D7E7032ED5D1022BF4E702
:1062D00095FAA5F3B3FA83F304FA03F225EA02056B
:1062E00003F5A2725AF8222007EB43034046B3F8A5
:1062F0007C10C2F3014205F08CF969E774DE0101FC
:1063000038CD0101F7DD010180EC010188CC0101EC
:1063100080EC01010000FF01F8B517460E4649B9AF
:106320000C490D4834230D4A04F0A9FB34210B48D5
:1063300004F09CFB0A4D2C7944B91220FCF78AFB2F
:10634000012320462B712E60AF60F8BD6FF07700FF
:10635000FBE700BF86DB010138CD0101B5DE01019D
:10636000B832002138B518B1154B1B79012B09D073
:10637000144915484723154A04F081FB4721134867
:1063800004F074FB0023124A50F8234003F5A27175
:106390000133102B42F82140F6D100230C4A00F1C2
:1063A0003C0103F5B27451F8045F0133102B42F83D
:1063B0002450F6D1D0F88030C2F8043338BD00BF85
:1063C000B8320021F0DE010138CD0101B5DE010156
:1063D0000020014108B5094B1B79012B09D0084960
:1063E00008487623084A04F04AFB7621064804F060
:1063F0003DFB064A8340C2F8043308BDB832002191
:1064000027DF010138CD0101B5DE01010020014186
:1064100008B5094B1B79012B09D0084908487E2390
:10642000084A04F02CFB7E21064804F01FFB064AB4
:106430008340C2F8083308BDB832002127DF0101CC
:1064400038CD0101B5DE010100200141F8B501267A
:106450000027124B124DD3F80C4304B9F8BD94FA3F
:10646000A4F0B0FA80F006FA00F30F2824EA03043F
:106470000BDD0C490C4840F217230C4A04F0FFFADC
:1064800040F21721094804F0F1FA094B82009F50AD
:106490002B68002BE1D0A9689847DEE70020014176
:1064A000B832002182DF010138CD010150DF010146
:1064B000002101412DE9F0410E4617460C4D55F8DB
:1064C0001C4FAC4203D16FF01200BDE8F0813146A1
:1064D00054F8440CA4F14408FAF7CDFF30B9C7F8DA
:1064E00000804046BDE8F04105F02DBA2468E8E799
:1064F000C432002110B5D0E909124A60416A00F1A6
:1065000024031160C0E909334368044603B1984786
:10651000054A936833B11279062A03D90720226805
:1065200002499847002010BDC43200218DDF0101CF
:106530002DE9F04107460D460B4E56F80C4FB4427C
:1065400002D16FF001000AE0394654F8240CA4F19E
:106550002408FAF790FF20B91DB1C5F80080BDE806
:10656000F0812468EBE700BFC432002138B504464F
:1065700000B30068F0B10378E3B10021FFF7D8FF62
:10658000D8B104F11C03C4E907330D4B04F1240214
:10659000196903F10C00A16260621A610A609D68CA
:1065A00035B11B79062B03D9072022680549A84776
:1065B000002038BD6FF01500FBE76FF01000F8E722
:1065C000C43200218FDF010138B5124C0546216825
:1065D00019B100200131216038BD2422204605F088
:1065E00042FF2B682846A3602B79237104F10C032A
:1065F000C4E9033304F11403C4E9053304F11C03B3
:10660000C4E9073300F01AF80028E5D12368013304
:106610002360E1E7C432002138B5074D2C68013C06
:106620002C6044B900F012F821462846BDE83840F5
:10663000242205F018BF38BDC432002108B5024835
:10664000FFF794FF002008BD840100210148FFF7F7
:1066500051BF00BF840100210EB4431E062B33B589
:1066600088BF0020094B05AC54F8045B53F8201098
:10667000074804F0EEF9214628460194FBF7AEF8EE
:1066800002B0BDE8304003B0704700BF8CCC0101C0
:10669000AADF01012DE9F04F87B017469B4604465B
:1066A000DDF840A000284BD0056A35B12D6825B132
:1066B000AC4607B0BDE8F04F6047E36A9F4242D85E
:1066C0000026BE4203D1002007B0BDE8F08F18239A
:1066D00003FB06F8D4F83090A26909EB08052B1DDE
:1066E0000593CAB9686969680368B5F80CC0C91A26
:1066F000AB680CF1030E5D1E05EB0C155B4205EB60
:106700004E051D4005EBCC0385680633A94228BF22
:106710004FF0FF3105F0E3F859F8083020460293B6
:10672000236AB1B29B6A01935AF8263000935BF852
:106730002620059B05F04CF90028C5D10136C0E79D
:106740006FF01500C0E70148BEE700BF40F4FFFF4F
:1067500010B5044690B1028D43899A4209D0084A87
:10676000936833B11279032A03D94268054904209A
:1067700098472046BDE8104005F060BE10BD00BF40
:10678000C432002145E0010130B544898C4212D960
:10679000436A013C5D882C4003EBC40359609A6056
:1067A000BFF35B8F426A538801335380438D0133BB
:1067B0004385002030BD0148FCE700BF41F4FFFFE6
:1067C00070B4039E144658B1006A48B143B1013415
:1067D00006D0002E04DBC46F14B1A44670BC604721
:1067E000014870BC704700BF2DF8FFFF70B4039ED6
:1067F000144660B1006A50B14BB1013407D0002E8D
:1068000005DBD0F88C4014B1A44670BC6047014849
:1068100070BC70472DF8FFFF2DE9FF47DDF834808D
:106820000E4691469A460546002876D0002974D037
:10683000B8F1000F71D001F16407384605F032FA63
:10684000BAF1FF3F49D1346E06F1500204F18000E5
:10685000844204F01F0C07D2C4F3411152F82110F6
:1068600021FA0CF1C90736D4012104F07F04600934
:1068700052F8203004F5806A01FA0CF104F2014468
:106880000B4304F07F0442F8203034666B6C4A46B8
:1068900003930E9B2946CDE901830C9B3046009360
:1068A000534605F09EFA384601F0D2FA2C7874B1BE
:1068B00096F89C405CB1AB6A013330D10021284688
:1068C00005F02FFA044610B1284605F000FA2046DC
:1068D00004B0BDE8F0870134BAE7BAF5806FD5D3CC
:1068E000AAF580637F2B06F150010FD8580951F8A3
:1068F000204003F01F0324FA03F2D2070BD4012235
:1069000002FA03F3234341F82030BFE7054C384631
:1069100001F09EFADBE7044CF9E7024CD7E70024CC
:10692000D5E700BF2DF8FFFF29F8FFFF08B5836802
:106930001A0C0AD1094A93682BB11279022A02D99A
:10694000032007499847002008BDA3F580338360E2
:10695000180CB0FA80F04009F6E700BFC4320021FD
:1069600067E0010138B50446E8B100F16405284646
:1069700005F088FAD4F8AC309B692BB9D4F8A04064
:10698000103C002C03DC01E0012B05D0074C28460D
:1069900005F076FA204638BDD4F8B40005F06AF95F
:1069A000A0F11004EDE7024CF4E700BF2EF8FFFF62
:1069B0002DF8FFFF38B50446E8B100F1640528461C
:1069C00005F060FAD4F8AC309B692BB9D4F8A44038
:1069D000103C002C03DC01E0012B05D0074C2846BD
:1069E00005F04EFA204638BDD4F8B00005F042F963
:1069F000A0F11004EDE7024CF4E700BF2EF8FFFF12
:106A00002DF8FFFF2DE9F041A3F1100853F8087CA1
:106A1000002388B00693ADF81E301023CDE9041290
:106A20000E9D0446D0F8B800ADF81C500168866889
:106A3000A8EB0101B14228BF4FF0FF310DEB03027B
:106A400004F014FF1028BFB20BD024494FF4DF73B9
:106A5000234A244804F013F84FF4DF71204804F06F
:106A600005F804F16406304605F00CFAD4F8AC30B1
:106A70009B69D3B9D4F8A020D4F8AC30D4F8B400D2
:106A80009B69CBB9CDE90282CDF80080012202A931
:106A900004F0CBFFB0B1144940F2C913104A1148B9
:106AA00003F0EDFF40F2C911D8E73946D4F8B4003D
:106AB00005F051F80246DFE7012B03D13946FFF715
:106AC00063FEE7E7D4F8B40005F09EF8304605F021
:106AD000D7F9284608B0BDE8F08100BFCBE001013E
:106AE00088E0010138CD0101E4E00101F0B5044680
:106AF0008E680D46B6B23146D0F8B00085B005F0CC
:106B00002AF8D4F8AC3007469A699AB90095CDE9CD
:106B100002500123D4F8B00002A904F086FF48B166
:106B20000F497D230F4A104803F0A9FF7D210D482E
:106B300003F09CFFD4F8AC309B69012B0ED13A4690
:106B40003146D4F8B000FFF71FFE38B10449832363
:106B5000044A054803F093FF8321E8E705B0F0BD40
:106B6000F0E0010188E0010138CD01012DE9FF418C
:106B700003689E6A06F16408404605F083F9D6F87A
:106B8000AC309B69DBB9D6F8B0000DF10A0203A95D
:106B900004F0A7FF0446D6F8AC309B69012B07D15F
:106BA000D6F8B00003AA0DF10A0104F0DFFF044695
:106BB0003CB9404605F064F904B0BDE8F08100241A
:106BC000E9E7BDF80A3000216268A36030464FF063
:106BD000FF3305F0DCF8054605F06AF8A368404687
:106BE00003F58033A36005F04BF9E5B1AB6A696C3E
:106BF000013308BF2368284608BFAB622368A28917
:106C000000916F6B04F11001B84700280BDA1149AD
:106C1000114840F25A23114A03F031FF40F25A2141
:106C20000E4803F023FF404605F02CF9284605F0F6
:106C300044F82046FFF77AFE38B130462146FFF788
:106C400055FFD6F8B00004F0DFFF404605F018F914
:106C500092E700BFF9E0010138CD010188E00101B0
:106C60002DE9F04385B00F46904603A90D9A0646DC
:106C7000994605F0CDF9044650B30C9D039BD6F818
:106C8000B8009D42A8BF1D460168D0F808C0611A2F
:106C9000614528BF4FF0FF312B464A4604F0E6FD20
:106CA00085420BD00B490C484FF405730B4A03F097
:106CB000E6FE4FF40571094803F0D8FE234642462C
:106CC000394630460095FFF79DFE05B0BDE8F083DC
:106CD0000348FAE705E1010138CD010188E001012F
:106CE0002EF8FFFF2DE9F0478AB00D46DDE9129737
:106CF00016469846044620B9944E30460AB0BDE880
:106D0000F0870029F8D0002BF6D00021A022C0F88F
:106D1000C81005F0A8FB012204F16400114605F03B
:106D200099FA8B4BC4F8AC506667AC62E367894B49
:106D3000C4F88030884BC4F88430884BC4F888305D
:106D4000874BC4F88C30874BC4F89030864BC4F81E
:106D50009430864BC4F89830AB693BB9002FCBD048
:106D600097E8070004F1A00383E80700AB69012B53
:106D700004D02B6A03BB6FF00506BEE7D4F8AC0065
:106D8000002800F0E080036A002BF4D09B68002B01
:106D9000F1D0984742060CD50021D4F8AC0005F09C
:106DA0005FF806460028A8D10021212002F0CEFB82
:106DB000E4E74307F8D5DCE71B69002BDBD0284666
:106DC0009847AB69012B04BF0023286100F0010044
:106DD00008BF6B6184F89C00AB69DBB93B7A002B80
:106DE00000F0838009F10C03C4F8BC30B9F1000F46
:106DF00082D0D9F80820002A00F0A3809B68002BDD
:106E000000F09F805A4B04935A4B05935A4B0693BC
:106E10005A4B0793AB69012B07D1564B0493544B44
:106E20000593564B0693544B0793002104F1C0037E
:106E3000C4E9303306ABC4F8B88002220093284678
:106E4000019104ABFFF726FC064600287FF455AFFE
:106E5000AB693BB92B6B1B68C4F8B0302B6B9B69DB
:106E6000C4F8B430AB69012B07D12B6B9B69C4F814
:106E7000B0302B6B1B68C4F8B430D4F8B40004F005
:106E800095FE2B6B1B68C3F82C802B6B9B69C3F89A
:106E90002C80D5F818A0BAF1000F07D1D4F8A4308F
:106EA0000993D4F8B0305B89534520D894F89C30CE
:106EB000C4E9004463B100230293314B204601939F
:106EC0003523304A0394009304F1080104F089FF4C
:106ED000AB69002B7FF411AF0421284604F0C0FFFA
:106EE000074600283FF409AF26E04B467CE74846BA
:106EF000D4F8A41005F07DF80746E0B1D8F80010EA
:106F00000890411AD8F808000022814228BF4FF0AB
:106F1000FF31D4F8A430404604F0E1FC009701238F
:106F20000022D4F8B00008A904F07FFD074618B984
:106F30000AF1010AB5E7144F284604F08AFF3E46DD
:106F4000DBE6114ED9E66FF01506D6E62DF8FFFF09
:106F5000616C0101D9BE0101BFBF010111C0010176
:106F6000056A010191BE0101B5690101656901016F
:106F700013E1010119E101016D6B01017FBE010106
:106F8000FDBE01011FE101012EF8FFFFF0B505462E
:106F90000E46174687B0074A03AC07CA84E80700C5
:106FA0000C9A3146009228463A460194FFF79AFE21
:106FB00007B0F0BD7CC8010138B5436905463BB94F
:106FC0000024EA686042537843F00103537038BDEF
:106FD000984704460028F3D000F1FF03FE2B0ED99A
:106FE0002123094A09490A4803F049FD296809484B
:106FF000224603F044FD2121034803F037FDEB68EE
:1070000044421C70DDE700BF22E1010145E10101BE
:1070100038CD01015DE1010170B50446EFF3118641
:10702000402383F31288BFF36F8F0E4B9D6805F0EA
:10703000D9F8042C0CD10C4987230C4A0C4803F0D6
:107040001EFD0C4803F01BFD8721084803F00EFDD0
:1070500086F31188BFF36F8F2846BDE87040FBF7B9
:10706000BFBD00BFE8320021A4E1010182E10101BE
:1070700038CD0101C1E1010138B50A4B53F8204078
:10708000013053F82050A54200D838BD606830B1B7
:10709000037EDB0701D4FFF78FFF0834F3E7236893
:1070A0009847FAE7ACCC0101012270B5374B86B0A6
:1070B00003201A70FFF7E0FFFCF742FB05F0C5F96B
:1070C0000420FFF7D9FF324C324DAC42264628D976
:1070D00031494423314A324803F0D1FC314803F0AE
:1070E000CEFC44212D4803F0C1FC54F80C3C059320
:1070F00054F8103C049354F8143C039354F8183C8F
:10710000029354F81C3C019354F8203C009354E93A
:107110000A2354E90C0101F081FB54F8303C5E6510
:10712000D3E7AE4204F13004DFD301F0C3FF184CC3
:10713000AC421FD918496823184A194803F09FFC2C
:10714000184803F09CFC6821CCE7D4E90A23B3F18A
:10715000FF3F08BFB2F1FF3F05D052EA03012068AC
:1071600003D102F025FA3034E2E70F49183002F07B
:107170004FFDF8E7E9D302F00FF803F0B4FA0B4A39
:10718000938923F00103938106B070BD7B35002104
:10719000B8C7010118C8010117E20101F6E10101B8
:1071A00038CD010144E201013D8D0101F82E00219D
:1071B0000023012270B586B0CDE904230F2201938C
:1071C000CDE9023214230F4D0F4E03FB00550F493A
:1071D00006EBC016044601EB00214FF480723046E6
:1071E0000B4B009501F01AFB337C2C7423F0040345
:1071F0003374084B013403EBC423EE606B6006B0BC
:1072000070BD00BFE8320021782E0021804D0021A2
:1072100025740101804500217FB50020FFF72CFF78
:10722000344B03F5006282F3088883F30A88E02375
:10723000314C84F822302023E377002323766376D1
:10724000A37684F82030626A42F4E022626284F815
:107250002330FBF76BFBFBF7ADFC4FF0FF33A36272
:10726000E362FBF7BDFEFBF725FD244801F080FB40
:10727000234B244A93420ED92349CC23234A244842
:1072800003F0FDFB234803F0FAFBCC211F4803F079
:10729000EDFB1C33EEE7FCD3FCF74AFA0120FFF7C5
:1072A000EBFE02201C4CFFF7E7FE02F02FF81B4B11
:1072B00000255C611A4B4FF40062059301231949C4
:1072C000CDE903532046184BCDE90155009501F057
:1072D000A5FA0646237C204623F00403237401F01C
:1072E000E7FC2846FFF764FF314620460E4AFBF7CD
:1072F00041FC00BF8045002100ED00E0782F002117
:1073000004C60101C8C6010163E20101F6E1010101
:1073100038CD010144E20101F82E0021E8320021BC
:107320007BE20101804E0021A970010138B50D4CAE
:107330000D4DAC4213D90D4925230D4A0D4803F0DC
:107340009EFB0D4803F09BFB2521094803F08EFBB3
:107350002046D4E9011204F048FF1834E9E7F7D3D6
:10736000002038BDCC010021E4010021EAE2010146
:1073700080E2010138CD010144E20101F8B5054682
:107380000E4600F11404EFF31187402383F31288B3
:10739000BFF36F8F204602F0E1FB68B984231B4ADC
:1073A0001B491C4803F06BFB21461B4803F067FB9D
:1073B0008421164803F05AFB204602F0F3FB2846CE
:1073C000314603F0A8FA05F10C0001F057FF28B18F
:1073D00039462046BDE8F84004F0B6BF204602F02A
:1073E000CBFB68B94FF49973084A0C49094803F07C
:1073F00046FB21460A4803F042FB4FF49971D8E757
:1074000087F31188BFF36F8FF8BD00BFE1CF010193
:107410003AD0010138CD01014FD001010ED0010158
:1074200025D0010108B50D4B9B6893F90E30002B58
:1074300009DB4024EFF3118384F31288BFF36F8FCD
:1074400003F0E8FDF6E7064906481C23064A03F068
:1074500016FB1C21044803F009FB00BFE8320021A1
:1074600024E3010138CD010103E3010108B583687C
:107470004BB90B490B48A4230B4A03F000FBA42192
:10748000094803F0F3FAD0E9003213605A60002390
:10749000027CC0E9003322F002020274836008BD5E
:1074A00077E3010138CD01014CE301012DE9F74FEC
:1074B0000446884692461E469DF83090EFF30583B9
:1074C00073B152EA06030BD05E4999235E4A5F48C6
:1074D00003F0D5FA5E4803F0D2FA99215A4819E030
:1074E00004F10805EFF311874FF0400B8BF312887E
:1074F000BFF36F8F284602F031FB68B98423554AE9
:107500005549524803F0BBFA2946544803F0B7FAEC
:107510008421504803F0AAFA284602F043FB626A2D
:1075200023699A4276D2EFF311838BF31288BFF36B
:107530006F8F83F31188BFF36F8F5BB94849BB230B
:10754000484A424803F09BFA414803F098FABB21AD
:107550004448DFE72668B44219D0C6B13046FFF789
:1075600085FF06F1180002F02FFCE2680024414676
:10757000706904F06BFF3046B46701F099FB39463F
:10758000284604F0E1FE204603B0BDE8F08F206AF3
:107590006669B04207D3A3695A1E904203D8E268D5
:1075A000191A914207D23049B423274A274803F0D9
:1075B00066FAB42192E7B9F1000F21D0414604F0F8
:1075C00045FF236AE2681344A2692362934201D112
:1075D00063692362636A013363620024284602F010
:1075E000CBFA50BB4FF499731A4A2049174803F05D
:1075F00046FA29461E4803F042FA4FF4997188E78B
:10760000E1698E4218BF0B46981A4146E06104F0CA
:107610001DFFDFE75AEA06030CD0164B22469B6893
:107620003946C3F814802846CDE900A601F0CEFB08
:107630000446A8E76FF02204D0E787F31188BFF370
:107640006F8FA0E7A2E201018EE3010138CD0101B5
:10765000E7E20101E1CF01013AD001014FD0010180
:10766000B0E301014CE30101C8E301010ED00101C7
:1076700025D00101E83200212DE9F7430446884670
:1076800017461D46EFF3058383B152EA05030DD07B
:1076900060494FF49773604A604803F0F0F960481E
:1076A00003F0EDF94FF497715B4818E004F1080618
:1076B000EFF31189402383F31288BFF36F8F3046B5
:1076C00002F04CFA68B98423564A5749534803F0EC
:1076D000D6F93146554803F0D2F98421514803F0D8
:1076E000C5F9304602F05EFA636A002B67D0E268A3
:1076F0004046E16904F0AAFEE369E2681344A26926
:10770000E361934204BF6369E361636A013B6362BF
:10771000EFF31183402282F31288BFF36F8F83F35C
:107720001188BFF36F8F5BB94149BB23414A3B4886
:1077300003F0A5F93A4803F0A2F9BB213D48CEE792
:107740002568AC424BD0002D4AD02846FFF78EFE6C
:1077500005F1180002F038FB206A6369984207D3EC
:10776000A3695A1E904203D8E2681B1A934209D2B9
:1077700031494FF4A473284A284803F080F94FF4A4
:10778000A47191E7696904F061FE236AE268284602
:107790001344A2692362934204BF63692362636A4C
:1077A000013363620024AC6701F082FA4946304637
:1077B00004F0CAFD2546284603B0BDE8F08357EA29
:1077C00005031FD01D4B22469B684946C3F8148011
:1077D0003046CDE9007501F0F9FA0546EBE70025E2
:1077E000304602F0C9F980B94FF499730D4A144933
:1077F0000A4803F044F93146124803F040F94FF4C7
:1078000099716BE76FF02205EAE789F31188BFF3FE
:107810006F8FD0E7A2E201018EE3010138CD0101B3
:10782000E7E20101E1CF01013AD001014FD00101AE
:10783000B0E301014CE30101C8E30101E83200219A
:107840000ED0010125D001012DE9F3410446174670
:107850001E46EFF3058565B154497323544A5548D4
:1078600003F00DF9544803F00AF97321504803F06E
:10787000FDF8EFF31188402383F31288BFF36F8F75
:107880004E4802F06BF960B984234D4A4D4949488E
:1078900003F0F5F849494C4803F0F1F884214848D1
:1078A000E5E7464802F07EF9484BE2689B6892B1F2
:1078B000A068984227D057EA06022CD13F4802F030
:1078C0005BF990B188F31188BFF36F8F6FF00F00F1
:1078D00002B0BDE8F08193F90E100132C4E9023222
:1078E0003648216102F048F978B94FF49973344A67
:1078F0003749304803F0C3F83049364803F0BFF841
:107900004FF49971CBE72169E7E788F31188BFF35A
:107910006F8F0020DCE793F90E1090F90E3099423A
:1079200005DA9942A8BF194604F070FC05462246C4
:107930004146CDE90076214801F048FA0028E8D018
:10794000EFF31186402383F31288BFF36F8F1B4838
:1079500002F004F9002897D0184802F023F9A06833
:10796000C0B1236821699C420AD04BB193F90E3013
:107970009942A8BF19466FF07F039942B8BF1946D4
:1079800004F044FC30B131460C4804F0DDFC6FF0EB
:107990000A009DE7002DF6D1084802F0EDF8002816
:1079A000A3D086F31188BFF36F8FF0E790E4010155
:1079B0006EE4010138CD0101A2E401010833002188
:1079C000E1CF01013AD001014FD00101E83200219D
:1079D0000ED0010125D00101F8B50546EFF305836E
:1079E00063B15549EA23554A554803F048F85548CC
:1079F00003F045F8EA21514803F038F88368002B7A
:107A000000F09480504A9268934240F09280C3689C
:107A10004BB94E494FF48173484A494803F02FF857
:107A20004FF48171E7E7012B03D0013BC3600020D5
:107A3000F8BDEFF31187402484F31288BFF36F8FF2
:107A4000434802F08BF860B98423424A42493C48DB
:107A500003F015F83E49414803F011F884213D48F0
:107A6000CAE73B4802F09EF82969A86804F0CEFBFB
:107A7000EFF3118384F31288BFF36F8F83F31188C0
:107A8000BFF36F8F5BB93649BB23364A2C4802F0EF
:107A9000F6FF354802F0F3FFBB213248ACE72C6813
:107AA000A54215D100232A48C5E9023302F064F843
:107AB000002836D14FF49973264A2C49204802F009
:107AC000DEFF23492A4802F0DAFF4FF49971C6E736
:107AD000002CE7D0A3683BB92649A423214A1848C3
:107AE00002F0CDFFA421D8E70026D4E900321360CC
:107AF0005A60237CC4E9006623F002032374A66065
:107B000004F1180002F060F9AC6094F90E302046E0
:107B10002B61A66701F0CCF839460D4804F014FC3F
:107B200085E787F31188BFF36F8F80E76FF015004B
:107B30007EE74FF0FF307BE790E401016EE4010146
:107B400038CD0101A2E40101E8320021C7E40101BE
:107B500008330021E1CF01013AD001014FD00101EA
:107B6000B0E301014CE30101E7E201010ED00101A4
:107B700025D0010177E3010108B583684BB90B49B2
:107B80000B48A4230B4A02F07AFFA421094802F013
:107B90006DFFD0E9003213605A600023027CC0E917
:107BA000003322F002020274836008BD77E3010112
:107BB00038CD01014CE301012DE9F04704460D46A3
:107BC00091469A469DF8206000F10807EFF311886E
:107BD000402383F31288BFF36F8F384601F0BEFF56
:107BE00060B984234A4A4B494B4802F048FF394662
:107BF0004A4802F044FF842145481BE0384601F022
:107C0000D1FF06B16568EFF31183402282F3128839
:107C1000BFF36F8F83F31188BFF36F8F63B9404950
:107C2000BB23404A3C4802F02AFF3F4802F027FFAE
:107C3000BB213C4802F01AFF234653F80C6F9E42CA
:107C400015D0A6B100243046FFF796FF06F11800C4
:107C500002F0BAF83046B467C6F8149001F028F87C
:107C60004146384604F070FB2046BDE8F087BAF183
:107C7000000F14D0082002F0CDFA00283FD00122D6
:107C8000C0F804900260016801F003015DB9226848
:107C90000A430260626820606AB960600BE048468F
:107CA000C9F800A0EFE72A68032A1DD801606168BF
:107CB000A1B9C4E900000024384601F05DFF08BB0B
:107CC0004FF49973124A1949134802F0D8FE394605
:107CD000174802F0D4FE4FF499718DE70A6802F05C
:107CE000030202430A60D8E722F003020A4302605B
:107CF0002A6802F0030240EA02032B60DBE76FF020
:107D00000B04D9E788F31188BFF36F8FACE700BF8E
:107D1000E1CF01013AD0010138CD01014FD001017D
:107D2000B0E301014CE30101E7E201010ED00101E2
:107D300025D001012DE9F743064690461F4600F184
:107D40000805EFF31189402383F31288BFF36F8F87
:107D5000284601F003FF68B98423264A26492748AC
:107D600002F08DFE2946264802F089FE8421214832
:107D700002F07CFE284601F015FF34680CB323683E
:107D8000726823F00303944208BF73603360236872
:107D90009B0704D06668204604F050FB3446284612
:107DA00001F0EAFEE8B94FF49973124A15491348F5
:107DB00002F065FE2946144802F061FE4FF4997105
:107DC000D5E758EA0703EAD049462846CDE90087B7
:107DD00006F10C0200F0FAFF38B90C4B9B685C69A5
:107DE00003E089F31188BFF36F8F204603B0BDE82D
:107DF000F08300BFE1CF01013AD0010138CD01018C
:107E00004FD001010ED0010125D00101E83200213F
:107E100008B583684BB90B490B48A4230B4A02F001
:107E20002EFEA421094802F021FED0E900321360A1
:107E30005A600023027CC0E9003322F0020202747F
:107E4000836008BD77E3010138CD01014CE30101F6
:107E500070B50446EFF31186402585F31288BFF311
:107E60006F8F2F4801F07AFE60B984232D4A2E4986
:107E70002E4802F004FE2A492D4802F000FE84211B
:107E8000284818E0264801F08DFEEFF3118385F3B2
:107E90001288BFF36F8F83F31188BFF36F8F63B9BD
:107EA0002449BB23244A214802F0E9FD234802F07B
:107EB000E6FDBB21204802F0D9FD2568AC4212D076
:107EC0008DB12846FFF7A4FF05F1180001F07CFFF3
:107ED00000232846AB6700F0EBFE3146BDE870405A
:107EE0000F4804F031BAD4E902329A4218BF013384
:107EF0000B48A36001F040FE68B94FF49973094A3A
:107F00000F490A4802F0BBFD05490E4802F0B7FDD3
:107F10004FF49971B4E786F31188BFF36F8F70BD8A
:107F20000C330021E1CF01013AD0010138CD01012C
:107F30004FD00101B0E301014CE30101E7E201018F
:107F40000ED0010125D00101F7B5044616461D46A5
:107F5000EFF305837BB152EA05030CD02D4988234A
:107F60002D4A2E4802F08BFD2D4802F088FD882115
:107F7000294802F07BFDEFF31187402383F3128839
:107F8000BFF36F8F274801F0E9FD60B98423264ACB
:107F90002649224802F073FD2249254802F06FFD70
:107FA00084212148E5E71F4801F0FCFDA368D3B117
:107FB000013B1C48A36001F0DFFD68B94FF49973E1
:107FC000194A1C49154802F05AFD16491A4802F090
:107FD00056FD4FF49971E4E787F31188BFF36F8F73
:107FE000002003B0F0BD56EA05030BD10D4801F0A7
:107FF000C3FD0028E2D087F31188BFF36F8F6FF0C5
:108000000F00EEE722463946CDE90065054800F04D
:10801000DDFEE6E7FEE40101DEE4010138CD010109
:10802000E7E201010C330021E1CF01013AD0010167
:108030004FD001010ED0010125D001012DE9FF41F2
:108040000446794EEFF31187402383F31288BFF380
:108050006F8F764801F082FD68B98423744A7549B0
:10806000754802F00CFD7149744802F008FD842146
:108070006F4802F0FBFC6D4801F094FDD4F8845089
:10808000F5B9022104F19C0004F0F0F8002840D07A
:1080900004F1940500220121284601F01BFC002870
:1080A000F8D100234FF0FF3202934FF0FF333946EF
:1080B000CDE900235D4804F18C0201F069FCC1E7C1
:1080C000D4F888202B68954208BFC4F88830C4F8DB
:1080D0008430D4F89C30554843F00203C4F89C30F7
:1080E000EB68D5F8048023F0040343F00103EB6050
:1080F00001F042FDF8B94FF499734D4A50494E488A
:1081000002F0BDFC49494F4802F0B9FC4FF49971A7
:10811000AEE7D4F89C30DD06C3D5C4F89C004348D4
:1081200001F02AFD0028E6D087F31188BFF36F8F96
:1081300004B0BDE8F08187F31188BFF36F8FB8F109
:10814000000F0AD140493C4840F2F3233F4A02F075
:1081500096FC40F2F3213D488BE72846C047EFF3F9
:108160001187402383F31288BFF36F8F2F4801F0EC
:10817000F5FC00283FF471AF2C4801F013FDEB68CB
:10818000D90623F0010236D4EA60EB689A0716D5C7
:10819000306823F00203EB6088B10022036870B1FD
:1081A00041688D4235D103686ABB72683360904282
:1081B00000D17360002340F8083BFFF749FED4F874
:1081C0009C3023F00203C4F89C30DB0529D4D4F89A
:1081D0008450003D18BF0125144801F0CDFC002853
:1081E00089D087F31188BFF36F8F002D3FF42AAF3A
:1081F00001F094F826E723F01103EB6005F110007D
:10820000FFF726FEC1E713607368984208BF7260EB
:10821000D0E702461BB1196818460B46BFE719465E
:10822000FAE70025D8E700BF1033002118330021FA
:10823000E1CF01013AD0010138CD01014FD0010158
:108240000ED0010125D00101A1E501014BE501019D
:10825000F8B5C36804469A070E46C3F340054FD4E9
:108260005F074FD40B680BB983680B60E368D807CE
:1082700036D5A3685BB92549254840F25713254AEE
:1082800002F0FDFB40F25711224802F0EFFB0225FD
:108290003360376867B3204B9A68D7F880309A42CA
:1082A00020D104F006F880F00100C0B2D7F89C306D
:1082B000D907C3F380021ED502B308B3002323609D
:1082C000D7F8883083B9C7E92144384603F0DAFF8C
:1082D000E36843F00403E3603368A3602846F8BD15
:1082E0000125D6E70020E1E71C60C7F88840ECE7ED
:1082F0006FF0150506E06FF0120503E01B07DDD5F2
:108300006FF00F0500233360E8E700BF6CE5010163
:1083100038CD01014BE50101E832002138B50D46A9
:10832000044648B90C499C230C4A0D4802F0A7FBAF
:108330009C210A4802F09AFB39B90A499D23074A51
:10834000074802F09CFB9D21F3E71022002104F076
:108350008AF8656038BD00BF87E501014BE5010182
:1083600038CD0101A1E50101F8B5C368064603F067
:108370000503002B0C4614BF0127002729D0856870
:108380005DB91D491D4840F2C1131D4A02F077FB3B
:1083900040F2C1111A4802F069FB0122002104F1E8
:1083A000100003F057FF20461649FFF7B7FFE368B8
:1083B00043F01003E360F3685B0712D53368236072
:1083C0006BB9D5F8883033B9C5E92144284603F0A4
:1083D00059FF3846F8BD1C60C5F88840F6E73460A0
:1083E000F4E7D5F884302360D5F88830C5F88440A8
:1083F000002BEBD1F0E700BF72E5010138CD0101A0
:108400004BE5010183C2010137B50C46019059B912
:10841000284940F27D13284A284802F030FB40F2F8
:108420007D11254802F022FB4B684BB924494FF4DB
:10843000BF73214A214802F022FB4FF4BF71F0E7DD
:10844000EFF31185402383F31288BFF36F8F1D482C
:1084500001F084FB60B984231B4A1C49174802F0D1
:108460000EFB18491A4802F00AFB84211648D9E786
:10847000144801F097FB204601A9FFF7E9FE0446E6
:10848000104801F079FB68B94FF499730E4A11490D
:108490000A4802F0F4FA0B490F4802F0F0FA4FF4E0
:1084A0009971E3E785F31188BFF36F8F204603B01E
:1084B00030BD00BF87E501014BE5010138CD010169
:1084C0009BE5010118330021E1CF01013AD0010100
:1084D0004FD001010ED0010125D0010170B50C462D
:1084E000054658B9384940F2CD13384A384802F0A9
:1084F000C6FA40F2CD11354802F0B8FAC368DB0580
:1085000009D534494FF4E773304A314802F0B7FADD
:108510004FF4E771EFE703F0CCFE48B12E4940F28B
:10852000CF132A4A2A4802F0AAFA40F2CF11E2E712
:108530004CB92A494FF4E873244A254802F09FFABF
:108540004FF4E871D7E7EFF31186402383F31288E5
:10855000BFF36F8F224801F001FB60B98423214AE9
:1085600021491B4802F08BFA1D49204802F087FA86
:1085700084211C48C0E71A4801F014FB2846214614
:10858000FFF7F2FE0546164801F0F6FA68B94FF417
:108590009973144A16490E4802F071FA10491548A9
:1085A00002F06DFA4FF49971E3E786F31188BFF397
:1085B0006F8F3DB14FF0FF324FF0FF3304F11000E9
:1085C000FFF7C2FC284670BD87E501014BE50101BC
:1085D00038CD0101B8E50101E7E50101F6E501014A
:1085E00018330021E1CF01013AD001014FD0010140
:1085F0000ED0010125D0010108B558B90849094834
:1086000040F22633084A02F03AFA40F22631064890
:1086100002F02CFAA022002103F025FF08BD00BFC4
:1086200072E5010138CD01014BE50101F0B589B0DA
:1086300004460E9D58B92F4940F253332E4A2F4815
:1086400002F01DFA40F253312B4802F00FFA49B9FB
:108650002B494FF45573284A284802F010FA4FF47A
:108660005571F1E7D0F89C0010F0010009D02549C0
:1086700040F25533204A214802F001FA40F25531C8
:10868000E2E7C4E9210004F18C00C4E9230004F10D
:108690009400C4E9250055B32879002840F2011060
:1086A00008BF0120C4F89C0000204FF0FF364FF0B7
:1086B000FF37CDE90330CDE90100CDE9066720465B
:1086C000114B009400F00EF955B1296811B1204604
:1086D00003F0F5FD6B791BB1A38943F00103A3817E
:1086E000204600F065FFC4F8804009B0F0BD0120CD
:1086F000D8E700BF3EE601014BE5010138CD01019D
:1087000044E601010AE601013D8001017FB50D4605
:10871000044658B9374940F28633374A374802F0A1
:10872000AEF940F28631344802F0A0F903F0C1FD01
:1087300048B1334940F287332F4A304802F09FF95D
:1087400040F28731EFE7EFF31186402383F312887D
:10875000BFF36F8F2B4801F001FA60B984232A4AD6
:108760002A49264802F08BF92649294802F087F960
:1087700084212548D8E7234801F014FAD4F89C3026
:1087800013F0060F15D165BBD4F8845095B91D4878
:1087900001F0F2F940BB4FF499731B4A1D49174889
:1087A00002F06DF917491C4802F069F94FF499710C
:1087B000DFE7B5B943F004032046C4F89C3003F06A
:1087C00061FD00234FF0FF3202934FF0FF3331463B
:1087D000CDE900230B4804F1940201F0D9F804B06C
:1087E00070BD43F00C03E7E786F31188BFF36F8F8A
:1087F0002846F4E73EE601014BE5010138CD0101D1
:10880000E7E5010118330021E1CF01013AD0010170
:108810004FD001010ED0010125D001012DE9F04317
:1088200085B00F9D04460F2D0E46984637D1274B35
:10883000984538D104F15803C4E91633109B00273A
:10884000A38104230732A57322F0070506EB05096F
:10885000494623742046C4E90677A760E773F9F711
:108860002FFE0E9B073020F00700A066C4E91865B4
:1088700002930D9BA9EB000901930C9B4A460093C0
:10888000314643462046FAF759F9114B67659B6814
:1088900003B1DB6E4846E36605B0BDE8F08305F141
:1088A00010031E2BC6D940F24B230A4A0A490B4833
:1088B00002F0E5F829460A486FF00F030E2202F095
:1088C000DEF840F24B21034802F0D0F82574010194
:1088D000E83200214AE601016DE6010138CD0101CF
:1088E000EDE60101F0B587B00446DDE91276EFF35D
:1088F000058575B1194940F21733194A194802F034
:10890000BEF8194802F0BBF840F21731144802F0E3
:10891000ADF80595109D04950F9D03950E9D02954C
:108920000D9D01950C9D0095FFF778FFB6F1FF3F77
:1089300008BFB7F1FF3F05D056EA070305D120462F
:1089400000F036FE204607B0F0BD3A46334604F14B
:108950001800064901F05CF9F4E700BF90E401015A
:108960004AE6010138CD01011EE701013D8D0101FB
:10897000012310B50374838100230446C0E9183332
:1089800001F042FC014B9C6010BD00BFE8320021A9
:1089900070B590F91020037C002A49DBD90647D135
:1089A00063F07F030374264B984209D1254926487A
:1089B0005223264A02F063F85221244802F056F866
:1089C000234C224652F8183FE169934207D1C0E98F
:1089D00000210860E0610FE08B42F8D01B68002B9B
:1089E000F5D093F90E6090F90E50AE42F4DD59685F
:1089F000C0E9003108605860A569954200D005B90A
:108A0000E568A3685BB91349EA23134A0E4802F0EC
:108A100036F8124802F033F8EA210F48CEE71A7C04
:108A2000D20606D1DA897F2A03D9AA690AB9636115
:108A300070BDAB4202D0284601F00AF86561F7E745
:108A4000782E002165E7010138CD010143E70101DE
:108A5000E8320021B2E7010186E70101E7E2010106
:108A600038B590F910200146002A037C1BDA224A0F
:108A700003F07F039042037409D120495A23204A0E
:108A8000204801F0FCFF5A211D4801F0EFFFDC07F0
:108A900007D51D495B231A4A1A4801F0F0FF5B21F4
:108AA000F2E703F00FFC194D2A4652F8184FAB6855
:108AB000944200D004B9EC688B4214D05BB91449DD
:108AC000EA23144A0F4801F0DAFF134801F0D7FFF8
:108AD000EA211048D9E71A7CD20604D1DA897F2A24
:108AE00001D9A2692AB1A34202D0204600F0B0FF0A
:108AF00023466B6138BD00BF782E002165E7010178
:108B000043E7010138CD0101D9E70101E832002135
:108B1000B2E7010186E70101E7E2010108B5124A67
:108B2000936880B1197C11F0090F0CD10F49D9233A
:108B30000F4A104801F0A3FF0F4801F0A0FFD92110
:108B40000B4801F093FF6FF00A0199670B495867D2
:108B50004B6843F080534B60002383F31188BFF3CD
:108B60006F8F9368986F08BDE83200211CE80101FF
:108B7000F2E7010138CD010185E8010100ED00E0D7
:108B800070B504460D46F9B9EFF30586E6B91A4B00
:108B90005A699B689A4217D000F0EEFF78B940F20C
:108BA0006D13164A1649174801F069FF2146164809
:108BB00001F065FF40F26D11104801F057FF30469B
:108BC000BDE87040FFF7AABF204600F0D5FF68B9A6
:108BD0004FF49973094A0A490A4801F050FF2146A7
:108BE000094801F04CFF4FF49971E5E785F31188CE
:108BF000BFF36F8F70BD00BFE8320021E1CF0101EC
:108C00000ED0010138CD010125D0010108B58368DE
:108C10004BB909490948A423094A01F030FFA421AE
:108C2000074801F023FF03F04DFB037C23F0020310
:108C300003740023836008BD77E3010138CD01018F
:108C40004CE3010138B5184CA168E0690B6881421A
:108C500014BF1A46002249680B605960A368E16995
:108C60002AB9124AC3E900210B60E3610AE092F9D4
:108C70000E5093F90E00854212DD5168C3E90021C0
:108C80000B605360A569094B9D4200D005B9E568AA
:108C9000A3689D4202D0284600F0DAFE656138BD27
:108CA0008A42DED01268DBE7E8320021003300217F
:108CB00038B50446EFF31185402383F31288BFF3E0
:108CC0006F8F174800F04AFF68B98423154A164988
:108CD000164801F0D4FE1249154801F0D0FE842157
:108CE000104801F0C3FE0E4800F05CFF2046FFF77D
:108CF0004FFE0B4800F040FF68B94FF49973094AE2
:108D00000C490A4801F0BBFE05490B4801F0B7FECB
:108D10004FF49971E4E785F31188BFF36F8F38BD85
:108D20001C330021E1CF01013AD0010138CD01010E
:108D30004FD001010ED0010125D0010138B5A0F1BD
:108D40001804EFF31185402383F31288BFF36F8F6C
:108D5000174800F003FF68B98423164A16491748DC
:108D600001F08DFE1249164801F089FE8421114858
:108D700001F07CFE0E4800F015FF204603F0D0FA0B
:108D80000B4800F0F9FE68B94FF49973094A0D4990
:108D90000A4801F074FE06490B4801F070FE4FF4DA
:108DA0009971E4E785F31188BFF36F8F38BD00BF79
:108DB0001C330021E1CF01013AD0010138CD01017E
:108DC0004FD001010ED0010125D001012DE9F0475E
:108DD000DFF8D4A0354D1746DDE90898DAF8082009
:108DE000334BA84204460E461A600BD13149324833
:108DF00040F2B923314A01F042FE40F2B9212F4836
:108E000001F034FEEFF31183402383F31288BFF3A4
:108E10006F8F284600F0A2FE60B98423284A2949B2
:108E2000254801F02CFE2946274801F028FE842120
:108E30002348E5E7284600F0B5FEDAF80850394641
:108E4000284603F047FAB8F1FF3F08BFB9F1FF3FEA
:108E500006D04A4643461D4905F1180000F0D8FEE9
:108E6000204600F089FE68B9194940F26D13144A92
:108E7000114801F004FE2146164801F000FE40F2C0
:108E80006D11D5E7094800F077FE40B9104940F26E
:108E90006D130B4A084801F0F2FD0449ECE7304637
:108EA000BDE8F047FFF73ABEE83200211C3300214D
:108EB00020330021ADE8010138CD010143E7010174
:108EC000E1CF01013AD001014FD001013D8D0101F7
:108ED0000ED0010125D001012DE9F04104460D46D7
:108EE000EFF31187402383F31288BFF36F8F594844
:108EF00000F034FE60B98423574A5849584801F0BD
:108F0000BEFD5449574801F0BAFD8421524818E08B
:108F1000504800F047FE237C03F01F02002A0CBFDC
:108F20000126002662D103F07F0323744E4B9C423E
:108F300009D14E495A234E4A494801F0A0FD5A2111
:108F40004B4801F093FD204603F0BCF9237C6DB241
:108F500043F08003DA07A573237407D545495323EB
:108F6000434A3F4801F08BFD5321E9E7DFF80881D0
:108F7000424652F8183FD8F81C10934208D1C4E971
:108F800000210C60C8F81C400DE08B42F7D01B6834
:108F9000002BF4D093F90E00A842F6DD5968C4E91D
:108FA00000310C605C60D8F81840944200D00CB9D5
:108FB000D8F80C40D8F808309C4202D0204600F087
:108FC00047FDC8F81440234800F0D6FD00283AD1E8
:108FD0004FF49973204A2949214801F050FD1D4959
:108FE000274801F04CFD4FF499718FE79B0728D576
:108FF000A16841B923491A48A423234A01F03FFD3F
:10900000A42121489DE720466DB203F05BF9A573CA
:109010000B68994209D14B68C4E900131C604C608D
:10902000D1E74A689342F6D01B68002BF3D093F93E
:109030000E20AA42F5DD5A68C4E9003214605C6073
:10904000C1E7A573BFE787F31188BFF36F8F304681
:10905000BDE8F0811C330021E1CF01013AD00101CC
:1090600038CD01014FD00101782E002165E70101C3
:1090700043E70101D9E70101E83200210ED00101E7
:1090800025D0010177E301014CE30101034648B912
:10909000EFF3058232B9064A51699268914201D0D4
:1090A000FFF73CBD83F31188BFF36F8F704700BF9C
:1090B000E832002110B5EFF31184402383F31288C6
:1090C000BFF36F8F284800F049FD60B98423274A19
:1090D0002749284801F0D3FC2349274801F0CFFC59
:1090E0008421224812E0204800F05CFDEFF3058364
:1090F00073B1224940F23B33214A1E4801F0BFFCC4
:10910000204801F0BCFC40F23B311D4801F0AEFCB0
:109110001D4B9A68D37B012B0CD11C494FF44F7324
:10912000174A144801F0ABFC164801F0A8FC4FF4B4
:109130004F71EAE7013BD3730B4800F01DFD68B99E
:109140004FF49973094A12490A4801F098FC0649FC
:10915000104801F094FC4FF49971C2E784F3118830
:10916000BFF36F8F10BD00BF1C330021E1CF0101A1
:109170003AD0010138CD01014FD0010190E4010145
:1091800043E70101E7E20101E8320021E6E80101DD
:109190000ED0010125D0010170B5EFF311864023F7
:1091A00083F31288BFF36F8F2A4800F0D7FC68B9A9
:1091B0008423294A29492A4801F061FC2549294884
:1091C00001F05DFC8421244801F050FC264D21482B
:1091D00000F0E8FCAB68DA7B6AB9244940F24D3311
:1091E000234A1F4801F04BFC224801F048FC40F2A2
:1091F0004D311F48E8E7EFF3058161B11E4940F2A8
:109200004E331B4A164801F03AFC1A4801F037FC6D
:1092100040F24E31EDE70132DA732A4652F8184F28
:10922000944200D004B9EC681A7CD20604D1DA89E1
:109230007F2A01D9A2692AB1A34202D0204600F0B8
:1092400007FC23466B613146BDE870400148FFF7DB
:1092500097BC00BF1C330021E1CF01013AD00101CE
:1092600038CD01014FD00101E832002117E9010199
:1092700043E70101E7E2010190E4010138B504464A
:10928000EFF31185402383F31288BFF36F8F1848E3
:1092900000F064FC68B98423164A1749174801F0A6
:1092A000EEFB1349164801F0EAFB8421114801F056
:1092B000DDFB0F4800F076FC204603F047F804463B
:1092C0000B4800F059FC68B94FF49973094A0D49ED
:1092D0000A4801F0D4FB06490B4801F0D0FB4FF4DB
:1092E0009971E3E785F31188BFF36F8F204638BD8E
:1092F0001C330021E1CF01013AD0010138CD010139
:109300004FD001010ED0010125D00101024B03F124
:109310001802C3E906227047E832002170B5EFF366
:10932000058373B138494FF49063384A384801F0E7
:10933000A6FB384801F0A3FB4FF49061334801F0DD
:1093400095FBEFF31186402383F31288BFF36F8FF1
:10935000314800F003FC60B98423304A30492C487E
:1093600001F08DFB2C492F4801F089FB84212B480B
:10937000E5E72D4C284800F015FCA168E0690B6872
:10938000814214BF1A46002249680B605960A368E5
:10939000E1692AB9254AC3E900210B60E3610AE0CB
:1093A00092F90E5093F90E00854223DD5168C3E90E
:1093B00000210B605360A5691C4B9D4200D005B98C
:1093C000E568A3689D4202D0284600F041FB1248A0
:1093D000656100F0D1FB88B940F26D130F4A144962
:1093E0000B4801F04CFB0C49124801F048FB40F2DD
:1093F0006D11BCE78A42CDD01268CAE73046BDE89D
:109400007040FFF78BBB00BF90E4010143E701010F
:1094100038CD0101E7E201011C330021E1CF010158
:109420003AD001014FD00101E83200210033002180
:109430000ED0010125D001012DE9F04106460C4670
:10944000EFF3058777B134494FF49363334A3448D7
:1094500001F015FB334801F012FB4FF493612F48E4
:1094600001F004FB50EA010304D1FFF757FF00208D
:10947000BDE8F081EFF31188402383F31288BFF336
:109480006F8F294800F06AFB60B98423274A284976
:10949000234801F0F4FA2449264801F0F0FA842127
:1094A0002248DDE7244D204800F07CFBA868234BD0
:1094B0001860FFF7D5FAA8682346324620491830CD
:1094C00000F0A6FBAA680446137C174843F0040387
:1094D000137400F051FB68B940F26D13134A194937
:1094E0000F4801F0CCFA1049174801F0C8FA40F2D1
:1094F0006D11D5E74046FFF711FBAB68D3E90A23AE
:10950000B3F1004F08BFBA42B1D102F04DFF201AAB
:1095100020EAE070ACE700BF90E4010143E70101FD
:1095200038CD0101E7E201011C330021E1CF010147
:109530003AD001014FD00101E8320021203300214F
:109540003D8D01010ED0010125D0010170B5064607
:109550000D46EFF3058474B1114940F2C643114A38
:10956000114801F08CFA114801F089FA40F2C64125
:109570000C4801F07BFAFFF75FFFB5F1FF3F08BF32
:10958000B6F1FF3F1FBF47F6FF734FF47A72E0FB5F
:109590000234D80B0CBF4FF0FF3040EA444070BD9E
:1095A00090E4010143E7010138CD0101E7E2010147
:1095B00038B50446EFF31185402383F31288BFF3D7
:1095C0006F8F204800F0CAFA68B984231E4A1F49E9
:1095D0001F4801F054FA1B491E4801F050FA84213B
:1095E000194801F043FA174800F0DCFA237C5B07C6
:1095F00010D504F1180000F0E7FB237C204623F08F
:1096000004032374FFF7C4F92946BDE838400D4828
:10961000FFF7B6BA0B4800F0AFFA68B94FF4997388
:10962000094A0D490A4801F02AFA06490B4801F097
:1096300026FA4FF49971D3E785F31188BFF36F8F42
:1096400038BD00BF1C330021E1CF01013AD0010138
:1096500038CD01014FD001010ED0010125D001010B
:10966000014B9868704700BFE83200212DE9F843AC
:1096700004468789EFF31185402383F31288BFF3F3
:109680006F8F824800F06AFA68B98423804A814962
:10969000814801F0F4F97D49804801F0F0F9842116
:1096A0007B4801F0E3F9794800F07CFA237C180745
:1096B00017D5764800F060FA68B94FF49973744A88
:1096C0007749754801F0DBF97049764801F0D7F920
:1096D0004FF49971E4E785F31188BFF36F8FBDE80C
:1096E000F883D90943F0080240F083802274A3680C
:1096F00013B12046FFF78AFA04F1180000F064FB6A
:10970000A66D04F15808B04511D04FF0000976B1AC
:109710003046FFF77BFA06F1180000F055FB3046A3
:10972000C6F87890FFF734F9A66DB045EFD1DFF8B1
:109730007881D8F808309C427AD1EFF30589B9F1E5
:10974000000918BF4FF00109D8F81860574A96422F
:1097500000D00EB9D8F80C60B34202D0304600F009
:1097600077F92046C8F8146001F04AFCB9F1000FFF
:1097700002D04F48FFF7FCF8D8F808309C426AD175
:10978000EFF30586002E66D1A389DA071FD53F487F
:1097900000F0F2F9002890D085F31188BFF36F8FA5
:1097A00086F31188BFF36F8F0423184602DFEFF3AF
:1097B0001185402383F31288BFF36F8F334800F085
:1097C000CDF900283FF461AF304800F0EBF92F48A5
:1097D00000F0D2F978BB40F26D132D4A30492E4883
:1097E00001F04DF929492F4801F049F940F26D1176
:1097F00056E7304A03F07F0343F008039442237492
:1098000008D12D495A232D4A234801F038F95A210D
:109810002A4846E7D90707D529495B23274A1E4826
:1098200001F02DF95B21F3E7204602F04BFD5EE7E6
:109830004FF0000988E72846FFF770F921494FF4F7
:10984000EE731E4A144801F01AF91F4801F017F987
:109850004FF4EE71DCE70D4800F08EF900283FF47C
:109860002CAF85F31188BFF36F8FFB077FF537AF00
:1098700040F2A253114A1549074801F000F9214668
:10988000134801F0FCF840F2A251C1E71C3300215B
:10989000E1CF01013AD0010138CD01014FD00101E2
:1098A0000ED0010125D00101E83200210033002152
:1098B000782F0021782E002165E7010143E701019F
:1098C000D9E7010148E9010153E9010175E9010105
:1098D00080E901012DE9F843064688461746EFF373
:1098E0001189402383F31288BFF36F8F214800F062
:1098F00035F9054668B984231F4A2049204801F0FC
:10990000BEF81C491F4801F0BAF884211A4801F03A
:10991000ADF8184800F046F93468A6421FD004B3E9
:109920002046C4F878806761FFF770F904F11800E9
:1099300000F04AFA2046FFF72BF80E4800F01CF919
:1099400088B94FF499730C4A0F490D4801F097F804
:1099500008490E4801F093F84FF49971D6E70025B5
:10996000EBE72546E9E789F31188BFF36F8F2846B7
:10997000BDE8F8831C330021E1CF01013AD0010199
:1099800038CD01014FD001010ED0010125D00101D8
:10999000D3B5DDE90667089CCDE90067FFF716FA45
:1099A0001CB1034B9B685B69236002B0D0BD00BF54
:1099B000E8320021027C034612F01F0210D10A494E
:1099C00088420DD00949086868B1D9897F2909D82A
:1099D00093F90E20064B1B689A42B8BF00207047CF
:1099E0000020704710467047782E0021B0010021FA
:1099F0002433002108B568B10F4B98420AD303F114
:109A00001802904206D21822C01AB0FBF2F302FBF1
:109A100013034BB109490A483F230A4A01F02FF8C2
:109A20003F21084801F022F80122074BC01058439B
:109A3000064B1A5408BD00BFF82F0021C6E90101EA
:109A400038CD01019EE90101ABAAAAAA7C3500210B
:109A500070B50C4B0C4D1E7CFFF7ACFF182303FBBD
:109A600006550446284600F0AFF90022074B9A55E8
:109A70003CB1621E2846BDE870400549D31700F08E
:109A8000C7B870BDE8320021F82F00217C350021D5
:109A9000F599010138B5EFF31185402383F312885E
:109AA000BFF36F8F234800F059F868B98423224A26
:109AB0002249234800F0E3FF1E49224800F0DFFF5F
:109AC00084211D4800F0D2FF1A4800F06BF81E4BAD
:109AD0001E4A9C681068A04213D1FFF7B9FF1548D1
:109AE00000F04AF800BB4FF49973134A1849144820
:109AF00000F0C5FF0F49174800F0C1FF4FF49971FE
:109B0000DFE700211B7C1160134AD35C002BE6D0F9
:109B10002046FFF74FFF0028E1D0237CDB0601D170
:109B2000FFF790F82046D8E785F31188BFF36F8FD1
:109B300038BD00BF1C330021E1CF01013AD0010143
:109B400038CD01014FD00101E8320021203300213E
:109B50000ED0010125D001017C350021006838B10B
:109B6000044B00F003001B7CC01A18BF0120704793
:109B700001207047E8320021002302680360EFF300
:109B80000581074B986811B1017CC90705D41B7C7E
:109B90001843831A5842584170470120704700BF4C
:109BA000E8320021024B1A7C9B6813430360704724
:109BB000E8320021024B1868984208BF0020704725
:109BC000B4010021034B1B680BB9FAF7AFBE0020AC
:109BD000704700BF2833002130B570B10B4B5B6874
:109BE00098420AD0036843B1D3E90421D0E904457F
:109BF000121941EB0501C3E90421D0E900321360D9
:109C00005A600023C0E9003330BD00BFB401002119
:109C1000B3F1FF3F08BFB2F1FF3F2DE9F84F044613
:109C20009B4615461F4600F0B280D0F80090B9F16F
:109C3000000F0CD057496423574A584800F01FFFC3
:109C4000574800F01CFF6421534800F00FFF81606B
:109C5000EFF31188402383F31288BFF36F8F5148CD
:109C6000FFF77CFF824660B984234F4A4F494B4837
:109C700000F005FF4B494E4800F001FF84214A489F
:109C8000E3E74848FFF78EFFBBF1000F494A1FDBAF
:109C9000FFF798FF064601354BF1000B454A2D189A
:109CA0004BEBE073D2E90017C4E904536D1843EBA2
:109CB0000707FFF77FFF0346DFF8FCE0DEF80490BC
:109CC000EBB9C4E900E9C9F80040CEF8044028E047
:109CD0006FF00103D2E900125B1A4FF0FF3161EB24
:109CE00002025B1B62EB0B02012B72F10001BCBF95
:109CF00001234A464FF0000AC4E90432D9E7D3E908
:109D0000041CD4E904208A4270EB0C0B2EDA891A69
:109D10005A686CEB0000C3E90410C4E90032146017
:109D20005C60FFF747FF84420ED1244B1B685BB990
:109D3000BAF1000F02D1FFF745FF0646304602F0A8
:109D40001CFB0021FAF7CCFD1648FFF715FFB0B950
:109D50004FF49973144A1A49104800F090FE1149C3
:109D6000184800F08CFE4FF4997188E7521A60EBA6
:109D70000C004B45C4E90420A3D01B68A0E788F37E
:109D80001188BFF36F8F28463946BDE8F88F00254C
:109D90002F46F8E795EB010171EB010138CD010188
:109DA000E7E201012C330021E1CF01013AD00101AA
:109DB0004FD0010110300021B401002128330021CF
:109DC0000ED0010125D0010170B50446EFF31186D4
:109DD000402383F31288BFF36F8F2A48FFF7BEFE3C
:109DE00068B98423284A2949294800F048FE2549B2
:109DF000284800F044FE8421234800F037FE214823
:109E0000FFF7D0FE23683BB3FFF7D4FE054620469C
:109E1000FFF7E2FE00224FF00043A542C4E904230D
:109E200012D000241748FFF7A7FE20BB4FF4997308
:109E3000154A1949164800F022FE1249174800F049
:109E40001EFE4FF49971D7E7FFF7BCFE02F095FABA
:109E50000021FAF745FDE4E7D4E90423B3F1004F0C
:109E600008BF012A04D100224FF00043C4E90423B3
:109E70006FF01504D6E786F31188BFF36F8F204685
:109E800070BD00BF2C330021E1CF01013AD00101A8
:109E900038CD01014FD001010ED0010125D00101C3
:109EA0002DE9F047DFF804910246C9F80000FFF7FA
:109EB00081FE8846044600260027DFF8F4A04FEA1A
:109EC000E27CDAE9001354B1D4E90450AA427CEBF5
:109ED000000E1EDAAD1A60EB0C00C4E90450002439
:109EE000521843EB0C032046CAE90023C9F800408E
:109EF00002F043FA2146FAF7F3FC2E48FFF73CFE46
:109F0000D0B188F31188BFF36F8FBDE8F047FFF73A
:109F1000C1BD691843EBE5732046C4E90467CAE98B
:109F20000013FFF759FE01224FF000432148C4E916
:109F30000423FFF721FE78B94FF499731E4A1F4995
:109F40001F4800F09CFD1B491E4800F098FD4FF48F
:109F50009971194800F08AFD88F31188BFF36F8F5B
:109F60002046A3689847EFF31188402383F31288B3
:109F7000BFF36F8F0F48FFF7F1FD58B984230E4AE6
:109F800011490F4800F07BFD0A49104800F077FDA9
:109F90008421DEE70748FFF705FED9F80020521BB1
:109FA000C9F80020FFF706FE044688E728330021A1
:109FB000103000212C330021E1CF01010ED001012E
:109FC00038CD010125D001013AD001014FD0010166
:109FD00010B5EFF31184402383F31288BFF36F8F22
:109FE0000B48FFF7BBFD68B984230A4A0A490B48AE
:109FF00000F045FD06490A4800F041FD842105486E
:10A0000000F034FD0248FFF7CDFD204610BD00BF33
:10A010002C330021E1CF01013AD0010138CD0101FB
:10A020004FD0010170B5EFF31186402383F31288FE
:10A03000BFF36F8F1A48FFF791FD68B98423194A5F
:10A0400019491A4800F01BFD1549194800F017FD81
:10A050008421144800F00AFD1148FFF7A3FDFFF723
:10A06000B1FD144AD2E90045041945EBE0750C48EE
:10A07000FFF782FD68B94FF499730A4A0E490B48FD
:10A0800000F0FDFC06490D4800F0F9FC4FF4997111
:10A09000DFE786F31188BFF36F8F2046294670BD36
:10A0A0002C330021E1CF01013AD0010138CD01016B
:10A0B0004FD00101103000210ED0010125D0010147
:10A0C0002DE9F84F4F1E0F4206460D469A460BD01B
:10A0D0002F4918232F4A304800F0D1FC2F4800F0B8
:10A0E000CEFC18212B481CE0141D4DD241F0040B6E
:10A0F00000F11408EFF31189402383F31288BFF3B2
:10A100006F8F4046FFF72AFD68B98423244A25490A
:10A11000214800F0B4FC4146234800F0B0FC842103
:10A120001F4800F0A3FC4046FFF73CFD224659467D
:10A130003046D04704464046FFF71EFD68B94FF44D
:10A140009973174A1949144800F099FC4146184878
:10A1500000F095FC4FF49971E2E789F31188BFF3A1
:10A160006F8F8CB144F8046B7DB13C420DD0352328
:10A17000084A1049084800F082FC21462A460E4849
:10A1800000F07DFC3521ADE700242046BDE8F88FC6
:10A19000E8CD0101B5EB010138CD010103CE01018C
:10A1A000E1CF01013AD001014FD001010ED00101F0
:10A1B00025D00101D9EB01010BEC01012DE9F041A2
:10A1C00005460E46174602F074F828B9074B9B68FF
:10A1D000DC6E14B9BDE8F081054C3B463246294699
:10A1E0002046BDE8F041FFF76BBF00BFE832002119
:10A1F000CC01002102460021014B0248FFF760BF5D
:10A2000049AA0101CC010021014BC366704700BF80
:10A21000CC0100210146024A0020FFF7CFBF00BF5A
:10A2200049AA010107B5074B4FF4006200930649A4
:10A230004FF0FF330548FEF7F9F9002003B05DF851
:10A2400004FB00BFC4CC0101D076002118300021EE
:10A250002DE9F04F43688BB0804692460093837897
:10A260009C0740F1F98000250878002800F0F6806E
:10A2700025280AD04B1C019301354146009B984785
:10A280000028C0F2E3800199EEE74E788B1C252E62
:10A290000193F1D000270A22B9463C461F2C22D850
:10A2A000A6F12003102B20D8DFE803F0141F1F1A9B
:10A2B0001F1F1F0B1F1F1F121F171F1F090044F016
:10A2C0000104019B13F8016B0193002EE6D13AE0E3
:10A2D00044F0020444F00404F3E744F00804F0E717
:10A2E00044F01004EDE77F2C24D8A6F13003092BAD
:10A2F00008D860064EBF02FB073744F0200402FB7B
:10A300000939DEE72A2E0DD161065AF8043B53D4F1
:10A31000002BA7BF44F020049946C3F1000944F084
:10A320002804CEE72E2E05D1630600F1978044F075
:10A330004004C6E76C2E2ED028D8682E32D06A2E64
:10A3400037D04C2E35D0002F46F02003B8BF24F074
:10A350004004A3F16502BCBF0027A4B2022A01D9C0
:10A36000612B2BD10AF1070A07279D4E2AF0070A15
:10A370000AF1080A210760D506EB070B34465C4555
:10A380005DD1AE1BA9EB0709A21959E1742E98D033
:10A390007A2E96D0D7E7260648BF44F4007444F0DE
:10A3A00080048EE7E00548BF44F4007444F48074F0
:10A3B00087E744F4207484E71F4682E7A6F163022E
:10A3C000122A00F2D880DFE812F013004D00D60008
:10A3D000D600D600D6004D00D600D600D600D60056
:10A3E000D600E800D100D600D6001A00D600A000A2
:10A3F0005AF8043B012704AE8DF81030BAE75AF83A
:10A40000046B784B002E08BF1E4614F0400F3046F8
:10A4100014BF39464FF0FF3102F052F80746A9E762
:10A4200041462020009B984700280FDB013CA742B3
:10A43000F6D34D44A1462D1B9EE74C46F7E7414617
:10A4400014F8010B009B9847002898DA98F802301E
:10A4500043F0040388F802304FF0FF3528460BB074
:10A46000BDE8F08F220630D5A3052AD50AF1070AE8
:10A470002AF007039A4659685AF8080B24F0100B83
:10A4800000291FFA8BFB2FDA40424BF4806B61EB03
:10A49000410104AC0A23224602F01EF81BF0400FD3
:10A4A000A0EB040200F08E802BF001049742A4B2CE
:10A4B00040F38F80002E40F08E802BF01104A4B268
:10A4C0001DE05AF8040BC117D8E7E0055AF8041B41
:10A4D00001D40846F7E7A20547BF48B241F3C011CF
:10A4E00008B241F3C031C9E750EA0103D1D1630694
:10A4F000CFD5002FCDD124F011043A46A4B23B466B
:10A5000040F206410C4262D124E024F010040A23F8
:10A51000A4B214F0800243D014F4007117BF0AF102
:10A52000070A5AF8040B2AF0070292461CBF51682A
:10A530005AF8080B50EA01023ED124F0160B6206CD
:10A540001FFA8BFB3CD5002F3AD124F017043A4672
:10A550003B46A4B221075AD4E10705D5994572DDDF
:10A56000A9EB03039F184B469B464AE044F01004B6
:10A5700010237826CDE7782B04D1C6F1780343F079
:10A580001003C6E741462520009B98470028FFF6A8
:10A590005DAF02354146304670E608230026B8E735
:10A5A00014F480715AF8040BC4D014F400711ABF6B
:10A5B000C0B2114680B2BDE724F006041FFA84FB46
:10A5C00004AC68E713465C46E10699D52EB9013321
:10A5D000C0E71346F8E73B46F6E70233BAE700BFA9
:10A5E00068EC010161EC0101CDE902324146202015
:10A5F000009B98470028FFF629AF0BF1010BDDE91E
:10A600000232D945F0DCEB1A03EB0B055B46E106A1
:10A6100027D541463020CDE90232009B98470028DB
:10A62000FFF614AFDDE902327EB901352F44791B04
:10A630008A4229DB144604AE94BB2A44A9EB0309E1
:10A640001546914440E017468EE7023541463046B4
:10A65000CDE90232009B98470028DDE90232E5DAB5
:10A66000F4E640F206410C42E0D014F0020F05F18E
:10A670000105414614BF2B20202014F4806FCDE942
:10A68000023218BF2D20E5E7CDE902324146009B9A
:10A690003020013598470028DDE90232C7DAD5E6D7
:10A6A000013C4146CDE90232305D009B98470028CD
:10A6B000DDE90232C0DAC9E641462020009B0135BF
:10A6C00098470028FFF6C2AEA9EB0503002BF3DC88
:10A6D000D9E500BF7047EFF31183402383F312885D
:10A6E000BFF36F8FFEE708B5F6F79EFF10B110F1CC
:10A6F000580F06D1F6F7B6FF10F1580F02D0002818
:10A70000F8D008BD0020FCE700EBC10040884008FD
:10A71000704708B5FFF7F8FF084408BDF0B50346D9
:10A7200000EBC100C588161DA94209D10121914045
:10A73000DA6822EA0102DA60002243F82620F0BD3E
:10A740008788EA00FC000634185B0432814202D19B
:10A75000985A814207D0002181F31188BFF36F8F8F
:10A760000421084602DF43F826501D539F52E6E7B6
:10A7700008B50346FFF7C8FFB0FA80F21846BDE8F7
:10A780000840C2F11F02FFF7C9BFF8B50346FFF743
:10A79000BBFFB0FA80F0C0F11F0003EB800CDCF8C7
:10A7A0001060CA00171D0C4606328DB256B9012141
:10A7B00001FA00F0D9680143D960CCF81040DD53AC
:10A7C0009D52F8BDF100043133F801C04FEACC04CA
:10A7D0000634185B864208D0002080F31188BFF34E
:10A7E0006F8F4FF0040E704602DF23F807C09E52B1
:10A7F0001D535D52E5E710B500EBC1035B880446CD
:10A80000DB070A460ED4FFF784FF34F83030C01A55
:10A81000814207D134F831102046511AFFF779FFF1
:10A82000824207D0002383F31188BFF36F8F042384
:10A83000184602DF10BD2DE9F843B1FA81F3C3F1E8
:10A840001F0800EB8809D9F8106005460A46A6B92A
:10A850004FF0FF34C3F120039C40EB681C401CD038
:10A8600094FAA4F6B6FA86F6331D55F82340284626
:10A870002146FFF7C0FF32460BE03446032721464E
:10A880002846FFF741FF90420AD32846FFF7B3FF5F
:10A89000424621462846FFF741FF2046BDE8F8839F
:10A8A00005EBC404E488013FC9F81040D0D0A642AB
:10A8B000E5D1CDE738B50446FFF726FF0D46034640
:10A8C00011462046FFF720FF1A1892B2530004EBFE
:10A8D000C50520466B80FFF71CFF24F8302038BDEB
:10A8E00070B50B460546FFF70FFF511A89B205EB0D
:10A8F000C3049B1A03444E0066809CB2600005EBC3
:10A90000C203588025F8321028461146FFF701FF90
:10A9100025F8304070BDF8B5002967D004680D1FD8
:10A920002D1BEE0825F007056219538813F001036B
:10A9300006D183F31188BFF36F8F0423184602DF1B
:10A9400031462046FFF7E5FE34F83030C01A864223
:10A9500007D0002383F31188BFF36F8F04231846B9
:10A9600002DF615B2046711AFFF7D3FEB04207D0C9
:10A97000002383F31188BFF36F8F0423184602DF8F
:10A980005388314623F0010353802046FFF7C1FE70
:10A9900004EBC0035B880746DA070CD40146204667
:10A9A000FFF729FF39462046FFF7E2FE3A463146D7
:10A9B0002046FFF77FFF655B751B04EBC5035B88D3
:10A9C000DB070DD429462046FFF715FF2946204610
:10A9D000FFF7CEFE324629462046FFF76BFF2E4694
:10A9E00031462046BDE8F840FFF7CFBEF8BD70B550
:10A9F00009B9002070BD056801F007030B33CC08CE
:10AA000004EBD304AB6828469C4228BF1C46214671
:10AA1000FFF711FF06460028EBD001462846FFF756
:10AA200073FEA04207D928463219FFF759FF114695
:10AA30002846FFF7AAFE05EBC602104653880430ED
:10AA400043F001035380D5E71146FFF7D0BF002044
:10AA500070470FB407B504A951F8040B0191F6F73C
:10AA6000BDFE03B05DF804EB04B07047002383F330
:10AA70001188BFF36F8F0423184602DF70470FB4AD
:10AA800007B504A951F8040B0191F6F7A7FE03B02E
:10AA90005DF804EB04B07047838B13F0070306D115
:10AAA0000368002B18BF032008BF00207047022B4B
:10AAB00005D1C08BB0FA80F0400980007047012BAF
:10AAC00004D10368002B18BF0520EDE70020704774
:10AAD00010B50C4600B111B96FF0150010BD081D7E
:10AAE00000F02FF80028F9D1A368032BF6D9F3E77B
:10AAF0002DE9F0410D4607461946281D90461E4691
:10AB0000F7F750F9044638B13346424629463846ED
:10AB1000A446BDE8F0416047BDE8F08138B50C4679
:10AB2000054658B151B10B6843B14B6833B120228F
:10AB3000002101F098FC00202C6138BD6FF0150059
:10AB4000FBE7034658B1426802F00302012A03D032
:10AB5000032A04D1026812B10020986070476FF098
:10AB600015007047704720B183682BB11B6833B163
:10AB700018476FF0150070476FF0040070471846D3
:10AB8000704730B450B149B142B1846854B12569BD
:10AB900045B141F8040B236930BC18476FF015002C
:10ABA00030BC70476FF00400FAE730B41346044637
:10ABB00050B1006860B182686AB195685DB10A46BB
:10ABC000AC46616830BC60476FF0150030BC704720
:10ABD0006FF00100FAE76FF00400F7E70A4603465A
:10ABE00010B458B1006868B1816871B1CC6A64B1C1
:10ABF0008C6A54B15968234610BC18476FF0150091
:10AC000010BC70476FF00100FAE76FF00400F7E73F
:10AC10000A46034610B458B1006868B1816871B142
:10AC20008C6A64B1CC6A54B15968234610BC184789
:10AC30006FF0150010BC70476FF00100FAE76FF07D
:10AC40000400F7E70369D3F8700370476FF08500DD
:10AC50007047084608B5114618B101F085F8002084
:10AC600008BD6FF00100FBE7084608B5114618B1B2
:10AC700001F071F8002008BD6FF00100FBE713B58B
:10AC800004460846216901F55B71D1E8AF1F02292E
:10AC900009D15BB168B100931346D0E90912FBF703
:10ACA000A5FD02B010BD6FF00F00FAE76FF04C0089
:10ACB000F7E76FF00100F4E72DE9F84315461C466D
:10ACC000DDE908230F4616469846A9B3BDB3B4B3D1
:10ACD00012F1010C43F10001BCF1020F71F100010E
:10ACE00030D2D4F800C0BCF1000F09D00169D1F80E
:10ACF00070138C4504D96FF00B002160BDE8F88318
:10AD0000B3F1FF3F08BFB2F1FF3F0CBF4FF00109A5
:10AD10004FF000094A462146384601F02EF840B966
:10AD2000B8F1FF3F08BFB6F1FF3FF3D06FF0680006
:10AD3000E4E728600020E1E76FF00100DEE76FF054
:10AD40001500DBE76FF08500D8E701F06BB838B588
:10AD50000D46044600F148012846F6F78CFB0346F1
:10AD600030B1284604F1C001F6F785FB28B901236C
:10AD70005B4203F07803E01838BD0020FCE702F5E1
:10AD80002E7102F5327001F084BAD0F8B030A0F51F
:10AD90002E70003B18BF012300EB8300D0F8A40203
:10ADA00000F07ABFC86828B1096983681B680BB1D5
:10ADB000002218477047FCF70FBED0E8EF3FC0E80D
:10ADC000E21F002AF9D1704710B5436804691B6877
:10ADD000C4F8683304F5E87001F020FA002104F5A6
:10ADE0005B70FFF7EAFF084610BD030103EB400369
:10ADF000093323F0030303EBC00348430330083354
:10AE000020F003001844400070472DE9F84306463F
:10AE10004FF001080569D0F8049005F55B77D7E895
:10AE2000EF3F022B03D1C7E8E28F002AF7D141D1CF
:10AE300095F86C30002B40D195F8E430002B3CD1D4
:10AE40002846D5F8681300F054F8044680BB7368B0
:10AE50003669D3E9050183681B693BB322469847ED
:10AE6000044628BB414606F53270FDF74FFCD6F884
:10AE7000480305F5F476F7F7B3FE3046D9F800102D
:10AE800000F072F8044698B90146D022304601F02D
:10AE9000EAFA21464FF4F272284601F0E4FA21461C
:10AEA0003846FFF78AFF2046BDE8F8836FF0570465
:10AEB0000221F5E76FF07704F5E76FF00F04F2E792
:10AEC00010B50846029B114652B993F86C202AB976
:10AED0000122184683F86C20F7F7BCF8002010BD5B
:10AEE0001A6F9468002CF9D05A6FA047F6E700F06B
:10AEF00099BF38B50D46044660B1F03001F02CF929
:10AF00000DB1002038BDC4F8BC51C4F8C051C4F81C
:10AF1000C451F6E76FF01500F4E70268D2F8C830C4
:10AF200013B1D2F8C41018477047704783690BB942
:10AF3000C36B19707047012070478369012B03D1DF
:10AF4000C36B1878C0B270470420704738B5C41D71
:10AF5000E4002046FFF74EF9054618B122460021CD
:10AF600001F081FA284638BD38B504463822002160
:10AF700001F079FA1822002104F1A40001F073FA1B
:10AF80001822002104F18C0001F06DFAD4F8C00001
:10AF9000FBF7DEFBD4F8BC00FBF7DAFBD4F880301B
:10AFA00004F154050BB12846984738220021284661
:10AFB00001F059FAFBF730FB002038BD01F053BA1D
:10AFC00001F044BA01460068F7F746BA08B5F7F74A
:10AFD00073FABDE80840F7F7F3BD00210120F7F749
:10AFE0003BBA08B5F7F79CFDF7F70EFAF7F718FA32
:10AFF000F7F73CFEFCF710F9036E83F30B887047FC
:10B000006FF08500704761B662B680F31188BFF3B8
:10B010006F8F704708B5F8F7BFFA72B6002383F355
:10B020001188BFF36F8F00F09FF850B1BFF34F8FBF
:10B0300030BF00BF00BF00BF00BF00BF00BF00BFE8
:10B0400000BF62B6BFF36F8F08BD10B50446F8F7B6
:10B05000A3FA72B6002383F31188BFF36F8F00F059
:10B0600083F850B1BFF34F8F20BF00BF00BF00BFB8
:10B0700000BF00BF00BF00BF00BF84F31188BFF353
:10B080006F8F62B610BD40E800F313F4803FD8B272
:10B0900008BF6FF01500704730B50C684B6885B07D
:10B0A0000A894D890094013B24F01F04234402F0D7
:10B0B0001F0242EA451223F01F0369468DF808205B
:10B0C0000393F7F72DFE05B030BD7047416A8968DC
:10B0D000F8F7E8B838B50D4614461146F8F70CFAFB
:10B0E00022462946BDE8384001F0B0B910B50C46FB
:10B0F0000121F8F701FA047010BD10B503680121B1
:10B100001C78F8F719FA204610BDF0B5D0F8047392
:10B11000064617F002001CBFC2F1807018604FF0A5
:10B12000000518BF01204FF0010C4FF4803E0CFACF
:10B1300005F40C4214D00EFA05F43C4210D005F58B
:10B14000A87456F82440A41A34F07F4408BF4FF086
:10B15000807408B91C6002E01868A042FAD8012087
:10B160000135042DE3D1F0BDF8F794BAF8F702BA2F
:10B17000F8F700BA0220F8F7A5BBF8B5069F054618
:10B180000469C9B2EFF3118C402080F31288BFF339
:10B190006F8F0C2606FB0146B06C00F0070EBEF167
:10B1A000010F11D1B76400268CF31188BFF36F8FA4
:10B1B00046B90C2000FB0144C4E910236B6853F826
:10B1C000313098473046F8BD00F0C00087420CBFD0
:10B1D0006FF077064FF0FF36E6E713B58024009452
:10B1E000FFF7CBFF02B010BD0069CBB200EB4310FC
:10B1F000002110471046FCF72BBE00F07CB900F090
:10B200007BB98022F8F718BC4FF4AF6070474368F1
:10B2100000205B681B690B607047436802EA01000D
:10B220005B6821EA020198600020D960704743689A
:10B2300000205B6899607047436800205B68D960B4
:10B24000704743685B685A6821EA020011409860C1
:10B250000020D9607047FAF76BBF30B451F8205026
:10B260000C4601EB80023DB10146AC46D4F88000AB
:10B27000002330BC126C604730BC704710B50069C9
:10B280000F299FBF00EB810440F821202364002098
:10B2900088BF6FF0150010BD002070471020704768
:10B2A0000F290ED843685B68CB40DB0709D5012224
:10B2B0008B00DBB203F1824303F5903300201A6068
:10B2C00070476FF01500704738B50F290C460569B7
:10B2D00033D843681B68CB40DB072ED5D5F88410E4
:10B2E00021FA04F303F001031AB99BB96FF0770058
:10B2F00022E0002BFAD111B91220F7F7ABFB0122A3
:10B30000D5F88430A2401343C5F88430E0B2FBF78F
:10B3100061F80AE0E0B2FBF77BF80122D5F884304F
:10B32000A24023EA0203C5F88430D5F8843013B96B
:10B330001220F7F79DFB002038BD6FF01500FBE7EA
:10B3400008B5F9F76FF908BDFFF7C5B910B54FF0AB
:10B35000FF304FF0FF31F9F7F3FA044628B9E5F76B
:10B36000F7F9044618B1F9F7F3FA204610BDF9F7DA
:10B37000EFFA2046F8F7C6FAF7E738B50B8A0D461C
:10B380003BB101F10C00FFF7B8FE012818D00228EC
:10B3900003D06FF01504204638BD4FF0FF304FF05A
:10B3A000FF31F9F7CDFA04460028F4D1E868F2F746
:10B3B0006BF80446F9F7CCFAACB1F9F7CBFBEAE746
:10B3C0004FF0FF304FF0FF31F9F7BAFA044600288A
:10B3D000E1D1E868F9F7C0FC0446F9F7B9FA002CA6
:10B3E000D9D1F9F7B7FB2846F8F738F80024D2E7A7
:10B3F000F9F7E8BB10B532220021044601F033F81A
:10B40000202323708023A3706FF03F0363716FF0DC
:10B410001B03A3722823A3732223E3730423A375BE
:10B420006FF0080363766FF03C03A3766FF00403BC
:10B43000E3760E232377302384F820306FF03F0328
:10B4400084F82130792384F822307E2384F8233055
:10B450006FF0010384F82430032384F8253080231F
:10B4600084F82630072384F82730402384F82D30D1
:10B47000042384F82E3010BD034607B59988006870
:10B480009B790090ADF804108DF80630BDF80330BC
:10B4900068460A2B28BF0A23ADF80330E7F7C8F83F
:10B4A00003B05DF804FB684620F007018D4601B546
:10B4B000F0F72CFBBDE8014085467047684620F058
:10B4C00007018D4601B5F0F715FBBDE80140854643
:10B4D0007047684620F007018D4601B5FFF746FE2C
:10B4E000F1F7E2F8BDE801408546704708B5F5F789
:10B4F00025FF002008BD70470020FAF775B9704796
:10B50000EFF72CB8034600201847024610B5116823
:10B5100091B1B1FA81F3C3F11F000123834021EA05
:10B520000303D2E8EF4F8C4204D1C2E8EC3FBCF1F8
:10B53000000FF6D1EBD110BD6FF00B00FBE710B59B
:10B540000368CB40DB0710D401238B40026843EA39
:10B550000201D0E8EF4F944204D1C0E8EC1FBCF1E7
:10B56000000FF6D1F2D1002010BD6FF01500FBE7FF
:10B5700041F00041C0F880100020704743090AD014
:10B58000012B0BD14FF6FF7300F01F0023FA00F0E0
:10B5900000F0010070474FF0FF33F5E700207047DF
:10B5A00010B504460846FAF7F9F904EB4004207D8B
:10B5B000C0F3401010BD10B504460846FAF7EEF986
:10B5C00004EB4004A08A00F01C00003818BF0120E2
:10B5D00010BD10B504460846FAF7E0F904EB400444
:10B5E000207DC0F3400010BD10B50446FFF7F1FF09
:10B5F00020B12046BDE81040FFF7D2BF10BD10B506
:10B6000004460846FAF7CAF904EB4004A08A400B46
:10B6100010BD70B5044608461646FAF7BFF9083063
:10B6200034F810300D46DA0509D5C3F3432304EB93
:10B63000C3023146284654F8333052689847A3680D
:10B640002BB131462846E268BDE87040184770BD0E
:10B650002DE9F3411746DDE90858019001A80C4691
:10B660001E46FAF7DFF9019B391E18BF012100EBD6
:10B670008300231E18BF0123002E43EA41030CBFA1
:10B6800000210C21002D43EA01030CBF00214FF4DF
:10B690007061B8F1000F43EA01030CBF00214FF4C1
:10B6A0004031D0F800220B4322EA030304B124788E
:10B6B0000FB13F787F001C430EB13678B6003C4393
:10B6C0008DB1297809023443B8F1000F03D098F8FE
:10B6D00000804FEA0848214341EA0801C0F80012FF
:10B6E00002B0BDE8F0812946EDE71FB50DF10F036B
:10B6F000019300238DF80F101A4619460093FFF7A7
:10B70000A7FF05B05DF804FB2DE9F04700250446CE
:10B7100088462E464FF00109AA46D7B2AF420CD157
:10B72000D4F87C3133B10023C4F87C31D4F87C31B7
:10B7300046F000463046BDE8F0872846FAF7A6F9FD
:10B74000A0F580739B0809FA03F318EA030F05D0EC
:10B7500022581AB144F800A022581E430135EDB218
:10B76000DCE738B504460D46FFF71AFFA8B12046BE
:10B77000FFF72FFF88B92046FFF741FF012322681A
:10B780008340C2F80833236803EB8000D0F81035FB
:10B7900023F00303C0F8103538BD2846BDE8384013
:10B7A0000021FFF7A2BF2DE9F04389B0109E0446A7
:10B7B000894690460021202268461F46129D00F0CF
:10B7C00052FE1F2E97BF01234FF0FF33B34003F10A
:10B7D000FF332361119BC4E90098C4E902766361D9
:10B7E000183445B10FCD0FC495E80F0084E80F0061
:10B7F00009B0BDE8F0836D46F4E773B50468651CD5
:10B8000031D08568A9422ED264182CD05E18AE4281
:10B8100088BF6B1A056A35B100930523A847034614
:10B82000184602B070BD2146BFF35B8F184618B1B1
:10B8300042EA0104A4070AD103280EDC01391044AE
:10B840008242EDD011F8014F02F8014BF8E711F8F0
:10B85000014B013802F8014BE9E751F8044B043879
:10B8600042F8044BE8E76FF02103D9E773B50468A9
:10B87000651C31D08568A9422ED264182CD05E1880
:10B88000AE4288BF6B1A456A85B92146184618B181
:10B8900041EA0204A4070ED1032812DC013A08444D
:10B8A000814214D1BFF35B8F184602E00093052359
:10B8B000A84702B070BD12F8014B013801F8014BE6
:10B8C000E5E752F8044B043841F8044BE4E712F87A
:10B8D000014F01F8014BE3E76FF02100E9E773B591
:10B8E00004681D46661C2BD08368994228D26418D0
:10B8F00026D06E189E42866A88BF5D1A2EB1052337
:10B900000095B047284602B070BD4FF00130214687
:10B910002B4650430BB18C0707D1032B09DC0B449A
:10B9200099420AD1BFF35B8FECE701F8012B013B91
:10B93000F0E741F8040B043BEFE701F8012BEFE7D8
:10B940006FF02100DFE70020704710B4046B02465F
:10B950000B4684B9C1681F2998BF23FA01F44168D6
:10B9600061B18068834209D21069184051F82430CF
:10B97000184410BC7047234610BC18474FF0FF30E6
:10B98000F7E770B5436B05460E46E3B90469621CE0
:10B9900009BF43680C401C680C1B21462846FFF772
:10B9A000D4FF864207D02B6901331C44AB689C420C
:10B9B000F3D34FF0FF342868431C07D0AB68A34291
:10B9C00004D9204470BD98470446F4E70020F9E705
:10B9D00030B5059CC4E90002039A21811989E2600F
:10B9E000049A618121856261D3E9002502EB01138C
:10B9F000C4E906128A1C236203EB42036A1C134447
:10BA00006D422B406362836953B90139E2698B420D
:10BA100002EB031206DB002393736FF07F03D373F3
:10BA2000002030BD0133D381F0E72DE9F04FB0F8AD
:10BA300030A004465546002685B002EB0308914627
:10BA40000E9A00EBCA031FFA88FB9A63A3F83CB076
:10BA500008F1FF32C3690F1D0192B0451ADC238D36
:10BA60002586A3EB0B032385236A61895A88013954
:10BA70000A4003EB4203A3F804A0BFF35B8F00204E
:10BA8000226A538801335380638D0133638505B087
:10BA9000BDE8F08FE06A2A0157F8041C03EB051596
:10BAA000029303680392C91A83680837994228BF32
:10BAB0004FF0FF31FFF749FFDDE9023298500022D5
:10BAC0006A6057F8082CAA60019A9642ACBF00221F
:10BAD0000122B145D8BF42F00202AA810136ED89A8
:10BAE000BBE7F0B550B3456A448E6B88A34230D0B3
:10BAF000631C43864389BFF35B8F013B1C4005EB0E
:10BB0000C4056B689EB209B1AD680D60D0F81CC069
:10BB10009BB20CEB031100EBC3039D8F078D2F44E9
:10BB2000013D07859D878D896F070ED5058ECD81D7
:10BB300000210686986B996302B11480F0BD9D8F39
:10BB4000C989013D0CEB01119D878D89ED07F6D464
:10BB5000ECE70020F2E7C36903EB01139868704734
:10BB6000C36909015958C06AFFF70BBF70B5BFF32D
:10BB70005B8F0D46016A1646838E4A8804469A42B8
:10BB800012D05A1C82864289013A134001EB4301CC
:10BB90008988298089B2FFF7E3FF2A88E36903EBEC
:10BBA00002139B68336070BD0020FCE710B502688B
:10BBB00093691269920017D543B9438E026A81696D
:10BBC0004489013B1B1B02EB4102938003689B6984
:10BBD000012B08D1838E426A81694089013B1B1A7F
:10BBE00002EBC102938010BD23B9026A138843F0AF
:10BBF0000103138003689B69012B01BF426A13880C
:10BC000043F001031380EEE710B5BFF35B8F0268CA
:10BC100004469369126992001AD57BB9036A426A95
:10BC20005B888169013B02EBC10292889B1A628D9D
:10BC30009BB29A4214D80023638510BD012BFAD120
:10BC4000436A026A5B888169013B02EB4102ECE7CF
:10BC500063B9436A1B88DB4303F00103002BEAD07E
:10BC60006369002BE7D020469847E4E7012BE2D137
:10BC7000036AEFE7036A828E598891420AD04189AC
:10BC800001390A4003EB42039A88C36903EB0213AC
:10BC90009868704700207047BFF35B8FC36803B19B
:10BCA000184770474FF0FF324FF0FF33FCF74CB9A5
:10BCB00010B1C36A0133C362704738B1C26A013A36
:10BCC000C2621AB9026B02B110470262704770B5C6
:10BCD0000446056A05F164063046FFF7E3FF636A30
:10BCE000A3F580637F2B0BD801225909503503F04F
:10BCF0001F039A4055F8213023EA020345F821300A
:10BD0000D4E90F124A60E16B04F13C031160204654
:10BD1000C4E90F33FFF7D1FF3046BDE87040FCF7B0
:10BD200097B810B5436A8CB00A93202304460246A4
:10BD30000B9102A8194600F023FA28230122CDE92D
:10BD4000003220463522616A02ABFAF739FD00EA7B
:10BD5000E0700CB010BD30B1006A20B119B1D0F85C
:10BD6000803003B11847704730B1006A20B119B173
:10BD7000D0F8843003B11847704730B1006A20B161
:10BD800019B1D0F8883003B11847002070472DE969
:10BD9000F84307468846154699460668B74203D1D8
:10BDA00000242046BDE8F8836A1CA6F13C0402D0BA
:10BDB000636AAB42F5D0B8F1000F10D020224146A3
:10BDC000204600F058FB50B9B9F1FF3F02D0A36AFA
:10BDD0004B45E6D06B1C02D1A36A0133E1D0366833
:10BDE000DCE770B505460C461E46CAB12023204646
:10BDF000194600F0C5F90123E362049B6662A36261
:10BE0000059B25626363069BA363079B63646A6863
:10BE100004F13C03C4E90F526B60226C136070BDE7
:10BE20000A70E8E710B5044690B1036A83B102785E
:10BE30004AB193F89C3033B1436AB3F5806F02D3B3
:10BE40000121FFF76EFF2046BDE81040FFF73FBF1E
:10BE500010BD20B1036A13B15B6803B11847704786
:10BE600008B530B1036A3BB1DB682BB198470020BD
:10BE700008BD6FF01500FBE76FF00500F8E77047AD
:10BE8000FBF7E6BF4FF0FF324FF0FF33FCF75CB833
:10BE9000F8B500F16407A1F11006054638460C46D6
:10BEA000FFF7F0FF3046FAF741FD80B154F8083C47
:10BEB00024F8083CD5F8C43044F80C3C05F1C00324
:10BEC00044F8103CC5F8C46054F80C3C1E60384679
:10BED000FFF7D6FF0020F8BD38B50D4600F1640429
:10BEE0002046FFF7CFFF55F8083C204603F5803386
:10BEF00045F8083CBDE83840FFF7C2BF2DE9F043E4
:10BF0000282A89B08846109D52D1D5F8B800202340
:10BF100001688468A8EB0101A14228BF4FF0FF31FE
:10BF20006A46FFF76AFC05F16406D8F820903046AF
:10BF3000FFF7A8FF4B464FF0FF3269462846FFF750
:10BF400026FF044640B3076B003F18BF0127D8F80F
:10BF50002430DB0722D514B14FF0FF33A36217B1B1
:10BF60002046FFF7A5FE3046FFF78AFF1CB1A36B02
:10BF70000BB120469847AB6F1BB14A46694628462D
:10BF80009847AFB13046FFF77DFF2046FFF795FE9B
:10BF90003046FFF775FF0BE00746D8E764B9304637
:10BFA000FFF76EFF6B6F1BB14A46694628469847FC
:10BFB000002009B0BDE8F083C4F82890E8E770B528
:10BFC00000F16406A1F1100504463046FFF75AFF60
:10BFD0002846FAF7ABFC38B120462946FAF786FD29
:10BFE000D4F8B000FFF710FE3046BDE87040FFF710
:10BFF00047BF10B548B149B143688B4206D3826848
:10C000000468D21A5B1A4360A01810BD0020FCE738
:10C010002DE9F3470546D0F8AC000E46174618B98F
:10C02000002002B0BDE8F087036A002BF8D09B68BF
:10C03000002BF5D098474307F2D543F69823002FFD
:10C0400018BF1F4605F1640805F1C0094046FFF717
:10C0500019FFD5F8C0404C4532D08CB3D4E9002349
:10C06000536022681A60C4E90044D5F8AC302189D5
:10C070009B69ADF8061013B9D5F8A0303360D5F838
:10C08000AC309B69012B04D1D5F8B400FFF763FDF8
:10C0900030604046FFF7F4FE002C4BD1002FBFD09C
:10C0A000D5E92B32182112891B6B01FB0233D5F81D
:10C0B000C820AABB21200021FDF748FA013FC5E7AF
:10C0C000D5F8AC30D3F818A0BAF1000F1CD1314626
:10C0D000D5F8B4000DF10602FFF703FD0446002871
:10C0E000D7D1D5F8B4301B8D0BB90024D1E7D5F8E2
:10C0F000A010D5F8BC00FFF77CFFD5F8A0300446AF
:10C100003360ADF806A0C4E7BAF1010FEDD13246B5
:10C11000D5F8B4000DF10601FFF728FD0446B8E795
:10C120001969284690476FF4FB639842C2D00028F3
:10C130008CD075E7BDF8063004F1100003F58033AC
:10C14000A3603368103B33606BE720B119B112B1C3
:10C15000C0E901220160704738B5044618B938BDFE
:10C160003C38FFF75FFE20688442F9D10025D4F8FF
:10C17000AC00C4E92C55FFF76CFEC4F8AC50EEE7F8
:10C18000F8B50446A1B199420E4628BF1E46751C5B
:10C19000013D05D012F8017B00F8017B002FF7D19B
:10C1A000994207D9891B4A19002100F05CF9711BDB
:10C1B0000846F8BD00230C4404F8013CF7E740B101
:10C1C000C368587810F001001EBF1878B0FA80F0EC
:10C1D00040097047EFF31183402383F31288BFF3C4
:10C1E0006F8FFEE708B5FFF7F5FF10B400F10C0400
:10C1F000C0E903440024446110BCF5F757BA13B5F5
:10C2000001240094FBF752F902B010BD90F90E30F2
:10C210008B4201D0FCF760BE00207047034600202F
:10C22000C3E90033C3E902007047012307B5009357
:10C2300000230A461946FBF7BFFC03B05DF804FB78
:10C24000002307B50A4600931946FBF7B5FC03B077
:10C250005DF804FB3AB18A4205D3C0E90212C0E995
:10C260000000002070476FF015007047012302683E
:10C270008B4022EA0303036022FA01F000F0010080
:10C280007047704720B100228C301146FDF722BB69
:10C29000704710B5FCF7B8F8041E08DDEFF3118005
:10C2A000402383F31288BFF36F8FFCF7EFFE204625
:10C2B00010BDEFF30580003818BF012070476FF004
:10C2C00057007047D0E9003213605A600023C0E97C
:10C2D0000033704738B504460D46FCF7C1FB237C9C
:10C2E00043F002032374D5B1A5602B689D4209D1A8
:10C2F0006B68C4E900531C606C6010E06A689A4285
:10C30000F6D01B68002BF3D093F90E1094F90E2091
:10C310009142F3DD5A68C4E9003214605C6038BDB4
:10C3200010B5037C044613F0280F0CD183680BB1C1
:10C33000FCF76CFC237C204623F004032374BDE847
:10C340001040FCF725BB10BDFCF71ABC38B50546FC
:10C3500004680020AC4200D138BD002CFCD020463F
:10C36000FCF754FC04F11800FDF72EFD2046FCF705
:10C370000FFB2C680120A542EDE708B50246FDF74A
:10C3800019FC70B1D0E904319B1A61EBE272B3F190
:10C39000004F72F1000104DA002AACBF18460020F9
:10C3A00008BD6FF00040FBE708B5FDF73BFE08BD98
:10C3B000B3F1FF3F08BFB2F1FF3F70B506461D461F
:10C3C000144614D01A4316D0002B08DBFDF72AFEC2
:10C3D000041941EB0501C6E90041304670BD6FF01C
:10C3E00001031C1B4FF0FF3363EB0501F3E74FF034
:10C3F000FF342146EFE70024FBE7B3F1FF3F08BF1E
:10C40000B2F1FF3FF8B5074616461C4610D054EA75
:10C41000020311D0FDF706FEB0420A46A1410346D1
:10C420000AD2F31A64EB0204C7E900343846F8BDB7
:10C430004FF0FF331C46F7E70023FBE720B1011F55
:10C4400050F8040CFAF79ABF704770470A44431E2D
:10C45000914200D1704710B511F8014B914203F899
:10C46000014FF9D110BD02440346934200D17047F9
:10C4700003F8011BF9E710B56AB10139841810F807
:10C48000012B11F8013F9A4203D1A04201D0002AAA
:10C49000F5D1D01A10BD1046FCE70139034610B59E
:10C4A00032B111F8014F013A03F8014B002CF7D1DA
:10C4B0001A440021934200D110BD03F8011BF9E793
:10C4C0000246014410B58A42134603D01C7801325B
:10C4D000002CF8D1181A10BDF0B5C3F13707044687
:10C4E00003F01F031046FFB2082BE6B232D0102B28
:10C4F0003DD06508A40845EAC17544EA81748A08FC
:10C500002D1942EB5102290941EA02716D1842EBE3
:10C510001212290A41EA02616D1842EB1222290C1B
:10C5200041EA02416D1842EB1242AD1842F100029D
:10C53000EC0844EA4274D10804EB8402A6EB4205FD
:10C54000EDB2092D0CD90134A5F10A0541F1000124
:10C55000EDB212E0E40806F0070544EA4174C908A8
:10C56000303554EA010200F8015BBDD1F0BD240969
:10C5700006F00F0544EA01740909092D84BFED197D
:04C58000EDB2EDE744
:10C5840001380101000000000000000004C60101A0
:10C594002D73010100000000000000003CC60101F1
:10C5A4000000000020C60101B55601010000000092
:10C5B400EDB40101000000000000000058C60101B4
:10C5C4006148010100000000C531010100000000C4
:10C5D4000000000074C601010000000090C60101C3
:10C5E4008D5701010000000025A201010000000098
:10C5F40000000000ACC60101ED23010100000000B1
:10C6040012DA010140CC010158C80101BE01002128
:10C614003C310021D93A0101000000008EDB010108
:10C6240050CC010120C80101C2010021DC310021EC
:10C6340029450101000000009CDB010164CC0101DB
:10C6440020C80101C4010021E8310021294501016C
:10C654000000000073DA01010000000018C80101A5
:10C66400C0010021983100210940010100000000AF
:10C67400AADB01017801002144C80101C60100219F
:10C68400F43100216545010100000000F1DC0101E5
:10C694000000000078CC0101C8010021883200218B
:10C6A4007D4A0101000000008BD00101B800002187
:10C6B4005CCB0101BC010021E0130021C9AD0101E3
:04C6C4000000000072
:10C6C80000000000DBAF010100000000DBAF01014A
:10C6D80000000000DBAF010100000000DBAF01013A
:10C6E80000000000DBAF010101B5010105B5010142
:10C6F80000000000DBAF010100000000DBAF01011A
:10C7080000000000DBAF010198310021A1400101C8
:10C71800E400002157B2010100000000DBAF010175
:10C7280000000000DBAF010100000000DBAF0101E9
:10C7380000000000DBAF010100000000DBAF0101D9
:10C7480000000000DBAF010100000000DBAF0101C9
:10C758004D64010105B5010100000000DBAF0101D6
:10C7680000000000DBAF010100000000DBAF0101A9
:10C77800000000006946010100000000DBAF010174
:10C7880000000000DBAF010100000000DBAF010189
:10C79800000000004957010100000000DBAF010163
:10C7A80000000000DBAF010100000000DBAF010169
:10C7B80060130021803B00210002000019150101CF
:10C7C800000000000000000000000000070000005A
:10C7D80000000000B5CD01010000000000000000CD
:10C7E800E01200218035002100060000F11401014B
:10C7F800000000000000000000000000070000002A
:10C8080000000000A8CD01010000000000000000A9
:08C818008D3F0101B13E010159
:10C82000254301010FB201011BB201012FB2010129
:10C8300039B2010143B20101154201011541010163
:04C8400000000000F4
:10C84400A1B201017DB2010199B201019DB20101C0
:04C85400C9B2010163
:10C85800313B010103B20101DBB10101000000001D
:0CC86800013A0101000000000000000087
:10C8740059660101060000000002000000020000E9
:10C8840000000000252627000102030328040000FD
:10C8940090420000BE1100004C010000E80B0000B3
:10C8A40086040000010203030102030301010002E4
:10C8B4000700010204010001000001010000010061
:10C8C400010000010001000000000000020B000054
:10C8D40001000B0002000A00050009000A0008001C
:10C8E400140007001E000600320005004B0004007F
:10C8F4006400030096000200FA000100F401000045
:10C904000102030302030001F401FA00960064002B
:10C914004B0032001E0014000A0005000200010052
:10C924000C0802170D010102090901010602091888
:10C9340018030101090983838503020123020224E8
:10C944000910040405050B0B040B2B1B1B159A9AE9
:10C954001C021D16130501490D150508061B1B0FA6
:10C9640001010000FEFEFEFEFEFEFEFEFEFEFEFED9
:10C97400FEFEFEFEFEFEFEFEFE16FEFEFEFEFEFEBB
:10C98400FEFEFEFEFEFE1F1FFE26FEFEFEFEFEFE59
:10C99400FEFEFEFEFEFEFEFEFEFEFEFE3E3EFEFE33
:10C9A400FEFE3B3B60009006BE022C01D012CE0579
:10C9B40028049042BE1164005006AE027205DA43A8
:10C9C400081300010202A301B103BF05EF024906E7
:10C9D400A309C505F50B2512010203030102030394
:10C9E400010204010203030028049042BE117205EF
:10C9F400DA4308132C00D002CE01044010002804AE
:10CA04009042BE112C00D002CE01B400500BEE03B4
:10CA140064005006AE02B400500BEE03010203039F
:10CA240028049042BE1128049042BE11010203035F
:10CA340000010202010000000700000000000000E5
:10CA440000000000000000000406080A0C0E10128A
:10CA54001416181C1E20222426282A2C2E30323488
:10CA640036383A3C3E40424446484A4C4E021A50FC
:10CA74000000000028000000180000005001000021
:10CA84005001000000000000141E000030110000DE
:10CA94003C730000B45F0000B80BD0076C396C39EC
:10CAA4000000000070170000A00F00003C280000E8
:10CAB4003C2800000000DC05E803D4170000000057
:10CAC400000000000000000000000000141E000030
:10CAD4003011000060EA000060EA000000002CA6AB
:10CAE400E0A120A820A80000000000000000000031
:10CAF40000003408E803280A280A000000000000A7
:10CB040000000000E3A3C3000102000504000808BC
:10CB14000000000000000000000000000000000011
:10CB240000000000000001010101020202020303EF
:10CB340003030405060708090A0B0C0D0E0FD8ECB5
:10CB4400F0F4F8F9FAFBFCFDFEFF0001020300100B
:10CB54000200FA0000000000291E01010BAE0101D1
:10CB64008520010100000000D1200101C121010143
:10CB740045AC0101B9AC01014DAC01017FAC01012F
:10CB840069AC010153AC0101000000000000000089
:10CB94003BAF01012DAF010137AF01012BAF010103
:10CBA4000000000000000000000000000000000081
:10CBB4001BAF01010000002100000000060001007D
:10CBC40002000000CCCB0101000000014ED801019D
:10CBD40006000000E0FF03010000002156D8010117
:10CBE40021000000E0FF002151320101000000009B
:10CBF400CBB00101ECCB010108CC01010001000024
:10CC040000000000D0800021ECCB01011CCC01010C
:10CC1400030100000000000078880021ECCB010132
:10CC240030CC0101FB01000000000000A4940021AD
:10CC3400C5390101B13A0101000000003D3C010188
:10CC4400613B0101FFB10101FBB10101FFFF0000E4
:10CC540000088C41E40000210000000001000000F5
:10CC6400FFFFFFFF00058C41E400002100000000ED
:10CC7400000000005D4901014DB301017BB30101D6
:10CC84000800000003000000ADDF0101C0DF010166
:10CC9400D3DF0101E6DF0101F9DF01010CE001014D
:10CCA4001FE0010132E0010184C501018CC50101CD
:10CCB400C4C50101CCC50101FCC5010104C60101C3
:10CCC40033EC010100010000881300006472616705
:10CCD4006F6F6E2F6C6962732F73636865642F7353
:10CCE40072632F73636865645F68616C5F727463F9
:10CCF4002E6300574553545F544F504449522F6E8E
:10CD040072662F6170706C69636174696F6E732FE2
:10CD14006970635F726164696F2F7372632F6274E9
:10CD24005F6863695F6970632E6300657272203D9A
:10CD34003D203000415353455254494F4E20464103
:10CD4400494C205B25735D20402025733A25640AF5
:10CD540000094661696C656420746F2070757420E5
:10CD64006461746120696E746F206D7367713A2019
:10CD740025642E0A00094661696C656420746F207D
:10CD840067657420646174612066726F6D206D73D1
:10CD940067713A2025642E0A006E72665F62745FC2
:10CDA4006863690074785F7468726561645F69645C
:10CDB4000071756575655F7468726561645F696447
:10CDC40000574553545F544F504449522F7A65706D
:10CDD4006879722F6C69622F686561702F6865616C
:10CDE400702E630028616C69676E20262028616CB0
:10CDF40069676E202D20312929203D3D203000090E
:10CE0400616C69676E206D757374206265206120A2
:10CE1400706F776572206F6620320A0062797465DC
:10CE240073202F203855203C3D20307837666666C5
:10CE3400550009686561702073697A6520697320FB
:10CE4400746F6F206269670A006279746573203EAB
:10CE540020686561705F666F6F7465725F62797474
:10CE640065732862797465732900096865617020A7
:10CE740073697A6520697320746F6F20736D616CB8
:10CE84006C0A00686561705F737A203E2063687580
:10CE94006E6B737A2873697A656F6628737472751A
:10CEA4006374207A5F686561702929006368756E10
:10CEB4006B305F73697A65202B206D696E5F6368E0
:10CEC400756E6B5F73697A65286829203C3D20681C
:10CED4006561705F737A00574553545F544F5044F3
:10CEE40049522F7A65706879722F696E636C756424
:10CEF400652F7A65706879722F6B65726E656C2E1A
:10CF04006800216B5F69735F7072655F6B65726E39
:10CF1400656C282900096B5F63757272656E745FB6
:10CF24006765742063616C6C6564207072652D6B39
:10CF340065726E656C0A00574553545F544F5044F4
:10CF440049522F7A65706879722F6C69622F7574F3
:10CF5400696C732F6F6E6F66662E630073746174F1
:10CF640065203D3D20305500217379735F736C69F2
:10CF740073745F69735F656D70747928266D677269
:10CF84002D3E636C69656E747329007472616E73EF
:10CF9400697420213D202828766F6964202A29306D
:10CFA40029007374617465203D3D202831554C205F
:10CFB4003C3C2028312929006D67722D3E7265663C
:10CFC40073203D3D2030007374617465203D3D2025
:10CFD4002831554C203C3C20283029290057455302
:10CFE400545F544F504449522F7A65706879722FB8
:10CFF400696E636C7564652F7A65706879722F73D6
:10D0040070696E6C6F636B2E68007A5F7370696E03
:10D014005F756E6C6F636B5F76616C6964286C29F5
:10D0240000094E6F74206D79207370696E6C6F63A4
:10D034006B2025700A007A5F7370696E5F6C6F6392
:10D044006B5F76616C6964286C290009496E7661AE
:10D054006C6964207370696E6C6F636B2025700A51
:10D0640000574553545F544F504449522F7A6570CA
:10D074006879722F6C69622F7574696C732F6E6F87
:10D08400746966792E630069706330002A2A2A2045
:10D09400426F6F74696E67206E524620436F6E6EE6
:10D0A4006563742053444B2076332E342E312D6225
:10D0B4003230663836313962613961202A2A2A0AC7
:10D0C400002A2A2A205573696E67205A6570687988
:10D0D40072204F532076342E342E322D3333666132
:10D0E4003661376161633661202A2A2A0A00723068
:10D0F4002F61313A20203078253038782020723161
:10D104002F61323A2020307825303878202072324E
:10D114002F61333A20203078253038780A00723372
:10D124002F61343A2020307825303878207231321B
:10D134002F69703A202030782530387820723134C5
:10D144002F6C723A20203078253038780A00207805
:10D154007073723A20203078253038780A0046619E
:10D16400756C74696E6720696E7374727563746923
:10D174006F6E206164647265737320287231352F79
:10D184007063293A203078253038780A00556E6863
:10D19400616E646C6564204952516E3A2025640ABC
:10D1A400002A2A2A2A2A2055534147452046415518
:10D1B4004C54202A2A2A2A2A0A0020204469766903
:10D1C40073696F6E206279207A65726F0A0020207D
:10D1D400556E616C69676E6564206D656D6F7279FB
:10D1E400206163636573730A002020537461636B69
:10D1F400206F766572666C6F772028636F6E746536
:10D2040078742061726561206E6F742076616C6938
:10D2140064290A0020204E6F20636F70726F63656B
:10D2240073736F7220696E737472756374696F6E51
:10D23400730A002020496C6C6567616C206C6F6117
:10D2440064206F66204558435F52455455524E2022
:10D25400696E746F2050430A002020496C6C656726
:10D26400616C20757365206F662074686520455075
:10D2740053520A002020417474656D707420746FD9
:10D28400206578656375746520756E646566696E7E
:10D29400656420696E737472756374696F6E0A00D5
:10D2A4002A2A2A2A2A20425553204641554C5420E2
:10D2B4002A2A2A2A2A0A002020537461636B696E81
:10D2C40067206572726F720A002020556E73746154
:10D2D400636B696E67206572726F720A002020505A
:10D2E400726563697365206461746120627573207B
:10D2F4006572726F720A00202042464152204164D6
:10D3040064726573733A20307825780A00202049C6
:10D314006D70726563697365206461746120627500
:10D3240073206572726F720A002020496E737472E2
:10D33400756374696F6E20627573206572726F72A3
:10D344000A002A2A2A2A2A204D5055204641554CA3
:10D3540054202A2A2A2A2A0A002020537461636B43
:10D36400696E67206572726F722028636F6E7465D0
:10D3740078742061726561206D69676874206265E4
:10D38400206E6F742076616C6964290A0020204441
:10D39400617461204163636573732056696F6C61C6
:10D3A40074696F6E0A0020204D4D4641522041643D
:10D3B40064726573733A20307825780A0020204916
:10D3C4006E737472756374696F6E20416363657301
:10D3D400732056696F6C6174696F6E0A0057455308
:10D3E400545F544F504449522F7A65706879722FB4
:10D3F400617263682F61726D2F636F72652F636F43
:10D40400727465785F6D2F6661756C742E6300218C
:10D414002828285343425F54797065202A292028FC
:10D424002830784530303045303030554C29202B69
:10D4340020307830443030554C2920292D3E434645
:10D4440053522026202831554C203C3C202830556E
:10D45400202B2034552929290009537461636B69F1
:10D464006E67206F72204461746120416363657349
:10D47400732056696F6C6174696F6E206572726F88
:10D484007220776974686F757420737461636B209C
:10D4940067756172642C20757365722D6D6F646598
:10D4A400206F72206E756C6C2D706F696E7465726E
:10D4B40020646574656374696F6E0A0A005265734B
:10D4C400657276656420457863657074696F6E2053
:10D4D400280053707572696F757320696E74657274
:10D4E4007275707420284952512000535053454C92
:10D4F40020696E20746872656164206D6F646520B4
:10D50400646F6573206E6F7420696E6469636174FF
:10D5140065205053500A0065736620213D20282859
:10D52400766F6964202A293029000945534620630F
:10D534006F756C64206E6F742062652072657472FE
:10D544006965766564207375636365737366756C6A
:10D554006C792E205368616C6C206E657665722040
:10D564006F636375722E0A002A2A2A2A2A204841E8
:10D574005244204641554C54202A2A2A2A2A0A0079
:10D584002020427573206661756C74206F6E20765E
:10D594006563746F72207461626C65207265616486
:10D5A4000A0020204465627567206576656E740AFA
:10D5B4000020204661756C7420657363616C61742E
:10D5C400696F6E20287365652062656C6F77290A20
:10D5D40000415243485F455843455054207769748D
:10D5E4006820726561736F6E2025780A0A00094607
:10D5F40061756C7420657363616C6174696F6E200E
:10D60400776974686F75742046535220696E666F2B
:10D614000A0009486172644661756C742077697404
:10D62400686F7574204846535220696E666F2053A4
:10D6340068616C6C206E65766572206F63637572C9
:10D644000A002A2A2A2A2A204465627567206D6FF7
:10D654006E69746F7220657863657074696F6E208B
:10D664002A2A2A2A2A0A002A2A2A2A2A2025732030
:10D67400256429202A2A2A2A2A0A00574553545F56
:10D68400544F504449522F7A65706879722F6172F1
:10D6940063682F61726D2F636F72652F636F72748D
:10D6A40065785F6D2F6972715F6D616E6167652E5C
:10D6B40063007072696F203C3D20282831554C204E
:10D6C4003C3C2028332929202D2031290009696E6A
:10D6D40076616C6964207072696F7269747920254F
:10D6E4006420666F7220256420697271212076613E
:10D6F4006C756573206D757374206265206C657339
:10D7040073207468616E20256C750A0A00574553AE
:10D71400545F544F504449522F7A65706879722F80
:10D72400617263682F61726D2F636F72652F6D7004
:10D73400752F61726D5F6D70752E630009436F6E96
:10D744006669677572696E672025752073746174E4
:10D754006963204D505520726567696F6E7320664A
:10D7640061696C65640A0A00094D61726B696E67D0
:10D7740020257520617265617320666F722064795B
:10D784006E616D696320726567696F6E732066618F
:10D79400696C65640A0A00095265717565737420C1
:10D7A400746F20636F6E6669677572653A202575BC
:10D7B40020726567696F6E732028737570706F725D
:10D7C4007465643A202575290A0A00212872656760
:10D7D400696F6E5B6964785D2E64745F61747472E2
:10D7E4002026202831554C203C3C2028302929294A
:10D7F400000952414D5F4E4F4341434845207769EC
:10D8040074682044545F4D454D5F4341434845414E
:10D81400424C45206174747269627574650A0A0029
:10D82400094661696C656420746F20616C6C6F6378
:10D83400617465204D505520726567696F6E732061
:10D8440066726F6D2044540A0A00464C4153485F87
:10D8540030005352414D5F3000574553545F544F8D
:10D86400504449522F7A65706879722F6C69622F1F
:10D874006E65745F6275662F6275662E63006275ED
:10D88400662D3E6672616773203D3D202828766FC1
:10D894006964202A29302900706F6F6C00726571E9
:10D8A4005F73697A65203C3D2073697A65006C6911
:10D8B400737400627566006F6C645F726566202124
:10D8C4003D2030000962756620257020646F756202
:10D8D4006C6520667265650A00574553545F544F62
:10D8E400504449522F7A65706879722F6C69622F9F
:10D8F4006E65745F6275662F6275665F73696D70BD
:10D904006C652E63006275662D3E6C656E203D3D30
:10D91400203055006E65745F6275665F73696D7063
:10D924006C655F7461696C726F6F6D2862756629CE
:10D93400203E3D206C656E006275662D3E6C656E02
:10D94400203E3D206C656E00574553545F544F5044
:10D954004449522F7A65706879722F736F632F6E02
:10D964006F726469632F6E726635332F736F632E23
:10D974006300574553545F544F504449522F7A65BE
:10D98400706879722F696E636C7564652F7A65703F
:10D994006879722F626C7565746F6F74682F627525
:10D9A400662E6800574553545F544F504449522FD4
:10D9B4007A65706879722F647269766572732F6301
:10D9C4006C6F636B5F636F6E74726F6C2F636C6FDD
:10D9D400636B5F636F6E74726F6C5F6E72662E63DF
:10D9E4000074797065203C20434C4F434B5F434F98
:10D9F4004E54524F4C5F4E52465F545950455F430C
:10DA04004F554E5400657272203E3D203000636CC9
:10DA14006F636B403431303035303030005745530C
:10DA2400545F544F504449522F7A65706879722F6D
:10DA3400647269766572732F656E74726F70792F74
:10DA4400656E74726F70795F6E7266352E63002630
:10DA5400656E74726F70795F6E7266355F6461743F
:10DA640061203D3D206465762D3E646174610072E1
:10DA7400616E646F6D40343130303930303000576E
:10DA84004553545F544F504449522F7A6570687916
:10DA9400722F696E636C7564652F7A65706879722C
:10DAA4002F647269766572732F6770696F2F677060
:10DAB400696F5F7574696C732E680063616C6C6266
:10DAC40061636B00094E6F2063616C6C6261636B10
:10DAD400210A0063616C6C6261636B2D3E68616E48
:10DAE400646C657200094E6F2063616C6C626163E3
:10DAF4006B2068616E646C6572210A00574553544B
:10DB04005F544F504449522F6D6F64756C65732F89
:10DB140068616C2F6E6F726469632F6E7266782F02
:10DB240068616C2F6E72665F6770696F2E68006E35
:10DB340072665F6770696F5F70696E5F707265733C
:10DB4400656E745F636865636B282A705F70696EC5
:10DB54002900574553545F544F504449522F7A6516
:10DB6400706879722F647269766572732F67706951
:10DB74006F2F6770696F5F6E7266782E63006362E1
:10DB84002D3E68616E646C6572006770696F403425
:10DB940031386330383030006770696F4034313861
:10DBA4006330353030006D626F784034313031325B
:10DBB40030303000574553545F544F504449522F2E
:10DBC4007A65706879722F696E636C7564652F7AF3
:10DBD40065706879722F647269766572732F656EE9
:10DBE40074726F70792E68006170692D3E67657478
:10DBF4005F656E74726F707920213D202828766FDE
:10DC04006964202A293029000943616C6C626163CC
:10DC14006B20706F696E7465722073686F756C64C5
:10DC2400206E6F74206265204E554C4C0A00574597
:10DC340053545F544F504449522F6E72662F73757C
:10DC4400627379732F626C7565746F6F74682F6378
:10DC54006F6E74726F6C6C65722F6863695F647247
:10DC6400697665722E63000954686520656E747266
:10DC74006F707920736F7572636520726574757245
:10DC84006E656420616E206572726F7220696E2009
:10DC94006120626C6F636B696E672063616C6C0AF0
:10DCA40000574553545F544F504449522F6E726687
:10DCB4002F696E636C7564652F6D70736C2F6D7056
:10DCC400736C5F776F726B2E6800096B5F776F728E
:10DCD4006B5F7375626D69745F746F5F7175657581
:10DCE400652829206661696C65642E0A0062745F88
:10DCF4006863695F73646300574553545F544F50BE
:10DD04004449522F6E72662F7375627379732F6D47
:10DD140070736C2F696E69742F6D70736C5F696EAC
:10DD240069742E6300094D50534C2041535345529E
:10DD3400543A2025732C2025640A0A006572726304
:10DD44006F6465203D3D2030004D50534C20576F8B
:10DD5400726B00574553545F544F504449522F6ED1
:10DD640072662F647269766572732F6D70736C2F8F
:10DD7400636C6F636B5F636F6E74726F6C2F6E7224
:10DD840066785F636C6F636B5F6D70736C2E63009A
:10DD9400094E6F7420737570706F727465640A0035
:10DDA400574553545F544F504449522F6D6F647517
:10DDB4006C65732F68616C2F6E6F726469632F6E6C
:10DDC4007266782F68656C706572732F6E726678F0
:10DDD4005F677070695F647070692E6300705F675D
:10DDE40070706920213D202828766F6964202A29D3
:10DDF400302900574553545F544F504449522F6DB6
:10DE04006F64756C65732F68616C2F6E6F726469D3
:10DE1400632F6E7266782F647269766572732F73DE
:10DE240072632F6E7266785F6770696F74652E63B4
:10DE340000574553545F544F504449522F6D6F64FB
:10DE4400756C65732F68616C2F6E6F726469632FD4
:10DE54006E7266782F68616C2F6E72665F67706988
:10DE64006F74652E6800696E646578203C20380004
:10DE7400705F696E7374616E636500705F6368617F
:10DE84006E6E656C0070696E5F6861735F74726951
:10DE94006767657228705F696E7374616E63652C61
:10DEA4002070696E2900696E745F656E61626C65CD
:10DEB40000574553545F544F504449522F6D6F647B
:10DEC400756C65732F68616C2F6E6F726469632F54
:10DED4006E7266782F647269766572732F737263DB
:10DEE4002F6E7266785F6970632E6300705F636F74
:10DEF4006E66696720262620286D5F63622E737420
:10DF0400617465203D3D204E5246585F4452565F31
:10DF140053544154455F494E495449414C495A452B
:10DF24004429006D5F63622E7374617465203D3D06
:10DF3400204E5246585F4452565F53544154455FF5
:10DF4400494E495449414C495A4544005745535454
:10DF54005F544F504449522F6D6F64756C65732F35
:10DF640068616C2F6E6F726469632F6E7266782FAE
:10DF740068616C2F6E72665F6970632E6800696EEB
:10DF8400646578203C20313600756E72656769736C
:10DF94007465726564202573206275730A00676571
:10DFA4006E65726963002573006D6574616C3A2057
:10DFB400656D657267656E63793A20006D6574619D
:10DFC4006C3A20616C6572743A2020202020006D28
:10DFD4006574616C3A20637269746963616C3A2098
:10DFE40020006D6574616C3A206572726F723A201C
:10DFF40020202020006D6574616C3A207761726E78
:10E00400696E673A202020006D6574616C3A206E59
:10E014006F746963653A20202020006D6574616C1B
:10E024003A20696E666F3A202020202020006D651A
:10E0340074616C3A2064656275673A202020202060
:10E044000025733A2066726565696E67206E6F6E8F
:10E054002D656D7074792076697274717565756556
:10E064000D0A00756E657870656374656420627569
:10E07400666665722068656C6420636F756E74658E
:10E08400720D0A00574553545F544F504449522F60
:10E094006D6F64756C65732F6C69622F6F70656E3C
:10E0A4002D616D702F6F70656E2D616D702F6C69B1
:10E0B400622F72706D73672F72706D73675F76690C
:10E0C4007274696F2E6300737461747573203D3DBF
:10E0D4002073697A656F662872705F6864722900BC
:10E0E400737461747573203D3D2030007265742033
:10E0F4003D3D203000737461747573203E3D2030C3
:10E1040000737461747573203D3D206C656E0072FC
:10E11400785F76710074785F7671004E53005745CE
:10E1240053545F544F504449522F7A657068797242
:10E134002F6B65726E656C2F6465766963652E63FB
:10E14400007263203E3D202D283078666629202603
:10E1540026207263203C203000096465766963657B
:10E1640020257320696E69743A20696E76616C6942
:10E1740064206572726F7220282564290A0057454D
:10E1840053545F544F504449522F7A6570687972E2
:10E194002F6B65726E656C2F666174616C2E630003
:10E1A400726561736F6E20213D204B5F4552525F53
:10E1B4004B45524E454C5F50414E49430009417412
:10E1C40074656D7074656420746F207265636F7616
:10E1D40065722066726F6D2061206B65726E656C6E
:10E1E4002070616E696320636F6E646974696F6E19
:10E1F4000A00574553545F544F504449522F7A658F
:10E20400706879722F6B65726E656C2F696E6974B4
:10E214002E63007468726561645F64617461203C9C
:10E224003D205F5F7374617469635F7468726561D4
:10E23400645F646174615F6C6973745F656E6400CC
:10E2440009756E6578706563746564206C697374B0
:10E2540020656E64206C6F636174696F6E0A00647C
:10E264006576203C3D205F6465766963655F6C6913
:10E2740073745F656E64006D61696E005745535435
:10E284005F544F504449522F7A65706879722F6BEE
:10E2940065726E656C2F6B686561702E6300216119
:10E2A4007263685F69735F696E5F6973722829209E
:10E2B4007C7C20282874696D656F7574292E7469B7
:10E2C400636B73203D3D202828286B5F74696D655E
:10E2D4006F75745F74297B307D29292E7469636B93
:10E2E400732900090A0068656170203C3D205F6B5A
:10E2F4005F686561705F6C6973745F656E64005715
:10E304004553545F544F504449522F7A657068798D
:10E31400722F6B65726E656C2F69646C652E630079
:10E324005F6B65726E656C2E637075735B305D2E0A
:10E3340063757272656E742D3E626173652E7072C0
:10E34400696F203E3D203000574553545F544F5071
:10E354004449522F7A65706879722F6B65726E65C5
:10E364006C2F696E636C7564652F6B736368656489
:10E374002E68007468726561642D3E626173652E57
:10E3840070656E6465645F6F6E00574553545F54E7
:10E394004F504449522F7A65706879722F6B6572B9
:10E3A4006E656C2F6D73675F712E630021617263FC
:10E3B400685F6972715F756E6C6F636B6564286BFF
:10E3C40065792900286D7367712D3E7772697465CC
:10E3D4005F707472203E3D206D7367712D3E6275CF
:10E3E400666665725F73746172742920262620281C
:10E3F4006D7367712D3E77726974655F70747220F6
:10E404003C3D20286D7367712D3E627566666572AA
:10E414005F656E64202D2031292920262620282896
:10E4240073697A655F74292875696E747074725F94
:10E434007429286D7367712D3E6275666665725F17
:10E44400656E64202D206D7367712D3E777269743B
:10E45400655F70747229203E3D206D7367712D3E97
:10E464006D73675F73697A652900574553545F5428
:10E474004F504449522F7A65706879722F6B6572D8
:10E484006E656C2F6D757465782E630021617263FF
:10E49400685F69735F696E5F697372282900096D2B
:10E4A4007574657865732063616E6E6F7420626540
:10E4B400207573656420696E7369646520495352DD
:10E4C400730A006D757465782D3E6C6F636B5F63C2
:10E4D4006F756E74203E20305500574553545F5479
:10E4E4004F504449522F7A65706879722F6B657268
:10E4F4006E656C2F73656D2E6300282861726368E6
:10E504005F69735F696E5F6973722829203D3D20DE
:10E514003029207C7C20282874696D656F757429E6
:10E524002E7469636B73203D3D202828286B5F742B
:10E53400696D656F75745F74297B307D29292E742C
:10E5440069636B73292900574553545F544F5044F2
:10E5540049522F7A65706879722F6B65726E656C9B
:10E564002F776F726B2E6300776F726B2D3E717510
:10E5740065756520213D202828766F6964202A2945
:10E58400302900776F726B20213D202828766F692F
:10E5940064202A29302900776F726B2D3E68616EE2
:10E5A400646C657220213D202828766F6964202AD6
:10E5B4002930290021666C61675F746573742826AD
:10E5C400776F726B2D3E666C6167732C204B5F57BF
:10E5D4004F524B5F44454C415941424C455F42497F
:10E5E400542900216B5F69735F696E5F69737228D8
:10E5F400290073796E6320213D202828766F696491
:10E60400202A2930290021666C61675F7465737460
:10E61400282671756575652D3E666C6167732C20BF
:10E624004B5F574F524B5F51554555455F535441CE
:10E63400525445445F42495429007175657565001B
:10E64400737461636B00574553545F544F5044498E
:10E65400522F7A65706879722F6B65726E656C2FB4
:10E664007468726561642E630028282828707269B2
:10E674006F2929203D3D203135202626207A5F69E7
:10E68400735F69646C655F7468726561645F656E0D
:10E694007472792828656E747279292929207C7C02
:10E6A400202828283135202D203129203E3D2028BE
:10E6B400282D3136292929202626202828707269F8
:10E6C4006F2929203E3D2028282D3136292920264E
:10E6D400262028287072696F2929203C3D20283182
:10E6E40035202D20312929290009696E76616C694C
:10E6F40064207072696F7269747920282564293BDB
:10E7040020616C6C6F7765642072616E67653A2076
:10E71400256420746F2025640A00095468726561B9
:10E724006473206D6179206E6F742062652063725A
:10E73400656174656420696E20495352730A0057F9
:10E744004553545F544F504449522F7A6570687949
:10E75400722F6B65726E656C2F73636865642E63CC
:10E7640000217A5F69735F69646C655F74687265C0
:10E7740061645F6F626A656374287468726561645A
:10E784002900574553545F544F504449522F7A65DA
:10E79400706879722F6B65726E656C2F696E636C2D
:10E7A4007564652F6B7468726561642E68005F6BB5
:10E7B40065726E656C2E637075735B305D2E637568
:10E7C4007272656E7420213D202828766F6964205A
:10E7D4002A293029002169735F7468726561645F56
:10E7E40064756D6D79287468726561642900574594
:10E7F40053545F544F504449522F7A65706879726C
:10E804002F6B65726E656C2F696E636C7564652F12
:10E814006B737761702E6800617263685F697271EF
:10E824005F756E6C6F636B6564286B657929207CFA
:10E834007C205F6B65726E656C2E637075735B30E4
:10E844005D2E63757272656E742D3E626173652E02
:10E854007468726561645F7374617465202620282E
:10E86400282831554C203C3C202830292929207C5B
:10E8740020282831554C203C3C202833292929299B
:10E884000009436F6E7465787420737769746368E4
:10E89400696E67207768696C6520686F6C64696E5F
:10E8A40067206C6F636B210A0073697A656F662851
:10E8B4005F73636865645F7370696E6C6F636B2903
:10E8C400203D3D2030207C7C206C6F636B20213DFB
:10E8D40020265F73636865645F7370696E6C6F6331
:10E8E4006B005F6B65726E656C2E637075735B3065
:10E8F4005D2E63757272656E742D3E626173652E52
:10E9040073636865645F6C6F636B656420213D208D
:10E914003155005F6B65726E656C2E637075735B49
:10E92400305D2E63757272656E742D3E626173651F
:10E934002E73636865645F6C6F636B656420213D4F
:10E9440020305500217465726D696E61746500092B
:10E9540061626F72746564205F63757272656E7450
:10E96400206261636B2066726F6D20646561640A66
:10E974000021657373656E7469616C000961626F6F
:10E984007274656420657373656E7469616C207458
:10E9940068726561642025700A00574553545F54BA
:10E9A4004F504449522F7A65706879722F6B6572A3
:10E9B4006E656C2F74696D65736C6963696E672E1F
:10E9C4006300282874696D656F75742920262620D4
:10E9D400282875696E747074725F742928736C6961
:10E9E40063655F74696D656F7574732929203C3D97
:10E9F40020282875696E747074725F74292874698C
:10EA04006D656F7574292920262620282875696E5E
:10EA1400747074725F74292874696D656F757429D4
:10EA240029203C20282875696E747074725F7429DB
:10EA3400282628736C6963655F74696D656F7574E6
:10EA440073295B282873697A655F742928282869E3
:10EA54006E742973697A656F6628636861725B31C5
:10EA6400202D202832202A202128215F5F62756909
:10EA74006C74696E5F74797065735F636F6D7061D8
:10EA84007469626C655F70285F5F747970656F6626
:10EA94005F5F28736C6963655F74696D656F757416
:10EAA40073292C205F5F747970656F665F5F282619
:10EAB40028736C6963655F74696D656F7574732918
:10EAC4005B305D292929295D29202D203129202B1E
:10EAD400202873697A656F6628736C6963655F744F
:10EAE400696D656F75747329202F2073697A656F5A
:10EAF400662828736C6963655F74696D656F7574E6
:10EB040073295B305D292929295D2929202626209E
:10EB140028282875696E747074725F742928746962
:10EB24006D656F75742929202D20282875696E74E8
:10EB34007074725F742928736C6963655F74696D9E
:10EB4400656F75747329292920252073697A656F87
:10EB5400662828736C6963655F74696D656F757485
:10EB640073295B305D29203D3D20302900574553F2
:10EB7400545F544F504449522F7A65706879722F0C
:10EB84006B65726E656C2F74696D656F75742E6339
:10EB940000217379735F646E6F64655F69735F6C82
:10EBA400696E6B65642826746F2D3E6E6F646529EB
:10EBB40000574553545F544F504449522F7A65705F
:10EBC4006879722F6B65726E656C2F6D656D706FF1
:10EBD4006F6C2E6300616C69676E203D3D203020B0
:10EBE4007C7C20282875696E747074725F74296D3A
:10EBF400656D20262028616C69676E202D203129DF
:10EC040029203D3D203000096D6973616C69676E90
:10EC14006564206D656D6F727920617420257020A4
:10EC240028616C69676E203D20257A75290A007376
:10EC34007973776F726B7100FFFFFFFF1F004188CC
:10EC440066AA1AFFFF443300B40B111891A8422E90
:10EC5400F671C1848C5EEA79B132608F00286E75DA
:10EC64006C6C29002A666C6F61742A0000203030B5
:10EC7400303030303030303030303030000100004F
:10EC8400FFFFFFFFFF1F00001F0000000000000047
:10EC94007FFE0000E40700001D40000000000000AB
:10ECA4000000000000000000FFFFFFFF1FFF1B002B
:10ECB400BAABBABA10101010A0354D00FF00000016
:10ECC400C40900000000000000C000410000000072
:10ECD400000000000C00000000FF7F0000000000A6
:10ECE400FFEB00010000000011EC00010000000037
:10ECF400012C0001000000005DEC00010000000098
:10ED040059EC00010000000030A20001FF000000E7
:10ED140090D00001010000009DCD01010000000021
:10ED2400E5140101000000008D1401010000000041
:10ED3400000000004FAA01010100000000000720AC
:10ED44000000010074C601010100000074C6010145
:10ED540000000000020000000000000000000000AD
:10ED64000002000000A000410000000000000000BC
:10ED7400000000000000000000000000000000008F
:10ED8400000000000000000000000000000000007F
:10ED9400000000000000000000000000000000006F
:10EDA400000000000000000000000000000000005F
:10EDB400000000000000000000000000000000004F
:10EDC400000000000000000000000000000000003F
:10EDD400000000000000000000000000000000002F
:10EDE400000000000000000000000000000000001F
:10EDF4000000000090C60101FFFF0000FFFF0000BB
:10EE0400FF000000A2DF010100000000B564010161
:10EE140000000000000000000000000000000000EE
:10EE240000000000000000000000000000000000DE
:0CEE340090020000B4010021B401002194
:10EE400000000000000000000000000000000000C2
:10EE500000000000805600214C200000000000004F
:08EE60000000000000000000AA
:10EE6800E4010021E401002100000000000000008E
:04EE78000E00000088
:10EE7C00F8010021F801002100000000080000004A
:10EE8C0040000000D07E0021D0800021D07E0021E7
:0CEE9C00D07E00210000000000000000FB
:10EEA80024020021240200210000000001000000CB
:10EEB80000000000000000000000000040020021E7
:10EEC80040020021000000000000000000000000D7
:08EED800540200215402002144
:10EEE0000000000000000000000000006802002197
:10EEF0006802002100000000070007000000000079
:10EF000000000000F8CB0101D087002100000000C4
:10EF10000000000000000000940200219402002183
:10EF2000000000000B000B000000000000000000CB
:10EF30000CCC01019C9300210000000000000000A7
:10EF400000000000C0020021C002002100000000FB
:10EF50000A000A00000000002138010120CC010154
:04EF600074A8002170
:04EF640015E015E0BF
:04000005010129616B
:00000001FF
