:04000003000042B106
:020000040000FA
:10000000103A0020B1420000D35100009D42000090
:100010009D4200009D4200009D4200009D42000064
:10002000000000000000000000000000114300007C
:100030009D420000000000009D4200009D42000023
:10004000490D0000490D0000490D0000490D000058
:10005000490D0000490D0000490D0000490D000048
:10006000490D0000490D0000490D0000490D000038
:10007000490D0000490D0000490D0000490D000028
:10008000490D0000490D0000490D0000490D000018
:10009000490D0000490D0000490D0000490D000008
:1000A000490D0000490D0000490D0000490D0000F8
:1000B000490D0000490D0000490D0000490D0000E8
:1000C000490D0000490D0000490D0000490D0000D8
:1000D000490D0000490D0000490D0000490D0000C8
:1000E000490D0000490D0000490D0000490D0000B8
:1000F000490D0000490D0000490D0000490D0000A8
:10010000490D0000490D0000490D0000490D000097
:10011000490D0000490D0000490D0000490D000087
:10012000490D0000490D0000490D0000490D000077
:10013000490D0000490D0000490D0000490D000067
:10014000490D0000490D0000490D0000490D000057
:10015000490D0000490D0000490D0000490D000047
:10016000490D0000490D0000490D0000490D000037
:10017000490D0000490D0000490D0000490D000027
:10018000490D0000490D0000490D0000490D000017
:10019000490D0000490D0000490D0000490D000007
:1001A000490D0000490D0000490D0000490D0000F7
:1001B000490D0000490D0000490D0000490D0000E7
:1001C000490D0000490D0000490D0000490D0000D7
:1001D000490D0000490D0000490D0000490D0000C7
:1001E000490D0000490D0000490D0000490D0000B7
:1001F000490D0000490D0000490D0000490D0000A7
:10020000490D0000490D0000490D0000490D000096
:10021000490D0000490D0000490D0000490D000086
:10022000490D0000490D0000490D0000490D000076
:10023000490D0000490D0000490D0000490D000066
:10024000490D0000490D0000490D0000490D000056
:10025000490D0000490D0000490D0000490D000046
:10026000490D0000490D0000490D0000490D000036
:10027000490D0000490D0000490D0000490D000026
:10028000490D0000490D0000490D0000490D000016
:10029000490D0000490D0000490D0000490D000006
:1002A000490D0000490D0000490D0000490D0000F6
:1002B000490D0000490D0000490D0000490D0000E6
:1002C000490D0000490D0000490D0000490D0000D6
:1002D000490D0000490D0000490D0000490D0000C6
:1002E000490D0000490D0000490D0000490D0000B6
:1002F000490D0000490D0000490D0000490D0000A6
:10030000490D0000490D0000490D0000490D000095
:10031000490D0000490D0000490D0000490D000085
:10032000490D0000490D0000490D0000490D000075
:10033000490D0000490D0000490D0000490D000065
:10034000490D0000490D0000490D0000490D000055
:10035000490D0000490D0000490D0000490D000045
:10036000490D0000490D0000490D0000490D000035
:10037000490D0000490D0000490D0000490D000025
:10038000490D0000490D0000490D0000490D000015
:10039000490D0000490D0000490D0000490D000005
:1003A000490D0000490D0000490D0000490D0000F5
:1003B000490D0000490D0000490D0000490D0000E5
:1003C000490D0000490D0000490D0000490D0000D5
:1003D000490D0000490D0000490D0000490D0000C5
:1003E000490D0000490D0000490D0000490D0000B5
:1003F000490D0000490D0000490D0000490D0000A5
:10040000490D0000490D0000490D0000490D000094
:10041000490D0000490D0000490D0000490D000084
:10042000490D0000490D0000490D0000490D000074
:10043000490D0000490D0000490D0000490D000064
:10044000490D0000490D0000490D0000490D000054
:10045000490D0000490D0000490D0000490D000044
:10046000490D0000490D0000490D0000490D000034
:10047000490D0000490D0000490D000053B94AB96B
:10048000002908BF00281CBF4FF0FF314FF0FF309C
:1004900000F00CB8ADF1080C6DE904CE00F008F8DE
:1004A000DDF804E0DDE9022304B07047704700BFC7
:1004B0002DE9F0478C468E46089E1546044619469F
:1004C000002B40F0D080724547D9B2FA82F74FB185
:1004D000C7F120030EFA07FCBD40BC4020FA03F32D
:1004E00043EA0C0C4FEA154EA8B2230CBCFBFEF8F5
:1004F0000EFB18CC08FB00F943EA0C43994528D9B8
:10050000EB1808F1FF3204D2994502D9A8F1020292
:100510002B44A3EB0903A4B2B3FBFEFC0EFB1C337C
:100520000CFB00F044EA0344A04214D92C190CF14E
:10053000FF3304D2A04202D9ACF102032C44241AA6
:1005400043EA02401EB1FC40002334607360BDE802
:10055000F0874246DDE76346F1E7002A79D0B2FA38
:1005600082F3002B3FD01946C1F1200302FA01F5B6
:1005700000FA01F42EFA03F20EFA01FE20FA03F358
:10058000AFB243EA0E034FEA154EB2FBFEFC0EFB80
:100590001C201A0C0CFB07F842EA004290455AD97D
:1005A000AA180CF1FF3004D2904502D9ACF1020038
:1005B0002A44A2EB08029BB2B2FBFEFC0EFB1C22FB
:1005C0000CFB07F743EA02439F4246D9EB180CF1B4
:1005D000FF3204D29F4202D9ACF102022B44DB1B52
:1005E00042EA004202E0AEEB020301224FEA154E5E
:1005F000AFB2200CB3FBFEFC0EFB1C330CFB07F868
:1006000040EA034398452AD9EB180CF1FF3004D295
:10061000984502D9ACF102002B44A3EB0803A4B225
:10062000B3FBFEFC0EFB1C330CFB07F744EA034450
:10063000A74216D92C190CF1FF3304D2A74202D9D4
:10064000ACF102032C44E41B43EA00400F46114680
:1006500078E71F2188E76046ABE76246BFE7604660
:10066000DBE76346EFE7734506D916B90021084674
:100670006DE7C6E9000EF9E7B3FA83F787B973456A
:1006800001D3824207D8841A6EEB030301209C46F3
:100690001EB900215BE73846FAE7C6E9004CF8E7E7
:1006A000C7F1200CBB4000FA07F422FA0CF520FA3F
:1006B0000CF1BA401D432EFA0CF30EFA07FE4FEA76
:1006C000154941EA0E011FFA85FEB3FBF9F809FB53
:1006D00018300B0C08FB0EFA43EA00439A4540D948
:1006E000EB1808F1FF3004D29A4502D9A8F10200B4
:1006F0002B44A3EB0A0389B2B3FBF9F809FB1833C7
:1007000008FB0EFE41EA03418E452CD9691808F119
:10071000FF3304D28E4502D9A8F10203294443EAEB
:100720000040A1EB0E01A0FB02984145CE46434696
:1007300002D306D14C4504D20138B9EB020E68EB66
:100740000503002EA5D0B4EB0E0261EB030101FA04
:100750000CFC22FA07F3F9404CEA0303C6E9003126
:1007600097E74046C5E74346D9E700000822F0B5C1
:10077000002789B003F029FECB6A0C4603930B6B6C
:10078000064604934B6B684605938B6BCDE9017766
:100790000693CB6B6946079313466A46009703F0AE
:1007A0004EFE31460546304603F049FE216B0544B6
:1007B0000391616B68460491A16B0591E16BCDE9F2
:1007C0000617694603F03BFE31460544304603F008
:1007D00036FE0544206ACDE904770090606A0397ED
:1007E0000190A06A0290A06B0690E06B07903046E3
:1007F00003F025FE0544606AD4F838C00090A06A72
:10080000CDF810C00190E06AD4F83CC00290606B53
:10081000CDE905C00390206A0790304603F00FFE33
:100820000544E06ACDE904770090206B03970190BE
:10083000606B0290206A0690A06A0790304603F031
:10084000E5FD236B2D1A0093636B30460193A36B78
:100850000293E36B0393636A0693E36A07930823A7
:1008600003F0D4FD636B2D1A0093A36B3046019304
:10087000E36B0293236A0393636A0493A36ACDE94B
:100880000537236B0793082303F0C0FDA36B2D1AD4
:100890000093E36B3046CDE90137636A0393A36AA3
:1008A0000493E36A0593636B0793082303F0AEFD9B
:1008B0002D1A10D50823314630460C4A03F0BFFDEF
:1008C0002D18F7D409B0F0BD082331463046074A49
:1008D00003F09CFD2D1A002DF6D108223146034865
:1008E00003F07FFD0128EFD1ECE700BFC854000002
:1008F0002DE9F04F002503689DB003934368DFF8AE
:10090000B89104938368DDE903470593C3680693B0
:100910000369DDE905AC0793436908938369DDE961
:10092000072B0993C3699E460A93099B009351F8CC
:1009300025600CAB96FA86F843F8258059F8046BCD
:100940004FEAF22383EAB213464483EA72633344E4
:10095000009E02EA0B0826EA020686EA08063344ED
:10096000734487EA0A064FEA743E8EEAB40E2640C4
:1009700007EA0A0886EA08068EEAB45E0135B6443C
:10098000102D03EB0C067344D446DDF800E040F074
:1009900084804A490B91294601350DF1700E05F00E
:1009A0000F0C0EEB8C0C5CF840CC01F00F094FEAF9
:1009B000BC48CDF804C088EAFC1801F10E0C0CF01C
:1009C0000F0C0EEB8C0C5CF840CC09314FEAFC4E5E
:1009D000CDF808C08EEA7C4E01F00F010DF1700CCD
:1009E0000CEB81010CEB890951F8401C59F840CC03
:1009F000402D8C44019988EAD1080299C4448EEABA
:100A0000912EF44406EA02084FEAF62E2BEA06017C
:100A100081EA08018EEAB61EDDF82C808EEA766E39
:100A2000714458F804EF49F840CC71446144DDF852
:100A300000C04FEA733E614484EA070CCDF82C8075
:100A40008EEAB30E0CEA030C04EA07088EEAB35EE2
:100A50008CEA080CF4448C4401EB0A0ECDF800B08B
:100A6000BA4622D103996144016004991944059B57
:100A7000416023448360069B3B44C360079B7344EF
:100A80000361089B33444361099B134483610A9BC0
:100A90005B44C3611DB0BDE8F08FBA46CDF800B02D
:100AA000274693461C46324641E793462746324640
:100AB0001C46764663466EE7C453000000540000AF
:100AC0002DE9F047058B0446280717460CD5012968
:100AD0000CBF45F0100545F02005258387F31188EC
:100AE000BFF36F8FBDE8F087022905F0070540F0DE
:100AF0009480204604F089F8052864D801A353F8AF
:100B000020F000BFDD0A00001B0C0000C70B000036
:100B1000890B0000A30B0000B50B000001F00703D8
:100B20005A1F012A1FD8002221F00701062BD4F8F2
:100B3000008089B2C4E9002209D1434603E0628BF8
:100B4000013262831B68002BF9D141F0020120467B
:100B5000218304F05AF84FF0000900286DD041F0CD
:100B60002001218369E0042B0AD121F0070189B219
:100B70002046218304F049F810B141F0200121837F
:100B80004FF00008C14658E02369D3F80090238B4A
:100B900023F0070343F006034FF000082383464683
:100BA0004BE02369D3F80490238B23F0070343F031
:100BB0000403F1E72369D3F80890238B23F007039C
:100BC00043F00503E8E74FF00008C146E7E70122DC
:100BD00043F00803238387F31188BFF36F8F002A44
:100BE0003BD1B8F1000F4AD1B9F1000F02D0204635
:100BF0002C49C847EFF31187202383F31288BFF3F2
:100C00006F8F238B23F008039BB22383D9063FD534
:100C100023F01002228303F007056669218B002E62
:100C2000BFF67CAF00239946D4F8008021F007017D
:100C3000C4E9003341F001012183238B03F0070A4B
:100C4000AA4502D0A268002AC1D1B8F1000F02D192
:100C5000B9F1000FDAD00022BAE7A1680029C0D0AC
:100C60000D680029BDD03346524620464F68B8472C
:100C70001DB12B6829461D46F3E72B46FAE741468E
:100C8000334652462046D8F8008003F0ADFFA8E76F
:100C90009A067FF523AF23F02002228303F0070595
:100CA00027E700BF434C0000002210B50C4B1C7816
:100CB00084420FD00132042A03F11003F7D16FF000
:100CC000010010BDD2685078C00706D5107820B951
:100CD0000B60F6E7DA68002AF4D16FF01200F0E753
:100CE00028530000002318460649D1F89020C2F38B
:100CF0000722934200DB7047C1F89830C1F8A0008A
:100D00000133F6E700ED00E0002807DB012341098D
:100D1000034A00F01F00834042F82130704700BFB3
:100D200000E100E000280CDB01220649430900F045
:100D30001F008240203341F82320BFF34F8FBFF3C1
:100D40006F8F704700E100E0EFF30583034A103B2B
:100D500002EBC301496852F833000847885A000083
:100D600030B50F4AD2F89030C3F30723013B9842C5
:100D700013D80C7A0B6864F304031D46CB6864092E
:100D800023F01F0343EA440343F00103C2F8980031
:100D9000C2F89C50C2F8A03030BD6FF01500FBE7E0
:100DA00000ED00E0254B264A4FF47A611A600122DB
:100DB000244B2548C3F80424D0F82436C3F3080292
:100DC000C3F309434B4382F480722049883201FB0C
:100DD00002334FF4FA215B00B3FBF1F201FB123353
:100DE0001B49B3F57A3F28BF0132C1F80429D0F876
:100DF00020364FF47A60C3F30802C3F30943434338
:100E000040F6C41082F4807202F2172200FB023313
:100E10004FF47A701B0AB3FBF0F200FB1233002090
:100E2000B3F5FA7F4FF0010328BF0132C1F81C2748
:100E3000C1F80009C1F80036704700BFE400002087
:100E40000020A107002008E000C0FF00B80B0080D0
:100E500000001250084B70B5C31A0D4607499B108D
:100E6000044659434022064803F059FF2B460146E9
:100E70002046BDE870401847B0100020B76DDBB6C3
:100E80007C520000402373B50B4C0093041B0B46AF
:100E90000D460A49A41061430646094A094803F071
:100EA00069FF014628B130462B4602B0BDE87040CC
:100EB000184702B070BD00BFB0100020B76DDBB6A0
:100EC000E94D00007C520000014B1B68184700BF31
:100ED000A0100020402370B51E49044681F8053457
:100EE0001D4B1A79002A2ED11C4A1A6001221A7150
:100EF0001B4B187938BB1B481A7118601A4B1879AC
:100F000008BB1A4D1A711D60194BC3F840040B6AD7
:100F10009B0603D440F20510FFF7F6FE2369ABB140
:100F20001C220021184604F088F901251C22114ECC
:100F30000564066124690021A01804F07EF90020F0
:100F4000E662E56470BD6FF00400FBE76FF015002A
:100F5000F8E700BF00E100E0A0100020E111000070
:100F6000A8100020C90E000004110020FB4D000055
:100F700000E01050AC5300000023024A0020C1E9F9
:100F80000023704700D0170000487047A4530000AA
:100F9000024B0B6001231360704700BF9C5300009D
:100FA000024B034A0020C3F80C25704700B00450E0
:100FB00080000080064BD3F840231C2A05D1D3F8CB
:100FC0004403431E5842584170470020704700BFF9
:100FD00000C0FF0003689A070CD50368DB070DD536
:100FE0000922074BC3F80C250F22C3F80425012260
:100FF0001A60FEE7034B0360EF3B0360704700BFDE
:1010000000801050F000FA50042370B50D4C42F2ED
:101010001075C4F808330123636100230A4EC4F835
:101020000831D4F8083146F00106D4F84C34DB031B
:1010300007D5064B1868064BB0FBF3F0B047013DEF
:10104000F3D170BD00E0105010530000E400002008
:1010500040420F0010B51D4B1D4CD3F84C14D3F873
:101060004C2411F4803F19D002F00302012A01D070
:101070008AB90022154BC3F840240022C3F8082186
:10108000D3F8082101221A6122688AB9D3F808210D
:10109000002AFBD014E0FFF7B7FFEAE7D3F84824B3
:1010A000D107E6D5D3F850249207F4D422681AB1B8
:1010B0000422C3F8042310BDD3F80821002AFBD072
:1010C0000022C3F80821D3F80831F4E700E01050FB
:1010D00004110020012303FA00F010F0670F0AD07A
:1010E000064B5B68DB4303F0670303420CBF6FF002
:1010F0001500002070474FF0FF307047400000207F
:10110000124B70B553F82050013053F82060AE42B6
:1011100000D870BD6C68B4B1237EDB0711D463695D
:1011200053B12046984738B10028B8BF4042FF2845
:10113000A8BFFF20E3681870E268537843F001030A
:1011400053700835E3E72B689847FAE784530000AB
:1011500030B500250D4C0E49207A020102F1A04263
:1011600002F562220B1893F85430C2F82C550C2269
:1011700002FB031322681875DA6062681A610122A3
:101180008B68824013438B6030BD00BFD0000020CD
:10119000400000200C22104B014602FB00330020CF
:1011A00030B4D3E90E529863EFF31180202484F316
:1011B0001288BFF36F8F1C6C04F0C00444F002046B
:1011C0001C6480F31188BFF36F8F1DB12B4630BCB8
:1011D0000248184730BC7047B01000207C52000015
:1011E000022808D0042808D1044B186C10F007001E
:1011F00003D1FFF7CFBF0120FBE77047B0100020FD
:101200002C232DE9F3411E4D0F4603FB0055EB68DF
:101210002E89D5F820801E440423314640460DEB2C
:10122000030203F01BFD044620B10124204602B056
:10123000BDE8F08146F60813BDF804206D899A4296
:101240001AD1BDF806309D4201D00324EEE70423F5
:1012500040460DEB0302A91903F000FD0028E4D17C
:1012600046F60713BDF804209A42EED1BDF80630C9
:101270002B4433443B60D9E7002DF1D0E5E700BFB4
:10128000241000202DE9F84F0746884691469A46DB
:101290000026234C234D0A9BB34201D8002010E0C6
:1012A0000A9B3846A3EB060BBBF5806F28BF4FF4B3
:1012B000806B1D4A5B4606EB090103F0CFFC10B1C1
:1012C0000120BDE8F88F5B464046174A06EB0A014D
:1012D00003F0E6FC0028F3D1144B5E44C3F800464B
:1012E000C3F80446C3F80846C3F80C46C3F81046D2
:1012F000C3F81446C3F81846C3F81C46C5F80046A0
:10130000C5F80446C5F80846C5F80C46C5F81046A9
:10131000C5F81446C5F81846C5F81C46BBE700BF1B
:101320003546526E00901050000100200080105091
:101330002DE9F04F81460F469A46144685B0002AA3
:1013400052D08368994257D25B1A934254D3C068F3
:1013500003F0FAFB8346484603F0B8FC102201462E
:10136000684603F06AFFCBF10008E019BAF1000FFC
:1013700007D007EA0808A0EB0B07214D214C224EAD
:1013800004E008EA0008F8E7A7EB0B0747452BD075
:101390005B466A463946484603F082FC28BBC5F8DE
:1013A0000046C5F80446C5F80846C5F80C46C5F819
:1013B0001046C5F81446C5F81846C5F81C46C6F8C8
:1013C0000046C6F80446C6F80846C6F80C46C6F8F5
:1013D0001046C6F81446C6F81846C6F81C46BAF1B8
:1013E000000F05D04745CFD8002005B0BDE8F08FED
:1013F0005F44B845CAD8F7E74FF0FF30F5E700BFC4
:10140000008010503546526E0090105038B50D4B8C
:101410000546C068DC6D03F097FB844203D2E868A0
:1014200003F092FB044640F216226243A96864422C
:101430005032224001232846891AFFF779FFC00F56
:1014400038BD00BF24100020F0B51F4F85B03E6AA4
:101450000546F06803F078FB40F2162358436B7999
:10146000FA6D012B12BFB22300231146B4682F7905
:10147000A4F1500407F1FF3702FB074418BF5343A0
:10148000A4EB00041C442B6818BF5100013BF0681A
:1014900001FB034403F058FB0746304603F016FCFB
:1014A00010220146684603F0C8FE2B796A468DF883
:1014B000003021463B46304603F0F2FB003818BFAF
:1014C000012005B0F0BD00BF24100020031E70B540
:1014D0001FDB114EB3421CD8C3F5BE1303F5805376
:1014E0009A4216D87AB140F201130C4CC4F8003578
:1014F00059B103F097FEBFF35F8FD4F818344FF45F
:101500008073C4F80035002070BDFF2103F095FE04
:10151000F1E76FF01500F7E7FFCF170000B00450B8
:1015200010B50C1E10461A460CDB084B9C4209D81D
:10153000C4F5BE1404F58054A24203D803F072FE31
:10154000002010BD6FF01500FBE700BFFFCF1700B4
:1015500030B5816885B0103921F00F04054603F0DD
:10156000B5FB10220146684603F067FE102268466C
:10157000064903F057FE10236A462146284603F029
:101580008FFB003818BF012005B030BD9255000018
:1015900010B4EFF31180202282F31288BFF36F8F13
:1015A0002B490B6843F0020413F001030C6017D0C1
:1015B000284BD3F80C3413F4803311D0EFF311819E
:1015C00082F31288BFF36F8F234A136C03F0C003BA
:1015D00043F00203136481F31188BFF36F8F01237B
:1015E00080F31188BFF36F8F1BB1002010BCFFF791
:1015F000D1BD184AC2F81031D2F81011C2F8183112
:10160000D2F81811C2F81431D2F81431134BD3F8B0
:1016100040331C2B04BF012393600023C2F8003128
:10162000D2F80031012313600D4B1B6853B9094BED
:10163000D3F80021002AFBD00022C3F80021D3F800
:10164000003102E07123C2F8043310BC704700BFC0
:101650000011002000E01050B010002000C0FF007A
:10166000A8100020F8B5EFF31186202383F3128829
:10167000BFF36F8F194A136823F00201116013F052
:10168000010222D17121164B42F21074C3F80813E3
:1016900001215960C3F80021D3F80021114A124DED
:1016A000D2F840230E4F1C2A08BFD96045F001052F
:1016B000D7F80C3413F480330CD00C4B18680C4B57
:1016C000B0FBF3F0A847013CF2D186F31188BFF3D9
:1016D0006F8FF8BD074A5371F7E700BF0011002074
:1016E00000E0105000C0FF0010530000E400002094
:1016F00040420F00A810002019462DE9F0474E4F38
:101700000023D7E90045101B61EB050141F6846217
:10171000FEF7B4FE41F68462E0FB0245C7E90045EE
:10172000464F0646387AFFF7D5FC804688BBA4189A
:1017300045F10005FFF70CFDEFF31181202383F342
:101740001288BFF36F8F3A7A3D4B920043F80280C4
:101750003B7AC5F313051B0103F1A04303F5622394
:10176000C3F82045C3F8245581F31188BFF36F8F68
:1017700001233A7A334903FA02F2D1E8EF4F1443D6
:10178000C1E8E04F0028F8D13A7A93402E4AC2F8D7
:1017900024333246EFF31185202383F31288BFF3FD
:1017A0006F8FDFF8A890DFF8A880D9F80000C8F89C
:1017B0000060484508BF0020264EDFF89CA0D6E90F
:1017C000001720B1C46894420FDDA41AC46000233E
:1017D000511847EBE277C6E90017C8F8003085F3E7
:1017E0001188BFF36F8FBDE8F087D0E90032136036
:1017F0005A600023611847EBE477C6E90017C0E997
:101800000033C0F80CA085F31188BFF36F8F836895
:101810009847EFF31185202383F31288BFF36F8F6E
:10182000D8F80020D9F80000121B484508BF002056
:10183000C8F80020C3E700BFF8000020D000002057
:1018400000210E50C800002000200E50DC000020B7
:101850009C100020F000002001000080F8B5012657
:10186000324C334DD4F80C3303F0710343B90125E6
:101870002E4C304ED4F80C3303F00C035BBBF8BD98
:10188000B3FA83F30021C3F11F039A0002F58072BB
:1018900092B202F1A04202F58712116006FA03F734
:1018A000042B1268D8B2C4F8087308D0062B10D0E5
:1018B0002B689847D4F80C3303F07103D6E7022362
:1018C0006B71C4F81411D4F814312023C4F8043314
:1018D000EEE76971ECE7B3FA83F30027C3F11F0366
:1018E0009A0002F5807292B202F1A04202F58712CC
:1018F000176005FA03F1022B1268D8B2C4F8081376
:1019000010D1D4F84C34D4F84C349B070AD10423BA
:10191000C4F84054C4F804332561D4F80C3303F000
:101920000C03ABE733689847F7E700BF00E01050BF
:10193000A8100020041100202DE9F74F4022AB4BE6
:10194000AB4C83F8E423AB4BD3F8182722F4403296
:10195000C3F818272278002A73D1D3F8101521F084
:101960000201C3F81015D3F8101541F00101C3F8B6
:1019700010150521C3F8A4160421C3F8AC160723DB
:10198000672101F001000244013BD2B24FEA51014C
:10199000F7D1052A5BD119464FF0010C944E002572
:1019A0006720CFB204E00CFA02F220EA020001350F
:1019B00090FAA0F25FFA85FEBE45B2FA82F2F2D347
:1019C000013132750529224482F8547006F10C0663
:1019D000E5D10121002588489A0801FA02F212F0A7
:1019E000670F18BF1D500433302BF5D1E420FFF7EB
:1019F0008BF9804B8149D3F8102503F5C07322F091
:101A00000202C3F8902340F6FF72C3F8A821002217
:101A10001A60A3F5807004338B420260F8D101276D
:101A2000744D774E2F663068764BB0FBF3F05D2334
:101A30005843754B3B4398472770D5F810359F079F
:101A400008D56FF07705284603B0BDE8F08F6FF03A
:101A50008B05F8E7D5F8103543F00203C5F81035CB
:101A6000D5F8482712F0010202BFD5F8483743F0F5
:101A70000103C5F848375F4BD3F84017D3F8441734
:101A80004800F9D42AB9D3F8482722F00102C3F854
:101A900048275C4A3368B3FBF2F3564A03EB43131F
:101AA000002B00F09D80D2F84017D2F8441749006F
:101AB0002AD44FF0FF330193EFF31186202383F3F1
:101AC0001288BFF36F8F019B6268134001930199E5
:101AD000E1B1B1FA81F20123C2F11F029340D84370
:101AE00001AD21EA0303D5E8EF7F8F4204D1C5E8B9
:101AF000EC3FBCF1000FF6D1E9D16368002503404B
:101B00006360424B1A7203E0013BC9E76FF00B05BB
:101B100086F31188BFF36F8F002D64D14FF0010859
:101B20003A4EA368377A4FF0FF3208FA07F843EAD3
:101B30000803A3606FF04043DFF8B8903449D1E95F
:101B400000AB524573EB0B00F9D341F684620023DE
:101B500050465946FEF792FC2E49BAEB02026BEB57
:101B60000303C1E900230C22E31993F854303846EB
:101B700002FB0343284A1F75DA6000221A61C9F884
:101B80002483FFF7A7FA044600287FF45CAFFFF731
:101B9000DFFAEFF31181202383F31288BFF36F8FF5
:101BA000327A154B92009C5041F68462337A09EBED
:101BB0000313C3F8282581F31188BFF36F8F012326
:101BC000327A164903FA02F2D1E8EF4F1443C1E822
:101BD000E04F0028F8D1327A9340C9F8243332E735
:101BE0006FF073052FE76FF00B052CE700E100E0C5
:101BF0004000002000200E5000210E50B0210E5059
:101C0000E400002040420F0000530000D0000020FC
:101C100040270E50F8000020F9160000C8000020F0
:101C20000121F8B54E4BD3E8EF2FC3E8E01F0028A1
:101C3000F9D1002A3ED14B4B996099685A6001F066
:101C400003010129DA6035D1DA609A68032A31D8B4
:101C5000EFF31184202282F31288BFF36F8F4FF6C7
:101C6000FF754149888E00F00702C88EA84235D022
:101C7000062A33D8DFE802F01232043212321200A0
:101C800001230130C88684F31188BFF36F8F8BB1B5
:101C900000233449354802F0A7FF0BE0002018600C
:101CA000086AC0B9C1E90733C2B9224602212F48E8
:101CB000FEF706FFEFF3058292B1EFF311812023C7
:101CC00083F31288BFF36F8F01220026012520279E
:101CD000274B284C2EE003600B62E5E70023D2E798
:101CE000254B1B78002BE8D00421214BC3F80813A7
:101CF0001146EAE772B686F31188BFF36F8FBFF320
:101D00004F8F20BF81F31188BFF36F8F62B6D3F876
:101D1000400410F0FF000DD1D3F808C1BCF1000F52
:101D200008D0C3F80801D3F80801C3F84054C4F838
:101D3000A0711D61D3F84CC4D3F84C041CF4803F4F
:101D4000D8D000F003000128D4D12AB181F3118842
:101D5000BFF36F8F0020F8BD0422C3F80423F9E716
:101D60009810002088100020B0100020CC10002017
:101D700000E0105000E100E00C12002030B50D46EC
:101D8000816887B0102302AA1039044602F066FF6A
:101D9000002802DA012007B030BD1022204602A937
:101DA00003F02DF800283FD11022204902A803F0AB
:101DB00029FA00280CBF012302232B70A1680123FC
:101DC000203921F00F0120460DF10702203902F0E1
:101DD00045FF0028DEDB9DF80730204603F00F02A8
:101DE0001B096A702B7101220DF1070103F007F83E
:101DF00010B96B78042B03D901236B7000232B716E
:101E0000A2682046203A22F00F02103AA91C03F0E3
:101E100008F80028BED1A2682046203A22F00F021E
:101E2000E91C02F0FEFFB6E70323C6E79255000067
:101E300030B585B06946012003F097F9002839D103
:101E400002A9022003F091F9012808BF03234FF0F3
:101E5000000104BF8DF808308DF80B309DF80000AC
:101E60009DF80840204B1A78042A05D0052A23D172
:101E7000421E18BF012272B35A78042A05D0052ADF
:101E800021D1621E18BF01222AB39A78042A03D0F6
:101E90009DF8035095421ED1DA78042A03D09DF8AC
:101EA0000B50954217D11A79042A10D15879831E04
:101EB000022B16D9FF2014E0A2EB000CDCF100028B
:101EC00042EB0C02D7E7151B6A426A41DCE79DF83A
:101ED00002509542EAD00131032903F10603C2D131
:101EE000012005B030BD00BF725A00001FB50A4B7B
:101EF0006A461C6A1023A1682046103902F0AEFE23
:101F000038B910226846054903F07CF9204604B030
:101F100010BD0024FAE700BF2410002092550000F5
:101F200000222DE9F04F8FB00446CDE90A2202F0DD
:101F300001FADFF8D88200283BD0B54DD8F8003040
:101F4000AB4203D110460BA9FFF75AF9D8F82C3051
:101F5000AB4203D101200AA9FFF752F9DDE90A23B8
:101F60009A4284BF13460B92A3604FF0000BD8F83F
:101F70002420526803925A460399CDF818B00A44B7
:101F80009A420BF1010BF7D3204602F0D3F908B3C4
:101F900040F216220021D8F85C30534303F150027E
:101FA000D8F82830013B0398014491420AD2013B02
:101FB000F9E7FFF79BFF04F1080102F065FEA36853
:101FC0000B93D2E75B4505D80123E37100200FB0E6
:101FD000BDE8F08FD8F84C308E4A02936368D8F889
:101FE000209003F0FF23934217D12368012B14D1D3
:101FF00002980CA9FFF7C2FE9DF83030032B0CD1DC
:102000000298FFF703FA029803F0A1F8A16802987A
:1020100003F077F80298FFF79BFA6379012B40F001
:102020008480DA467C4D7D4F7D4E79E0C5F80076A0
:10203000C5F80476C5F80876C5F80C76C5F81076AC
:10204000C5F81476C5F81876C5F81C76C6F800767B
:10205000C6F80476C6F80876C6F80C76C6F8107688
:10206000C6F81476C6F81876C6F81C76069A236861
:102070000232D21A524551D3D8F82420012B1168CC
:1020800052F83A0002EBCA0252F8082CA0EB010009
:10209000A2EB0102059004922DD1E2680793022A77
:1020A00026D04846FFF7B2F9D8F84C000CA9FFF744
:1020B00065FEE279012A0DD0D9F808108DF82720A5
:1020C000203921F00F014846079B0DF127022039E6
:1020D00002F0EAFF9DF83330012B02D1484603F0AD
:1020E00036F84846A16803F00CF84846FFF730FA86
:1020F0000298FFF78BF9039B494600934846DDE9B8
:102100000423FFF7BFF82046FFF79EF92368013349
:10211000236018B1434A1368013313600AF1FF3A90
:10212000BAF1000F82D10123236002234FF0010A8C
:10213000394E3A4D3A4F6371DA453FF647AFC6F82C
:102140000056C6F80456C6F80856C6F80C56C6F827
:102150001056C6F81456C6F81856C6F81C56C7F8D6
:102160000056C7F80456C7F80856C7F80C56C7F803
:102170001056C7F81456C7F81856C7F81C562368E7
:10218000534540D8D8F82410D8F8500051F83A20D8
:102190004FEACA0305920A68083B0492C2580068D5
:1021A000121A207901282CD1CB580399029800915A
:1021B000049906925B1A4946FFF764F82046FFF738
:1021C00043F90223069A237118B116490B680133AB
:1021D0000B60039B484600931346DDE90412521A34
:1021E0000299FFF74FF82046FFF72EF923680133D5
:1021F00023600123237130B10A4A1368013313604D
:1022000001E00228E5D00AF1010A95E72410002038
:102210003DB8F39600010004008010503546526E20
:1022200000901050000500202DE9F7432F4E07467F
:102230000D460024B0464FF02C091DB1284602F08F
:1022400079F808B1224643E0FFF750FE30B901208B
:102250000CB1002F31D003B0BDE8F08301A902F02A
:1022600013FD03460028F2D1D8F8242001985168C4
:102270001A460A44904203F10103FAD86A79012A06
:102280001DD1002CDED128682246984298BF2146F5
:1022900009FB028020233246006A02F0DFFC00289E
:1022A000D5D11DB13268124B9A421CD1631C022B4E
:1022B0004FF0010406F12C06BFD10020CBE7022A23
:1022C000C0D12A68012A05D99A42BBD884F00102FC
:1022D0000021DDE7B6D124B12A79023A18BF0122E4
:1022E000F6E72246D4E74FF0FF30B1E72410002094
:1022F0003DB8F3962DE9F04F0027ADF5477DCDE9C8
:10230000050170220021A6A802F097FF904C914B86
:10231000914DCDE9A643914B914ECDE9A853914BF8
:10232000059ACDE9AA63904B904DAC9303F1745399
:10233000A3F52303A3F69243AD93059B52891B8912
:102340008B4C1344059A8B4ED2F80C909944B945A6
:102350002DD8A6A912A802F015FE069BFBB1059B7D
:1023600006981C89DB68A6AA1C442146042302F0B7
:1023700075FC089098B946F60812BDF89812059BAE
:1023800091425B8967D1BDF89A12994207D1042323
:102390000698A6AA214402F061FC00285DD04FF007
:1023A000FF33049304980DF5477DBDE8F08FA9EB4A
:1023B0000708B8F5807F28BF4FF48078C5F800463D
:1023C000C5F80446C5F80846C5F80C46C5F81046D9
:1023D000C5F81446C5F81846C5F81C46C6F80046A8
:1023E000C6F80446C6F80846C6F80C46C6F81046B5
:1023F000C6F81446C6F81846C6F81C464346394681
:102400005D4A069802F02AFC82460028C7D1C346DE
:10241000594BBBF1010B01D2474498E7C09A511CBC
:10242000C09113F8010B02F546726A443F2902F885
:10243000580CEED9B0A9A6A80393FEF759FAAE9AA4
:10244000AF9912F5007241F10001CDE9AE21039B75
:10245000CDF800A3DDE7002BA1D146F60713BDF8A8
:1024600098229A429BD1059B44485B89C16D2344C5
:102470000993099ABDF89A32134440F216220A933E
:10248000436A5B6802FB01315A424F311140826A54
:10249000406D013A5A434343521A5B1A9A4228BF8D
:1024A0001A460A9B93423FF67AAF231D4FF0FF3442
:1024B00003930494039B0A9A934280F0D582059B70
:1024C0005B892BB1039B099A934204BF04330393A6
:1024D0000423039906988AAA02F0C0FB00287FF41F
:1024E0005EAF039ABDF82832111D099ABDF82A8201
:1024F0008A4209D84FF6FF75214830F8022BAA42CC
:102500003FF44DAF9A42F8D1102B0AD0222B00F0A5
:102510009B80012B36D0039A08F104031A440392DE
:10252000C8E7B8F1200F7FF43AAF43460698A6AA51
:1025300002F094FB00287FF432AF4246A6A912A80D
:1025400002F060FE00287FF42AAF01230893E2E73F
:1025500067E6096A85AE67BB72F36E3C3AF54FA534
:102560007F520E518C68059BABD9831F00801050A1
:102570003546526E009010500C110020241000209F
:1025800074550000B8F1200F3FF609AF4346069896
:10259000A6AA02F063FB044600287FF400AF5A2588
:1025A000014670228AA802F048FE1F4B1F4A2049AC
:1025B000CDE98A231F4B2048CDE98C131F4B204EB9
:1025C000CDE98E031F4B909303F17453A3F52303BE
:1025D000A3F692439193A49B5A1CA49216F8011B54
:1025E00003F546736B443F2A03F8C81C0CD994A921
:1025F0008AA8FEF77DF9929B939A13F5007342F136
:102600000002CDE99232A494013DE4D28AA97AA8CD
:1026100002F0B8FC4246A6A97AA802F0F3FD041E17
:1026200018BF0124644276E785AE67BB67E6096A96
:1026300072F36E3C3AF54FA57F520E518C68059BA4
:10264000065A0000ABD9831F002C7FF464AFB8F1A9
:10265000800F3FF6A4AE43460698A6AA02F0FEFA03
:1026600000287FF49CAEC1490DAD0D913023284662
:1026700062AA5B3102F025FC002840F0AD811368AE
:102680000D9E28461E44314630236AAA02F019FCEA
:10269000002840F0A1810D9FF31B002B40F39C818B
:1026A0003B7828467A9313687BAA1F443946062351
:1026B0007AAC02F006FC002840F08E810D9A616829
:1026C000A26053189F420D9340F07381A84B0C22D7
:1026D00000211B688AA89847D4F80490B9F1070F25
:1026E00040F07A814A46A349A06802F08BFD002899
:1026F00040F072818B9A082A40F06E819E498C9836
:1027000002F080FD002840F067810DAF03233146C1
:10271000384662AA02F0D5FB002840F05D811368BC
:10272000002B00F059810D9D591E11602A78002A56
:1027300040F052812B446A1C9E420D9240F04C8125
:10274000412940F04981A6AB03EB080623603146DE
:10275000302320468AAA02F0B4FB002840F03C81D6
:102760007A9B8A9A0DF5F47B13449E42C0F0348123
:10277000324659466AA802F053FC002840F02C81EA
:102780003246594672A802F04BFC0490002840F0F3
:1027900023816B78042B40F01F81202239906190B7
:1027A0006990A91C584602F0B1F95AAF202205F1F0
:1027B000220182A802F0AAF962AC202238466AA956
:1027C00002F0A4F9204672A9202202F09FF9082104
:1027D000384601F0C7FD002840F0FE80204601F099
:1027E000C1FD0646002840F0F7800A466348394696
:1027F00001F0F7FD012840F0EF80082221465F48F4
:1028000001F0EFFD01280B9040F0E6802AAC0DF1BD
:10281000680A0823594A204601F090FF50460821D3
:102820008AAD219601F093FD202212A902F06EF9E3
:10283000082351462846224601F026FE29465046E6
:102840004E4A01F0B3FE082339462846224601F0DD
:102850001BFE2946494A22A801F0A8FE0822484F3B
:102860005946284601F0B1FD82A992A801F0ADFDBC
:10287000394642A801F0A9FD07F120014AA801F05C
:10288000A4FD2946204607920092A7F1400342AAE0
:1028900001F07AFEA7F14402009292AB2A464AA9BF
:1028A00042A802F0CAF821462046079BA7F1400241
:1028B00001F044FF2246A7F14403284692A902F002
:1028C0009EF807995046CDE910B5CDE90E6701F0A5
:1028D00061FD0799054622A801F05CFDA842B8BF3A
:1028E000284685B205F1FF3B0FFA8BFB594650464F
:1028F00001F047FD5946824622A801F042FD00380A
:1029000018BF0120BAF1000A18BF4FF0010A0EAB40
:102910004AEA400A53F82A10079A32A801F055FDF6
:1029200020313AA801F051FD1146204601F00FFD7B
:102930000B9B023D2360A7F140032DB20793002DAE
:1029400050DA0823214620460E4A32AD01F0F6FE49
:10295000224628460C4B3AA902F051F80822294693
:10296000064801F03EFD012815D00FE0065A000090
:10297000685300006A5A0000615A0000E8540000E1
:1029800008550000C8540000C4540000082328461D
:10299000384A01F03BFD5AA955F8293051F8292051
:1029A000B9F1010983EA020346EA0306F4D2B6B19B
:1029B00012E0525C0DAD8A920133394628468BAA4B
:1029C0000D9302F04FFA38B90D9B8B9A8C931344F8
:1029D0009F420D933FF480AE4FF0FF3304934FF0CE
:1029E000FF3498E5244B22463AA932A801F02AFF89
:1029F00029461AA801F0C5FC2946074622A801F07D
:102A0000C0FC031E18BF0123381E18BF012040EA76
:102A100043000EAB53F8201019B3082242A801F06E
:102A2000D4FC4AA8203101F0D0FC01462246124BCA
:102A300042A801F0E4FF082342AA009332A9079BB1
:102A400052A801F0A1FD0C4B32AA00934AA93AAB5F
:102A500042A801F0F2FF21462046074B52AA01F09E
:102A600041FE013D2DB26AE7089B012B7FF497AC34
:102A700098E400BFE8540000C45400002DE9F0477A
:102A80004FF02C0808FB00F8DFF89490454209EB62
:102A90000806376A05F02C054D4404468A46042290
:102AA0002946384602F0ABF910B93069C30613D590
:102AB00054B13846FEF7AAFC9AF80730042B06D129
:102AC000D9F82000FEF7A2FC0120BDE8F087FFF74F
:102AD000AFF90428F8D1F3E759F80820114B9A42CE
:102AE00008D0002CF0D0002338461946BA68FEF70B
:102AF0001FFCE9E7F26833899B18F2D27289D21879
:102B0000EFD2316A8B689A42EBD240F60C631842DE
:102B1000E7D12846FFF7EEFB0028D6D0E1E700BF5B
:102B2000241000203DB8F3962DE980480127B84BCA
:102B30008DB003201F70FEF7E3FA0420FEF7E0FAE1
:102B4000B44DB54BB54EC3F80056C3F80456C3F8A0
:102B50000856C3F80C56C3F81056C3F81456C3F8F9
:102B60001856C3F81C56C6F80056C6F80456C6F8E0
:102B70000856C6F80C56C6F81056C6F81456C6F8CD
:102B80001856C6F81C56A64C60220021204602F0BA
:102B900054FB384604F12001FEF786F8A8B902205C
:102BA00004F14C01FEF780F878B94FF0B2089D4A65
:102BB000384602F5B26308A962622365CDF8208029
:102BC00002F093F910B1012054E1FEE7089B0220C6
:102BD000226D08A9A362CDF8208002F086F90028B2
:102BE00000F0D28084F8587000210846FFF71CFBE3
:102BF0000028E8D1D4F82880676DB84502D07B1C46
:102C00009845E0D1B8F1B20FDDD800239946626A49
:102C1000216D043204319F4240F0BE80236AD8689F
:102C200001F092FFE36CD86801F08EFFB84505D93A
:102C3000636A03EBC7035B684B45C4D10123089368
:102C400003F101230993002304A9206ACDE90A3383
:102C5000FFF794F8E06C06A9FFF790F89DF81030A4
:102C6000012B40F0A2809DF81230032B40F09D8094
:102C70009DF81830012B00F098800223D4F82090A2
:102C80000B9399F80030013B012B9CD840F2162A97
:102C9000E26DD9F80C00019201F056FF4FF0FF38B9
:102CA000D346D9F80830019A503B0AFB10335A4FEB
:102CB0000093D3B20393C7F80056C7F80456C7F879
:102CC0000856C7F80C56C7F81056C7F81456C7F878
:102CD0001856C7F81C56C6F80056C6F80456C6F86B
:102CE0000856C6F80C56C6F81056C6F81456C6F85C
:102CF0001856C6F81C56039B009ACDF804B00BF189
:102D0000FF3B1BFB03214846012306AA01F0A6FF57
:102D10000028FFF658AF0122484606A902F06FF8D6
:102D200020B9019BB8F1FF3F08BF9846BAF1010AEC
:102D3000C1D1B8F1FF3F09D0B8F1B10F74DC08F18F
:102D40000103089340F20113ADF82430D9F80810BC
:102D50000123203921F00F01484606AA203901F04D
:102D60007DFF00287FF42FAF0122484606A902F01C
:102D700046F810B101238DF818309DF8183003F093
:102D80000F038DF8273012E0089B6365236AD8682B
:102D900001F0DAFEE06527E752F8339051F833008E
:102DA00081457FF410AF013335E700230B9308A86A
:102DB00001F0C0FA80F0010008A9C0B2FFF734FAB0
:102DC00000287FF400AF08A801F0B4FA002840D131
:102DD00008A8FFF7A5F89DF8273084F85830033B82
:102DE000012B05D802F0D2F910B1FF2384F8583036
:102DF0009DF82730023B022B05D802F091F910B163
:102E0000FF2384F8583094F85830FF2B1CD1FEE78C
:102E10000C1200203546526E008010500090105069
:102E200024100020040500200223A8F1B2088DF828
:102E300025304FEA680308F00108013308F1010862
:102E400008938DF8248081E700210846FFF7ECF90C
:102E5000B9E69DF82760012E19D1FEF7E9FF831E20
:102E6000022B054604D8304608A9FFF707FE00B933
:102E70002846C0B2042884F858008DF8270010D8DE
:102E8000012813D822D0FF2384F858301EE00120F7
:102E900008A9FFF7F3FD10B99DF82700EAE7052020
:102EA000E8E70528EFD102F071F90DE008A8FFF777
:102EB00037F894F85830DA1E012A0CD802F066F977
:102EC0000028E0D102F02CF90028DCD194F8583029
:102ED000FF2B04D1FEE7023B012BF7D8F2E70021DC
:102EE000012B06910CD100210846FFF7C7FD0546CE
:102EF00058B9069B01330693069B012B0ED0FEE7C3
:102F00000846FFF791F90028EDD04FF0FF35102269
:102F1000002108A802F091F925B1FEE7236A5B6859
:102F20000293F4E7914BD3F874250F2A40F0E9801F
:102F3000D3F86C250F2A40F0E4804FF4F84102F5F5
:102F4000F91202F6F672C3F86855C3F86C25C3F897
:102F50007015C3F874252389029A854F854C134454
:102F60003B60234653F8046F6722F64328464FF030
:102F7000010EA846DFF800C206F06706CCF8282349
:102F8000002E40F0BF80E420FDF7CCFE7A4BD3F852
:102F9000482722F00102C3F84827D3F8102522F071
:102FA0000102C3F81025D3F8102522F00202C3F85D
:102FB000102501225A669A662670EFF311822023AB
:102FC00083F31288BFF36F8F6C48818E01F0070185
:102FD000022940F0C080C38E013B9BB2C386002B08
:102FE00040F0B9801C30FDF76BFD654B654A1B68EE
:102FF0004FF47A70B3FBF2F35843634B4FF0000881
:1030000043F001039847DFF88491DFF884A1614D14
:103010004FF0FF3B59F8044BC4F30830C4F808B331
:10302000FDF780FE0123E3620023C4F85031D4F899
:103030005021C4F84C31D4F84C21C4F82431D4F8D0
:103040002421C4F80035D4F8042608A80892D4F83E
:103050000C260992D4F810260A92D4F808260B926E
:103060001A46C4F804B6C4F80CB6C4F810B6C4F8CE
:1030700008B650F8041B4B1C10D05F2901F01F0349
:103080004FEA51146CD85AF8241001EB8301D1F89F
:1030900080302B4043F00203C1F880300132042A13
:1030A000E7D108F10108B8F1030FB1D101224FF0C7
:1030B000FF31394B5A60DA60C3F80813BFF36F8FE2
:1030C00072B60023354A03F120000133102B42F879
:1030D0002010F8D14FF0FF3106F160030136102EB9
:1030E00042F82310F8D100242D4BC3F80444FDF717
:1030F000F9FD84F30B8884F30A882A4B38689847D3
:10310000FEE7FEE7A1680EFA00F202EA010515F0FB
:10311000670F1CBF9143A1606168CD4305F067054F
:10312000154215D00CEB0015C5F82C85F5070FD509
:10313000C140C9070CD4616842EA0105D3E8EF9F9A
:10314000894504D1C3E8EA5FBAF1000FF6D1F2D1A4
:103150007608013014E782F31188BFF36F8F44E7DC
:103160000022203352F82330FFDE00BF00B00450AD
:10317000841000204000002000200E50B0100020DD
:10318000E400002040420F00F0520000785300009D
:103190006C530000F0F0FCFF00E0105000E100E094
:1031A000002008E001000020F7B5284B284CD3F898
:1031B0002C6304F188070EB903B0F0BD96FAA6F0AF
:1031C0000123B0FA80F08340DA43224926EA03065D
:1031D000231893F85450830019440C2303FB054330
:1031E000DB6873B3D7E8EF3F03EA020CC7E8EECF22
:1031F000BEF1000FF6D1C340DB0719D5020102F181
:10320000A04202F56222D2F82435D2F82025D1F866
:1032100000C0BCF1000FCED04FF0000CC1F800C0D0
:103220000C2101FB054529690091E9688847C2E73F
:1032300005F10C0304EBC30C54F83320DCF8043024
:10324000E5E70A68002AB6D00B60B4E700200E500C
:103250004000002000210E502DE9F04F8B46914692
:103260001C46002595B0029099F8000008B9284640
:1032700043E225280CD05946029B98470028C0F20B
:103280003C8209F1010301350493DDF81090EBE76E
:10329000182200210EA801F0D0FF99F801A0BAF180
:1032A000250F53D00022964694461746164609F13C
:1032B0000100014610F8013B2B2B75D06ED8202B56
:1032C00074D0232B75D02AB19DF8402042F04002E3
:1032D0008DF84020BEF1000F05D09DF8402042F04F
:1032E00020028DF84020BCF1000F05D09DF8402051
:1032F00042F010028DF840202FB19DF8402042F09E
:1033000008028DF840202EB19DF8402042F00402C2
:103310008DF840209DF8402002F04400442803D15D
:1033200022F040028DF840209DF840202A2B42F0E8
:1033300080028DF8402040F0A5809DF841204B1C74
:1033400042F001028DF8412000274BE04FF00008C9
:10335000474609F1020304939DF84120D60740F146
:10336000498154F8047B002F06DA9DF840107F4213
:1033700041F004018DF84010500740F1428154F8AB
:10338000048BB8F1000F80F23F819DF8412022F0BC
:1033900002028DF841204FF0FF3835E12D2B0BD084
:1033A000302B90D1012284E7012782E74FF0010CF6
:1033B0007FE74FF0010E7CE701267AE713460CFB0E
:1033C0000707303F1A4612F8010BA0F13006092E0C
:1033D000F4D99942B8D09DF84020F90F61F3410229
:1033E0008DF840201A782E2A0CBF012100219DF86B
:1033F000412061F341028DF841204FD15A782A2AA9
:1034000045D04FF000080A2601331A4612F8011B76
:10341000A1F13000092844D99DF84020C2F34001B1
:1034200041EAD87161F341028DF840201A786C2A84
:1034300058D03CD8682A42D06A2A5CD04C2A62D044
:1034400013F801AB9DF84120BAF1780F049311D81D
:10345000BAF16D0F64D8BAF1690F0BD8BAF1570FF2
:103460007CD8BAF1410F00F0AF80AAF14502022AE0
:1034700040F2AA809DF8402042F001028DF84020E1
:10348000002295E00B4600274FF00A0C9AE79DF8C2
:103490004120023342F004028DF841204FF0000831
:1034A000C4E706FB08181346A8F13008ADE7742AF4
:1034B00025D07A2AC4D106219DF841200CE05A7803
:1034C000682A9DF8412006D1012161F3C6028DF8DA
:1034D00041200233B4E7022161F3C6028DF8412096
:1034E0000133ADE75A786C2A9DF8412001D10421BF
:1034F000EBE70321F0E705219DF84120ECE70721E8
:103500009DF84120E8E7BDF8402022F4F04222F087
:10351000020242F4804242F00202ADF84020DFE7AE
:103520000121AAF16E00C0B2814040F28240014206
:1035300025D111F0240F50D1CB079BD503209DF846
:10354000421002F07802A2F1400C60F30201DCF1BB
:1035500000028DF8421042EB0C0229E00120AAF192
:103560005801C9B200FA01F111F4624F2CD111F4E3
:10357000043F27D140F6010001423FF47BAF022116
:103580009DF8420002F07802402A61F3020008BF71
:103590009DF840108DF8420004BF41F001018DF804
:1035A0004010003A18BF0122BAF1630F18BF002281
:1035B0009DF84010C1F34000024362F341018DF8D1
:1035C0004010C9E60146DBE704219DF8422061F383
:1035D00002028DF842200122EAE703209DF8421002
:1035E00002F0780260F30201003A18BF01228DF860
:1035F0004210DDE79DF940100029A8BF4FF0FF37CA
:10360000BAE691077FF5C7AE9DF842109DF84120BC
:1036100001F007010139C2F3C302032952D8DFE8E0
:1036200001F0022A6149D11E042904D8DFE801F023
:10363000190F0F191900012A54F8041B15D0022A7A
:1036400015BF084608B2C11741F3C03110E0E01DB4
:1036500020F007000446406854F8081BCDE90E101E
:1036600030E054F8041BC817F8E748B241F3C01122
:10367000CDE90E0126E0D11E042904D8DFE801F0CF
:10368000130B0B131300012A54F8041B0FD0022A4A
:1036900008BF89B20CE0E11D21F007010C46496822
:1036A00054F8080BE4E7002154F8040BE0E7C9B232
:1036B0000020D3E7073424F00704D4E90001CDE962
:1036C0000E0108349DF8401011F0030618D04E4644
:1036D000049BB3420AD8A6EB0906002E30460CDB49
:1036E0003544D2E554F8041B0E91EBE7594616F821
:1036F000010B029B98470028EADA15B0BDE8F08F6D
:10370000BAF1780F3FF6C1ADBAF1620F18D8BAF12D
:10371000250F49D0BAF1580F7FF4B7ADDDE90E019E
:103720000DF13603009310AA08AB8DF843A001F009
:1037300013FA119B81469DF843A0129A039398E0D7
:10374000AAF1630015283FF6A0AD01A656F820F0B7
:10375000A3380000BD3800008B3200008B3200001F
:103760008B3200008B320000BD3800008B3200002D
:103770008B3200008B3200008B320000E7380000F3
:10378000E33800003D3800008B3200008B3200002F
:10379000B93700008B320000E33800008B320000A4
:1037A0008B320000E338000059465046029B984790
:1037B0000028A2DB013568E5B8F1000FDDF838908C
:1037C00034DB002019F800200AB180452CD10026F6
:1037D000324609EB0003059303969DF8421011F061
:1037E0001003069300F09C800230039B49061844A6
:1037F00048BF8018002F40F3A8809DF840203F1A52
:103800005307C2F3800800F1A080500640F1C18048
:1038100046B159463046029B98470028FFF66DAFE7
:10382000464601353022B5E00130CBE7484601F08D
:10383000E2FCB9F1000F3FF428ADC8E70E9800286C
:1038400065D070238DF843300DF13603009310AA34
:1038500008AB002101F080F9002681464FF0780A7C
:10386000119B129A03939DF8423043F010038DF898
:1038700042300DF13600B8F1000FA0EB09000ADB71
:103880009DF84010804521F040018DF8401002D98C
:10389000A8EB0003039306B101300DF13603059345
:1038A0009BE700260E9A0DF121038DF820200120C0
:1038B0003246039605930DF120098EE70A075DBF96
:1038C000C1F300114901CEB22B26DDE90E12002A08
:1038D000BFF624AF494262EB42022D26CDE90E121B
:1038E0001CE700261AE70E9B072A3FF6CEACDFE85E
:1038F00002F00C04060C08080C0C1D70C5E41D80B9
:10390000C3E4EA17C3E90052BFE41D60BDE4384BCD
:1039100006460246039005930520A3F105095CE7DE
:103920000B0748BF013060E7104607925946029BDB
:1039300098470028079AFFF6E0AE4146002908F1B3
:10394000FF38F1DC3D4447466D1A3EB159463046DA
:10395000029B98470028FFF6D0AE01359DF8422023
:10396000D10601D4130707D559463020029B98474A
:103970000028FFF6C2AE0135069B3BB159465046C2
:10398000029B98470028FFF6B8AE0135039E2E44EF
:103990000AE02022B846D0E759463020029B9847DB
:1039A0000028FFF6AAAE0135731B002BF4DC4E464F
:1039B000059BB34214D8A6EB0906002E3046FFF64D
:1039C0009CAE35442F447B1B002B7FF75EAC5946E1
:1039D0002020029B98470028FFF68FAE0135F2E7C2
:1039E000594616F8010B029B98470028E0DA84E656
:1039F000A75500000FB41FB506AB53F8042B039373
:103A0000002104480091FFF727FC05B05DF804EBA6
:103A100004B07047554B000005460C4608B599B1F7
:103A2000D1E9012313480968FFF7E4FFD4E904232F
:103A3000E1681148FFF7DEFFE1691048FFF7DAFFA0
:103A4000A1690F48FFF7D6FF012D05D1EFF30581DE
:103A50000C481039FFF7CEFFEFF31183202383F3D7
:103A60001288BFF36F8FEFF3118283F31288BFF3D5
:103A70006F8FFEE7A8550000D855000008560000DB
:103A8000185600004756000070B5264C26480E46D2
:103A90001546FFF7AFFFA36AD80640D52348FFF7C6
:103AA000A9FF1120A36A190703D52148FFF7A2FF38
:103AB00012201C4CA36A9A070FD51E48FFF79AFFE5
:103AC000616BA36A1B0607D51B48FFF793FF1EB166
:103AD000A36A23F08003A3621320124CA36ADE07BB
:103AE00003D51648FFF786FF1420A36A9C0603D56A
:103AF0001348FFF77FFF15200A4B9A6AD10658BF7B
:103B00009A6A9A6A920642BF5A6A22F400525A622C
:103B10009A6A42F0FF029A6200232B7070BD102057
:103B2000C0E700BF00ED00E05B56000072560000E9
:103B3000A6560000BA560000D3560000EA56000010
:103B40000A57000070B5244C24480E461546FFF76E
:103B500051FFA36AD90435D52148FFF74BFF172041
:103B6000A36A1A0503D51F48FFF744FF18201A4C13
:103B7000A36A9B050FD51C48FFF73CFFA16BA36A06
:103B8000180407D51948FFF735FF1EB1A36A23F4BF
:103B90000043A3621920104CA36A590503D51448A9
:103BA000FFF728FF1A20A36ADA050DD51148FFF7A1
:103BB00021FF1B20084A936A43F47F43936200234A
:103BC0002B7070BD1620CBE7A36A9B04F2D50A4880
:103BD000FFF710FF1C20EDE700ED00E03A57000072
:103BE00051570000A6560000635700007D570000A3
:103BF00093570000AF5700000A57000010B5204C43
:103C00002048FFF7F7FEA36A990137D51E48FFF752
:103C1000F1FE1E20A36ADA0103D51C48FFF7EAFE75
:103C20001F20174CA36ADB0203D51948FFF7E2FEF9
:103C30000220A36A1C0303D51648FFF7DBFE2120F0
:103C40000F4CA36A590303D51348FFF7D3FE222074
:103C5000A36A9A0303D51148FFF7CCFE2320084C32
:103C6000A36ADB0303D50E48FFF7C4FE2420A36A32
:103C70006FEA03436FEA1343A36210BD1D20C9E737
:103C800000ED00E0C8570000E1570000F5570000C4
:103C9000105800003B5800005A580000805800009F
:103CA0009B5800002DE9F0415C4B05465F680026FB
:103CB0008AB0C7F3080486F31188BFF36F8F02F050
:103CC0007F43B3F17F4F06D102F00C03082B13D1D1
:103CD0005348FFF78FFE002635464FF00008E31EDD
:103CE0008DF80780092B00F28680DFE803F00A7A5E
:103CF0007E7584848484848210074CBF0D4601261F
:103D0000EBE74848454CFFF775FE8DF80780E36AFE
:103D10009A0704D54448FFF76DFE00242AE0E36AC1
:103D2000002B01DA4148F6E7E36A5B00F5D540482D
:103D3000FFF760FE6369AA6943F480736361BFF3B0
:103D40004F8FBFF36F8F32F8023C626922F48072AA
:103D50006261BFF34F8FBFF36F8F03F47F42B2F501
:103D60005F4F1FD1DBB2022B1CD129683148FFF70E
:103D700041FE2C689DF80730002B4BD120222946AC
:103D800002A801F04FFA099B002E40D0C3F30802AD
:103D900022B96FEA53236FEA43230993204602A90D
:103DA000FFF73AFE1D4B9A6AD2B232B101210DF1F2
:103DB00007022846FFF768FE11E09A6A12F47F4F67
:103DC00006D001210DF107022846FFF7BBFE06E0F1
:103DD0009B6AB3F5803FA0D32846FFF70FFF044648
:103DE000C8E700210DF10702E3E700210DF107020A
:103DF000EAE711488FE7114B17F4F87F1049114893
:103E000008BF1946A4F11002FFF7F4FD85E76FF330
:103E10000803C2E70AB0BDE8F08100BF00ED00E092
:103E2000F558000021590000395900005B59000085
:103E30006A5900008A590000A7590000C7580000BD
:103E4000DC580000CC59000010B572B6002484F391
:103E50001388FCF747FF23464FF0FF300C4A03F16D
:103E600020010133102B42F82100F8D100234FF03C
:103E7000FF30074A03F160010133102B42F82100A3
:103E8000F8D162B6BFF34F8FBFF36F8F10BD00BF85
:103E900000E100E08FB59E4A9E4B22F07F029A60BF
:103EA000BFF34F8FBFF36F8FD3F888209A4822F467
:103EB0007002C3F88820994A0021121A01F0BDF956
:103EC0009748984A9849121A01F0ACF99748984ACD
:103ED0009849121A01F0A6F90023202040F20F128F
:103EE000954CE1180133934281F80003F9D1002089
:103EF000FDF706F9914B03F5006282F3088883F31E
:103F00000A880021E022834B8D4E83F82220D97746
:103F100019765976997683F820105A6A42F4E0228D
:103F20005A6283F823105A6942F010025A615A69A2
:103F300042F480625A615A6922F008025A611022E2
:103F40001A614FF0FF329A62DA62D3F8902012F4CD
:103F50007E4F29D0BFF35F8F7A4AC3F89410C3F81D
:103F6000C02002227848C3F89810C3F89C20C3F8F8
:103F7000A0000120C3F8980000F10050C3F89C0095
:103F800000F57F3000F2E230C3F8A0003270D3F8C1
:103F90009000C0F30720824230DB0522C3F8942052
:103FA000BFF34F8FBFF36F8F684934784D68A446D5
:103FB0001DB11F2D44D86FF0150401203470FDF79A
:103FC0009FF80220FDF79CF8002383F30B88604CD8
:103FD000604DA4F5205686F30B8884F309880020F1
:103FE00004498847184619461A46A8470248804798
:103FF000FEE70000D7510000E5510000C3F898200B
:10400000C3F8A0100132C2E7C7F898002046D7F8DD
:10401000A03003F01F031343C7F8A03000F05DFE8B
:104020006FE0C7F89800D7F89C30604663F304054A
:10403000C7F89C50F2E7D145F3D100F04EFEBCE743
:10404000E806B8D10B68DA06B5D143E800F21D44A2
:1040500012F4803F5FFA82F805F1FF3A08BF6FF073
:1040600015084AE800F2D703D0B2A4D54045A2D142
:104070004445A0DD274FC7F89880D7F89C20C7F8A3
:104080009880D7F8A09022F01F02934249F01F09B0
:10409000D1D0013BD14523F01F02B5D0C7F898809D
:1040A000D7F8A030204603F01F031343C7F8A03011
:1040B00000F013FE10F1160F3FF47DAFC7F89880A3
:1040C000D7F89C209DF8083009F1FF3962F304030A
:1040D0008DF80830D7F8A030009525F01F059DF821
:1040E00008204D445B08A5EB0A05013063F3471235
:1040F00025F01F056946C0B28DF808200395FCF72E
:104100002FFE10F1160F3FF456AF441C55E700BFC9
:104110000000000000ED00E0F00000201012002080
:1041200040000020EC000020406300000000002060
:10413000400000200063000000E100E0103A002091
:104140000D120020AAFF4400E1CF1700B853000071
:10415000103A0020292B000008B50123414A4248AB
:10416000C2F80038414AD2F840231C2A04BF404A12
:10417000C2F80C34FCF72EFF0830FCF72BFF083098
:10418000FCF728FF0830FCF725FF00F5F470FCF77A
:1041900021FF384AD2F88C3043F44063C2F88C30A7
:1041A0000022D30003F57F0303F54043D3F8001446
:1041B00001310AD0D3F8001439B1D3F80014013218
:1041C000D3F80434402A0B60EBD1264BD3F84024BB
:1041D000002A42D0FCF7EEFE48B1244BD3F834233A
:1041E000254B9A429EBF1F4B244AC3F84026FCF73A
:1041F000E1FE18B1224B234AC3F8AC27FCF7DAFEE4
:1042000048B13422174BC3F82426D3F83C2622F4B5
:104210000022C3F83C261C4BD3F80026D20744BF2B
:104220006FF00102C3F80026184BD3F8182522F0CE
:104230000302C3F81825D3F8182542F00302C3F887
:1042400018250C4AD2F88C3043F44063C2F88C3005
:1042500000220F4BC3F8D42608BDC822C3F840245F
:10426000B8E700BF0000125000C50D5000C0FF00AD
:104270000030055000ED00E0001D0A1840E0A91EC6
:1042800000A0085078000A0400E0105000B004506C
:1042900000600D5030BFFFF7FDBF00BFEFF3088097
:1042A000EFF3098101B57246FFF7FCFC01BD00BFC9
:1042B000002080F31488BFF36F8F002080F30A88FA
:1042C00080F30B880F4880F30888FFF745FF002034
:1042D0000D490860BFF34F8FFFF7B6FD202080F334
:1042E00011880A484FF40061401880F30988EFF301
:1042F00014800221084380F31488BFF36F8FFFF707
:10430000C9FD0000103A002094ED00E0103A0020B2
:104310001EF0040F0CBFEFF30880EFF309808169F2
:1043200011F8021C0229FFD001B5724600F04CFFC3
:1043300001BD00BF4379012B07D10368012B04D1D4
:104340000079431E584258417047002070470023AF
:1043500010B51C465AB2914200DC10BD40F8234013
:104360000133F7E700231A4610B55CB2A14203DC23
:10437000B2FA82F0400910BD50F8234001332243C5
:10438000F3E701234A1150F8220001F01F018B408E
:10439000184070474B1E10B55BB2041D1A0603D4BB
:1043A0005A1E54F8221071B101335BB24BB103F1C4
:1043B0008042013A50F82220B2FA82F2C2EB431353
:1043C0009BB218B210BD1346E8E7002310B55CB2EB
:1043D000A24200DC10BD51F8234040F823400133D5
:1043E000F5E710B5013A52B2130601D5002010BD11
:1043F00050F8224051F822309C4205D802F1FF3299
:10440000F2D24FF0FF30F2E70120F0E7F0B50024E0
:1044100006469C46204665B2AC4500DCF0BD51F82E
:10442000247052F824303D1AED1AAF4218BF002014
:1044300046F8245038BF40F001000134EBE7F0B5F6
:1044400000240646204665B2AB4200DCF0BD51F8C0
:10445000247052F824503D440544AF4218BF002058
:1044600046F8245088BF40F001000134EBE70023F8
:1044700000EB8101884200D3704751F8042D43EAD4
:1044800052030B60D307F5E72DE9F74F00273C46B1
:104490003D464FFA87F9994516DB4FF0FF364FF04E
:1044A000000806EB43060196019F53FA88FE4FFA77
:1044B0008EFEBE455FFA88F628DB00EBC30040F8AD
:1044C000044C03B0BDE8F08F4FF0000EF04602EB55
:1044D000870A51F82EC05AF804694FF0000BACFB64
:1044E000066C36195CEB050C28BF4FF0010B0EF182
:1044F000010E34464FFA8EF6B1456546D844E8DAE7
:1045000040F82740454664460137C2E7A9460025E2
:10451000013676B202EB8E0A77B2BB4205DC40F878
:104520002E4008F101084C46BEE76FF003077743C1
:1045300051F826C05AF807704FF0000BA7FB0C7C0F
:104540003F195CEB090C28BF4FF0010BE1463C46DC
:104550005D440136E0E770B59DF910601D463346B5
:104560000446FFF76CFF30B9324621462846FFF774
:1045700038FF012807D033462A4621462046BDE8A9
:104580007040FFF743BF70BD70B59DF910601D46C8
:1045900033460446FFF73AFF38B133462A462146F0
:1045A0002046BDE87040FFF74ABF70BD2DE9F04FCF
:1045B0001D46A7B006ABCDE904310290294610464E
:1045C0009046FFF7E7FEC0EB851424B22146002C8D
:1045D000B8BF04F11F01634203F01F0316AF384652
:1045E00041F3471104F01F0658BF5E42FFF7AFFECC
:1045F000002E4FEA81002CDD002213463844C6F11C
:10460000200E9D421AD80126AB00039307EB8503C9
:10461000019305F1FF3826AB4FEA450903EB880803
:10462000002C55DA26AB03EB86062A4656F8881C82
:104630000298FFF7CAFE27B0BDE8F08F58F823C0F4
:1046400001330CFA06F10A4340F8042B2CFA0EF25F
:10465000D7E72A4641463844FFF7B7FED3E75AF872
:10466000883C53F8212026AB03EB810353F8403CF0
:104670006344D31A34BF4FF0010B4FF0000B9A4242
:1046800004D0BBF1000C18BF4FF0010C5EF8882C71
:10469000013042F8213041B24945E0DBA6EB0C0382
:1046A0005E42294638465E41FFF7E1FE039B2946FC
:1046B00098336B4453F8402C58F8403C019843EA37
:1046C000C273013C48F8403C24B2FFF7D0FEA7E794
:1046D000002026AB86F0010E844603EB860A03EB2E
:1046E0008E0ED8E730B505461C4691B0684693F962
:1046F0000030FFF7C9FE69462846D4F8AC30984729
:1047000011B030BD70B50368054613F001061446BC
:1047100005D013460A460146FFF791FE064621469C
:104720002846FFF7A4FE46B104F18042013A55F84D
:10473000223043F0004345F8223070BDF0B50F46FB
:104740000646A1B01946384615461C46FFF70AFE34
:1047500028B1304621B0BDE8F040FFF7F8BD224651
:1047600039466846FFF731FE294608A8FFF72DFEB7
:1047700010A82146FFF7EBFD012318A81093FFF7BF
:10478000E6FD2246684608A9FFF72BFE30B922460F
:10479000304610A9FFF719FE21B0F0BD009BDA07E3
:1047A00009D421466846FFF762FE2246294610A832
:1047B000FFF7A8FFE5E7089BDB0707D4214608A819
:1047C000FFF755FE2246294618A8F1E7012823469F
:1047D0001CD108AA69466846FFF718FE21466846BC
:1047E000FFF745FE224618A910A8FFF7FAFD013091
:1047F00005D110A923462A460846FFF720FE10A936
:104800002346084618AAFFF701FECEE76A4608A825
:10481000FFF7FCFD214608A8FFF729FE224610A954
:1048200018A8FFF7DEFD013005D118A923462A4656
:104830000846FFF704FE18A92346084610AAFFF70A
:10484000E5FDBFE72DE9F04793F90060044689468E
:1048500092B03146104615461F46FFF783FD0028EB
:1048600040F095803B464A4649460AA8FFF73AFF82
:104870003B4621460AAA02A8FFF734FF0AAA1146BE
:1048800010463B46FFF72EFF3B462A464946484620
:10489000FFF728FF07F104083B462A462946284629
:1048A000FFF720FF43462A46214620460096FFF7A1
:1048B00052FE43462A46294628460096FFF74BFEFD
:1048C00043462A46214628460096FFF75DFE3B46B2
:1048D0002A4621462046FFF705FF43462246214649
:1048E00028460096FFF737FE43462A4621462046D3
:1048F0000096FFF730FE2368DB074BD53346424670
:1049000021462046FFF79BFD824631462046FFF7B1
:10491000AEFD06F18043013B54F8232042EACA72FF
:1049200044F823203B46224621462846FFF7DAFE7C
:1049300043462946284602AA0096FFF725FE43462D
:104940002946284602AA0096FFF71EFE02A908463D
:1049500043462A460096FFF717FE3B46214620466F
:1049600002AAFFF7BFFE0AAA434610462146009658
:10497000FFF70AFE324629462046FFF726FD494644
:104980002846FFF722FD48460AA9FFF71EFD12B090
:10499000BDE8F08731462046FFF769FDC2E72DE903
:1049A000F0418AB0044615460E461C22002103A899
:1049B00000F043FC032395F900803246314620463F
:1049C00002932F1D2B46FFF78DFE3B4621462046C6
:1049D00002AACDF80080FFF7D7FD2B4632462146CC
:1049E0002046FFF77FFE3B4621462046CDF800805B
:1049F00005F18402FFF7AFFD0AB0BDE8F081F0B524
:104A00001C46074615460E4689B011466846FFF714
:104A100069FE23466A4639463846FFF763FE234659
:104A20002A4669466846FFF75DFE23466A463146D8
:104A30003046FFF757FE09B0F0BD2DE9F0478AB0C8
:104A4000DDF848A01446564680461D46894616F9AC
:104A5000047B02463346214602A80097FFF794FDE7
:104A600002AA534611461046FFF73CFE5346414604
:104A7000404602AAFFF736FE53462146204602AAC8
:104A8000FFF730FE33464A46294628460097FFF78F
:104A90007BFD53462A46294602A8FFF723FE02A9BA
:104AA0003346424608460097FFF76EFD02A933469B
:104AB000224608460097FFF767FD334642462146E7
:104AC00020460097FFF760FD534622464946484678
:104AD000FFF708FE33464146204602AA0097FFF73B
:104AE00053FD5346224629462846FFF7FBFD334631
:104AF0004A46294628460097FFF746FD3A46204693
:104B000002A9FFF762FC0AB0BDE8F087F8B50E46CF
:104B1000D11C48BF911D144641F38701FFF717FCD4
:104B20000025671E6AB2A24205F1010500DBF8BD4F
:104B3000BB1A23F00301B25C03F00303DB009A40CD
:104B4000435813434350EDE708B58368DB68984743
:104B5000006808BD002070472DE9F84F9A46D378C9
:104B600081466F2B0F461546A3F1410B2BD026D85B
:104B7000582B14BF0A261026DDF828803246002361
:104B800048463946FBF77AFC092A08F1FF38D4B2C7
:104B90001ED83034B145E4B277F1000788F8004000
:104BA00001D3D04511D82B789B0605D5082E15D1F9
:104BB000AB7843F00803AB704046BDE8F88F03F0D4
:104BC000F703702BD5E70826D6E781460F46D5E7D1
:104BD000BBF1190F94BF37345734DBE7102EEBD1FC
:104BE000AB7843F01003E6E730B400258C68CB6067
:104BF00004F00304032C14BF2C464C688D6014B1E0
:104C0000A44630BC604730BC7047038B13F00703E9
:104C100006D10368002B18BF032008BF002070478F
:104C2000022B05D1408BB0FA80F04009800070471C
:104C3000012B04D10368002B18BF0520EDE70020ED
:104C4000704710B4EFF31182202484F31288BFF36D
:104C50006F8F416110BC0121FBF732BF002930B4D6
:104C600004460DDB806888420AD9401A834207D87F
:104C7000E0686468214484682468A44630BC6047C6
:104C80006FF0150030BC704710B484680A46203CB1
:104C900024F00F04A4F13001042310BCFFF7DEBFA1
:104CA000002930B404460DDB806888420AD9401AD6
:104CB000834207D8E0686468214484686468A44635
:104CC00030BC60476FF0150030BC704708B5C06855
:104CD0008368DB689847407908BD30B50C684B683D
:104CE00085B00A894D890094013B24F01F042344B8
:104CF00002F01F0242EA451223F01F0369468DF8B5
:104D000008200393FCF72CF805B030BD0C22036992
:104D1000C9B202FB0133186C00F00700704770B590
:104D20000346C9B20069EFF31186202484F3128888
:104D3000BFF36F8F0C2505FB0104246C14F0C00435
:104D400001D0A24210D1012205FB01000264002023
:104D500086F31188BFF36F8F28B95B6803EBC1033B
:104D60005B689847002070BD4FF0FF30F0E780226D
:104D7000FFF7D5BFF8B5069F05460469C9B2EFF342
:104D8000118C202080F31288BFF36F8F0C2606FB56
:104D90000146306C00F0070EBEF1010F11D13764EF
:104DA00000268CF31188BFF36F8F46B90C2000FBEF
:104DB0000144C4E90E236B6853F8313098473046FC
:104DC000F8BD00F0C00087420CBF6FF077064FF0CF
:104DD000FF36E6E713B580240094FFF7CBFF02B05F
:104DE00010BD6FF08500704710B41C240069CBB271
:104DF00004FB0300002110BC1047FCF765B838B570
:104E000015460C4659B1FFF761FF2146254411F8BC
:104E1000013B834203D1A942F9D1012038BD0020D2
:104E2000FCE738B50C460123114622460546FFF73C
:104E300015FF00280FDB012221462846FFF7DFFF80
:104E400018B103230020237038BD2378012B14BF31
:104E500002230123F6E70120F6E703460020184766
:104E6000FCF7D2B870B504680D1B002D02DC6FF0A2
:104E70005F0070BD94F900602378002E0ADB631C8C
:104E80000360237813600368C91A13688B42EED855
:104E90000020EEE703F07F035C1E032C0ED89D423A
:104EA000E5DD002414600468013B013404605E1CED
:104EB0001568E8D0247844EA0524F3E76FF063002E
:104EC000D7E770B404680E1B002E07DD26789E42DB
:104ED00008D10134046070BCFFF7C4BF6FF05F00FD
:104EE00070BC70476FF06100FAE72DE9F04F87B0B2
:104EF0000E46C0B203A91746FBF7D6FE04460028AB
:104F00003AD1039B002B37D0D3E9018AD86804A992
:104F1000836805AA5B69D6F800909847059B2546EB
:104F20000193214623460498C2440430019A9142D9
:104F300004D13360204607B0BDE8F08F4FF0000C7D
:104F4000D0F800E050F8042C944502D30131083029
:104F5000ECE7A8450CD8AA45EBD999450FD907EB42
:104F6000C302A5EB080B47F833B0C2F804E00133E5
:104F700075440CF1010CE5E76FF01504DAE76FF00A
:104F80000B04D7E7F8B50C468A6E0546D1E908311F
:104F9000D0001B1841F10001C4E908318021501CE8
:104FA00038282244A0664FF0000782F8281004F148
:104FB00028060BD9C0F140023946304400F03DF9D3
:104FC00020463146FBF794FC3846A766C0F138020C
:104FD0000021304400F031F9236A626A1BBA12BA28
:104FE0003146C4E918232046FBF782FC2B1D211F04
:104FF000243551F8042F0433100E03F8080C100C5C
:1050000003F8070C100A03F8060C03F8052CAB4252
:10501000EFD170220021204600F00FF90120F8BDE9
:105020002DE9F3410C46074611460223204601AA0A
:10503000FFF747FF0546E8B9019E1F2E0ED9202233
:1050400038462368A6F12001194400F0EBF82368E4
:1050500033442360284602B0BDE8F081C6F1200841
:1050600001464246384600F0E8F83246216807EB30
:105070000800EAE76FF00205ECE7084611461A4619
:1050800021B103431B0701D1FCF720BA6FF01500D3
:10509000704741EA02030846C3F30B0109B9FCF764
:1050A00015BA6FF0150070472DE9FF471D460646FB
:1050B000C0680F469046FFF747FD6C1E044440420F
:1050C0000440102C1AD83046FFF700FE82462A46CC
:1050D0004146684600F0A6F85146621B0DEB0500FC
:1050E00000F0ABF823466A4639463046FFF7D8FD54
:1050F000003818BF012004B0BDE8F0874FF0FF3042
:10510000F9E7042307B5019181680DEB030220390B
:1051100021F00F013039FFF7C7FF03B05DF804FB42
:1051200007B5012001A9FBF7BFFD70B90123019864
:105130006A4681688DF80030203921F00F0110395E
:10514000FFF7B2FF03B05DF804FB0120FAE701238B
:1051500007B5816801AA203921F00F018DF80430CC
:10516000FFF7A2FF03B05DF804FB13B50C46C0B215
:1051700001A9FBF799FD30B92146019802B0BDE8BD
:105180001040FCF7FBBD012002B010BD1FB501208F
:1051900001A9FBF789FD10B1012004B010BD019CED
:1051A00002A92046FCF7EAFD0028F5D19DF80B3056
:1051B000032BF2D12046FFF7CAFFEEE700210120C2
:1051C00008B5FEF729FC704708B501460068FEF7F0
:1051D00023FCFFF75FB861B662B680F31188BFF3B6
:1051E0006F8F7047EFF31180202383F31288BFF392
:1051F0006F8F70477047034600201A5C02B97047F2
:105200000130FAE710B55AB10139841810F8012BB2
:1052100011F8013FA04201D09A42F7D0D01A10BD38
:105220001046FCE710B5431E0A44914200D110BD60
:1052300011F8014B03F8014FF7E70346C9B20244E6
:10524000934200D1704703F8011BF9E764B2FF7F76
:1052500001000000A50D0000000000003919000049
:1052600000000000000000007C520000211C000033
:10527000000000000000000098520000F9590000F2
:1052800018530000CC520000E8000020B0100020AD
:10529000D50E000000000000E059000000000000F2
:1052A000B4520000EA00002000000000A10F00003E
:1052B00000000000211500007B500000935000000A
:1052C000890F0000790F0000910F0000E34D0000EE
:1052D0006F4D0000D54D0000000000000D4D000096
:0852E0000000000000000000C6
:1052F0000338FDD8704700000000000000000000E7
:105300000338FDD8704700000000000000000000D6
:105310000338FDD8704700009115000065160000A5
:1053200055100000614E0000000000000000000069
:1053300000F8000098520000010000000000010089
:1053400000200B00985200000200000000200C001A
:1053500000200B00985200000300000000401700DE
:1053600000900000985200003B52000000A0105036
:1053700000820D500004055000A0045000600C5045
:105380000040105054520000645200006C52000063
:10539000745200007C5200007C5200007D0100002D
:1053A000001000001000000001FF0000850E00004A
:1053B000550E00000000000000000020400000002A
:1053C00006000100982F8A4291443771CFFBC0B587
:1053D000A5DBB5E95BC25639F111F159A4823F92C0
:1053E000D55E1CAB98AA07D8015B8312BE85312419
:1053F000C37D0C55745DBE72FEB1DE80A706DC9BDA
:1054000074F19BC1C1699BE48647BEEFC69DC10F85
:10541000CCA10C246F2CE92DAA84744ADCA9B05CC1
:10542000DA88F97652513E986DC631A8C82703B084
:10543000C77F59BFF30BE0C64791A7D55163CA0692
:1054400067292914850AB72738211B2EFC6D2C4D9E
:10545000130D385354730A65BB0A6A762EC9C2818C
:10546000852C7292A1E8BFA24B661AA8708B4BC222
:10547000A3516CC719E892D1240699D685350EF44C
:1054800070A06A1016C1A419086C371E4C77482703
:10549000B5BCB034B30C1C394AAAD84E4FCA9C5B79
:1054A000F36F2E68EE828F746F63A5781478C884CA
:1054B0000802C78CFAFFBE90EB6C50A4F7A3F9BEAC
:1054C000F27871C608200001FFFFFFFFFFFFFFFF1A
:1054D000FFFFFFFF000000000000000000000000D0
:1054E00001000000FFFFFFFF512563FCC2CAB9F3B2
:1054F000849E17A7ADFAE6BCFFFFFFFFFFFFFFFF8B
:1055000000000000FFFFFFFF96C298D84539A1F4C4
:10551000A033EB2D817D0377F240A463E5E6BCF870
:1055200047422CE1F2D1176BF551BF376840B6CB3B
:10553000CE5E316B5733CE2B169E0F7C4AEBE78E37
:105540009B7F1AFEE242E34F4B60D2273E3CCE3BAC
:10555000F6B053CCB0061D65BC86987655BDEBB34E
:10556000E7933AAAD835C65A454800009F4900003B
:105570006D07000001000200100011001200200061
:1055800021002200230024003000310032003300CB
:10559000FFFF10002DE15D29410B8D77679C110FF6
:1055A0001F8A286E696C290072302F61313A2020E1
:1055B000307825303878202072312F61323A20201F
:1055C000307825303878202072322F61333A20200D
:1055D0003078253038780A0072332F61343A202031
:1055E000307825303878207231322F69703A202097
:1055F000307825303878207231342F6C723A202080
:105600003078253038780A0020787073723A20207C
:105610003078253038780A004661756C74696E6799
:1056200020696E737472756374696F6E206164644F
:105630007265737320287231352F7063293A2030D8
:1056400078253038780A00556E68616E646C656440
:10565000204952516E3A2025640A002A2A2A2A2A11
:10566000204D5055204641554C54202A2A2A2A2A9A
:105670000A002020537461636B696E672065727243
:105680006F722028636F6E74657874206172656133
:10569000206D69676874206265206E6F7420766182
:1056A0006C6964290A002020556E737461636B690C
:1056B0006E67206572726F720A0020204461746107
:1056C000204163636573732056696F6C6174696F01
:1056D0006E0A0020204D4D4641522041646472659F
:1056E00073733A20307825780A002020496E73744D
:1056F00072756374696F6E204163636573732056BE
:10570000696F6C6174696F6E0A002020466C6F616E
:1057100074696E672D706F696E74206C617A792080
:1057200073746174652070726573657276617469F3
:105730006F6E206572726F720A002A2A2A2A2A2046
:10574000425553204641554C54202A2A2A2A2A0AD7
:10575000002020537461636B696E67206572726FFD
:10576000720A002020507265636973652064617459
:105770006120627573206572726F720A0020204288
:1057800046415220416464726573733A2030782533
:10579000780A002020496D70726563697365206422
:1057A00061746120627573206572726F720A0020E5
:1057B00020496E737472756374696F6E20627573BD
:1057C000206572726F720A002A2A2A2A2A205553EB
:1057D000414745204641554C54202A2A2A2A2A0A64
:1057E0000020204469766973696F6E206279207A9F
:1057F00065726F0A002020556E616C69676E656482
:10580000206D656D6F7279206163636573730A0043
:105810002020537461636B206F766572666C6F77BE
:105820002028636F6E746578742061726561206EE4
:105830006F742076616C6964290A0020204E6F2005
:10584000636F70726F636573736F7220696E7374C8
:1058500072756374696F6E730A002020496C6C6501
:1058600067616C206C6F6164206F66204558435FF0
:1058700052455455524E20696E746F2050430A00B1
:105880002020496C6C6567616C20757365206F66BC
:105890002074686520455053520A002020417474DA
:1058A000656D707420746F2065786563757465200C
:1058B000756E646566696E656420696E7374727571
:1058C0006374696F6E0A0052657365727665642051
:1058D000457863657074696F6E2028005370757227
:1058E000696F757320696E746572727570742028A3
:1058F0004952512000535053454C20696E20746822
:1059000072656164206D6F646520646F6573206EDD
:105910006F7420696E646963617465205053500A26
:10592000002A2A2A2A2A2048415244204641554C1E
:1059300054202A2A2A2A2A0A002020427573206627
:1059400061756C74206F6E20766563746F7220745D
:1059500061626C6520726561640A002020446562A2
:105960007567206576656E740A0020204661756C47
:105970007420657363616C6174696F6E2028736550
:10598000652062656C6F77290A00415243485F4584
:105990005843455054207769746820726561736F6D
:1059A0006E2025780A0A002A2A2A2A2A20446562BB
:1059B0007567206D6F6E69746F72206578636570AE
:1059C00074696F6E202A2A2A2A2A0A002A2A2A2A79
:1059D0002A20257320256429202A2A2A2A2A0A0017
:1059E0007272616D2D636F6E74726F6C6C65724054
:1059F000353030346230303000636C6F636B40316F
:105A00003065303030003059301306072A8648CED2
:105A10003D020106082A8648CE3D030107034200E5
:105A200004C7C03E66D831BC8ACB97CDA1E00EFF3B
:105A3000A83232AC9F9B3C81FE06BE656A9B7E7F8E
:105A40002634F174E6F08528A288A05821449850A5
:105A500050E2221647DE7A9182B7AAEB8EBB53AE94
:105A6000AD2A8648CE3D030107002A8648CE3D0276
:105A700001000401040304020401040104030104FD
:105A8000030401040000000000000000BD510000FC
:105A900000000000BD51000000000000BD510000EA
:105AA00000000000BD51000000000000BD510000DA
:105AB00000000000BD51000000000000BD510000CA
:105AC00000000000BD51000000000000BD510000BA
:105AD00000000000BD51000000000000BD510000AA
:105AE00000000000BD51000000000000BD5100009A
:105AF00000000000BD51000000000000BD5100008A
:105B000000000000BD51000000000000BD51000079
:105B100000000000BD51000000000000BD51000069
:105B200000000000BD51000000000000BD51000059
:105B300000000000BD51000000000000BD51000049
:105B400000000000BD51000000000000BD51000039
:105B500000000000BD51000000000000BD51000029
:105B600000000000BD51000000000000BD51000019
:105B700000000000BD51000000000000BD51000009
:105B800000000000BD51000000000000BD510000F9
:105B900000000000BD51000000000000BD510000E9
:105BA00000000000BD51000000000000BD510000D9
:105BB00000000000BD51000000000000BD510000C9
:105BC00000000000BD51000000000000BD510000B9
:105BD00000000000BD51000000000000BD510000A9
:105BE00000000000BD51000000000000BD51000099
:105BF00000000000BD51000000000000BD51000089
:105C000000000000BD51000000000000BD51000078
:105C100000000000BD51000000000000BD51000068
:105C200000000000BD51000000000000BD51000058
:105C300000000000BD51000000000000BD51000048
:105C400000000000BD51000000000000BD51000038
:105C500000000000BD51000000000000BD51000028
:105C600000000000BD51000000000000BD51000018
:105C700000000000BD51000000000000BD51000008
:105C800000000000BD51000000000000BD510000F8
:105C900000000000BD51000000000000BD510000E8
:105CA00000000000BD51000000000000BD510000D8
:105CB00000000000BD51000000000000BD510000C8
:105CC00000000000BD51000000000000BD510000B8
:105CD00000000000BD51000000000000BD510000A8
:105CE00000000000BD51000000000000BD51000098
:105CF00000000000BD51000000000000BD51000088
:105D000000000000BD51000000000000BD51000077
:105D100000000000BD51000000000000BD51000067
:105D200000000000BD51000000000000BD51000057
:105D300000000000BD51000000000000BD51000047
:105D400000000000BD51000000000000BD51000037
:105D500000000000BD51000000000000BD51000027
:105D600000000000BD51000000000000BD51000017
:105D700000000000BD51000000000000BD51000007
:105D800000000000BD51000000000000BD510000F7
:105D900000000000BD51000000000000BD510000E7
:105DA00000000000BD51000000000000BD510000D7
:105DB00000000000BD51000000000000BD510000C7
:105DC00000000000BD51000000000000BD510000B7
:105DD00000000000BD51000000000000BD510000A7
:105DE00000000000BD51000000000000BD51000097
:105DF00000000000BD51000000000000BD51000087
:105E000000000000BD51000000000000BD51000076
:105E100000000000BD51000000000000BD51000066
:105E200000000000BD51000000000000BD51000056
:105E300000000000BD51000000000000BD51000046
:105E400000000000BD51000000000000BD51000036
:105E500000000000BD51000000000000BD51000026
:105E600000000000BD51000000000000BD51000016
:105E700000000000BD51000000000000BD51000006
:105E800000000000BD51000000000000BD510000F6
:105E900000000000BD51000000000000BD510000E6
:105EA00000000000BD51000000000000BD510000D6
:105EB00000000000BD51000000000000BD510000C6
:105EC00000000000BD51000000000000BD510000B6
:105ED00000000000BD51000000000000BD510000A6
:105EE00000000000BD51000000000000BD51000096
:105EF00000000000BD51000000000000BD51000086
:105F000000000000BD51000000000000BD51000075
:105F100000000000BD51000000000000BD51000065
:105F200000000000BD51000000000000BD51000055
:105F300000000000BD51000000000000BD51000045
:105F400000000000BD51000000000000BD51000035
:105F500000000000BD51000000000000BD51000025
:105F600000000000BD51000000000000BD51000015
:105F700000000000BD51000000000000BD51000005
:105F800000000000BD51000000000000BD510000F5
:105F900000000000BD51000000000000BD510000E5
:105FA00000000000BD51000000000000BD510000D5
:105FB00000000000BD51000000000000BD510000C5
:105FC00000000000BD51000000000000BD510000B5
:105FD00000000000BD51000000000000BD510000A5
:105FE00000000000BD51000000000000BD51000095
:105FF00000000000BD51000000000000BD51000085
:1060000000000000BD51000000000000BD51000074
:1060100000000000BD51000000000000BD51000064
:1060200000000000BD51000000000000BD51000054
:1060300000000000BD51000000000000BD51000044
:1060400000000000BD51000000000000BD51000034
:1060500000000000BD51000000000000BD51000024
:1060600000000000BD51000000000000BD51000014
:1060700000000000BD51000000000000BD51000004
:1060800000000000BD51000000000000BD510000F4
:1060900000000000BD51000000000000BD510000E4
:1060A00000000000BD51000000000000BD510000D4
:1060B00000000000BD51000000000000BD510000C4
:1060C00000000000BD51000000000000BD510000B4
:1060D00000000000BD51000000000000BD510000A4
:1060E00000000000BD51000000000000BD51000094
:1060F00000000000BD51000000000000BD51000084
:1061000000000000BD51000000000000BD51000073
:1061100000000000BD51000000000000BD51000063
:1061200000000000BD51000000000000BD51000053
:1061300000000000BD51000000000000BD51000043
:1061400000000000BD51000000000000BD51000033
:1061500000000000BD51000000000000BD51000023
:1061600000000000BD51000000000000BD51000013
:1061700000000000BD51000000000000BD51000003
:1061800000000000BD51000000000000BD510000F3
:1061900000000000BD51000000000000BD510000E3
:1061A00000000000BD510000A93100005B4E00005E
:1061B00000000000BD51000000000000BD510000C3
:1061C00000000000BD51000000000000BD510000B3
:1061D00000000000BD51000000000000BD510000A3
:1061E00000000000BD51000000000000BD51000093
:1061F00000000000BD51000000000000BD51000083
:1062000000000000BD51000000000000BD51000072
:1062100000000000BD51000000000000BD51000062
:1062200000000000BD51000000000000BD51000052
:1062300000000000BD51000000000000BD51000042
:1062400000000000BD51000000000000BD51000032
:1062500000000000BD51000000000000BD51000022
:1062600000000000BD51000000000000BD51000012
:1062700000000000BD51000000000000BD51000002
:1062800000000000BD51000000000000BD510000F2
:1062900000000000BD51000000000000BD510000E2
:1062A00000000000BD51000000000000BD510000D2
:1062B0005D1800005B4E000000000000BD510000B2
:1062C00000000000BD51000000000000BD510000B2
:1062D00000000000BD51000000000000BD510000A2
:1062E00000000000BD51000000000000BD51000092
:1062F00000000000BD51000000000000BD51000082
:106300002DE9F041036883F30888002383F31488A0
:10631000BFF36F8FBFF36F8FDFF818C0064F4FF0DA
:106320000058D0F804E0A7EB0C0770460047BDE822
:10633000F08100BF000000204000002000000000AD
:1063400000000000670000000000000000000000E6
:10635000000000000000000000000000000000003D
:10636000000000000000000000000000000000002D
:10637000000000000000000000000000000000001D
:10638000000000000000000000000000000000000D
:1063900000000000000000000000000000000000FD
:1063A00000000000000000000000000000000000ED
:1063B00000000000000000000000000000000000DD
:1063C00000000000000000000000000000000000CD
:1063D000F916000000000000FF000000DC000020B3
:1063E000DC0000200090D0030000000015E015E064
:020000040001F9
:100000003DB8F3960000010000080000ECA20300D8
:100010000001000001001B000000000000000000C3
:1000200000000000000000000000000000000000D0
:1000300000000000000000000000000000000000C0
:1000400000000000000000000000000000000000B0
:1000500000000000000000000000000000000000A0
:100060000000000000000000000000000000000090
:100070000000000000000000000000000000000080
:100080000000000000000000000000000000000070
:100090000000000000000000000000000000000060
:1000A0000000000000000000000000000000000050
:1000B0000000000000000000000000000000000040
:1000C0000000000000000000000000000000000030
:1000D0000000000000000000000000000000000020
:1000E0000000000000000000000000000000000010
:1000F0000000000000000000000000000000000000
:1001000000000000000000000000000000000000EF
:1001100000000000000000000000000000000000DF
:1001200000000000000000000000000000000000CF
:1001300000000000000000000000000000000000BF
:1001400000000000000000000000000000000000AF
:10015000000000000000000000000000000000009F
:10016000000000000000000000000000000000008F
:10017000000000000000000000000000000000007F
:10018000000000000000000000000000000000006F
:10019000000000000000000000000000000000005F
:1001A000000000000000000000000000000000004F
:1001B000000000000000000000000000000000003F
:1001C000000000000000000000000000000000002F
:1001D000000000000000000000000000000000001F
:1001E000000000000000000000000000000000000F
:1001F00000000000000000000000000000000000FF
:1002000000000000000000000000000000000000EE
:1002100000000000000000000000000000000000DE
:1002200000000000000000000000000000000000CE
:1002300000000000000000000000000000000000BE
:1002400000000000000000000000000000000000AE
:10025000000000000000000000000000000000009E
:10026000000000000000000000000000000000008E
:10027000000000000000000000000000000000007E
:10028000000000000000000000000000000000006E
:10029000000000000000000000000000000000005E
:1002A000000000000000000000000000000000004E
:1002B000000000000000000000000000000000003E
:1002C000000000000000000000000000000000002E
:1002D000000000000000000000000000000000001E
:1002E000000000000000000000000000000000000E
:1002F00000000000000000000000000000000000FE
:1003000000000000000000000000000000000000ED
:1003100000000000000000000000000000000000DD
:1003200000000000000000000000000000000000CD
:1003300000000000000000000000000000000000BD
:1003400000000000000000000000000000000000AD
:10035000000000000000000000000000000000009D
:10036000000000000000000000000000000000008D
:10037000000000000000000000000000000000007D
:10038000000000000000000000000000000000006D
:10039000000000000000000000000000000000005D
:1003A000000000000000000000000000000000004D
:1003B000000000000000000000000000000000003D
:1003C000000000000000000000000000000000002D
:1003D000000000000000000000000000000000001D
:1003E000000000000000000000000000000000000D
:1003F00000000000000000000000000000000000FD
:1004000000000000000000000000000000000000EC
:1004100000000000000000000000000000000000DC
:1004200000000000000000000000000000000000CC
:1004300000000000000000000000000000000000BC
:1004400000000000000000000000000000000000AC
:10045000000000000000000000000000000000009C
:10046000000000000000000000000000000000008C
:10047000000000000000000000000000000000007C
:10048000000000000000000000000000000000006C
:10049000000000000000000000000000000000005C
:1004A000000000000000000000000000000000004C
:1004B000000000000000000000000000000000003C
:1004C000000000000000000000000000000000002C
:1004D000000000000000000000000000000000001C
:1004E000000000000000000000000000000000000C
:1004F00000000000000000000000000000000000FC
:1005000000000000000000000000000000000000EB
:1005100000000000000000000000000000000000DB
:1005200000000000000000000000000000000000CB
:1005300000000000000000000000000000000000BB
:1005400000000000000000000000000000000000AB
:10055000000000000000000000000000000000009B
:10056000000000000000000000000000000000008B
:10057000000000000000000000000000000000007B
:10058000000000000000000000000000000000006B
:10059000000000000000000000000000000000005B
:1005A000000000000000000000000000000000004B
:1005B000000000000000000000000000000000003B
:1005C000000000000000000000000000000000002B
:1005D000000000000000000000000000000000001B
:1005E000000000000000000000000000000000000B
:1005F00000000000000000000000000000000000FB
:1006000000000000000000000000000000000000EA
:1006100000000000000000000000000000000000DA
:1006200000000000000000000000000000000000CA
:1006300000000000000000000000000000000000BA
:1006400000000000000000000000000000000000AA
:10065000000000000000000000000000000000009A
:10066000000000000000000000000000000000008A
:10067000000000000000000000000000000000007A
:10068000000000000000000000000000000000006A
:10069000000000000000000000000000000000005A
:1006A000000000000000000000000000000000004A
:1006B000000000000000000000000000000000003A
:1006C000000000000000000000000000000000002A
:1006D000000000000000000000000000000000001A
:1006E000000000000000000000000000000000000A
:1006F00000000000000000000000000000000000FA
:1007000000000000000000000000000000000000E9
:1007100000000000000000000000000000000000D9
:1007200000000000000000000000000000000000C9
:1007300000000000000000000000000000000000B9
:1007400000000000000000000000000000000000A9
:100750000000000000000000000000000000000099
:100760000000000000000000000000000000000089
:100770000000000000000000000000000000000079
:100780000000000000000000000000000000000069
:100790000000000000000000000000000000000059
:1007A0000000000000000000000000000000000049
:1007B0000000000000000000000000000000000039
:1007C0000000000000000000000000000000000029
:1007D0000000000000000000000000000000000019
:1007E0000000000000000000000000000000000009
:1007F00000000000000000000000000000000000F9
:1008000010CA0020715B0200DDB003005D5B0200D6
:100810005D5B02005D5B02005D5B02005D5B0200F0
:10082000000000000000000000000000415C020029
:100830005D5B020000000000795E02005D5B02006B
:10084000395F0200395F0200395F0200395F020040
:10085000395F0200395F0200395F0200395F020030
:10086000395F0200395F0200395F0200395F020020
:10087000395F0200395F0200395F0200395F020010
:10088000395F0200395F0200395F0200395F020000
:10089000395F0200395F0200395F0200395F0200F0
:1008A000395F0200395F0200395F0200395F0200E0
:1008B000395F0200395F0200395F0200395F0200D0
:1008C000395F0200395F0200395F0200395F0200C0
:1008D000395F0200395F0200395F0200395F0200B0
:1008E000395F0200395F0200395F0200395F0200A0
:1008F000395F0200395F0200395F0200395F020090
:10090000395F0200395F0200395F0200395F02007F
:10091000395F0200395F0200395F0200395F02006F
:10092000395F0200395F0200395F0200395F02005F
:10093000395F0200395F0200395F0200395F02004F
:10094000395F0200395F0200395F0200395F02003F
:10095000395F0200395F0200395F0200395F02002F
:10096000395F0200395F0200395F0200395F02001F
:10097000395F0200395F0200395F0200395F02000F
:10098000395F0200395F0200395F0200395F0200FF
:10099000395F0200395F0200395F0200395F0200EF
:1009A000395F0200395F0200395F0200395F0200DF
:1009B000395F0200395F0200395F0200395F0200CF
:1009C000395F0200395F0200395F0200395F0200BF
:1009D000395F0200395F0200395F0200395F0200AF
:1009E000395F0200395F0200395F0200395F02009F
:1009F000395F0200395F0200395F0200395F02008F
:100A0000395F0200395F0200395F0200395F02007E
:100A1000395F0200395F0200395F0200395F02006E
:100A2000395F0200395F0200395F0200395F02005E
:100A3000395F0200395F0200395F0200395F02004E
:100A4000395F0200395F0200395F0200395F02003E
:100A5000395F020095080400395F0200395F020027
:100A6000395F0200395F02007F080400395F02002D
:100A7000395F0200395F0200395F0200395F02000E
:100A8000395F0200395F0200395F0200395F0200FE
:100A9000395F0200395F0200395F0200395F0200EE
:100AA000395F0200395F0200395F0200395F0200DE
:100AB000395F0200395F0200395F0200395F0200CE
:100AC000395F0200395F0200395F0200395F0200BE
:100AD000395F0200395F0200395F0200395F0200AE
:100AE000395F0200395F0200395F0200395F02009E
:100AF000395F0200395F0200395F0200395F02008E
:100B0000395F0200395F0200395F0200395F02007D
:100B1000395F0200395F0200395F0200395F02006D
:100B2000395F0200395F0200395F0200395F02005D
:100B3000395F0200395F0200395F0200395F02004D
:100B4000395F0200395F0200395F0200395F02003D
:100B5000395F0200395F0200395F0200395F02002D
:100B6000395F0200395F0200395F0200395F02001D
:100B7000395F0200395F0200395F0200395F02000D
:100B8000395F0200395F0200395F0200395F0200FD
:100B9000395F0200395F0200395F0200395F0200ED
:100BA000395F0200395F0200395F0200395F0200DD
:100BB000395F0200395F0200395F0200395F0200CD
:100BC000395F0200395F0200395F0200395F0200BD
:100BD000395F0200AB080400395F0200395F020090
:100BE000395F0200395F0200395F0200395F02009D
:100BF000395F0200395F0200395F0200395F02008D
:100C0000395F0200395F0200395F0200395F02007C
:100C1000395F0200395F0200395F0200395F02006C
:100C2000395F0200395F0200395F0200395F02005C
:100C3000395F0200395F0200395F0200395F02004C
:100C4000395F0200395F0200395F0200395F02003C
:100C5000395F0200395F0200395F0200395F02002C
:100C6000395F0200395F0200395F0200395F02001C
:100C7000395F0200395F0200395F0200FFFFFFFFAA
:100C8000064A074B02604FF44472DB7882800822E8
:100C9000C371002382710372704700BFE11A020022
:100CA000400E0020064A074B02604FF4B072DB7A18
:100CB00082800822C371FF2382710372704700BFD4
:100CC00011140200400E00202DE9F341C41D00283C
:100CD000064624F007040CBF0020204600F06AFC02
:100CE000071E04DA6FF00B0002B0BDE8F081374D4B
:100CF000E988A88803316B7A03302A7A89B280B2F6
:100D00000DF0E2FA0028EDDB3C44A978EB78002EE8
:100D100004F10304194424F0030400FB01F10CBFA7
:100D20000020204600F0CCFD20440EB90028D9DB7D
:100D3000EA7A0446B2B1EB7B697C13441944FF297B
:100D4000D0D80330002EAA89C9B220F003040CBF0A
:100D50000020204600F026FE0028C3DB04440EB924
:100D6000002CBFDB012000F01BFCB0B1A97BA1B1BE
:100D700095F82A3033B340234FF481720734002EA4
:100D800024F007040CBF0020204601F07FFE00285D
:100D9000A8DB04440EB9002CA4DBAB7AFBB1EB7AE0
:100DA000B3B10734002EA97A24F007040CBF002049
:100DB000204604F005FA002894DB04447EB9002C98
:100DC0000DDA8FE725232822D8E700BF400E002048
:100DD000012000F0E5FB10B1AB7B002BE1D1734BA0
:100DE0001B6893B1A97D81B10334002EEA7D24F004
:100DF00003040CBF0020204698470028FFF672AF7E
:100E0000044416B9002CFFF66DAF694B1B688BB11B
:100E1000297C79B10334002E24F003040CBF002098
:100E2000204698470028FFF65DAF044416B9002C11
:100E3000FFF658AF5F4B1F68B7B1697CA1B10334AF
:100E4000002E2B7D24F0030408BF0020009318BF60
:100E50002046EB7CAA7CB8470028FFF643AF044449
:100E600016B9002CFFF63EAF072000F099FB98B1B1
:100E7000A97D89B10334002E2A7E24F003040CBF1F
:100E80000020204600F07CFE0028FFF62BAF044433
:100E900016B9002CFFF626AFB6FA86F795F82300B0
:100EA0007F09A0B103346B7FA97E24F007041944A5
:100EB0003B4644F00404C9B2224600F0A1FE0028DB
:100EC000FFF610AF044416B9002CFFF60BAF95F8EF
:100ED000241000294CD004F10708002EEA8C28F0D9
:100EE00007080CBF002040460DF002FA041EFFF672
:100EF000F9AE4444002E3ED1002CFFF6F3AEA97F9C
:100F0000002945D095F82230002B41D02A8C073497
:100F1000002E02F1240224F007080CBF00204046F6
:100F200092B20DF0E5F90028FFF6DCAE404416B9A8
:100F30000028FFF6D7AE03302B7FA97E20F00700F4
:100F400019443B4640F0040495F82200C9B22246F9
:100F500000F048FE0028FFF6C5AE044486B9002C18
:100F6000FFF6C0AEEB6AF3B1C6B1EC620020BBE69F
:100F7000002EC4D08846E98C404609F061FDBEE7EA
:100F80002A8C4046A97F083292B209F05FFDE9E75A
:100F9000002EE7D0002211461046F6E728343FF530
:100FA000A1AE2046A0E6002EE0D1FAE79C1B00206F
:100FB000A01B0020A41B00201FB572B6194B1C6B90
:100FC000ECB9BFF34F8F1849184BCA6802F4E062BE
:100FD0001343CB60BFF34F8F00BFFDE7B2FBF6F2C8
:100FE0002B465D1C002AF9D1DBB203F110056D44DC
:100FF00005F80C2C0A2233B901A8A047E1E7024604
:1010000000230A26EDE7013BDBB203F110050DEBEF
:101010000506B0FBF2F502FB1500303006F80C0CAB
:101020002846E8E7400E002000ED00E00400FA0545
:1010300013B5124C68462389ADF80030E388ADF84B
:101040000430A388ADF8023002F046FA18B1FB2153
:101050009C20FFF7B1FF207D02F06EFA08B1FE215F
:10106000F6E7E07C02F062FA08B1FF21F0E794F8BD
:10107000290008F027F902B010BD00BF400E002083
:1010800070B50546002855D00BF0FAFD18B94FF0A1
:10109000FF34204670BD0AF0D9F9B0F5FA7FF6D8D2
:1010A000264C012625630025284684F834502570F7
:1010B00084F82A50E56209F065FC1A22294604F1F9
:1010C0000F0011F0F9FA1B2308210322A380284600
:1010D000E3800223A1721F216372E375F72322725A
:1010E0002384FB23A2734922E3840A23A181294696
:1010F000E27484F82930A670E670E672A67426764B
:1011000001F04AFD2A463146304601F017FD0446FB
:1011100020B140F2B6319C20FFF74EFF014601F0AE
:1011200029FDEFF3108572B600F090FD002DB0D1CF
:1011300062B6AEE76FF01504ABE700BF400E0020CB
:1011400038B51446002840F0EE80784D95F83430DC
:10115000032B00F0E58019B312B96FF0150038BD0C
:101160000139172900F2DF80DFE811F018002900AB
:101170002C0042006C0075009400480078007B0051
:101180008E004E005400620067009A009D00AC0083
:10119000AF00B200A300B500B900D2001378AB7065
:1011A0000020FFF791FD0028B7BF012302236FF055
:1011B0000B0085F83430A8BF85F83430CFE71378BA
:1011C000EB70EDE71379002BC7D05379002BC4D017
:1011D0001288FB2AC1D863881B3B9BB2E02BBCD88A
:1011E0001A2ABAD92368A2886B60514B9A80D7E734
:1011F0001378EA7B9342B0D3EB72D1E71378EA7AA3
:101200009342AAD8EB73CBE71378EA7A9342A4D837
:101210006B74C5E71378002B9FD05378013BDBB28A
:10122000F82B9AD8138892786B82424B9A70B7E762
:101230001078687508F004F8B2E71378002B8CD0AA
:101240002B76ADE7012000F0ABF9237808B1012B34
:1012500083D9AB73A4E71388AB81A1E71378AB758F
:101260009EE7072000F09CF918B92378012B7FF640
:1012700074AF072000F094F918B12378002B3FF4E5
:101280006CAF2378EB758BE71378082B3FF665AFCF
:101290002B7485E71388FF2B3FF65FAFAB727FE7B8
:1012A00013786B767CE713780E2B3FF656AFAB7650
:1012B00076E72368204AC5F81E30636853602389A7
:1012C00013816DE71378EB766AE713786B7767E73E
:1012D00013782B7764E7137885F8283060E701F0FE
:1012E00027FC98B1007900F001026178207801F0C4
:1012F00025FC00287FF433AF6378012B7FF650AFD5
:1013000009F046FB00287FF44BAF26E70246ECE7E6
:1013100013785A1E092A3FF620AF85F829303FE797
:101320004FF0FF301BE76FF02C0018E7400E002055
:10133000440E0020520E00205E0E0020F8B50D462F
:10134000064630B329B311F0070422D1124F97F8A3
:101350003430012B02D16FF00B00F8BD032B02D10A
:101360004FF0FF30F9E700F0A7FC0028F8D028463E
:10137000FFF7AAFC0028EEDB10F098FC3046F96A73
:1013800002F042F9FFF754FE0323204687F8343079
:10139000E3E76FF01500E0E7400E002010B5074CC2
:1013A00094F83430032B03D102F046F902F0FCFF2D
:1013B0000DF0CBF8002084F8340010BD400E002062
:1013C00008B502F0E5F803490320BDE8084000F045
:1013D000DFB800BFA50C010008B502F0F3F803491F
:1013E0000220BDE8084000F0D3B800BF810C010026
:1013F000074B4FF0FF3141F6FF72C3E90012054978
:101400000022C1E900221F21C3E90212704700BF78
:1014100060000020780E00203F280CD801380B4BCC
:10142000C0F3421200F01F0053F8223023FA00F0FC
:1014300000F001007047FF2806D04038044BC0F38D
:10144000421200F01F00EFE701207047600000200B
:10145000780E0020074B0146006849681A4603C20F
:1014600040F48C2200201A6041F0107242F4FF62B6
:101470005A607047600000200246034B00685168C4
:1014800003C30020704700BF780E00200246034BC4
:101490000068516803C30020704700BF6800002047
:1014A0000138064BC0F3421200F01F0003EB820329
:1014B0009B6823FA00F000F00100704760000020F4
:1014C0000A8870B595B2C67CC2F30E020488023653
:1014D00002F118033444C35AA4B233442344013BF9
:1014E000B3FBF4F303FB0422438892B29342044B10
:1014F0008BBF2B40AB4313439BB20B8070BD00BF2F
:101500000080FFFF4A1E062A08B50346084604D895
:101510004FF4D1711520FFF74FFD094A914202D9CE
:1015200040F2A311F6E711B903B1196008BD2BB160
:101530001B680022C3E901211A1D1A600430F5E777
:10154000FAFFFF7F10B5114B00EB41041A78638955
:10155000B3FBF2F303FB0223013A1A44B2F5706FB6
:101560000279807828BF00231A440B18B2FBF0F1EF
:1015700000FB11215B1AB3FBF0F100FB11331344A4
:101580006FEA43436FEA5343638110BD800E00202E
:10159000024B03EB80035960704700BF800E0020B0
:1015A000034B03EB80035868003818BF01207047D5
:1015B000800E00202DE9F04F10F0070A85B0054697
:1015C00004D040F26F111720FFF7F6FC534F04468A
:1015D0004FF0010B07F15406B146B04657F8043BF3
:1015E0008DF80BA03BB101A898479DF80A30082B55
:1015F00001D9F521E7E79DF80B1041BB05B131603A
:101600004F4506F10406E9D1002D6FD00022DFF826
:1016100010911427964689F8002058F827A0013F1A
:10162000BAF1000F55D09AF804609AF802C0FF2E64
:1016300060D039460023481C38D19C44BCF1FF0FD0
:101640003FD90AB189F800E04FF49A71BBE79DF8E1
:101650000AC04B1D60465A0004EB4303022838BF02
:101660000220441E40422344BDF808406444CCF1AB
:10167000000C0340013C04EA0C04B4F5803F02D3A3
:1016800040F205119FE775B19A1A3260917014808B
:1016900082F803B09DF80C00107101984FEA104CCD
:1016A0001081A2F806C004FB0134A9E758F8210014
:1016B00028B190F804B0B34504BF80781B180139F5
:1016C000B9E7DBB2E6458AF804303CBF5FFA8CFE2E
:1016D00001227B1CA1D10AB189F800E0142640F652
:1016E000FF6A58F82670B7B9013EFAD2601B05B000
:1016F000BDE8F08F0023E5E707EB410309F101099D
:101700003846A3F80AA0FFF71DFF5FFA89F1BB78FE
:101710008B42F1D8E8E74FF00009F6E7840E00208D
:10172000800E002038B54FF6FF7302460380184B39
:1017300003EB8103986DA8B184780379B3FBF4F1CE
:1017400004FB1133DBB2194600EB4105B5F90A5031
:10175000002D0EDB0131B1FBF4F504FB1511C9B20C
:101760008B42F1D1002038BD6381BDE838400CF0D8
:1017700087BD00EB41046389C3F30E031380C27875
:10178000002AF1D14FF4E5711720FFF715FC00BFD7
:10179000800E00201C4B03EB810370B59C6D054649
:1017A00044B3030404D54FF4EC711720FFF704FC95
:1017B000014620460CF047FDFF28014604D0204694
:1017C000BDE870400CF05CBDA078B5FBF0F300FB09
:1017D0001353DBB219460A1D04EB4206B6F9026048
:1017E000002E09DB0131B1FBF0F200FB1211C9B28E
:1017F0008B42F0D1002070BD8B4201D00023E370FA
:1018000004EB42025580DAE7800E0020094B03EB1F
:101810008103014610B59C6D20460CF014FDFF2895
:10182000014604D02046BDE810400CF029BD002040
:1018300010BD00BF800E0020F8B5104B074603EB2B
:10184000810301469C6D20460CF0FDFCFF280546F7
:1018500011D0E288238953EA024606D00146204689
:101860000CF00EFD01463846B04720462946FFF7EA
:1018700069FE0020F8BD0520FCE700BF800E0020B7
:1018800038B50E4B0446827903EB8203986D08B994
:10189000052038BD8278E1799142F9D24B1CE37181
:1018A00000EB41035D89B3F90A30002BF3DBA5801F
:1018B0000CF0E6FC20600020EBE700BF800E00206B
:1018C00070B5044610F003000E4603D04E211820D8
:1018D000FFF772FBFFF716FE054624B103483146B9
:1018E0000460FFF70FFE284670BD00BF2C0F0020DC
:1018F0002DE9F14FDFF870B01E4607460D46DBF8C4
:10190000003090469DF828A09DF82C901BB96021CE
:101910001820FFF751FB5246092140460CF017FBF7
:101920004A4684B2092130460CF011FB81B2DBF843
:10193000000021440CF05BFC386018B9286001B04D
:10194000BDE8F08F04445346414609222C603868B4
:101950000CF0C0FA4B4609223146286801B0BDE8B8
:10196000F04F0CF0B7BA00BF2C0F002070B50E4638
:1019700004460CF0FFFA054630460CF0FBFA044B27
:101980002A1821461868BDE870400CF055BC00BF0D
:101990002C0F0020024B186808B10CF01CBC7047DB
:1019A0002C0F00201F2AF8B5044613460ED89200CB
:1019B000033222F00303B3F5803F2DD2184DACB1B2
:1019C000A00710D068210920FFF7F6FAFF2B4FEA95
:1019D000420204D9FF339A42A8BF1A46E8E77C2A9C
:1019E000B8BF7C22E4E729706C602B8122F00302EF
:1019F00028230127120403FB01F06B680025120C59
:101A0000EEB2B14200D8F8BD14B126181F705E6066
:101A1000104401352833F3E74FF0FF30F3E700BF00
:101A2000300F0020154A002170B553681578C8B2F0
:101A3000854203D8BA210920FFF7BEFA1C46184692
:101A4000013114F8286B0EB92346F0E70021997094
:101A500001241289996103F126055C709208D9610D
:101A600003F11E04596824F8022FA54243F8041F0D
:101A70001144F8D100234361037070BD300F002082
:101A80000A4B1B89B3F5FF7F4FEA930006D25A0831
:101A90009B1A9BB2984238BF18467047B3F5EE6F59
:101AA00001D8FF22F4E740F27263F3E7300F002021
:101AB0004B782DE9F04106460C4602F0040702F08F
:101AC000FB05E3B1A5BBFF23A3707B0804EB57071D
:101AD0003A7D032A02D1022D18BF0133E2180121F9
:101AE000117503F10C01002204EB830324F811208B
:101AF0005B68A27030463360B280BDE8F081002D93
:101B0000E1D1012301F11E028D6120464B7004F1E9
:101B1000260C1A4BCD611B8949689B0822F8023FAD
:101B2000944540F8041F1944F8D100236361CAE7C3
:101B3000D1F8048014220021A018617010F0BCFDBF
:101B40000E4B1B89B3F5FF7F0FD25A089B1A9BB22D
:101B500008EB0301C4F804802384A1606284C4F804
:101B60000C80A3842161E284ADE7B3F5EE6F4FF002
:101B7000FF02EBD940F27263EAE700BF300F0020AA
:101B80002DE9F84305460C46F720052191460CF057
:101B9000DEF9061E21DB1DB906FB04F0BDE8F88363
:101BA00015F0030703D098211920FFF705FADFF895
:101BB0003080C8F81050A8F81460BBB29C42EBD932
:101BC000B8F814504B46D8F810000522F72107FB4F
:101BD000050001370CF07EF9EFE74FF0FF30DDE74D
:101BE000440F002007B5CDE900230B460349024608
:101BF000081D0CF084FC03B05DF804FB5C0F0020B2
:101C000013B5064CCDE900230B46024604F108014A
:101C100004F10C000CF073FC02B010BD5C0F00204E
:101C200008B54B1E032B03D923219020FFF7C4F9DD
:101C30000028054A0CBF05230C2303EB8103053361
:101C400023F00103137008BD6C0F0020114B01221B
:101C50004FF0FF3000215A60C3F80803C3F80015A5
:101C6000C3F804255A6040F6FE72C3F8080340200A
:101C7000C3F8001503F570330749C3F80825C1F808
:101C80008800BFF34F8FBFF36F8FC1F88801C3F88F
:101C9000082570470060045000E100E00268002061
:101CA000014B1A60704700BF700F0020014B1B688A
:101CB000184700BF700F0020024B1868003818BF8B
:101CC00001207047700F00200A4606489C2302F846
:101CD000033BC368C1F803300369536043699360F1
:101CE000704700BF740F0020024B5A8C02435A8485
:101CF0005B6A1847740F0020014B00215B6A18478C
:101D0000740F002010B5154C08F0D2FA08F0FCFD55
:101D1000208DFFF7F1FF237E63B12246104904F1C5
:101D2000190052F80C3BE36063685360A36893604A
:101D30000EF0EAFA218DE06A03F0CAFAE36AB3F81A
:101D4000AA0003F0F3F9636B94F8301094F83100B3
:101D50009847002384F8383010BD00BF740F00206E
:101D6000C91C0100034B93F838300BB1FFF7CABF11
:101D7000704700BF740F00202DE9F041DFF880802C
:101D800005460E4608F12C000CF030FC044618B154
:101D900001242046BDE8F081D8F82C3093F8A870D3
:101DA0004FB1012D07D1B8F822301A0703D598F8A2
:101DB0003930002BECD1012EEAD8D8F83C30284637
:101DC00098470028E4D098F83030002BE0D167B96C
:101DD000012DDED1B8F82230002BD9D198F840304F
:101DE000002BD6D198F8414007E0002DD1D1B8F8AA
:101DF00022309B07EED598F8394084F00104C8E7FB
:101E0000740F002070B5204C0646636DE56A63646C
:101E10004FF4817394F85800A4F848302B7D95F85E
:101E2000211100EB83002EB9FF2803D195F8203152
:101E30008B4201D007F0E6FE2B7DFBB1E06D08F090
:101E400075F9E16D606C08F0E5FC66B995F8213133
:101E5000033B012BB5F8E4308CBF00202820184448
:101E600080B208F0B1F9B5F8E00007F08BFE002071
:101E700008F0E8F9022384F8383070BD606C08F08F
:101E800055F908F041FDE0E7740F002008B5094B53
:101E900093F83820022A04D040F257312720FFF768
:101EA0008BF8DA7A42F00102DA72BDE80840FFF7F7
:101EB00029BF00BF740F002010B590F86E1086B0D7
:101EC000D1B9C2880B4605910021CDE903110C4917
:101ED00091F85840029400F190040194C96A91F875
:101EE000A810003918BF0121009100F180010220E3
:101EF00008F0A0FB06B010BDD0E91E23E3E700BF49
:101F0000740F00202DE9F041274C06460F4694F847
:101F10003830012B5FFA83F804D040F60E112720E9
:101F2000FFF74AF8E56A2B7953B1002104202971A3
:101F3000FFF7DAFEE36A93F8A8300BB185F8058065
:101F400094F860308BB92B7A052B0ED117490220FB
:101F5000FFF7CAFEE36A93F8A83033B1E36E1B784B
:101F60009A1E5342534184F839301EB1BDE8F04106
:101F7000FFF7C8BE002FF9D031463046FFF7FCFE10
:101F80000028F3D12B7DE46A13B12846FFF794FFB4
:101F900094F821210120B4F8E2100FF0B6FE0020E1
:101FA000BDE8F041FFF72EBF740F0020E00F0020C6
:101FB0007FB590F86E10D1B9C2880B46059100210B
:101FC000CDE90311FB21029100F190010191094932
:101FD000C96A91F8A810B1FA81F14909009100F19C
:101FE0008001042008F026FB07B05DF804FBD0E96F
:101FF0001C23E3E7740F00201E4A10B5546E41788D
:102000002378C90003F0F30301F008010B43817842
:10201000890001F004010B43C178090103F0EC03CE
:1020200001F010010B43017801F003010B43237011
:10203000B2F8703063700223516EA2F868300479F0
:102040000B786001012C23F0200300F0200043EA0C
:1020500000030B700CD1D36A93F8BA2093F8BB300D
:10206000032A03F01F0308BF002243EA82138B7088
:1020700010BD00BF740F0020F7B5184C0646656F01
:102080000DB1E36C23B940F6C6012720FEF794FF9B
:10209000B4F8503001F003012F466B702B7823F019
:1020A00003030B4307F8033B3846B4F85020E16CB8
:1020B0000AF050FF0DF1020201A9A06F6564E76408
:1020C0000CF07FF801980CF06AF80122B4F8501077
:1020D0003060A06F0CF00EF803B0F0BD740F00205C
:1020E0002DE9F04FAE4C87B0D4F82C8098F8201131
:1020F00058B998F8142094F8583003EB8203FF2B5A
:1021000003D198F821318B4202D0FF2007F07AFDED
:10211000002304AA02A9A34804938DF8143084F87C
:10212000603001AB0CF057FA0746002845D0029A00
:10213000BDF8043022B940F213412720FEF73CFFDE
:102140006266A4F8703003B1D31CE366012384F8FF
:1021500060309DF8133004A8003B18BF012384F8B9
:10216000403098F81330002B00F02081B4F8703024
:10217000002B00F01B81FFF73FFFE06D07F0D6FF5B
:102180009DF81420E16D003A606E18BF012208F03E
:1021900057F918B9616EE06D08F0C6FAB8F8E200B8
:1021A00007F0F0FC012008F04DF8012384F8883096
:1021B00084F8383007B0BDE8F08FE66A8DF8030088
:1021C000337AADF80600062B00F2CD80DFE803F08D
:1021D00004CEA4A4CBBBBB0000230DF1060103A8D1
:1021E000A6F8443094F87F30A6F81031ADF80630E8
:1021F00001F048FC38B1039D2DB1012384F88030F3
:10220000052333729CE0E36A93F85530002B6BD1C1
:102210000DF103020DF10601D4F884000BF0D1FE9C
:102220000546002860D09DF80370FFB10146D4F840
:1022300084000BF0B0FF0BF0B2FFD0F800B0D0F884
:1022400004A081465BEA0A0348D1002389F80030E4
:1022500089F8013089F8023089F8033089F80430B0
:1022600089F8053089F8063089F80730BDF806305E
:10227000002B40D1012333720123002784F88030E2
:10228000BDF806306566A4F8703003B1EB1CE36658
:10229000727A357A8DF81120022DB27A8DF81220DB
:1022A00004D0053D012D8CBF012503258DF810506C
:1022B000002F5ED000209DF810308DF81300032B06
:1022C0006BD1E36E1B781B2B67D1012106F1BA009D
:1022D00007F0E0FC01238DF814303AE70FF05BFEC5
:1022E00083457AEB0101B0D2002301222E4DADF8D7
:1022F00006303272C6E79DF803301BB92B80AB70F5
:102300000323B8E72B7803F00303012BF8D0022353
:1023100033720023B375AFE7B6F810310DF1030245
:102320000DF10601D4F88400ADF806300BF049FE3B
:10233000054610B940F2C451FFE6012384F880300D
:10234000BDF806309EE70DF1060103A801F09AFBE7
:1023500008B1039D15B940F2D351EEE6012384F88C
:10236000803006234DE740F2DD51E6E60E4D0023B6
:1023700088E7032D02D11B78022B9BD0D4F8840070
:102380000BF077FE38B9032D94D001F097FB80F065
:102390000100C0B28FE701208DE700239BE700BF5B
:1023A000740F0020A00F0020F00F0020FFF724FE84
:1023B000606E07F0BBFE08F0A7FA9DF81410606E7F
:1023C000003918BF01210FF0ADFCE7E62DE9F04F11
:1023D000AA4C87B00027804694F83830E56A022B73
:1023E0005FFA83FB05F1A80A0191CDE9027704D0D9
:1023F00040F6AF112720FEF7DFFD616C03200B785C
:102400004A780144A4F84800E16403EA0001A4F812
:1024100050208DF81010C3F3C0018DF81110C3F3D4
:1024200080018DF81210C3F30011C3F340138DF82F
:1024300013108DF81430B8F1000F00F0238104A9B7
:1024400004F12C000CF0C9F8064630B9B4F850106D
:1024500051B3A06F0BF02EFE0746238D9DF812108E
:1024600043F40073676723856B7A0133DAB203F0B4
:10247000010399425CD12B7AF3B1032B6A7215D810
:10248000012B08BF4FF0010BB5F84430BBF1020F30
:10249000A5F8463016D102A9D4F884000BF0B3FD9C
:1024A000E8B940F2D671A5E70746D6E7053B012B10
:1024B00005D940F2B4719DE74FF0040BE4E74FF00B
:1024C000030BE1E7BBF1030F10D101F0E9FA10B9FA
:1024D0004FF4FC618EE700210820FFF705FCD5E9E9
:1024E0001C32013342F10002C5E91C320021E36ACB
:1024F000297293F8A8302BB16B791BB11020697148
:10250000FFF7F2FB238D4FF0000B43F400632385AC
:102510002B7DDBB1B4F85030C3B108F013FA0328B7
:10252000FBD0022806D1FFF7EDFB07B0BDE8F08F26
:10253000C346EDE750B9AB7A9DF8112003F00103D3
:102540009A4203D1012384F83130ECE7B4F850709B
:10255000E6B19DF81330591E4B424B4184F841308F
:10256000002F40F0B7800027B946019B002B00F0F8
:10257000B88007F09DFEB9F1000F00F01E819DF8B4
:10258000101003A8FFF778FD0127C9E0AB7A9DF88A
:10259000112003F001039A4223D19DF810307FB33C
:1025A0005A1E012A2CD8238D95F8149043F4805399
:1025B000238507F0FDFA032894F8893007D1B9F193
:1025C000000F0CBF1F221B22934228BF1346B4F8F2
:1025D00050209A4208D994F8303043F0100384F820
:1025E00030304FF000092FE0636F002BF9D094F8E2
:1025F0008A301BB12020FFF77FFBF2E79DF81030F7
:10260000AA7A032B02F10102AA7210D1238D0120B4
:102610001B4943F4805328712385FFF765FBD5E9F7
:102620001E32013342F10002C5E91E32D9E75A1EBB
:10263000012A1DD8002FD4D0C146D5E91E3201335E
:1026400042F10002C5E91E32626F9DF81310002AA4
:1026500045D1B4F85020B2FA82F25209012914BFD0
:10266000002202F001023746002684F841207CE770
:10267000002FB6D0002BB4D1D1E700BF740F0020DB
:10268000C00F00202B7D0BB108F076F994F88B3049
:10269000013384F88B30238D43F48063238595F8D0
:1026A0002131033B012B0DD807F082FA03280DD10D
:1026B000B4F850604FF000091B2ECB4694BF0026A3
:1026C0000126C1E701F0C2FF0028EDD10026B14686
:1026D000B346B9E7238D43F48053238543E70122B2
:1026E000BCE794F88B100120FFF746FB00287FF42D
:1026F00040AFEA7C12B12846FFF75AFC002095F85B
:102700002021B5F8E0100FF000FB0020FFF7E8FCF7
:10271000B9F1000F5AD09DF8101003A8FFF7ACFCD8
:10272000238D5A0606D44020FFF7E6FA238D43F0A6
:1027300040032385BBF1000F10D0EB884BB9E36A4F
:1027400093F8A8302BB1B4F80530B4F80720134340
:1027500004D0B4F809300133A4F80930B8F1000FFF
:102760003CD0B4F805300133A4F80530002384F8D8
:102770008B301D4802F0C8FC029830B10BF00FFD01
:1027800000220272514601F029FF039B33B100225F
:102790001A720C225146039801F0EEFE002F7FF4CE
:1027A000C2AE238D1B063FF5C0AE8020FFF7A4FA12
:1027B000238D43F080032385B7E6002E3FF4E4AE7B
:1027C0000A49A1F120000BF00AFFDDE6002EA7D098
:1027D0000649A1F120000BF002FFA1E7B4F8073091
:1027E0000133A4F80730C4E7A00F0020C00F002079
:1027F000064B10B593F8382002F0FF0422B91C767E
:1028000002F05EFD204610BD0C24FBE7740F002093
:10281000094B0A4A10B51A60FFF7EAFF20B14FF4DE
:10282000B1712720FEF7C8FB054C00F021FF606561
:1028300000F022FFE06510BDA81B00207C2A0100EB
:10284000740F0020F8B5794C054694F8386006F00E
:10285000FF0016B909B102B123B94FF42071272046
:10286000FEF7AAFB63639DF81830616284F88A3032
:10287000E26384F8300084F88B0084F8310084F837
:1028800088006084208584F8400084F8410084F842
:10289000800084F839006066E066A4F87000606427
:1028A000E064A4F85000E56207F016FA08F02CF88E
:1028B00095F9280107F074FAD5F8D460D5F8CC0062
:1028C00007F074FA304607F015FC95F8250007F07C
:1028D00077FAB5F8E030622B03D9B5F8E230622B15
:1028E00001D807F055F9E36A93F8A860002E40F08C
:1028F00085800EF015FA95F820214D4B4FF47A7132
:1029000053F8223003F5FA73B3FBF1F3523319187D
:10291000304607F063FA474B186807F0F1FBD5F82B
:10292000C030C4F88430D5F8C430A367AB7B243BF7
:10293000072B6BD9EB7B243B072B67D9B5F8F2301B
:10294000B5F8F80095F82011984228BF18460429D8
:1029500008BF03210DF0A6F8034695F8F40098424D
:1029600028BF184695F8F03080B2984200D3C3B221
:1029700095F8211105F1E80084F87F300DF042FD53
:1029800095F821112F7D0329B5F8FC6008BF0421BB
:102990000DF088F80FB9043080B2864228BF064691
:1029A000F6B284F8896001F051FE28B101F054FEBE
:1029B000864238BF0646F6B284F858600BF012FE25
:1029C000E36A93F8A8301BBBEB7C13B12846FFF7F2
:1029D000EFFA0120FFF784FB002323606360A3600C
:1029E000EB886380B5F8AA30238095F825302371F1
:1029F000D5F824310BB101221A60F8BD0EF090F920
:102A000095F8212100F17101012082E71B23AFE736
:102A10002B7D13B12846FFF74FFA0120FFF7F2F99B
:102A2000E36AD3F8F00107F09DFBD5E7740F0020AF
:102A300098550400A81B0020014B93F888007047AC
:102A4000740F0020054A138D92F8800003F4805122
:102A500010B113F4C06F00D1080B7047740F002041
:102A6000024B93F82900C0F3C0007047740F002098
:102A7000014B93F88B007047740F00208D1E0100EE
:102A8000CD230100051F0100651D0100343270B522
:102A9000054692B20C461E460BF02AFC25B1034AAD
:102AA000556014745674147070BD00BF1810002067
:102AB0000138C0B2032808B504D94FF43F7106208D
:102AC000FEF77AFA014B185C08BD00BFCC52040037
:102AD0000138C0B2032808B504D94FF43F7106206D
:102AE000FEF76AFA014B185C08BD00BFE95204000A
:102AF0000138C0B2032808B504D94FF43F7106204D
:102B0000FEF75AFA014B185C08BD00BF4C53040095
:102B10000138C0B2032808B504D94FF43F7106202C
:102B2000FEF74AFA014B185C08BD00BF455404008B
:102B3000014B1868704700BFE410002008B5034639
:102B400010465A1E032A10D84A1E032A0DD8084AD6
:102B5000012951700CBF00210A21107193709172EC
:102B60001946FFF75DF8002008BD6FF01500FBE780
:102B700006010020074A537A40B143F004030029BC
:102B800053720CBF002307235371704703F0FB03FC
:102B9000F5E700BF0601002040EA4100014BD87074
:102BA000704700BF06010020304BF0B5B0F86C70E4
:102BB0000C461146DA88B0F86A6085B097421D89E4
:102BC00028BF1746964228BF16461B2E2ED0B5F5B5
:102BD000A47F2DD040F6480301AA9D4228BF1D4680
:102BE0000BF00EFDBDF80A30BB4228BF3B46E38028
:102BF000BDF80C30AB4228BF2B462381BDF8063010
:102C0000B34228BF33466380BDF80830AB4228BFCB
:102C10002B46A380FF232370E3881B3B9BB2E02B52
:102C200008D940F202513920FEF7C6F91B2FCED148
:102C300005B0F0BD63881B3B9BB2E02B02D940F28C
:102C40000451F0E7238940F64812A3F5A4739BB220
:102C5000934202D940F20651E5E7A388A3F5A47395
:102C60009BB29342E4D94FF4A161DCE7F01000205D
:102C7000F7B5002304460E461746CDE900336846F3
:102C8000FEF7FEFD08B100201AE0009DA542F6D037
:102C9000304605F1AD030BF0ADFC394695F8AC209C
:102CA0000CF062FE0028EAD005F1B40395F8B320D9
:102CB00004F1B40194F8B3000CF056FE0028DED005
:102CC00003B0F0BD054A516A02F11D03127F11F8ED
:102CD000030BC0F380100CF047BE00BF601600204D
:102CE00010B503210020FEF791FD044670B90321C1
:102CF000FEF750FD044620B940F21E313920FEF7A0
:102D00005BF9034B93F970100EF046FB204610BDA3
:102D1000F0100020014B5888704700BFF0100020D1
:102D2000044BD87BC0F3400080F0010000F00100AC
:102D3000704700BFF010002038B50CF014FE0025DD
:102D400001F05AF8214C00F0F7FC0DF0B5FA02F052
:102D500049FA01F051FA06F0ADFA012000F090FCBA
:102D60001B4B1C4A29461D604FF01B13A4F86850EA
:102D7000A58184F83650E573C4E900234FF4A473A9
:102D80001022A3604FF479432361134B58681B89C9
:102D9000A06304F14000A3870FF08EFC012342F2F0
:102DA000107204F15E0084F840306375C4E91122AA
:102DB0000EF047FF04F150000EF069FF00220023DF
:102DC00084F88050C4E91E2338BD00BFF0100020F5
:102DD000AC1B002003021B00E9520400064B41F625
:102DE0004C521B211A629973C3E9062241F28832C0
:102DF0005A62FFF7A1BF00BFF0100020F0B53D4DB3
:102E000085B000F1A8070446AB69C0F8E8302B7C18
:102E1000003B18BF012380F82931374BC0F8C83078
:102E200038460EF089F8064600F06EFC8306A97B52
:102E300053BF1B236B88AA881A46A4F812312F4B64
:102E4000A4F814211B6884F8F010A4F8F26023B1F0
:102E500094F92811B4F8AA00984703A803940BF03A
:102E6000C7FB274B1B681BB12649B4F8AA0098473B
:102E7000254938460CF0E7FB0123A4F8DE30234B4C
:102E80001B681BB10021B4F8AA009847204B1B68AF
:102E90001BB10021B4F8AA0098471E4B1B6813B160
:102EA000B4F8AA0098471C4B1B6813B1B4F8AA00E9
:102EB0009847AB8804F1C0006A886978033303320D
:102EC00001919BB2297892B2009104F1C401FEF7FE
:102ED0000FFDD4F8C03023B940F2DB413920FEF7B2
:102EE0006BF8D4F8C43013B940F2DC41F6E705B012
:102EF000F0BD00BFF010002000093D00BC1B002009
:102F0000B41B002018110020FA100020CC1B002058
:102F1000C01B0020C41B0020C81B00202DE9F3416A
:102F200004460E460EF079FA002800F096802046FE
:102F30000EF0EDFB40B1B6F80130013B7F2B03D919
:102F4000122002B0BDE8F08120460EF0E4FB08B983
:102F50000C20F6E720460EF0C3F80028F8D12046F2
:102F60000EF004FA80460028F2D1204604F068FCF6
:102F70000028E5D042F21073B6F80170F1782046CF
:102F80005F430EF0AFFB04213078FEF73FFC0546AF
:102F900006213078FEF73AFC2DB140B141F6782198
:102FA0003920FEF709F818B3054690F8E5802C4E55
:102FB0003368EBB1403528460DF09BFEC0B1284682
:102FC0000DF088FEA0B9B8F1000F07D0254B2846B8
:102FD0001B68984760B141F68C21E1E722494246DF
:102FE00033682846096A984710B141F69121D7E71E
:102FF00020460EF084FB014638B93A46204602F0DE
:103000001FFE40B341F69A21CAE702210DF10600E6
:10301000FEF788FB054608B90D2092E7BDF80610BB
:103020000CF0D7FD294620460EF09CFB2846FFF702
:10303000E5FE3A462946204602F002FE024610B15D
:1030400041F6B621ACE7084BDB6E23B105F597716D
:1030500005F1A8009847002073E7422071E700BF00
:10306000B01B0020B81B0020F0100020024B1B6892
:1030700003B118470C207047AC1B0020034B5A8843
:1030800002801B7883700020704700BFF010002082
:1030900073B5837806461A2B08D8042B04D9334A13
:1030A00022FA03F3DB0705D412251AE0292B01D0FD
:1030B0003B2BF9D13088B0F5706FF5D269460CF032
:1030C00057FD88B9009B93F82C2102F0FF05C2B987
:1030D000B27883F82D21FF2283F82C2168460BF06B
:1030E000B4FC284602B070BD09213088FEF78EFB83
:1030F0000446002837D001A9B0F8AC010CF038FD27
:1031000008B10C25EDE70821B4F8AE01FEF77EFB0F
:1031100020B940F639013920FDF74EFF03781BB97D
:1031200094F8C831032BECD1019B93F84221002A7B
:10313000E7D194F8F02102F0FF05002AE1D1B4F8BC
:10314000B021A3F8442194F8B82183F84621027DE8
:1031500083F84721B27883F8482184F8F021FF22D0
:1031600083F84221BDE70225BBE700BF20003804F9
:103170000188A1F11B039BB2E02B0CD8428844F2DA
:103180004810A2F5A4739BB2834204D8034B0020DD
:10319000D9801A8170471220704700BFF0100020BC
:1031A00038B50278447802F0010302F0020254EAD2
:1031B000030101D1112038BDBAB98578002DF9D0AD
:1031C000002B18BF002400E01D4620460BF0E0FA5B
:1031D0000028EFD028460BF0DBFA0028EAD0054B98
:1031E00000209C72DD729881E5E7002BECD0002472
:1031F0002546EAE7F010002013B5008801A90CF07D
:10320000D9FC044620B9019890F83E311BB13A240C
:10321000204602B010BD90F8603003F0FF04002B90
:10322000F5D190F857309B0706D1FF2380F83E3147
:1032300001A80BF00AFCEBE7024958300DF064F8E6
:10324000E6E700BF370C0200F7B5067804460F46E4
:10325000EF2E03D91226304603B0F0BD90F90120BD
:103260004378002AF6DB82789207F3D113F010003E
:103270001DD19D0603F0030216D5002AEAD11907D5
:10328000E8D42179E278E57942EA0122617942EADB
:103290000142A17941EA0521257A41EA05418A42A4
:1032A000D8D81F2A12D8D5E7032AE8D1D2E713F0DD
:1032B000600FCFD103F00702052A05D003F00F01FC
:1032C0000D22CA40D207C5D51D07DAD5627A013A68
:1032D000062ABFD8A27A032ABCD813F0040302D16D
:1032E000023A012A03D8E27A012AB3D813B9A37C9F
:1032F000032BAFD8237DF8B1012BABD1237E012B5B
:10330000A8D818B36378D90702D500F077F920B3AD
:103310006378227D03F01803082B2ED1022A1CD1DA
:1033200003213046FEF772FA054660B30DF0D8FE71
:10333000002834D00C268EE7022B8BD0A37D013BD6
:10334000022B87D8E37D0F2BD8D983E700F0E6F96D
:10335000820707D4237D022B01D111267BE7A37DB1
:10336000022BFAD000F0DAF94307CBD4237D032BEC
:10337000F3D0A37D032BC5D1EFE7022AD0D0237F62
:10338000002BCDD0E9E703213046FEF703FA0546CE
:10339000002843D0224B93F970100DF0FDFF00215F
:1033A00030460EF01AFC28BB28460EF0A5F921463F
:1033B0003870E07428460EF087F8E37E0646002B4E
:1033C0003FF449AF00287FF446AF0246E96C6846F7
:1033D000FEF76EFB3246E86C01210AF0DEFFE96C75
:1033E00068460422FEF764FB32463146E86C0AF078
:1033F000D4FF30E740300DF07CFC0028D4D0637857
:1034000013F0330F7FF426AFA67D2846296A0EF00D
:1034100095F9FFF75DFB8642C6D08BE707261AE7D2
:10342000F010002030B502798BB00346042A4FD843
:103430004088B0F5804F4BD8264900241144ADF8A0
:1034400000408DF808408A7C4D7B42F010028DF8D8
:10345000244042EA4502CD7D097F42EA850242EAE4
:10346000C102694602F01F028DF80020BDF800205D
:10347000ADF809201A888DF80E00000A8DF80B208F
:10348000120A8DF80D408DF80C208DF80F008DF884
:1034900010405A7BD3F807008DF811205A79059017
:1034A00002A88DF812209A798DF81320B3F80B201A
:1034B0009B7BADF818208DF81A307F238DF81B30D8
:1034C0004FF00113CDE90734FFF7BEFE0BB030BD5E
:1034D0001220FBE7E95204000278034672B14278F9
:1034E00062B142881A2A09D982881A2A06D9006844
:1034F000034A106000209B88938070471220704719
:10350000F010002002680020014B9A61704700BF54
:10351000F01000200378A3F10A02112A9BBF024A8F
:103520000020122093737047F0100020014B587454
:1035300000207047F0100020014B98740020704765
:10354000F0100020024B1B6803B118471120704790
:10355000D01B002008B5052000F09EF805F05EFEA7
:10356000014B024ADA6608BDF0100020A92B0100C9
:1035700008B50122054B1A7104F04CF904F0D8FF8C
:103580000CF047F8BDE8084000F01EBF74110020A1
:1035900010B50C20084C00F07FF8282000F07CF8D3
:1035A00004F1080005490BF0EBFF04F10C0004499D
:1035B000BDE810400BF0E4BF74110020D0000020E3
:1035C000D800002010B5094C094904F108000BF09F
:1035D000D7FF04F10C0007490BF0D2FF04F11000F3
:1035E0000549BDE810400BF0CBBF00BF74110020AF
:1035F000E0000020E8000020F0000020014B1879D6
:10360000704700BF7411002038B5074C0D4600F01C
:10361000B7FEA06825600BF0ABFFFFF7DFFB01F002
:1036200051F80123237538BD74110020014B187D1A
:10363000704700BF7411002010B50C4CE0680BF00F
:1036400097FF20690BF094FFFFF776FB202000F036
:1036500037F82F2000F034F8262000F031F8292028
:1036600000F02EF80023237510BD00BF7411002058
:103670000048704789110020004870478B120020D5
:10368000014B83F81902704774110020014B93F825
:103690001902704774110020C208074900F00700A2
:1036A00001238340885C03438B5404490B78934285
:1036B00038BF13460B707047780000208E1300202F
:1036C0000F4B012110B503EBD002C40800F0070036
:1036D00001FA00F0195D21EA0001195509490B783A
:1036E000A34205D1002012F8014914B100B10B70BA
:1036F00010BD002BFAD0013B0120DBB2F3E700BF85
:10370000780000208E130020014BD3E900017047A0
:10371000780000200048704780000020054B1868A2
:10372000C0F3C022C0F30020400040EA820040F015
:10373000010070477800002008B507F087FE0023DD
:10374000074A32F82310814205D302EB83029378B3
:10375000044A137008BD01330C2BF2D10023F7E7A4
:103760001C5304008F130020024B1878072828BF31
:10377000072070478F1300202DE9F04F046898460A
:103780000F4685B094F86730164604F1A80994F8FE
:103790000FA043EAD303D90702D4BAF1260F5FD1B1
:1037A00094F8A850002F55D1FFF7B8FF8DF80B0003
:1037B000002E51D1FFF7B2FF2B4B8DF80C00D3F840
:1037C00000B0BBF1000F0CD0AAF1260228464946F2
:1037D000534253410DF10B02009303ABD84705460A
:1037E00030B99DF80B3013B19DF80C0028B90925AC
:1037F000BAF1260F2AD10020034694F8292132B1CC
:103800009B0700F002002DD560B302200346FF2283
:1038100084F8392194F8382102F0FF05F2B99DF8B7
:10382000382003A984F83B01484684F8382184F8FD
:103830003A31A4F83C818DF80C708DF80D60ADF82C
:103840000E800BF000FF002384F83931284605B0C4
:10385000BDE8F08F3846A9E73046ADE73A25F2E7F4
:103860001A25F3E70925F1E7D41B002010B50468F9
:10387000B4F8AA3084F88411A4F8853194F82001B2
:10388000FFF736F984F8870194F82101FFF730F942
:10389000044984F8880104F27B10BDE810400CF064
:1038A00033BD00BF31F601002DE9FF4704688946AA
:1038B000054694F80EA0AAF1250359425941052A5C
:1038C00035D1E37B272B37D104F10F0799F801801D
:1038D00099F8026008F0070806F0070608F1FF33C0
:1038E000721E03EA0803324013431FD130460BF027
:1038F00042FF60B394F82031984228D094F83A21DE
:10390000164213D0BAF1250F21D094F8192116428E
:103910001DD10138013B474AC0B2DBB21044032B32
:1039200000790FD81A441379834210D9284604B07D
:10393000BDE8F0470BF0E7BEBAF1250F77D104F1EF
:103940000E07C3E74FF4DD710620FDF735FB404657
:103950000BF011FF40B194F82131834204D094F868
:103960003B3118EA030FE1D0B9F8039003AB2046CE
:103970003246009341464B460BF00AFF2C6878BB59
:1039800094F83831012B28D1E38804F5367294F885
:103990002011B4F83C010BF05CFF0646D0B901469B
:1039A0002846FFF763FF2B6883F838613E702B6869
:1039B00003F10F02974201D10022DA732B6803F161
:1039C0000F0297422FD128460CF074FE002004B05D
:1039D000BDE8F0872C23A373E9E784F83801E6E714
:1039E000E388A4F8D89209F1FF39A9EB030947F657
:1039F000FD731FFA89F9994506D92823284684F8CA
:103A0000313001F037F9D9E7E37B0D2B02D00A3BC7
:103A1000012B01D82A23F1E7BDF80C30A4F8DA32E3
:103A200029233B70CAE7002283F84E20CEE702200C
:103A3000CDE700BF4C530400034B002283F8502015
:103A4000A3F85220704700BF92130020044B93F854
:103A50005020012A1ABF036001200020704700BFD8
:103A600092130020064B024693F8501001291BBF09
:103A70000120A3F85220002083F85000704700BFB7
:103A800092130020054B024693F8500028B11360B2
:103A900011B1B3F852300B8001207047921300200F
:103AA000054B002293F85000A3F8522010B10120DA
:103AB00083F85020704700BF92130020034B93F807
:103AC0005000B0FA80F04009704700BF9213002008
:103AD00050B90A4A0120134603F8010B0868C2F8DE
:103AE00001008A889A807047012805D1034B0A6833
:103AF000D8719A608A889A81704700BFE6130020C7
:103B000050B90B4B187888B1D3F80120B3F80530C1
:103B10000A6001208B807047012806D1044BD879B8
:103B200020B19A689B890A60F3E70020704700BFC4
:103B3000E613002010B9044B18787047012806BF1F
:103B4000014BD87900207047E6130020F7B58A882A
:103B500000238DF80600ADF8042008680B4A8DF8A4
:103B600007300146147802F5A872019DD8B284424C
:103B700001D8082007E052F8087F01335668AE42AA
:103B800008BF8F42F2D103B0F0BD00BFF813002090
:103B9000084B0146002230B51C7903F20713D0B25E
:103BA000844201D8082004E013F8015F01328D42FD
:103BB000F5D130BDF81300202DE9F8432B4C074612
:103BC000257904EB000E013D9EF80861EDB28542B7
:103BD00025712BD04FEA05184FEA001C08F10803A5
:103BE0000CF108090CF1880C2344A144A4440FCB28
:103BF00089E80F0008F1880323440FCB8CE80F00FD
:103C0000631993F808218EF808210622554357437B
:103C100005F5887507F5887760596219E119E05153
:103C200092888A8093F840318EF840313046FFF711
:103C3000AFFF082818D12378013BDBB29E422370E6
:103C400012D02B3306F12B0204EBC30304EBC202A8
:103C500093E8030082E803002078FFF799FF082823
:103C60001CBF241884F80861BDE8F883F81300200D
:103C7000F0B5254D89B095F8984105F2991168463F
:103C8000224609F067F9214668460BF08BFE044690
:103C9000B8B300EB400102A8C9B2FEF707F8631EF3
:103CA00095F8A1610124DBB295F8981105E0721C2A
:103CB000B2FBF1F001FB1022D6B206F120020DEBAF
:103CC000020010F8202C002AF1D103EB430100F888
:103CD000204C06EB460220312A44694411F8187C36
:103CE00082F8A27111F8177C11F8161C82F8A371E2
:103CF00082F8A411013BAA19DBB282F89941FF2B8B
:103D0000D2D109B0F0BD00BFF813002070B506464F
:103D100088B00C46002A4ED0294A92F8A131D0181A
:103D200090F8991119B9FF212820FDF745F903EB07
:103D300043010133114491F8A251E57091F8A35168
:103D400091F8A41125716171002180F8991192F800
:103D50009811B3FBF1F001FB103382F8A13192F816
:103D6000C23123B9174902F5DD700CF0CAFA657942
:103D70000D220021684605F03F0545F040056571BC
:103D80000EF09AFCE37804AA69468DF80F303046AD
:103D900023798DF80D508DF80E3004230EF0DFFBE3
:103DA0009DF81F3023709DF81E3063709DF81D3004
:103DB000A37008B070BD03216018FDF777FFD6E748
:103DC000F8130020713C0100044B1A79824286BF2F
:103DD0001B1893F850010020704700BFF813002013
:103DE000044B1A79824286BF1B1893F848010020C1
:103DF000704700BFF8130020074B00224FF4617199
:103E00001A701A7183F8C32183F8C421A3F8C6116C
:103E100083F8C221704700BFF8130020014B83F8DC
:103E2000C4017047F81300202DE9F0478246894607
:103E300017469846FFF78AFE08280546064603D02F
:103E4000FFF7A6FE082860D1324C2379072B5ED8F5
:103E5000082D15D12678731C072E237003D96C21E9
:103E60002820FDF7A9F806F12B02D9F8000004EB91
:103E7000C20344F83200B9F8042083F806A09A80FF
:103E8000257907F110026B1C29012371CB1D2344F6
:103E900012F8010DBA4203F8010FF9D1873108F188
:103EA0001003214413F8012D984501F8012FF9D191
:103EB0002544102140460BF0BBFD102185F8480138
:103EC00038460BF0B5FD85F808612679002385F8A2
:103ED00050013146104885F840310BF063FD012850
:103EE000054607D831460D480BF05CFD002818BF89
:103EF0000135EDB284F898510025284684F8A15187
:103F0000FFF7B6FE2846BDE8F0871220FBE7072042
:103F1000F9E700BFF81300204015002048150020E5
:103F2000064B10B51879013840B2002800DA10BDF0
:103F3000C4B22046FFF740FE601EF5E7F8130020EC
:103F4000014B83F8C3017047F8130020014B93F82D
:103F5000C3017047F8130020431E4AF2B7129BB208
:103F600093429DBF024BA3F8C60101200020704779
:103F7000F8130020014BB3F8C6017047F813002076
:103F80000A4B30B51C7984420ED9184490F80801C8
:103F90002B3003EBC004A5790D7053F8300010608E
:103FA0000120A388938030BD0020FCE7F813002097
:103FB0000246074810B590F8C34124B1017921B1F8
:103FC000083005F09FF9204610BD0C46FBE700BF06
:103FD000F81300202DE9F74F2F4C9A46804689466A
:103FE0002379834256D9231893F8485185F0010567
:103FF000F9B193F85031E3B945F002070135BAF150
:10400000000F18D1FA070AD5062104EB0810524612
:1040100001FB0841883001F58871FFF777FEBB0787
:1040200034D504EB0810524649460830FFF76EFEBF
:104030002CE02F46E3E794F8A1614FF0010B002D2F
:10404000E0D0A31993F89911019399B90092DAB1CC
:1040500000F008FB019B06EB4601009A4FEA102C8A
:1040600083F899B1214481F8A201000C81F8A3C121
:1040700081F8A401013694F89831013DB6FBF3F1C3
:1040800003FB1166F6B2DAE747F00407384603B0DF
:10409000BDE8F08F0027F9E7F8130020074B1A79E5
:1040A000824209D91A1892F848212AB9062202FB3D
:1040B000003000F58870704700207047F81300202A
:1040C000064B1A79824281BF1B1893F84001B0FA5F
:1040D00080F0400998BF0020704700BFF81300200F
:1040E000F8B50E4607460621154630460BF0A0FCF3
:1040F000044670B10C4B0022187903F23F13D1B281
:10410000884202D801242046F8BD013203F8015F3D
:10411000F5E7314638460BF061FC0828F3D0024B36
:10412000034483F84051EDE7F8130020034B80F877
:1041300080101B680BB1408818477047D81B0020BF
:104140000B2808B504D940F229112920FCF734FFC7
:10415000014B33F8100008BD54530400036830B518
:104160000024D3F8C80042F21075A3F84040A3F829
:104170004640B3F848404443B4FBF1F4A3F8484048
:104180004C1E05FB0242B2FBF1F2A3F84220094AA1
:10419000B2FBF1F20132A3F84C209A8F05FB0244E6
:1041A0005A6B5043B4FBF1F4B0FBF1F09C635863DD
:1041B00030BD00BF005A6202054B1B7833B9054B76
:1041C0001A681B7902600371012070470020704754
:1041D000C015002088000020054BFF221A70054AF8
:1041E000016811600179117100221A70704700BFD7
:1041F000C01500208800002007B5064A1068127913
:10420000009068468DF80420FFF7E6FF03B05DF8E4
:1042100004FB00BFD99804000346084671B13F2B48
:104220000BD8074AD35C03F07F02914205D08CBFC4
:104230000120002000EAD31070470120704700BF22
:104240006C530400FF230B7002234B7083238B708D
:10425000014B1B78CB707047C41500202DE9F84F37
:10426000D0F804800C46D8F81C60304609F081FF75
:10427000054620B94FF4AA711020FCF79DFE0146B7
:10428000304609F084FFB5F800B082461FFA8BF77C
:1042900017B94FF4AC71EFE7224B00F103091B682B
:1042A000D3B998F8023098F803202370637802F0AD
:1042B0000F02A4F802B023F00F03134323F0C0034E
:1042C00063709AF8003003F00303012B0FD0022B28
:1042D0000DD04FF4BB71CFE73A464946B8F802001B
:1042E000984705460028DCD12846BDE8F88F62785B
:1042F000304663F30512627009F053FF054610B9AA
:104300004FF4C071B8E7FB2F02D940F28F11B3E729
:104310003A464946201D08F01DFE304609F098FE39
:10432000E2E700BFDC1B002038B5134C102200214F
:10433000201D0EF0C1F90125257404F10803102297
:10434000002104F11400C4E901330EF0B5F984F83A
:10435000205004F11803094AC4E9053300236362BD
:10436000A36284F82C30C4F82D30C4F8313084F8BE
:1043700035301360A36338BDC4150020DC1B00205A
:1043800010B5084C2378FF2B04D040F2991110206F
:10439000FCF712FE08F04AFD2070BDE81040FFF760
:1043A000C3BF00BF8D00002010B5034C207808F07B
:1043B00057FDFF23237010BD8D000020014B18789E
:1043C00008F05EBD8D000020014B024A1A60704764
:1043D000E41B00205D4201002DE9F341DFF89481E8
:1043E000054608F11407D8F80830D8F81840227AA2
:1043F000012A22D1D8F8382052B1137A1BB9BF2133
:104400001020FCF7D9FDD8F83840C4B9002093E05B
:104410001A7A012AFAD01C46534AEFF3108172B679
:1044200050680068506001B962B6A34208BFC8F87E
:104430003840237A1BB9EE21E2E73A46EDE7267AC7
:10444000F6B205232372731E0B2B7ED8DFE803F030
:104450007A062336773F4E3F3F3F3F6B636813B981
:104460004FF40371CCE72046294698470420EFF328
:10447000108272B6237A052BD9B24FF0000369D1AE
:104480002372D8F83810A14201D1C8F83830002A78
:1044900045D162B643E0636813B940F21521AFE736
:1044A0002946204698470346ADF80400C0B2C3F33E
:1044B0000723012B3ED0022BD9D129E0636813B921
:1044C00040F21D219CE7204698470020CFE7274B6C
:1044D0001B68002BF9D03246606829469847A6F140
:1044E0000A020420534253415B00E4E763680BB9BE
:1044F000FE2185E786222A7001225988AA706A71F6
:1045000000229869A5F80310AA7109F0A1FD042002
:10451000D8F83830A34202D10023C8F83830002838
:104520003FF461AF08E0124B294620461B689847CC
:10453000034668B9267298B102B0BDE8F0814FF425
:1045400015715DE740F257215AE740F25A2157E7CB
:104550000220DDE711B940F27B2151E7184696E7CA
:10456000002B7FF440AF51E7C8150020E01B00206E
:10457000E41B0020C4150020134610B5027A22B1B6
:1045800040F202311020FCF717FD0A4601460248AE
:10459000BDE810400BF092BEC8150020044890F80A
:1045A0002C301BB9034924300BF0A5BE704700BF67
:1045B000C4150020AD0202000346064890F83C20D6
:1045C0003AB190F8352022B9034900F82D3B0BF0A1
:1045D00092BE7047C4150020454201000A4610B53E
:1045E000037A23B140F20A311020FCF7E5FC0146C2
:1045F00007230248BDE810400BF060BED81500202C
:104600001346027A0AB1037270470A46014601480E
:104610000BF054BEC815002001490BF075BE00BF59
:104620000F0302000B8BA2F809001046A2F80B3012
:104630004B8BA2F80D308B8BA2F80F30CB8B02493D
:10464000A2F811300BF05ABE6D030200014B18782E
:10465000704700BF01160020014B1878704700BF5B
:104660008E000020094AD2E90003434083EAB011DA
:1046700081EA43214FEAF34311605360044B5843EE
:104680004FEAF06000EB8000704700BF0416002086
:10469000BB79379E094AD2E90003434083EAB0114F
:1046A00081EA43214FEAF34311605360044B5843BE
:1046B0004FEAF06000EB8000704700BF90000020E0
:1046C000BB79379E10B50A4C08210948FDF7EEFA70
:1046D000D4E900321343F7D0064CFFF7DBFF20602C
:1046E000FFF7D8FF236860601843F6D010BD00BF05
:1046F0009000002004160020174B184A9A60184AB0
:104700005A60184A1A60184A9A62184ADA62184AB5
:10471000DA60184A9A61184A1A63184A1A62184AE3
:10472000DA64184A9A64184A5A62184B184A9A600E
:10473000184A5A62184ADA62184A1A61184A5A61C3
:10474000184A9A61184A1A63184A9A64184ADA642D
:10475000184A9A63704700BFE81B00205D070200FB
:1047600083070200AF0802004D0A0200A90A0200F6
:104770009D4D0100BB0A020065500100BD4E0100C5
:104780008D0B0200B30B0200194F0100E81C002042
:1047900073070200530B0200D90A0200890A0200C3
:1047A000F90A02004D4E0100590C0200F70B0200FD
:1047B000E30B02003D0B0200044B054A5A65054B12
:1047C000054A1A65054A5A65704700BFE81B002074
:1047D000A90D0200E81C0020930D0200D30D020079
:1047E000054B064A9A65064A1A66064B064A9A65BA
:1047F000064ADA65704700BFE81B002005F9010092
:10480000A9380100E81C00205FF7010047F901000A
:10481000F7B5044601A80F46FFF718F920B94FF481
:10482000AA615120FCF7C8FB5022002101980DF02D
:1048300043FF019D3F2F2E4606F8037F43D83F2FAD
:1048400044D8DFE817F046004C006C0075008D007E
:10485000740174019A00B3009E0074017401A300F6
:10486000AF00B30043004300B70074017401CC00F3
:10487000CC00E300E300EA00430043007401EF00D2
:10488000FC00000104010B010D010F0111011B01CE
:10489000250154015601430043002D015E015C01D6
:1048A00046013C013E014001420148014C014A01E0
:1048B0005001740143004E01440152016001620144
:1048C000430058015A01FF2F00F0258140F2445166
:1048D000A7E7214630460CF057F8C0B9BBE0266880
:1048E000D6F838326B6096F83C322B72206890F81C
:1048F0009F3033B90BF01FFF2368DB881844A6F8FC
:104900003E02B6F83E3208206B721B0AAB72FFF70C
:10491000A9F8002840F00D8140F2575181E7236843
:1049200093F8A82052BB93F82D3102202B71EEE7AB
:1049300023681720D3F880226A60D3F88422AA6003
:10494000B3F88822AA81D3F86022C5F80E20D3F8E4
:104950006422C5F81220D3F89030C5F81630D6E797
:1049600022680D20D2F8FE316B60D2F80232AB60C3
:104970002368D3F89430EB60C9E7236893F8A0303C
:10498000D3E73146204600F033FBA6E7112306208B
:104990002B7159236B710023AB718023EB71302392
:1049A0002B72B4E7236893F89A30BEE7304600F0E4
:1049B0000DFB92E7236893F8A82052B993F8A02042
:1049C0003AB193F89D202A7193F89C3003206B71C3
:1049D0009DE793F89B202A7193F89A30F6E72368B5
:1049E0000920B3F80C212A71120A6A71B3F8A220C7
:1049F000AA71120AEA71B3F808212A72120A6A72BD
:104A0000B3F8A030AB721B0AEB7280E7236893F80F
:104A10003A212A7193F83B31D8E7214630460AF013
:104A200034FF5AE723681121B3F8AA00FCF7EEFE21
:104A300000F15B0130460BF08CFB232067E730462A
:104A40000DF0EDF849E730460DF0F2F845E73A4B46
:104A50001B68002B5BD140F24951E2E6374BF7E788
:104A6000374BF5E7374BF3E7374B1B68002BF2D09A
:104A70002320224631469847042048E7324B1B68E2
:104A8000002BE8D0224631462420984705203EE7F7
:104A90002D4B1B68002BDED0224631462520F4E743
:104AA00023681121B3F8AA00FCF7B0FE00F17D02E3
:104AB00000F15B0130460BF058FB2B2027E7234B1E
:104AC000C6E7234BC4E7234BC2E7234BC0E7234B86
:104AD000BEE7234BBCE7234BBAE7234BB8E7234B96
:104AE000B6E7234BB4E7234BB2E7234BB0E7234BA6
:104AF000AEE7234BACE7234BAAE7234BA8E7234BB6
:104B0000A6E7234BA4E7234BA2E7234BA0E72146CC
:104B100030469847E1E62368304693F8CF22D3F831
:104B2000D0120BF0E3FA236893F8CF02D5E6012008
:104B3000EDE603B0F0BD00BFE81D0020F01D002031
:104B4000EC1D0020F41D0020F81D0020FC1D00209D
:104B5000001E0020041E0020081E00201C1E002035
:104B6000241E00200C1E0020201E0020281E0020D5
:104B7000101E0020141E0020181E0020341E0020CD
:104B8000381E00203C1E0020401E00202C1E00204D
:104B9000301E0020441E0020481E00203F289ABFDF
:104BA000024B53F820000020704700BFE81B002094
:104BB0003F289ABF024B53F820000020704700BFE7
:104BC000E81C002030F8023CF7B504460E46B0F869
:104BD000825073B101226846ADF801508DF8002073
:104BE000ADF80330FEF742FA18B195216320FCF7C7
:104BF000E3F91C4B1B6813B1A4F1280098471A4B2A
:104C00001B680BB128469847184B1B680BB1284608
:104C1000984783230027A6F803503370B770637A50
:104C2000D4F89C00737109F01DFA08B9BA21DDE7C8
:104C300039462846FCF700FE02212846FCF7FCFD19
:104C400018B90B4B1B6803B198474FF40173002050
:104C500003F004021B0A62F3070063F30F2003B0A2
:104C6000F0BD00BF4C1E0020501E0020581E00202A
:104C7000541E0020F7B5056804464FF6FF77D5F8B7
:104C8000C0600DF102010DF101023046ADF8027075
:104C900009F097F901A9304609F0B5F948B1019832
:104CA00009F07DFA2168A83100220272FFF796FC14
:104CB000E7E7044905F1280003B0BDE8F0400BF038
:104CC0001DBB00BFC54B0100F0B5044685B00D46C5
:104CD000FF2600F8E96C10F8EA3CF3B1174F3B7877
:104CE0001BB162211F20FCF767F90C21381DFCF76E
:104CF000DDFF3E70002304F8E93C8A232A4602F8CF
:104D0000033BD4F80930C5F80330D4F80D305360B4
:104D1000D4F81130936005B0F0BD01A80C21FCF768
:104D2000C5FFA4F51773039A1A6001AB03CB44F8CF
:104D3000F20C44F8EE1C04F8EA6CDBE70C160020D9
:104D400010B5054C23782BB90C21201DFCF7AEFFC4
:104D5000FF23237010BD00BF0C160020024690F800
:104D60000632BBB990F8073203F0FF010BB1002007
:104D70007047094B18780028F9D01970D9680433A6
:104D8000C2F8941003CBC2F8FE01C2F80212FF234E
:104D900082F80632012070470C160020026870B5B8
:104DA000D37B04460D463BB1132B05D0113B0F2B93
:104DB0008CBF0120082070BDD2F8A430002B3BD15D
:104DC00092F8563013B920460BF062FCD5F80B3040
:104DD0002268C2F8F631D5F80F30C2F8FA312368EC
:104DE000D5F81320C3F89020B3F8AA20A3F8F9222D
:104DF000D5F80120C3F8FB22D5F80520C3F8FF221F
:104E00002368B5F809200025A3F80323236883F855
:104E1000BE5183F8065220680B4900F53C700BF038
:104E20006AFA2668204609F0DBFB162286F86E0037
:104E300028462368DA73BEE720460C220321BDE82A
:104E400070400BF04BBC00BFC94C0100036810B5AB
:104E5000DA7B0446202A04D040F29D211F20FCF773
:104E6000ABF8002193F85620B3F8AA0083F8551048
:104E700082B1C3F8C91183F85610A3F8CD11A3F875
:104E8000CA0103F5E0700B490BF035FA23680022E4
:104E9000DA7310BD0121A3F8B90183F8B82103F238
:104EA000AF1083F8BB1183F8BF210349A3F8BC21DD
:104EB000EAE700BF350A02001D0A020038B504689F
:104EC00094F8A8501DB9E37B23B101201AE02368B0
:104ED000DB07FAD4D1F801200D4BD1F805101340AF
:104EE0000C4AC4F86630C3F307630A4043F0080372
:104EF000C4F86A2084F869300BF0CAFB1DB904239A
:104F0000E373002038BD236843F001032360F8E712
:104F10002FC904F76FDB008038B503689A7B042A39
:104F200034D1D1F801204C1CD1F80550C3F86620CB
:104F3000C2F30762C3F86A5042F0080283F869209E
:104F4000002283F84E209A73026892F8A8200AB9CA
:104F500083F83F2193F84021B2B993F8912102F0F0
:104F6000FF008AB9B3F8AA2083F8920103F28910EE
:104F7000A3F89321D1F801200549C3F8952162686F
:104F8000C3F899210BF0B7F9002038BD0120FCE7E8
:104F9000130B0200036893F8402112B1094B1B6800
:104FA000184793F891215AB9B3F8AA2003F289104F
:104FB0000549A3F893211A2283F892210BF09BB99B
:104FC000704700BF5C1E0020130B020010B50446A2
:104FD000FEF79AFB044A054B024009200B40C4F837
:104FE0000120C4F8053010BD2FC904F76FDB008025
:104FF00037B50C460568FEF787FB0A4B0A4A0340A3
:105000000A4095F8661000930B4001928DF800302D
:105010006B4603CBC4F801000920C4F8051003B0A7
:1050200030BD00BF2FC904F76FDB008038B5DB044B
:10503000154604D5037D13B10023436338BD446B8B
:10504000013444630BF0E7FD836B9C42F6D30023ED
:10505000034943632846BDE838400BF055B900BF0B
:10506000810B020070B504680546A37B94F8A86024
:10507000012B07D01EB9E37B23B1012038E0236860
:105080009807FAD494F857309A0713D44A78D80777
:1050900084F861204A88A4F862208A88A4F86420F1
:1050A00043F0020284F857200FD5164904F1580046
:1050B0000BF02AF994F85730D90710D4CEB9E37B16
:1050C00043B153214020FBF777FF94F83E31002B8A
:1050D000EBD1EFE70123E37328460BF0D9FAA37B6A
:1050E0000020012B4FF0000304BFA37384F84E305F
:1050F00070BD23689A0701D55821E3E743F0020306
:105100002360E9E7370C020070B50568044604F037
:10511000AFF8054B0146E8721B681BB12046BDE89D
:105120007040184770BD00BF641E0020024B1B6812
:1051300003B11847704700BF601E0020F0B51F4D37
:1051400000242B7814709BB1013B6D68DBB21E1BF1
:10515000012E0FDC05EBC40655F8347076688E42DC
:1051600008BF874227D0B84271EB060612D21470EE
:105170000020F0BD1E197710C6F3470655F837C05A
:1051800005EBC70E8445DEF804708F412CBF334613
:105190003446DCE705EBC30455F8335064688C42B1
:1051A00008BF854206D0A84271EB040428BF013332
:1051B0001370DDE71C4601201470DAE72C1600207E
:1051C00010F0070208B503D063214820FBF7F4FE76
:1051D00018B1034B197258601A70C80008BD00BF9F
:1051E0002C160020014B00221A7070472C1600204C
:1051F0002DE9F7430BF058FD0DF1070206460D4669
:10520000FFF79CFF90B90F490B780A7A9A420ED0AB
:105210004A681C469DF8077002EBC300A74209D3F9
:1052200002EBC7020133C2E900650B70012003B035
:10523000BDE8F08350E90289013C60E80289E4B2EC
:10524000ECE700BF2C16002037B50BF02DFD0DF15B
:105250000702FFF773FF58B10A499DF807300A7833
:10526000013AD2B20A70496801EBC3019A4201D8EF
:1052700003B030BDD1E902450133E1E80245DBB2BC
:10528000F4E700BF2C160020024B1879003818BF35
:10529000012070473C160020FF23084A0B700D23A5
:1052A0004B7082238B701368C1F803305368C1F8C8
:1052B00007309368C1F80B30704700BF42160020DA
:1052C0001622002101480DF0F7B900BF4216002058
:1052D000F8B51C4D04466B7D9BB390F8A83023BBFA
:1052E000D0E978760BF01CFD94F82021164B523053
:1052F00053F822304FF47A7203F2E733B3FBF2F340
:10530000DB19B4F8AA2046F100061B182A8046F1E2
:1053100000066B60AE60E38805F10C0002220B49C9
:105320006B80BDE8F840FFF76BB94B0609D5B0F8C4
:10533000AA302B80D0F880326B60D0F88432AB601A
:10534000E9E7F8BD42160020985504009952010083
:10535000094B53F8203003F5224370B5B13316469C
:105360004FF47A720C46B3FBF2F5344405F058F86A
:105370002C44204470BD00BF845504002DE9F04F3B
:1053800098468BB0002304460F460392069390F88C
:1053900021B10AF04BF9054694F82B01FEF7D0FE37
:1053A00005440BF0BDFCE37B00F14806ADB2472B92
:1053B00047D00D2B45D094F80E90A9F14701D1F1BB
:1053C000000949EB0109039B002B40F08580637BBA
:1053D000032B40F08180B9F1000F6AD0B4F8D832C5
:1053E000BB4266D1D4F820322046B4F8F421C4F888
:1053F0001032D4F8C830C4F81432B4F892321344DE
:10540000C4F8183203F096FE94F829A1BAF1000FFF
:1054100009D0D4F8E02241F64B539A428CBF4FF0AA
:10542000000A4FF0010A94F8EC326BB9D4F8C820A6
:10543000D4F8E0329A4221D0B4F8AA000CF00EFC65
:105440001CE04FF00109BEE7B4F8AA000CF003FC21
:1054500020B940F241713020FBF7AEFDB4F8E832DC
:105460004FF0000AA4F8DE30B4F8EA328381B4F8D1
:10547000D832A0F80EA04381013B038294F82A3170
:10548000002B53D1BAF1000F53D1D4F8DC3284F899
:105490002AA1C4F8D830B4F8DA32A4F8DC30D4F851
:1054A000E032C4F8C830D4F8E432C4F8D030022373
:1054B0006373A17B29294BD0A1F12C0251425141A8
:1054C000E27B292A00D039B1B4F8D832FB1A1B0488
:1054D00002D4204602F0D2FFB4F890A204F518736B
:1054E000B4F806C0A7EB0A0A0293A7EB0C0C94F8D9
:1054F00021010FFA8AFA0FFA8CFCBAF1000FBBBF38
:10550000D4E99E23E2464346C4E9A223B8BF002360
:10551000627BBCBF84F833320123032A00F2B381DB
:10552000DFE812F0180028016E004C01BAF1000FFC
:1055300007D04FF04D13C4F8E0300023A4F8E43056
:10554000A3E74FF09613A4F8E4A0C4F8E0309CE77A
:105550000121B5E7014694F8ED010AF0C4FA82464C
:10556000D4F8D8002946504405F024FF2946C4F851
:105570001C02D4F8C80005F01DFF07A9C4F82002DA
:1055800008A804F0A5FE079B0093DDE90823D4E9F1
:10559000A2010CF05CFC054604F1A8000BF049FCEC
:1055A000D4F8943294F82101D4F8D8B0069304F0DA
:1055B0003FFF069B00F52240D4F81C124FF47A728C
:1055C000203BB1305B445B1A30319B1BB0FBF2F0E7
:1055D000534432465B1B1B1A94F821010693B4F81E
:1055E000DC3003EB4101FFF7B3FED4F89422069BB5
:1055F000C4F824029B1AB92B5CD840F2C6412AE7B2
:10560000D4F8D8302946D4F81402184405F0D2FE54
:105610002946C4F81C02D4F8C80005F0CBFEC4F833
:10562000200204F1A8000BF004FCD4F8D830D4F820
:1056300014521D44B4F8F431002B40F09780B8F1B7
:10564000000F00F0938094F8210104F0F1FED4F8EB
:105650001C12D4F8803200F522406D1A94F82121F2
:10566000B130203D1D44A54B53F822204FF47A73EE
:1056700002F2E732D4E99EABB2FBF3F2A5EB0A05E6
:10568000B0FBF3F01544AD1B2D1AD4F81032D4F84A
:10569000182294F8210102FB0311B4F8DC303246E1
:1056A0000695303103EB4101FFF752FE0123C4F8A8
:1056B00024026373D4F8C85004F1E800D4F820320F
:1056C000723D0699ED1AD4F82432AD1B9D4228BFD5
:1056D0001D46002384F86032C4F8F051D4E9A232A8
:1056E0005B1842F10002C4E99C320AF089FE0423EF
:1056F0002844A4F8907284F86932C4F86402D4E9AA
:105700009C23C4E9A22302F0DDFF20B1D4F8643267
:105710001E33C4F86432B4F8E031DB1B18B2002841
:10572000D4BF002301235B0084F86832B9F1000F75
:1057300040F0AC80B8F1000F40F0AB80637B002BF1
:1057400000F0C380D4F8C81004F51870D4F82032E3
:10575000C91A0AF079F980B2002800F0B680149BCB
:1057600003B1188001200BB0BDE8F08FD4F81C12F3
:105770006D1A8AE7D4F82022D4F8C830D4F8181269
:105780009B1AD4F810520AFB03F30693B4F8F431D1
:105790009C44D4F81C32ACEB010C30330CF1FF3CD0
:1057A00005FB0133B4F8DC1002FB0C33324601EB8D
:1057B0004301FFF7CDFDC4F824027BE7D4F8C820ED
:1057C00002FB0AF20692B8F1000F1CD0B4F8F411F3
:1057D000C9B984F83312D4F8201201FB1A2EB4F898
:1057E000F4A10291CDF818E06BB3BAF1000F2AD101
:1057F000D4E9A051D4E99E23AA4273EB010108D356
:1058000040F20D5127E694F8331200297FF452AF8D
:10581000E1E73A4B203D53F82B104FF47A7BD4E963
:105820009E23CDE9042301F2E73301F52241049AD6
:10583000B131AD1AB3FBFBF3B1FBFBF11D446D1AA3
:10584000AD1B75440695029BE244324603FB0AFAFF
:105850000AF1300A4FEA4A0A5146FFF779FD41F64C
:105860004B53C4F82402D4F8C80098423FF622AF44
:1058700006AB32465146009304F509730AF04FF91E
:1058800084F8330216E740F22551E4E5B8F1000F41
:105890001BD0B4F8081239B3B4F80A2294F80C32C9
:1058A000551CA4F80A2202FB033399420DDD00289F
:1058B0000BDD0023A4F80A5284F86832FEF7D2FE0A
:1058C00000F00700013084F80C02394608A808945B
:1058D00008F08BFE04F5187104F50E7006F014FD47
:1058E00020B940F27551B6E50A46D7E7039B83F02D
:1058F000010384F83032002035E700BF84550400EE
:10590000F0B5044685B018B9A5213020FBF754FB4B
:10591000052900F2D780DFE801F003D03530D5CB80
:1059200090F83032C288FBB1B0F82E32934208BFF3
:10593000B0F8E4319A1AA0F8E621E3802046D4E9D1
:105940009C23C4E99E2302F001FE94F85030002B02
:1059500000F0AC805C4B1B68002B00F0A780204659
:1059600005B0BDE8F0401847B0F82C329B1AA0F8FB
:10597000E631B0F82C329BB2DFE705B0BDE8F0406D
:1059800004F0B2BC0CF05BFAD4E99E23801A61EB00
:105990000301012871F1000302DA4FF4C061B4E79A
:1059A0006FF0010383424FF000038B4102DA40F2B3
:1059B0000161AAE7D4F8C8300BB1B0FBF3F3E07B88
:1059C000B4F82E2247280ED0A17B463901290AD9E6
:1059D0000D2808D0E1880B449BB2D11A0D0443D5A1
:1059E00001339BB242E00132A4F82E22B4F8923285
:1059F00003AEE5880133354FA4F89232B4F8423053
:105A00001D44B4F84030013DED1AADB23B685BB1C6
:105A1000B4F82E1200222046013989B29847B4F812
:105A20002E321844A4F82E02B4F82E126B1A180461
:105A30002CD40023204600961A46FFF79FFC01282D
:105A400034D1B4F82E22B4F8E011BDF80C30134470
:105A5000521A12049BB204D5EA1A12F4004F18BF6E
:105A60000B46A4F82E32D1E7013293B2A4F82E32BD
:105A700094F83132002BB9D1B4F8E431B4F82E22C5
:105A8000934204BF0133A4F82E32AFE7A37C304623
:105A90000394002B14BF08233E2384F83130FFF712
:105AA000E9F820460CF047F80023637305B0F0BD19
:105AB00005B0BDE8F04008F04ABD437B042BF3D0AD
:105AC000C62122E7CB2120E7681E0020701E00209F
:105AD0002DE9F8430E46044618B9D3213020FBF7D0
:105AE0006BFA052900F2A780DFE801F00376413D5B
:105AF000A52E0CF050FAC4E95001204602F0A0F89F
:105B0000D4F83401A4380CF09CF920460BF0FFFDCA
:105B1000054600BB014620460BF084FC00F1AE06B2
:105B2000D4F83401B04209D2301A0321192838BF01
:105B300019200CF002FA60B10CF085F9C4F8346158
:105B400020460BF01DFE45B12046BDE8F8430BF0A2
:105B500018BE0125F2E70025F2E7D4E95023C4E995
:105B60004A23BDE8F883BDE8F84304F0BDBB0BF061
:105B70009AFC04238146884684F839310CF05FF999
:105B800007220F46A9FB023102FB0811D4E94A5251
:105B90005B1941EB0205D4F810213AB159EA080229
:105BA00004D0984277EB050228BF012684F83861BB
:105BB000D4E95226121A66EB070694F8581139B93F
:105BC000012A76F100010BDA204602F041F803E0E9
:105BD000012A76F10006F7DB002384F85031C0E794
:105BE000984277EB05010FD259EA08080CD01B1A2E
:105BF00065EB07019A4276EB010005DB012B71F1A1
:105C00000000A4BF1A460E460C49012304F1E80027
:105C1000914284F851314FF0000384F83031B341A0
:105C2000B8BF0A4604F5987106F0E6FB002898D143
:105C300040F2B16152E7EF2150E700BF0040420F50
:105C40002DE9F84304460E46154690F8503103F00E
:105C5000FF07002B40F0918000F1E80839467822D8
:105C600040460CF029FD2246454940460CF010FA0A
:105C7000C4F81061FF2384F8503166B1FEF70AFDC5
:105C800000F0070032463F49013086F80C0206F565
:105C90000E700CF0FDF940F20243A4F838310023F5
:105CA00084F8303105F0DCFB00F1490620460BF0AA
:105CB0002EFD0146B6B2B0B309F0B8FC00F12801E0
:105CC000284689B205F076FB2844AE3DC4F834017D
:105CD0000CF0B5F8301841F10001C4E95001012081
:105CE00084F814010BF01BFE2D1AC4F818514FF064
:105CF000FF356FF000414046D4E95023C4E95251CA
:105D0000002504F59871C4E94823C4E94A2384F8BE
:105D1000515142F2107206F06FFB38BB4FF4DC7148
:105D20003020FBF749F92046DFF85C900BF07AFB56
:105D3000AE30C4F83401B9F8000048B1E08C38B195
:105D4000FEF7A8FCB9F80030B0FBF3F202FB130039
:105D500006440CF074F8361841F10001C4E95061B2
:105D6000002DC4D0AD1941F10001C4E729462046F9
:105D70000BF009FD3846BDE8F8830C27FAE700BFB1
:105D8000D15A01000159010058160020F0B5002336
:105D900085B0CDE9003303238DF806306846FBF764
:105DA0006FFD88B10123114EB3700023CDE902339A
:105DB00002238DF80E3002A8FBF762FD044638B1CD
:105DC0000023B37005B0F0BD00980BF088F8E5E74C
:105DD000029D6B7B002BEED005F50E7738460CF05C
:105DE00053F838460CF05CF86C73E4E75816002062
:105DF000044B0022DA709A7042F210721A80FFF798
:105E0000C5BF00BF58160020014BD870704700BFB7
:105E10005816002008B503F0D1FE044B5A688242A0
:105E20002ABF9878002080F0010008BD5816002095
:105E3000F0B5044685B090F8503003F0FF05002B14
:105E400068D1437B032B65D10BF0F9FFD4E99E2386
:105E5000801A61EB0301012871F100035ADB6FF036
:105E60000103834275EB010104DA40F2A9513020AD
:105E7000FBF7A2F8D4F8C820E3880AB1B0FBF2F22D
:105E8000013313449BB2A4F82C32B4F8E431B4F8D3
:105E90002C229B1A1BB2002B3CDD04F50E700BF07C
:105EA000F3FF002836D0FF2384F83132B4F84230B3
:105EB0000DF10E07E588184E1D44B4F84030013D41
:105EC000ED1AADB2336863B1B4F82C12002220464B
:105ED000013989B29847B4F82C32184480B2A4F83A
:105EE0002C02B4F82C32EB1A1B0413D4B4F82C1285
:105EF00000230122204689B20097FFF73FFA0128CC
:105F000008D1B4F82C32BDF80E2013449BB2A4F88B
:105F10002C32D7E705B0F0BD701E00202DE9F74305
:105F20000446062900F2A980DFE801F004251422C6
:105F3000282DA100524B9B7803F0FF0253B9009229
:105F40000123B0F8E411FFF719FA28B140F2CD614E
:105F5000302031E00423637304F038F806F0C0F910
:105F60000023E288A4F89232A4F82E2284F8313279
:105F700003B0BDE8F08303234373F9E70BF0B4FEED
:105F8000C4E9A001F4E73F4B00F1A8081B681BB16E
:105F90004246D0E9A00198471321B4F8AA00FBF7C4
:105FA00035FC002861D094F82131022B5BD005D854
:105FB000012B08D0DC21B420FAF7FEFF033B012BB4
:105FC000F8D81E3000E00A30858894F82101DFF807
:105FD000B090C31E012B8CBF002728270AF012FFA8
:105FE0006430D4F82022373FA842FFB234BF2B1AC6
:105FF0000023D4F8C85099188D428ABFAD1A0025E5
:10600000ED1A99F8033023B9D4F8E8309D4228BF3F
:106010001D46D4F8F06104F1E8000AF0F1F90644F5
:1060200002200BF060FF0221AD1B25EAE5758542D9
:1060300028BF054628460BF080FF10B12E440BF018
:1060400002FF01233A46314640460AF0E5FAD4F809
:10605000F031C9F80400D4F8C800184403B0BDE812
:10606000F0430BF0EEBE1430AEE79625ADE7A83056
:1060700003B0BDE8F0430AF0DCBE40F29B7167E775
:10608000581600206C1E0020014B1880704700BF7E
:1060900058160020044B1A78012AD0B203D0187881
:1060A000831E584258417047601600200C4B4FF435
:1060B0007A7253F82130023903F2E733C9B2B3FBE5
:1060C000F2F3022900F1FF3210B54FEAC21296BF77
:1060D000044CF02134F81110134400FB013010BDC2
:1060E00098550400F0530400D928F0B5054628BFA0
:1060F000D925BDF814600446303501F5A57006F0C9
:106100000207ADB2FF2D28BFFF2516F0010621D1F1
:106110000FBB002B00F0C580911EC9B2022996BFAB
:106120007B4D40F6480135F811100844D92C7FD931
:10613000D93C951EF721A4B2EDB2002B00F0CF8020
:10614000F634022DB4FBF1F400F2C680714B33F843
:1061500015306BE0EFB1911EC9B2022997BF6E4DA9
:106160004FF4147105EB4101C9880144D01E012888
:1061700037D801F614409830002E3BD0023AD2B204
:10618000022A97BF644BC02303EB42035B8A184487
:106190004EE053B1911EC9B2022997BF5E4D40F641
:1061A000480105EB41018989DFE7032A05D1691D13
:1061B00089B2890101F5C871D7E7042A05D1691DA3
:1061C00089B2090101F5BF71CFE7022A0BBF05F1C2
:1061D0000B0105F10A0189B289B20CBF8900C9001F
:1061E000C3E7022A01F19C0114BF4FF4B070B42040
:1061F0000844C0E7EBB1911EC9B2022996BF474DD2
:1062000040F6480135F81110D92C084410D9D93C72
:10621000951EF721A4B2EDB24BB3F634022DB4FBB8
:10622000F1F459D83C4B03EB45031B8B03FB0400F3
:10623000F0BDF12C214628BFF121032A05D11331ED
:1062400089B2890101F5C871DEE7042A05D113314D
:1062500089B2090101F5BF71D6E7022A0BBF1931D6
:10626000183189B289B20CBF8900C900CCE7B4FBF0
:10627000F1F3022DDBB239D8294931F8151001FBB1
:106280000300C3EB4311C3EBC103E41AA3B2002B19
:10629000CED00833032A9BB22BD19B0103F21A43C1
:1062A00075E7032A06D10535ADB2AD0105F5C87510
:1062B00028443BE7042A05D10535ADB22D0105F58B
:1062C000BF75F5E7022A0BBF0B350A35ADB2ADB28B
:1062D0000CBFAD00ED00EBE740F69213A6E7B4FB70
:1062E000F1F3022DDBB201D80E49C6E740F6921158
:1062F000C5E7042A03D11B0103F5467347E7022AC9
:106300000BBF9B00DB0003F5BB7303F5CD733EE7CA
:10631000FC53040008540400F0530400FC53040030
:106320000854040008540400294B5A6A10B5D2F8E6
:106330000F30C0F8CC30537D117D1B0443EA01239C
:10634000D17C0B436FF45061C0F8D430B2F81930EF
:10635000591806298DBF40F2E241A3F550634FF46E
:106360007A714B438EBF00214B430121C0F8C830E6
:1063700080F82A11937DF9B103EB830303EB8303C8
:106380009B00A0F8DC30B2F81730F1B164214B4328
:10639000C0F8D830B2F81B30A0F8D030B2F81D30B9
:1063A000A0F8D23092F8243003F01F025B0980F885
:1063B000232080F82B3110BDC3EB431403EB84037F
:1063C00003EB83035B009BB2DBE740F2E241DEE7D5
:1063D00060160020032937B5144617D19B0103F539
:1063E0003473417990F844500139C9B203291AD85D
:1063F000194A0A44907FE201CA3203FB0422174B78
:106400009A4215D940F296712D200FE0042903D14C
:106410001B0103F5E773E4E702290BBF0B330A33D3
:106420009B00DB00DDE740F24E310620FAF7C4FDA9
:106430001E23B2FBF3F205F03F03110AD2B241EA88
:10644000401143F04003002063F3070062F30F2084
:1064500061F3174003B030BDF0530400C3BF030025
:106460000346074A506AD3F86920C0F80320B3F8FE
:106470006D20A0F8072093F8681009F0BFBC00BF9A
:1064800060160020D0F8803073B50BB101221A607D
:106490004388DB0727D50023144E056ACDE9003376
:1064A00002238DF80630FF2333776846FBF7E8F9BF
:1064B000C8B9009CA542F8D005F1B40395F8B32003
:1064C00004F1B40194F8B30009F04EFA0028ECD0BE
:1064D00094F8AC30B4F8B1203377D4F8AD30C6F8C6
:1064E0001D30034B9A8002B070BD00BF60160020C3
:1064F0007D16002038B5084D044600F169010623D9
:10650000686A002209F059FD94F86810686ABDE8CD
:10651000384009F073BC00BF6016002007B50BF0CF
:1065200077FB8DF807000548012306220DF10701CE
:10653000406A09F042FD03B05DF804FB60160020DC
:10654000034B586910B140300AF0C4BB704700BF1C
:1065500060160020034B986910B140300AF0BABBB6
:10656000704700BF6016002070B504460E46134603
:10657000407F6588324615F0040118BF04F17701A9
:10658000FDF728FD4107054621D4C2070BD501239D
:10659000607F84F86830FDF781FD0368C4F86930D6
:1065A0008388A4F86D30AB0701D4012070BD094B7E
:1065B0000121586AD4F8773084F87610C0F8093091
:1065C000B4F87B30A0F80D3009F021FCEDE7002095
:1065D000ECE700BF6016002010B50446084694F8AA
:1065E000D8306BBB2378082904F1DB0284F8D9305A
:1065F00016D004F1DA01FDF7C3FC20B94FF477613E
:106600002D20FAF7D9FC94F8DA3043F0020384F82D
:10661000DA3004F1D0000B49BDE8104009F06BBE40
:10662000094B586A034613F8031BC1F3801184F821
:10663000DA10D0F80310C4F8DB109B889380E8E7E9
:1066400010BD00BF031102006016002070B50446A3
:106650000E461546FDF71AF898B92378A4F8C160DC
:1066600084F8C030637C84F8BF500BB194F8483094
:1066700004F1B60084F8C3300249BDE8704009F067
:106680003ABE70BD1713020010B504460E498C3097
:1066900009F031FE0D4904F1C40009F02CFE94F814
:1066A0009520B4F896102046FFF7D0FF084B002243
:1066B0001A70084B1B682BB12146206A0222BDE8E4
:1066C0001040184710BD00BFA5110200ED100200D8
:1066D00060160020781E002038B5B0F84830044617
:1066E0001A4D0133C3F30E03A0F848302B7B2BB1B6
:1066F00003F08EFD02F05EFE00232B7300232B704F
:1067000094F889302BB101212046BDE838400AF0C9
:1067100048BC637CBBB1B4F848209A4213D3012132
:1067200020460AF03EFC63882046DB0747BF236A09
:10673000432243224FF6FF7148BFB3F8AA10BDE8C9
:106740003840FFF783BF0021DEE700BF601600205E
:1067500010B5FFF79FFC064C28B1237B1BB103F05B
:1067600057FD02F027FEA06ABDE81040FFF7B4BF56
:10677000601600202DE9F0410746FFF78BFC054627
:1067800020B940F682412D20FAF716FC214CA26A6E
:10679000166A0EB196F829611FB3616A02F16903A6
:1067A00092F8682011F8097BF80909F0DDF8C0B10A
:1067B0003146606A09F050FB98B1A56AFFF76AFCA0
:1067C00010B940F65C41DEE723782846E26A07F01C
:1067D0000F0103F180435269013B52F8233098477F
:1067E0000546237B1BB103F013FD02F0E3FD7DB1F1
:1067F000A06A0AF08FFB30B103F08CFBE36ABDE8BE
:10680000F0419B681847A06ABDE8F041FFF764BFFC
:10681000BDE8F081601600200346074A906A03B97C
:1068200009B9FFF759BF1378D26A03F1804312699F
:10683000033B52F8233018476016002003292DE946
:10684000F043054685B0174607D14388980723D4FF
:106850000024204605B0BDE8F083428890F88830D7
:10686000D107DBB2F4D5002BF2D14FF00108DFF8ED
:10687000D49099F80C60C6B109F0BAF808283870BD
:1068800016D002AA0DF10701FDF77AFB38B940F6E0
:10689000F7612D20FAF790FB4FF00208E7E702A915
:1068A0009DF807000AF00CFA06463B78082B08D141
:1068B000D9F8241011F8030BC0F380100AF000FA85
:1068C0000646D9F8241005F1700395F86F2011F8E9
:1068D000030BC0F3801009F047F8D9F824100446E0
:1068E00011F8030BC0F3801009F078F88146FDF72A
:1068F000E7FB40B1B9F1080F1BD04846FDF764FA39
:1069000080F00103D8B23A78082A14D01CB96C7F01
:10691000A21A544254416A8853079AD4002897D146
:1069200076B9EC7C444518BF002C0CBF0124002430
:106930008FE70020E7E780F001022240D4B2EAE7C7
:10694000344686E7601600202DE9FF4108230DF14B
:106950000702052104468DF80730FFF76FFF054653
:1069600020B90025284604B0BDE8F081FCF7AAF95B
:1069700006460028F5D1344F0DF10808216A7A6ADD
:1069800091F817C0104610F8033BC3F3401303EA15
:106990000C03CB75D2F80330C1F8AD308388A1F871
:1069A000B1301146D4F820C011F81F3BC3F3801357
:1069B0008CF8AC30D2F81F000B79029060468DF84D
:1069C0000C30FFF7B1FC434694F912200121206AF4
:1069D0000AF017FC216A84F895602046B1F8AA30C5
:1069E0009DF80720A4F89630FF2384F8B3304FF6C3
:1069F000FF73A4F8B4300AF02FFC144904F18C00A2
:106A000009F079FCFCF742FE60B9236A04F1C40086
:106A10000F49B3F8AA20A4F8CD20DB7D84F8CF304D
:106A200009F069FC236A00222046B3F8AA10FFF798
:106A30000DFE084B00221B683A70002B92D02146B5
:106A4000206A98478EE700BF60160020A51102005B
:106A5000ED100200781E0020032973B5044604D00F
:106A600005292BD0012002B070BD08230DF10702CB
:106A70008DF80730FFF7E2FE0028F3D0237C23B126
:106A80009DF807102046FFF7A7FD114D06220426AA
:106A900020466B6A5A701E70FFF7E2FCA16D94F8F5
:106AA0005C20686A09F0C9F9686A2E7003F03EFB41
:106AB0000021686A0BF036F90020D4E7054B1B680B
:106AC000002BF9D0984780F00100C0B2CBE700BF9F
:106AD00060160020741E0020F8B504460F4619B356
:106AE00000F1300528460AF0C4FEA0B963881A07F1
:106AF0002ED528460AF0D2FE064628460AF0B9FEF0
:106B0000301AC0B20AF00BFF494A536803442846C2
:106B100053600AF08DFE28460AF08FFE03F050F90C
:106B20002179252003F06EF8414E002394F8762059
:106B3000706A037043706388103B0D2B68D8DFE8E0
:106B400003F063675F0C674467676767676767445D
:106B50002046BDE8F840FFF7BFBD06234370202361
:106B600003702046FFF77CFC638823F008039BB288
:106B7000152B05D094F85420216D706A09F04EF958
:106B8000706A03F0D3FA0021706A0BF0CBF803238C
:106B900021790020337003F035F9054607B9B0605C
:106BA00063881B0704D50AF0B7FE0544C4F81C51DE
:106BB0006388103B0D2B36D8DFE803F038352F2FD4
:106BC000352F353535353535352F0C23212143709B
:106BD000034603F8091B52B1D4F877200121C0F80D
:106BE0000920B4F87B209A8009F011F9B9E7226FE7
:106BF000C0F80920B4F874209A8094F86F10F3E775
:106C0000062303704370ACE7022303700623F9E701
:106C100040F259612D20FAF7CFF921790120BDE822
:106C2000F84003F029BB40F6F541F3E7F8BD00BF9B
:106C30006016002038B543880446102B04D101218A
:106C4000BDE83840FFF748BF0B4D2B7B23B102F066
:106C50008BFB402003F0D0FA686A03F067FA608883
:106C600010F0040002D1217903F006FB002003F0AC
:106C7000ABFA01232B7038BD60160020024B0121B6
:106C8000986AFFF729BF00BF6016002003292DE98D
:106C9000F341044605D0052900F08180FFF71CFD73
:106CA00079E008230DF103028DF80330FFF7C6FDEC
:106CB000002872D0237C23B19DF803102046FFF7F3
:106CC0008BFCB4F8028001233A4E1F464FEA98121B
:106CD000706AC8F3801862F3861707224370027047
:106CE00000223946C27009F08EF92046FFF702FCF7
:106CF000706A09F0D2F9B4F85C30C0F1FE05AB421D
:106D0000B4BFDDB2EDB2AB4228D947F01007002284
:106D1000706A033D394609F076F9736AEDB2204690
:106D2000D97801F03F0101312944C9B20AF02CFAA7
:106D30000422C0F307238DF80400C0F307400DEBD5
:106D400002018DF8053003238DF80600706A09F002
:106D500034F900223946706A09F055F9B8F1000F8C
:106D600006D094F9122094F844106079FFF7D6FB0E
:106D70002A46A16D706A09F07AF9FF20F5816179E0
:106D800002F040FF0723706A337003F0CFF900214F
:106D9000706A0AF0C7FF002009E020467EE7064B34
:106DA0001B68002BF7D0984780F00100C0B202B0FA
:106DB000BDE8F081601600207C1E002010B5144C48
:106DC000237B1BB103F024FA02F0F4FAA06A0AF064
:106DD000A1F8A16A18B14B8803F0180323B908463B
:106DE000BDE81040FFF778BCFFF754F920B940F632
:106DF00086312D20FAF7E0F823780846E26A03F19D
:106E00008043D268013BBDE8104052F82330184758
:106E1000601600202DE9F04FB0F802A08BB01546A7
:106E200006461AF003020AF00203029101920AF0E8
:106E300004021CD01AF0010F05D043B140F2866164
:106E40002D20FAF7B9F8002BF8D0022710E01FFA2E
:106E500082F9002A00F0A9800127002D00F0F780B8
:106E60004FF000094FF0010BC84601210DE0019FD2
:106E700092B2002B5BD0002AEFD1002D00F0E7800A
:106E8000914690464FF0010B114601241AF0400A3A
:106E900004D0002D00F0E9804FF0010A44EA4104DB
:106EA00000220121072044EACB04DFF840B544EA80
:106EB0000814DBF8243044EA49145A70187044EA84
:106EC0008A14597004F07B04A146002D40F0F08034
:106ED000DD700023DBF8240021460193C378019A7A
:106EE00003F03F0343EA8713E7B2C37009F08BF85E
:106EF000E30702D53046FFF7FDFAB80710D5029B2D
:106F0000DBF82400002B00F0E28006F17701062375
:106F1000012209F052F80121DBF8240008F077FF84
:106F20000023002B00F0DC8040F6690188E70AF0BE
:106F30002008002A4AD125BBB6F854208AB1B8F1FE
:106F4000000F40F0848034794FF000094FF00108C1
:106F5000033C012C94BF002401244FF0010B49464F
:106F600094E7B8F1000F72D1FFF7EAFA0028EAD1EE
:106F7000FFF7F0FA01460028E5D1A946A846AB463E
:106F800083E7FFF7DDFA814610B9FFF7E3FA8146A0
:106F9000B8F1000F62D134794FF0010B4146033C48
:106FA000012C8CBF0024012470E7047945B9A21E8E
:106FB0000127A94629465442B846BB46544165E7D5
:106FC000023C2F46C84618BF0124C6E74DBBB6F8A1
:106FD0005420AAB1B8F1000F21D13479033C012C1F
:106FE00094BF0024012431794FF000094FF00108CB
:106FF0000339012994BF002101214FF0010B45E71E
:10700000B8F1000F0BD1FFF79BFA0028E5D1FFF78D
:10701000A1FA83460028E0D1A946A84625E72C46D8
:10702000E1E7FFF78DFA814610B9FFF793FA814641
:107030003179033901298CBF00210121B8F1000FFA
:1070400014BF002401F001044FF00008D5E74FF011
:107050000108A94629462C46C34617E74FF0000809
:107060004FF0010B4146444610E7B6F8540058B1C2
:1070700096F804A0AAF1030ABAF1010F94BF4FF0E9
:10708000000A4FF0010A09E7708800F02300002889
:10709000EED10391FFF754FA03990028E8D1FFF7E6
:1070A00059FA03990028E3D1019B002BE0D1F3E6C4
:1070B000DA70FFF74FFA00283FF40BAFDBF8183017
:1070C00093F8E530002B3FF404AF0A2302E706F102
:1070D00070010623012208F070FF96F86F101BE77D
:1070E00039071AD5726C05A98DF81530C2F30B2239
:1070F000BDF81430DBF8240062F30B0396F8462049
:10710000ADF814301209C3F3072362F30713032207
:107110008DF81530022308F050FFBA0640F1B38015
:10712000D6F84031DBF81820D6F844710393002AD2
:1071300056D09046D8F88830D8F88CA00293FFF744
:1071400009FA80B1DBF8183093F8E5305BB108F14B
:1071500040000AF056FD30B9029AD8F898309B18D2
:107160004AF1000A029398F810C09F4BDBF8100018
:1071700053F82C304FF47A7CD0F16E0E039A03F260
:10718000E7339DF81510B3FBFCF36CEB0C0CBEEB76
:10719000020E029A01F0BF016CEB070713EB0E031E
:1071A00047F100079B184AEB070EB3F5161FD6F8F8
:1071B00034717EF1000C0DDAB3F5703FA7EB0000DF
:1071C0007EF100074FEAE07C0DDB98427CEB0E0C71
:1071D000C0F2008121F020018DF81510002316E087
:1071E000DBF81480A6E7984221F020017CEB0E0C1E
:1071F0008DF81510F2DA9DF8151011F0200F0CBF64
:107200001E214FF49671B3FBF1F3C3F30C03BDF8E9
:10721000141063F30C01D8F89830ADF8141040F254
:10722000E241B3FBF1F3ADF81630D8F8173098F817
:107230001B1006939DF81C3061F304038DF81C307D
:10724000FCF792FA9DF81C3060F347138DF81C3060
:107250009DF8153023F080038DF81530D8F80030F4
:10726000CDF81D3098F804308DF8213098F80530AD
:107270008DF8223098F806308DF82330B8F87A303F
:107280000133ADF82430012D4BD1B6F85420002A3B
:1072900047D0B6F802C01CF0020F42D1DFF84C8193
:1072A000D8F82400B8F80E30C178D31A01F03F0B9B
:1072B000CBF1FE010BF101078B42B4BFDFB287F0C7
:1072C000FF07BA4222D91CF0010F1FD144F0100170
:1072D000033F019A8946FFB208F095FE0BF10401C5
:1072E00030463944C9B209F04FFFC0F307238DF887
:1072F0001000C0F307408DF8113004228DF8120001
:10730000032304A9D8F8240008F057FE3A46316D4B
:10731000D8F8240008F0ABFEB8F80E301F44A8F8E7
:107320000E7019F0200F5FFA89F406D02F4812234F
:10733000052205A9406A08F040FE63060CD5002D21
:107340004DD106F1300034790AF0B3FA014696F9CE
:1073500012202046FFF7E2F8FFF7FCF8002836D0AD
:10736000224CA36993F8E5308BB30721606A08F0DB
:1073700043FE092340F2E242037032234370A369C3
:10738000D3F8B8308370A369D3F8B8301B0AC37040
:10739000A369B3F8BA300371A36993F8BB304371A2
:1073A000A36993F8C9308371A369D3F8BC30B3FBE8
:1073B000F2F3C371A369D3F8C030B3FBF2F30372E5
:1073C0007D22A369D3F8C430B3FBF2F343720BB050
:1073D000BDE8F08F41F020018DF815100BE77479AE
:1073E00096F84410B3E700BF9855040060160020DB
:1073F000F7B504460A4619B990F87610FFF70AFD6A
:10740000134D6B6ADA78910620D01A79D2061DD511
:1074100004F130005F7826790AF02BFA421C3B46D3
:1074200031462046D2B2FEF7D5FF0422C0F307232F
:107430008DF80400C0F307400DEB02018DF8053014
:1074400003238DF80600686A08F0B7FD03B0F0BDAD
:10745000601600202DE9F74304460F4690F84400DB
:1074600002F0AEFC6179FF20724D02F0CBFB002FE1
:1074700049D16B6A04F1300094F804805E780AF018
:107480000DFAB8F1030F2FD1B60106F53476A968CD
:10749000638801EBC011CA3106FB00111E074FF0D3
:1074A000000048BF6B68296144BFC918296162792F
:1074B00002F094FC638898072CD06FBB617901209F
:1074C00002F0DAFE94F8761001222046FFF7A2FCC3
:1074D000686A02F02BFE0021686A0AF023FC06238A
:1074E0002B7003B0BDE8F083B8F1040F03D136016F
:1074F00006F5E776CBE7B8F1020F0BBF0B360A367D
:10750000B600F600C3E762794FF4A57100200AF0D7
:10751000FCFBCFE7002FD5D0C3F34007C3F38012A5
:107520009907686A87F001074FF0070348BFD4F84E
:1075300058804FEAC7074CBFB4F85C90D4F850802D
:1075400047EA821758BFB4F854900022037007F03E
:1075500048070123C2703946437008F054FD3A07CA
:1075600017D5626C01A9BDF80430C2F30B22686A1A
:1075700062F30B0394F84620ADF804301209C3F30C
:10758000072362F3071303228DF80530022308F066
:1075900014FD686A08F081FDEB89C0F1FE06A9EBD5
:1075A0000302B242B4BFD6B2F6B2334499452DDDE0
:1075B000002247F01001686A08F025FD686A08F0AB
:1075C0006CFDEB89C0F1FE062046A9EB0303B34234
:1075D000B8BFDEB26B6AA8BFF6B2D97801F03F013E
:1075E00001313144C9B209F0CFFD0422C0F30723B1
:1075F0008DF80400C0F307400DEB02018DF8053053
:1076000003238DF80600686A08F0D7FC63885B06E0
:1076100006D594F9122094F844106079FEF77EFFA5
:10762000E9893246686A414408F021FDEB891E442D
:10763000EE814DE76016002010B5084CB0F85C30C4
:10764000E2899A4205D00121FFF704FF0723237046
:1076500010BDBDE81040FFF73FB800BF6016002026
:1076600038B5438804461E4D13F0020F0FD1DB07D7
:107670000DD4EA89B0F854309A4203D1BDE83840BD
:10768000FFF72AB80121BDE83840FFF7E3BE00202C
:10769000617902F0F1FD6388617913F0020F0CBF8C
:1076A00022200C2002F0AEFA02232B702B7B4BB170
:1076B00001F05AFE6379033B012B94BF4520402023
:1076C00002F09AFD6379033B012B94BF2820002030
:1076D00002F07AFD686ABDE8384002F027BD00BFBD
:1076E000601600202DE9F84300F13007304D0123EA
:1076F000044638466B730AF0BCF8E8B96388DA06CA
:1077000015D46A7B9AB103F02303B4F854201343D1
:1077100005D020460021BDE8F843FFF79BBEFEF7E9
:107720000FFF0028F5D1FEF715FF0028F1D1204604
:10773000BDE8F843FEF7D0BF38460AF09AF828B9FA
:1077400063881B07F3D538460AF072F838460AF00A
:1077500074F802F035FB2179252002F053FA01215B
:107760002046FFF745FE6B6A3846D5F8088093F847
:1077700001900AF093F8064638460AF07AF84A462D
:10778000711E091A2079C9B20AF0B0F8227908EB03
:107790000001002002F022FB686A02F0C7FC002111
:1077A000686A0AF0BFFA05232B70BDE8F88300BFB2
:1077B00060160020064810B5037803F0FF042BB9CB
:1077C000242221460AF078FF204610BD0C24FBE756
:1077D0006016002010B50023094C2370FBF748FF0A
:1077E0006062FFF7E7FF20B14FF442712D20F9F7F7
:1077F000E3FBE36A13B940F20B31F7E710BD00BFBA
:1078000060160020014B024ADA62704760160020C1
:10781000CC7C0100044B054A1A60054B054A1A60EE
:10782000054B064A1A607047741E00204969010022
:10783000781E0020630F02007C1E002005790100E5
:107840002DE9F041067D0446B31E06F0FD06DBB2CD
:10785000012B8CBF4FF000084FF00108371E18BFF6
:107860000127012B1AD800F1700190F86F0008F081
:10787000B5F8054663889B0617D4082D10D186B34A
:10788000FBF704FFB8BBE37E93B3D4F81530C4F81C
:107890006930B4F81930A4F86D3006E00825E9E73E
:1078A0002846FCF79DFA0028E9D1657784F81C800A
:1078B00084F86870FCF75EFB05460AF0C0FA002207
:1078C0000F4B84F87620E5FB0301C4E9180111464B
:1078D0002046FEF749FE60B940F2A3412D20F9F79A
:1078E0006BFB04F169013046FCF70AF90028DCD192
:1078F0000020BDE8F08104F169010120F4E700BF38
:1079000040420F002DE9F04385B0082305210446CD
:107910000DF107028DF80730FEF790FF00287DD0AB
:10792000FBF7D0F9002879D13E4D02AF206AFEF76F
:10793000FBFC6B6AD3F81F0093F8232002903A7186
:10794000226AD3F80310C2F8AD10B3F80710A2F8FA
:10795000B1101B78206AC3F3801380F8AC30324B2F
:107960001B6813B1012221469847D4F820800E23CA
:10797000686A082698F8AC90002243704FF0030123
:10798000C378067003F03F03C37008F03CFB204649
:10799000FEF7B0FD4946686A08F039FA062301226D
:1079A00008F1AD01686A08F008FB6179FF2002F078
:1079B00029F9686A02F0BAFB0021686A0AF0B2F994
:1079C000D4F820802046414609F0B8FE3B460146E7
:1079D00094F91220404609F014FC216A00239DF816
:1079E0000720204684F89530B1F8AA30A4F89630E4
:1079F000FF2384F8B3304FF6FF73A4F8B43009F0D6
:107A00002BFC236A2E70B3F8AA20A4F8CD20DB7DCE
:107A100084F8CF30012005B0BDE8F0832046FEF7A2
:107A20005BFEF7E760160020781E00202DE9FF417D
:107A3000564F04463A7802F0FF0312B90278FF2A43
:107A400004D140F6DD112D20F9F7B6FA7B60FB81F9
:107A50007B7380F889304E4B684604F13005009303
:107A60004C4B01934C4B0293FB6A5B68039302F00F
:107A700047FB02F031F902F0CBFB01F09BFC4748D9
:107A800002F094F9464802F035FB284609F0D0FE92
:107A9000284609F0D2FE02F093F92179252002F060
:107AA000B1F894F9120002F07BF904F15001E06C96
:107AB00006F091FC064604F15801E06C06F0B2FCB9
:107AC0008046002E3AD094F82430BBB3B4F9485025
:107AD000ED43ED0F237F13B963885B0709D56FF082
:107AE0000043D4E918129A4208BFB1F1FF3F2FD1E9
:107AF000ADBB94F88B301BB946EA0806F6B2AEB1BE
:107B0000638813F0100511D1606CC0F30B2009F0ED
:107B100020FE94F8463084F84500C0F3032023F09B
:107B20000F03034384F8463084F88B50786A03309F
:107B3000FCF73EFA387304B0BDE8F081B8F1000FED
:107B400004D094F82550002DC0D1C3E74546C1E7C5
:107B50000AF075F9D4E9182390429941C8D301225B
:107B600029462046FEF700FD50B1FCF703FA054612
:107B70000AF065F90B4BE5FB0301C4E91801B8E70E
:107B8000002DB6D040F61C215DE700BF6016002036
:107B9000BD6D01007567010019680100D6BE898EB0
:107BA0005555550040420F0073B50446234DFFF76D
:107BB0003DFF04212078F9F729FE0621686120782D
:107BC000F9F724FE6B69A8612BB120B140F655216D
:107BD0002D20F9F7F1F9204609F0C8FA668816F069
:107BE000100618D000212046FEF776FF94F88A3060
:107BF0005BB16846FCF7E0FA38B1694604F136003B
:107C000008F059F8002384F88A30204602B0BDE815
:107C10007040FEF737BC31462046FFF7E9FB686A43
:107C200002F084FA3146686A0AF07CF8217930461D
:107C300002F0E8F80523A8602B70D7E76016002053
:107C4000024B9862DB6A1B68184700BF6016002071
:107C500043881A0710B504460FD5036A3C22104921
:107C60008C304272B3F8AA304381FF2380F827306A
:107C70004FF6FF73038508F03EFB63882046DB0761
:107C800047BF236A3C223C224FF6FF7148BFB3F83E
:107C9000AA10FEF7DBFCFF2384F8893010BD00BF7B
:107CA000A51102005D1302006B130200356C010088
:107CB00063130200E5760100617601003976010068
:107CC00089660100596A01008D6C0100A97B0100E1
:107CD0005167010067130200A47C0100AC7C010025
:107CE000C47C01000138022808B503D9C4212F2023
:107CF000F9F762F913290A4B05D811290CD8102974
:107D000007D0D221F3E71529FBD103EB4003D88834
:107D100001E033F8100008BD03EB40039889FAE74F
:107D2000125404002C4A38B50346948810681C434A
:107D3000402B948004D10421BDE83840FEF7EEB812
:107D4000802B01D10521F7E703F00304032C04D1B4
:107D500040F6B2313120F9F72FF9DD0706D50C686E
:107D600091602478062C1AD00B2C22D09C0711D5B8
:107D70000C6821780729117329D00B2922D00529F5
:107D800008D1C17B182905D1002400250121C0E9B3
:107D90001E4501759B0644BF0823537338BDC47B41
:107DA0001C2CE3D100240025C0E91C450124C47427
:107DB000DCE7C47B122C01BF0024C474012480F8CA
:107DC0005640D3E7C17B1129E4D10021E1E7617876
:107DD00080F8A010DEE700BF901600200C4A034692
:107DE000517B89B910683BB9B0F81011B0F8F42094
:107DF000914209D8FEF70EB893881B0706D5007C80
:107E0000083818BF012070470020704701207047D4
:107E10009016002073B5044600680D46036813F001
:107E2000300F49D1B1F805101A2904D9B5F8073037
:107E3000B3F5A47F06D22978204602B0BDE8704091
:107E400008F068BCB5F801201A2AF4D9B5F8036027
:107E5000B6F5A47FEFD3E830009608F006FB174B89
:107E60009A8892070DD51B7B142B0AD122681368C0
:107E700043F010031360204608F00AFC002002B013
:107E800070BD23689A7B212AF0D093F82F31002B04
:107E9000ECD1236893F82E31002BE7D123681A68C0
:107EA00003F1E801B3F8AA0042F020021A6003F5DA
:107EB000B472FCF7B7FBDEE70120E0E79016002084
:107EC0002DE9F8438F4D06462C68002840F0CC8001
:107ED000AB8819074FD594F89E302A2B16D00CD8B2
:107EE0001C2B13D0222B18D094F89E30FE2B20D1BF
:107EF00040F2FB513120F9F75FF83C2BF4D1824B73
:107F00001B68002BF0D028469847EDE7002384F843
:107F100041317C4808F0B4FBE6E784F842017B4B32
:107F20001B68002BF5D004F5A17104F1A40098475B
:107F3000EFE7FE2384F89E30E37B1E2B06D100275B
:107F4000704884F8557008F0B5FBE773A37B372BB6
:107F500033D0432B39D0242B06D1E37B243B072B92
:107F600094BF2B232523A373237C082B02BF02235A
:107F7000AB7384F89E30AB88DA074ED5D5F8008015
:107F8000A96898F80F30D1F80090113B99F800706B
:107F90000F2B0BD8BB1EDBB2092B00F2B18040F2D5
:107FA000333222FA03F3DB0740F1AA80097938461D
:107FB000FCF732F980B939467FE0012384F8CD32ED
:107FC0000023A37384F84E30CEE7002384F85031A9
:107FD0004C4808F055FBC7E7012F01D9162F4ED1A9
:107FE00098F80E0008F086FB40B198F80E30242B6C
:107FF00004D0252B34D12B2388F80E303846FCF7DB
:10800000CDFD0346002849D1FF2FD4D12B69002B89
:1080100051D02B68012283F8CE22AB88580704D5B3
:10802000227C072A04BF0122AA7399074CD5287B1A
:1080300001222B680D2883F89F2042D0112858D0A8
:10804000072858D0FCF7B4FD034600283AD12A7B14
:10805000FF2A52D12A68372182F8CC02917333E08B
:10806000162F14BF022620266B7B1B0704D5E37B4B
:10807000113B0F2B98BF08263046BDE8F883112F1F
:1080800015D005D8072F14D00D2FB7D1204B05E000
:10809000142FB3D11F4B1B68002B8CD0AA68494604
:1080A0001848127998470028B7D00646DCE71A4BE3
:1080B000F4E71A4BF2E799F80010124808F02AFB8F
:1080C000F1E7174B0F489847AB88DA06CCD52B68F9
:1080D000DA7BB3F8AA000A2A04BF0B22DA7309F08C
:1080E000BAFD0028C0D0837C002BBDD00023837450
:1080F000BAE70C4BE6E70C4BE4E740F2EE51F9E649
:108100000826B1E790160020E01E0020A41E0020E3
:1081100019820100841E0020C71A0200718201002A
:108120002719020073190200E11902000029034611
:1081300008BF1F21252870B514461AD8222846D812
:108140001D2812D80D2801D8002070BDA0F10E0600
:108150000125F6B2B54040F2512635401CD1162813
:108160001FD01D28F0D1254A32E02028ECD1244A26
:108170002EE0262836D0A0F12E02D2B2102AE3D863
:10818000012040F295159040284233D10D2A33D07A
:10819000102AD9D11B4B26E00021BDE8704009F020
:1081A00046BC1668B37B252B09D12046FBF75EFB46
:1081B00086F838510023B37386F84E30C4E72B2B72
:1081C000C2D1F37B243B072BF4D92A21EDE70E4AD9
:1081D0001568002DB8D00A46204619462B46BDE842
:1081E00070401847094B1B68002BADD02046BDE8F6
:1081F00070401847064AEBE7064BF4E7941E002050
:108200009C1E0020CC1E0020881E0020A81E0020DE
:10821000B41E0020E81E0020024600684978837BD7
:10822000212B17D00ED8042B16D00F2B16D0C07BC5
:10823000272817D0333BDBB21C2B15D80B48C05C6A
:10824000FFF774BF2B2B03D02D2B09D0252BEED19C
:108250001620F5E71420F3E70E20F1E71220EFE7F0
:108260002320EDE71720EBE7FE20E9E72454040084
:1082700013B54C7802683E2C937B6DD8222C07D81E
:10828000A4F10E02D1B20F2940D9002002B010BDD6
:10829000233C1B2CF9D801A252F824F0C38301001F
:1082A0008B8201008B820100E18301008B8201003F
:1082B0008B8201008B8201008B82010053840100BC
:1082C0008B8201008B820100E98301008B82010017
:1082D000178401008B8201002B8401008B82010036
:1082E0008B8201003F840100038401008B82010026
:1082F0008B8201008B8201008B8201005784010078
:108300008B8201008B820100E58301000F2ABCD81B
:1083100001A151F822F000BF6D8301008B820100A2
:108320008B8201008B8201006D8301008B82010032
:108330006D8301008B8201007D8301006D8301004C
:108340008B8201008B8201008B8201008B820100F5
:108350008B820100D7830100FF2C96D13F4B1B6914
:10836000002B92D0012382F8CE328EE70246012103
:10837000204602B0BDE8104009F059BB252B01D0C2
:108380002B2B82D1019008F07BF901980368DA7BEE
:10839000262A3FF47AAF93F867201A2122F00102CF
:1083A00083F86720026892F8673023F0080382F8A8
:1083B0006730FBF75BFA01980022036883F83821E5
:1083C00063E72D2B7FF461AF254B1B68002B3FF437
:1083D0005CAF984759E7362B7FF457AF214BF4E752
:1083E000214BF2E7214BF0E7382B02D04F2B7FF4E3
:1083F0004CAF1F4B1B68002B3FF447AF2E21984713
:1084000043E7392B7FF441AF194B1B68002B3FF436
:108410003CAF3621F3E73A2B7FF437AF144B1B68A0
:10842000002B3FF432AF3021E9E73E2B7FF42DAF34
:108430000F4B1B68002B3FF428AF3221DFE7442BA2
:108440007FF423AF0A4B1B68002B3FF41EAF35218E
:10845000D5E7084BB9E7084BB7E700BF90160020F7
:108460008C1E0020981E0020AC1E0020D01E002074
:10847000B81E0020D81E0020EC1E00202DE9F34776
:1084800090F8DA8204460D4690F8DB62B8F1000FEE
:108490003BD190F82071002E39D194F821A184F8B5
:1084A000207184F821A1FF2384F822311A4B04F1B2
:1084B000A8091B6813B1394648469847174B1B68F3
:1084C00023B13A46514601A80194984794F83831AF
:1084D000012B02D058EA060603D0237B43F00103A8
:1084E0002373484607F0E0FF18B1237B43F00203F3
:1084F000237306212046FDF711FD002384F838314F
:108500003DB1A37302B0BDE8F0874746C3E7B2466A
:10851000C5E7E573F6E700BF901E0020DC1E0020D3
:10852000024B0020C3E90400704700BF90160020F2
:1085300008B50022044BC3E90422FCF7DDF8BDE8CE
:108540000840FCF7FDBB00BF9016002073B5584DE6
:10855000002604462860AE806E73AE73FF2380F859
:108560005030B0F8E231002B00F0918090F89E304E
:10857000FE2B40F08C8090F82C31002B00F087808F
:10858000037C073B012B40F2828090F82D310221C1
:10859000A0F84860012280F8A03009F0D1F902214A
:1085A000284684F8EA61FCF733F9B4F8E61120466E
:1085B000B4F8DE300139B4F8E82189B2B1FBF3F345
:1085C0001344A4F8E831B4F840300B44A4F8403028
:1085D000B4F8463001330B44A4F84630B4F84430C4
:1085E00001330B44A4F8443009F0D8F910B1636B9F
:1085F0000B446363B4F8E2310026012B9CBF0133C6
:10860000A4F8E23109B184F8EE61E37B84F8EA6111
:108610000A3B012B0FD8E388B4F8D8229B1A19041F
:1086200009D404F2DA2104F1170007F044FBE673E1
:10863000FF2384F84F30B4F8E62104F1A801204666
:1086400007F080FBE37B1B49113B1B4A0F2B8CBFC0
:10865000002301230093194B2868FAF7F3F869699E
:1086600011B1002009F05DFB2C68237BDA0703D5EC
:1086700000210F48FBF7FAF8237B9B0703D504F290
:108680005F10FBF7C9FF0023237302B070BD94F89D
:108690009E10FE2901D0064885E7094B1E68002E72
:1086A00083D009F078FC02460B460148B0477CE7CE
:1086B00090160020257D0100DD7D0100D58601009A
:1086C000F01E0020024B1869003818BF01207047C7
:1086D000901600202DE9F04FDFF8B0850F4687B0E7
:1086E0008146B8F80410D8F800408D05204655BFE3
:1086F000B4F8402000230132A4F840304CBF84F885
:10870000EE31A4F8402009F049F938B10B4604F5E0
:10871000AB7204F1A8012046FCF788FCB8F80430DD
:1087200003F4C06333B1A37C002B00F0A080032BC3
:1087300000F0A380A27CB8F80430012A03D1180508
:1087400044BF0222A274B9F1000F40F00181590622
:1087500057BFB4F808224A46013292B2A4F8082260
:1087600003F00A020A2A0FD198F80C20022A0BD132
:1087700023F008033846A8F80430FFF7A1FB38437C
:108780000823C7B2A8F804303846FFF799FBD8F899
:1087900010303843C7B2002B50D01422002101A85A
:1087A00009F08AFF94F8210101F042FE054694F891
:1087B000210101F035FE05F5FA754FF47A7394F84E
:1087C0002911B5FBF3F5B4F8AA300544D4F8C80074
:1087D000ADF80430E388ADF80A50ADF8083007F082
:1087E000B3F994F8CE32ADF8060033B1D8F80830BA
:1087F0001A689B8804928DF8143094F8CD2201A851
:108800009DF80C3062F300038DF80C30D8F810306E
:1088100098470023049A84F8CE3284F8CD326AB1A6
:1088200094F8CC3253B9A37B372B07D09DF8143082
:1088300023B11178FF2924D11B2B29D9D8F8006046
:1088400096F89E30FE2B49D1002F47D1337C073B51
:10885000012B43D996F82C3113B396F82D31012210
:108860000221A6F8487086F8A03030467EE101214A
:10887000A1742046FDF752FB5CE702230121A3749B
:10888000F7E70729DAD1022BD8D15178FF29D5D1C2
:108890000121C4F8D02284F8CF3284F8CC12CDE77D
:1088A00096F80FA0AAF1100A5FFA8AFABAF1100F2F
:1088B00040F219813368DA0702D53A460921D4E734
:1088C0009D0740F1A3803A460C21304609F038F864
:1088D00096F8573043F0010386F85730B4F8E83182
:1088E00094F8EB510133A4F8E831002D00F0228315
:1088F000FAF7B6F810B10023A4F8E831B4F8AA00EA
:1089000009F0A9F9A37C8246012B40F25B83237C0A
:10891000082B40F02783B4F84030022B40F25283FA
:10892000B4F842500135ADB2E38801A920462B448A
:10893000A4F8E0310123ADF8043005F054FE00281E
:1089400000F04483BDF80430E2881344A4F8E43115
:10895000B8F80430D8F800505E0657BFB5F8F431C7
:108960000023B5F8E6219B1858BF9BB2A5F8F43157
:1089700095F82C311BB92B7C073B012B06D8B5F899
:108980004830B5F8E6211344A5F8483095F84E1064
:1089900031B1B5F84A30B5F8E6211344A5F84A30AC
:1089A00095F95420002AC1BFB5F85230B5F8E60158
:1089B0001B18A5F8523095F831306BB9B9F1000F9A
:1089C00040F0AE8398F80E30022B40F0658395F8A6
:1089D000A030062B18BF162395F8302022B9AB48DB
:1089E00085F83130FCF746F9284609F0A4F8A84B81
:1089F0001B681BB1A74A204611689847002384F8DA
:108A0000503007B0BDE8F04FFBF74AB8580702D521
:108A10003A46132129E7190706D596F898303A46C1
:108A200086F8A030072120E71A0602D500221B2174
:108A30001BE713F0300138D096F82F31002B72D19C
:108A400096F82E31C3B1F37B06F1A80006F59771B5
:108A500006F2DA22292B26D0B37BA3F129056B423B
:108A60006B4107F0D6FC336823F0200343F010037A
:108A70003360002386F82E313368DA0653D506F1C9
:108A8000A80007F011FD18B106F25F10FBF7C4FD56
:108A9000B6F80A3100221521A6F8A030B6F80E313A
:108AA000A6F8A230E1E60123DBE713F0400202D092
:108AB0000A462421D9E613F4807101D01E21D4E6A0
:108AC00013F4007202D00A462F21CEE613F40051AF
:108AD000FAD113F4806202D00A463121C5E6DB04E4
:108AE00021D52C21C1E6D8F80050EB7B182B49D0BA
:108AF00014D8112B37D0162B3BD0B37B002B40F072
:108B00008880F37B103B102B40F28B8096F83E3030
:108B1000002B00F0868001221221A6E6202BECD14A
:108B20003A46062121E0D8F80050EB7B3D2B64D07B
:108B30000CD82F2B67D0352B53D0262BDDD195F8B1
:108B40003831022B50D1002217210EE0452B57D08F
:108B50004E2B5BD0402BD0D14F4B4C481B689847D5
:108B60000022332101E03A460B21284608F0E8FEB6
:108B7000B4E62846FCF7F2F800283FF4AFAE002236
:108B80000421F2E795F8C832012B07D13A460521B6
:108B9000284608F0D5FE85F8C8729FE695F8C832D9
:108BA000022BD9B27FF49AAE95F8563053B1062312
:108BB0003A4685F8A030284608F0C2FE002385F822
:108BC000C832EAE7D8F8003040F20632A3F89A201B
:108BD0003A4695F8663013F0040F0CBF0D211121B1
:108BE000E9E700221121C0E795F83831012B84D143
:108BF00095F83931002BA6D07FE700222D21B4E76C
:108C000000223A21B1E700222021AEE700223C21D8
:108C1000ABE7092B05D196F89930012286F8A030F0
:108C200000E7BAF1100F7FF659AED8F8005095F86A
:108C30000EA0BAF1000F40F0C28095F83F313BB171
:108C400001220E21284608F07BFE85F83FA1A4E70B
:108C500095F83E3183B195F857A01AF0030B0BD16C
:108C60004AF0010A01220C21284608F069FE85F825
:108C700057A085F83EB190E795F84031B3B195F82B
:108C80006D30DB090AD001222B216EE790160020FF
:108C9000A01E002098000020C81E00209D4B1B68CD
:108CA000002B00F08C809C48984788E095F82E3186
:108CB0002BB395F82F3113BBEB7B05F1A80005F51D
:108CC000977105F2DA22292B17D0AB7BA3F1290685
:108CD0007342734107F09DFB002385F82E3101227A
:108CE0001421284608F02CFEB5F80A31A5F8A0306A
:108CF000B5F80E31A5F8A230F0E50123EAE795F8C2
:108D00003831012B6FD195F83931002B6BD1E87BCD
:108D1000A0F12403072B66D995F820114B1EDBB276
:108D2000032B0AD8DFF808C2634493F81DE095F8D6
:108D30002131013BDBB2032B04D94FF43F710620F4
:108D4000F8F73AF9BEF1020F95F83A2114D0BEF1C6
:108D5000030F13D0BEF1010F04D1012A14BF00226A
:108D600001226AB9A0F14703012B28D90A38042847
:108D700025D901221621F8E6022AEFE7042AF1D1CB
:108D800063445A7F95F83B31022A24D0032A24D029
:108D9000012AE7D1012B14BF00230123002BE1D0CE
:108DA000EB8805F53672B5F83C0106F052FD8246B7
:108DB000B0B901465848FAF759FD85F838A1B37B98
:108DC000002B7FF48BAD96F8CC32002B3FF486ADB0
:108DD0000122FF2149E5022BDDE7042BE0D0C1E7AA
:108DE0002C23AB737AE595F8423113B1012222218D
:108DF000BBE695F8413143B1484B47481B6898475B
:108E0000FE280146DBD00122AFE695F84A3113B1C6
:108E100001221D21A9E695F84B316BB195F86B3015
:108E2000DB0902D001222E219FE63D4B01220C21BD
:108E300039481B68984751E595F84C3113B1012228
:108E4000362192E695F84D3113B1012230218CE69E
:108E500095F8503113B10122382186E695F84E314C
:108E600033B1304B2C481B689847012232217CE6F5
:108E700095F84F3113B10122352176E695F851313D
:108E800013B10122262170E695F8D43213B10122E4
:108E90003E216AE695F85231B3B1DFF87CA0122189
:108EA000DAF80030B3F8AA00F8F7B0FC03699B07C2
:108EB00006D51D4B50461B68984701223B2154E6BE
:108EC0001A4B50461B68EFE695F854318BB195F874
:108ED000393173B9EB7BA3F12402072A09D9AA7BA4
:108EE0003E3A042A05D93E3B042B02D90122232114
:108EF0003BE695F85331012B05D1002385F853311A
:108F00000122252131E695F85331022B7FF457AF2A
:108F1000F3E700BFD81E002090160020801E00201E
:108F2000BC1E0020C41E0020E41E0020EC1E0020F9
:108F300024540400F9F780FD08B1A4F8E851F9F7CA
:108F400097FD00283FF4DAAC94F8EE310133DBB240
:108F5000022B84F8EE3182BF0023A4F8E83184F8B4
:108F6000EE31CBE494F83E3013B1A37B0F2B29D123
:108F7000B4F84000B4F84620B4F842509042B4F837
:108F8000DE3005F101054FEA83012CBF2D1AAD1A21
:108F90002046A5EB830508F001FDA8B1A36B626B29
:108FA00001339B1A5B1A9D42A8BF1D46BAF1000F00
:108FB00005D0BAF80E30043B9D42B8BF1D46012DC6
:108FC0003FF7B1AC0125AFE42B46ECE7DFF860B129
:108FD000B4F8DE60DBF8003073B1012E0CD9F9F77C
:108FE00031FDDBF800300246E18820469847BDF8A5
:108FF00004301844ADF8040094F8EC31002B3FD154
:10900000012D3DD9E37B0BB10B2B39D1A37BBBBB2E
:10901000237CABBBA37C022B32D194F8EE317BBB1B
:10902000D4F8C00005F01EF850B394F89E30FE2B23
:1090300026D1B4F8E231012B22D9B4F8E821B4F8F2
:10904000D0309A421CD2BAF1000F05D0BAF80E10F7
:10905000B1B99AF8121099B9013D9B1AADB29BB201
:10906000B5FBF6F59D4228BF1D46BDF8043005FB53
:109070000633003D18BF0125ADF8043084F8EA51ED
:109080002A4B1B68002B3FF45DACBDF80410204652
:109090009847ADF8040055E4012B08D16B7C002BF8
:1090A0007FF49AAC00212846FCF738FF9FE45FB1BB
:1090B000F80633D4390733D4BA0633D4BB0733D1D7
:1090C00040F61E3131203BE639B1B5F84A10B5F80B
:1090D0004C30994201D322237EE4002A05DDB5F805
:1090E0005220B5F84C309A42F5D2B5F84820B5F880
:1090F00042309A4209D2AA7CB5F8403052B1B5F854
:1091000042209A42CED8082366E495F82C31002BF1
:10911000E1D1F0E7052BC5D93E235DE41E235BE4D6
:109120003D2359E4232357E42A2355E4C01E00209D
:10913000B01E002073B504460190D0F8E002D4F8C8
:10914000C830984214D1D4F8E462D4F8D030F61A7A
:1091500018BF012694F8EC32002B3ED0B4F8AA00D8
:1091600008F079FD30B940F67E513120F7F724FF41
:109170000126EFE7B4F8E822B4F8DE309A421AD1BB
:10918000B4F8EA3282899B1A18BF0123A57B472DC8
:1091900015D0E27B472A10D00025B4F8E62201A8BA
:1091A000D4F8E012FAF7DAFF8DB30023A373032398
:1091B000A37402B070BD0123E8E73343ECD0154B34
:1091C0001B6813B940F68951CFE7A5F1470200218A
:1091D00001A8554255419847DFE7002EDCD0B4F88E
:1091E000AA3094F82911A4F8A73106F0ADFCB4F820
:1091F000E432A4F8A90104F29D10A4F8AB31B4F84C
:10920000E6320549A4F8AD3107F07EF8C4E7E5730E
:10921000CDE700BFD41E00208F08020008B5FBF781
:10922000CBFA024B024A1A6008BD00BF841E002020
:10923000157E0100014B5870704700BFA816002032
:10924000014B1874704700BF38170020074B93F983
:1092500000301844142804DC10F17F0F03DB40B207
:109260007047142070476FF07E007047A6170020EB
:109270007F2307B50DF107008DF8073000F0D6FF0A
:1092800003469DF9070053B1094B5B785B425BB223
:109290001844142806DC10F17F0F05DB40B203B040
:1092A0005DF804FB1420FAE76FF07E00F7E700BFDB
:1092B000A6170020024B00221A705A70704700BF98
:1092C000A6170020014B1870704700BFA817002098
:1092D000064BD3F8000138B1D3F8040120B1D3F81C
:1092E0000801B0FA80F04009704700BF00600450E8
:1092F000034B00221A705A7010229A70704700BFF8
:10930000AC170020F8B50646022014460D4600F0C2
:10931000CBF8114B114A01275C60191D9A6002F1CC
:10932000807203342D011F70DC601D83C3E90426A5
:109330000022243303F80A2C0D2203F8092C084AD2
:10934000C2F83015074903C983E80300C2F808755D
:10935000C2F83835F8BD00BFAC1700200300000B81
:1093600000600450E854040008B5022000F09CF8A6
:109370000D4B01221A7000220C4BC3F80021C3F8D8
:109380000421C3F808210A4AC3F8802003F5743386
:10939000C3F88C20A3F58023C3F88C21A3F5805358
:1093A0000822C3F8042508BDAC1700200060045053
:1093B00003000080154A08B51378FBB10023144957
:1093C000C1F8803001F57431C1F88C30A1F58021ED
:1093D000C1F88C3108210F4BC3F80815FFF778FF4F
:1093E00088B101235370938EFF2B03D9BC213B20FE
:1093F000F7F7E2FDDBB29370002313700020BDE8A5
:10940000084000F051B810235070F4E7AC1700206A
:109410000060045000200450094B1A7862B1094BD7
:10942000D3F8002152B1D3F8040140B1D3F80801B8
:10943000B0FA80F0400970475878704702207047B2
:10944000AC17002000600450064A08B513782BB111
:10945000FFF73EFF20B192F8340008BD9078FCE79A
:109460001020FAE7AC17002038B5084C0025D4F8D6
:109470000035032B04BF01236360C4F80055C4F812
:10948000005501F041FAC4F8805038BD0060045026
:10949000044B4022C3F88820BFF34F8FBFF36F8F78
:1094A000FFF7E2BF00E100E010B50446FFF7DCFF84
:1094B000012C06D0022C09D03CB18C213D20F7F7BD
:1094C0007BFD074B0222C3F8002510BD044B03228D
:1094D000C3F8002502F10042C3F88020F5E700BF81
:1094E00000600450024BD3F8A00300F00100704765
:1094F00000C0FF00084BD3F8A423D3F8A833511CB5
:109500009BB203D14FF6FF718B4203D00260838080
:10951000012070470020704700C0FF000B4B30B5A2
:10952000D3F89053D3F89443D3F89813D3F89C23EB
:1095300005EA04030B401340013317BF0560002008
:10954000446081601CBFC260012030BD00C0FF00CC
:109550000B4B30B5D3F88053D3F88443D3F888133A
:10956000D3F88C2305EA04030B401340013317BFE3
:1095700005600020446081601CBFC260012030BDD6
:1095800000C0FF00074B0022C3F80022C3F81822D6
:10959000C3F82022C3F80C22C3F81422C3F81C22FB
:1095A000704700BF00A0085010B50D4C01F03F01FE
:1095B000D4F8203E41F40C3123F4702341F420719F
:1095C00043EA0243074AC4F8203E536823F00303EA
:1095D00018435060C4F8000DC4F8101D10BD00BF42
:1095E00000A00850E8170020064B10B50024C3F86F
:1095F0007043224621462046FFF7D6FF024B83F8F0
:109600003C4010BD00A00850E8170020094B002284
:10961000C3F84825C3F84425C3F84025C3F84C25B2
:10962000C3F85025C3F850214FF48012C3F8082323
:10963000704700BF00500850EFF3108272B60D4B18
:1096400093F83D1021B15B78012B04D0022B0ED092
:1096500002B962B6704710F0040FF9D1064B002131
:10966000C3F8401503F5A04301211961F0E710F09C
:10967000020FF2E7E81700200050085008B5104B21
:10968000187201380F4B072815D8DFE800F00408DE
:109690000C0A140E10120322C3F8002508BD042280
:1096A000FAE70622F8E70522F6E70022F4E70122AE
:1096B000F2E70F22F0E740F645513E20F7F77CFC39
:1096C000E817002000A00850002814BF022304233C
:1096D00007B58DF8043000238DF8063008F05FFCE4
:1096E00001284FF0FF3088BF00208DF8050001A849
:1096F00003F0B6FC20B140F65C313E20F7F75CFC8D
:1097000003F0C6FC58B15723ADF80230BDF8023063
:109710009BB25A1E92B2ADF80220002BF6D1034B39
:10972000012283F83D2003B05DF804FBE817002018
:1097300070B5134D034608466E7F26B940F6C10149
:109740003E20F7F739FC63B9012EAC69297F05D1BA
:1097500000F024FF20442B69C01A70BD08F0E8FA1D
:10976000F8E7012B09D1012EAC69297F02D100F065
:10977000FFFEEFE708F0E7FAECE70020EBE700BFB9
:10978000E8170020124B93F82900F8B193F828202D
:10979000EAB193F82A200F4B52B10F4AC3F80821BF
:1097A000A3F5A043D3F84001B0FA80F04009704718
:1097B000D3F8002442F00102C3F80024D3F82005B6
:1097C00000F0F600023818BF0120704701207047F2
:1097D000E817002000A008500B00008013B50B4CC8
:1097E00001AB94F9092001F0DBF89DF8050001F0C8
:1097F0005FF920B140F2E3513E20F7F7DDFB21464F
:109800009DF9040000F050FE02B010BDE8170020E2
:1098100008B5134BDB89952B21D970B9114B283131
:109820001846D960104901F02BF90130012816D9EA
:1098300040F2C2613E20F7F7BFFB01280CD1094B73
:1098400029311846D960084901F020F90130012872
:1098500005D940F2CC61EDE74FF4DA61EAE708BDE3
:10986000E8170020A4000020F0540400074BD3F8B0
:10987000502110B532B10022054CC3F85021D4F864
:10988000203203B110BD08F074FEF8E70050085014
:1098900000A0085008B50E4BDA89952A16D95B78D6
:1098A000012B09D101F0F8F8013001280ED940F65A
:1098B00011113E20F7F780FB022B07D101F0F2F8DF
:1098C0000130012802D940F61711F2E708BD00BFA8
:1098D000E81700200A4B40F409000A4A9B8940F02F
:1098E0004000B3F5166F36BFA3F63813A3F5166321
:1098F00043F48073C2F80837C2F84005704700BFD0
:10990000E817002000A0085010B50C46FFF7B6FE7F
:109910002046FFF7DFFF0D4BD3F8002442F0100282
:10992000C3F800240A4A127A082A0BBF40F2022226
:1099300040F20312C3F8442EC3F8442E14BF40F281
:109940005B62044AC3F8482E10BD00BF00A0085057
:10995000E81700202110010007B50DF1070003F002
:109960008BFB20B140F69F313E20F7F725FB0D4AD7
:109970009DF807305278012A04D0022A0ED003B095
:109980005DF804FB13F0040FF9D1074B0022C3F874
:10999000402503F5A04301221A61F0E713F0020FFE
:1099A000F2E700BFE81700200050085038B50C4619
:1099B0000546FFF763FE20462146FFF78BFF28464A
:1099C000FFF70CFF094B1B7A082B094B0BBF40F22A
:1099D000022240F20312C3F8442EC3F8442E14BFEF
:1099E00040F25B62034AC3F8482E38BDE8170020F6
:1099F00000A00850211001002DE9F04106460C4658
:109A00001746FFF761FE08F026FA0028FBD0524DFA
:109A1000002E56D14FF0010895F8283085F80180C6
:109A2000002B3BD1A97A3846FFF7C0FF95F82A30C2
:109A3000002B37D0494BC3F80080494B4FF47A7262
:109A400033F8173003F5FA73B3FBF2F3E41A01238A
:109A500085F828302B691C44424BC3F8404595F8E3
:109A60003E302BB1032B57D0022B51D1002E53D0B7
:109A70003D4B3C49C1F8C031FFF784FE0546002844
:109A800065D00123CB64D1F84C35A3425FDA21467F
:109A90003046FFF7BDFEFFF75FFF59E095F82A302B
:109AA000002BCAD1314B4FF47A7253F8273003F5AB
:109AB000FA73B3FBF2F32C4AE41A284BC3F80021E3
:109AC000C5E7012E1FD102236B7095F8283083B9AA
:109AD000A97A3846FFF718FF95F82A306BB11F4B6B
:109AE0005E601E4AD2F8003443F01003C2F800341E
:109AF000ADE795F82A30002BF3D1184B293C1A4AD0
:109B0000C3F80421A3E740F634013E20F7F754FAE6
:109B1000012BADD1002EABD02F6C4FF48013114D23
:109B20004FF00008E71B1248C5F85081C5F8507582
:109B3000C5F8043302F024FB0123EB64D5F84C355F
:109B40009F4295D80720C5F85085FAF735FD0025C6
:109B50002846BDE8F08100BFE817002000A00850AB
:109B6000BC550400005008500B00008098550400BC
:109B70006D98010048220021014808F09DBD00BFFA
:109B8000E8170020014BD881704700BFE81700207C
:109B9000024B012283F82A20704700BFE8170020FB
:109BA000024B0344187D00F516607047F054040022
:109BB000014B187F704700BFE8170020024B9869DF
:109BC0001B69C01A704700BFE81700200A4B1A7FB4
:109BD000D3E90430C01A094B03EB8203DB6BC01AD4
:109BE000074B53F822304FF47A7203F2F313B3FBAE
:109BF000F2F3C01A704700BFE8170020F0540400C9
:109C000084550400FF2810B504D940F2CB213E2032
:109C1000F7F7D2F9013907292AD8DFE801F02C310A
:109C20000404292C2C220024032201214FF0C743D5
:109C3000234340EA024043EA015340F0007043EA04
:109C40000123134943F00803C1F8203EC1F8280E50
:109C5000D1F8203503F0F703032B17D140F256312A
:109C6000D5E700224FF080644FF000731146DFE724
:109C70004FF44F71CBE70024032201212346D7E79D
:109C80000024032201214FF08073D1E710BD00BFF3
:109C900000A0085008B50A4603460C490C48C1F814
:109CA00070031878032804D040F2AB313E20F7F758
:109CB00083F9012A59780CBF08220022FFF774FCAF
:109CC000044B012283F83C2008BD00BF00A00850CF
:109CD00006000080E8170020F8B5284E4FF4806792
:109CE000C6F89070BFF34F8FBFF36F8F08F0ADF8D9
:109CF0000546234C08F04FF90121401B214D2061FE
:109D0000C5F8A410FFF73EFC4FF40023C5F8401E31
:109D1000C5F800341C4B187C00F0DCFE03F0F0F8B2
:109D20001A4B1B4AC5F838331A4BC3F8C820013AFE
:109D3000C3F8C42040F6FE72174BC5F81433174B16
:109D4000C3F8042500239622A383A361238584F806
:109D50002A30E281D5F8002D84F83C304FF480732E
:109D60006260C6F89071C5F88834A36C376103B19E
:109D70009847BDE8F84000F077BE00BF00E100E082
:109D8000E817002000A00850A40000200300008075
:109D9000060000800050085001000080002008509C
:109DA000014B5872704700BFE8170020020E034BAA
:109DB0000002C3F8342EC3F82C0E704700A00850E0
:109DC000044B054A034490721B7D03F5166393818F
:109DD000704700BFF0540400E817002008B5FFF7F3
:109DE0000BFE58B9064B0122C3F8400503F5A0430A
:109DF00002201A61BDE80840FAF7DEBB08BD00BFCB
:109E000000500850F8B53F4F05460E4697F82930E8
:109E100023B940F206713E20F7F7CEF897F83E409E
:109E2000FCB108F018F80028FBD0374B0122DA64A7
:109E3000D3F84C459DB9354B4FF47A72323453F810
:109E4000263003F5FA73B3FBF2F31C443B69324648
:109E50002846E41A2146FFF7C1FF2046F8BD5B34CF
:109E6000F4E7FFF731FC0123294A87F82830D2F8BC
:109E7000003443F00103C2F8003487F82A4007F0A9
:109E8000EAFF0028FBD03DBB0123B97A30467B7046
:109E9000FFF78CFD7B78012B02D04FF4E961BAE724
:109EA000194AD36402F5A0421360174B2846D3F831
:109EB0004C452146FFF7ACFCFFF74EFD3B69E41A29
:109EC000F5B9124B4FF47A7253F8263003F5FA7352
:109ED000B3FBF2F31C44C0E7012DE6D10223B97AAB
:109EE00030467B70FFF710FD7B78022B02D040F2EA
:109EF000517190E7044BDD6403F5A0435D60D4E746
:109F00002934AAE7E81700200050085098550400AB
:109F100000A0085073B5294B4FF48061284A4FF0D8
:109F2000FF30D3F88854C3F89004C2F890114FF46E
:109F30000022244C05F48075C3F800240022224935
:109F4000228584F82A20C1F84025C3F80821C3F8E7
:109F50000021C3F80421D3F82015C9B2D1B18DF87E
:109F60000700C3F8202201221A619DF8072012B1D0
:109F7000D3F820223AB19DF807305BB940F6FF01D3
:109F80003E20F7F719F89DF80720013AD2B28DF874
:109F90000720EAE7FFF77EFC084E0023C6F82032D0
:109FA000238094F83C300BB1FFF71EFB1DB14FF43A
:109FB0008073C6F8883402B070BD00BF00A008509E
:109FC00000E100E0E817002000500850F8B52A4FE3
:109FD000FFF71CFBFFF79EFF00F04CFD97F83D30AC
:109FE0004BB103F043F820B140F2AE413E20F6F70A
:109FF000E3FF87F83D00002003F044F8044610B169
:10A0000040F2B141F2E71D4D1D4EC5F8C401C6F83E
:10A010000801C6F80001C6F80401C5F8C800C5F873
:10A02000C400C6F80401C6F8000102F081FF154B18
:10A0300040F6FE72C6F83843C6F81443C5F8C0416E
:10A04000C3F80825FC70C7E90544FFF7DFFA0E4B9B
:10A050004FF48062C5F84841C5F84441C5F8404115
:10A06000C5F84C41C3F89020BFF34F8FBFF36F8FFB
:10A07000C3F89021F8BD00BFE81700200050085039
:10A0800000A008500020085000E100E070B5174C17
:10A090000646257865B994F82A206570E5701AB1EE
:10A0A000134AC2F8405170BD228584F82A20FAE78D
:10A0B00018B1BDE87040FFF72DBF013DE189A278DE
:10A0C00018BF01252846FFF733FB94F82A300146D4
:10A0D000268043B1064BC3F84061A2782846BDE80C
:10A0E0007040FFF77BBE84F82830F6E7E8170020C1
:10A0F00000500850014BC3F84C0E704700A00850A8
:10A1000038B50446074802F0BDFF20B140F668119B
:10A110003E20F6F751FF044D94E80F0085E80F004C
:10A1200038BD00BF39960100341800200A490B4B96
:10A1300010B50124C1F8D00E586283F82940FFF70A
:10A1400021FB40B9064BC3F8400503200C61BDE874
:10A150001040FAF731BA10BD00A00850E8170020EF
:10A1600000500850144A136918449369834210B58B
:10A17000124C09D30220FAF71FFA00230122C4F877
:10A1800040350F4B1A6110BD0123D3706364D4F8BE
:10A1900044250532824206D3094AD2F80C1200291E
:10A1A000F1D11361EFE70023C4F84431054BC4F843
:10A1B0004405C4F8C431E6E7E81700200050085011
:10A1C00000A008500900008038B50A4C0346657F9E
:10A1D000217F012D227AE08909D100F0EDF9A369F0
:10A1E00022699B1A1844BDE83840FFF7BBBF00F056
:10A1F000FDF9F4E7E8170020044BC3F8940ED3F8F8
:10A20000002442F04002C3F80024704700A0085028
:10A21000054BD3F8002422F04002C3F800240022AA
:10A22000C3F8942E704700BF00A00850044BD3F829
:10A23000183703F07F035B4203700120704700BFB3
:10A2400000A00850094B93F82A206AB10128084A57
:10A25000084902D1C2F804117047C2F8001118B9B8
:10A26000997A187AFFF7BABA704700BFE81700204A
:10A2700000A0085007000080002808B518BF02227F
:10A280000A4B08BF012299701A7093F82A205AB11C
:10A290001B7A8B4204D040F6C7213E20F6F78CFE95
:10A2A000BDE80840FFF7CEBF08BD00BFE81700209B
:10A2B000054B0022C3F84025044AD2F82035DBB212
:10A2C0000BB10123136170470050085000A00850E3
:10A2D000044B30B5D3E90C459B6BC0E900450B60DE
:10A2E00030BD00BFE81700202DE9F04107F0A7FDC1
:10A2F000484C494D0123C4E90C01EB64D5F84C35B9
:10A30000A363FFF7C7FA454B0022C3F80821C3F83F
:10A310000021C3F80421C3F80421C3F80021D3F8B5
:10A32000001421F01D01C3F8001494F83C3084F8A7
:10A3300029200BB1FFF758F9D5F84835A361D5F8B6
:10A340004435636163786377344BD3F81872D3F87C
:10A350002002FFF717F96678022E40D1E3784BB15F
:10A36000D5F8443133B10120FFF790FEE36CBDE82E
:10A37000F0411847002F45D0237A23B940F24D21F0
:10A380003E20F6F719FEDA1E012A24D8234BD3F813
:10A390001C3E13F006031DD0022B1ED00323002504
:10A3A00000202377FFF772FE1C4B85F00101D3F8E4
:10A3B0000C2ED2074CBFD3F81C0E0120236D44BFD6
:10A3C00000F00100084300F0010080F00100BDE84A
:10A3D000F041184703230125E2E70423FBE7012EA0
:10A3E00010D1237A237737B10020FFF74FFE636D3A
:10A3F00031460020EBE758B13046FFF747FE636D6A
:10A400003946F6E720B10120FFF740FEA36DAEE725
:10A41000BDE8F081E81700200050085000A0085067
:10A42000024B03EB8003D86B704700BFF05404006D
:10A43000024B03EB8003186D704700BFF05404001B
:10A44000F7B501230D464778014643700446284678
:10A45000164600F069F94FF47A73124AADF80630E7
:10A46000BDF806309BB243B9BDF806309BB27BB94C
:10A4700040F65F513E20F6F79FFDD2F80431002BE5
:10A48000F2D1BDF80630013B9BB2ADF80630E7E7EC
:10A49000677016B9EB78A370AB707B1E58425841B9
:10A4A00003B0F0BD006004502E3008B5362854D8F3
:10A4B000DFE800F05053535353534D53535353530A
:10A4C0005353535353534B5353535353585358535A
:10A4D0004953475345534353413F3D3B3937353348
:10A4E000312F2D2B29272523215A1C003F231F4ABA
:10A4F000C2F8103708BD3323F9E72D23F7E72823E7
:10A50000F5E72323F3E71F23F1E71B23EFE71823E6
:10A51000EDE71523EBE71323E9E71123E7E70F2323
:10A52000E5E70D23E3E70B23E1E70A23DFE7092350
:10A53000DDE70823DBE70723D9E70623D7E7052371
:10A54000D5E70423D3E70323D1E70123CFE74FF473
:10A550009873CCE74FF48873C9E74FF48E713F20AE
:10A56000F6F72AFD0223C2E73923C0E700A008500E
:10A570004FF47A73033A5843012A10B5064C00F29F
:10A58000E73034F911100844B0FBF3F08CBF02231C
:10A590000A23C01A10BD00BF705504004FF47A732F
:10A5A000044A00FB033032F911201044B0FBF3F0F1
:10A5B000704700BF7055040038B51D460A4B33F98B
:10A5C000114003EB820305355B691C444FF47A7339
:10A5D00004F6B73403FB00441046B4FBF3F42544FF
:10A5E000FFF71EFF284438BD7055040070B50646BD
:10A5F00008461546FFF71CFF094B03EB85035C6912
:10A600004FF47A7304F6B73403FB0644241A284641
:10A61000B4FBF3F4FFF704FF0530204470BD00BF26
:10A6200070550400024B00221A705A709A707047DD
:10A63000441800202DE9F0470746012015469DF8F3
:10A6400034400E469846DDF824A09DF83090FEF781
:10A650002BFF314AD47014B93B1F5C425C4107F0B8
:10A660000303002143EA04632C4CC4F804352C4B4B
:10A67000C4F88010C3F88410A3F58023C3F88411B4
:10A68000A3F580530221C3F80815BDF828303168BE
:10A690009380F36809BA93FA83FCB36818BA7368B5
:10A6A000C4F810C51BBAC4F81405C4F818352B0A31
:10A6B000C4F81C152D069DF8206043EA0863DAF8FB
:10A6C00004102DBA003E23F00043DAF8000009BA66
:10A6D00018BF0126B9F1020F00BAC4F8201543EAE9
:10A6E000C673C4F824051BBAC4F82835C4F82C5521
:10A6F0000CD80C4B022F13F80930C4F848354FF032
:10A700000103537000D11370BDE8F0874FF49B71C3
:10A710006C20F6F751FC00BF441800200060045084
:10A7200000300850D05504002DE9F84F334B044653
:10A730000D465A7822B94FF4A8716C20F6F73CFC0C
:10A740004A7893F803801A81B8F1000F51D14A7802
:10A7500003F1060B42702A4A4FF0000C294E4FF0CD
:10A760000E09DFF8ACA006F1080706F1300EC3F8B9
:10A7700044B006F1400BDD61C3F820A083F82AC085
:10A7800083F82B9092E80300C3E90BCC86E8030022
:10A79000D2E90201C3E9154A87E80300E91C1F89D1
:10A7A00059621F85D2E904018EE8030016499964B5
:10A7B000D2E90601E21CDA6507EB0802A3F8602083
:10A7C000C2F307428BE8030083F86220012183F87B
:10A7D0006390C3E919CCAA78A2700C4AC2F830651C
:10A7E000C2F838E599701970C2F804C11160BDE86B
:10A7F000F88F00F1010B4FF00408ACE7441800207B
:10A80000D4550400501800200100000C00600450D2
:10A810000100000D334B5A782DE9F04105460E46F4
:10A8200022B94FF4BD716C20F6F7C6FB2E4A03F136
:10A830003C0C03F14C0403F10C07DFF8C480DFF893
:10A84000C4E0C3F848805E65C3F858E092E80300AE
:10A85000C3E9095E8CE80300711C5964D2E9080160
:10A8600084E80300F11C0024D96520499C6683F824
:10A870003240C3E91814D2E9040187E80300691CD7
:10A88000C3E90518D2E90601EA1C03F11C08DA62E3
:10A890009A881A860E2288E8030083F83320012163
:10A8A000C3E90D44B278AA70114AC2F830C5C2F8A3
:10A8B000387599701B780BB9A921B4E70D4BC2F814
:10A8C0000441C2F80841C2F880300B4AC2F8843013
:10A8D000A2F58022C2F884310222084BC3F8042575
:10A8E000BDE8F08144180020D4550400E803000EB0
:10A8F0000060045001000080003008500020045027
:10A900000100000C0100000D0C4B1A788AB10022E6
:10A910000B490220C1F8802001F57431C1F8842070
:10A92000A1F58021C1F88421A1F58051C1F8080565
:10A930001A7000225A709A70704700BF44180020A5
:10A940000060045008B50B4BD3F8082122B1042055
:10A95000F9F732FE022008BDD3F8042122B9052000
:10A96000F9F72AFE0320F6E7D3F80004003818BFF1
:10A970000120F0E700600450014B01225A6070474B
:10A9800000600450014B1860704700BFB4180020ED
:10A99000024B1868003818BF01207047B418002017
:10A9A0002DE9F04F254C85B0054698460F461646D2
:10A9B00000F0CEF823788146AB4211D16378BB42D8
:10A9C0000ED194F90230B3420AD1E378834207D121
:10A9D000A388A8F8003094F9060005B0BDE8F08F10
:10A9E000082D1CD18DF80F6028469DF90FB007F097
:10A9F000BFF982463846FFF7D3F8002203464146A6
:10AA000000925846524600F059F8B8F80030A0714C
:10AA1000A38025706770A67084F80390DBE7284652
:10AA200007F0A6F90DF10F033246394600F096F80B
:10AA30000028D9D04621A920F6F7BEFABA00002096
:10AA4000014B186099807047D8180020024BD860DD
:10AA500019745A82704700BF04190020014B1B680B
:10AA60001B681847F8000020014B1B685B681847FB
:10AA7000F8000020014B1B689B681847F800002075
:10AA8000014B1B681B691847F8000020014B1B682D
:10AA90005B691847F8000020014B1B689B69184749
:10AAA000F8000020014B1B68DB691847F800002004
:10AAB000014B1B689B6A1847F800002030B4044C17
:10AAC0009DF8085024680295E468A44630BC6047AD
:10AAD000F800002000220D49134610B540FA02F498
:10AAE000E40744BFCA545C1C02F1010248BFE3B250
:10AAF000042AF3D1054AFF24D118032B01D9107180
:10AB000010BD013301F8014BDBB2F6E7001F002056
:10AB1000C71D0200CD1D0200CF1D0200F51D020061
:10AB2000D31D0200FF1D0200D91D0200091E0200F4
:10AB3000DF1D0200151E0200EB1D0200EF1D0200CA
:10AB4000E11D0200E71D0200051E02000F1E0200AB
:10AB5000014B187D704700BF68190020042810B50C
:10AB600011D883B104280CBF10242824A1420AD292
:10AB7000064C54F8200018B141568A42A8BF0A4634
:10AB800000201A7010BD6FF01500FBE76819002057
:10AB90000728034611DC10F12D0F10DB094A1018AD
:10ABA00090F82E0002EBC00292F93C209A4207D0A6
:10ABB000002918BF0130C0B270471B207047002029
:10ABC000704700BF54560400072808B507DCFFF79C
:10ABD000DFFF044B03EBC00393F93C0008BD0820E2
:10ABE000FCE700BF54560400C0B208B520B9044BBE
:10ABF00001229A601A6008BD4D21B52001F0AEFF18
:10AC000000E0105010F0FF0008B513D10B4B0122EB
:10AC10005A60DA600A4AC3F800011070D3F80824B9
:10AC200012F0010205D1C3F81021C3F81821C3F8AE
:10AC3000142108BD7C21B52001F090FF00E01050E8
:10AC40007D190020014B01221A7070477D190020E8
:10AC500008B540B9064BD3F8103113B9054B187835
:10AC600008BD0120FCE7C121B52001F077FF00BF3E
:10AC700000E010507D190020024BD3F8080400F0CA
:10AC80000100704700E01050024BD3F8480400F078
:10AC90000100704700E01050024BD3F84004C0B2EE
:10ACA000704700BF00E0105007490246D1F84C043D
:10ACB000D1F84C1410F4803005D0D0B201F0030369
:10ACC0001B1A58425841704700E0105038B51A4BD3
:10ACD000D3F80C34DA0304D440F279116D2001F07A
:10ACE0003DFF164A0124164B106A536620F03F00C0
:10ACF00094645464136CDB03FCD4136A116C03F08A
:10AD00003F03C1F30A01C1F5806181EAE1750B29B6
:10AD1000A5EBE17509DD3F2B04D00133034313623A
:10AD2000172DE6DC0023936438BD0B31F8DA002BD5
:10AD3000F8D0013BF2E700BF00E0105000081250CD
:10AD40000100008038B50B4C23781BB10023237021
:10AD5000FFF7BCFFEFF3108572B6637803F0FF00D6
:10AD60000BB9FFF74FFF05B962B6034B00225A66D5
:10AD700038BD00BF8019002000081250F8B5104EF1
:10AD8000012704460D463318DF7007F045F860B917
:10AD900034B90C4B11227771B560C3F80423F8BDA8
:10ADA00040F225116D2001F0D9FE002DF7D01CB91D
:10ADB0000220A847B460F2E74FF4A071F2E700BFA9
:10ADC0008019002000E01050044B0022191803EBFA
:10ADD00080034A719A60CA70704700BF80190020D2
:10ADE000014B1882704700BF80190020014B588A20
:10ADF000704700BF80190020014B188A704700BFC0
:10AE00008019002010B5EFF3108472B6064B03448E
:10AE10005A780132D2B25A705B78012B01D1FFF718
:10AE2000E3FE04B962B610BD8019002038B50346B0
:10AE3000EFF3108572B612490C18627822B940F20D
:10AE400067216D2001F08AFE6278013AD2B2627009
:10AE500062787AB90A7D82B178B90A4BD3F80C349A
:10AE6000DB0304D44B782BB9FFF7CCFE02E0487D1E
:10AE700002F006F805B962B638BD1846F4E700BF1F
:10AE80008019002000E0105010B506F0C8FF0C4CEF
:10AE900006F0C2FF60B1A37D3BB90A4B01229A6163
:10AEA0000423E3750023237610BD06F0BBFFF9E70A
:10AEB00003230122E375034BC3F80423F2E700BF29
:10AEC0008019002000E01050014B01221A627047E7
:10AED00000E01050044B587E28B1044BD3F8100109
:10AEE000B0FA80F0400970478019002000E010504F
:10AEF00038B50C4B5D7E5DB901245C7606F08FFFA2
:10AF0000094B1022C3F81051C3F80423DC6138BD8B
:10AF1000FFF7E0FF0028FAD040F2A3216D2001F0F6
:10AF20001DFE00BF8019002000E01050024BD87DAC
:10AF3000003818BF012070478019002038B5174C21
:10AF4000237D23B940F216316D2001F007FE012365
:10AF50002370A37DC3B9A37EB3B1227E013B9A4285
:10AF600012DA06F059FF054601F024FFA37E012BFB
:10AF700082BF237E0133237655B1E369C31A0133BF
:10AF8000022B09D935B1E061BDE83840FFF77CBF3D
:10AF9000236AF3E72062F7E738BD00BF801900207D
:10AFA00037B5184CA37D63B9606A00F00300FFF762
:10AFB0007BFE30B1EFF3108372B6E27D1AB103B9B4
:10AFC00062B603B030BD0122E27503B962B6082350
:10AFD0000D4DC5F808334FF42073ADF80630BDF8B9
:10AFE00006309BB25A1E92B2ADF80620002BF6D165
:10AFF000C5F80C3184F82830FFF746FF0823C5F860
:10B000000433DEE78019002000E010502DE9F74FEF
:10B010004E4C237D002B00F096800323ADF80430C6
:10B020004B4BD3F80051D3F80891D3F8142112B93F
:10B03000D3F818216AB10026C3F81461C3F8186167
:10B04000C3F81061637E0BB106F0ECFE667607F084
:10B0500045F83F4BD3F81031002B59D0637E1BB11C
:10B0600006F0E0FE00236376637913B102238DF8C6
:10B070000430003D18BF012545F01005354E0DF197
:10B08000040A334B4FF00008F71EC3F808531AF8B0
:10B09000010B03280AD03B7843B14FF0000B336813
:10B0A00087F800B013B19847C6F800B008F1010363
:10B0B000043601374FF00108022BE8D1B9F1000F37
:10B0C00008D0234B0022C3F808210422C3F8082328
:10B0D000FFF766FF94F82860EA071D4BF6B2D3F835
:10B0E0000C7108D5E27D032A05D1A27DA2B9042204
:10B0F000E27501229A61C7B1154B0022C3F80C21F9
:10B10000E37D042B0DD040F279316D2001F026FD56
:10B11000002DD3D00125B1E706F084FE0223E375AC
:10B12000E9E70223E37506F07DFE66B1002384F8AB
:10B130002830E37D022B01D1FFF7A6FE03B0BDE866
:10B14000F04F06F06FBE03B0BDE8F08F801900200D
:10B1500000E010508819002010B5054C606A00F01E
:10B160000300FFF7A1FD0028F8D0002010BD00BFAC
:10B1700080190020F8B5054650B10278022A07D898
:10B18000437842B9013B1F2B02D88378212B07D982
:10B190006FF0150088E0002BFAD18378002BF7D1EF
:10B1A000634B2022C3F8A020BFF34F8FBFF36F8FF4
:10B1B000604EC3F8A0217D235F4CC6F808330023FE
:10B1C000C6F80031C6F80831C6F80C316370A370B8
:10B1D000AB886382FFF750FD10B10123E370637009
:10B1E000D6F80C0440F2563310F4803023821BD082
:10B1F000FFF728FD514801F019FE4E4E602360759F
:10B200000022C6F804332B78A978012B627662629B
:10B21000A375A176227620D0022B17D0F3B140F28D
:10B220002E516D2001F09AFCC6F81001FFF7DCFCEE
:10B23000404AD2F81031002BFBD0FFF747FD002029
:10B24000FFF7E0FC3E4B00225A66D3E706F0E7FD2D
:10B25000D6F80C34D903FBD502236362FFF714FD43
:10B2600040B3FFF719FD636A03F00303984221D14D
:10B27000AB79D3B9FFF770FFA37E63B12B7853B9D5
:10B2800006F0CAFD054601F095FD6FF00043002D64
:10B290004BD0C4E907030123202200202375244B4F
:10B2A000E075C3F8A0211A62F8BD224B0422C3F84E
:10B2B0000423E1E71F4B012200215A61C3F8081162
:10B2C00094F82410C3F840141A610422C3F804232C
:10B2D000AA79002AD0D1D3F80423520702D440F22D
:10B2E000E1419EE7174A1769116907F0100741F01D
:10B2F00010011161D3F808310BB907F03CF90D4E7C
:10B30000D6F8083173B1FFF727FF27B90D4A136943
:10B3100023F0100313610423C6F808330023C6F892
:10B320000831A9E707F025F9EAE7C4E90730B2E7F1
:10B3300000E100E000E010508019002045AD010060
:10B340000008125000ED00E038B50C4B0C4619799E
:10B3500019B183216F2001F001FC60B95D790DB155
:10B36000002038BD01225A71FFF74CFD21462846C6
:10B37000FFF704FDF4E76FF01500F2E7AC190020C9
:10B3800038B50B4D04462B791BB19A216F2001F083
:10B39000E5FB50B96B790BB9002038BDFFF714FD00
:10B3A00020466C71FFF742FDF6E76FF01500F4E7F9
:10B3B000AC19002010B501B3F0B14FF0FF33104AC3
:10B3C0001C46E0FB0134944203D9DB216F2001F0DD
:10B3D000C5FB1A0DC3F30F100A4B42EA04324FF2B9
:10B3E0002444B2FBF4F100EB024003FB1100B0FB7C
:10B3F000F4F040EA0140013010BD0846FCE700BF10
:10B400003F420F00000024F4014B9B68184700BF27
:10B41000AC190020014BDB68184700BFAC190020B5
:10B42000014B1B69184700BFAC19002008B5064B3B
:10B430001B7923B140F237116F2001F08FFBBDE87B
:10B440000840FFF77BBD00BFAC190020034B1A7901
:10B450000AB9FFF7CBBC988D704700BFAC1900202C
:10B46000034B1A790AB9FFF7C7BC988A704700BF27
:10B47000AC190020024B1B790BB9FFF791BD704747
:10B48000AC190020014B9B69184700BFAC19002084
:10B4900038B51D4C237933B3FFF7C2FF50B91B4DAC
:10B4A000C5F81001FFF7B0FFD5F81031002BFBD025
:10B4B000FFF7B0FF154B6022C3F80423636A984777
:10B4C000002806DB94F82E3023B10123002084F8F5
:10B4D000303038BDFFF7D6FF0028F6DA40F28D1184
:10B4E0006F2001F03BFB0A4BA3610A4BE3610A4B5F
:10B4F00023620A4BA3600A4BE3600A4B2361FFF708
:10B5000039FE0028E1D0E4E7AC19002000E010503B
:10B5100059B10100311E02002DAF01001F1E0200B3
:10B52000251E02002B1E020038B5084B04461D796B
:10B5300025B140F2E1116F2001F010FB00F0C8FDD1
:10B540002046FFF74DFC284638BD00BFAC1900204F
:10B5500008B5074800F0AAFD054800F019F801F009
:10B56000CDF800F0EBFF00F0E5F9012008BD00BFC9
:10B57000E019002008B5054B1A781AB127210320DD
:10B5800001F0ECFA5860197008BD00BFE8190020FE
:10B59000024B986000221A705A607047E819002028
:10B5A000F7B51E4C2378012BDAB204D0022A2ED034
:10B5B000012003B0F0BD0DF10701606800F0D8F97B
:10B5C00065686B7DDB071CD5AB7F042B19D000F0C1
:10B5D00001FE0646A8B100F003FE2B69D5E900275D
:10B5E0009A18B36847F100070A332CBF01250025DC
:10B5F0001B1845EB01059342BD4102D3606800F082
:10B60000BDFA0023636023709DF80700D1E70DF1B8
:10B610000701606800F0B8F9F3E700BFE8190020FF
:10B6200073B505460C4600F0D5FD0646AB7F012BF1
:10B630001AD021462B4604F1180251F8040B91420E
:10B6400043F8040BF9D101230DF107012846AB772C
:10B6500000F08EF916B1012002B070BD034B042139
:10B66000986806F0F4FEF6E70020F5E7E8190020F8
:10B67000024B0621986806F0EABE00BFE8190020D8
:10B68000174B1868F0B560B150F8102C50E906342B
:10B6900018380A3344F100049B18826944F100040D
:10B6A00002B9F0BD52E90615994275EB0406F8D2CD
:10B6B000077D12F8046CB7420BD00FD90A3152F84B
:10B6C000103CA2F1180045F100055B1845F100049B
:10B6D00004E09688878BF61B3604EFD41268DFE708
:10B6E000F4190020F8B5244C002323716371A37171
:10B6F000E371EFF3108272B6A168E3606160A3604A
:10B7000002B962B600261D4D636803B9F8BD9A7987
:10B71000A3F11800032A07D11A6801219E7153F87A
:10B720000C3C62609847EFE71B6863B1183B074623
:10B730002A46997F04290ED09B7F032B04D06321D6
:10B740009F2001F00BFA2A46136802211B68136040
:10B75000C3688677E6E7B0F81CC0998BA1EB0C01B3
:10B760000904996944BF07F1180218460029EBD073
:10B770001F46A1F11803DCE7F4190020F819002096
:10B78000042300F11802837700230376437683763F
:10B79000C376044B996811B99A60DA607047D9682A
:10B7A0000A60FAE7F41900202DE9F041134C06462F
:10B7B0000F460020236833B9E8B1114BBDE8F041D2
:10B7C000187801F05DBB53E9061553F8082CD3F83F
:10B7D0000080521845F10005B242BD4109D22268ED
:10B7E000A3F1180012682260FFF7CAFF0120434648
:10B7F000E1E71C46FBE7BDE8F08100BFF41900203B
:10B80000FC000020494B1B682DE9F74F044682835A
:10B810008B46D0E9002003B1183B94F815C0DFF83F
:10B820000CE10CF0010C002B3BD0D3E90056AA42EE
:10B8300070EB060135D3BCF1000F2CD0277D197DAC
:10B840008F4228D399684D1946F1000615F10A0870
:10B8500046F1000E424570EB0E0119D2216989189C
:10B8600040F1000788457EEB070901D24146774643
:10B87000A942B7410FD22046FFF782FF2C4B187820
:10B8800001F0FEFA00238BF8003003B0BDE8F08F22
:10B8900011460746ECE703F1180E9B690BB1183B04
:10B8A000C3E7BCF1000F34D0A168891840F100094A
:10B8B000019173B30199D3E9007611F10A0549F1B9
:10B8C0000001AF4276EB010123D2257D197D8D4227
:10B8D00018D39D68ED1946F1000615F10A0A46F1E4
:10B8E0000008524570EB080110D22169891840F117
:10B8F00000078A4578EB070C01D251464746A9421A
:10B90000B741B8D39B6923B1183BD3E7114607462B
:10B91000F5E7DEF80020234643F8182FCEF8003074
:10B92000FFF7AEFE8442ADD10123ACE7F41900204D
:10B93000FC00002010B50B4C2378FF2B04D04FF4F3
:10B940008D719F2001F00AF9074801F06FFA074B4B
:10B95000002220701A705A709A70DA709A60DA6059
:10B960001A8210BDFC000020E5B60100F419002089
:10B97000044B1A8A10B4541C1C825DF8044BFFF768
:10B9800041BF00BFF419002038B504460D46FFF74B
:10B9900077FE231A04F118015842584128700448D0
:10B9A00006F07BFD10B100230120A37738BD00BF56
:10B9B000F419002038B5114B044600F118019A68BB
:10B9C000B2B19A6800209AB191420ED108B1A5692E
:10B9D00005609D68A94204BF12689A60DA689142C6
:10B9E00000D1D8600023A37707E010461268EAE789
:10B9F000034806F052FD0028F4D138BDF4190020A8
:10BA0000F81900202DE9F041264E04460D46FFF7B7
:10BA1000CBFE3068002843D0A0F1180C50E9063165
:10BA2000A34271EB050250F8102C3CBF2346294677
:10BA30000A322CBF012700279B1841EB0702076839
:10BA4000604627B900F118037361BDE8F08157E93A
:10BA500006EC9E457CEB0201F4D290F8148017F8B6
:10BA6000041C884513D019D9744523462A46A7F1EA
:10BA7000180075EB0C0157F8101C3CBF734662466A
:10BA80005B1842F100020A3342F1000206E0B98875
:10BA9000B0F81C80A1EB08010904E5D43F68D0E7A9
:10BAA0000346D1E7F419002010B5054C6169204622
:10BAB00006F0F3FC18B1606900231838636110BD0B
:10BAC000F41900209C46144BF0B51D68FDB115F823
:10BAD000043C183D834218D812F10A04D5E9003617
:10BAE0004CF10001A34276EB01070BD22F69FF183E
:10BAF00046F10006A7428E4107D3B4F10A0041F196
:10BB0000FF31F0BD1C463146F7E7AD69DEE74FF087
:10BB1000FF300146F5E700BFF419002008B5837F28
:10BB2000022B1CD1437D13F0020302D00023837744
:10BB300008BD0322037643768376C3760D4B827766
:10BB400000F11802996839B99A60DA600A4B1878DE
:10BB5000BDE8084001F094B9D9680A60F5E7837F31
:10BB6000012BE5D0837F042BE2D04FF4FF719F209F
:10BB700000F0F4FFF4190020FC00002010B500F1E3
:10BB800018010446084806F088FC20B94FF40271F9
:10BB90009F2000F0E3FF2046FFF7F2FD034BBDE8D6
:10BBA0001040187801F06CB9F4190020FC00002056
:10BBB0002DE9F74FD0F810E0BEF1000F04D040F2AD
:10BBC00027219F2000F0CAFF836890F8148001931A
:10BBD000D0E90014EFF3108972B6274BB3F810C008
:10BBE0001B686BB1019D183B0A35D3E900264EF165
:10BBF000000A6D1844EB0A0A95427AEB060707D251
:10BC0000B9F1000F35D0C0E9001403B0BDE8F08FE2
:10BC10008A4276EB04070CD31F69BF1846F1000B6C
:10BC2000AF427BEB0A0B34BF0125002575B99B6938
:10BC3000D7E712F10A0A9D6846F1000715EB0A05DD
:10BC400047F10007A94274EB0707ECE71D7DA84503
:10BC500009D0ECD912F10A019D6846F10004691877
:10BC600044F10004E3E79D8BA5EB0C052D04DED524
:10BC7000F0E762B6C7E700BFF4190020024B0521C8
:10BC8000186806F0E4BB00BF101A0020064B586885
:10BC900010B520B94FF41B71B02000F05FFFC368EE
:10BCA0000521BDE810401847101A00202DE9F84F73
:10BCB000274C8146237BA668A3BB94F80D8018F01F
:10BCC000010803D0E3899E4238BF1E4600F054FDB0
:10BCD00010EB060B05460F4641F1000A5846514647
:10BCE000FFF790FE08B3D0E900329B457AEB0201E2
:10BCF00004D29D1B9B46924662F100070023154A21
:10BD0000284639462362C4E904BAC4E9065700F05C
:10BD100007FDB8F1000F02D0E3899E4216D002233E
:10BD20000D4A0DE04FF00008D0E7237B2BB1637B79
:10BD30009B0702D5636A012098470023074A2373B3
:10BD400084F82830C9F80020BDE8F88F0123E7E720
:10BD5000101A00207DBC01006DBE010063200200AE
:10BD60002DE9F04717463D4C002B67D0E289D3E917
:10BD700000656432864275EB01034FF000033CBF5F
:10BD800006460D462362B6EB000A65EB01095245F3
:10BD90001A4672EB0902C4E9046527DA237B3BB13A
:10BDA000637B9A0702D5636A0120984700232373B7
:10BDB00094F80D8008F00108A36803F5E1739A4533
:10BDC00079F100011DDAB8F1000F11D0E089244AA1
:10BDD000301A65F10001C4E9060100F0A1FC062358
:10BDE000204A84F828303A60BDE8F0879846E3E7B7
:10BDF0001B4A30462946C4E9066500F091FC05233C
:10BE0000EEE7FFF707FBE089A368B8F1000F0BD05E
:10BE1000984209D9301A124A65F10001C4E90601B5
:10BE200000F07EFC0123DBE7F01A0D4A65F100010A
:10BE3000C4E9060100F074FC0223D1E7237B2BB197
:10BE4000637B9B0702D5636A012098470025257311
:10BE5000FFF7E0FA2B46044AC3E700BF101A0020A0
:10BE60007DBC01006DBE010063200200023970B587
:10BE70000546032900F2D480DFE801F006020840FD
:10BE8000694B002283F82920002024E0664C94F8B6
:10BE90002830042B09D8022B28D8013B012B1BD9B1
:10BEA0004FF4CD71B02000F059FE053B012BF7D8BF
:10BEB000FFF776FB0028E7D000F04EFC00F05CFCBA
:10BEC00006460C46FFF79EFD2A46034621463046AD
:10BED000FFF746FF022070BDFFF762FB0028D3D0BA
:10BEE00000F03AFC2846FFF7E1FEF3E7FFF758FBC6
:10BEF0000028C9D0012384F82930C5E74A4C94F8BA
:10BF000028301A1F012A2AD8042B94F829600CD152
:10BF100000F062FB48B900200021FFF773FD08B173
:10BF2000FFF72CFEFFF776FADCE7002EC6D1FFF70D
:10BF3000BBFD0028C2D06060C4E90B6600F01CFBAA
:10BF40006068022331468377C3689847D4E90401C7
:10BF500006F085F8354B84F828602B60BAE700F0CE
:10BF60000BFCA369C01A236A9842ACBF206223620B
:10BF700094F82830022B19D1FFF746FA94F82830AC
:10BF8000022BD4E904012CD1637BDB071BD5237B77
:10BF9000CBB9E389264AC01A61F10001C4E9060160
:10BFA00000F0BEFB032384F828306DE7637BDA07DB
:10BFB00001D5207B10B140F2B31173E7636A984753
:10BFC00001232373DAE73238236A194A41F1FF313A
:10BFD000C01841EBE371C4E9060100F0A1FB0423A2
:10BFE000E1E7012B0AD1A368114AC01A61F10001EF
:10BFF000C4E9060100F094FB0223D4E7236A323837
:10C000000B4A41F1FF31181841EBE371C4E9060115
:10C0100000F086FB94F82830062BE0D10523C2E718
:10C0200040F2F1113EE700BF101A002035C00100B8
:10C030007DBC010002392DE9F041064604292ED8C5
:10C04000DFE801F003090B2D0E00174A537B003B7C
:10C0500018BF0123137300201FE0FFF7A1FAFAE7CE
:10C06000DFF8448000F098FA00F086FB0C460546A5
:10C07000FFF7C8FC0746D8F80400FFF74FFD002380
:10C0800000222846C8F8043000232146C8E90423CA
:10C090003B463246FFF764FE0220BDE8F08140F2E5
:10C0A0001721B02000F05AFD101A0020064A002384
:10C0B00010B5064C0260206084F828306373FFF7E7
:10C0C000CFF93230A06010BD63200200101A0020AA
:10C0D00008B5074B1A681168064A914204D040F22D
:10C0E0005121B02000F03AFD3230986008BD00BF09
:10C0F000101A00206320020010B5EFF3108472B60E
:10C10000034B0421186806F0A2F904B962B610BD09
:10C11000101A002008B5094B5A6822B940F2722162
:10C12000B02000F01BFDD3E90421BDE808408018D1
:10C13000034A41F1000100F0F3BA00BF101A0020D9
:10C140008DBC010008B5064B5B6823B94FF41E7126
:10C15000B02000F003FDBDE8084000F0FDBA00BFCC
:10C16000101A002008B5054B5A6822B940F27E210A
:10C17000B02000F0F3FCD86208BD00BF101A002008
:10C1800008B5054B5A6822B94FF42171B02000F070
:10C19000E5FC186308BD00BF101A0020054B1B6B9F
:10C1A00010B523B940F28A21B02000F0D7FCBDE8D9
:10C1B00010401847101A0020054BDB6A10B523B950
:10C1C0004FF42471B02000F0C9FCBDE810401847BE
:10C1D000101A0020014B5868704700BF101A002049
:10C1E00008B5054B5A6822B940F29B21B02000F0F7
:10C1F000B5FCD3E9040108BD101A0020034B587B9D
:10C2000010F0010018BFD889704700BF101A002035
:10C210000028ADBF00F1604000F00F00044B00F5B6
:10C220006140B4BF185C90F800034009704700BF3C
:10C2300014ED00E02DE9F04105460E46E1B9114F3D
:10C240003B681BB18621452000F088FC38600E4811
:10C25000FFF788FF0D48FFF793FF05F09CFE6B7D0D
:10C2600004465B0708D505F0F0FD0A34241A7C600B
:10C2700000F094FA0028FBD02B6A3146686ABDE8CA
:10C28000F0411847481A0020B1C2010091C20100D4
:10C29000064B1B6810B51BB97221452000F05EFCEF
:10C2A0001A6A0421586ABDE810401047481A002055
:10C2B000064B1B6810B51BB96C21452000F04EFCE5
:10C2C0001A6A0321586ABDE810401047481A002036
:10C2D000024B00221A601A81704700BF481A0020E2
:10C2E00008B5074B1A681AB9B921452000F036FC89
:10C2F0000449D16000221A60BDE80840FFF7B8B9D0
:10C30000481A002035C2010030B587B00C4618220B
:10C3100000210546684606F0CFF9637A4FF0000227
:10C320006168C3F38003029183F0010363F3820227
:10C33000237A8DF81430224B8DF81520039323783F
:10C340005BBB9DF81500D4E904324007CDE900320B
:10C3500007D50A3B01F10A0142F1FF320291CDE912
:10C360000032637A69469DF81520C3F3400322F03A
:10C3700003025B0043F0010313438DF81530114BAA
:10C380005868C0F30800B8B11038FFF741FF98B9FA
:10C390002846FFF745F907B030BD2369049305F03F
:10C3A0004EFD9DF815305B0744BF029B0A33CDE973
:10C3B000000148BF0293D4E7284605F04EFDEAE7A6
:10C3C00035C2010000ED00E008B50A4B1B6823B937
:10C3D0004FF4EE71452000F0C1FB5B7D5B0703D499
:10C3E000BDE8084005F0D7BD05F0D5FD0A3041F1A4
:10C3F000000108BD481A002070B50B7886B023B143
:10C4000040F21F21452000F0A9FB4C7A4FF00006B6
:10C410000593C4F380034D6883F00103029563F331
:10C4200082060B7A8DF814300F4B8DF81560760765
:10C430000393D1E90431CDE9003107D50A3B05F179
:10C440000A0541F1FF310295CDE900319DF8153023
:10C45000C4F340046946049264F341038DF8153037
:10C4600005F0FBFC06B070BD35C201007FB505F0DC
:10C47000E6FC002305930B4B039340F21E2302932B
:10C480004FF0FF33CDE90001694607480493FFF7F9
:10C49000C7F818B99B21432000F060FB07B05DF896
:10C4A00004FB00BFD1C40100801A002010B5074C66
:10C4B00094F820304BB9FEF7B3FF30B9012384F86C
:10C4C0002030BDE81040FFF7D1BF10BD801A00201A
:10C4D00008B505292DD8DFE801F0032E282C2C0DF6
:10C4E00005F0A9FC144805F058FD1E38BDE80840C9
:10C4F00005F0A7BCFEF794FF38B10F4B002283F87C
:10C500002020BDE80840FFF7B3B805F096FC08B955
:10C5100005F091FC00214FF4007005F00EFD00289D
:10C52000E0D1B921432000F019FBBDE80840FFF736
:10C530009DBFC521F6E708BD801A00204FF00043DB
:10C540000B4A0021C2F88030A2F58022C2F8803167
:10C55000012302F57832C2F80435A2F58022C2F830
:10C5600004352022034B184683F8201006F0A4B8A7
:10C5700000400C50801A002008B514F031FD054A27
:10C58000D2F8583743F00103C2F85837BDE80840E5
:10C59000FFF78CBF00200E5008B514F031FD0B4A98
:10C5A000D2F8583723F00103C2F858370122084B5C
:10C5B0005A604FF0FF32C3F808232022054BC3F81E
:10C5C0009021BDE8084000F0C7B800BF00200E5021
:10C5D0000050085000E100E008B5FEF721FFB0B9B7
:10C5E0000D4BD3F800314BB90C4A536A0133312B50
:10C5F00053620BD96C21432000F0B0FA05F01DFC0A
:10C6000008B17021F7E705F014FC012008BD034BC9
:10C6100000225A62F9E700BF00E01050801A0020A3
:10C6200040F20251014808B500F08EFAFA98040071
:10C630001848202208B5C0F89020BFF34F8FBFF3F1
:10C640006F8F154BC0F89021D3F8041521F003012A
:10C65000C3F80415D3F8081541F00301C3F8081511
:10C6600092FAA2F1B1FA81F1092904DD40F29F3179
:10C670000A4800F069FAC3F8101501215960D96021
:10C680004FF00041C3F880104FF0FF31C3F808139A
:10C69000026108BD00E100E000500850FA98040073
:10C6A000134A4FF4E0632021C2F838330023C2F864
:10C6B000AC35C2F8BC35C2F8CC35C2F82031C2F86E
:10C6C0002431C2F828310B4AC2F89C11C2F89C10E0
:10C6D000BFF34F8FBFF36F8FC2F89010BFF34F8F30
:10C6E000BFF36F8FC2F89011034A1360704700BF09
:10C6F00000200E5000E100E0A81A002008B5FFF766
:10C70000CFFF054B4FF4A062C3F834232022034B24
:10C71000C3F89C21DA6108BD00200E5000E100E062
:10C720000B4B10B51C681CB14C21042000F016FA0C
:10C73000B1F5801F1A6001D3FFF772FF054B01228C
:10C74000C3F8A005C3F8A415C3F8AC2510BD00BFFD
:10C75000A81A002000200E50054A136833B10023A8
:10C760000449C1F8AC35C1F820311360704700BFEF
:10C77000A81A002000200E5030B54FF0FF30064CB4
:10C780006FF04041D4E90023904271EB0305F9D3E7
:10C790001046C3F3130130BD40270E5008B5FFF714
:10C7A000EBFF044BD3E90223904299412CBF0120B7
:10C7B000002008BDA81A002008B5FFF739FF024B7A
:10C7C00001221A6008BD00BF0050085010B5FFF7E5
:10C7D0002FFF0F4C0023C4F8BC35C4F82431FFF7F9
:10C7E000CBFF0A3041F10001B1F5801F01D1FFF705
:10C7F00017FF4FF00043C4F8B005C4F8B415C4F8EF
:10C80000A4310123C4F8BC35024BC3E9020110BDB9
:10C8100000200E50A81A0020144BD3F8342312F431
:10C82000A06F10B503D1FB21042000F097F9D3F8D5
:10C83000202162B100220E49C3F8AC25C3F82021A3
:10C840000B6813B940F20311EEE70A609847074BF3
:10C85000D3F828214AB10022C3F8CC25C3F82821F7
:10C86000034BBDE810401B69184710BD00200E5057
:10C87000A81A0020034610B3007888B91A79012A53
:10C880001ED85A79012A1BD89A680E49643A8A42FE
:10C8900016D8D8680C4B98422CBF00200120704756
:10C8A00001280CD11A79012A09D85A79012A06D807
:10C8B000DA680449643A8A4201D89868EAE70020B5
:10C8C000704700BF3C8601000040420F70B504462F
:10C8D00005F0B5FA40F2F966656AD4E90632963396
:10C8E00042F100025B1905F5DF6542F10002B5FB7C
:10C8F000F6F55B1942F1000283428A410ED294F8A8
:10C900002A30052B03D0B3216A2000F027F90A2131
:10C91000236A94F858009847B621F5E7044C236839
:10C9200013B1984700232360BDE87040FFF7D8BCDF
:10C93000BC1A002070B504460D4639B9012380F8B1
:10C940005930FFF7C3FF0226304670BD0E78032E24
:10C9500070D801A353F826F047C9010069C9010046
:10C96000D3C901008BC901004868C72801D8002637
:10C97000EAE7042105F0E1FA0028F8D005F063FAAF
:10C980006968204605F0CEFBDEE790F8286006BB1C
:10C990004D682846FFF76EFF00284BD02B78D3B99F
:10C9A000012121702B796A79003B18BF0123002AED
:10C9B00014BF0422022243F004032272AA68A532A3
:10C9C0006260EA6863720323226184F82A3084F883
:10C9D00029102046B5E794F82A30052B04D040F200
:10C9E00093116A2000F0BAF8267004F130002B7918
:10C9F0006A79003B18BF0123002A14BF04220222D7
:10CA000043F004032272EA686372A532A968626087
:10CA1000D4E906325B1842EBE1722146C4E90432E4
:10CA2000042384F82A30FFF76FFC0028D1D140F2AC
:10CA30009511D6E7012384F85930CAE72DE9F84368
:10CA40008846074658B300F02FF84FF00009044617
:10CA50005FFA89F6B44203D86FF00B00BDE8F883A3
:10CA6000304609F1010900F025F890F82A50002D10
:10CA7000EED1304600F01EF80A490446058580F8DC
:10CA80002A50024680F85860303005F001FB01233F
:10CA90002762284684F82A3088F80060DEE76FF0C5
:10CAA0001500DBE733210200014B1879704700BF06
:10CAB000C01A0020044B1A79824283BF1B6860228F
:10CAC00002FB003000207047C01A00200A4610F018
:10CAD000030110B50AD1074C2271206008B900206B
:10CAE00010BD60235A4305F0E7FDF8E76FF00D0035
:10CAF000F6E700BFC01A0020BFF34F8F0549064B71
:10CB0000CA6802F4E0621343CB60BFF34F8F00BFEB
:10CB1000FDE700BF00ED00E00400FA05084B01222C
:10CB20005A604FF0FF32C3F808238022054BC3F848
:10CB30008820BFF34F8FBFF36F8FC3F888217047F2
:10CB40000070045000E100E008B572B6024B5B686B
:10CB500003B19847FFF7D0FFC81A00201FB572B67F
:10CB6000144B5C6894B9FFF7C7FFB2FBF6F22B4693
:10CB70005D1C002AF9D1DBB203F110056D4405F804
:10CB80000C2C0A2233B901A8A047ECE70246002387
:10CB90000A26EDE7013BDBB203F110050DEB0506BC
:10CBA000B0FBF2F502FB1500303006F80C0C2846FD
:10CBB000E8E700BFC81A0020F8B5234F05460C4629
:10CBC00016463B78002B3CD105F025F97E601F4BC3
:10CBD00001263C814FF48062C3F8A4601C4BC3F86B
:10CBE0009020BFF34F8FBFF36F8FC3F89021FFF7F3
:10CBF00095FF184B002D14BF28461846FEF748FC39
:10CC00000546E0B9FFF764FBFEF734FC05F06EFB68
:10CC1000FEF79EFC18B9B8211120FFF79FFF002CEA
:10CC20000BDB04F01F036409A4009E4004F1604480
:10CC300004F56144C4F88061266001233B702846F6
:10CC4000F8BD4FF0FF35FAE7C81A002000A00850E1
:10CC500000E100E06C570400074BB3F90830002BEB
:10CC600009DB5A09012103F01F03994002F1400337
:10CC7000024A42F823107047C81A002000E100E081
:10CC8000014B1878704700BFC81A002050B1074BFD
:10CC900003F1140253F8041B934240F8041BF9D12A
:10CCA000002070476FF01500704700BF28990400FE
:10CCB0002DE9F84F0746894693469846374CDFF8EA
:10CCC000F0A0374D2E780136F6B2D5E84F3F01334C
:10CCD000DBB2C5E8403F0028F7D101216160C4F80C
:10CCE0000001C4F80401EFF3108072B62D4BC5F8B3
:10CCF0000490AB60C5E905B33B68C4F810357B68A8
:10CD0000C4F81435BB68C4F81835FB68C4F81C3582
:10CD1000254BC4F830351033C4F83835216000B9DC
:10CD200062B6D4F800312BB9D4F8043113B92B789A
:10CD30009E421CD0B8F1000F09D00A9B3BB1D4F839
:10CD400040350A9AC8F80030D4F83C351360D4F85E
:10CD50000431002BB5D12978B142B2D1C4F80031E9
:10CD6000C4F804310323C4F80833BDE8F88FDAF8B7
:10CD70001030DB06D5D503238021C4F804330B4BD8
:10CD8000C3F88811D4F80031002BCAD1D4F804318B
:10CD9000002BC6D105F0EDFBC3E700BF00700450C7
:10CDA000D41A00201000000BD81A002000E100E087
:10CDB00000ED00E01A4B4FF4000270B5C3F8982064
:10CDC000BFF34F8FBFF36F8F164C0021164DC4F881
:10CDD0000011C3F898212E692B6906F0100643F064
:10CDE00010032B610123C4F804332360D4F800310D
:10CDF0009BB11EB92B6923F010032B610123D4F8DA
:10CE000008054FF400026360C4F808330023C4F837
:10CE10000031034BC3F8982170BD05F0AAFBE5E78C
:10CE200000E100E000700D5000ED00E038B50B4966
:10CE3000042301EBC302157905F0FF042DB1013B7A
:10CE4000F7D240216920FFF789FE41F83300012124
:10CE50005471D8B29471117138BD00BFF81A002016
:10CE6000042808B503D947216920FFF777FE034B53
:10CE7000002203EBC0031A7108BD00BFF81A00209E
:10CE8000042808B503D950216920FFF767FE094B34
:10CE900003EBC0000379012B01D05121F4E7437962
:10CEA00082790133DBB29A4218BF4371BDE8084072
:10CEB000FFF7D2BEF81A002038B505240F4D95F8BB
:10CEC000281005EBC1031A79012A09D158799A79FA
:10CED000904205D05A79D2B29A7155F831309847BC
:10CEE00095F82830013C0133DBB2052B28BF002325
:10CEF00014F0FF0485F82830E1D138BDF81A00207D
:10CF0000094B0A4AC3F800230132C3F80C2301324B
:10CF1000C3F818230132C3F820230132C3F81C23BD
:10CF20000132C3F81021704700A0085004000080AF
:10CF3000074B0022C3F80023C3F80C23C3F81823BF
:10CF4000C3F82023C3F81C23C3F81021704700BF87
:10CF500000A00850844641EA000313F0030359D1AE
:10CF6000403A33D3F0B4F0C9F0C0F0C9F0C0F0C912
:10CF7000F0C0F0C9F0C0403AF5D2F0BC26E0403A2B
:10CF800024D300BF0B6803604B6843608B688360E9
:10CF9000CB68C3600B6903614B6943618B69836133
:10CFA000CB69C3610B6A03624B6A43628B6A83621B
:10CFB000CB6AC3620B6B03634B6B43638B6B836303
:10CFC000CB6BC36340304031403ADBD230320BD3BD
:10CFD0000B6803604B6843608B688360CB68C360F9
:10CFE00010301031103AF3D20C3205D351F8043B13
:10CFF00040F8043B043AF9D2043208D0D2071CBFEF
:10D0000011F8013B00F8013B01D30B880380604617
:10D01000704700BF082A13D38B07B0D010F003036A
:10D02000ADD0C3F10403D21ADB071CBF11F8013BDA
:10D0300000F8013BA3D331F8023B20F8023B9EE706
:10D04000043AD9D3013A11F8013B00F8013BF9D277
:10D050000B7803704B7843708B7883706046704711
:10D06000014B1B681B68184700010020014B1B681F
:10D070005B68184700010020014B1B689B6818473C
:10D0800000010020014B1B681B69184700010020AC
:10D09000034B1868034BC01A18BF0120704700BF2C
:10D0A00000010020A8D00100FB2602000727020093
:10D0B0000B270200132702001727020081F000410E
:10D0C00002E000BF83F0004330B54FEA41044FEA6D
:10D0D000430594EA050F08BF90EA020F1FBF54EA08
:10D0E000000C55EA020C7FEA645C7FEA655C00F0A4
:10D0F000E2804FEA5454D4EB5555B8BF6D420CDD75
:10D100002C4480EA020281EA030382EA000083EAF7
:10D11000010180EA020281EA0303362D88BF30BD97
:10D1200011F0004F4FEA01314FF4801C4CEA1131ED
:10D1300002D0404261EB410113F0004F4FEA03334C
:10D140004CEA133302D0524263EB430394EA050FD7
:10D1500000F0A780A4F10104D5F1200E0DDB02FA46
:10D160000EFC22FA05F2801841F1000103FA0EF2DA
:10D17000801843FA05F359410EE0A5F120050EF1A0
:10D18000200E012A03FA0EFC28BF4CF0020C43FAD1
:10D1900005F3C01851EBE37101F0004507D54FF0DE
:10D1A000000EDCF1000C7EEB00006EEB0101B1F52E
:10D1B000801F1BD3B1F5001F0CD349085FEA300074
:10D1C0004FEA3C0C04F101044FEA445212F5800F7F
:10D1D00080F09A80BCF1004F08BF5FEA500C50F11C
:10D1E000000041EB045141EA050130BD5FEA4C0CFF
:10D1F000404141EB0101013C28BFB1F5801FE9D25C
:10D2000091F0000F04BF01460020B1FA81F308BF7E
:10D210002033A3F10B03B3F120020CDA0C3208DD4A
:10D2200002F1140CC2F10C0201FA0CF021FA02F125
:10D230000CE002F11402D8BFC2F1200C01FA02F195
:10D2400020FA0CFCDCBF41EA0C019040E41AA2BFBA
:10D2500001EB0451294330BD6FEA04041F3C1CDA82
:10D260000C340EDC04F11404C4F1200220FA04F0A2
:10D2700001FA02F340EA030021FA04F345EA03014C
:10D2800030BDC4F10C04C4F1200220FA02F001FA0E
:10D2900004F340EA0300294630BD21FA04F0294690
:10D2A00030BD94F0000F83F4801306BF81F4801129
:10D2B0000134013D4EE77FEA645C18BF7FEA655C9C
:10D2C00029D094EA050F08BF90EA020F05D054EA6E
:10D2D000000C04BF1946104630BD91EA030F1EBF73
:10D2E0000021002030BD5FEA545C05D14000494177
:10D2F00028BF41F0004130BD14F580043CBF01F56A
:10D30000801130BD01F0004545F0FE4141F470014F
:10D310004FF0000030BD7FEA645C1ABF194610462A
:10D320007FEA655C1CBF0B46024650EA013406BF2B
:10D3300052EA033591EA030F41F4002130BD00BFEA
:10D3400090F0000F04BF0021704730B54FF48064A7
:10D3500004F132044FF000054FF0000150E700BF28
:10D3600090F0000F04BF0021704730B54FF4806487
:10D3700004F1320410F0004548BF40424FF0000174
:10D380003EE700BF42004FEAE2014FEA31014FEAB7
:10D3900002701FBF12F07F4393F07F4F81F0605106
:10D3A000704732F07F4208BF704793F07F4F04BF51
:10D3B00041F40021704730B54FF4607401F000452E
:10D3C00021F000411CE700BF50EA010208BF70478E
:10D3D00030B54FF000050AE050EA010208BF70477F
:10D3E00030B511F0004502D5404261EB41014FF4E8
:10D3F000806404F132045FEA915C3FF4D8AE4FF0F0
:10D4000003025FEADC0C18BF03325FEADC0C18BFD2
:10D41000033202EBDC02C2F1200300FA03FC20FA23
:10D4200002F001FA03FE40EA0E0021FA02F1144470
:10D43000BDE600BF70B54FF0FF0C4CF4E06C1CEA89
:10D4400011541DBF1CEA135594EA0C0F95EA0C0FFA
:10D4500000F0DEF82C4481EA030621EA4C5123EA6D
:10D460004C5350EA013518BF52EA033541F480119C
:10D4700043F4801338D0A0FB02CE4FF00005E1FB4F
:10D4800002E506F00042E0FB03E54FF00006E1FB99
:10D4900003569CF0000F18BF4EF0010EA4F1FF04DC
:10D4A000B6F5007F64F5407404D25FEA4E0E6D411C
:10D4B00046EB060642EAC62141EA55514FEAC5202D
:10D4C00040EA5E504FEACE2EB4F1FD0C88BFBCF5A9
:10D4D000E06F1ED8BEF1004F08BF5FEA500E50F15A
:10D4E000000041EB045170BD06F0004646EA010120
:10D4F00040EA020081EA0301B4EB5C04C2BFD4EB52
:10D500000C0541EA045170BD41F480114FF0000E4A
:10D51000013C00F3AB8014F1360FDEBF002001F0B8
:10D52000004170BDC4F10004203C35DA0C341BDC32
:10D5300004F11404C4F1200500FA05F320FA04F004
:10D5400001FA05F240EA020001F0004221F0004138
:10D5500010EBD37021FA04F642EB06015EEA430EAB
:10D5600008BF20EAD37070BDC4F10C04C4F12005DB
:10D5700000FA04F320FA05F001FA04F240EA02008E
:10D5800001F0004110EBD37041F100015EEA430E5F
:10D5900008BF20EAD37070BDC4F1200500FA05F27F
:10D5A0004EEA020E20FA04F301FA05F243EA0203FE
:10D5B00021FA04F001F0004121FA04F220EA02000D
:10D5C00000EBD3705EEA430E08BF20EAD37070BD53
:10D5D00094F0000F0FD101F00046400041EB010133
:10D5E00011F4801F08BF013CF7D041EA060195F015
:10D5F000000F18BF704703F00046520043EB0303CF
:10D6000013F4801F08BF013DF7D043EA06037047BB
:10D6100094EA0C0F0CEA135518BF95EA0C0F0CD0C6
:10D6200050EA410618BF52EA4306D1D181EA03010C
:10D6300001F000414FF0000070BD50EA410606BF06
:10D640001046194652EA430619D094EA0C0F02D14B
:10D6500050EA013613D195EA0C0F05D152EA033690
:10D660001CBF104619460AD181EA030101F00041AE
:10D6700041F0FE4141F470014FF0000070BD41F0F7
:10D68000FE4141F4780170BD70B54FF0FF0C4CF4D1
:10D69000E06C1CEA11541DBF1CEA135594EA0C0FF0
:10D6A00095EA0C0F00F0A7F8A4EB050481EA030E3D
:10D6B00052EA03354FEA013100F088804FEA033324
:10D6C0004FF0805545EA131343EA12634FEA0222F2
:10D6D00045EA111545EA10654FEA00260EF00041B3
:10D6E0009D4208BF964244F1FD0404F5407402D205
:10D6F0005B084FEA3202B61A65EB03055B084FEA96
:10D7000032024FF480104FF4002CB6EB020E75EB92
:10D71000030E22BFB61A754640EA0C005B084FEABA
:10D720003202B6EB020E75EB030E22BFB61A754637
:10D7300040EA5C005B084FEA3202B6EB020E75EB82
:10D74000030E22BFB61A754640EA9C005B084FEAFA
:10D750003202B6EB020E75EB030E22BFB61A754607
:10D7600040EADC0055EA060E18D04FEA051545EAF6
:10D7700016754FEA06164FEAC30343EA52734FEA9F
:10D78000C2025FEA1C1CC0D111F4801F0BD141EA18
:10D7900000014FF000004FF0004CB6E711F4801F7D
:10D7A00004BF01430020B4F1FD0C88BFBCF5E06F5D
:10D7B0003FF6AFAEB5EB030C04BFB6EB020C5FEA6D
:10D7C000500C50F1000041EB045170BD0EF0004EC2
:10D7D0004EEA113114EB5C04C2BFD4EB0C0541EAF4
:10D7E000045170BD41F480114FF0000E013C90E6F1
:10D7F00045EA060E8DE60CEA135594EA0C0F08BFB5
:10D8000095EA0C0F3FF43BAF94EA0C0F0AD150EAB3
:10D8100001347FF434AF95EA0C0F7FF425AF104646
:10D8200019462CE795EA0C0F06D152EA03353FF46E
:10D83000FDAE1046194622E750EA410618BF52EAEB
:10D8400043067FF4C5AE50EA41047FF40DAF52EABF
:10D8500043057FF4EBAE12E74FF0FF3C06E000BF5C
:10D860004FF0010C02E000BF4FF0010C4DF804CD69
:10D870004FEA410C7FEA6C5C4FEA430C18BF7FEA29
:10D880006C5C1BD001B050EA410C0CBF52EA430C57
:10D8900091EA030F02BF90EA020F0020704710F1D7
:10D8A000000F91EA030F58BF994208BF90422CBF66
:10D8B000D8176FEAE37040F0010070474FEA410C5F
:10D8C0007FEA6C5C02D150EA013C07D14FEA430C7D
:10D8D0007FEA6C5CD6D152EA033CD3D05DF8040BEE
:10D8E000704700BF8446104662468C461946634620
:10D8F00000E000BF01B5FFF7B7FF002848BF10F1F7
:10D90000000F01BD4DF808EDFFF7F4FF0CBF01203B
:10D9100000205DF808FB00BF4DF808EDFFF7EAFFB7
:10D9200034BF012000205DF808FB00BF4DF808ED72
:10D93000FFF7E0FF94BF012000205DF808FB00BF67
:10D940004DF808EDFFF7CEFF94BF012000205DF8F1
:10D9500008FB00BF4DF808EDFFF7C4FF34BF0120FE
:10D9600000205DF808FB00BF4A0011D212F500123A
:10D9700011D20DD56FF47873B3EB62520ED44FEA27
:10D98000C12343F0004343EA505323FA02F07047A7
:10D990004FF00000704750EA013002D14FF0FF30E5
:10D9A00070474FF0000070477BB972B90029BEBFC5
:10D9B00000204FF0004106E008BF00281CBF6FF0B8
:10D9C00000414FF0FF3000F057B8ADF1080C6DE9A1
:10D9D00004CE002909DB002B1ADB04F0B8FEDDF8C9
:10D9E00004E0DDE9022304B07047404261EB4101ED
:10D9F000002B1BDB04F0ABFEDDF804E0DDE90223C5
:10DA000004B0404261EB4101524263EB4303704773
:10DA1000524263EB430304F09AFEDDF804E0DDE9D3
:10DA2000022304B0404261EB41017047524263EB74
:10DA3000430304F08CFEDDF804E0DDE9022304B0CA
:10DA4000524263EB4303704753B94AB9002908BFF8
:10DA500000281CBF4FF0FF314FF0FF3000F00CB832
:10DA6000ADF1080C6DE904CE04F071FEDDF804E0C0
:10DA7000DDE9022304B07047704700BF08B5F3F733
:10DA8000B7FCF5F7D9FDF3F7D3FA002008BDFFF78F
:10DA9000FDB8F5F75FBD01F066BD01F067BD01F0AF
:10DAA0005FBD10B586B0044601A8FFF7EFF802236A
:10DAB0000020237005236070A3709DF80430E0708F
:10DAC0006371BDF805302071E380DDF80730A36095
:10DAD00006B010BD01F0C5B870B50446FBF702FDF5
:10DAE000012805461AD1601CFBF704FDB0B1A379EB
:10DAF0000020E61D63F03F03A371F6F71BF838B171
:10DB000010220021304604F0D7FD0020257070BDA2
:10DB10003046FBF703FD0028F2D0F6E70025F4E7D6
:10DB200010B504461022002104F0C6FD04F11003D4
:10DB300010220021184604F0BFFDFBF709FD00206C
:10DB4000F5F7F8FF20B12046FBF7E8FC002010BDF8
:10DB5000FBF7C8FC0028F6D0F8E710B50446FFF73D
:10DB600029F9B0F5007F09DA10F5007F08DD031E02
:10DB7000B8BF03339B100020237010BD7F23FAE74A
:10DB80006FF07E03F7E78178008801F0A5BC37B518
:10DB900005460C4600880DF1060101F04AF92B8874
:10DBA0002380BDF80630638003B030BD38B505462C
:10DBB0000C46F3F731FC30B13E2D04D12046BDE8D0
:10DBC0003840F3F76DBC38BD37B504462046F6F74C
:10DBD00003FC022805460FD004280DD123788A2B98
:10DBE0000DD0942B21D0204600F038F8A178207871
:10DBF000FFF7DCFF0028E9D0284603B030BD05213F
:10DC00003E20FFF7D3FF0028EDD1E37801A9227968
:10DC1000684643EA0223ADF8003001F0E9FB002832
:10DC2000D4D053210820F3F7C7F91A213E20FFF77B
:10DC3000BDFF0028D7D163796946A27901A843EADC
:10DC40000223ADF8043011238DF80630F5F77AFC85
:10DC50000028BBD06521E5E702F0F4BA10B50378DF
:10DC60000446813B1B2B43D8DFE813F043004900F7
:10DC70005500590063007B0081001C0075004F00B7
:10DC80008F0095006F00850089009B00A900C300EC
:10DC9000CE00DC00E200010107010D01130142008A
:10DCA000FB00F5002920F3F7FBFB30B13E23237086
:10DCB000222363702923A3701AE00A20F3F7F0FBF4
:10DCC0003E23237018B11F2363700A23F3E7012357
:10DCD000A37013236370E37903F00103E371D4F8B5
:10DCE0001A30C4F80E30E38B638294F82030237529
:10DCF00010BD3E230370042343701423DBE73E234F
:10DD000003700A2343700323D5E73E2303700D23DA
:10DD100043700523CFE705232370042307E05A202F
:10DD2000F3F77AFB08230028F6D05A22227063709A
:10DD3000DEE75B20F3F770FB18B15B23237006234B
:10DD4000F5E7302323700323F1E73E2303700B2311
:10DD500043700723AFE73E230370062343700C2371
:10DD6000A9E71323037083789B000133DFE7572370
:10DD700003700223DBE73E2303700D239BE73E2362
:10DD8000037001234370112395E73E23037006239C
:10DD9000437012238FE73E2303700923437013233C
:10DDA00089E73E2303702420F3F77AFB18B124237C
:10DDB000A3701423BBE70E23A3701023B7E73E2301
:10DDC00003702520F3F76CFB227B20B125230B3257
:10DDD000A37062708CE70F2304F10B0104F10800BB
:10DDE000A37002F1080302326370BDE8104004F032
:10DDF0004CBC3E2303702620F3F752FB1823002867
:10DE0000D6D02622A27092E73E2303702A20F3F791
:10DE100047FB18B12B2363702A234CE71D23637043
:10DE2000192348E73E230370072343701A2342E770
:10DE30003E2303703820F3F733FB18B13823A37067
:10DE4000262374E72C23A37020236370E38A03F056
:10DE50000F03E3824CE7FF2303700D2343708023FD
:10DE600029E7FF23037029234370812323E73E23FF
:10DE700003700C23437023231DE73E2303700E23FE
:10DE80004370372317E73E2303700A23437035237B
:10DE900011E73E230370FE2343702B230BE708B5E5
:10DEA00010B96FF0150008BDFFF7D6FE0028F8D0B6
:10DEB0000020F8E710B50C4648B141B1FFF784FEE9
:10DEC000002820700CBF6FF02200002010BD6FF002
:10DED0001500FBE7F8B5941C0E46054617460C44A2
:10DEE0006343B3F5004FA8BF4FF0FF3310F00301B9
:10DEF0009CB203D0B0211420F3F75EF8B4F5004FC4
:10DF000001D9B121F7E71422043004F0D5FBEF74F6
:10DF10006C802E80F8BD38B50388C4888B42058993
:10DF2000C4F30E0203D2D1211420F3F745F884EA9A
:10DF30000503C3F30E030BB9AC4206D102F118037B
:10DF40000122C1528274184438BD1846FCE70231E0
:10DF500001444A43B2F5004FA8BF4FF0FF3290B2E0
:10DF60001B3020F00300B0F5004F34BF00B24FF07B
:10DF7000FF30704740881B3020F00300B0F5004FA1
:10DF800034BF00B24FF0FF3080B2704738B503881D
:10DF90008B4203D2F7211420F3F70EF8857C65B18C
:10DFA000C388C3F30E031833C25A8A4207D3C1523F
:10DFB000811DF3F785FA00238374284638BD0025B8
:10DFC000FBE703461830F0B59E88DD88B4B2C6F38F
:10DFD0000E06A54214D05F89DD7C845B3D44E41BC2
:10DFE0000235A4B2354428440D88A54284BF0C8074
:10DFF00025465989B1FA81F149091170DD81F0BDD9
:10E0000000252846FAE7F8B582880026C389044629
:10E010000D4692B20E60CBB14189C2F30E020B44A1
:10E0200018329BB28718825A4381934204D94FF425
:10E03000A2711420F2F7C0FF04D1011DF3F740FADA
:10E0400046812F6000230120E381F8BD1846FCE7DC
:10E050008388014602899BB29A4202D00831F3F7C5
:10E060002FBA70478388C0889BB2C31A5842584160
:10E070007047828873B595B2C488C2F30E02AC4271
:10E0800002F1180212D04189C689835A314499425B
:10E090000EDB0DF10601ADF80650F3F711FABDF8ED
:10E0A0000600001B18BF012002B070BD0020FBE776
:10E0B0000120F9E770B5C488034606891830C4F317
:10E0C0000E0584EA0602C2F30E020AB9B4420FD169
:10E0D0009C891A880CB1465B921B914207DCDA7C62
:10E0E0002C440232224410440A461A8270BD002297
:10E0F0001046FAE7F8B5038A002B38D08B4236D3A6
:10E10000C48800F118038589C4F30E041E1995B95B
:10E110001D55757085891E5B0D443144ADB28581F6
:10E120001953D2B1811DF3F7CBF90023838100236A
:10E1300003820120F8BD1E5BAE4204D04FF4F6719D
:10E140001420F2F739FFC57C2644878A023535440E
:10E150005E195F53857DB570DCE7C27C25440232D1
:10E160002A4499189B5A83828B788375DFE70020B5
:10E17000E0E78388C2889BB29A4206D0428922B9DE
:10E18000C3F30E0318331844704700207047C37C54
:10E190000233C8187047C37C0233C81A7047023074
:10E1A000704738B58388C2889BB29A4207D04589A8
:10E1B0002DB9011DF3F784F9C581012038BD002078
:10E1C000FCE703881380C388C3F30E0318330344AA
:10E1D00080890B6070470368002223B9C0E90132CF
:10E1E000031D0360704759681B680A44F5E7072957
:10E1F000034670B504D84FF4EC711520F2F7DCFE3D
:10E200000068C0B1446806461A688C4210D0106895
:10E2100060B901F10805AC420DD35468505018683C
:10E22000651A541800686560505002E01346E9E72B
:10E23000146830461C6070BD0023C1E900320368D9
:10E240000B600160704730B590B18478B1FBF4F396
:10E2500004FB131300EB430252898A4201D1D8B266
:10E2600030BDC27822B900F10803D0B2844201D88F
:10E27000FF20F5E733F8025F01328D42F5D1EFE779
:10E280008278038805324B4303EB420318447047FE
:10E2900037B500240546CDE900448DF806006846F0
:10E2A000ADF80440F3F7ECFABDF8044008B103B050
:10E2B00030BD29462046F3F7BFFA0028EFD040F2E0
:10E2C00035211720F2F778FE70B51E460D4609215C
:10E2D000FFF73DFE0446324609212846FFF737FE88
:10E2E00040EA04031B0454BF00194FF0FF3070BD17
:10E2F000D31D23F0070370B5083390B110F0070465
:10E3000003D058212220F2F757FE04604FF6FF7524
:10E31000C28000F108040A468180013A92B2AA4202
:10E3200003D103FB01F0083070BD0668266004606D
:10E330001C44F2E7012303707047F8B50C4605460C
:10E3400011461E4684F001046400E4B2FF2383708A
:10E3500003191B7D012B05D00134E4B203191B7D89
:10E36000012B0AD105EB44073B8B3A8C981990425C
:10E3700005DD00232C443B8323750020F8BD05EB0D
:10E380008404324660681844FEF7E4FD3B8B1E446B
:10E390003E830023AB700120F0E781F001014900CA
:10E3A00010B5C9B2FF23837043181C7D012C07D11F
:10E3B0000C3120F8112002221A750023837010BD41
:10E3C0000131C9B243181C7D012CF1D04FF4997171
:10E3D0000920F2F7F1FD024630B5837803F0FF0023
:10E3E000F3B9137D022B19D0537D022B15D10346AF
:10E3F000012089B10024D5180C332C7522F8134064
:10E40000131803241C7502EB80035B680B6000F19A
:10E410000C0332F813308B80012030BD0123E8E774
:10E420000020FAE7034630B5827802F0FF00E2B937
:10E430009A7D022A17D0DC7D022C13D1032281B1F0
:10E440001D1900200C34287523F814009818032493
:10E45000047503EB82000C32406833F81230086018
:10E460008B80012030BD0324E9E70020FAE7037D1B
:10E47000012B01D1008B7047437D012B0CBF408BDA
:10E4800000207047837D012B01D1808B7047C37DB5
:10E49000012B0CBFC08B00207047038B23B9408B2E
:10E4A000003818BF0120704701207047838B23B9C3
:10E4B000C08B003818BF0120704701207047027DD3
:10E4C000022A01D1008B7047437D022B01D1408B82
:10E4D0007047032AF6D0032BF9D000207047827DC5
:10E4E000022A01D1808B7047C37D022B01D1C08BE2
:10E4F0007047032AF6D0032BF9D0002070472DE98E
:10E50000F0410646069898460D46430711469DF889
:10E510001C7002D010F0030003D025214C20F2F72C
:10E520004BFD4FF48B72FFF7E3FE002F06AB044662
:10E5300000FB08F114BF00201846F2F7E3FF17B9FB
:10E54000069B33602C60BDE8F081F3F77FBBF3F7E7
:10E55000D9BB90F854300246590705D590F85600BB
:10E56000431E58425841704713F00300FBD092F805
:10E57000550000F0FD00F3E708B501210020F3F796
:10E5800045F920B940F64A313220F2F715FD90F8EE
:10E590009400003818BF012008BD90F86C000038C6
:10E5A00018BF0120704710B50E21F3F7F3F80446A9
:10E5B00018B95E215320F2F7FFFC4FF4BA72002124
:10E5C00004F07AF80123142284F8F33084F8F4205C
:10E5D00084F8173110BD0020704700207047704745
:10E5E0000120704770470020704770470020704737
:10E5F0007047704700F0FD00003818BF01207047D9
:10E600002DE9F0411646B0F86A70B0F86C5071B35D
:10E6100003F0CEFA0446022101F044FA80460221BA
:10E62000204601F03FFA474528BF4746BFB21B2F9F
:10E6300038BF1B27FB2F28BFFB27854228BF054675
:10E640007780ADB21B2D38BF1B25FB2D28BFFB25C6
:10E65000B4F5A47F38BF4FF4A474F580B4F5296FE6
:10E6600028BF4FF42964B4803481BDE8F08102F002
:10E6700063FCCFE713B501210020F3F7C7F8044688
:10E6800088B901210846F3F7C1F80446C0B9002350
:10E69000CDE9003303238DF806306846F3F7F0F830
:10E6A000C8B100200AE0A830FFF777FF0028E8D0C3
:10E6B0002046FFF74EFF0028E3D0012002B010BD36
:10E6C000A830FFF76AFF0028E1D02046FFF741FF9E
:10E6D0000028DCD0F1E7009C204602F001FD002874
:10E6E000DBD0204602F0E2FE0028D6D0E5E713B5E5
:10E6F00001210020F3F78AF8C0B901210846F3F799
:10E7000085F8F8B902F0D6FCA0B906236C46019052
:10E7100000908DF806302046F3F7B2F8C0B1002320
:10E720000093636007238DF806301FE0A830FFF7E1
:10E7300034FF10B1012002B010BDFFF71DFF00280B
:10E74000DBD0F7E7A830FFF728FF0028DAD0F1E7A1
:10E750000098403002F0BEFA0028DCD0EAE7009BC7
:10E76000586F503002F0B6FA0028E4D12046F3F793
:10E7700087F80028F3D00020DDE71FB5002240F61F
:10E78000881303A90092FCF799F905B05DF804FB22
:10E7900010B5044638B1F4F7C1FF24EA0000B0FA1E
:10E7A00080F0400910BD0120FCE770B505460C461D
:10E7B00002F096FCF0B9284602F0D8FDD0B9042149
:10E7C0002046F3F723F8064678B906212046F3F7EA
:10E7D0001DF8054680B903212046F3F72DF888B1CE
:10E7E00041F6CE013920F2F7E7FB403002F072FA31
:10E7F0000028EAD00C2010E0403002F06BFA00282C
:10E80000E9D0F7E73EB104212046F3F715F810B13F
:10E8100041F6D501E6E70DB9002070BD062120467E
:10E82000F3F70AF80028F7D041F6DC01DAE738B54B
:10E830000D460446F3F724F9A84212D3204602F00D
:10E8400079FF08B11F2D0ED8204602F0E6FD60B119
:10E850002946204602F00CFE00280CBF452000206F
:10E8600038BD0720FCE71220FAE74220F8E738B568
:10E87000044602F0D2FDD8B1204602F031FC08B9BE
:10E88000002038BD204602F027FB0546204602F056
:10E8900026FB78B9002DF3D00221B5F8AA00F2F7D3
:10E8A000CBFF0028ECD041F6D8213920F2F784FBC9
:10E8B0004220E6E70C20E4E7F0B587B00546008883
:10E8C00002A901F055F9044600287CD1029B93F877
:10E8D0007021029ED11E4A424A418DF8062096F8C8
:10E8E000A820002A72D1DA7B222A72D19DF8062054
:10E8F00082F0010293F866308DF807209B0603D45E
:10E900009DF80730002B68D0EB881B3B9BB2E02BB7
:10E9100065D8298944F24810A1F5A4739BB28342BB
:10E920005DD86B881B3B9BB2E02B58D8AA88A2F518
:10E93000A4739BB2834252D8B1F5296F51D8B2F576
:10E94000296F4ED8FF2786F82F719DF80630002BCF
:10E9500041D1029B03AA06F1A80093F8A810B1FACE
:10E9600081F14909FFF74CFE6A88BDF8123040F684
:10E970004800BDF814109342B5F806C028BF1346EE
:10E980008142AA88A6F8343128BF0146BDF80E306E
:10E99000634528BF6346A6F83031BDF81030834286
:10E9A00028BF03462889834228BF03468A42A6F827
:10E9B0003231134628BF0B46A6F8363186F82E7141
:10E9C000002386F82F31204607B0F0BD1A68920662
:10E9D0008CD422468EE73A24F2E71A24F3E7122475
:10E9E000F1E71124EFE710B5044602F063FB58B9D4
:10E9F00001210020F2F70AFFD0B901210846F2F701
:10EA000005FFD8B9012009E0F4F740FE68B1F4F73A
:10EA100067F9044602F077FE08B1002010BD2046D9
:10EA200002F06DFE0028E3D0F7E7002CE0D1F4E718
:10EA3000A830FFF7B2FD0028DFD0EEE7A830FFF7DF
:10EA4000ACFD80F00100C0B2E8E7006890F8A830A3
:10EA50003BB190F8EA3123B1002380F8EA31F7F7AF
:10EA6000E7B9704710B5FFF705FE044630B9F6F771
:10EA7000B9FB2046F5F7D2F9204610BD0C20FCE783
:10EA800010B503780446012B01D9122010BDFFF701
:10EA90002EFE60B92078FFF7ADFD01280DD004F1FE
:10EAA0001703E21D611CBDE81040F5F7BDB9F5F78D
:10EAB0004DFA0028EED00C20E8E7A37903F0C0035C
:10EAC000C02BE2D1EBE710B503780446012B0AD83E
:10EAD000FFF70DFE48B9214611F8010BFFF78AFD3B
:10EAE00000F06DFF38B9122010BDF5F72FFA00289D
:10EAF000F1D00C20F8E70020F6E710B50446FFF748
:10EB0000B9FD90B92078012803D9FF2809D0122037
:10EB100010BD611CFFF76EFDF6F76AFB38B10020EF
:10EB2000F6E70120F5F77AF9F9E70C20F0E707207E
:10EB3000EEE710B50446FFF79DFD98B92378012B49
:10EB400003D9FF2B0BD0122008E01846611CFFF7F9
:10EB500051FDF6F779FB0028F5D0002010BDF5F740
:10EB60005DF9FAE70C20F9E708B50088F5F7F4F944
:10EB700000280CBF3020002008BD38B50546FFF73F
:10EB8000B6FD044638B92878003818BF0120F5F7DB
:10EB9000D7F9204638BD0C20FCE708B5FFF7A7FDE4
:10EBA00018B9F5F7BDF9002008BDF5F7CFF9002831
:10EBB000F7D00C20F8E708230370002070471122DB
:10EBC0004FF442530270C2705922A0F80130828083
:10EBD000C38000207047082108B5F3F767F80020CC
:10EBE00008BD73B5064600880C46088001A980B2AE
:10EBF00000F0BEFF054640B9B3784BB9019B93F9CD
:10EC00002801A070FAF722FBA070284602B070BD60
:10EC10007F20FFF7B2FDF4E710B504466FF07F00E8
:10EC2000FFF7ABFDFAF712FB20707F20FFF7A5FD81
:10EC3000FAF70CFB6070002010BD0A4600F11001CD
:10EC400008B5072303F08BFC002008BD10B5014672
:10EC500004460020F4F754FF08B92060A08000208B
:10EC600010BD10B50446F4F7E1FC28B90020214698
:10EC7000F4F72EFF002010BD0020FFF7B4FE00289F
:10EC8000F4D10C20F7E710B504460120FFF7ABFEE6
:10EC900028B101202146F4F71BFF002010BD0C20F5
:10ECA000FCE7FFF709BE1FB502880A8044F29021F5
:10ECB00083888B4215D8B3F5296FADF804204288BC
:10ECC00001A828BF4FF42963ADF80620ADF808303D
:10ECD000ADF80A20ADF80C30FFF7EEFD05B05DF899
:10ECE00004FB1220FAE737B508800D4601A900F0B1
:10ECF0003FFF044640B901982A4610F8A81FB1FA10
:10ED000081F14909FFF77CFC204603B030BD034682
:10ED10006FF06F0100200A2210B56FF004045870E4
:10ED200099701C70DA701C7158719971DA7110BD8C
:10ED300010B50446FFF7DBFC58B92078611CFFF7DB
:10ED400059FCE279F5F7CCF980F001004000C0B23F
:10ED500010BDF5F7FBF80028EFD00C20F8E773B5ED
:10ED600000880D46088001A980B200F001FF04462A
:10ED700080B9019E86F8224196F82001F3F7A8FE9B
:10ED8000A87096F82101F3F7A3FEE87096F82231F7
:10ED9000002BEFD1204602B070BD1FB5044603A979
:10EDA000008800F0E5FE38B9A388022B14D8E0787B
:10EDB000FFF7EEFC10B9112004B010BDA078FFF7EA
:10EDC000E7FC0028F7D0012303A80093A388E2788A
:10EDD000A178F4F7D1FCEFE71220EDE737B583789F
:10EDE000C17803F00104027903F0020351EA04053B
:10EDF0001DD052EA03051AD0002C18BF0021002BA9
:10EE0000037818BF00228DF802108DF80320427895
:10EE100043EA0223ADF8003043798279684643EA39
:10EE20000223ADF80430FFF7B8FF03B030BD112066
:10EE3000FBE713B50C4601A900F09AFE28B9019B27
:10EE400093F8A820DB8812B9238002B010BD0133EB
:10EE5000FAE713B5044600F0D5FD00284DD0204652
:10EE6000FF24F5F7B9F90023CDE900336846F2F73E
:10EE700007FD48B300244FF44033CDE90043FF249D
:10EE80006846F2F7FDFC18B300204FF48023FF24FE
:10EE9000CDE900036846F2F7F3FCE8B100214FF436
:10EEA000C023FF24CDE900136846F2F7E9FCB8B1AE
:10EEB00000224FF42023CDE900236846F2F7E0FC5E
:10EEC00090B1002002B010BD009B83F83D42CDE719
:10EED000009B83F88A40D3E7009B83F83440D9E74E
:10EEE000009B83F83440DFE7009B93F83820032A27
:10EEF000E3D1FF2283F82220DFE71220E2E707B503
:10EF0000008801A900F056FE30B9019B93F83F211B
:10EF100012B9FF2283F83F2103B05DF804FB10B55E
:10EF20000446F4F7F1FB20600020616010BDF0B5ED
:10EF3000044689B000200E4604F11807F4F7A0FB40
:10EF400023466A461868083353F8041C1546BB422A
:10EF500003C52A46F6D119889B782980AB70002317
:10EF60008DF81B308DF81C30637E042B10D8A37EE7
:10EF7000042B0DD8237D022B0AD0637803F01803ED
:10EF8000082B05D031466846F4F75EF909B0F0BDAC
:10EF90001220FBE7F0B5044689B000200E4604F1CC
:10EFA0001807F4F76DFB23466A461868083353F8D0
:10EFB000041C1546BB4203C52A46F6D11B782B70AC
:10EFC00000238DF81930ADF81A308DF81C30237DF0
:10EFD000022B0AD0637803F01803082B05D03146C2
:10EFE0006846F4F731F909B0F0BD1220FBE710B51F
:10EFF000032104460078F2F709FC20B12178BDE82E
:10F000001040FFF7D2BB422010BD2DE9F743064662
:10F01000477803210078F2F7F9FB0446002852D024
:10F0200002F088FB042F054696F8039004D1B9F14D
:10F03000000F4ED0122013E0E06CFFF718FAF378BF
:10F0400000EB09081FFA88F86BB9204602F031FB83
:10F0500080450ED9204602F06DFB0028EAD107203A
:10F0600003B0BDE8F083204602F035FB0028ECD168
:10F07000E0E741462046FFF7DAFB0028F0D1FB1E0F
:10F08000012B22D9B9F1000FD4D0002DD2D1012FFC
:10F0900004D10222E16C6846F2F70AFD4B46726821
:10F0A0000121E06CFFF749F90028D8D0023F012F79
:10F0B00007D8E06CFFF7DBF901210246E06CFFF7AF
:10F0C0006CF90020CCE74220CAE785F00102D2B2F9
:10F0D000E0E70028AED1204602F002F80028A9D0CF
:10F0E000E06CFFF7DAF90028A4D0204602F04EFBCE
:10F0F000E7E737B50446F3F7F3FD054623781F2B02
:10F1000018D8C16C04226846F2F7D2FC22460021CE
:10F11000E86C12F8013BFFF710F968B1EC6C20467F
:10F12000FFF7B0F9002102462046FFF736F900202C
:10F1300003B030BD1220FBE70720F9E72DE9F743C4
:10F140000746467890F8039003210078F2F75EFBBB
:10F15000044600284FD0F4F799FA30B1204602F067
:10F16000D2FA002808BF4FF00009E06CFFF78AF9D7
:10F17000FB7800EB09081FFA88F84BB94146204696
:10F18000FFF755FB054650B1284603B0BDE8F083B4
:10F19000204602F0B8FA0028F0D11225F4E7042E38
:10F1A000FBD0032E0CD1204602F0C4FA08BB012E7E
:10F1B00014BF05220622E16C6846F2F779FC08E0EC
:10F1C000B9F1000FE9D0204601F08AFFA8B9012E5D
:10F1D000E9D04B467A680021E06CFFF7AEF870B1D9
:10F1E000023E012ED0D842460021E06CFFF7D5F850
:10F1F000CAE70422DFE74225C6E70C25C4E7072556
:10F20000C2E713B504460020F4F73AFAE378FB2B83
:10F2100013D82278043468468DF803308DF8002026
:10F2200014F8022C8DF8022014F8032C01948DF8A8
:10F230000120FFF783FF02B010BD1220FBE710B5DD
:10F2400004460020F4F71CFAF2F71AFC2080002094
:10F2500010BD73B504460020F4F712FA63787BBB47
:10F2600023783BBB01936C46009303238DF8063053
:10F270002046F2F705FBD0B90098FFF7F8FA00280E
:10F28000F6D018E09E00032104EB83039878F2F790
:10F29000BDFAB8B12378012B0BD1B11C2144F3F78F
:10F2A0003DFE013538B96278EBB29A42EAD80020C7
:10F2B00001E013B1122002B070BDFFF7D8FAF0E7F9
:10F2C0000025F0E74220F6E738B50321054600782F
:10F2D000F2F79CFA0446A0B101F002FF28B92046DB
:10F2E000691C02F0E8F8002038BD204602F00BFA55
:10F2F00008B10C20F8E7204602F001FA0028EED011
:10F30000F7E74220F0E737B50446F3F7E9FC054696
:10F3100023781F2B18D8C16C00226846F2F7C8FB6F
:10F3200022460121E86C12F8013BFFF706F868B1AC
:10F33000EC6C2046FFF79BF8012102462046FFF7C0
:10F340002CF8002003B030BD1220FBE70720F9E7BE
:10F3500013B504460020F4F793F9E378FB2B13D898
:10F360002278043468468DF803308DF8002014F8B4
:10F37000022C8DF8022014F8032C01948DF8012042
:10F38000FFF743FE02B010BD1220FBE773B5054640
:10F390000026F3F7A5FC04468DF8046002F0B7F9E7
:10F3A0002B78C0018DF80760012BADF8050005D161
:10F3B00001A92046F3F7B2FD02B070BD2BB920467B
:10F3C00002B0BDE87040FFF752BA1220F4E710B562
:10F3D000044634F8020B0880022180B2F2F716FAD4
:10F3E00020B12146BDE8104002F0B0BB022010BDA4
:10F3F000008808B50880022180B2F2F707FA20B130
:10F400000021BDE8084002F0A1BB022008BD37B5CD
:10F41000044600880D460880092180B2F2F7F6F90B
:10F4200010B10C2003B030BD0B212088F2F7EEF9AB
:10F430000028F6D10C212088F2F7E8F90028F0D155
:10F4400001A9208800F094FB0028EBD1019B9B8F41
:10F450006B80E7E737B5044600880880092180B251
:10F46000F2F7D4F910B10C2003B030BD0B21208885
:10F47000F2F7CCF90028F6D10C212088F2F7C6F972
:10F480000028F0D163880BB91220EDE701A920888C
:10F4900000F06EFB0028E7D1658842F21072019BF4
:10F4A000A9B2D3F8C8405143B3F8DE206243B3F8A1
:10F4B000D04004FB02229142E6D3D3F8C820D3F80F
:10F4C000C8409442F9D100229D875A63621E0A44C3
:10F4D000B2FBF4F29A63C7E710B50C460221F2F7CB
:10F4E00095F990B1022C12D804F00102C4F3400443
:10F4F00080F8EC2180F8EB4112B190F8EA310BB9B9
:10F50000002010BDF6F794FCFAE70220F9E712207C
:10F51000F7E710B504460078FF280AD00321F2F778
:10F5200075F958B16378A27843EA0223C3840020B6
:10F5300010BDB4F80100F6F7A7FDF8E74220F7E7A1
:10F5400010B504460078003818BF0120F9F772FEA4
:10F550002078003818BF0120F6F756FC002010BDB7
:10F560000620F4F799B80820F4F796B802F01EBB0D
:10F5700010B5044604B910BD236898476468F9E7DC
:10F5800003680BB9016070471A465B6813B18A4281
:10F59000FAD170478A4218BF5160704708B5F8F732
:10F5A00031F9F6F725FCBDE80840F8F713B908B5BE
:10F5B000F6F7ECFBF8F7FEF820B140F26311932068
:10F5C000F1F7FAFC0320BDE80840FEF761BE08B57C
:10F5D0000220FEF75DFE0020FEF75AFEF2F7DAF990
:10F5E000F4F72AFAF3F704F920B140F2431193201B
:10F5F000F1F7E2FC08BDFFF7EABF08B5FFF7D7FF58
:10F60000F8F78EFF20B14FF4BC719320F1F7D4FCD2
:10F6100008BD08B500F0A5F9F3F7FAF80220FEF7E7
:10F6200037FE0020BDE80840FEF732BEFBF70EBFF4
:10F630000B46892203F8032BD0F80920C1F80320D8
:10F64000427B1A71704738B50D460446F4F766F8E8
:10F650002B78002B08BF034684F874306B78002B9E
:10F6600008BF034684F875306B88A4F8763038BD3F
:10F6700037B58B780546046803F0070384F8193121
:10F680004B7803F0070384F818312623E37394F8CA
:10F69000393113BB94F83831012B1ED094F8213145
:10F6A00094F81821D91E012998BF04239A42B4F86E
:10F6B0001E3118D194F8202194F81901D11E012986
:10F6C000B4F81C1198BF042290420CD10222A4F875
:10F6D0003A11A4F83C3184F83821284603B0BDE83B
:10F6E000304000F0D5BF022094F81D2194F81C1181
:10F6F00000902846F4F740F80028EED04FF46671E9
:10F70000AE20F1F759FC38B5036804460D4693F86E
:10F710003831012B02D11E21F4F7A8F8236800200C
:10F7200083F8380165B1182283F8992009229A7369
:10F7300093F84E3093B940F25B41AE20F1F73CFCB8
:10F74000DA7B243A072A03D82046DD7300F0B2FFA3
:10F7500020461821BDE8384000F0DCBF38BD08B5B0
:10F7600003689A7B22B14FF4E671AE20F1F724FCD6
:10F7700024229A7308BD034610F0010007D19A07AE
:10F7800004D413F0040018BF032070470220704710
:10F790002DE9F34B1646054610461F4646EA01047E
:10F7A000FFF7E9FF83460846FFF7E5FF89464BEA86
:10F7B0000404DDF8288001900443E4B2003C18BF43
:10F7C0000124F3F7ABFF064018BF5E46F3F7A6FF30
:10F7D00095F8202110EA0901019B18BF1946B24291
:10F7E00014BF3346002388F8003095F821218A425F
:10F7F00008BF00210B4388F801100AD1EB88013FB4
:10F80000FF1A47F6FD73BFB29F428CBF002404F07D
:10F810000104C6B995F82001F3F76AF903280ED15F
:10F8200095F83831012B0AD1B5F83C2195F82031F3
:10F83000012A0AD1042B0AD0042388F8003020467C
:10F8400002B0BDE8F08B032EE9E7032BF7D00323CA
:10F85000F3E7032906D101280AD1042101205180B0
:10F8600013807047042903D1012801D00321F5E753
:10F8700000207047012807D0022805D0033801284E
:10F880008CBF00200120800070472DE9F0410C68FA
:10F8900005460F4694F84222D31E012B2DD894F82A
:10F8A0002031D91E012928D8D31A18BF012394F872
:10F8B0004302FFF7DFFF06460BBB1046FFF7DAFFF8
:10F8C000804694F89F306BB948EA060313F0FF03B3
:10F8D00006D0204600F02FFF3B68DB8803449BB234
:10F8E000A4F84032B4F840320520AE70EB701B0A29
:10F8F00085F801802B71BDE8F0810023D7E74FF038
:10F900000008DEE770B5056802460B46EC7BA4F103
:10F910002406072E15D994B9AD7B292D11D04D7829
:10F920006E0706D08D786D0703D0FFF7A1FE204645
:10F9300070BD19781046BDE8704000F0EBBE0124A0
:10F94000F5E72024F3E708B50368DA7B262A05D01B
:10F9500022B140F2D351AE20F1F72EFB2722DA7309
:10F9600008BDF4F769B8704730B542401C78087894
:10F970005D7860404C786C409D7820448C786C4079
:10F98000DD782044CC786C401D795B7920440C797B
:10F9900049796C404B40204418441044B0FA80F040
:10F9A000400930BD024600200139C9B2FF2900D10B
:10F9B0007047535C83F001030344D8B2F4E708B501
:10F9C000F4F7C4F8082807D0F4F7E2F8082803D0C1
:10F9D000F4F7F2F8012008BD0020FCE708B5F4F7C1
:10F9E000B5F8082803D0BDE80840F4F7D1B808BD41
:10F9F00008B502F066F918B1BDE80840F9F724BD72
:10FA0000082008BD70B503791F2B0FD8461E051DB1
:10FA1000002416F8010F00F022FE0444AE42E4B2C6
:10FA2000F7D1012C94BF0020012070BD0020FCE71D
:10FA300001440023884203D1B3FA83F040097047A0
:10FA400010F8012B1343F5E7F8B505460C46D0E94D
:10FA5000047602F023FB18B952212920F1F7ACFA01
:10FA6000E4B1D5E90423D21B63EB0603012A73F149
:10FA700000014FF0000113DB6FF00100904299414B
:10FA800001DA5C21E9E7631E1344B3FBF4F35C4342
:10FA9000E41946F10006C5E904461C462046F8BDB7
:10FAA0000C46FBE7022905D13C281AD980100F38F3
:10FAB00080B27047CB1E012B0ED804290BBF9623B2
:10FAC0004FF416731022402203F5BC73984208D9F4
:10FAD000C01A90FBF2F0EBE7702802D9C0100E3884
:10FAE000E6E700207047022908B5034614D005D880
:10FAF000012909D0E7212920F1F75EFA033901290C
:10FB0000F8D840F6A66008BD40F6C41040F2E242C4
:10FB1000002B08BF1046F6E740F6C410F3E7801A42
:10FB2000723810B58842029C94BF091A491A22689B
:10FB3000012902EB510294BF0020012022601A68C3
:10FB4000A2EB51021A6010BD69B1A0F57A7241F2C0
:10FB500070739A4207D84FF47A73B0FBF3F000F554
:10FB6000506080B2704740F2E243B0FBF3F0F8E738
:10FB700038B50C4600210546F1F748FE206048B92B
:10FB800002212846F1F742FE2060B0FA80F04009D9
:10FB9000400038BD0020FCE70368587BC0B293F8F2
:10FBA00030302BB900F0FB00003818BF012070473F
:10FBB0000020704710B50C46FFF7DAFF38B9204631
:10FBC000FFF7EAFF80F001004000C0B210BD022044
:10FBD000FCE738B54FF444720D460021044602F0AC
:10FBE0006BFD6FF036020123A4F8AA5084F8672059
:10FBF0000422E37584F868206FF03B0284F86E30CD
:10FC000084F869206F2284F8A83084F86A200322DF
:10FC100084F86B20002284F86C206FF07F0284F857
:10FC20006D202B2284F86620FE2284F89E207F22FD
:10FC3000E27238BD40F6B83307B5B0F8D220D0F83C
:10FC4000C8100190838701A8F4F788FA03B05DF823
:10FC500004FBC2B292FAA2F2030A93FAA3F31B0EB8
:10FC6000100E40EA03207047013105300022C9B26E
:10FC700070B510F8013F8B4216D310F8054C0023E5
:10FC8000012505FA03F626421CBF01F1FF31C9B276
:10FC900069B10133082BF4D10132D2B2052AE8D17F
:10FCA0009B214620F1F788F9C91AC9B2F4E703EBA2
:10FCB000C200C0B270BD0B6870B5C0F80130044618
:10FCC0000B790546461D03F01F0343710023C372E1
:10FCD00015F8010F00F0C3FC6871B542E37A1844CF
:10FCE000E072F5D170BD81EA114170B58CB2054664
:10FCF000C17A032682EA0400FFF7ABFF013E00EB66
:10FD0000001016F0FF0604EB000290B2F4D144405C
:10FD10002522B4FBF2F302FB1343C3F3C402D8B2AF
:10FD200003F007032A445678012202FA03F31E4225
:10FD300007D161432846C1F30741BDE87040FFF792
:10FD400093BF70BDF8B590F8225004466B1E242B6B
:10FD500003D9E1214620F1F72FF9DAB1C07D00285F
:10FD600043D194F8243094F8231002FB0132252368
:10FD7000B2FBF3F103FB1123DBB204EBD30203F07C
:10FD8000070684F82430117E0122B240114202D0CD
:10FD900084F82530F8BDB3FBF5F205FB123304F10E
:10FDA0001C01013303F0FF0311F8012F9A4219D30C
:10FDB00011F8055C0022012606FA02F72F4208D04E
:10FDC000013B13F0FF0304D102EBC00284F82520AD
:10FDD000E0E70132082AEFD10130C0B20528E3D1B3
:10FDE000D721B7E79B1ADBB2F6E7E28804F11700E8
:10FDF000496AFFF778FF84F82500CBE7037889018B
:10FE000023F0400301F040010B4303707047037877
:10FE100003F07F0343EAC113037070471F2A38B50C
:10FE20000546144603D9A8212A20F1F7C5F806345F
:10FE30000930FDF78FF86C7038BD1F2A38B50546BC
:10FE4000144603D9CA212A20F1F7B6F8063409303E
:10FE5000FDF780F86C7038BD0378024603F00F039D
:10FE6000032B3ED0052B42D1C37F90F820000343E3
:10FE700092F82100034392F82200034392F82300F2
:10FE800000F01F00184333D05378222B2FD1B2F843
:10FE90001930B1B1B3F5506F13D940F607518B4209
:10FEA00025D8B2F81B30B3F5FA7F20D2B2F81D0086
:10FEB00040F676430A3880B298428CBF0020012079
:10FEC0007047991F40F67A4089B281420FD8917DE0
:10FED000481E07280BD8994209D2B2F81710994248
:10FEE000DEE74078A0F10C035842584170470020EB
:10FEF0007047C37813F03F035DD007295BD8DFE874
:10FF000001F0040B1E29343F4A55037913F0010F09
:10FF10000CBF002005207047027912F002004BD080
:10FF2000052002F00102072902EB420200EB420029
:10FF3000C0B241D1021F9A42C8BF00207047027967
:10FF400012F0040038D0052012F0020F1CBF06305A
:10FF5000C0B2E6E7027912F008002DD0052012F0B9
:10FF6000040F1CBF0130C0B2EEE7027912F010009E
:10FF700022D0052012F0080F1CBF0230C0B2EEE7FD
:10FF8000027912F0200017D0084612F0100F1CBFA3
:10FF90000330C0B2EEE7027912F040000CD0052029
:10FFA00012F0200F1CBF1230C0B2EEE702795006EB
:10FFB000F5D50620F4E70020704770B50C460646DC
:10FFC00011461D4624B94FF41F712A20F0F7F4FFA3
:10FFD000FFF78FFF10B940F27D21F6E7031F2B4496
:10FFE0003F2B02DD40F27E21EFE72A4621463044D6
:10FFF000BDE87040FCF7AEBF10B50446FFF779FFCF
:020000040002F8
:1000000000B1204410BD30B5C1F38003C1F38014AA
:10001000C1F340052344C1F3001404EB440423441A
:10002000C1F3401404EBC40403EB4403C1F3000424
:100030002C44C1F3C005134404EB44042C4403EBEB
:10004000440313F0FF031CBF01330171C17818BFD3
:10005000DBB221F03F0103F03F042143C170591C82
:1000600041701AB104339B1A013AC25430BD70B5C5
:10007000C4780646154604F03F041319FE2B04DD30
:1000800040F2B9212A20F0F797FF0135201D2C44BA
:100090003044FCF75FFF747070BDC378024613F004
:1000A0003F0022D0137913F0200FC3F3C001C3F334
:1000B000400014BF0922002213F0100F114403F076
:1000C00001020244C3F3800002EB42020A44C3F37C
:1000D000801114BF032300230844184400EB42009E
:1000E00010F0FF001CBF0130C0B270471B2A08B5DA
:1000F00004D940F299312A20F0F75EFFBDE80840AC
:10010000FCF728BF8388A1B1B3F5506F11D940F631
:10011000075293421BD8C388B3F5FA7F17D20089E0
:1001200040F676430A3880B298428CBF0020012006
:1001300070479A420BD8B3F5486F08D84278511EE1
:10014000072904D89A4202D242889A42E2E7002064
:100150007047013001F1200351F8042B994240F817
:10016000042BF9D10B880380704738B51546044637
:10017000FFF7EFFF2B68C4F823306B68C4F8273013
:1001800038BD2DE9F04F85B08846154603A99DF886
:1001900038400193FFF7ECFC814618B9039E2DB956
:1001A00001237375012005B0BDE8F08FD6F8C0A01B
:1001B00029465046FDF7AFFE074608B90020F2E792
:1001C000F2F7A8FD8542F9D839465046FDF7DFFF22
:1001D000727D8346A0F80190002A18BF4FF00208F4
:1001E00080F800803846FDF7DAFF0746DCB1B6F844
:1001F000E640C4B101F023FE40F2712254432418BA
:1002000041F1000179602A4601990BF103003C603D
:10021000FCF7A0FE29465046FDF7B8FE28B9832119
:100220002B20F0F7C9FE2146ECE7039B93F8A8309A
:1002300033B103A8FEF709FC039B0022A3F8E221D7
:100240000023AEE7437837B5C3F301120446032A0F
:1002500003D8DFE802F0050E1D05002003B030BD15
:10026000057803F00F00002300930221231D62880C
:1002700007E0057803F00F00002301210093231D00
:10028000628845EA0020FFF77CFF60B10120E5E7C6
:10029000F3F740FA03685B05DFD560780123257822
:1002A00000F00F00E0E7F4F779F9EFE71A230B709D
:1002B00001234B708B707047F4F736B810B521B935
:1002C00040F2A9211020F0F777FE4A600B72EFF39D
:1002D000108472B6031D0B6042681AB1127A012AAB
:1002E00008BF036003681960016004B962B6BDE825
:1002F0001040F4F763B80222F4F73EB90322F4F792
:100300003BB90422F4F738B90222F4F779B98D2306
:100310000B7030F8B53CA1F8033030F86B3CA1F815
:10032000053030F8673CA1F8073030F8693CA1F897
:10033000093030F8653CA1F80B30704708B5CB1E8A
:10034000012B04D8800100F5747080B208BD01292A
:1003500002D10E30C000F8E7022902D10F30800030
:10036000F3E74FF40C710620F0F726FE30B587B0A6
:1003700004460D46F2F7D4FC80B334F8BE4C69460F
:100380002046FEF7B0FC18B1FB212C20F0F714FE3C
:10039000BDF8063003A8ADF80C40ADF80E30BDF83E
:1003A0000830ADF81030BDF80230ADF81230BDF8AD
:1003B0000430ADF81430FEF774FC10B14FF48271C4
:1003C000E3E7ADF80C009DF80C30002063F3070064
:1003D0009DF80D3063F30F2007B030BD2B469A22F5
:1003E00003F8032BD4F80920C5F80320D4F80D2016
:1003F0005A60B4F811201A810423ADF80C30E2E7FA
:1004000040687047033901298CBFC08A4FF42960C6
:10041000704770B590F878608D88033E0C89012E86
:1004200004D943B11678033E012E04D8B5F5296FDF
:1004300038BF4FF4296590F87960033E012E04D946
:1004400043B15378033B012B04D8B4F5296F38BF6F
:100450004FF42964CB884A88A0F86430A0F8602063
:10046000A0F86250A0F8664070BD8383BDF80030EC
:1004700001834283C38370471B2200294FF01B1165
:100480000CBF4FF4A4734FF4296382840284028565
:1004900002F1A472C160C3844384C3838383438213
:1004A0000382C0E9052170470346B3F85810B3F83A
:1004B0006420F0B5914293F87940B3F85C5028BFBE
:1004C0001146033CB3F86620E4B2B0F84E70AA427D
:1004D000B0F85200A3F84E1028BF2A46012CB3F8FA
:1004E000544087BFB3F8566015464FF429664FF461
:1004F00029658C42A3F8525038BF0C46B24238BF2F
:1005000032468F42A3F85440A3F8562026D1401B10
:1005100018BF0120B3F86020B3F85A10B3F84C505C
:100520009142B3F8504028BF114693F87820033A1F
:10053000012A15D9B3F85E20B3F86260B24228BF31
:1005400032468D42A3F84C10A3F850200BD19442B0
:1005500018BF40F0010000F00100F0BD0120D9E714
:100560004FF42962EDE70120F5E738B5CB1E0446CC
:10057000012B10D9C58B438C9D4228BF1D46207A84
:10058000FFF7DCFE6389AB4228BF2B46984238BF99
:10059000184680B238BD4FF42965F0E72DE9F843DD
:1005A000994607460D46808919461446FFF7C6FE50
:1005B00006469DF8208049463846FFF7D6FF86421A
:1005C0004146A8F1030828BF0646B88AFFF7B6FEE1
:1005D000B8F1010F0346B6B28CBFFA8A4FF4296214
:1005E000904204F1060028BF134628449BB23344CE
:1005F0001844BDE8F8830346828F13B5403049B9EB
:10060000598F93F87940009493F87830FFF7C6FF3C
:1006100002B010BD198FF4E770B50C4615461946A7
:100620004BB9068FFFF7E7FF28443044A04294BF40
:10063000201A002070BD468FF4E738B50D461146EC
:100640000446FFF7D8FF2844606438BD01F19C03DD
:1006500083423DBF9C38401A40080020704700F09C
:100660005503400800F05500034403F033009B0895
:1006700003F03303034403F00F0000EB1310704743
:10068000036800229A7383F84E20A3F84A2070472B
:10069000026892F8A8302BB9A2F85230012382F8F0
:1006A000543070470023A2F8523092F8543001338E
:1006B0005BB2F4E7026808B592F8A83013B982F883
:1006C000543008BD92F85430013B5BB2002B82F8E5
:1006D0005430F6DA52214A20F0F76EFC08B5036870
:1006E00083F89B1083F89A203522DA73FFF7D0FF46
:1006F000002008BDA0F10A03042B09D9A0F147038B
:10070000012B05D9243807288CBF00200120704711
:10071000012070470268136810B513F0080408D16F
:1007200043F0080382F898101360FFF7B1FF2046EA
:1007300010BD0120FCE7D0F8C82041F64B539A4287
:1007400096BF4AF6C8730623B3FBF2F3B0F8D02085
:10075000B0F8DE001344584380B2704703680020AD
:100760001A7C073A012A81BF4A785A7407221A7400
:1007700070470268137C073B012B84BF0823137466
:100780007047026870B5D57BE5B9CB88D688A2F8EA
:10079000D832013B9B1B47F6FD769BB2B34206D98C
:1007A000282382F83130F4F765FA284670BDD1F875
:1007B0000130C2F8DA324B7982F8DE320A2203685D
:1007C000DA73F2E70125F0E72DE9F74F064689468F
:1007D00090460193FFF7AFFFD6F8FC71044657B976
:1007E0000023C8F80030F38823449CB2019B1C808E
:1007F00003B0BDE8F08FF4F747FD0028F0D1D6F83C
:10080000C8C0D6E978320CFB04FE1EEB030ED7E914
:10081000021342F100020B44D7E900155B1845F1C1
:100820000005734575EB020114D2BEEB03016FF0B6
:10083000010B62EB050A8B4570EB0A0A03D23D21DE
:100840005620F0F7B9FB3869471E3944B1FBF0F187
:10085000E0FB0135B3EB0E0365EB02056FF001021F
:100860009A424FF00002AA4101D24821E8E7B3FBC7
:10087000F9F209FB1233B3FBFCF291B20CFB11331A
:10088000C8F80030F3881C441444A4B2AEE70B4609
:10089000822203F8032BD0F80920C1F80320D0F8F6
:1008A0000D205A60427C1A720023CB707047036897
:1008B000F7B5DD7B06460C46002D63D193F8297110
:1008C00006230DF107018DF80730FDF792FE9DF824
:1008D000072039462046FFF715FC38B92178304605
:1008E000FFF718FF0546284603B0F0BD326863895C
:1008F000D188A2F8D832013B5B1A47F6FD719BB252
:100900008B4206D92823304682F83130F4F7B2F909
:10091000E9E7A3886FF450615918062995BFA3F53C
:10092000506340F2E2414FF47A7128468CBF4B434A
:100930004B43C2F8E0326378C0B103EB830303EBAF
:1009400083039B00A2F8DA326388C0B164214B4371
:10095000C2F8DC32E388A2F8E4322389A2F8E63256
:10096000002382F8EC320D23D373BCE7C3EB4311B1
:1009700003EB810303EB83035B009BB2E2E740F2EE
:10098000E241E4E70125AEE7F8B50D6804460F46FD
:10099000D5F84C0295F82911FFF7D6F86FF450629C
:1009A000B5F8463282182071000A92B26071062AA8
:1009B0008BBF40F2E2426422002601268CBFB3FBCB
:1009C000F2F3B3FBF2F36370B5F85032A3711B0A74
:1009D000E371B5F8523223721B0A6372386890F8DB
:1009E0009F303BB905F5117305F51272D5F84C121D
:1009F000FFF7EAFEB5F84432A3721B0AE372D5F89A
:100A0000483246B164220C20B3FBF2F3A370C3F367
:100A10000723E370F8BD40F2E242F4E70B4684227C
:100A200003F8022BD0F80920C1F80220D0F80D20DD
:100A30005A6070470B46852203F8022BD0F8092034
:100A4000C1F80220B0F80D209A80704738B50368CD
:100A50000546DC7B34B1113C0F2C8CBF01240824EB
:100A6000204638BD1A7D002AFAD0D3F8A4302BB91D
:100A7000FFF70EFE2B681122DA73F1E70C220A2130
:100A8000BDE83840FFF72ABE08B50368DA7B162AAE
:100A900004D040F253211F20F0F78EFA012283F890
:100AA00055201822DA7308BD0368DA7B122A05BFC5
:100AB000132200200220DA737047036810B5DB7B35
:100AC00004461C2B06D1FFF7F5FD236820220020E9
:100AD000DA7310BD0220FCE708B50368DA7B112A3F
:100AE00004D040F27E211F20F0F766FA012283F83D
:100AF00055201222DA7308BD08B50368DA7B182A7C
:100B000004D040F28A211F20F0F756FA1C22DA7333
:100B100008BD3E230B700C234B7004238B70D0F860
:100B20000930C1F80330D0F80D30C1F80730B0F803
:100B30001130A1F80B30C37C4B73704708B50368C4
:100B40009A7B1AB1CF211C20F0F736FA04229A734F
:100B500008BD08B5036893F8A82032B9DA73A3F882
:100B60005220BDE80840FFF7A5BD1A68D10703D49D
:100B7000DD211C20F0F720FA22F001021A60F0E7D4
:100B800087230B7030F8AC3C4B807047036893F8B8
:100B9000A8109A7B59B9052A08BF00224FF000001F
:100BA00002BF83F83E2083F84E209A7370470F2AC5
:100BB000F2E738B5046894F8A85045B9E37B4BB91F
:100BC000FFF766FD45B90223E373002038BD2368B3
:100BD0005B07F5D50120F9E7236843F004032360A0
:100BE000F3E7036893F8A8201AB11A6822F0040208
:100BF0001A60FFF75FBD08B503689A7B1AB17221CE
:100C00004B20F0F7D9F993F8A820002A14BF0F223F
:100C100005229A7308BD10B5D0E90D42A24206D351
:100C20000B8D121BC98E05334B43934202D3012314
:100C300080F83E3010BD0C230B7008234B7000234E
:100C40008B70B0F85230A1F80330437A4B7143896E
:100C5000CB8083890B81704710B5046894F85730B6
:100C60009A070CD4A37B1BB177214020F0F7A4F99D
:100C70000122A4F84A30A27384F84E2010BD94F8E3
:100C8000A8303BB9E37B0BB9FFF714FD002384F8D0
:100C90003E31F3E723689B07F8D5FFF70BFD236888
:100CA00023F002032360F1E710B50B7901284C799A
:100CB0000A6843EA0421104608BF41F4803110BDA0
:100CC00007B5FFF7F1FF0DF10702F4F737FA03B0AC
:100CD0005DF804FB90F838300BB90020704790F8AD
:100CE0003830012BF9D090F83800073818BF0120B0
:100CF000704790F83830012BDAB201D0FFF7EABF25
:100D000010467047002307B501A80193F9F7A6FE26
:100D1000019810F0030018BF012003B05DF804FB38
:100D200010B5FFF7EFFF002814BF14240024FCF7D0
:100D3000AFF9404200F01400204410BD73B50C46DA
:100D4000B1F8051005461A2921D9B4F80730B3F5D2
:100D5000A47F1CD3B4F801201A2A18D9B4F8034090
:100D6000B4F5A47F13D30068009400F1A806E8301E
:100D7000FFF77BFB2C683046FFF796FB10B901208C
:100D800002B070BD04F25F10F3F746FCF7E70020F5
:100D9000F6E708B503689A7B1AB12621A320F0F77D
:100DA0000BF921229A7308BD38B505680446AB7B60
:100DB000213B022B0BD8FFF7C1FF18B10621206899
:100DC000F5F7ACF8002085F84E00A87338BD012077
:100DD000FCE702681368D90610B5044603D4B821AD
:100DE000A320F0F7E9F8990601D5B921F8E723F037
:100DF00010031360FFF75EFC20680621BDE8104079
:100E0000F5F78CB838B50546F9F712FB00F5444301
:100E10004FF47A72033D4933B3FBF2F4FFF780FFDE
:100E2000012D00F1A4038CBF002028202344184486
:100E300038BD10B5044690F87900FFF7E3FF0122B2
:100E400001462046BDE81040FFF7F7BB002313B56D
:100E50001A464373A0F89032194600930446F4F7FB
:100E60008DFA20B14FF4F3713020F0F7A5F801238B
:100E7000C4F81802C4F810026373A4F82E02A4F890
:100E80002C0284F83102E388A4F89202013BE3804B
:100E900002B010BDF8B50D460023D0F8101104467D
:100EA00080F81431D0E9506781F8ED2180F8503195
:100EB000D0F81001FEF7BEFED4F81001C0E99E671D
:100EC000C0F89452C0E9A267FFF7C0FFF9F77EF8B7
:100ED000BDE8F840FBF704BAD0F81001704738B508
:100EE000044690F850319BB1FF2380F8583101211E
:100EF00000F049FC94F8503153B104F1E80528465C
:100F000000F0C2FF284600F0CBFF002384F85031E8
:100F1000002038BD08B590F8582142B990F8142146
:100F200042B1D0E94631994202D9F6F791FE00224A
:100F3000104608BD0122FBE710B50446FFF7F0FE9E
:100F400000F25911226A236C9A4228BF1A461046B1
:100F5000FFF77CFBB0F5296F28BF4FF4296080B202
:100F600010BD012A70B506460D4614460BD0022A64
:100F70000ED08AB9F8F722FE224601462846BDE87F
:100F80007040FFF787BFF8F719FEC6F8940270BDEE
:100F90000122D0F89412F1E740F2C2713020F0F74C
:100FA0000BF870B5044621B101297FD040F2D2710F
:100FB00079E000F078FA94F8513105460E46DBB13D
:100FC00050EA010318D0D4E94832D4E95001C01ADC
:100FD000334661EB02012A4601F00EFB05FB01F3EB
:100FE00000FB0633A5FB00021344D4E94821121884
:100FF00043EB0103C4E94823E38CEBBB0020D4E9B5
:101000004832ED184FF0000346EB02062D1840F26F
:10101000024284F8303146F1000684F85131A4F8D8
:101020003821C4E94856C4E9505694F8583103F0C1
:10103000FF01DBB96FF00043D4E952029A4208BFC6
:10104000B0F1FF3F25D02046D4E9505600F0EAF930
:10105000AE30D4E952325B1B62EB06021B1A62F11E
:101060000002002A15DA2046F6F7F2FDF8F7AEFF87
:10107000BDE87040FBF734B9204600F048FB00287B
:10108000BCD1F3F7EFFAE38CB0FBF3F202FB1300F1
:10109000B5E704F5987104F1E800FBF735F900288D
:1010A000E4D140F2FF613020EFF786FF002380F8A3
:1010B0001431DBE7002307B5CDE9003303238DF8B6
:1010C00006306846F0F7DCFB18B1002003B05DF88D
:1010D00004FB009B93F85031002BF2D00120F5E780
:1010E00090F85001003818BF012070470B4681224C
:1010F00003F8032BB0F80920A1F80320C27A9A70F4
:1011000070470B468C2203F8032BD0F80920C1F856
:101110000320D0F80D205A6070478B88F7B513F084
:10112000180506460C461FD1086820B940F2EA317E
:101130002D20EFF741FF00F0B1FB217CF4F7B6FF63
:10114000677CA38801463A46304600932B46F4F765
:10115000CBFFA430D4E90223824273F100032CBFF9
:101160000120002003B0F0BD0120FBE710B50446CC
:10117000F3F778FA82B204F1690104F13600FEF760
:10118000B2FD84F8440010BD37B504460D46FFF7A4
:10119000EDFF01222B466179204603B0BDE83040C7
:1011A000F5F718B938B588220B460C4603F8032B1F
:1011B00000F10902293052F8041B824243F8041B53
:1011C000F9D1127802211A700123A588A37128464B
:1011D000F0F71CFBA0B1E3784BB102212846F0F7F1
:1011E0002BFB68B140F233212D20EFF7E5FEF2F73B
:1011F0008BFA4B0404D52846BDE83840FDF7D3B937
:1012000038BD70B504460D46173019461646FEF730
:1012100052FD84F8205184F82151FF2384F82231B3
:10122000E91E04F1E80001298CBF00210121FFF72C
:1012300023F9314604F1A800F2F778FF94F82A3137
:10124000002B14BF4D239623A4F8E230A4F8E0301D
:101250000023A4F8E43070BD70B50D46044691F843
:1012600029111646D5F8C800FEF76EFCB5F8D03047
:10127000A4F8AC0004F1A002A4F8AE30B5F8D23066
:10128000A4F8B03095F82B3184F8B230237F73B3D3
:1012900094F86830012B2AD194F86E3003F0C00323
:1012A000402B24D1D4F86930C4F8A030B4F86D30A4
:1012B0009380082E236A04F1A60193F8AC2003F171
:1012C000AD0084F8992004F19A02D3F8AD3019D01A
:1012D000C4F8A630838830468B8004F19901F2F778
:1012E0004FFE40B940F6E2312D20EFF765FE0023B6
:1012F000C4F8A030DCE794F8993043F0020384F896
:10130000993070BDC4F89A30838893800023C4F864
:10131000A6308B80F5E70B468B2210B503F8032B24
:10132000D0F80920C1F80320427B1A71CB78A3B111
:1013300030F8B43C1B0710D4B1F805400221204618
:10134000F0F764FA48B102212046F0F775FA20B1AF
:1013500040F276212D20EFF72FFE10BD0121F5F789
:10136000BBBBFFF7FBBFF5F789BC704708B590F82A
:1013700094300BB1012008BD90F8CC30002BF9D18E
:1013800090F8BE3003F0FF00002BF4D0F2F77EF9A6
:1013900080F00100C0B2EEE730B54FF4B07285B016
:1013A0000D460021044601F087F9FF232370132323
:1013B000638042F21073E384F0F734FB00220146AD
:1013C000E0646846F0F774FB00220121E06CFCF752
:1013D000E4FF0422E16C6846F0F76AFB0022E06C4F
:1013E0001146FCF7DAFF04F13000A57400F006FAAC
:1013F00002A8F2F7E1FE20B94FF449712D20EFF772
:10140000DBFD02A904F13600FEF755FC05B030BD46
:10141000FF23C86C0B70FCF78DBF0078FF3818BF36
:1014200001207047F7B5044630300E4600F036FA1A
:1014300061880746CA0605D52822F6F753FC6D30A9
:1014400003B0F0BD8B07E06C0FD5FDF748F82179AC
:1014500005463846F4F72AFE63880146284600937D
:1014600033466279F4F740FEE9E7FDF728F8EEE746
:10147000034608465A8812F0180F30B587B010D1CD
:1014800003F13001ADF80420D3E902459B880091B7
:101490006946ADF81030CDE90245FFF73EFE07B0D2
:1014A00030BD0120FBE7D0E902017047C07C003865
:1014B00018BF012070470B68C0F815308B88A0F862
:1014C00019300123C37670472DE9F04F07469DB0D0
:1014D0000C46054610AE0DF120080FCF0FC60FCFFA
:1014E0000FC697E80F0086E80F0040466E7900F0BF
:1014F00085F9A37A277D039323787A1E0493022A21
:10150000637803F07F0AD14600F28380D90603D4C2
:10151000A67D731E022B7CD8637E03F0FD03012B96
:1015200002D1032F08BF0427A37E03F0FD03012B84
:1015300002D1032E08BF0426617A404600F065F907
:10154000237D227F4046022B02F101020CBF617D08
:101550000121D2B204BF0131C9B200F058F91AF02A
:10156000080F6CD1404600F099F963788346DA069B
:1015700054D4F0F785FA824639465846F4F796FD7A
:101580000123014632465046CDF80090F4F7ACFDF9
:1015900040F27122217900F28620E378B0FBF2F06C
:1015A00043EA01236179504343EA0143534398429C
:1015B00039D84FF0000B94F818A00793A37CE86C7F
:1015C00005930AF1FF33D3F1000A4AEB030AFCF753
:1015D00076FF0690E86CFCF782FF0699079B814234
:1015E00038BF014688B268B308A90C9306930A91E4
:1015F0000AA9ADF82C90CDF834B08DF838708DF87C
:101600003960FFF78AFD069BE0B945201DB0BDE8B3
:10161000F08F40F212310620EFF7CEFC2822494627
:10162000F6F760FBB4E7E179A37943EA0123217A75
:1016300043EA01435343834228BF0346B9E70023EB
:101640009B46B8E7CDE9123B059B049A8DF85330D1
:101650008DF8447010AF039B8DF845602E468DF8D1
:1016600050A08DF854308DF84020ADF842900FCF47
:101670000FC60FCF0FC697E80F0086E80F0098E857
:10168000030028630020A986E37A03F0FD03003BF2
:1016900018BF012385F86F30E3682B67238AA5F80C
:1016A000743095F84630E27D62F3071385F84630D2
:1016B000ACE7438813F0100005D013F0040F14BFFB
:1016C00000201F2070479A0704D4DB0701D4F0F7ED
:1016D000D7B9EE20704708B5FFF7EBFF003818BF09
:1016E000012008BD4FF40043A0F8483043881D2B6B
:1016F00008BF00214174704790F91200704740887C
:1017000000F0010070478078C0F340007047807897
:10171000C0F3C000704710B54488C06CE30654BFE6
:10172000C4F340040024FCF7C1FE84F0010420430C
:10173000C0B210BD8078C0F3001070474079C31E5E
:10174000012B05D8B1F81E31012B14BF0320042052
:10175000704710B50446F2F785FFC0F30B00A042B6
:10176000F9D010BD90F86830016281F8B330D0F83C
:101770006930C1F8B430B0F86D30A1F8B8307047B6
:101780007047F4F7A9BF80F888107047FF2380F8EE
:101790008B3070478278034612F0010002D0D9786E
:1017A000C90710D5900702D5D97889070AD512F054
:1017B000040008D0D878C0F3800080F001008000D9
:1017C000C0B2704702207047C0F34002C0F38003EC
:1017D00000F00100134418447047022808B507D0F0
:1017E000042807D0012807D039212E20EFF7E4FB89
:1017F000262008BD2720FCE72520FAE70023C0F8B3
:10180000023001234370037070478170704710B538
:101810004270144601708078FFF7D6FF484304FBFE
:1018200000F2FE2A03DD5C212E20EFF7C5FB10BD80
:101830000023C37043710371704710B50446FFF76E
:10184000A9FF637962780133DBB29A4263710CD1EC
:10185000E3780022A17803436271DBB29942E3701E
:1018600001BF2379E27001332371BDE81040FFF717
:10187000B4BF38B504468078FFF7A6FF0146E0788C
:10188000FFF7A2FF2378227965789B1A6B435943AF
:101890006379C91A00FB1510C0B238BD014608B5FE
:1018A0008078FFF791FF4A780B7853435843C0B2D2
:1018B00008BD08B5427903462AB1FFF76BFFBDE8C2
:1018C0000840FFF78ABFC07881070BD410F00100F1
:1018D000F5D19B785A0707D413F0020F14BF0220EA
:1018E0000120ECE70220EAE70420E8E7032806D11C
:1018F000920102F53472803201FB02F07047042835
:1019000003D1120102F5E772F5E702280BBF0B3293
:101910000A329200D200EEE740F2EE20704740F229
:101920005A335843704708B50368DA7B182A04D045
:1019300040F27E513120EFF73FFB1E22DA7308BDE3
:1019400008B590F89E30FE2B04D040F67A11312075
:10195000EFF732FB002380F89E1080F89F3012B919
:10196000A0F8522008BDA0F84A30012380F84E307C
:10197000F8E708B50368DA7B352A05D10022DA7367
:10198000BDE80840FEF796BE182A02D11E22DA737F
:1019900008BD40F293513120EFF70EFB037D63B990
:1019A000C37BA3F11002032A07D990F8560028B18F
:1019B000202B8CBF00200120704701207047037D41
:1019C00063B9837BA3F11002032A07D990F856006C
:1019D00028B1202B8CBF00200120704701207047C8
:1019E000036810B59A7B93F8A010092A08D193F8E0
:1019F00099208A4204D100229A7383F84E2010BDA8
:101A00001A6812F0080406D022F00802BDE810405F
:101A10001A60FEF74FBEFF2904D1372283F8CC426B
:101A20009A73ECE74FF4AF613120EFF7C5FA38B5A0
:101A30000E38136814460D469A7B09283ED8DFE815
:101A400000F0053D3D3D0F3D183D3D27042A05D1E1
:101A50002046FEF715FE2046F3F79CFA002038BD1D
:101A60000F2AFBD1002220461146BDE83840FFF77F
:101A70008DB8212AF2D12046FEF702FE002DEDD0CE
:101A8000226892F8663023F0200382F86630E5E79A
:101A9000DA7B272AE2D100252046DD73FEF70AFE15
:101AA000236893F83831012B03D129462046F1F7FA
:101AB000DDFE2368002283F83821CFE740F262215F
:101AC0003120EFF779FA024600680B4690F866106D
:101AD00041F0040180F8661099785878F6F726BB33
:101AE00038B50C460546D1E93001EFF73FFF637B7F
:101AF0003BB104F50E74204600F0C6F9204600F014
:101B0000CFF90F212846EFF797FE10212846EFF76F
:101B100093FE12212846EFF78FFE11212846EFF79A
:101B20008BFE13212846EFF787FE28461421BDE8D7
:101B30003840EFF781BE0022C281827490F85030A5
:101B400013B10221F4F7EAB90321FBE738B50446E3
:101B50000846E37B162B09D0A3F1180253425341E8
:101B600094F8C82222B10C25284638BD0123F7E796
:101B7000002BF8D094F8F83203F0FF05002BF2D1D7
:101B800090B194F8063223B940F67A313120EFF75C
:101B900013FA052304F1800204F5FB7100F0DFFC69
:101BA000012384F8C832DFE70223FAE7F2F718BE10
:101BB00010B50446FFF7B4F800F58A71226A236C69
:101BC0009A4228BF1A461046FEF740FDB0F5296F2D
:101BD00028BF4FF4296080B210BD70B50D460421B6
:101BE0000646EFF713FE044648B906213046EFF7E4
:101BF0000DFE20B115B190F8E53003B9044620463A
:101C000070BD90F83C00A0F1FF0358425841704766
:101C100008B500F073F8BDE80840F7F717BB1D23BF
:101C200010B504460370F1F79FFD6070022010BDEF
:101C30001E2310B504460370F1F796FD6070022074
:101C400010BD01234380038000238380C3804FF4B1
:101C50004863038170471021EFF7D8BD73B501A920
:101C60000546FDF785FF044618B121215420EFF702
:101C7000A3F92846019EFFF7EEFF30B10123A6F835
:101C8000DE30848144810482C48102B070BD3C2373
:101C900003804FF4FA4343800123C38083800023F1
:101CA000038143814FF448638381704708B5F7F798
:101CB00061FFF7F7EDFBF7F71BFBBDE80840F8F70E
:101CC000B1BC10B5C824F7F7A7FB022808D1013C26
:101CD00014F0FF04F7D10620F2F76EFC204610BD89
:101CE000431E58425841FAE710B5F7F76FFF044614
:101CF00000F051F9201841F1000110BD07B501AB0A
:101D0000F8F74EFE03B05DF804FB38B504461546FF
:101D1000F7F70EFD01462A462046BDE83840F8F7A1
:101D20005DB8704719B943780BB1C37883707047B9
:101D300010B504460846F8F77BFB4FF47A73B0FB06
:101D4000F3F0201A10BD38B5044608461546F8F7DA
:101D50006FFB4FF47A7300F2E730033DB0FBF3F012
:101D6000012DA4EB00048CBF02200A20201A38BDEC
:101D7000013808B507280BD8DFE800F00F1106047A
:101D80000A0F0F08032008BD0220FCE70420FAE731
:101D900040F289410620EFF70FF90020F3E7012018
:101DA000F1E700F038B8801A00F3070038B50D46A7
:101DB000144659B240B2F8F707FF002328702044B8
:101DC0006B7040B238BD002303607047704700203D
:101DD00070474FF0FF3070474FF0FF30704770474B
:101DE0004FF0FF30704700207047002070470023FD
:101DF000037070479DF800300022FFF7D4BF4FF00A
:101E0000FF307047002070474FF0FF3070474FF0B1
:101E1000FF307047704770470020F8F719BF002067
:101E2000F8F7F0BF0020F9F701B80020F8F710BF6D
:101E30007047F9F749B8F9F75BB8F9F74BB8FAF713
:101E40009BBCFAF767B9FAF77DB9FAF7BFBC00F0A7
:101E500047B9FAF7B1BCFAF7A1BC10B5837F8BB9CB
:101E6000034601F1180251F8044B914243F8044B28
:101E7000F9D1012484772146F9F77CFBFAF73CF984
:101E8000204610BD0020FCE710B504460221F9F7FA
:101E900071FBFAF731F9A07FB0FA80F0400910BD6C
:101EA00038B50446A37F03B938BDA37F032B02D006
:101EB000A37F042B0ED1EFF3108572B62046F9F7FD
:101EC00079FD05B962B6A37F002BEDD0FF21032079
:101ED000FAF744FEA37F012B02D14FF48271F6E79B
:101EE00000F047FBDEE7F8B50746FAF773F904465A
:101EF00020B940F229110320FAF730FEFAF770F901
:101F0000A46800252418384641F1000622463346CD
:101F1000F9F7D8FDA04271EB060309D3001B6FF05F
:101F2000010361EB0601834275EB010102D3F8BDA9
:101F30002846FCE74FF0FF30F9E72DE9F041044671
:101F40000F46FAF747F9064620B94FF4A37103206C
:101F5000FAF704FE8568002362195B4113B1002083
:101F6000BDE8F081FAF73CF92A18384641F1000340
:101F700014EB020843F10005F9F7A4FD4045A9411F
:101F8000EDD3FAF7F9FB00F06AF8B3680120377572
:101F90002344B360E4E7FAF723B98068704708B5D3
:101FA000FAF718F920B940F29B110320FAF7D6FD91
:101FB000007D08BDF8B50369044623B14FF4D17123
:101FC0000320FAF7CBFDFAF7D7FB05460E46F9F7E3
:101FD00027FA70B36435D4E9003246F10001AB4210
:101FE00072EB010001D22B460A46C4E90032EFF33E
:101FF000108572B6FAF7EEF8064698B1FAF7F0F8DF
:10200000B3680B332CBF012200221B18D4E90060F7
:1020100042EB0101B34271EB00023CBF3346014683
:10202000C4E9003105B962B62046BDE8F840F9F7C9
:10203000BFBDF9F715FA0746FAF7E0F8B84238BF1E
:102040003846963546F100024319D4E9000142F1C1
:102050000002834272EB0105C7D20346C4E7F9F7D9
:10206000A3BB032910B5044606D801290ED840F2B7
:102070005D11B020FAF772FD0429F8D1F9F790FA52
:1020800020B12046F9F712FE022010BD0020FCE727
:10209000C0E908122022002100F00EBB10B5037821
:1020A00086B0044623B14FF4AB714520FAF756FDD4
:1020B0000593CDE90333D0E90423CDE90023436838
:1020C0000293037A68468DF81430FFF773FF0120FE
:1020D000DDE90023C4E9042306B010BDFAF7E6B930
:1020E00010B5029C241841F10001A01A61EB030114
:1020F000B0F1004F71F1000103DBAA210420FAF7CF
:102100002DFD10BD08B500230B8581F82A300B6A20
:102110000921984728B103781BB1E9216A20FAF711
:102120001DFD08BD436A19444162A1F19600FFF705
:1021300088BEF8B5044620B940F2AD116A20FAF71E
:102140000DFD90F85850052900F2C780DFE801F036
:10215000038043656F7990F82A30033B012B02D945
:102160004FF4DC71EAE7052380F82A30002380F879
:1021700059300378EBB12378012B24D1FAF724F9F5
:10218000636894F828606362C4E90601F6B9FFF752
:1021900060FE31462046FFF7C5FF236A31462846D8
:1021A000984701462046FAF7C5FB022840F0988080
:1021B000F8BDFFF744FE07460E46FAF705F98742D9
:1021C0008E41F6D3D7E7D4E90401D9E72046BDE82C
:1021D000F840FAF77BBB90F82A30DA1E012A02D9C0
:1021E00040F2ED11AAE790F828202AB121462846AE
:1021F000BDE8F840FFF786BF042B036A18BF012132
:1022000080F82A100521284698470028D0D0037866
:10221000002BCDD04FF4007190E790F82A30052BB9
:1022200002D040F2062189E7036A0221B7E790F85D
:102230002A30052B02D04FF403717FE7036A012196
:10224000ADE790F82A30052BC0D040F2122175E797
:1022500090F82A30052B07D090F829200AB1032BDB
:1022600002D040F2172169E794F82820002ABDD156
:1022700094F8593083B102230821284684F8592064
:1022800084F82A30236A9847002891D00378002BDD
:102290008ED040F2232151E794F8292062B12146E3
:1022A00004F1300084F82930FAF72EF800287FF482
:1022B0007FAF4FF40A7141E702230721284684F8D3
:1022C0002A30236A984700283FF472AF0378002B26
:1022D0003FF46EAF40F22F2130E74FF40D712DE740
:1022E0000128236A0CBF0421032158E770B500249C
:1022F000FAF7DAFB05462646E0B2854200D870BD03
:10230000FAF7D8FB0134068580F82A60F4E7F8B5BF
:1023100004460D460027FAF7C7FB0646F8B2864288
:1023200004D8082D0CD96FF0150008E0FAF7C2FBAD
:1023300090F82A300137002BF0D04FF0FF30F8BD75
:102340002CB129462046BDE8F840FAF7BFBB21462C
:102350002046F8E710B50446FAF7ACFB014688B111
:1023600090F828308BB990F82A3073B1013B012BDB
:1023700004D82046FFF7C6FE002010BD012380F8D8
:102380002830F9E76FF00100F7E76FF02200F4E77B
:1023900070B50D46FAF78EFB044600284CD090F835
:1023A0002A60731E012B4DD8002D48D02846FAF71D
:1023B00061FA002843D02B780BBB012323702B79C3
:1023C0006A79003B18BF0123002A14BF04220222AD
:1023D00043F004032272AA68A5326260EA6863725D
:1023E00003232261214604F1300084F82A30F9F7F2
:1023F0008BFF50BB40F2C1216A20FAF7AFFB022EDF
:1024000020D1002323702B796A79003B18BF012368
:10241000002A18BF042643F004032672EA68637298
:10242000A532A9686260D4E906325B1842EBE1721A
:10243000C4E904320423D5E76FF0010070BD6FF0EA
:102440001500FBE76FF02200F8E70020F6E7F8B58B
:10245000037904461BB11B219D20FAF77FFB4679C7
:10246000017126B901234371217909B96171F8BD60
:10247000276820462671B84702280546F4D1032173
:102480002046B84708B12F21E6E7236829462046B1
:1024900098470028E8D03021DEE70346006800B9FD
:1024A00070478842F9D102681A60704701F1100341
:1024B000013813F8012D8B4200F8012FF9D1704734
:1024C0002DE9F04713F0010F8EB004460D46174674
:1024D0009A46DDE9168924D006A8FFF7E7FFA3078F
:1024E00035D002AA04F110052068083454F8041C01
:1024F0001346AC4203C31A46F6D106AD02AC1AF03D
:10250000020F4346CDF8009023D0294620460AAA60
:10251000FAF7CEFB0AA93846FFF7C8FF0EB0BDE8B0
:10252000F08713F0040F0DD106AB0E4601F1100C2D
:102530001D463068083656F8041C1A46664503C224
:102540001346F6D1214602A8FFF7B0FFD6E706AD45
:10255000D5E73A4629462046FAF7AAFBDEE713B547
:102560000024CDE90044FFF7ABFF02B010BDFAF73D
:10257000A3BC20BF704720BF70479142F8B503D37A
:1025800073219620FAF7EAFAB2FA82F33BB1C3F16B
:10259000200499409A4020FA04F4984021434FEADD
:1025A000124C93B2040C87B2B1FBFCF50CFB151E68
:1025B00005FB03F64FEA0E4E0EEB1040864205D99E
:1025C000361A964294BF01260226AD1B04EB014148
:1025D000280405FB1211B1FBFCF40CFB141163433E
:1025E00007EB0147BB4205D9DB1B934294BF012394
:1025F0000223E41A2043F8BD2DE9F0411D460746A9
:102600000C46164652EA050303D1A6219620FAF796
:10261000A5FA85B9914204D2FFF7AFFF2946BDE87C
:10262000F08108462946FFF7A8FF0546324638469E
:1026300006FB1541F0E7B5FA85F80123400803FAD7
:1026400008F3C8F11F0840EAC470A3FB0212610836
:1026500003FB0522FFF791FF30FA08F04FF000016D
:1026600002D0013861EB010100FB05F3A0FB062C51
:1026700006FB0133BF1A634464EB0304B742AC4169
:10268000CDD3013041F10001C9E7431A934200EB79
:10269000020310B508D3013902469A420BD011F853
:1026A000014F02F8014BF8E70A4412F8014D8A4243
:1026B00003F8014DF9D110BDF0B5C9B20446A30726
:1026C00026460ED14FF0013522F003034D43E718A3
:1026D000BC420CD1334402F003021A44934209D1A4
:1026E000F0BD002AFCD0013A04F8011BE7E744F8EA
:1026F000045BEDE703F8011BF0E700280CBF6FF067
:102700001500002070470020704707230370002049
:102710007047002070470020704710F8012B11F817
:10272000013B012A28BF9A42F7D0D01A70470346CE
:1027300011F8012B03F8012B002AF9D17047034649
:1027400013F8012B002AFBD1181A013870472DE924
:10275000F0478C468E46089E154604461946002BC7
:1027600040F0D080724547D9B2FA82F74FB1C7F135
:1027700020030EFA07FCBD40BC4020FA03F343EAF5
:102780000C0C4FEA154EA8B2230CBCFBFEF80EFB56
:1027900018CC08FB00F943EA0C43994528D9EB18FB
:1027A00008F1FF3204D2994502D9A8F102022B4464
:1027B000A3EB0903A4B2B3FBFEFC0EFB1C330CFB22
:1027C00000F044EA0344A04214D92C190CF1FF3361
:1027D00004D2A04202D9ACF102032C44241A43EAE9
:1027E00002401EB1FC40002334607360BDE8F087F6
:1027F0004246DDE76346F1E7002A79D0B2FA82F378
:10280000002B3FD01946C1F1200302FA01F500FA6E
:1028100001F42EFA03F20EFA01FE20FA03F3AFB22E
:1028200043EA0E034FEA154EB2FBFEFC0EFB1C20E2
:102830001A0C0CFB07F842EA004290455AD9AA1834
:102840000CF1FF3004D2904502D9ACF102002A44C9
:10285000A2EB08029BB2B2FBFEFC0EFB1C220CFB9F
:1028600007F743EA02439F4246D9EB180CF1FF32C7
:1028700004D29F4202D9ACF102022B44DB1B42EA94
:10288000004202E0AEEB020301224FEA154EAFB266
:10289000200CB3FBFEFC0EFB1C330CFB07F840EADC
:1028A000034398452AD9EB180CF1FF3004D2984520
:1028B00002D9ACF102002B44A3EB0803A4B2B3FB92
:1028C000FEFC0EFB1C330CFB07F744EA0344A74253
:1028D00016D92C190CF1FF3304D2A74202D9ACF15E
:1028E00002032C44E41B43EA00400F46114678E7FC
:1028F0001F2188E76046ABE76246BFE76046DBE73B
:102900006346EFE7734506D916B9002108466DE71F
:10291000C6E9000EF9E7B3FA83F787B9734501D327
:10292000824207D8841A6EEB030301209C461EB92D
:1029300000215BE73846FAE7C6E9004CF8E7C7F143
:10294000200CBB4000FA07F422FA0CF520FA0CF137
:10295000BA401D432EFA0CF30EFA07FE4FEA154952
:1029600041EA0E011FFA85FEB3FBF9F809FB1830A6
:102970000B0C08FB0EFA43EA00439A4540D9EB18CA
:1029800008F1FF3004D29A4502D9A8F102002B4485
:10299000A3EB0A0389B2B3FBF9F809FB183308FB70
:1029A0000EFE41EA03418E452CD9691808F1FF3328
:1029B00004D28E4502D9A8F10203294443EA00401B
:1029C000A1EB0E01A0FB02984145CE46434602D33F
:1029D00006D14C4504D20138B9EB020E68EB050371
:1029E000002EA5D0B4EB0E0261EB030101FA0CFC42
:1029F00022FA07F3F9404CEA0303C6E9003197E7EE
:102A00004046C5E74346D9E7F7B5002240F6034004
:102A1000114604F05BFC0446002850D104F0A8F9EC
:102A2000214641F2030001AA04F050FC04460028AC
:102A300045D1019A234DD16805F12C03D1F801004D
:102A4000D1F8051003C3104603F0A6FD214641F25C
:102A5000010001AA04F03AFC044680BB0198C36857
:102A60005A7885F824205A88EA841A7985F825202E
:102A7000B3F807202A85B3F805306B8503F08CFD89
:102A8000214641F2020001AA04F020FC0446B0B93C
:102A9000019F05F13406FA68531C41323446186828
:102AA0005968083303C493422646F7D1384603F0E9
:102AB00073FD95F83030590606D46FF012042046A5
:102AC00003B0F0BDE8010020002142F2030001AA9A
:102AD00004F0FCFB04460028F1D1019BBE4EDA68ED
:102AE000D2F80100D2F8051003C6184603F054FDD1
:102AF000214642F2020001AA04F0E8FB0446002845
:102B0000DDD1019CE368B3F8012091B249B1D978D5
:102B100039B1A5F8BC20DA78114606F128001FF07B
:102B20001BF9204603F038FD002142F23A0001AAC9
:102B300004F0CCFB0446002840F012810198C368E1
:102B4000B3F80130A5F8D83003F026FD95F83060D1
:102B500016F0200619D14FF0FF304FF0FF3104F08E
:102B6000CFFA0446002800F0168102210C3018F03C
:102B700094FB0123214603704670324640F66D40B7
:102B800004F0A4FB0446002899D195F850301B07A7
:102B900012D5002142F21C0001AA04F097FB044662
:102BA00000288CD10198C368D3F80120D3F80530F0
:102BB000C5E9262303F0F0FC95F890305F0610D5A8
:102BC000002142F22A0001AA04F080FB04460028FA
:102BD0007FF475AF0198C3685B7885F8DA3003F04D
:102BE000DBFC4FF0FF304FF0FF3104F089FA044670
:102BF000002800F0D08008210C3018F04EFB95F82A
:102C000090100246754811F0020F754B08BF03463D
:102C100095F891008E0648BF43F0400310F0090F6D
:102C200018BF43F4006301F0010143EA01100021E1
:102C300018F048FE2146002242F2010004F046FB53
:102C4000044600287FF43BAF95F83030B5F8BC104F
:102C5000980600F18C80C9B941F2050001AA04F080
:102C600035FB044600287FF42AAFB5F8BC30019C40
:102C70004BB9E368B3F80120A5F8BC209A885948FD
:102C800011461FF069F8204603F086FC4FF0FF3034
:102C90004FF0FF3104F034FA044600287BD00821BD
:102CA0000C3018F0FAFA95F890300246D90747BF71
:102CB00047A1D1E900014FF000514B4818F002FE46
:102CC0002146002240F6014004F000FB04460028A3
:102CD0007FF4F5AE014601AA4FF6014004F0F6FA82
:102CE000044620BB019803F057FC21464FF60240F2
:102CF00001AA04F0EBFA0446C8B90198C368B3F816
:102D00000130A5F8753003F047FC95F875305A0787
:102D10000DD521464FF6034001AA04F0D7FA30B989
:102D20000198C3685B7885F8743003F035FCEB7963
:102D300013BB19F019F9044600287FF4C0AE06F061
:102D400011FE044600287FF4BAAEEB79002B3FF465
:102D5000B6AE0821254818F0A9FC04F039FAAEE611
:102D6000421D7FF4ACAE1F23A5F8D830EEE6002953
:102D70008CD16FF00404A2E62E78002ED9D195F8FC
:102D800075309B061ED54FF0FF304FF0FF3104F039
:102D9000B7F9044610B96FF0680490E606210C30CC
:102DA00018F07BFAD5F8013021460360104B32460B
:102DB0009B8883804FF6064004F088FA044600287A
:102DC000B7D07CE66FF0850479E600BFAFF30080F2
:102DD0009088000200800020780200200E12070078
:102DE0002E120700A80200201088000270020020A6
:102DF000E9010020000000002DE9F04114460569BA
:102E0000072900F2DE80DFE801F0041C2024627F45
:102E10008387297BB5F9000080FB01016C4D47F6E3
:102E2000FF72A0FB0506002305FB0161FAF7BCFD5C
:102E30000023684AFAF7B8FD206062600020BDE810
:102E4000F081297BB5F90200E6E7297BB5F904009A
:102E5000E2E7297BB5F900005D4E80FB0101A0FB94
:102E6000060747F6FF72002306FB0171FAF79CFD87
:102E70000023584AFAF798FDC4E90002297BB5F906
:102E8000020047F6FF7280FB0101A0FB060700234A
:102E900006FB0171FAF788FD00234E4AFAF784FD1C
:102EA000C4E90202297BB5F9040047F6FF7280FBF2
:102EB0000101A0FB0605002306FB0151FAF774FD92
:102EC0000023444AFAF770FD20616261B6E72B8A5D
:102ED000B5F9065085FB03533F4AA5FB025602FB9A
:102EE000036639A3D3E9002328463146FAF75CFD8F
:102EF0000023206031462846384AFAF755FD002362
:102F0000344AFAF751FD98E72B8AB5F90850E1E702
:102F10002B8AB5F90A50DDE72B8AB5F906702E4EDB
:102F200087FB0373A7FB067806FB038826A3D3E978
:102F3000002338464146FAF737FD0023206041461A
:102F40003846264AFAF730FD0023224AFAF72CFDCC
:102F500062602B8AB5F9087087FB0373A7FB0678BC
:102F600006FB038818A3D3E9002338464146FAF745
:102F70001BFD0023A06041463846184AFAF714FDAD
:102F80000023144AFAF710FDE2602B8AB5F90A50C3
:102F900085FB0352A5FB065306FB02360AA3D3E9C1
:102FA000002328463146FAF7FFFC00232061314612
:102FB00028460A4AFAF7F8FC0023064AFAF7F4FC16
:102FC00083E76FF085003AE7006BC53F5D050000C1
:102FD0003AA3950040420F00D8EF2F004CFF590054
:102FE0002DE9F043064617468946D0F8108085B093
:102FF00021B91AB9002005B0BDE8F08301234021B2
:1030000030460DF10E021CF095FD0028F3D101238E
:103010007D2130460DF10F021CF08CFD0028EAD115
:10302000B9F1000F00F00381D9F80400FAF798F91C
:103030008DA3D3E90023FAF727FB0446D9F8000053
:103040000D46FAF78DF902460B4620462946FAF757
:103050003BF8794B002204460D46FAF771FC034613
:10306000002856D0002220462946744BFAF754FC1B
:1030700000285FD1002220462946714BFAF74CFC0C
:10308000002859D10022204629466E4BFAF744FC0D
:10309000002853D10022204629466B4BFAF73CFC0E
:1030A00000284DD1002220462946684BFAF734FC0F
:1030B000002847D1002220462946654BFAF72CFC10
:1030C000002841D1002220462946624BFAF724FC11
:1030D00000283BD10022204629465F4BFAF71CFC12
:1030E000B0BB0022204629465C4BFAF715FC88BB92
:1030F0000022204629465A4BFAF70EFC60BB594B7A
:10310000002220462946FAF707FC002814BF0B23AB
:103110000C239DF80E209DF80F1022F00F021A4389
:10312000E3B141F00401072B8DF80F101BD802F01A
:103130007F021AE00123ECE70223EAE70323E8E732
:103140000423E6E70523E4E70623E2E70723E0E7B5
:103150000823DEE70923DCE70A23DAE721F004018C
:103160008DF80F10E3E742F080028DF80E2088F80A
:103170000D30B7B198F80D203B68072A30D9022BE3
:1031800048D0042B4AD0012B14BF032302239DF8FF
:103190000E201B0103F0300322F0300213438DF8A0
:1031A0000E300123402130460DF10E021CF0F0FCE0
:1031B00000287FF420AF4FF4E1701CF0B9FC9DF8BB
:1031C0000F307D2103F00F038DF80F304FF47A7329
:1031D000304600930DF10F0201231CF0E1FC0AE7D9
:1031E000102B19D00EDC013B072B1DD8072B1BD849
:1031F000DFE803F014101A061A1A1A040323C6E7AC
:103200000223C4E7402B0BD0802B0BD0202B0BD1FB
:103210000523BCE70123BAE70423B8E70023B6E798
:103220000623B4E70723B2E76FF08500E3E6002F3B
:10323000A0D1DFE6AFF300800000E93F0000F93FD6
:1032400000000940000019400000294000003940FA
:1032500000004940000059400000694000007940EA
:1032600000008940000099400000000080842E4149
:103270002DE9F043044615460E46076985B021B98D
:103280001AB9002005B0BDE8F08301234221204691
:103290000DF10E021CF04EFC0028F3D101237D211C
:1032A00020460DF10F021CF045FC0028EAD1002E4B
:1032B00000F0A9807068FAF753F85DA3D3E9002302
:1032C000FAF7E2F9804630688946FAF749F802468B
:1032D0000B4640464946F9F7F7FE00224C4B804624
:1032E0008946FAF72DFB002835D000224046494692
:1032F000484BFAF711FB00283ED1002240464946D0
:10330000454BFAF709FB002838D1002240464946D0
:10331000424BFAF701FB98BB002240464946404B1E
:10332000FAF7FAFA70BB0022404649463D4BFAF7DD
:10333000F3FA48BB0022404649463B4BFAF7ECFA09
:1033400020BB002240464946384BFAF7E5FA0028F0
:1033500014BF0C200D209DF80E309DF80F2023F097
:103360000F030343A0B142F0020207288DF80F209B
:1033700013D803F03F0312E00620ECE70720EAE74A
:103380000820E8E70920E6E70A20E4E70B20E2E767
:1033900022F002028DF80F20EBE743F0C0038DF816
:1033A0000E30B87375B12B68022B2AD0043B18BFBE
:1033B00001235B009DF80E2022F0300242EA031345
:1033C0008DF80E300123422120460DF10E021CF033
:1033D000DFFB00287FF456AF4FF4E1701CF0A8FB30
:1033E0009DF80F307D2103F00F038DF80F304FF45F
:1033F0007A73204600930DF10F0201231CF0D0FBDD
:1034000040E70123D6E7002DCDD13AE7AFF30080A6
:103410000000394000004940000059400000694068
:103420000000794000008940000099400000A94058
:103430000000000080842E4103297FB504461D460C
:1034400068D8072A20D8DFE802F0041F1F4A3C1F73
:103450000C0F00222946204604B0BDE87040FFF75B
:10346000BFBD2A460021F6E7012341210DF10F02DD
:1034700006691CF05FFB80BB2B68082B1DD006DCA7
:10348000022B07D0042B1AD06FF0850025E0102BFB
:10349000FAD1032033739DF80F30412123F0030349
:1034A00018434FF47A73009301238DF80F000DF148
:1034B0000F0220461CF074FB0FE00220EAE7012017
:1034C000E8E714212B680269B3FBF1F36FEAC34309
:1034D0006FEAD343A2F85830002004B070BD2B68C7
:1034E0000469002BD4BF68682D48C0EB8020F9F731
:1034F00027FF29A3D3E90023FAF7C6F8FAF734FA2D
:1035000080B220B140F46050A4F85A00E4E76FF0B4
:103510001500E2E704390329B6D8062A09D0072A9C
:103520000AD0002AB0D1194604B0BDE87040FFF7B8
:103530009FBE1A460021F7E7012343210DF10F0238
:1035400006691CF0F7FA0028C7D12B68B3F5FA7F9B
:103550001CD005DC7D2B1BD0FA2B95D1032005E078
:10356000B3F57A7F16D0B3F5FA6F8DD133829DF81B
:103570000F30432123F0070318434FF47A738DF87B
:103580000F0000930DF10F02012392E70220EDE7F7
:103590000420EBE70120E9E70000000080842E41D1
:1035A00040420F000000000013B500246FF0090333
:1035B0004FF4006214491548009410F0D9FE1449E4
:1035C00012481EF013FD134913481EF051FC224609
:1035D00004211C2002F068FB0122104BD3E8EF1FEE
:1035E000C3E8E02F0028F9D105A3D3E900230C4953
:1035F000064810F0FDFE204602B010BDAFF300807B
:10360000389C1C0000000000D0A8002000410020D1
:103610008A960400650804007852002010520020A9
:10362000380300200000000010B50B4BD3E8AF3F7B
:1036300053B1F7F7FBFE06A3D3E90023BDE8104022
:103640000649074810F0D4BE10BD00BFAFF300809C
:10365000389C1C000000000010520020380300209D
:10366000004100200000000070B4174E0C46B0422C
:10367000154608D00136B0420FD0023EB04210D0FD
:1036800070BC13F047BF0AA3D3E90023C5E90023A8
:103690000E4B0020236070BC704707A3D3E90023C2
:1036A000F4E707A3D3E90023F0E700BFAFF30080FE
:1036B00002C0FF7F0000000003C0FF7F0000000089
:1036C00001C0FF7F0000000002C0FF7F03004E80AA
:1036D0002DE9F041002498B003941BF037FA074617
:1036E000254603A82C4EDFF8C0800AF0BFFC8DF8F9
:1036F00020403268039B1A420DD0736808A80093DB
:10370000264BC4F14001002C18BF43462044244AF4
:1037100014F044FE04440135092D06F10806E8D1F1
:103720000AF0DCFC00200AF087F988B10023059339
:103730000793012304A9069316F061FC002807DB18
:10374000069B9B07FCD1079B13B90122154B9A607E
:103750000FB91BF017FA00F0A7F890B900F0D4F8F1
:10376000044640F63540002104F0FD041EF0EEFC56
:10377000012C08D1002140F635401EF0E7FC16F080
:103780005DFB0324EDE740F6354000211EF0DEFC32
:10379000002001F0EDF900BFE86A0400A4920400E3
:1037A000668A040000E01050648A040008B5C2690B
:1037B000910404D509490A4817F0CDFD08E0836B50
:1037C0000BB10849F7E7910704D5012117F0E3FD94
:1037D000002008BDD305FBD50349ECE7546B04007A
:1037E000081F0020486B04003C6B040010B5044621
:1037F00040220021064820F089FB3F222146044850
:1038000020F0BAFB0123024A02F8013C10BD00BFC0
:10381000491F002008B5C3699A0405D5084909481D
:1038200017F099FD002008BD826B012A04D8D90544
:1038300001D50549F3E70AB19B07F3D50349EEE744
:10384000546B0400081F00203C6B0400306B040024
:1038500008B5C3699A0405D50749084817F07BFDE8
:10386000002008BD13F00A0FFAD0836B0BB1044996
:10387000F3E70449F1E700BF546B0400081F002080
:10388000486B0400306B040007B54FF0FF338DF830
:1038900004004FF0FF3201A9024809F06DFF03B0A8
:1038A0005DF804FB4852040008B588220021054851
:1038B00020F02CFB034B03F110001EF0FBFE002058
:1038C00008BD00BF081F0020014601481EF0F7BEDA
:1038D000181F002003681B78022B0AD0043B012B21
:1038E0000ED800224FF40030064B83F83E20FFF73D
:1038F000EBBF0122034B4FF4803083F83E20F6E704
:10390000704700BF081F0020F7B500F01FFA10B184
:103910008448FFF76BFF16F085F80BF087FC024632
:10392000002800F093808048FFF760FF0BF0E6FC72
:1039300010B17E48FFF75AFF0BF038FE10B17C48FB
:10394000FFF754FF0BF09EFD10B17A48FFF74EFFD2
:103950000BF02EFD10B17848FFF748FF00F0B0FDE6
:1039600010B17648FFF742FF01F086F810B17448B5
:10397000FFF73CFF00F09CFB10B17248FFF736FFE9
:1039800000F0E2FC10B17048FFF730FF00F086FA5B
:1039900010B16E48FFF72AFF00F084FF10B16C48A9
:1039A000FFF724FF0BF032FD10B16A48FFF71EFF4E
:1039B000694C0420FFF768FF94F84030002B49D091
:1039C0006649204617F0BBFC47F612260027002266
:1039D0004FF6FF71CDE9006761481EF07BFE01469E
:1039E000E0615F481EF072FE0BF01AFDD4E90C2373
:1039F000012A73F1000319DB1EF098FC4FF47A756D
:103A0000A0FB050C47F61222002305FB01C1FAF7C3
:103A10001BF84FF47A720023F9F7C6FFD4E90C23A0
:103A20009042994102DB0220FFF74EFFE369002B31
:103A3000CDD013F0380F02D01CF0FCFDA063E36979
:103A40001A0509D540F20112A2870CE0FF210BF004
:103A500001FC6BE74349B4E713F4806201D0012213
:103A6000F2E7DD04F0D4580438D501213A4817F0C4
:103A700092FCE3695A0607D501233B4A84F83F309C
:103A80003A48002310F012FDE3691B0605D5002318
:103A9000364884F83F301EF055FA2F4817F081FC65
:103AA000A3680546034392D094F83E30D3B905206D
:103AB000FFF7EAFE002140F635401EF047FB00F01C
:103AC0001DFD02200BF05CFC20BB02200BF02AFC49
:103AD000002DB4BF0320207A03B0F0BD1904C8D56F
:103AE0000221C3E794F83F20002AE0D102236E218F
:103AF000104600F029FD792694F83E30002BD6D0F0
:103B0000013ED4D00BF08CFC002147F612201EF0B1
:103B10001DFBF1E7002140F239101EF017FB0BF0FE
:103B20007FFCCEE7AD8A0400CC8A0400E78A04005B
:103B3000048B0400288B0400518B0400708B04005C
:103B4000928B0400B78B0400D78B0400FB8B04001E
:103B5000208C04004B8C0400081F0020546B0400D0
:103B6000181F0020306B0400366E01002801002071
:103B70002DE9F3410C46154627496A4607461E467D
:103B800017F03BF9B8B1DDF80080B8F1000F12D1A1
:103B9000231F042B02D96FF0150009E01F4F2246A6
:103BA00039463046A847002802DB07F80080404627
:103BB00002B0BDE8F0816A463846194917F01DF990
:103BC00050B1009B43B9112CE5D12246154930462E
:103BD000A84700EAE070EBE76A463846124917F05A
:103BE0000CF9B0B10098A0B100230A2201A90193F9
:103BF00014F0FEFBDDE9002393420AD01B7843B9A1
:103C0000012806D8082CC6D10849224601EBC0017C
:103C1000DDE76FF00100CBE7798C0400220A002079
:103C2000D38C0400100A0020618C040010040020D2
:103C300002460B46014810F08DB800BFC80B0020AB
:103C4000014810F0F9B800BFC80B002038B5044691
:103C50000D464FF0FF304FF0FF31FFF7E9FF2A46E6
:103C60000349204620F088F9FFF7EAFF002038BD1D
:103C7000220A002010B5044615F091FDE8B14FF07E
:103C8000FF314FF0FF30FFF7D3FF2046FEF757FD1F
:103C9000214602460A4801F0DFFA002804DAFFF75D
:103CA000CFFF6FF0040010BD08222146054820F028
:103CB00063F9FFF7C5FF0020F5E76FF01500F2E7A5
:103CC0006D8C0400220A002013B5044610B90020B0
:103CD00002B010BDFEF733FD1128F8D16A46204628
:103CE000094902F01DFF0028F1DB2046074920F0BA
:103CF0002CF90028EBD02046054920F026F90038A1
:103D000018BF0120E4E700BF878C04008E8C0400FC
:103D1000A08C040008B5094815F041FD18B9084900
:103D20000648FEF704FD0748FFF7CEFF18B906491D
:103D30000448FEF7FCFC002008BD00BF220A00205A
:103D4000B28C0400100A00208E8C04002DE9F74389
:103D5000DFF8B08098F80030002B44D101F0AEFBC2
:103D6000061E31DB214801F0A9FA214815F017FDA4
:103D700018B920491E48FEF7DAFC1E491C48FEF718
:103D8000CCFC044668B96D46009001900821684655
:103D90000AF054F90746DFF85890BC4201DA042CC7
:103DA00016D11548FFF790FF18B914491248FEF7CD
:103DB000BEFC01234FF0FF304FF0FF3188F8003098
:103DC000FFF736FFFFF73CFF304603B0BDE8F08356
:103DD0004846032115F8013B094A14F0DFFA013483
:103DE00009F10209D9E70026EEE700BFBB8C040009
:103DF000220A0020B28C0400100A00208E8C0400DD
:103E00000F960400AA57002010B50446FFF75CFF88
:103E1000E8B14FF0FF314FF0FF30FFF709FF2046C8
:103E2000FEF78DFC214602460A4801F015FA0028EB
:103E300004DAFFF705FF6FF0040010BD11222146E0
:103E4000054820F099F8FFF7FBFE0020F5E76FF03A
:103E50001500F2E7C78C0400100A002038B50446AC
:103E60000D464FF0FF304FF0FF31FFF7E1FE00232A
:103E700009482370FFF728FF40B12A46204606492B
:103E800020F07AF8FFF7DCFE002038BD29462046F6
:103E90000BF092FFF6E700BF100A002010B58CB0BF
:103EA0000BF084FB20B14FF0FF3420460CB010BD66
:103EB0000BF0E8FA04460028F5D10F4B01A8019356
:103EC0000E4B029300F004FE0D480BF04DFC0D4B21
:103ED00003A803930C4B0B9404930C4B05930C4BCE
:103EE00006930C4B07930C4B08930C4B09930C4B0C
:103EF0000A930CF0ABFAD8E78D9803008998030079
:103F0000D59703007B9803006D9803005F9803002A
:103F10002F9803001998030003980300ED970300FE
:103F2000D797030002460B4601480FF013BF00BFAE
:103F3000000B002001480FF07FBF00BF000B0020E6
:103F4000F0B507460E461D4614468DB02C220021C2
:103F500001A81FF0DBFF8DF8047002968DF82C503D
:103F600024B12246202103A815F094FC4FF0FF3223
:103F70004FF0FF3301A9024809F0FEFB0DB0F0BD80
:103F80000C520400064B1A78824208D018700023A5
:103F9000C0F103001A461946C0B2FFF7D1BF7047FF
:103FA000D057002008B54FF0FF304FF0FF31FFF73A
:103FB000B9FF0B4B1B782BB10A4B1A680A4B1B68D5
:103FC0009A4203D3BDE80840FFF7B4BF074B187807
:103FD0000BF040FD0028F5D10120FFF7D3FFF1E7FA
:103FE000D1570020B4450020B0450020CF57002015
:103FF00070B5154604460E464FF0FF304FF0FF31C6
:10400000FFF790FF042D1FD8DFE805F02C1E3A4380
:104010000300012C00D8DEB9284600233246214691
:10402000FFF78EFF1D4B1B7873B11D4B1A681D4B9C
:104030001B689A4208D215F0FB0F05D141F6856244
:104040000023194810F032FABDE87040FFF772BF44
:104050006342164803F0120332461221184415F049
:1040600019FCD9E70E4A13680BB1013B1360012C10
:1040700004D81223002163430C4AD1540720CCE713
:10408000074A0020136801331360FFF77BFF052008
:10409000C3E720460BF0D0FD0820BEE7D157002033
:1040A000B4450020B045002058010020AB57002047
:1040B00070B5002494B0212221460BA806AE03ADB2
:1040C00003946C602C721FF021FF214612223046AF
:1040D0001FF01CFF08212846FFF7B8FD18B14FF06C
:1040E000FF3014B070BD21210F4B104A00950BA872
:1040F00014F054F911213046FFF7B0FE04460028B1
:10410000EDD10B480BF054FF9DF818302246002BE0
:1041100014BF30460020074B0BA90BF0CBFD003835
:1041200018BF01204042DCE7DE8C0400E68C04006E
:10413000C59803002004002038B54FF0FF304FF041
:10414000FF310F4DFFF7EEFE0E481DF0FBFE2B7802
:1041500073B10BF06DFC044678B9FFF713FF2B78B1
:1041600033B123462246214601202C70FFF7E8FE9A
:104170000024FFF7DFFE204638BD4FF0FF34F8E79C
:10418000D157002058010020F8B504460D46FFF72E
:10419000D3FF064678BB1CF057FAA04202D81CF0A9
:1041A00053FA0446154F4FF0FF304FF0FF31FFF741
:1041B000B9FE3B78C3B9124B1D70124B1C60124BF9
:1041C0001B68A34206D228460BF044FC80B90120AC
:1041D000FFF7D8FE3A7885F001032AB9012110468D
:1041E00039701146FFF7ACFEFFF7A4FE3046F8BD6C
:1041F0004FF0FF36F8E74FF0FF36F7E7D1570020D2
:10420000CF570020B0450020B445002008B50A462D
:1042100002491FF0B1FE012008BD00BFEC8C040074
:104220002DE9F34100240A460D4621460746009435
:104230000194E8461FF06AFE0821684609F0FEFE78
:10424000061E13DD013DB5EB440F4FEA440006D9CD
:10425000032118F80430064A384414F09FF801345A
:10426000B442F0D1012002B0BDE8F0812046FAE767
:104270000F960400002307B54FF0FF320093019121
:104280008DF800004FF0FF336946034809F074FAD7
:1042900003B05DF804FB00BF2052040070B5054672
:1042A0000E460A468CB000211FF030FE31462846EB
:1042B000FFF7D4FD08B92B785BBB012306A907A83B
:1042C000069303F0DFFC069B1BB39DF81C3009AC82
:1042D000032B27D8DFE803F00220222414492046CC
:1042E000FEF725FA9DF81D30314604939DF81E30E7
:1042F000284603939DF81F300E4A02939DF8203004
:10430000059401939DF8213000939DF8223014F01C
:1043100045F801200CB070BD0749E0E70749DEE72A
:104320000749DCE70A212046064A14F037F8D9E7A6
:10433000878C0400158D0400F38C0400FA8C0400B3
:10434000048D04000E8D040010B590B00AF06EFFCD
:104350000446002829D10AF0D1FF10B914480BF007
:1043600009F800230E93134B01A80193124B0293FB
:10437000124B0393124B0493124B0593124B06936B
:10438000124B0893124B0793124B0993124B0A934B
:10439000124B0B93124B0C93124B0D93124B0F932A
:1043A0000BF09EFF204610B010BD4FF0FF34F9E730
:1043B000C199030077990300699903002142020023
:1043C0000D42020019990300219A03005B99030032
:1043D0004D990300419903001D9903009D4202007D
:1043E00033990300279A030095990300012101489E
:1043F0001EF065B9B84500202DE9F3414FF0FF36B6
:104400004FF0FF370025294CDFF8B080D8E8AF3FE8
:1044100053B10022CDE90067032125481EF05AF967
:104420000646D8E8AF3F3BB900221146104602B01D
:10443000BDE8F0410AF00EBF4FF0FF324FF0FF33FE
:104440001C480FF087FC16F002071AD0022118480A
:104450001EF03CF90025184CE378012B1AD0022BF2
:104460001CD04FF0FF364FF0FF37D5B9A2786178F6
:1044700020780AF0EFFE85F001050E480FF0DCFC15
:10448000C4E7F307E8D5012109481EF01FF93D46AE
:10449000064CE1E740F635460027E6E747F61226E8
:1044A000FAE7002211461046E3E700BFD25700208A
:1044B000B8450020A00B0020D6570020C44500209E
:1044C00010B50AF0B3FE044678B90122084BD3E8D0
:1044D000EF1FC3E8E02F0028F9D106481EF0EAF8E4
:1044E00005481DF05CFE204610BD4FF0FF34FAE792
:1044F000C4450020B8450020901F0020002008B5CA
:104500000D4BD3E8EF2FC3E8E10F0029F9D10B4899
:104510001DF018FD01210A481EF0D1F8002340F2D9
:104520003912084810F076FB0022114610460AF0B6
:1045300091FE002008BD00BFC44500208801002076
:10454000B8450020901F00202DE9F04180460F461D
:1045500016461D460D4C4FF0FF324FF0FF330C480E
:104560000FF0F8FB84F800806770A670E5700848CB
:104570000FF062FC07481DF0E3FC18B90121064862
:104580001EF09DF80020BDE8F08100BFD25700204A
:10459000A00B002088010020B845002010B504467B
:1045A000492200211F301FF0B1FC1F2220460A497A
:1045B0001FF0E2FC2F22094904F120001FF0DCFC6F
:1045C00001204FF00133206584F8550084F857002E
:1045D00084F85800236610BD468D0400628D0400E7
:1045E00002460B4601480FF0B5BB00BF140B00207C
:1045F00001480FF021BC00BF140B00204FF0FF302A
:104600004FF0FF3110B5FFF7EBFF064B1B7833B9C6
:10461000054BD3F82C42FFF7EBFF204610BD0024DA
:10462000F9E700BF2B0A0020FC4500201FB50C4B0A
:104630008DF804001B7863B100230293039340F6C6
:104640003542002301A9074809F096F805B05DF846
:1046500004FB054BD3F82C22D3F830320292EDE75D
:104660002B0A002034520400FC45002008B50B49F9
:104670000B788BB100230120094A0B70C2E98B3300
:1046800082F83432074A107007481DF05BFCBDE821
:1046900008400420FFF7CABF08BD00BFDB57002059
:1046A000FC4500202B0A0020B80100204FF0FF300D
:1046B0004FF0FF3170B5FFF793FF1B4B1B784BB3E7
:1046C00015F0BFF9194DD5E90064B042A14128DACF
:1046D00015F0B7F9B042A14120DAD5E9004515F04F
:1046E000B0F947F61223201A65EB0105A0FB030180
:1046F00003FB051140F2E733C0184FF47A724FF014
:10470000000341F10001F9F79FF902460B46084802
:104710000FF0CCFEBDE87040FFF76ABF00221346E1
:10472000F5E7FFF7A3FFF5E7DB5700206020002047
:10473000B8010020F8B51D4C154624789CB31C4CDC
:10474000267886422DD14FF40F701A4C00FB064498
:10475000D4F82C72D4F83002BE18864221D89F4279
:104760001FD1301A43424341204616F0E2FAC0B945
:10477000D4F82C322B44C4F82C3215F062F943F6ED
:1047800098220D4B801841F10001C3E900010B4A4A
:1047900000230B480FF08AFE0320FFF747FF01209C
:1047A000F8BDFFF763FF0020FAE700BFDB570020EA
:1047B0002B0A0020FC450020602000200E27070067
:1047C000B801002038B51A4D14462A7803460AB1BC
:1047D000A2422AD13BBB1748174AC0E98B3113705C
:1047E0004FF40073A0F834324FF432239942C0F8EA
:1047F000383218D8022116F0DBFAA0B92C7015F067
:1048000020F943F698220D4B801841F10001C3E9CD
:1048100000010B4A00230B480FF048FE0220FFF76F
:1048200005FF012038BDFFF721FF0020FAE700BF98
:10483000DB570020FC4500202B0A002060200020D0
:104840000E270700B801002070B5134B0D461B78EA
:1048500003B3124B1B7883421AD14FF40F72104CE2
:1048600002FB0344D4F8306296B1D4F82C329E4255
:104870000ED8204616F098FA864209D1202D07D18D
:104880000125002084F83452FFF7D0FE284670BD81
:10489000FFF7ECFE0020FAE7DB5700202B0A002090
:1048A000FC45002000B50B4B89B001930A4B01A8D1
:1048B00002930A4B03930A4B04930A4B05930A4B4A
:1048C00006930A4B07930BF031FE002009B05DF808
:1048D00004FB00BFA79A03007B9A0300CD9A030054
:1048E000F19A0300619A0300FD4502003F9A03001C
:1048F00070B5134E4FF0FF304FF0FF31FFF770FEF1
:104900003378ABB900250FE0002108461AF016F9FC
:10491000044690B90520FFF789FE0122094B0A4899
:104920001A7034701DF00EFBFFF762FE284670BD52
:10493000064B93F83452002DE6D1FFF797FEE1E7DE
:10494000DB5700202B0A0020B8010020FC45002086
:104950002DE9F04788B03E481DF03CFE3D481DF073
:1049600039FE3B4F00253C4C4FF0FF324FF0FF33F8
:104970000221394810F074FBA0462E46CDE90066AE
:104980002069694601AA1DF02DFE009BDBB120695C
:104990001DF025FE142303FB0583DA6866F39432C9
:1049A000DA602369BB4222D1DFF8B8A0DFF8B89003
:1049B0009AF8003099F800209A4204D05BB10AF0CE
:1049C000B1FE002809DA6B1C022B4FF0010504F13F
:1049D0001404D3D1C6E70AF0BBFE204B9AF80000BE
:1049E0005B6889F80000002BEDD09847EBE7194A87
:1049F0009342E8D1002304AA03A902A802930393D7
:104A000004930593069307930AF0F2FD0028DAD188
:104A100007AA06A905A80AF035FE4FF0FF334FF0AC
:104A2000FF320F480FF096F90C4B1B6863B1DDEDB8
:104A3000072A9DED062ADDED051A9DED041ADDED30
:104A4000030A9DED020A984705480FF0F5F9BAE709
:104A50005448002044480020A80400206448002056
:104A6000280B0020DD570020DC57002000210148E2
:104A700010F04EBB4448002010B50AF097FD0446E4
:104A800020B904480AF048FE204610BD4FF0FF341C
:104A9000FAE700BF6D4A02000122034B1A700021A1
:104AA000024810F035BB00BFDD57002054480020FD
:104AB0000021024B1970024810F02ABBDD5700207C
:104AC00054480020014B1878704700BFDD57002084
:104AD00010B504464FF0FF324FF0FF3306480FF099
:104AE00039F9064B22681A6062685A600248BDE8CC
:104AF00010400FF0A1B900BF280B0020644800202F
:104B0000014B1B68184700BFD004002030B5044695
:104B100085B00D461022002168461FF0F7F90223E8
:104B20008DF80230044B2A4621466846019313F063
:104B300053FD05B030BD00BF014B020080B50546F6
:104B40000E46174698460FF0C1FF034601F006FADD
:104B50000446DFF81890424649F80030394630469E
:104B6000A84754F8090001F071F900BF08000000DF
:104B7000044608B5EFF31183402383F31288BFF393
:104B80006F8FEFF3108372B60AF078FA204601F0C7
:104B900091FD034815F038F916F0B8FAFCE700BFAC
:104BA000858D04002DE9F047058B0446280717463C
:104BB0000CD501290CBF45F0100545F020052583D3
:104BC00087F31188BFF36F8FBDE8F087022905F0E6
:104BD000070540F09480204615F0AEF9052864D80A
:104BE00001A353F820F000BFC14B0200FF4C0200AC
:104BF000AB4C02006D4C0200874C0200994C020045
:104C000001F007035A1F012A1FD8002221F00701D3
:104C1000062BD4F8008089B2C4E9002209D14346AA
:104C200003E0628B013262831B68002BF9D141F0F3
:104C300002012046218315F07FF94FF0000900287A
:104C40006DD041F02001218369E0042B0AD121F0CD
:104C5000070189B22046218315F06EF910B141F0A9
:104C6000200121834FF00008C14658E02369D3F8A2
:104C70000090238B23F0070343F006034FF0000856
:104C8000238346464BE02369D3F80490238B23F01B
:104C9000070343F00403F1E72369D3F80890238B5B
:104CA00023F0070343F00503E8E74FF00008C1468F
:104CB000E7E7012243F00803238387F31188BFF35A
:104CC0006F8F002A3BD1B8F1000F4AD1B9F1000F24
:104CD00002D020462C49C847EFF31187402383F3C5
:104CE0001288BFF36F8F238B23F008039BB22383BB
:104CF000D9063FD523F01002228303F00705666929
:104D0000218B002EBFF67CAF00239946D4F800809B
:104D100021F00701C4E9003341F001012183238B15
:104D200003F0070AAA4502D0A268002AC1D1B8F14F
:104D3000000F02D1B9F1000FDAD00022BAE7A16862
:104D40000029C0D00D680029BDD033465246204608
:104D50004F68B8471DB12B6829461D46F3E72B461F
:104D6000FAE74146334652462046D8F8008015F00F
:104D70000FF9A8E79A067FF523AF23F020022283DC
:104D800003F0070527E700BFBD9F030037B50446C2
:104D90000821C06A15F0DEFA00234FF6FF72104DAD
:104DA000ADF804306368ADF800208DF80620E268A5
:104DB00019182B401344181A60606846ADF80210A9
:104DC00015F020FA6946204615F0E3FA2046211D29
:104DD00015F0F2F963682B40A36003B030BD00BF4B
:104DE0000000FFFF2DE9F7430F4681460821C06A06
:104DF00015F0B0FA80463C68124D241A3C6004EA73
:104E00000506B4421CD3A0B210B903B0BDE8F083CC
:104E100008236A462146484615F095F90028F4D142
:104E20006946A0B215F082FA38B1BDF80230BDF87B
:104E300004202E4013441E443C60A4EB0804E0E729
:104E40000020E2E70000FFFF2DE9F047044688B0AC
:104E500000F1140738461CF0C7FEA06A8368DB68BF
:104E60009847E06228B96FF01505284608B0BDE8FC
:104E7000F087A06A8368DB6898470368013B1F2BB3
:104E8000F1D8E368B3F5803FEDD8A06A216805AAA0
:104E900019F053FF0028E6D1E568002DE3D0069B0A
:104EA000B5FBF3F203FB1255002DDCD1238A012B55
:104EB000D9D9E36A009593F805804FF0FF334FF09E
:104EC000FF3238460EF046FF0821E06A15F042FA3C
:104ED000A9460646238A1FFA85FA534544D8238AF1
:104EE0004B4500F0FF809A450BD1009908234246BC
:104EF0002046891B15F035F918B96946204615F08A
:104F00005BF969462046FFF76DFF0546002840F033
:104F1000EB8000994FEA11494FEA09496160C4F8F2
:104F20000890A3688B420DD80823204601AA15F0EB
:104F30000AF9B8B901AB13F8012B904532D1013011
:104F40000828F8D1636869466FF30F032046009381
:104F500015F032F942462046E368009915F001F950
:104F600000283CDA0546BFE0E1682B04891B13FAF0
:104F700081F1424608232046009115F0F2F878B1FD
:104F80006946204615F018F909F10109082342463F
:104F9000204600991FFA89F915F0E3F800289ED001
:104FA000013597E7A08801A915F0C0F9626810B92A
:104FB000911B6160B5E7BDF808A0BDF80610E06A76
:104FC000C4F80890514415F0C5F948448242A060E5
:104FD000EED1BAF1000FEBD06FF01C0584E05DD08C
:104FE0004FF6FF79636806EB0308E3681FFA88F25F
:104FF0009B1B9A42CDF800801CD34FF000086168DB
:10500000B8F1000F30D06FF30F01204600916946D0
:1050100015F0D2F82046009915F0DBF80028A1D150
:10502000E368A288A3EB46039A425DD1204615F0BF
:10503000CDF997E708234146204603AA15F083F8E7
:1050400000288FD103A91FFA88F015F06FF930B14D
:10505000BDF80C304B4502D1BDF810300BB1B04457
:10506000C3E74FF00108CAE7204615F0B2F8002860
:105070007FF478AF6368214AE16813400B44A3EBE7
:1050800046036360134041462046A36015F022FAB0
:10509000C4E7E26AA36812681344A360D4E901314B
:1050A0008B4208D9424620465B1A15F05AF8002870
:1050B000FFF658AFEDD16168E36801EB46029A4212
:1050C000AED10E4BA06801EA03029042A8D0204660
:1050D00015F07FF800287FF445AF6268074B1A404F
:1050E000A2609DE76FF02C0538460EF0A5FE002D5E
:1050F0007FF4BBAE0123A374B7E600BF0000FFFF3F
:10510000014B036000207047606B040070B5104BCA
:105110000D461C68B4B10F4B196800238B4202DBAB
:105120006FF0010070BD224612F8106B864202D06B
:1051300014460133F2E7E0681CF09AFC28B1002025
:105140002C60EFE76FF00C00ECE76FF01200E9E77E
:10515000D4040020606B040010B5436888B002934B
:1051600083680C46CDE9033200230A68C068CDE9A4
:105170000623054901AA059319F0E3FD079808B92C
:10518000059B236008B010BDEBAA03002DE9F7438F
:105190000D46DDE90A8791461E46044620B96FF0A8
:1051A0000D0003B0BDE8F0830029F8D0002AF6D046
:1051B0008B680846DB6898470368B6FBF3F203FB8D
:1051C0001262002AEBD1B8FBF3F203FB1282002A31
:1051D000E5D1002FE3D0B7FBF3F103FB11710029F8
:1051E000DDD117EB080FDAD2C4E90096C4E90587D0
:1051F0002161A160E56003686A4623620C9BE3615C
:105200004379CDE900612846074984F8243019F034
:1052100098FD019A002AC2D0D4E905310B449A4284
:10522000BDD30020BDE700BF61AB030010B54FF454
:105230002814DFF820C086B0CDE904C40824029405
:1052400004AC0194BDF82040009418F072FC06B044
:1052500010BD00BF180028002DE9F0410C4B054699
:105260001C680E4617467CB100F018F963682046AA
:10527000D3F8108032463B462946C047044600F02A
:1052800017F92046BDE8F0816FF00104F9E700BF8F
:105290006C48002000230360044B5A6812B9C3E92C
:1052A0000000704710605860704700BF70480020D1
:1052B000014B1860704700BF6C480020002330B5D8
:1052C00085B0CDE902330546019000F0E7F8094BBF
:1052D0001C6844B9284600F083F8044600F0E8F85A
:1052E000204605B030BD636820461B6801A9984779
:1052F0002468EEE7704800201FB5CDE90101039254
:1053000000F0CCF8074B1C6824B900F0D1F8204617
:1053100004B010BD636820461B6801A99847246843
:10532000F2E700BF704800200022024BC3E90022D0
:10533000704700BF704800200022024BC3E90022E2
:10534000FFF7F2BF784800202DE9F74307460C46E7
:1053500009B100230B6000261E4DDFF880904D45FB
:105360000FD31D4B1D6885B355F8188C3846414640
:1053700001AA183D15F041FD10B3D6B914BB2E4655
:105380001EE0D5F800803846414601AA15F035FDEB
:1053900050B116B954B92E4606E000224046316895
:1053A00015F02BFD0028F5D11835D8E7019B2360B7
:1053B000F1E700224046316815F01FFD0028DDD1DD
:1053C000AD69D0E7019B2360D9E7304603B0BDE863
:1053D000F08300BF585104007848002000520400B8
:1053E0002DE9F04780464FF000470026DFF8A490F3
:1053F000DFF8A4A03D46264C4C450DD3DAF800401A
:10540000002C40D0183CB8F1000F24D1226952BBC7
:10541000A469F5E72F46EDE7B8F1000F03D1226943
:105420004AB91834E8E700224146206815F0E5FC47
:105430000028F4D1F5E76368BB4206DDAF4202D035
:10544000AB42A8BF2B461D46EBE7EAD19047002EA2
:1054500008BF0646E5E700224146206815F0CDFC6E
:105460000028D3D1D4E76368BB4206DDAF4202D047
:10547000AB42A8BF2B461D46CAE7C9D19047002EB4
:1054800008BF0646C4E7AF42C4D13046BDE8F08746
:105490005851040000520400784800204FF0FF32B9
:1054A0004FF0FF3301480EF055BC00BFDC0B00206D
:1054B00001480EF0C1BC00BFDC0B002038B5094D1F
:1054C000FFF7ECFF2B785BB9FFF736FF00F068F8C9
:1054D000044608B901232B70FFF7EAFF204638BDC8
:1054E0000024F9E7DE5700202DE9F04306460F4679
:1054F000048F99B00134A4B200F10808651EADB262
:10550000B5F5004F47D04A23294605AA404615F075
:1055100055FA04F57F543F34A4B281462146012355
:1055200040460DF10B0215F049FAB9F1000F0146A2
:1055300010DC002810DC338FAB4209D132466B1EE1
:1055400022F8383F4FF400410223404615F001F99C
:105550002C46D3E7002808DC2946404615F0D5F94B
:105560002146404615F0D1F9E5E709F160030DEB5E
:1055700003090023094A09F84C3C05A8009703AB2E
:10558000CDF80C80ADF8104015F06DFC0028DFD090
:1055900019B0BDE8F0830020FAE700BFD5AE0300E4
:1055A0007FB50123694603200193FFF7AFFD044651
:1055B00060BB032002AA01A915F0B9FA044610B194
:1055C00010F10C0F22D10399B1F5803F23D20023B3
:1055D0001846009A9468084484421AD30133082B71
:1055E000F9D10E4D69612B8353682846AB60D368AF
:1055F000EB6315F005FD044640B9094E28466E6080
:10560000FFF748FE28466E60FFF752FE204604B0C2
:1056100070BD9BB2E5E76FF02004F7E780480020FB
:10562000306C040008B5054814F0EEFB044814F093
:10563000EBFB044814F0E8FB002008BDAE8D04002D
:10564000F28D0400258E040008B50348034A0021AA
:10565000121A15F03BFD08BD400E0020E45D00204D
:10566000074808B5074A0849121A15F031FDBDE888
:1056700008400648064A0749121A15F029BD00BF1E
:10568000600000203B0E00200C9D04006000002004
:10569000600000200C9D0400F0B507460C4687B062
:1056A00000292DD0D1E901231D48096814F0ACFB75
:1056B000D4E90423E1681B4814F0A6FBE1691A4809
:1056C00014F0A2FB26460025F36A29460493EB1C3E
:1056D0000393B36A15480293AB1C0193736A1036A7
:1056E000009332696B1C043514F08EFB102DEBD146
:1056F000216E0F4814F088FBA1690E4814F084FB5A
:10570000012F05D1EFF305810B48103914F07CFB14
:105710002146384607B0BDE8F0400EF0CDB800BFD6
:10572000528E0400828E0400B28E0400C28E0400E9
:10573000068F0400168F0400458F040030BFFFF76A
:10574000FDBF00BF2DE9F04105460B4EDFF830806C
:10575000324606EB0807CC1B204608491EF0C9FB61
:10576000A01942460021083C1EF0D0FBEC6707F16F
:105770000800BDE8F08100BF00000000985204005E
:105780000800000010B5204C204814F03DFBA36A2F
:10579000990137D51E4814F037FB1E20A36ADA01A1
:1057A00003D51C4814F030FB1F20174CA36ADB0202
:1057B00003D5194814F028FB0220A36A1C0303D563
:1057C000164814F021FB21200F4CA36A590303D57E
:1057D000134814F019FB2220A36A9A0303D5114839
:1057E00014F012FB2320084CA36ADB0303D50E48F8
:1057F00014F00AFB2420A36A6FEA03436FEA134301
:10580000A36210BD1D20C9E700ED00E0598F040020
:10581000728F0400868F0400A18F0400CC8F0400D7
:10582000EB8F0400119004002C90040070B5244C00
:10583000064624480D4614F0E7FAA36AD90435D584
:10584000214814F0E1FA1720A36A1A0503D51F486E
:1058500014F0DAFA18201A4CA36A9B050FD51C48DD
:1058600014F0D2FAA16BA36A180407D5194814F0F2
:10587000CBFA1EB1A36A23F40043A3621920104C93
:10588000A36A590503D5144814F0BEFA1A20A36A76
:10589000DA050DD5114814F0B7FA1B20084A936AAF
:1058A00043F47F43936200232B7070BD1620CBE737
:1058B000A36A9B04F2D50A4814F0A6FA1C20EDE76F
:1058C00000ED00E0589004006F9004008190040007
:1058D00095900400AF900400C5900400E19004008E
:1058E000FA90040070B5264C064626480D4614F082
:1058F0008BFAA36AD80640D5234814F085FA112004
:10590000A36A190703D5214814F07EFA12201C4C13
:10591000A36A9A070FD51E4814F076FA616BA36A42
:105920001B0607D51B4814F06FFA1EB1A36A23F0BB
:105930008003A3621320124CA36ADE0703D5164826
:1059400014F062FA1420A36A9C0603D5134814F0DD
:105950005BFA15200A4B9A6AD10658BF9A6A9A6A6E
:10596000920642BF5A6A22F400525A629A6A42F080
:10597000FF029A6200232B7070BD1020C0E700BFA9
:1059800000ED00E02A9104004191040081900400A0
:10599000759104008E910400A5910400FA90040012
:1059A0002DE9F0415A4B05465F6800269CB0C7F3CD
:1059B000080486F31188BFF36F8F02F07F43B3F1C1
:1059C0007F4F06D102F00C03082B13D1514814F07D
:1059D0001BFA002635464FF00008E31E8DF80780BD
:1059E000092B00F28580DFE803F00A797D75838357
:1059F0008383838110074CBF0D460126EBE74648A1
:105A0000434C14F001FA8DF80780E36A9A0704D535
:105A1000424814F0F9F900242AE0E36A002B01DA85
:105A20003F48F6E7E36A5B00F5D53E4814F0ECF931
:105A30006369AA6943F480736361BFF34F8FBFF357
:105A40006F8F32F8023C626922F480726261BFF3A8
:105A50004F8FBFF36F8F03F47F42B2F55F4F21D1B9
:105A6000DBB2022B1ED129682F4814F0CDF92C6827
:105A70009DF807309BB96822294602A81EF039FA22
:105A8000099B002E40D0C3F3080222B96FEA5323CA
:105A90006FEA43230993204602A9FFF7FDFD1CB0DE
:105AA000BDE8F0811A4B9A6AD2B22AB101200DF1F9
:105AB0000701FFF717FF0FE09A6A12F47F4F05D036
:105AC00001200DF10701FFF7B1FE05E09B6AB3F578
:105AD000803FA0D3FFF756FE0446C9E700200DF132
:105AE0000701E6E700200DF10701ECE70F4890E71A
:105AF0000F4B17F4F87F0F490F4808BF1946A4F160
:105B0000100214F081F986E76FF30803C2E700BFC3
:105B100000ED00E0F39104001F92040037920400AE
:105B2000599204006892040088920400A59204002F
:105B3000C5910400DA910400CA920400064B5A6928
:105B400042F010025A615A6942F480625A615A69FD
:105B500022F008025A61704700ED00E0EFF3088080
:105B6000EFF3098101B57246FFF71AFF01BD00BFCF
:105B7000002080F31488BFF36F8F002080F30A8821
:105B800080F30B880F4880F308880BF007FC002097
:105B90000D490860BFF34F8F00F02CF8402080F3D0
:105BA00011880A484FF40061401880F30988EFF328
:105BB00014800221084380F31488BFF36F8F00F034
:105BC0009BF8000010CA002094ED00E0D0B0002047
:105BD000002318460649D1F89020C2F307229342C9
:105BE00000DB7047C1F89830C1F8A0000133F6E738
:105BF00000ED00E010B572B6002484F31388FFF7BF
:105C0000E7FF23464FF0FF300C4A03F12001013338
:105C1000102B42F82100F8D100234FF0FF30074A43
:105C200003F160010133102B42F82100F8D162B674
:105C3000BFF34F8FBFF36F8F10BD00BF00E100E0D7
:105C40001EF0040F0CBFEFF30880EFF309808169A9
:105C500011F8021C0229FFD001B5724615F03AFA7C
:105C600001BD00BF00B2002807DB01234109034A40
:105C700000F01F00834042F82130704700E100E04F
:105C800000B200280CDB01220649430900F01F0086
:105C90008240203341F82320BFF34F8FBFF36F8F33
:105CA000704700BF00E100E0D30748BF002100B209
:105CB00058BF02310028ACBF00F16040064A4FEAED
:105CC0004113DBB2ABBF00F5614000F00F0080F87C
:105CD00000331354704700BF14ED00E0044B054A35
:105CE00023F07F039360BFF34F8FBFF36F8F704735
:105CF0000008010000ED00E008B5FFF7EFFF104BD2
:105D0000D3F8882022F47002C3F88820D3F88820C2
:105D100042F4A002C3F888204FF04042C3F8342276
:105D2000BFF34F8FBFF36F8F0023E1EE103AFFF701
:105D30008BFCFFF795FC00F0EFF80DF081FE00BF43
:105D400000ED00E08189203A41F0020181814FF4A9
:105D50007D41C0F8C8101360009B08495360019B47
:105D600021F001019360029B9161D3604FF0807339
:105D7000D36100230265C0F8803070473D4B0200BC
:105D8000104B9B6883421AD1EFF30580B8B9EFF34B
:105D90001181402282F31288BFF36F8F9A8922F01B
:105DA00002029A81EFF3148323F0040383F314882F
:105DB000BFF36F8F81F31188BFF36F8F70476FF060
:105DC00015007047D45200200E461546002300B53A
:105DD000E1EE103AEFF3148323F0040383F3148805
:105DE000BFF36F8FBFF36F8F0B4BC26F98600B4B7E
:105DF0001A60C36E83F30B882C4686F30988002053
:105E0000034B98472046002100220023014C2047E5
:105E1000FFB003003D4B0200D4520020C0480020D8
:105E20001022014B1A61704700ED00E0054B9A69A2
:105E30009B689A421FBF044A536843F080535360E3
:105E4000704700BFD452002000ED00E0084B9B6873
:105E500083420BD1EFF3058343B1064B5A6842F0FE
:105E600080525A605A6A22F400425A620EF034BEDE
:105E7000D452002000ED00E024498A6882F8C9E08D
:105E80004FF030001044EFF3098C80E8F01F1EF053
:105E9000100F03D102F1880080EC108A402080F3BB
:105EA0001288BFF36F8F1A4F4FF000668A698A60BD
:105EB0003E60D06F174C206092F9C9E0D2F88000A4
:105EC0000023C2F8803080F311881EF0100F03D039
:105ED0000023E1EE103A03E002F1880090EC108A12
:105EE000EFF3148323F0040383F31488BFF36F8F5D
:105EF00002F1300090E8F01F8CF3098802F10000F5
:105F000004B515F0F6F8BDE804407047D4520020FF
:105F100004ED00E0C04800200023402040F20F12B2
:105F200010B5044CE1180133934281F80003F9D114
:105F300010BD00BF00E100E008B5EFF30583064A9D
:105F4000103B02EBC30152F8330049688847BDE8B3
:105F50000840FFF76BBF00BF3446040001480068EB
:105F600070470000C04800201FB50121094B0A4AB4
:105F70000A4800F0F7F80023064A0393084B012172
:105F8000019301A8D31A029300F0F6F805B05DF86A
:105F900004FB00BF00000420000000204C6C040043
:105FA000400E00200A7A0B6810B562F304031C4609
:105FB000CB68520923F01F0343EA4203044A43F02B
:105FC0000103C2F89800C2F89C40C2F8A03010BD8E
:105FD00000ED00E010B5074BD3F89030C3F3072372
:105FE000013B984202D8FFF7DDFF10BD6FF01500AE
:105FF000FBE700BF00ED00E02DE9F04F0F4614462F
:1060000006464FF000084B4D85B0B84580F28E80B3
:10601000D6F80490B9F1000F35D0B9F11F0F40F256
:10602000838019F01F0F7FD1D6F800A01AF01F0F40
:106030007AD1504615F086F8834609EB0A000138FC
:1060400015F080F883456FD11BF1160F6CD05C45BD
:106050006ADDC5F898B0D5F89C10C5F898B0D5F8A9
:10606000A03021F01F0143F01F0AD6E900321A4484
:10607000994202F1FF391BD1CA4508D131465FFA76
:106080008BF015F068F808F101080C36BDE73146D1
:10609000C5F898B0D5F89C30E0B263F30402C5F8B7
:1060A0009C2015F058F810F1160F3DD0441CEAE77B
:1060B000C5F898B0D5F8A020013B23F01F0302F0EB
:1060C0001F021343CA453146E0B2C5F8A030E8D0FC
:1060D00015F041F810F1160F26D0C5F898B0D5F894
:1060E0009C209DF808300AF1FF3A62F304038DF812
:1060F0000830D5F8A0309DF808205B0863F34712FC
:106100008DF80820D6E900321344009323F01F03D2
:106110005344A3EB0903013023F01F036946C0B2C7
:106120000393FFF757FFBEE76FF01504204605B055
:10613000BDE8F08F00ED00E00522044BC3F8942089
:10614000BFF34F8FBFF36F8F704700BF00ED00E0CC
:10615000BFF35F8F0022024BC3F89420704700BF4B
:1061600000ED00E010B5034C2278FFF745FF2070EA
:1061700010BD00BFDF5700202DE9F74F294D8A469B
:1061800006464FF00008AB46274FD0451BDAD6F83D
:106190000490B9F1000F3FD031680846019114F026
:1061A000D1FF0199044609EB0100013814F0CAFF40
:1061B00084424FF014021D4B08D002FB08F36FF02D
:1061C00015024BF8032003B0BDE8F08F14F1160F51
:1061D0002C60F8D01978A142F5DD02FB08B0C7F8B1
:1061E0009840C7F89840D7F89C4000F10801007B20
:1061F00064F304000871D7F8A0000C79400860F33C
:1062000047140C71D7F89C1021F01F016960D7F872
:10621000A01021F01F01296108F1010814350C3686
:10622000B3E700BFC448002000ED00E0DF570020C6
:10623000F0B55349534DD1F890302C68C3F3072380
:106240009C4287B000F299800020FFF781FF4E4BFF
:10625000C1F8C030844216D14C4D01A82C70FEF715
:106260004FFF002607464A4CB74213D100202B7837
:106270004349D1F89020C2F30722934277DBFFF71E
:106280005BFF002046E0696801EB0011FFF78AFE22
:106290000130DFE70199300101EB0613DA68224093
:1062A000B2F1807F52D00AD8B2F5001F34D0B2F5D7
:1062B000800F3ED0B2F5801F12D00136D4E7B2F184
:1062C000006F43D0B2F1805FF7D15A689B680958DC
:1062D000013B22F01F00034423F01F03012032E0A2
:1062E0005A689B680958013B22F01F0003440120B3
:1062F000844623F01F0340EA4C10CDE902218DF8BB
:10630000100002A928780593FFF764FE00282ADA16
:106310006FF0150007B0F0BD5A689B680958013B43
:1063200022F01F0003444FF0020C012023F01F0352
:10633000E1E75A689B680958013B22F01F000344BB
:10634000022023F01F034FF0000CD4E75A689B682B
:106350000958013B22F01F0003444FF0030C0120B9
:1063600023F01F03C7E72B7801332B70A5E7C1F893
:106370009830C1F8A00001337BE74FF0FF30C9E748
:1063800000ED00E0586C0400AAFF4400DF57002035
:106390000000F0FF08B5024811F0E0FFFEE700BF83
:1063A000ED92040008B5024B1B689847002008BD19
:1063B000D848002008B5054813F026FD002383F3D4
:1063C0001188BFF36F8F0423184602DFF292040096
:1063D00008B50649064821F00701C1F1005202F54F
:1063E000802213F0CEFC002008BD00BF4B18022015
:1063F000DC48002070B541690446867A0A4D59B1DF
:10640000437ADB0706D4382303FB06531B6B1B6858
:106410009B689847002363613820214600FB0650A3
:10642000BDE870401BF07CBCB00C00203822024B51
:1064300002FB0030704700BFB00C00203821827A88
:10644000054B01FB02335A6B1B7F801A1B3323F071
:106450000303B0FBF3F07047B00C002038B53824CC
:10646000827A064B04FB02331B6BD3E901240C60D8
:106470001568FFF7E3FF04FB005038BDB00C0020A7
:106480002DE9F04385B00546684690461C460391C9
:106490001BF04EFFDDE90067EFF31189402383F322
:1064A0001288BFF36F8F6B8B002B41D02A8B9A42DF
:1064B00025D90022002328460DF00EFD0446F0B138
:1064C00089F31188BFF36F8F039B002B41D03246B5
:1064D0003B4668461BF051FF3821A27A2C4B2046E0
:1064E00001FB02331B6B03A91B681E68DDE9002357
:1064F000B047606170BB2046FFF77CFF24E0698BEA
:106500004B1E6B8389F31188BFF36F8F2B7F2A8B10
:106510006C6B1B3323F00303521A02FB03441C4B26
:106520001C4AEB1ADB105343A3722B7FE372CBE7B9
:1065300089F31188BFF36F8F2346424628460DF03A
:10654000CBFC04460028BFD10024204605B0BDE89E
:10655000F0836361012300262381039B3146E27AA5
:106560006660638204F118001DF0D0FC6369268226
:1065700005F12006E360304614F00FFEEA8C2B8B09
:10658000D6E8AF1F5B1A9342B8BF1346EB84DCE733
:10659000B00C0020B76DDBB62DE9F04104460025B4
:1065A0003827104E0CB9BDE8F08104F10800D4F88A
:1065B000048014F0F2FDC0B20128F4D1A17AE560A4
:1065C000794301F1200030446560314414F0EEFD60
:1065D000CB6A204613B198474446E3E7FFF70AFF2A
:1065E000FAE700BFB00C002008B5244A244B1A601B
:1065F00007F00AF94FF47A612248D0F82436C3F341
:106600000802C3F309434B4382F480721E49883267
:1066100001FB02334FF4FA215B00B3FBF1F201FB03
:1066200012331A49B3F57A3F28BF0132C1F8042961
:10663000D0F820364FF47A60C3F30802C3F309435D
:10664000434340F6C41082F4807202F2172200FB2A
:1066500002334FF47A701B0AB3FBF0F200FB1233E3
:106660000020B3F5FA7F4FF0010328BF0132C1F8D3
:106670001C27C1F80009C1F8003608BD0020A10799
:106680006809002000C0FF00B80B00800000125015
:1066900048B1054B054A1B68B3FBF2F35843044B62
:1066A00043F00103184770476809002040420F007B
:1066B000B0570400BFF34F8F0549064BCA6802F478
:1066C000E0621343CB60BFF34F8F00BFFDE700BF15
:1066D00000ED00E00400FA0508B500224FF4802127
:1066E0004FF000500AF022FF0A4AD2F8183523F082
:1066F0000103C2F818354FF0FF32074BC3F80026EC
:10670000012203F59033C3F80025BFF34F8F20BF5C
:10671000FDE700BF00F00C5000E010502DE9F34100
:10672000054616461F46234CD4E8AF3FDA072AD564
:1067300020B96FF0010002B0BDE8F08101A914F0AA
:1067400080FB0228024620D128461B491DF0EDFBA4
:106750000028EED1D4E8AF3FC3F3C0081B0712D422
:10676000A4F18805072229463846B047062887BF86
:106770000723B0FBF3F044F8888C85F8078094BFBA
:10678000C5F80380E8710020D5E70428D1D1284658
:106790000A491DF0CAFB05460028CAD104F1A00130
:1067A00020223846B0470028A4BF241884F8A050FF
:1067B000E9E700BF70020020018D0400FB92040095
:1067C0002DE9F04389B0DDF840909D795E791F791D
:1067D00093F803C093F802E093F801800C461B780D
:1067E000B9F1000F15D0CDE90639CDE904E813461B
:1067F000CDE9027CCDE900560D4A11F0CFFD00280D
:1068000013DBA0422CBF6FF01500002009B0BDE8DB
:10681000F083CDE90583CDE903CE1346CDE90167C9
:10682000044A009511F0BAFDE9E76FF01500EDE7B5
:10683000009304002493040070B504461E461546D8
:106840008CB0AAB129B10A4602A8042113F003FBB7
:1068500002A900912B462246242103A8FFF7B0FF8E
:1068600070B93146109A03A8FEF7F6FC0CB070BD63
:1068700003462421044A03A811F090FD2328F0D9EF
:106880006FF01500F2E700BF4593040007B5064B13
:106890000648DA79C2EBC202009200221146FFF7E5
:1068A000CBFF03B05DF804FBE8010020018D04007C
:1068B00030B5044615468DB09AB129B10A4602A8F2
:1068C000042113F0C8FA02A900912B462246242184
:1068D00003A8FFF775FF60B903A814F08AFA0DB09A
:1068E00030BD03462421044A03A811F057FD232894
:1068F000F2D96FF01500F2E74593040007B5009355
:1069000013460A4601460348FFF796FF03B05DF8B9
:1069100004FB00BF339504000A4601460148FFF717
:10692000C7BF00BF3395040007B5009313460A465E
:1069300001460348FFF780FF03B05DF804FB00BF8A
:106940002D9504000A4601460148FFF7B1BF00BF7C
:106950002D95040007B5009313460A4601460348E7
:10696000FFF76AFF03B05DF804FB00BF1E9504004B
:106970000A4601460148FFF79BBF00BF1E95040071
:1069800007B500220346009103481146FFF754FF64
:1069900003B05DF804FB00BF2595040007B5002295
:1069A0000346009103481146FFF746FF03B05DF828
:1069B00004FB00BFFB92040008B502480DF0D2FCB6
:1069C000002008BDF0050020F8B51A4CD4E8AF3F10
:1069D00013F0010F264620D094F8A070A4F188058A
:1069E0003FB92022144905F594701DF0C5FA85F8C9
:1069F0004871EB799BB1D4E8AF3F5A0701D400F05E
:106A0000E7FBD6E8EF3F23F40062C6E8E12F002958
:106A1000F7D11B0501D5FFF7CFFF002009E001F0FA
:106A2000C7F930B9EB79002BE5D101F0D1F9002895
:106A3000E1D0F8BD700200204B93040007B500932D
:106A400013460A4601460348FFF7F6FE03B05DF819
:106A500004FB00BF399504000A4601460148FFF7D0
:106A600027BF00BF3995040010B50024094B86B03C
:106A700009480393CDE904441BF050FA03AB00939B
:106A800040F638020A23054903480DF071FC204600
:106A900006B010BD5593040038210020E86900209D
:106AA000014601480DF0A4BC3821002001460148F0
:106AB0001BF009BA3821002030B50378012B11D022
:106AC000022B21D06BB90A46144B03F1100453F882
:106AD000045BA34242F8045BF9D143881A0A8A7026
:106AE000CB7030BD0A460D4B03F1100453F8045B24
:106AF000A34242F8045BF9D143681A0C180E4A709D
:106B00000870C3F30722EAE700F11003013913F814
:106B10000129984201F8012FF9D1E2E766990400B2
:106B200070B50C46511C154614F0FEFC064688BB99
:106B300020461A49FBF7F1FD20B120461849FBF722
:106B4000ECFD18B900232B70304670BD2046154966
:106B5000FBF7E3FD20B120461349FBF7DEFD08B942
:106B60000123F0E720461149FBF7D7FD20B120466D
:106B70000F49FBF7D2FD08B90223E4E720460D498F
:106B8000FBF7CBFD20B120460B49FBF7C6FD08B94A
:106B90000323D8E76FF01506D6E700BF878C040003
:106BA0005E930400F38C040067930400FA8C0400E5
:106BB00070930400048D04007C93040010B514F05D
:106BC000E4FC1BF00AFA044608B90DF0A5FE064BDA
:106BD000D3E8AF3F0BB10A2098471CB9BDE810407D
:106BE0000DF0AEBE10BD00BFE848002038B5044629
:106BF000084814F0E8FA054648B1631EDBB21F2BC3
:106C000096BF054A0021D15C0C3014F055FB284694
:106C100038BD00BFC80D002076990400034BD3E8AF
:106C2000EF2FC3E8E10F0029F9D17047E8480020B1
:106C30000F2810B50CD80D280CD90A4814F0C3FA47
:106C4000044618B104210C3014F036FB204610BD68
:106C50001328F2D009B10448F0E70220BDE8104043
:106C6000FFF7C4BF000E0020200D0020F8B5064637
:106C70000F4602F0F1FC044690B93946304606F062
:106C80009DFA0546F0B93946304605F045F9164BF0
:106C90001B6823B153F80C4904B10C3CB3B9F8BDDF
:106CA00083781321012B4FF0000312BF1D46D0F84B
:106CB000A050C0F8A03015F073FB204602F0ACF8ED
:106CC000002DDAD0284617F091FEDCE79B6813B15F
:106CD0003946304698472CB1E26802B10C3A234657
:106CE0001446DBE72246FAE7B849002038B5C56804
:106CF0002B78B3B9B5F801400F21204602F07EF998
:106D0000E978054670B90C4A138813B1538843B922
:106D100001236FEA04506FEA105022F81300074A6B
:106D2000D15438BD0173012102F0C2F82846BDE8F4
:106D3000384002F071B800BF24570020E05700200F
:106D400010B5002486B003AB00934FF462724FF08D
:106D5000FF3305490548CDE9034405940DF008FBD0
:106D6000204606B010BD00BF20720020282200205F
:106D700008B5064B184614F08FFC00F00B00D3E862
:106D8000EF2FC3E8E10F0029F9D108BD7002002000
:106D900010B5012104460C3014F0B9FA2146BDE8C3
:106DA00010400023014A007814F01FBD8C6D0400D0
:106DB00010B5012104460C3014F0A9FA2146BDE8B3
:106DC00010400A23014A007814F00FBD3C6D040006
:106DD00070B5314814F010FA044600285AD000F17A
:106DE0000C05284614F09BFA022805D004282FD061
:106DF0002046FFF7D1FB21E0238A032BF8D9042199
:106E0000284614F084FAFF22438806882276228AD4
:106E1000C6F30B009A426083EAD10F2102F0EEF82C
:106E200005460028E4D002F013F921462076320B03
:106E3000284615F03FFA284601F0EEFF174BD3F82D
:106E400004313BB3BDE87040154916481BF03BB810
:106E50002846022114F05BFA054600783E2812D03D
:106E600014F008FC10F002060DD140F69A430E4AC9
:106E70000E490F4812F0D5FF86F31188BFF36F8FCC
:106E80000323184602DF062321460A4A287814F015
:106E9000ACFCADE770BD00BFEC020020E8010020B3
:106EA0001006002018230020B3930400E793040089
:106EB000159404000C6D040010B5012104460C303B
:106EC00014F025FA2146BDE810400223014A00785B
:106ED00014F08BBCFC6C04002DE9F0470C460DF05F
:106EE0001BFDE5682B78022B67D0042B05D02046CC
:106EF000FFF752FB6FF0150408E0B4F81080B8F10A
:106F0000020F08D82046FFF747FB00240DF018FDBC
:106F10002046BDE8F08768783E2809D1B8F1030F14
:106F2000F0D0EB78012B01D00A2B46D1032704E0E7
:106F300014F0A0FB0746F8073FD504F10C06012129
:106F40003046D4F814A014F0DAF90221304614F0D7
:106F5000DEF9814600783E2807D1E3681B78012BD3
:106F600001D00A2B06D1032614E014F083FBC107DD
:106F700006460FD441F26813164A1749174812F013
:106F800050FF002383F31188BFF36F8F032318464C
:106F900002DF0226124A0623214699F8000014F067
:106FA00024FCB20712D56369A5EB0A0513FA85F52F
:106FB000E560A4F81080BB07A7D52146094814F066
:106FC00006F9094909481AF07EFF9EE72046FFF7B7
:106FD000E3FAF0E7B393040032940400159404003C
:106FE000CC6C0400EC0200201006002018230020C6
:106FF0002DE9F047884616468246002868D00023CF
:10700000DFF8D490D9E8EF4FC9E8E23F002AF9D180
:10701000002C5DD02046FFF711FA0C232D4D27469A
:1070200003FB0050438853450DD0D9E8EF3FC9E832
:10703000E27F002AF9D1002B4AD01F463846BDE82E
:10704000F047FFF7A9BAA64208D0204614F0B6F8D8
:10705000328AF16804F10C0014F025F92046FFF79C
:10706000EDF90C2606FB00504368ABB1B8F1000FF8
:1070700012D12046FFF7E2F9012106FB00504268D9
:10708000536803F01F00814010685B0900EB830028
:10709000137ACBB114F00AFB2046FFF7CFF90C2688
:1070A00006FB00508368002BC8D02046FFF7C6F9C6
:1070B000704305F800802046FFF7C0F906FB005535
:1070C000A8680CF03FFFB9E7C94314F0A5FBE3E75C
:1070D000BDE8F087EC480020E802002010B5C1E9C7
:1070E00000239DF808300C460B72FFF7A7F90C221D
:1070F000024B02FB00335C6010BD00BFEC48002077
:10710000F8B502460B46104814F05DF80446C0B1CD
:1071100004210C3014F0B6F82046FFF78FF90C2745
:1071200000260A4D07FB005046802046FFF786F9EF
:1071300007FB005086602046FFF780F907FB0055EB
:107140006E602046F8BD00BF900D0020EC48002086
:107150000138C0B202289ABF014B185C002070476A
:10716000C099040037B50C468DF8070000F0FF0504
:10717000A0B929B1072220460A491CF0D6FE40B921
:10718000002009490DF1070205F05EFF002003B061
:1071900030BD21462846FFF769FDF7E76FF015007F
:1071A000F5E700BF53990400C3B6030029289ABF2E
:1071B000014B185C0920704796990400034B014667
:1071C000D3F8240182689268104700BFE8010020CC
:1071D0000421014814F06ABA7002002038B505464F
:1071E000FBF7ADFA2028044615D829460B48FBF7D3
:1071F00094FA70B12246294608481CF07AFE002213
:1072000007482146031900F5947083F82821FFF7F9
:10721000C5FB002038BD6FF00B00FBE7100300201A
:10722000E80100200048704710030020014902488F
:107230001AF049BE000600202822002070B505463D
:107240000C4639B1CB684A699B1A032B0ED86FF0F4
:10725000150509E04FF0FF304FF0FF31FFF750FF09
:10726000044618B96FF06805284670BD2046FFF740
:10727000E5F80C22134BA61802FB0033032130461D
:107280005D8014F02BF80580238A0121033B837075
:10729000304614F02BF840F635439D4209D1204684
:1072A000FFF78CFF05460028DED02046FFF774F973
:1072B000DAE7214604481AF028FD0025FFF7B6FF5B
:1072C000D2E700BFEC480020F40200202DE9F04393
:1072D000064617460C4687B069B94FF0FF304FF0AD
:1072E000FF31FFF70DFF044658B96FF068052846D7
:1072F00007B0BDE8F083887AFFF798F8304B8342F7
:1073000057D10122002168461AF026FD2046FFF7DA
:1073100095F80C23DFF8C09003FB0090C0F808D06C
:10732000204613F07FFF01463046FFF787FF0546F2
:1073300018B12046FFF730F9D9E700236846214A03
:107340000CF03AFE804690B14FF4F1731E4A1F498B
:107350001F4812F066FD424631461E4812F061FD9C
:1073600085F31188BFF36F8F0323184602DF204691
:10737000FFF764F80C23584319F80060AEB12046BB
:10738000093EFFF709F9092E0CD8DFE806F0050BD6
:107390000B08150B0B0B0B126FF06E05A7E76FF0C8
:1073A0000C05A4E76FF00405A1E7002FC1D03C60F5
:1073B0009DE76FF015059AE76FF00B0597E700BFA3
:1073C000900D0020B4C40400B39304004B94040057
:1073D0001594040054940400EC480020022138B5B0
:1073E0002B4814F063F910EA01044DD16FF0040149
:1073F000274814F011FA01F0D5F801F06DFB01F007
:10740000EDFD244B2246214640F603401C60FFF769
:107410005DFF044688B9204DFFF7AAFCD5F824018A
:1074200083685B685BB96FF00201194814F0F4F9E6
:10743000042114F03BF96FF08504204638BD9847CD
:1074400010F1580F0446EED028B1042105F1880050
:1074500014F02CF9F1E71148FEF7F8FC2146402220
:1074600005F134001CF052FDEC7185F8DB4005F0AD
:107470004DFD05F11C000A4914F011F96FF00101EE
:107480006C3014F0C9F9D8E76FF07704D5E700BF86
:107490007002002024570020E8010020182300205B
:1074A0005399040038B50546104814F0F5F8430721
:1074B00016D54FF0FF304FF0FF31FFF721FE0446A5
:1074C00088B107210C3013F0E8FE294614F0E7F8E4
:1074D00000222146BDE8384042F21100FFF7F6BE17
:1074E0006FF00A0038BD6FF06800FBE77002002003
:1074F00008B5084814F0D0F8430707D5BDE80840A0
:10750000002242F210001146FFF7E0BE6FF00A00C1
:1075100008BD00BF7002002010B5FBF775FA034BE1
:107520001B6813B1BDE81040184710BD0449002086
:1075300073B5274D0646D5F824011AF099FA0028AC
:107540003FD06FF0020105F1880014F065F90121C8
:1075500014F0ACF8C30737D413F087FF044668BBB8
:107560001C4B1E60012205F1E80011461AF0F4FBE5
:1075700005F586701AF0BDFB17481AF0CFFC6FF0C6
:10758000070340F6C4121549134800940CF0F0FEAE
:10759000134911481AF02AFDD5F8240111498368CE
:1075A0001B689847044648B926B902B0BDE8704048
:1075B000FBF72ABA05F178000CF0D4FE204602B0A1
:1075C00070BD6FF01204F9E76FF07704F6E700BFC3
:1075D000E80100200449002018230020A87500209D
:1075E00099940400D96E02002DE9F041634AB0F885
:1075F0000180118848F470439942054686B030D026
:10760000518899422FD10123002122F813105C4A9E
:10761000D65C00F0E7F9EB782C1D012B08BF594B25
:10762000204614BF002793F8237013F0AAFF2146C9
:10763000D8B104A813F09AFFD5F81130CDF809306D
:10764000B5F81530ADF80D3001238DF80830EB7822
:10765000012B16D01321404614F0F9F906B0BDE80D
:10766000F0810023D0E70026D3E7384614F0EDFB85
:10767000014604A814F013F8214602A814F00FF8EC
:10768000E5E7404F062297F8230004A902F00CF822
:10769000044640B905223C4997F8230002F004F85B
:1076A00004460028D6D0204640F2E242B5F8013028
:1076B00004A920F8703B13F0F2FFB5F817305343DC
:1076C0000022C4F88830B5F81930A4F89030B5F825
:1076D0001B30A4F89230EB7822732C4A012BC4F8AB
:1076E000A42002F14702C4F8A8204FF4A472E3706A
:1076F000A4F8AC200CD102A904F1770013F0CFFF5D
:10770000D5F80B30C4F87F30B5F80F30A4F88330CB
:107710004FF0FF304FF0FF31FFF7F2FC0546D8B1D4
:1077200002210C3013F0B9FD23882946038001AAF9
:1077300042F23000FFF7CAFD70B9019AD168C878EB
:10774000FFF706FD84F8A4000879FFF701FD84F82F
:10775000A5001046FEF720FF0721204601F0A8FBF8
:1077600026B101212046267301F0A2FB204601F03C
:10777000A1FC204601F050FB70E700BF2457002019
:10778000E0570020E80100204C99040001011B0093
:1077900000B5C16889B00B784BBB8DF80030B1F8EB
:1077A000013001A8ADF80130CB7804318DF80330F9
:1077B000B1F80730ADF81730B1F80930ADF819302D
:1077C000B1F80B30ADF81B304B7B8DF81D3013F04A
:1077D00066FF084B68461A689B88CDF80B20ADF809
:1077E0000F30CDF81120ADF81530FFF7FDFE09B0D0
:1077F0005DF804FB6099040038B5032104460C30A1
:1078000013F085FD40F635420346B0F80100904282
:107810000DD01D78E36822461978FFF7E9FB35B1F2
:1078200003480CF08FFBBDE83840FFF7FFBC38BDC4
:10783000D002002038B50DF06FF8284DD5F80C3186
:10784000002B48D00022002305F1E8000CF0B4FB27
:10785000002840D10022002305F586700CF03CFB87
:10786000044668B940F6AA431D4A1E491E4812F054
:10787000D8FA84F31188BFF36F8F0323184602DF11
:10788000D5F8000120B1FEF787FE0023C5F80031CE
:10789000204613F0C7FCC5F800012046FFF78EFC18
:1078A00098B112480CF04EFB2046FEF7C7FD0C22A3
:1078B0000F4B1F2102FB003022464088FFF798FB48
:1078C0002046FEF769FEFFF7B1FCFFF7AFFCBDE80D
:1078D00038400DF035B801F0FDFBF8E7E801002075
:1078E000B3930400A294040015940400D002002075
:1078F000EC48002038B5042104460C3013F007FD95
:107900004578017822464088FFF772FB35B104487C
:107910000CF018FBBDE83840FFF788BC38BD00BF4D
:10792000D0020020F8B506460024094DEF79E3B2F5
:107930009F4202D86FF0010007E02946304614F05C
:10794000B1F90735631C08B12046F8BD1C46EEE7C7
:10795000E801002037B504460D46B9B1284616495E
:1079600014F0A0F990B929461448C4EBC40420448B
:1079700014F091F9124814F08BF9430703D5FFF77F
:107980001BF813F074FD002003B030BD684613F0FF
:10799000BDFD0028F8D16846FFF7C4FF0028F5DADE
:1079A000064BC4EBC4006946184414F074F9002D6A
:1079B000E0D001462846DBE753990400E8010020A7
:1079C00070020020064BD3E8EFCF4CF4806CC3E884
:1079D000E2CF002AF7D1037A19430172704700BF42
:1079E00070020020084BD3E8EF2F22F48061C3E837
:1079F000E01F0028F7D1530504D5002202200349D7
:107A000005F044BB704700BF7002002049BF03006F
:107A10001FB500230190CDE9023302208DF80C1030
:107A200001AA034905F032FB029805B05DF804FB9A
:107A3000D1BD0300F7B5044670B1474D95F8DA2083
:107A400095F8DB300AB19A4208D2013385F8DB3071
:107A5000237A43F00403237203B0F0BD0021022215
:107A6000084601F021FE064648B120460121FFF7F5
:107A7000A9FF304603B0BDE8F04001F0CDB98DF864
:107A800000006946354800F07DFD9DF8006026B194
:107A900001212046FFF796FFDEE73146304800F02F
:107AA00071FD95F8DB30B3B995F8DB2095F8DA3045
:107AB0009A421CD1002242F229001146FFF706FC2F
:107AC00070B995F8DB30013385F8DB30237A43F069
:107AD0000403237204E0304614F029F90028E3D0AF
:107AE0000021204803B0BDE8F04000F04BBD224625
:107AF000671C394612F82E0B14F0DCF8064630BB32
:107B000095F8DB30013385F8DB30237A43F004034A
:107B1000237295F85B305B0719D53946684614F037
:107B2000BAF801234FF0FF304FF0FF318DF80730E6
:107B3000FFF7E6FA044650B1082269460C3013F00C
:107B4000B2FB3246214642F24E00FFF7BFFB012056
:107B500014F0EDF8C4E700BFE80100202BBE0300DD
:107B6000FBBD030061BD03002DE9F341044608B3EA
:107B70003F4D95F8DA2095F8DB309AB10132934207
:107B800011DC00210222084601F08EFD0646A0B15C
:107B900020460221FFF716FF304602B0BDE8F04153
:107BA00001F03AB913B1013B85F8DB30237A23F0B9
:107BB0000403237202B0BDE8F0818DF807000DF1D7
:107BC00007012C4800F0DEFC9DF8076026B1022179
:107BD0002046FFF7F7FEEDE73146274800F0D2FCDC
:107BE000304614F0A4F8074688B995F8DB3095F8CC
:107BF000DA209A4218D2013B85F8DB30237A02461C
:107C000023F0040302201D49237205F03FFA95F882
:107C1000DB3013B1012014F08AF80021184802B0BB
:107C2000BDE8F04100F0AEBC4FF0FF304FF0FF3147
:107C3000FFF766FA04F1010806460028E7D007219D
:107C40000C3013F02AFB414614F025F83A46314631
:107C500042F22800FFF73AFB0028D8D195F8DB3034
:107C6000013B85F8DB30237A23F004032372CEE74F
:107C7000E80100202BBE0300FBBD030019BD03007B
:107C800061BD030038B50D460649CC7938B12B6883
:107C90009C4228BF1C46C4EBC4021CF02AF92C608D
:107CA00038BD00BFE801002070B5044611B16FF087
:107CB000150070BDD8B1214913F0F4FFB8B92046C2
:107CC000FFF730FE002832DA23784BB91C48C2791E
:107CD0006ABB214613F0DFFF0123C3711046E8E7BA
:107CE000012BE4D1A37903F0C003C02BDFD1144DE5
:107CF000EB79012B1ED005F1880013F0C9FFC307F3
:107D000007D4002CD3D020460C4913F0CBFF002819
:107D1000CDD1EE792146731C3046EB71FFF71AFE88
:107D200008B93046C5E7EB79013BEB71C1E76FF06D
:107D30007700BEE76FF00B00BBE700BF539904006C
:107D4000E80100202DE9F3410446D8B1002141F2B9
:107D5000090001AAFFF7BAFA054698B9019E062262
:107D6000D6F80C80104908F1010738461CF0DDF800
:107D700028B1062238460D491CF0D7F830B93046F4
:107D8000FEF70AFC002002B0BDE8F081D8F801300F
:107D90003046C4F80130BB882570A4F80530FEF7E2
:107DA000FBFB0120EFE700BF609904005A99040033
:107DB00007B56846FFF7C6FF044BD87118B169468E
:107DC0000020FFF7C7FD03B05DF804FBE8010020C9
:107DD000F0B5294D89B0EE79002E46D195F8763070
:107DE000DB0722D56A4631464FF60940FFF76EFAA7
:107DF000D8B9DDF800C0DCF80C406378012B1E46D2
:107E000028BF012673B1A31C02AA123417461868B2
:107E10005968083303C7A3423A46F7D11868386057
:107E20009B88BB806046FEF7B7FBEE7100241626E8
:107E30000127EB79E0B2984202D3B3B1002012E0FF
:107E400008AB06FB003353F8182C33F8143C694692
:107E5000CDF80120ADF805308DF80070FFF77AFD00
:107E600001340028E5D009B0F0BD0021084609B072
:107E7000BDE8F040FFF718BFE80100202DE9F04110
:107E80001D460E4617460346002849D0002D47D010
:107E90000A0307D54C0743D414F035F810BB01236F
:107EA0002B701FE0B10704781ED020492FB1B20615
:107EB00003D591F89020500635D5C4EBC40411F8D1
:107EC0000480B8F1010F08D101341846214413F0A1
:107ED000C8FF38B985F8008002E0B8F1000FF9D08A
:107EE000A7B90020BDE8F081720716D50F49C4EB91
:107EF000C4040F5D012F07D10134214413F0B1FFF9
:107F00000028EFD12F7001E0002FFBD0B306E8D599
:107F10002B7843F002032B70E3E713F0F4FFBEE786
:107F20006FF01500DEE76FF08500DBE7E801002069
:107F300000232DE9F04F14461D468FB0049151687F
:107F400001908B4209D1FB2D0FD8974BB3F8D83055
:107F50009D4215D96FF0200023E12268023502EB23
:107F6000C302527801331544EBE7019B082103F16A
:107F7000180013F0FEFF0028E7D06FF00A0010E1B0
:107F8000FB2D69D8019B0B2103F1180013F0F1FFC1
:107F900010B91F2D28BF1F254FF0FF304FF0FF31C4
:107FA000FFF7AEF805F104080746002800F0F78057
:107FB00041460C3013F071F94FF000090646424675
:107FC00000211BF0A3FF4946D4F8008006F1040B02
:107FD000636899450FD3019BF1705B780022337081
:107FE00003233946737001230498B3700FB0BDE8C2
:107FF000F04FFFF76BB998F80120881C13189D42C9
:1080000098F800C008D2BCF1090FA5EB00021DD101
:10801000002A1BDD4FF0080C5FFA82FA0AF1010317
:108020000BF801300131C9B20BF801C0C3B2D8F866
:108030000410584402931BF05CFF029B09F10109F4
:108040009A445FFA8AF108F10808C1E73846FEF75A
:10805000A3FA6FF01500A4E0002110220AA81BF07B
:1080600055FF0027012340F2726009933B46616887
:1080700008948B4207D100250123A846AB46039301
:108080005FB938468DE02268023702EBC3025278AE
:1080900017448742DDD80133EBE7FB2F4FF0FF3069
:1080A0004FF0FF31BA4628BF4FF0FB0AFFF728F820
:1080B0000AF104060290002871D031460C3013F00A
:1080C000ECF8019B81465B78002603704FF00003BB
:1080D0005FFA8AF283700592031D54F83B2004EB8B
:1080E000CB0102EBC80252780232954209D14A68AC
:1080F00008F10108904509BF00250025A8460BF1AD
:10810000010BBBF1010F12D054F83B204FEAC8011C
:1081100012EBC80C0BD09819E5B901259CF8012089
:1081200001329A550136F6B2059AB242D5D8039B70
:10813000BF1B7BB3002F0CBF032301230022029936
:10814000049889F8036089F80130FFF7BFF840BB55
:10815000039095E7012D05D1525C0136022502708E
:10816000F6B2E1E79CF80120AAEB0601521B0232AD
:108170008A4228BF0A46DCF804C0A91E614407935E
:1081800006921BF0B6FE069A079B15443244ADB228
:10819000D6B2C9E7B7FA87F35B095B00CEE76FF0A9
:1081A00068000FB0BDE8F08FE801002070B500F165
:1081B0000F0604460D46072230460C491BF0B5FE5B
:1081C0000346207873B90522094901F06DFA044687
:1081D00058B10573002100F06BFE2046BDE87040E9
:1081E00000F01ABE06223146EFE770BD5399040035
:1081F0004C990400F8B504690646456844B140F25C
:1082000003432B4039D005F48263B3F5806F34D03B
:1082100015F4806302D115F4F84F2ED1184F307841
:10822000FB79834229D9C0EBC000072215493844A5
:108230001BF07BFEA8B115F0030306D197F82420AC
:10824000082A02D8B2689F2A17D915F0300F09D032
:108250009CB1EB0608D405F46035B5F5603018BF65
:108260000120F8BD002CF6D1D6E902239A4204D8A9
:108270001F2A02D9B3F5804FEDD90020F1E700BFE6
:10828000E80100205399040038B50E4D284613F03C
:108290006DFE10F0010412D1A5F118031846582202
:1082A00021461BF033FE0346D5E8EF2F42F00102D2
:1082B000C5E8E12F0029F7D118465C7038BD0020D1
:1082C000FCE700BF20240020F8B5044614F80F7B1B
:1082D000154B06460D4607222046144983F82370A5
:1082E0001BF023FE70B93846114901F089F90446A4
:1082F00010B96FF00B00F8BD052100F0D9FD00208A
:108300002C60F8E72146384614F0E9F840B92146D8
:10831000307801F075F904460028EAD00621ECE730
:108320006FF01500E7E700BFE80100205399040053
:108330004C9904002DE9F3470F690D4649689046B2
:108340003A1E18BF012201650DF103030646FFF72F
:1083500095FD0446002840F0E98006F10F03002F48
:1083600000F0E8802A6911684FF0FF30C6F80F105E
:108370009188998092794FF0FF319A71FEF7C0FE93
:108380008146002800F0E98019210C3012F085FFA9
:108390000446192200211BF0B9FD73782370AB68E5
:1083A000E370C3F307221B0C22716371EB68A371A6
:1083B000C3F307221B0C2372E2716A6812F4004FA8
:1083C00014BF06230723D00348BF03F0050391031E
:1083D00048BF03F0FB0363729DF80330A3726B6820
:1083E00003F0C002C02A00F0A7805A0600F1A68060
:1083F000C3F3C0135B00DBB2A3747F23E3740123D8
:1084000023756B6803F44063B3F5806F14BF0123D9
:108410000223A3756B68DB0442BF03232375A37596
:108420006A68C2F3802383F001031B0150049BB2EE
:1084300048BF43F04003910448BF43F02003D205F6
:1084400044BF012222766A68900779D043F0010A7E
:108450001FB9510501D443F0030A900502D4B8F1C5
:10846000000F03D04AF0020A1FFA8AFA002F69D0DF
:10847000D1062A6948BF4AF00403116858BF4AF080
:108480000C03C4F80B1091889BB2A4F80F109279DA
:1084900062746A784946E275AA7842F236006275DB
:1084A000A4F8013001AAFEF711FF044600283DD1CF
:1084B000019806F11807C36893F90130B370FEF70D
:1084C0006BF8D7E8EF3F43F00203C7E8E23F002A2A
:1084D000F7D16FF01001384613F052FDC20633D4C5
:1084E0006A68092112F0030218BF0122384613F00E
:1084F00052FD0A213846CAF3400213F04CFD2A7996
:108500000C213846C2F3800213F045FD6A790B2135
:108510003846C2F3800213F03EFD9DF8032003218C
:10852000531E5A4238465A4113F035FD204602B0D8
:10853000BDE8F0870A4A16E703235DE701235BE7FE
:108540009A468AE75346A4E7304606F1090113F03C
:1085500088FC0028C4D00446E8E76FF06804E5E72B
:108560005399040008B520B9044813F0FFFCC30771
:1085700001D4002008BD0248FCE700BF20240020F1
:1085800008240020034610B5044813F0EFFCC2078E
:1085900003D5BDE810400248184710BD2024002034
:1085A0000824002008B500210348FFF7EBFF002254
:1085B000024B9A6108BD00BFA9C00300E80100207A
:1085C00010B5054CA06930B16FF00101183013F0FF
:1085D000D7FC0023A36110BDE8010020F8B50446D4
:1085E000164813F0C3FC43070F4616461DD5FAB1D3
:1085F0002046FFF7FFFDD8B1FFF746FE0546D0B194
:1086000023782146037063780022C3704760FFF728
:1086100091FE044638B16FF0010105F1180013F026
:10862000AFFC2046F8BD3560FBE76FF00A04F8E7C1
:108630006FF01504F5E76FF00B04F2E7700200200D
:108640000023F7B50E460546019300285BD000F1E4
:1086500018070821384613F08CFC002856D12D4805
:1086600013F084FC420501D5FFF7BCF90921384617
:1086700013F07FFC50BB9EBB32460721384613F0F7
:108680008AFC0921384613F074FC70B90C21384675
:1086900013F06FFC48B96FF00801384613F070FC16
:1086A000030726D4284613F02EFC28463246012123
:1086B00013F0B2FC019D044610B375B100212846A9
:1086C00000F0F6FB284600F0A7FB06E0284601A9CB
:1086D000FFF7FAFD04460028CDD0204603B0F0BDD8
:1086E000338823B9B278003A18BF0122C5E70122C6
:1086F000C3E70E21384613F03CFC0028D2D1D4E762
:10870000002DDFD1E9E76FF01504E6E76FF077049D
:10871000E3E700BF700200202DE9F341C6687078DE
:10872000FFF720FF0446002861D004F1180875887F
:1087300013F0B7FC6FF48071404613F021FC3378DE
:108740002C4F1BBB2846012100F058FC054650BBAE
:108750006FF08001404613F013FC03060ED520464F
:1087600013F0E8FBFFF73EF963683BB11B682BB1E0
:10877000327920468DF8042001A99847BB699C42B4
:1087800035D102B0BDE8F041FFF71ABF09214046DC
:1087900013F0EFFB18B120463178FFF707FD33786F
:1087A000002BD5D1CEE7236D00F17E0213F4002F0C
:1087B00012D0A368C0F87E30A3899380A37B937105
:1087C00063682BB15B681BB12046019501A99847EE
:1087D000284600F021FBBBE7037AC3EBC303F9187B
:1087E000FB58C0F87E308B8893808B79E7E702B026
:1087F000BDE8F081E801002070B59AB01822002190
:1088000003A81BF083FB47F21213ADF808304FF4B6
:10881000807344F20102ADF80A30304B694602A879
:10882000CDE904230DF08CFAF0B11F252C4BD3E8D1
:10883000EF1F21F00101C3E8E21F002AF7D1294E02
:108840000CF06AF8346804B1043C002D264D18BFC2
:108850000025002C3BD023680BB12846984764685C
:10886000002C34D0043CF6E74122009801AB09A962
:108870001AF0F2F80028D8D11C4A0DF125030DF1A9
:10888000650153F8040B8B4242F8040BF9D1202206
:108890001749009801AB1AF0BCF80028C5D1009820
:1088A0000DF03CF905460028BFD110490E4813F0E1
:1088B000B5FC1048203113F0B1FC0F4BD3E8EF1F8B
:1088C00041F01001C3E8E21F002AAFD0F6E7002311
:1088D000C6E900330CF034F81AB070BD000002098C
:1088E000084900201049002042580020025800206A
:1088F000E2570020625800207002002030B5A7B077
:108900001822002107A81BF001FB04233D220021AF
:1089100016A815931BF0FAFA47F21213ADF81830A7
:108920004FF4807344F20102ADF81A30234B24490E
:10893000CDE9082306A8202204AB0DF035F9B8B123
:108940006FF004040BF0E8FF1E4B1D6865B10020BA
:1089500018601D4BD3E8EF1F21F00201C3E8E21FAE
:10896000002AF7D124B3A8470BF0EAFF27B030BDA7
:10897000164B0DF15502194603F1400053F8044B14
:10898000834242F8044BF9D105AB029320230B48F4
:10899000CDE9001315AA412304991AF02CF90028F7
:1089A000CED104980DF0BAF804460028CAD0C7E723
:1089B0000DA8064913F032FC0DA8D4E70000020907
:1089C000E25700200C4900200849002002580020EE
:1089D000402208B503491BF0A8FAB0FA80F040091C
:1089E00008BD00BFC399040010B59AB00446182210
:1089F000002103A81BF08AFA44F21213ADF80830E4
:108A00004FF480734FF48042ADF80A30114B214689
:108A1000CDE9042304230DF125008DF8243013F053
:108A2000FDFB04F120010DF1450013F0F7FB41229D
:108A300001AB09A902A80DF0B7F8044602A81AF084
:108A400026F92CB901980DF069F801201AB010BD73
:108A50000020FBE70000020910B560B31A4A136852
:108A600023B1043B834229D05B68F9E7174BD3E875
:108A7000AF1F890725D41468011D44605068116038
:108A800000B95160D3E8EF2F42F00101C3E8E01FC5
:108A90000028F7D1D30701D5002010BD0C4BD3E837
:108AA000EF1F21F01001C3E8E21F002AF7D10948A7
:108AB000FDF7FCFFF0E76FF01500EEE76FF07700D1
:108AC000EBE76FF00F00E8E71049002008490020AD
:108AD000700200203006002038B50C4BD3E8EF1FA1
:108AE00021F00101C3E8E21F002AF7D1084D2C68EC
:108AF0003CB154F8043C043C0BB100209847646836
:108B0000F6E70023C5E9003338BD00BF084900205F
:108B100010490020044BD3E8AF3F13F0100F034877
:108B200008BF0020704700BF70020020425800209C
:108B300070B50546194803688B4228D0184BD3E816
:108B4000AF3FDA0626D5036813B16FF00F0070BD92
:108B5000144AD2E8AF3FDB07F7D4D2E8EF3F43F047
:108B60000204C2E8E64F002EF7D113F00204ECD164
:108B7000016029460C4813F051FB0C4805F1200117
:108B800013F04CFB0A48FDF791FF2046DFE76FF03A
:108B90007700DCE76FF07C00D9E700BF0C490020CC
:108BA00070020020084900200258002022580020AE
:108BB0002006002070B505460B4B1C6844B154F8E4
:108BC000243C243C13B12846297B9847646AF5E786
:108BD000064C074EB44200D370BD236813B128463B
:108BE000297B98472834F5E7B0490020F05004006D
:108BF0004051040010B50446FDF720FC044901EB88
:108C00000011204612F0FEFCBDE81040FEF70EBB3E
:108C100018490020002270B50446D1E901560748E2
:108C2000C1E9012219F071F83DB1314620462B46C9
:108C3000BDE870406FF06D02184770BD980C0020C1
:108C400070B50546002200230E480BF0B5F9B8B9FF
:108C50000D4B1C6834B154F81C3C243C03B19847BC
:108C6000646AF7E7094C0A4EB44204D32846BDE8CB
:108C700070400BF077BBA36803B198472834F3E743
:108C800070BD00BF380C0020B0490020F050040037
:108C9000405104002DE9F041044640270025EFF340
:108CA000118287F31288BFF36F8FE16929B1206ABF
:108CB0000B688142E36108BF236282F31188BFF32E
:108CC0006F8F71B1D1E901680748C1E9015519F009
:108CD0001CF81EB1002241462046B047FEF7A6FA16
:108CE000DDE7BDE8F08100BF980C002037B5437B7D
:108CF0000446072B30D1031DD3E8EF2F42F48061E7
:108D0000C3E8E51F002DF7D1550525D4D3E8AF3FC3
:108D1000990317D5E378012B1ED1104B93F89130AE
:108D2000DB0719D594F8A430022B03D194F8A530B1
:108D3000022B11D00021022320461A46009112F086
:108D4000BDFE09E0054B93F890301A07E2D512F00A
:108D50009AFE637B072BDDD003B030BDE801002015
:108D60000348B0F8BC30C030002B08BF002070476B
:108D7000E801002030B50446FDF7F0F80D460D4A35
:108D80000D498BB00858D2F8D010884205D1204642
:108D90000BB0BDE83040FFF77DBF243421461046BC
:108DA00019F091F81DB16946204619F09CF80BB0F6
:108DB00030BD00BF904300200800000038B50022FD
:108DC00004468A4202D10024204638BD012004F125
:108DD000D003D3E8EF5F002D04D1C3E8EC0FBCF162
:108DE000000FF6D102D0D8340244EAE7002CEAD0D2
:108DF000D022002120461BF089F804F140000449EC
:108E000019F092F8034904F1240019F031F8DBE776
:108E10004998020067C2030008B500F1D003D3E807
:108E2000EF2F013AC3E8E12F0029F8D1AAB90B4B83
:108E3000984212D303F5D87290420ED2C01AD823AA
:108E4000B0FBF3F203FB120038B905480BF07AF8D7
:108E5000BDE8084003480BF085BA08BD6024002037
:108E6000380C00205006002010B5044613F072FAAA
:108E70000BF052FD0C4B04F1C401D3F8DC3043B9C4
:108E80000A4813F0D5F90BF05BFDBDE81040FEF782
:108E9000CDB9994201D01B68F1E70BF051FD204696
:108EA000FFF7BAFFF1E700BFE8010020C40200208D
:108EB00070B5457B04468D4213D041730DB913F054
:108EC00049FA637B012B09D1314D05F1C006616977
:108ED00000294AD1BDE87040FEF7A8B9072B01D0A0
:108EE00073B170BD0023C4E90D33E378012BF8D1D1
:108EF00004F140000023BDE87040264A0BF0A2BAFE
:108F0000082DEED801A353F825F000BFE38E020030
:108F1000318F0200578F0200618F0200618F0200C3
:108F2000618F0200578F0200E38E0200E38E020081
:108F300004F14005284619F005F820460121FFF705
:108F400019FF204613F0ADF92846BDE87040002215
:108F500000230BF0ABBA237B13B12046FFF72AFEA8
:108F60002046BDE87040FFF757BFA2690B689142E9
:108F700008BFA36120466361FFF74CFEB5F8BC3023
:108F8000002B14BF304600200AF0DCFF9FE700BF33
:108F9000E80100205A6202002DE9F84306460F4618
:108FA00090460025DFF83090684200F0D800484431
:108FB00013F0D0F9044620B183781E4208D1FFF7A0
:108FC0002BFF6B1C022B4FF00105EDD1BDE8F883A0
:108FD0004146B8472046F2E76024002000220F20D7
:108FE0000149FFF7D9BF00BF7DC303000022012064
:108FF0000149FFF7D1BF00BFED8C0200F8B506466E
:109000000C460027114D284613F0A4F9034658B129
:10901000427B012A02D0073A012A03D81A88B242B9
:109020000CD01846FFF7F8FE7B1C022B4FF001070F
:1090300005F1D805E7D100231846F8BD9A78144207
:10904000FAD11846FFF7E8FEF5E700BF60240020DC
:10905000034BC01A034BC0105843C0B2704700BF47
:109060006024002013DA4B6870B51C461443054693
:109070000E4608D0FCF772FF0B4908580B49D1F88F
:10908000D010884201D1002213460949002D14BF97
:109090002846084612F097F8044618B1711D0C30A6
:1090A00012F0F0F8204670BD080000009043002048
:1090B000B00C002010B5044605480BF053F92046CB
:1090C00000F010FD2046BDE81040FFF773BD00BF63
:1090D0004006002000232DE9F04F87B0039305934D
:1090E000A54B5A8B32B1A54DD5F8DC4034B907B049
:1090F000BDE8F08F1B68002BF5D1F8E754F8C439B0
:1091000003B1C43B00269E4901E01C461346B5F856
:10911000BC20002A00F02E81D5F8C8204AB904F1FD
:10912000C406002BE3D0D3F8C420002AEDD0C43A03
:10913000EBE70A68002AF2D0D4F8B020002AEED07B
:10914000D4F8B420002AEAD0D4F8B820002AE6D017
:10915000637B072B66D120469047002862D004F13C
:10916000C803D3E8AF3F022B5CDC204613F0F2F8D3
:1091700004460028BBD0637B072B40F0F2802046DA
:10918000D4F8B030B5F8BC1004AA984707460028B8
:1091900000F0CA80B5F8BC20049B9A4206D3014671
:1091A000D4F8B460204605AB03AAB047059BDDF8B0
:1091B0000C9001933B8A002B00F0D6803846DDF8F6
:1091C00010A012F035FA8046002840F0D080B5F8A3
:1091D000BC30DFF8B4B1002B14BF58460020002289
:1091E00000230AF0E9FE78B90022002364480AF05F
:1091F00073FE064600283BD1B5F8BC30002B18BFE3
:109200005E4630460AF09EFE6FF00B053846FDF7CD
:10921000C3F9B9F1000F00F083802A462046019976
:10922000C8477DE0D4F8C43004F1C402C6B9D5F80B
:10923000E010C5F8DC308A4201D1C5F8E0300023E7
:109240002046C4F8C430D4F8B8309847002892D0EB
:10925000637B072B40F085802046FFF705FE8AE7F9
:109260003360D5F8E0309A4208BFC5F8E060E6E721
:10927000019BC0F804908360B5F8BCB00022DA45C9
:109280004FF000034FF000013B4898BF1FFA8AFBE4
:10929000FDF7F6F8814650B1FDF7D0F8394B5A4644
:1092A00003EB00133946484612F087F98146B5F8BA
:1092B000BC3094F8CC709A458CBF4FF0010802374F
:1092C00084F8CC8098BFFFB204F1C808D8E8EF3F1B
:1092D0000133C8E8E23F002AF8D104F1140A31460C
:1092E000504612F0A5FFA378012B21D0D8E8EF3F1C
:1092F000013BC8E8E23F002AF8D13146504612F05F
:10930000B5FF4846FDF748F920463146FFF782FC95
:10931000B5F8BC301C48002B08BF00200AF012FE34
:109320001321204613F03CF82046FFF775FDDEE6DA
:1093300009F10C0B0421584611F0D0FF238807F0E7
:10934000FD0743EA07330380B9F810300221043BDC
:109350004380584611F0CAFF4846FDF72FFF00280A
:10936000C4D1FDF763FFDFE76FF079054EE76FF0DB
:1093700004054BE79368FFDE580D0020E80100204C
:10938000980C002018490020A802002040F2E24377
:109390002DE9F041D0F888600446B6FBF3F6031DD2
:1093A000B6B2D3E8AF2F920413D5B0F88C20B242F6
:1093B0000FD8B0F88E20B2420BD3D0E924129142DC
:1093C00007D1D3E8EF1F21F40051C3E8E21F002AC0
:1093D000F7D1114B1D6865B155F8147C243D37B1A8
:1093E00031462046B4F89230B4F89020B8476D6A00
:1093F000F1E70A4DDFF82880454501D3BDE8F0814B
:109400002F6937B131462046B4F89230B4F8902035
:10941000B8472835F0E700BFB0490020F0500400FD
:1094200040510400F8B50F4B05461C685CB1243C64
:1094300000F1A606236A13B1314628469847646AAC
:109440000CB1243CF6E7084C084E05F1A607B442DF
:1094500000D3F8BD236A13B139462846984728340B
:10946000F5E700BFB0490020F0500400405104006F
:10947000F8B50F4B05461C685CB1243C00F1A4060E
:10948000E36913B1314628469847646A0CB1243C1D
:10949000F6E7084C084E05F1A407B44200D3F8BD26
:1094A000E36913B13946284698472834F5E700BFE9
:1094B000B0490020F0500400405104002DE9F04173
:1094C000074608460D4612F02AFA064618B9002645
:1094D0003046BDE8F081144B1C6884B154F8183C48
:1094E000243C0BB9646AF8E72946384698470028B7
:1094F000EDD0284612F013FA0028F3D1E7E70B4C21
:10950000DFF82C804445E3D2E3680BB92834F9E74F
:109510002946384698470028D9D0284612F0FFF946
:109520000028F3D1D3E700BFB0490020F050040079
:10953000405104002DE9F041C37804468BB900F195
:109540007E06114B1D687DB1243D04F170076B69E7
:109550001BB13A463146204698476D6A25B1243DF5
:10956000F5E700F17706ECE7084D094F04F17008C4
:10957000BD4201D3BDE8F0816B691BB14246314663
:10958000204698472835F3E7B0490020F050040002
:1095900040510400F8B5437A04468372164613F02E
:1095A000A3F8144B1D684DB155F80C3C243D1BB17C
:1095B00032462046617A98476D6AF4E70E4D0F4FA8
:1095C000BD420DD3A6B9637A012B11D9A378012B23
:1095D0000ED1207A04F17001BDE8F84003F0D6BE48
:1095E000AB691BB132462046617A98472835E7E7D8
:1095F000F8BD00BFB0490020F05004004051040005
:1096000038B505460C460F480221FFF7D7FBC0B11D
:10961000057223680367A388A0F87430A37980F8E3
:1096200076300123437283728370074BC0F8B030E9
:10963000064BC0F8B430064BC0F8B830054BC0F844
:109640008C3038BD60240020119A020051C2030002
:1096500045C20300180028002DE9F04106460F46D8
:109660004FF000080F4D284612F074FE044620B15A
:109670008378012B0DD0FFF7CFFB08F10103022BFC
:109680004FF0010805F1D805EDD100242046BDE8D2
:10969000F0813A46314612F002FF0028F6D120460A
:1096A000E9E700BF602400202DE9F84305460E4697
:1096B00090460027DFF84C90784200F0D8004844EC
:1096C00012F048FE044620B18378012B08D0FFF742
:1096D000A3FB7B1C022B4FF00107EDD100240DE012
:1096E00036B13246294612F0DAFE08B92046EEE7D6
:1096F000637B4345FAD1237AAB42F7D12046BDE8DC
:10970000F88300BF60240020002210B5837804464F
:109710000B70C3784B70037A8B70437B81F82B20DE
:10972000023BDBB2062B8EBF13462B48C35C2046A0
:1097300081F82830A378012B14BF0023637A81F8C5
:10974000293012F064FE81F82A00A378012B40D161
:1097500004F170038B60237A204AC3EBC3031344E4
:109760004B60E27804F1770304F17E0042BB1A46B5
:109770000346C1E9032340F2E242D4F888304B614A
:10978000B3FBF2F30B83B4F890304B83B4F8923010
:109790008B8304F1A4030B6204F1A6034B62D4F89B
:1097A000A0302BB15B7CDA0644BF012381F82B305B
:1097B000D4F8A03013B15B7C9B0603D4002010BD0D
:1097C0000246D6E791F82B3043F0020381F82B30A4
:1097D000F4E76FF01500F2E7039A0400E8010020B7
:1097E00038B5044608460D4612F099F838B3154BC3
:1097F00093F89030990707D4E37873B1294620464F
:10980000BDE8384000F0BCB994F898309A07F3D519
:10981000231DD3E8AF3F5B04EED42946204612F067
:109820008AFE58B92B88A4F88C306B88A4F88E3047
:10983000AB88A4F89430EB88A4F8963038BD6FF06C
:109840001500FBE7E8010020F7B510F8333C0446AB
:10985000A0F140060BBB304612F0E9FE244B1D6818
:109860004DB155F8203C243D1BB1304614F8341C52
:1098700098476D6AF4E71F4D1F4FBD4205D3304630
:1098800003B0BDE8F040FFF7C7BA6B681BB13046C4
:1098900014F8341C98472835EFE710F83E3C012BAC
:1098A00024D1A0F13C05D5E8EF3F23F40052C5E8F0
:1098B000E12F0029F7D19B0410D5E36C6946009392
:1098C000636D30460193FFF78BFF38B9D5E8EF3F62
:1098D00023F48053C5E8E23F002AF7D1D5E8EF3FF3
:1098E00043F40063C5E8E23F002AF7D103B0F0BDBE
:1098F000B0490020F0500400405104000C4B10B956
:109900001860002070471A6872B90269002AF7D1FE
:10991000026832B9426822B9826812B94269002AE3
:10992000EED06FF0150070476FF07700704700BF02
:10993000C049002008B568B1094B00F10C011A6854
:1099400022B9074812F074FC104605E0914204D099
:109950001268F5E76FF0150008BD6FF07700FBE7C0
:10996000B849002038B50E4818F0C3F900240D4D51
:1099700029460B48013418F0C8F90A2C05F10C05EA
:10998000F6D113F005FC02F0A9FB044628B903F058
:10999000AFFA044608B912F06CFF204638BD00BF8C
:1099A000980C00203849002010B50A4A136813B1FA
:1099B000136D63B90123502000FB0320064C5B426A
:1099C0004460002003F050031A440A6010BD6FF099
:1099D0000B00FBE7C4490020C86D040070B50446C5
:1099E00052EA030008D0FCF7B9FA074D074ED5F844
:1099F000D0503058854201D1002213462046BDE8A0
:109A000070400431FFF730BB904300200800000095
:109A10002DE9F0470F469046D0F8BC4044B1483C91
:109A2000236B5BB92068BC3012F0F7FDA46CF5E73E
:109A3000FDF7FCFB00263046BDE8F08704F1300955
:109A4000484618F077F905460028F1D011F0F0FDEE
:109A50000028EFD1284611F0E5FBE56C06469DB9DC
:109A6000A38C058A403B9BB23F2B03D8238D9D429C
:109A700028BF1D46042106F10C0011F02FFC0580C3
:109A8000A38C04354380E564BD421FD8B6F810A00E
:109A9000554506D10022002348460AF01DFAFCF77E
:109AA0007BFDA38CA3F140023F2A06D855451ABF7F
:109AB000002213460A4AF361B2612068BC3012F0FA
:109AC000ACFD236B13B1204612F088FDE36C9F427E
:109AD0002CBF0027DF1BC8F80030E764ABE700BFEE
:109AE0009BC70300F7B504460026234D234FBD4214
:109AF00001D303B0F0BD2988204612F045FE6B6803
:109B0000019001A920469847002830DB019B2A8854
:109B10009A829A8403F11002D2E8EF1FC2E8E06F44
:109B20000028F9D19E64DE649E60A16B03F10802F7
:109B3000F9B9C4E90D221C60DE6003F1300018F0B1
:109B4000D8F8019843681B6803B19847019B10330C
:109B5000D3E8EF1F41F00101C3E8E21F002AF7D16B
:109B600001984368DB6913B100F11001984708358B
:109B7000BDE70A60A263DEE7D8500400F05004009D
:109B800070B5134A0C4613780646013313F0FF01F3
:109B90000ABF01230B46194613701220082212F047
:109BA000BBFD054688B108210C3011F076FB2288F8
:109BB0002946028062884280A2888280E288C28030
:109BC0003046BDE8704012F0F5BD6FF00B0070BD7F
:109BD0008258002023281FD81A2804D8431E182B87
:109BE0000ED906207047A0F11B03082B1ED8DFE812
:109BF00003F0051D1B231D19251D050003207047BB
:109C000001230F4A83401A40C2B90E4A1A40002A63
:109C10000CBF06200120704700F07F03522B05D1B6
:109C200000207047012070470520704710F0400F5A
:109C300014BF0020062070470420704702207047A0
:109C4000AAAA8A02545545012DE9F74F0546084650
:109C50008946FCF7F3FB18234343264F0446FA18C2
:109C60009168D9F80C60019105F15400D0E8AF0F6C
:109C7000C1073BD5D9F80C00007810710022FA50CA
:109C80003378D22B0ED12B684946186814F00BFD9F
:109C900040B101904846FCF77FFC019B184603B099
:109CA000BDE8F08F18235C43002349461A4607EBB2
:109CB0000408281DD9F80C60D9F814B0B9F810A020
:109CC000C8F8085012F03EFD03460028E6D0D9F847
:109CD0001420A6EB0B0612FA86F6019AC9F80C605E
:109CE000A9F810A0C8F808203851D7E76FF015037D
:109CF000D4E700BF6C4A002070B50E46438D418BFF
:109D000001328B4228BF0B469A42054631D8304675
:109D1000FFF760FF6FF01403034113F0010310D04D
:109D2000FCF71CF9144B1958144BD3F8D030994256
:109D30001DD0134B1B685A1A18BF4FF0FF32134641
:109D400000E0104A00211048FFF748FE044660B1C9
:109D5000FCF774FB18220D4B012102FB003304F1C8
:109D60000C009D6011F099FA0670204670BD00222B
:109D7000E5E70024F9E700BF080000009043002059
:109D80005C4B00201C4E0E00E80C00206C4A0020AA
:109D9000011F0A22002010B4064B9C6818338C4225
:109DA00008BF43F8100C013AF7D103485DF8044BA3
:109DB00017F0BBBE6C4A0020A00A0020F8B50F4A7D
:109DC000074600230E480E4611F0FDF9044690B1F7
:109DD00000F10C050921284611F054FA2046FCF741
:109DE0002DFB1822074B012102FB003328469F6000
:109DF00011F053FA06702046F8BD00BF1C4E0E004D
:109E0000E80C00206C4A002008B5EFF311814023D4
:109E100083F31288BFF36F8F002303600C4B5A68E3
:109E20009AB9C3E9000081F31188BFF36F8F094825
:109E30000AF098FA002807DA002383F31188BFF3A9
:109E40006F8F0323184602DF08BD10605860EAE7F1
:109E5000644A0020880600207FB5CB6804461D8830
:109E60008DB15E8876B1AE420DD3102200216846D6
:109E70001AF04CF805212046FFF7A0FF019058B9D1
:109E8000112007E0354601232A460421204612F01E
:109E90008CFE002004B070BD6B4631462846084A4F
:109EA000009412F09FFEDDE9011323B90846FCF788
:109EB00073FB0A23E8E7204612F076FDE9E700BFCE
:109EC000D3CA0300F0B51D46036804460E4685B0AC
:109ED00001211868174614F025F938B904F1540027
:109EE00012F0A4FE50BB122005B0F0BD65B31022E5
:109EF000002168461AF00AF839462046FFF75EFF4F
:109F0000029018B3BDF828302946ADF8043001237B
:109F100028468DF80C300E4A6B46009412F062FE13
:109F20009DF80C3002995BB10846FCF735FB2A46D8
:109F3000314620469DF80C3012F037FE0020D3E762
:109F4000204612F031FDF9E70120CDE71120CBE7E3
:109F500021D003002DE9FF41036804460D4618682F
:109F6000012114F0DFF840B904F1540012F05EFE54
:109F7000A0BB122004B0BDE8F08110220021684689
:109F800019F0C4FF0F212046FFF718FF029038B3E5
:109F90004FF00108009405F10C072B8A012B04D81F
:109FA0002046029912F000FD18E0384611F0BFF982
:109FB0006B4601460B4A06468DF80C8012F012FEE5
:109FC0009DF80C30002BE8D00298FCF7E5FA3246F9
:109FD0000E2120469DF80C3012F0E7FD0020C9E765
:109FE0001120C7E721D003002DE9FF410368044693
:109FF0000D461868012114F095F840B904F1540099
:10A0000012F014FEA0BB122004B0BDE8F0811022B3
:10A010000021684619F07AFF21212046FFF7CEFE85
:10A02000029038B34FF00108009405F10C072B8A19
:10A03000012B04D82046029912F0B6FC18E03846ED
:10A0400011F075F96B4601460B4A06468DF80C80F7
:10A0500012F0C8FD9DF80C30002BE8D00298FCF7F8
:10A060009BFA3246202120469DF80C3012F09DFDCF
:10A070000020C9E71120C7E79DCF030010B50446B3
:10A0800000F15003D3E8EF1F41F00101C3E8E21FE4
:10A09000002AF7D1201F12F0AFFC04F1740004492C
:10A0A00017F042FF2068BDE8104001F09DBE00BFE0
:10A0B000D5D103002DE9F0430F460446062187B0B1
:10A0C00007F10C0011F023F90588EDB1B0F802801A
:10A0D000B8F1000F17D0A84516D3002382888DF859
:10A0E00000308DF804304FF42053684601A9D7F8AA
:10A0F0000C90ADF80220ADF8063011F0BAF9064622
:10A1000060B10A2301E0454601232A460621204684
:10A1100012F04BFD002007B0BDE8F0830146142289
:10A1200001A83F7C19F0F2FE07212046FFF746FE0A
:10A130000290D8B10A2341468DF81530284601AB6C
:10A140000B4ACDE9036901948DF8147012F04AFDB1
:10A150009DF8153002992BB10846FCF71DFA9DF8C1
:10A160001530D2E7204612F01FFCD3E71120D2E7CA
:10A1700051CD03002DE9F0410E8A0446043EF6B2AB
:10A18000022E08468CB001D0102E76D104210C305E
:10A1900011F0BDF80DF1040805884788011D32460D
:10A1A000404611F093F9002869D085B377B3BD42DA
:10A1B0002DD80121606813F0B5FF064678BB42F642
:10A1C00002038DF8000069464046ADF8023011F0F8
:10A1D00050F920B342F60303404606A98DF81860F3
:10A1E000ADF81A3011F045F9C8B1012D03D14FF681
:10A1F000FF739F4213D004F1540012F017FD0028A2
:10A2000014BF002012200CB0BDE8F0813D460123B0
:10A210002A460821204612F0C8FC0020F3E7182245
:10A2200000210DEB020019F071FE09212046FFF715
:10A23000C5FD0890F8B101210C30CDE9064811F0B8
:10A240002CF80023099003700A2339468DF82C302E
:10A25000284606AB0B4A12F0C5FC9DF82C30089935
:10A260002BB10846FCF798F99DF82C30D0E7204632
:10A2700012F09AFBD1E71120C5E70420C3E70E20B6
:10A28000C1E700BF85A502002DE9F0410E8A044612
:10A29000043EF6B2022E08468CB001D0102E64D1D6
:10A2A00004210C3011F033F80DF1080805884788B7
:10A2B000011D3246404611F009F9002857D0A5B3D8
:10A2C00000268FB3BD4230D84FF42053404601A939
:10A2D0008DF80460ADF8063011F0CBF848BB1422BD
:10A2E000002107A819F012FE11212046FFF766FD94
:10A2F0000990002837D001210C30CDE9074810F033
:10A30000CCFF00230A90394603701A4A0B93284663
:10A3100007AB12F067FCDDE909131B78FBB90846AF
:10A32000FCF73AF90A2301E03D4601232A461021B1
:10A330000EE042F60103404607A98DF81C60ADF817
:10A340001E3011F096F80028C9D010232A4619466D
:10A35000204612F02AFC00200CB0BDE8F081204617
:10A3600012F022FBF7E71120F6E70420F4E70E20B5
:10A37000F2E700BFCDA40200F0B51D4603680E460B
:10A380000039044618BF012187B01868174613F03A
:10A39000C9FE40B904F1540012F048FC002844D032
:10A3A000002007B0F0BD002D41D0182200216846E2
:10A3B00019F0ACFD47BB236829461B68284600936B
:10A3C0000023ADF812300C9B1A4A0393BDF83430C9
:10A3D0008DF80860ADF8103001238DF814306B460D
:10A3E00012F000FC9DF81430C3B1002FD8D00198B2
:10A3F000FCF7D2F8002ED3D02A46122120469DF831
:10A40000143012F0D2FBCBE7002213212046FFF7D5
:10A4100073FC01900028CED11120C2E701990029D8
:10A42000BED0204612F0C0FABAE71220B9E70120E8
:10A43000B7E700BF61CA03002DE9F0410B8A04466B
:10A440000D46002B3AD00668012105F10C0010F0F2
:10A450005EFF737B0746072B30D154F8043C6BB387
:10A4600000230178184E043C16F833004FEAC30865
:10A47000884206EBC30211D1298A5378994220D32E
:10A48000536829462046984703464644B278012A35
:10A4900014D19BB1397889B100220CE001331C2B17
:10A4A000E2D10846FFF796FB2122C24012F00102DA
:10A4B00004D119B10623204612F077FB0020BDE835
:10A4C000F0810423E1E700BFF06D04002DE9FF41B6
:10A4D0004FF000084FF4205305460E46006802A9CD
:10A4E000144617688DF80880ADF80A3010F0C1FFE7
:10A4F000A0B142F60103286803A98DF80C80ADF8DD
:10A500000E3010F0B6FF48B123691BB15A88B24231
:10A5100000D25E80012004B0BDE8F0816168286847
:10A5200010F0A7FF10B100232361F3E7E368A068F0
:10A530001A786AB1B7F82AC0798B038A8C4594BF20
:10A54000C3EB0C03C3EB0103934201DA0020E2E703
:10A5500004210C3010F0A1FE2061068023692946F9
:10A560005E80074B0194009338460023A26812F0E6
:10A570008CFC0028EADB2069003818BF0120CAE7FC
:10A580008BCB03002DE9F347176805468946006821
:10A5900051681446D7F804A010F06BFF80460028DD
:10A5A0004BD195222946504613F09DFB0646207557
:10A5B00040B1E3681B780BB184F81480002002B02E
:10A5C000BDE8F0872946504613F0E5FD10B9082391
:10A5D0002375F3E7A068267510F02BFE02210C30DE
:10A5E00010F05BFE164B2061A0F8009000930194E0
:10A5F000334629463846A26812F047FC002807DA9D
:10A6000010F1FF0F32BF0E204042C0B22075D5E7D7
:10A610002369002BD2D0A06812F036F97B8B7A8D9B
:10A620009A4294BFC0EB0200C0EB0300E3681B78C2
:10A63000984294BF00200120C1E70120BFE700BF7E
:10A6400099C80300F7B5002304460E460022694668
:10A65000284809F081FA0546D0B9FBF77FFC264B64
:10A6600029461A58254B00981A602C2219F04EFCE6
:10A67000009B00221C60009C0023C4E90155C4E932
:10A6800009551F4801A9019509F066FA054620B150
:10A690006FF00B05284603B0F0BD0146B0220198CB
:10A6A00019F034FC0198174B83605C3017F021FBE4
:10A6B000019B5433D3E8EF2FC3E8E15F0029F9D1C0
:10A6C000019B1C60636A019F1BB904F10C0017F029
:10A6D00010FB626A07F1A803C7F8A820A26A6362A8
:10A6E00002B9A3621722019B5A855A83043333604F
:10A6F000D0E700BF840A0020080000005C4B002067
:10A70000A00A0020600600202DE9F74F0646EFF36F
:10A710001187402383F31288BFF36F8F404C20468C
:10A7200012F0A8F823680546009387F31188BFF359
:10A730006F8F00285ED0FBF781FE182202FB00F32A
:10A740003849C81851F803B003690021D0E902471D
:10A75000019390F80480B0F806A019F0D7FBA87A0E
:10A76000FBF764FE6969814651B16A7AD00705D466
:10A77000D9F83020284612689268904700226A6112
:10A780002946484617F0CCFAB8F1000F22D00CB396
:10A790002368FBB11B68EBB1BBF1000F1AD1201D80
:10A7A00012F06EFC4046FFF715FA052812D8DFE8D4
:10A7B00000F024031124110304F15403D3E8AF3F44
:10A7C000DA0707D5A36D2BB10023174A04F17800EF
:10A7D00009F06CFE009B6BB13146002017F073FB53
:10A7E000002807DA002383F31188BFF36F8F032358
:10A7F000184602DF03B0BDE8F08F54F8543B1D68E3
:10A80000D4E8AF3FDB07E5D5002FE3D0002403E019
:10A8100028460199B8470134A3B25345F8D3D9E784
:10A82000644A00206C4A00201C4E0E0007B50B46FF
:10A8300000210246FBF792FB01910E4909580E4890
:10A840000068884204D00D48D0F8D000884201D179
:10A850000022134601A90A4809F07EF9014638B9D9
:10A860001C22019819F052FB019803B05DF804FB1B
:10A870000020FAE7080000005C4B00209043002015
:10A88000BC0A002010B50446806818B1FBF784FEAE
:10A890000023A3602146BDE81040014817F045B9E8
:10A8A000BC0A00202DE9F743044678300F46904655
:10A8B0001E4617F047FBA06D48B9201D00F028F890
:10A8C0001321606803B0BDE8F04311F069BD0F4B80
:10A8D00098424FF0000317D045684360A06DD0F850
:10A8E0001890FFF7CFFF00232068A36512F013F83C
:10A8F0003DB12068CDF8009043463A4631460068A5
:10A90000A84703B0BDE8F0831D46ECE7604B00208C
:10A91000F7B550F8044C0546002C55D000F1A401C1
:10A9200004F1240012F069F92E1F05F158070022E6
:10A930000023384609F0D0FA024658BB6B6D2BB1A4
:10A9400001466FF067033046FFF7ACFF002345F880
:10A95000043C05F15003D3E8EF1F21F00101C3E8E7
:10A96000E21F002AF7D1636A73BB04F10C060022D0
:10A970000023304609F0B0FA78B9666886B92146F6
:10A980001248266017F0D1F8286803B0BDE8F040FF
:10A9900001F01ABBFBF700FEC9E7FBF7FDFDE6E798
:10A9A000A26833689642636008BFA36077683FB1CE
:10A9B000B3696FF067010093002320681A46B84717
:10A9C0003046FFF75FFFD8E703B0F0BD840A0020F0
:10A9D00038B5836D044623B3164A934221D0CB6821
:10A9E000DD78F5B1052D406815D00F2D1AD1437AC9
:10A9F000012B17D8022111F017FD08B1103011D129
:10AA000004F1780017F09EFAA26D137C43F0010365
:10AA10001374002038BD437A032B03D8064AD15C57
:10AA2000E9E70E2500222B4611462046FFF73AFFA4
:10AA3000EFE700BF604B00200A9A040010B50C46F7
:10AA400008B301B312F04DFBE8B1436A3BB153F8D0
:10AA5000A82902B1A83A996D8C4206D062B9043097
:10AA6000214612F0CAF8204602E02046064A9A65BE
:10AA7000BDE81040FFF706BFD2F8A81001B1A83911
:10AA800013460A46E7E710BD604B0020F8B51D46A7
:10AA90000F461646FBF7D2FC1823044C03FB00407C
:10AAA0000123C0E90376C3800575F8BD6C4A002018
:10AAB00010B51846144603491022A04700EAE0707A
:10AAC00010BD00BFC8260020F8B506460F4600247A
:10AAD000094D15F8013CB34207D12946384612F01A
:10AAE000A8FC10B105482044F8BD1034A02C05F195
:10AAF0001005EED10020F7E7AD4B0020AC4B002055
:10AB0000F8B506460F460024094D15F8013CB3423E
:10AB100004D12946384612F08CFC30B90C34782C1C
:10AB200005F10C05F1D10020F8BD02482044FBE7F7
:10AB30001126002010260020F8B506460F460024F6
:10AB4000094D15F8013CB34207D13946284612F0A9
:10AB500070FC10B105482044F8BD0C34782C05F188
:10AB60000C05EED10020F7E73157002030570020C8
:10AB700038B514460D4B82680D469A4211D12279A0
:10AB80002168C06812F05DFC58B1D4F8C8302F2B92
:10AB900009D804EB83021581018901335181C4F87E
:10ABA000C830012038BD0020FCE700BFC1B0020062
:10ABB00038B50C4619466BB103F114055B698AB9C7
:10ABC000E268A360954200D1E36000230D681A4655
:10ABD0004B61A847A3685BB9601C0649BDE83840D3
:10ABE00012F063BC1360E3689D4208BFE260ECE7CB
:10ABF00038BD00BF5399040070B5204B14468268DD
:10AC00009A420FD1A568C66875B922793046216885
:10AC100012F017FC024628B11949013012F045FC28
:10AC200015701581012070BDE0680028FBD02B88CD
:10AC30008B420AD0F6D2E068A36801380433E060A2
:10AC4000003818BF0120A360EDE725682279294666
:10AC5000304612F0F6FB024660B93046084912F061
:10AC6000F0FB02460028E6D02946013012F01DFC18
:10AC700023791370A3685B881381DCE7C1B00200FD
:10AC800053990400F8B5054600260B4C2746621C74
:10AC900065B91046094912F0CCFB28B901360A2ED5
:10ACA00004F11004F2D100273846F8BD2846217877
:10ACB00011F0F5FBF1E700BFAC4B00205399040005
:10ACC00070B54A1C0C46054688B910460D4912F06D
:10ACD000B0FBA8B904F10A0604F10B025DB12846E5
:10ACE000A17A11F0DCFB00B90026304670BD09786E
:10ACF00011F0D5FBEDE71046024912F09AFBF2E79E
:10AD00002646F2E753990400F8B5054600260B4C99
:10AD10002746621C65B91046094912F08AFB28B91A
:10AD200001360A2E04F11004F2D100273846F8BD8E
:10AD30002846217811F0B3FBF1E700BF584C002002
:10AD4000539904002DE9F04106460F46904610F055
:10AD500075FE50B339463046FFF7D2FE054678B946
:10AD60000446134A104612F0F3FBC0B90C225443B8
:10AD7000104A601C3946104412F097FBA51816556E
:10AD8000012105F1080001FA08F112F078FBBDE895
:10AD9000F04147F612220023074809F087BB01342F
:10ADA0000A2C02F10C02DDD1EAE7BDE8F08100BF18
:10ADB0001826002010260020882600202DE9F041CA
:10ADC00080460F4616461D46FFF7B6FE044648B9B4
:10ADD0001649FFF7B1FE044630B3394600F8018B3F
:10ADE00012F063FB23899BB962899AB92681658138
:10ADF000254615F8010B294610F020FEA0B1224689
:10AE00002946BDE8F041042312F8080BFBF776BD94
:10AE1000B34204D86289AA4206D2B342E7D9638911
:10AE20002681AB42E4D2E2E7BDE8F0815399040009
:10AE30002DE9FF410E4617469846044628B96FF0A3
:10AE40001505284604B0BDE8F08102A910F0E9FA22
:10AE500005460028F3D1204601A90FF0F2FF019822
:10AE6000D0B9002002A9FFF767FE0446D8B9002E2A
:10AE7000E7D01149FFF760FE0446D0B1002302A9D4
:10AE800000F8013B12F011FB0422404604F10801D6
:10AE9000B84700EAE075D4E70A2229460DF0A8FA7F
:10AEA0000028DED0CBE7002EEED10660466086603B
:10AEB000C7E76FF00B05C4E75399040070B50E4B5C
:10AEC000144682689A4214D1C56821686E1C3046C7
:10AED00012F0AFFA18B13046616812F0E6FA0B359D
:10AEE0002846216812F0A5FA18B12846616812F0C8
:10AEF000DCFA012070BD00BFC1B0020008B51346E6
:10AF00008168074A914209D11A791968C06812F01C
:10AF100098FA18B10023036043600381012008BD43
:10AF2000C1B0020040F239120023014809F0BEBA54
:10AF30005027002008B50421084812F0A0FA6FF04D
:10AF40000201064812F0A6FA044812F001FBC307FA
:10AF500001D5FFF7E7FF002008BD00BF80270020D4
:10AF6000024608B50749013012F09FFA00230C325F
:10AF700002F8043CD2E8EF1FC2E8E03F0028F9D114
:10AF800008BD00BF539904002DE9F04706460D4661
:10AF90001D48002190461F469DF820A0DDF8249012
:10AFA000FFF744FC044688B1456080F811A0C0F862
:10AFB0001490C760C0F818804A465146304612F0D7
:10AFC000C2F8054638B92046FFF75CFC6FF00B0568
:10AFD0002846BDE8F087002201231146FFF756FD01
:10AFE0002846A56042464946B847054618B120465E
:10AFF000FFF748FCECE72146304612F09AF9054687
:10B000000028E5D0F3E700BF1C4E0E002DE9F04705
:10B01000284B1646826807469A422BD1C568AB8AF0
:10B0200043B34FF000086C1C05F11509B4F8073064
:10B030009BB12246304614F8011C11F030FAE0B9F9
:10B04000214614F8010CFEF707FB30B1437B072BB8
:10B0500008BF48F00108FDF7DFFE0A344C45E5D192
:10B06000B8F1000F06D1AB69A5F8148013B14146C1
:10B07000384698470120BDE8F08706F1700A51462E
:10B08000307A10F0DBFC78B90B4B9D4202D1304690
:10B0900012F0C7FB2046094912F007FA002304F812
:10B0A000013CA4F80730D8E75146204612F0FDF9DC
:10B0B000D3E700BFC1B00200C006002053990400CE
:10B0C0002DE9F0471F46BDF8203006468846D1F8E6
:10B0D0000C90002B46D17B1E012B46D8012F4946F0
:10B0E0000CBF15781588FFF7EBFD044678B915B944
:10B0F0003846BDE8F0874946FFF7E2FD0446B8B39D
:10B1000006F17001013012F0D0F9337A2370D9F8CA
:10B110001C30DBB9B4F808A02581B9F81430AB4273
:10B1200003D04946404612F016FAAA4505D000223F
:10B13000307A06F17001FFF705FE002DD8D10E49D7
:10B14000601C12F0B2F925702581D1E72A464146EC
:10B15000304698470028CCDB01380128DAD96FF057
:10B160000D00C6E76FF00600C3E76FF00C00C0E704
:10B170006FF01000BDE700BF5399040073B50C4693
:10B180000546082104F11000164612F078F9122342
:10B1900004223146CDE9003228462246024BFFF711
:10B1A000F3FE02B070BD00BF19D9030008B501213C
:10B1B000114812F064F910F0010F104B0AD1104A37
:10B1C0009A610D4812F0C4F9830713D4BDE8084012
:10B1D000FFF7A8BE1A8B588B012A4FF6FF7205D8CD
:10B1E000904207D04FF6FF725A83EAE790421983E4
:10B1F000E7D0F7E708BD00BF8027002030270020F8
:10B200000100FFFF10B56FF0020104460E4812F076
:10B2100041F90D4812F09CF9C20704D50022002321
:10B220000A4809F043F9204612F0B9F858B120460F
:10B23000FFF728FD38B1037ADB0704D5BDE81040DD
:10B24000012112F08EBB10BD802700205027002066
:10B2500070B500250A4C661C0A49304612F0E9F820
:10B26000014630B9204612F06CFB3146207812F0CE
:10B2700043FC01350A2D04F11004ECD170BD00BF70
:10B28000AC4B002053990400012110B51A4812F06C
:10B29000F6F8C3072ED40221174812F0F0F8084040
:10B2A00007D11649164A0B88164CA2421CD300B18E
:10B2B0000B801549154816F037FE40F2391200236D
:10B2C0001248FBF7EDFB1249124816F02DFE022141
:10B2D000114812F0D4F81148114916F025FEBDE8C6
:10B2E00010401048FEF726BB5068083203449BB25A
:10B2F0000120DAE710BD00BF4C4C0020A857002009
:10B3000040510400585104000FDC0300D8260020EF
:10B3100019B902005027002080270020882600202D
:10B320009FDC03009806002000234360044B021DAD
:10B33000596811B9C3E9002270470A605A60704722
:10B34000504C002003462DE9F04148B1008A38B93D
:10B3500001244FF0140C1149DFF844E0714501D38A
:10B36000BDE8F081D1E90076BB4204D30CFB067244
:10B37000143A93420ED93444A2B214460831EDE790
:10B380000CFB0578434507D001356219AE4292B2F5
:10B39000F6D1F2E70025F8E71046E1E74051040056
:10B3A000585104002DE9F74F99464FF6FF73BDF849
:10B3B00030500746002D08BF1D46244B90461B8881
:10B3C000009183423CD203B0BDE8F08F7368234400
:10B3D000BB4232D29CB208361D4B9E42F6D3F2E7F6
:10B3E00040468958019310F044F8019B90B1013414
:10B3F0000AF1010AA4B273685345ECD9009B9C4240
:10B40000E1D8BC42F3D30BFB0AF231688B18B8F1D8
:10B41000000FE5D1B9F1000F0BD1013D1846ADB2D7
:10B4200021460E9A0D9B9847002DCCD00028DED1E6
:10B43000C9E7DA689145DAD1EFE74FF0000ADAE7B9
:10B4400001244FF0140B034EC6E700BFA85700209D
:10B45000585104004051040030B5F1B010220021D1
:10B46000684618F053FD1822002105A818F04EFD7B
:10B470004FF41053ADF8103080231022ADF8123085
:10B480004FF480631D4D6946CDE906350DEB020092
:10B490006EAB0AF089FB0BAC014660BB4FF4C67281
:10B4A000204618F033FD2A4620466E9917F054FBCB
:10B4B00008BB23464FF6FF710120114A12F09CFB96
:10B4C000102220460F4904AB17F05BFB05466E982F
:10B4D0000AF024FB7DB908220A4B03F11001187809
:10B4E00011F8014D013A03F8014B0870F7D108211A
:10B4F000054811F0C4FF71B030BD00BF0002C003A9
:10B500006FD80300B8260020802700202DE9F041E5
:10B5100019490446A1F1300015461E46BDF81870C1
:10B5200016F023FD154812F013F8010707D4FFF7B2
:10B5300093FFFFF78DFE10211148FBF721FA2046FB
:10B54000FFF7A0FB68B1037ADA070AD500F10C0413
:10B55000204611F0FDFFC30703D40221204611F05D
:10B560008EFF10233A46069331462846BDE8F04147
:10B57000034B12F0ADB800BF082700208027002041
:10B58000B826002010B51B4811F0E2FFC0F3C00040
:10B5900080F0010408B9FFF75FFF164811F0D8FFEB
:10B5A0000346144811F0D4FFDA0621D5830608D5E6
:10B5B000F4B1FFF74DFEBDE8104010210E48FBF737
:10B5C000DFB920210B4811F05AFF10220A498818D0
:10B5D00018F0ABFC48B9094816F0B4FCBDE81040BF
:10B5E0006FF00101034811F055BFFFF7DFFDE0E701
:10B5F00010BD00BF80270020B82600205027002063
:10B6000008B51021034811F03AFFFFF7BBFF0020F7
:10B6100008BD00BF802700202DE9F041B8B00C46DE
:10B62000164621496A463E981F460FF0E6FB002861
:10B6300037D0009D01A928460FF003FC65B10198A1
:10B6400070B900230DF10808284641468DF81430E2
:10B650000FF0E7FE054650B16FF0150425461AE0DD
:10B660000A2200210CF0C4FE0028EAD0F4E7CDF84D
:10B670001080A4B1C022384608A9B047041EEDDBF3
:10B68000A40808ABCDE906344FF6FF710120074A44
:10B6900004AB12F0B1FA284638B0BDE8F081234679
:10B6A000F0E76FF01505F6E71B950400F9AB020013
:10B6B000002330B5B5B001918DF8080033930446EE
:10B6C00001AB0D4601204FF6FF71074A12F094FAC4
:10B6D000339B3BB19B0003AA29462046FBF73AF96E
:10B6E00035B030BD1A46F7E771AB02002DE9F341E2
:10B6F00000F17008CDE9001204460F46007A414679
:10B70000164610F09BF905466B464FF6FF71012077
:10B710000C4A12F071FA1DB14146207AFFF7C8FFBA
:10B720003946207AFFF7D0F940B13146013011F0A7
:10B73000BCFE1DB14146207A12F0DEF902B0BDE830
:10B74000F08100BFBDAE0200002307B50193FFF7F3
:10B75000F9FD411C89B20846034A01AB12F04CFACC
:10B76000019803B05DF804FBE3D303002DE9F8432F
:10B770001546894694226968064612F0B4FA804656
:10B78000002841D102223046696812F0E7FA002809
:10B790003DD000211F48AF8AFFF748F80237044622
:10B7A00080B11D211C4B47613A464174C0F80C80A2
:10B7B00043608561304611F0C6FC074638B9204623
:10B7C000FFF760F86FF00B052846BDE8F88301230A
:10B7D00042464146FFF75AF9A98A07F10C000231A7
:10B7E0000FF05BFD20F8029BAA8A296918F081FB03
:10B7F00021463046A76011F09CFD05460028E3D0A5
:10B800002046FFF73FF8DFE74FF0FF35DCE76FF04A
:10B810001505D9E71C4E0E00E9D3030070B50546A7
:10B820008AB03A4811F094FE42070C4667D515B12C
:10B830006B7B072B66D1666830460596FFF782FD65
:10B840002268ADF81800002A2FD005A902913049CE
:10B8500000230191012100914FF6FF710593FFF73D
:10B86000A1FD059E1EB96FF001000AB070BD6660B3
:10B87000002330688DF8103042F6030304A9ADF8B8
:10B8800012300FF0F6FD40B90598C3689B799B060E
:10B8900008D512F06AF9ADF81800059812F00CFA04
:10B8A000606028B96FF01500DFE70028E0D1DAE723
:10B8B000BDF818003DB10123014622462846A37574
:10B8C000FFF754FFD1E76FF07F0307930223ADF832
:10B8D000203042F60213ADF8123005ABA575029385
:10B8E0000C4B4FF6FF710193012304AA00932B46E2
:10B8F00009948DF81050FFF755FD0798B5E76FF0E4
:10B900000A00B2E76FF07F00AFE700BF70020020CF
:10B9100017D4030049BB020073B5044650F8083C35
:10B9200000F130056FF00101A0F1200628460193D7
:10B9300011F0B0FD0D4B002044F81C3C0C4B31467F
:10B9400044F8183C01AB44F8103C042324F8080CDC
:10B9500024F8060C24F80C3CFFF760FF18B902210C
:10B96000284611F08CFD02B070BD00BF0C6F0400C2
:10B9700005B202002DE9F047304B174682680646B3
:10B980009A4258D1D0F80C803C6808F1010508F1C2
:10B990001509B5F80730FBB12A46204615F8011CF9
:10B9A00010F07DFDC0B14FF495723146204612F083
:10B9B0009AF9A8B103280FD0052820460CBF4FF0F4
:10B9C000030A4FF0020A10F064FD824508D93B7962
:10B9D000534501D287F804A00A354D452BD0D8E74E
:10B9E0004146304611F0B7FD154B984523D1207ADA
:10B9F00004F17001FFF7A0F80546E0B103890BB927
:10BA00004389C3B12046FDF723FB2A890D4B0E491C
:10BA100023F820206A8903EB80035A80182202FB56
:10BA200000110B610423094A20464A60084A8B82B0
:10BA30008A60FFF7F3FE0120BDE8F087C1B0020085
:10BA4000C0060020285700207C4B00200C6F04000B
:10BA500007DA030070B504468AB0384811F078FD63
:10BA600042070D4663D514B1637B072B62D16E6824
:10BA700030460596FFF766FC2A68ADF81800002AE4
:10BA80002FD005A902912E49002301910121009197
:10BA90004FF6FF710593FFF785FC059E1EB96FF009
:10BAA00001000AB070BD6E60002330688DF8103060
:10BAB00042F6030304A9ADF812300FF0DAFC40B9E6
:10BAC0000598C3689B79DB0608D512F04EF8ADF8EF
:10BAD0001800059812F0F0F8686028B96FF01500AA
:10BAE000DFE70028E0D1DAE7BDF818002CB1014605
:10BAF0002A46204612F0C5F9D3E76FF07F0342F6DD
:10BB0000021207930123ADF8122005AA02920D4AF2
:10BB1000ADF82030CDE900324FF6FF71234604AA7C
:10BB200009958DF81040FFF73DFC0798B9E76FF0D5
:10BB30000A00B6E76FF07F00B3E700BF7002002095
:10BB400017D4030049BB02002DE9F84F14463F4BC0
:10BB5000826880469A4238D1D0F80C903C4B994587
:10BB60001BD100263B4D28463B4911F062FC78B9B9
:10BB70000722294615F8010CFDF796FD40BB236905
:10BB800029461A6915F8010C53881288FFF716F92F
:10BB900001360A2E05F10C05E5D109F1010709F17D
:10BBA000150AB7F80720A3899A420BD1394617F82E
:10BBB000010CFDF751FD064620B1437B072B0AD04F
:10BBC000FDF72AF90A375745EBD14FF0010B2AE070
:10BBD000FDF722F9DCE7D9F8203023B14146984738
:10BBE00008B93046ECE794224146304612F07BF823
:10BBF00083460028F5D1A389022B17D1B7F8073067
:10BC00009A0720D530462269A188FFF7AFFD054687
:10BC100018B92269937D013393753046FDF7FCF81E
:10BC2000002DA560CEDA5846BDE8F88F012B0AD169
:10BC3000B7F80730DB0706D530462269A18812F035
:10BC400020F90546E9E75D46E7E700BFC1B002001D
:10BC5000C0060020315700205399040073B5437B80
:10BC60000446072B0D461AD1061D4FF4803130468D
:10BC700011F005FCC30315D402232046CDE900339F
:10BC80002A460A4B0A49FFF77FF9044620B16FF4B0
:10BC90008031304611F0FEFB204602B070BD6FF0DF
:10BCA0007F04F9E76FF07704F6E700BF9FD5030044
:10BCB0001FD4030007B5437B0A46072B2CD14B68E2
:10BCC0003BB908234FF0040ECDE9003E144B154953
:10BCD00009E0012B11D0097B5B00019341B12023C6
:10BCE00011490093114BFFF74FF903B05DF804FBC6
:10BCF0000E230F4900930F4BF5E74B8933B10C230B
:10BD00004FF0040CCDE9003C0B4BE0E70A23022185
:10BD1000CDE90031094BDAE76FF07F00E5E700BFBE
:10BD200099D70300F1DE03004FD603000BD60300C2
:10BD30000FD60300E3D50300CBD50300B7D503002E
:10BD4000F8B5437B0646072B0C4643D1FEF7DCFFD4
:10BD50000546002841D08368002B3ED000221746BC
:10BD6000143B9C4209D018892189884208BF47F0BA
:10BD700001075B691BB1143BF3E70122F9E762B3EA
:10BD800004F1100011F0E4FB430703D521463046CF
:10BD900012F044F977B104F1140105F1080011F033
:10BDA00016FDAB681BB90E49681C11F07EFB57B934
:10BDB000002007E0214630460A4AA781FFF7DEF956
:10BDC0000028E8D0F8BD002321461A4630462568F1
:10BDD000A847EDE76FF07F00F4E76FF01500F1E79B
:10BDE00053990400B9D40300012370B500F1700524
:10BDF0008EB0044603902946007A8DF810300FF07B
:10BE00001DFE90B1227A1AB302AE042130460EF024
:10BE100022F8009624210F4A2B4605A8FAF7D0FCF9
:10BE200005AA10460C49F9F767FA4FF6FF71012091
:10BE30000A4A03AB11F0E0FE204610F02AFB9DF801
:10BE40001010884202D2204610F0EEFA0EB070BDFB
:10BE50000092DFE71E95040019B6020075B90200D2
:10BE60002DE9F0410D4B06461B680F46904623B165
:10BE700053F8044904B1043C0BB9BDE8F0811B68D8
:10BE80001BB142463946304698472CB1656805B12A
:10BE9000043D23462C46EFE72546FAE7504C0020A8
:10BEA000012337B50546009000F17001007A8DF846
:10BEB00004300FF0C3FD78B94FF6FF7101206B46D7
:10BEC000134A11F099FE0021284612F02BF908B907
:10BED000FFF76CF903B030BD2846FEF715FF0028C8
:10BEE000EAD08468002CE7D0143C04F11003184613
:10BEF00011F02EFB020709D4184611F029FB830725
:10BF000004D421462846034AFFF738F96469E9E773
:10BF100075B9020045D50300F7B504460D466B46DA
:10BF2000264A00918DF804004FF6FF71012011F0B0
:10BF300063FE29462046FAF71BFD002821DB29462F
:10BF4000204611F05FFC29462046FEF7BDFD08B1F2
:10BF5000FFF706F829462046FAF7F4FC002810DB24
:10BF60000026174F17F8013CA34204D13946284652
:10BF700011F05FFA38B91036A02E07F11007F1D191
:10BF8000002003B0F0BD0F4B1E44B368002BF7D068
:10BF900053F8144904B1143C002501E0234614462B
:10BFA0000022314610469D81FEF702FE002CE7D0AC
:10BFB0006269002AF2D0143AF0E700BFFDAE020039
:10BFC000594C0020584C00202DE9F74F04460346F9
:10BFD0004FF6FF7101203A4A04F1700611F00CFE91
:10BFE0003146207A11F025FE3146207A0FF026FDE9
:10BFF00050B1237A4FF6FF718DF8043001206B4663
:10C00000304A009611F0F8FD2046FEF77DFE074607
:10C0100040B92046FEF736FE054600283DD103B064
:10C02000BDE8F08F8568002DF3D055F81489B8F17C
:10C03000000F01D0A8F114084FF00009CA4601E032
:10C040004546984605F1100B6FF00801584611F06F
:10C0500021FA3146207A0FF0F1FC80B92B464A468E
:10C0600039462046A5F80CA0FEF7A2FDB8F1000F56
:10C07000CFD0D8F81430002BE2D0143BE0E758467C
:10C0800011F066FAC307E9D47B781BB13146781CFE
:10C0900011F00BFA05F11409E8E73146207A0FF0A8
:10C0A000CDFC28B9284603B0BDE8F04FFEF758BFD5
:10C0B0003146681C03B0BDE8F04F11F0F6B900BF7F
:10C0C0000DB00200FDAE0200034B42689A4204BF6D
:10C0D00083691982704700BFF1DE03007FB54FF41A
:10C0E00020520023ADF8162004AA02920A4A012029
:10C0F000CDE900324FF6FF7105AA04938DF8143094
:10C10000FFF750F9049B012B14BF6FF015000020BE
:10C1100007B05DF804FB00BF9FE1030010B50D4AB6
:10C12000D2F8EC301BB1D2F864327BB901234FF462
:10C13000BC7000FB0320084C5B42C0F8F0400020BC
:10C1400003F4BC73EC331A440A6010BD6FF00B00AB
:10C15000FBE700BF88270020846F0400014608B574
:10C16000084812F03AF850B9074812F036F828B1EA
:10C170000120064B404200F4BC70184408BD00206A
:10C18000F7E700BF8C270020042900208827002023
:10C19000084B00F5B8701A68074BD0E8EF1F9942BA
:10C1A00004D1C0E8EC2FBCF1000FF6D1D0E8AF0FFE
:10C1B000704700BFC04900208827002008B5FFF75E
:10C1C000E7FFF0B1026842B1436833B1836813B945
:10C1D0000F4B1B783BB904200CE00D4B1B7813B1BF
:10C1E0000AB183687BB98169436821B1181E18BF01
:10C1F0000120800008BD43B9002A14BF002003209D
:10C20000F8E70320F6E70120F4E70220F2E700BF99
:10C2100083580020002370B51A460446EC300D46C2
:10C2200010F090FA20B12846BDE87040FAF7B4B992
:10C2300004F5A0700023BDE87040014A08F036B94B
:10C240001C4E0E0038B50446051D0821284612F084
:10C250000CF8064904F15700FCF76AFC20B12846A7
:10C26000082111F0F5FF082038BD00BF3BE70300AF
:10C2700038B50546EC22002117F048FE102105F1E3
:10C28000270004F031FE044648B90521284611F084
:10C29000ECFFFCF73FFC034B1860204638BD082438
:10C2A000FBE700BFF84C002070B5051D0E46284680
:10C2B000042111F092FF68B10022002100230846FA
:10C2C000FDF78CFB044638B90421284611F0CDFF58
:10C2D000204670BD034AF0E701210C300EF0DDFF6F
:10C2E0000670F5E71C4E0E0070B504460E4686B08B
:10C2F000FFF74EFF04F137021146F368054603F1DC
:10C30000100053F8046B834241F8046BF9D1237A8F
:10C31000052B40D8DFE803F0172323033F6502AB6A
:10C3200045490093096804F1270304F1570001F01F
:10C33000A9F880BB0A21201D11F097FFAB68029974
:10C34000D4F8EC00984720460D2111F08EFF201DF7
:10C35000102111F08AFF204611F0BCFF19E094F87B
:10C36000DC10D4F8D83002ADCB40334903F00103E0
:10C370000095096843F0800304F1570012F069FB4F
:10C3800048B91022294604F1170017F0CEFD20B15C
:10C39000042006B070BD0820FBE70321204611F001
:10C3A00064FF11F097FF0028F5D194F8DC300133D9
:10C3B000DBB2142B84F8DC3009D10D21204611F0BA
:10C3C00054FF1021201D11F050FF0020E1E7102143
:10C3D00004F1270004F088FD003818BF0120C000D8
:10C3E000D7E7102104F1270004F07EFD0028D2D108
:10C3F00005B3EB68F3B1114BE27A1B8812F0010F21
:10C40000ADF80830A37C08BF0320DB0703D5002864
:10C4100014BF0120022000238DF80900C4E938333D
:10C42000201D0C2111F021FFEB68D4F8EC0002A9CB
:10C430009847CAE70220ACE7F84C00207457040084
:10C4400073B5047A0546022C23D844B190F8DC3049
:10C45000D0F8D840DC4004F0010444F0800403210B
:10C460002846FFF721FF0646A8B110210C300EF038
:10C4700014FF00900F482346006805F1270205F1DC
:10C48000570112F0E6FA044650B13046FAF784F844
:10C4900001E0032C02D0082002B070BD0024DEE7CA
:10C4A00031462846FFF7B6FE281D214611F0D0FE82
:10C4B0002046F1E7F84C0020F7B50446FFF768FE88
:10C4C000261D05460E21304611F087FE38B9504B27
:10C4D0002022196804F1570017F027FD90B30C21B2
:10C4E0002046FFF7E1FE074660B340210C300EF016
:10C4F000D4FE474B02461B68014603F1200053F867
:10C5000004CB834241F804CBF9D1203203F120015E
:10C5100053F8040B8B4242F8040BF9D139462046FC
:10C52000FFF778FE237A052B0CD8DFE803F0034FE2
:10C530000E030B6C0421204611F097FEFFF780FFDD
:10C54000002852D0082003B0F0BD2046D4F8EC708B
:10C55000FFF71EFE4FF0FF330546019370B904212B
:10C560000DEB010004F0C0FC0028EBD1019B294831
:10C57000B3FBF0F100FB113001900EE08369002B5A
:10C58000EDD038469847244AA0F57423A3F51073DC
:10C5900093420190D6D9431CE1D00023C4F8D800BF
:10C5A00084F8DC3055B12B6843B10B21304611F0D3
:10C5B0005CFE38462B68D4F8D810984703212046F3
:10C5C00011F053FE0E2111F050FE0EE02046032123
:10C5D00011F04BFE0E2111F048FE30460A2111F0F9
:10C5E00044FE6B68D4F8EC0098473046072111F000
:10C5F0003CFE0820FFF7B2FD40B9204603B0BDE87D
:10C60000F040FFF71FBE04212046DCE700209AE738
:10C61000F84C002040420F00BEBDF0FF70B505464B
:10C620000E4605F15704FFF7B3FD2246F36803F108
:10C63000200153F8040B8B4242F8040BF9D105F1A9
:10C64000770203F1200153F8040B8B4242F8040BEC
:10C65000F9D12046FCF7BCF918B3281D0E2111F0C2
:10C6600004FED5F8EC40D4F8A00080B9207A04F19B
:10C67000700100F053FCC4F8A00040B9104B1C68D6
:10C68000B4B9281D062111F0F0FD204608E0438AC8
:10C6900003F02403002BF1D0437C9B07EED403204E
:10C6A00070BD2046FCF7A0F90028E7D10B20F7E782
:10C6B0002846FFF701FF003818BF0120C000EFE750
:10C6C000F84C002038B5134B05461B78E3B101F058
:10C6D0000F042846FFF772FD0F4B03281B780CBF91
:10C6E00004F00B0444F0040405F5BA70D0E8EF2F11
:10C6F000013203D1C0E8E13F0029F7D1D0E8AF3FD4
:10C700002BB144F0010038BD01F00704E1E704F06B
:10C71000FE00F8E7835800202C0A0020F8B50D46EB
:10C720000446D0F8EC70FFF733FDED68EB78102B82
:10C7300001D00620F8BDD7F8A030002B73D0261DFD
:10C740000F21304611F049FD20B92046FFF790FD3A
:10C75000002871D1012363722B682046C4F80A3087
:10C76000AB88E38102232374A978FFF7ABFFE07461
:10C770002046FFF723FD1023607423752B7903F007
:10C78000030363756B7903F00103A375E37C1A0758
:10C7900054D40521304611F020FD00285CD0574BC1
:10C7A0001B78A374E37C980606D5AB78990603D56D
:10C7B0001421304611F059FDE37CDA074ED5AB78F1
:10C7C000DB074BD50D21304611F04FFDA37D032132
:10C7D00084F8E830637D304684F8E93011F045FD97
:10C7E000237BE17C2D7803EA0102100704D5E27A6D
:10C7F000A07C0243D20735D4042D35D80B4313F067
:10C80000040307D02046FFF7D9FC3D4B05EB850517
:10C810002B441B5C23722046D7F8A01011F0E3FCD8
:10C8200020BB032086E7387A07F1700100F076FB21
:10C83000C7F8A000002882D108207BE7AB781B074F
:10C84000A7D50521304611F010FD637D03F00203EA
:10C8500063750023A3759CE72A4BA1E7002363754A
:10C86000A375B3E70523D5E70023D3E7D4F8EC306D
:10C870009B7A032B33D022D8013B012BDCD8052136
:10C88000304611F0AAFC0028CBD00C21204611F034
:10C89000ECFC0221FFF708FD05460028CCD006215C
:10C8A0000C300EF0FAFCD4F8113029460360B4F8CD
:10C8B000153083802046FFF7ADFC00203AE7042BBB
:10C8C000BAD1237D627B934228BF1346102B7FF49D
:10C8D00030AF0521304611F080FC0028A1D0237A2A
:10C8E000002B9ED00521304611F077FC0028C6D1E0
:10C8F000237A013B012BC2D893E700BF8558002063
:10C900002E9A04008458002038B504460D49A0F141
:10C91000EC05543015F008FB284611F018FE0A4AC1
:10C9200004F18403D3E8EF1FC3E8E02F0028F9D116
:10C930004FF0FF338834D4E8EF2FC4E8E13F0029FB
:10C94000F9D138BD79E80300882700202DE9F041AE
:10C95000C7780446012F04D06FF015042046BDE8C7
:10C96000F08111F033FC0546002800F0A980061D77
:10C970000421304611F031FC002840F0A48003214E
:10C98000304611F02AFC10B16FF00F04E6E739468B
:10C99000304611F022FC0028F6D12846FFF7F8FBBC
:10C9A000D5F8EC3007469B7A032B40D030D8013BBA
:10C9B000012B46D90F21201D11F00FFC0028CBD1EF
:10C9C000D4F8A00090B904F170073A462020217AEB
:10C9D00000F07CFBC4F8A00040B93A460420217A5C
:10C9E00000F074FBC4F8A0000028B5D0438A13F00F
:10C9F000240FB1D0A27A022A23D9417CC907ABD532
:10CA0000032A1ED09B06A7D5037C102BA4D118E0C7
:10CA1000042BCFD12846FFF7D1FB032804D1002FE8
:10CA2000C8D0FB68002BC5D0284B1B7807E02846F0
:10CA3000FFF7C4FB032804D1002FBBD0FB68002BF9
:10CA4000B8D0D4F8A0303BB12846FFF711FC04461B
:10CA500070B16FF0680481E7207A04F1700100F092
:10CA60005DFAC4F8A0000028EED16FF00B0475E762
:10CA70000B212846FFF718FC07460028E9D00121C2
:10CA80000C300EF00AFC092180462846FFF71AFEFA
:10CA90002346224688F80000394605F1EC000FF0E5
:10CAA00051FE044618B13846F9F776FD56E7304690
:10CAB0000F2111F0DAFB0121284611F0D6FB4DE7DA
:10CAC0006FF07F044AE76FF0040447E783580020C3
:10CAD000F8B5D0F8EC400546D4F8A030061D002B80
:10CAE00074D079BB0D21304611F077FB074620B199
:10CAF000D4F8A00008B111F08CFF374B1B6823B1AC
:10CB000053F80C6906B10C3E73B9284611F01FFDAD
:10CB1000637B072B5ED1627AA37A9A425AD0204671
:10CB2000BDE8F840FFF712BF1B6813B13946204635
:10CB300098472EB1F26802B10C3A33461646E3E745
:10CB40003246FAE70139C9B20E2998BF234A1B7C45
:10CB50008CBF0927575C002B31D1D4F8A00011F00D
:10CB600045FF0023C4F8A0300221304611F035FB08
:10CB700048B9072F94BF1A4B1F213A46204698BF49
:10CB8000D95DFCF707FD0321304611F026FB002894
:10CB9000BBD0114B1B68002BB7D053F80C6906B102
:10CBA0000C3E002BB1D05B6813B139462046984744
:10CBB00076B1F26802B10C3A33461646F1E702212B
:10CBC000304611F00AFB0028C7D1CDE70927CBE793
:10CBD0003246F1E7F8BD00BFB84900201F9A0400B3
:10CBE0000E9A0400174B10B5044618604FF0FF3240
:10CBF0004FF0FF33144807F0ADF8144807F05CFC21
:10CC0000114807F019F9DCB10621114811F0E5FAD5
:10CC100038B11048FFF750FC18B108210D4811F049
:10CC200045FD06210C4811F0D8FA48B10B48FFF732
:10CC300043FC28B1BDE810400821084811F036BD7A
:10CC400010BD00BFF84C0020E4060020F8060020CC
:10CC50008C2700208827002004290020002900209C
:10CC60002DE9F0410B8A04460E46B3B3012106F1CB
:10CC70000C000EF04CFBA4F1EC05E83C0746042147
:10CC8000204611F0AAFA40BB39780E2925D8DFF8E2
:10CC9000508058F8313023B90721284611F006FD9D
:10CCA0001BE0284611F040FC30B90321204611F06A
:10CCB00094FA90B10821F0E73B78318A08EBC3027F
:10CCC0001279914201D00A21E7E73146284658F807
:10CCD0003330984701460028DFD10020BDE8F081BD
:10CCE000AC6F04002DE9FF4190F8E930CF6823F0E4
:10CCF000020380F8E9303B780446D0F8EC6023B1B9
:10CD0000BB7903F0C003C02B73D106F17008072272
:10CD10003946404617F009F988B13946307A00F0B3
:10CD20004DFA054658B10146204611F05CFA18B993
:10CD3000082004B0BDE8F081284611F057FE0D210F
:10CD4000201D11F04AFA00283FD042460220317AD5
:10CD500011F038FE05460028EAD0F378002B41D1C7
:10CD600006F17E031878012827D19A7902F0C002D3
:10CD7000402A22D1D3F80120C5F83E20B3F805306F
:10CD8000A5F8423096F87030BBB196F8763003F0D3
:10CD9000C003C02B11D0194901AACDE90187039521
:10CDA000FCF7FAF83B683046C5F80130BB88A5F8B7
:10CDB0000530BB79EB71FCF7BDFB00212846FAF783
:10CDC00027FEC0B92846FAF735FE94F8E9305B072C
:10CDD00003D50A21204611F048FAB4F8E81021B131
:10CDE0000020A6E706F17703BCE72046FFF770FEB8
:10CDF000F6E70A209DE703209BE700BF85E50300D7
:10CE00002DE9F0410546A0F1E80604460F463046FC
:10CE1000012155F8EC8911F087FB00285BD0DFB1C8
:10CE20000321304611F0D9F9002854D03846FAF7DA
:10CE3000BDF90138C0B208288CBF00242B4B4FF03D
:10CE4000020198BF1C5C304611F00FFA21462846BB
:10CE5000BDE8F041FFF73CBE98F80B30002B3AD00C
:10CE60000321304611F0B9F920B92846BDE8F04158
:10CE700011F06DBB0521304611F0AFF9B8B114F8CF
:10CE8000043C1F0707D514F8033C180703D51121EC
:10CE9000304611F0EAF914F8043C23F0080304F8D2
:10CEA000043C14F8033C23F0080304F8033C14F892
:10CEB000033CD90711D50621284611F0D6F90221E5
:10CEC000304611F0D2F92368D3F8A0301BB134F802
:10CED000041C0029BBD0BDE8F0819A0701D50821C8
:10CEE000EAE75B07EBD50A21E6E700BF169A0400E4
:10CEF000012208B5034B04481A70FBF7ADFD002072
:10CF000008BD00BF83580020000700204FF41072B6
:10CF10000021014816F0FABF044D00202DE9F74F1B
:10CF200007460E4600250824DFF8188118F8013C52
:10CF3000BB420BD13146404611F035FD30B148239C
:10CF40003A4803FB050003B0BDE8F08F082C06D17A
:10CF50004046374911F027FD002818BF2C460135FF
:10CF6000082D08F14808E1D1082C304D40D14FF090
:10CF70000008A9464446C346EA46524601202D49C8
:10CF80008DF800B08DF80180FCF706F89DF80030B0
:10CF900033B944B3D9F84420636C9A4238BF4C4645
:10CFA00008F10108B8F1080F09F14809E5D1C4B149
:10CFB000D4F80100B4F80520E379009051462078B8
:10CFC00004F10108AAF804208AF80630FAF7CAF832
:10CFD0004046174911F0E7FC18B1641BB4F5FC7F1B
:10CFE00003D90020AFE74C46DAE7134BE4105C436B
:10CFF00048235C432F553168621CA950AB18B28896
:10D0000028199A80B2790D349A711123062203737C
:10D010002A5500222B19A3F80120084A136801336E
:10D0200013604364064B18608DE700BF044D002079
:10D0300053990400F9D10200398EE338004D0020E5
:10D04000FC4C0020054D00202DE9F34105460E461D
:10D0500017460D4C04F51078638A7BB12378AB42F8
:10D060000CD1D4F80100B4F80510E2790090ADF8C5
:10D070000410684639468DF80620B04748344445C8
:10D08000EAD102B0BDE8F081044D00202DE9F04165
:10D0900005460E461746074C04F51078638A2B4266
:10D0A00002D039462046B04748344445F6D1BDE861
:10D0B000F08100BF044D002008B500220220024983
:10D0C000FFF7E4FF002008BDB7E903002DE9F041B8
:10D0D00006460F46904600240C4DB5F811303342F9
:10D0E0000CD015F8013CBB4208D14146284611F04E
:10D0F0005AFC18B106482044BDE8F0814834B4F524
:10D10000107F05F14805E8D10020F5E7054D002026
:10D11000044D00202DE9F0410B780746012B0D4608
:10D1200002D00020BDE8F0818B7903F0C003402BD2
:10D13000F7D100241E4E01F1010836F82C3C9A0765
:10D140000CD516F83E3CBB4208D10622314640467B
:10D1500016F0EBFE10B917482044E3E74834B4F565
:10D16000107F06F14806E8D10024134E05F10108AE
:10D1700036F81C3C9B0714D516F82E3CBB4210D148
:10D18000414630460EF03AF958B10A4BD5F8010045
:10D1900004F13E029850D118B8F80420E0188A80B3
:10D1A000C0E74834B4F5107F06F14806E0D1B8E78F
:10D1B000424D0020044D0020324D0020F8B50646B7
:10D1C0000F4600240A4D15F8013CB34207D13946F9
:10D1D000284611F0E8FB10B106482044F8BD483459
:10D1E000B4F5107F05F14805EDD10020F6E700BF4A
:10D1F000054D0020044D002038B5427B0C46072A1F
:10D2000010D1057A0FF073F901462846FFF7D6FFD3
:10D2100040B148216278044B01FB0233984204BFBD
:10D220000123237038BD00BF044D0020F0B5064631
:10D230001446184693B0002E51D03C2203A9A047B3
:10D24000041E4CDB304601A90EF0EBF80546002821
:10D2500045D1694630460DF0F4FD0098002838D1DC
:10D26000002C3FD0002001A9FFF758FE03460028FC
:10D2700000F086803C2C9DF80C2053D0102A3ED81C
:10D28000382C69D140F2116203AEC26000F1100483
:10D2900011AF324603CABA4220606160164604F1FB
:10D2A0000804F6D1D97BB3F80D2042EA0142062AE0
:10D2B00052D15A7CD10705D512F0300F04BF22F0AD
:10D2C00001025A745A6C304B19688A4214D91A6098
:10D2D00012E00A2229460BF08BF80028C0D06FF02C
:10D2E000150509E021463F2001AAFFF7EFFE18B11E
:10D2F0004822214616F00AFE284613B0F0BD382C0D
:10D300002AD103AE00F10C0411AF324603CABA426F
:10D3100020606160164604F10804F6D11A7B112AD8
:10D32000C0D019E0102A1BD840F2116203AEC260CF
:10D330000FAF00F11002344603CCBC4210605160C4
:10D34000264602F10802F6D1206810605A8A02F0DF
:10D35000220190065982A5D4184611F047FBBEE77A
:10D3600003AA00F10C0411AF164603CEBE422060A2
:10D370006160324604F10804F6D130682060CDE7E0
:10D380006FF00B05B8E700BF004D002008B5FFF7B0
:10D3900015FF48B1054A1368834205D0044910605F
:10D3A0000B6801330B60436408BD00BFFC4C0020D8
:10D3B000004D00202DE9F0438446894616462F4C47
:10D3C0009BB01D46DDE923870CAB04F1300E1A46F5
:10D3D00020686168083403C274451346F7D1206899
:10D3E00061461060227904A81A71202211F019FBFD
:10D3F0006B462022224804A900F072F80446C0BB04
:10D40000102249460DF1350011F00BFB1022314678
:10D410000DF1450011F005FB294611F8013B0622EC
:10D420000DF156008DF8553011F0FBFA22990622C5
:10D4300011F8013B0DF15D008DF85C3011F0F1FA4F
:10D440004346352268460CA900F04AF8044680B9E4
:10D45000404611F0F0FA012335228DF8303068464D
:10D460003B460CA900F03CF8044610B9384611F0D0
:10D47000E2FA20461BB0BDE8F08300BF76570400F7
:10D48000479A040070B50E461D46144698B00146F2
:10D49000202204A811F0C5FA202231460CA811F070
:10D4A000C0FA1022294614A811F0BBFA1022214616
:10D4B000684611F0B6FA6B465022684604A900F09F
:10D4C0000FF840B9039B054A1BBAB3FBF2F102FB0C
:10D4D00011331C9A136018B070BD00BF40420F009A
:10D4E0002DE9F0418EB007460C4615460021182262
:10D4F00008A81E4616F00AFD4FF41053ADF81C3074
:10D500008023ADF81E304FF44063DFF844801022D2
:10D51000CDE90938394605AB07A808F045FB20B12D
:10D520006FF004000EB0BDE8F08106AB029310234B
:10D5300022464146CDE9006305982B4615F04EFB87
:10D540000446059808F0EAFA2043EBD0E8E700BF6C
:10D550000002C00310B5094C0A44914200D110BD2D
:10D5600011F8013B58400309E35C0001C0B243409D
:10D570001809205C1B01DBB25840EEE7579A040003
:10D5800030B50D4D85B04FF0FF324FF0FF330B48F3
:10D5900001A906F07BFB0028F5D1094CAC42F2D280
:10D5A000236813B1019A934203D1D4E9013101A850
:10D5B00098470C34F2E700BF0C520400F00B002037
:10D5C00000520400F0B517461E4685B001909DF844
:10D5D0002800DDE90C5423462C432A468DF8080028
:10D5E0008DF80910ADF80A70039608D0F8F7B6FC6C
:10D5F0000849D1F8D040084909588C4201D100228D
:10D600001346064801A914F0E0FA00EAE07005B0FC
:10D61000F0BD00BF9043002008000000F00B002088
:10D62000002330B50E490F4CA14201D3002030BD7C
:10D630000A68934204D010694BB903801069438093
:10D64000106908314388013343801346ECE71D69B4
:10D65000B5F9025005801B691069B3F90230EEE795
:10D6600080520400985204002DE9F04F054693467D
:10D6700000261F460369DFF87090B3F90280B3F902
:10D680000040DFF868A087B023B2984501DC30463F
:10D6900026E059F834305A6812783AB11AF8042062
:10D6A00022B905951A782AB1012A07D030460646D4
:10D6B0000134E9E728469B689847F7E79B685A4694
:10D6C000019302A83B4614F058FEDDE902230198BD
:10D6D00005A914F07AFA0028E8D010F10C0FE6D171
:10D6E00007B0BDE8F08F00BF84520400380E002060
:10D6F0002DE9F84F0A9F05469146984614F06DFCB7
:10D700000446A0BBF8F72AFCDFF868B0064650F8DC
:10D710000B0014F068FC3860EFF3118A402383F3A8
:10D720001288BFF36F8F2B69D9693B688B4207DD85
:10D73000013956F80B0021EAE17107F033F90124B1
:10D740008AF31188BFF36F8F286904304A46434635
:10D7500006F032FC054638B134B1F8F7FFFB054B53
:10D760003968185807F01EF92846BDE8F88F0024DC
:10D77000EAE700BF080000002DE9F04387B0044647
:10D7800089461546984614F028FC08B10025A8469D
:10D7900043462A4602A814F0CBFDDDE90267E368A0
:10D7A00023BB0E23059305AB2A4600932046434630
:10D7B000FFF79EFF054600BB49466268206816F0E9
:10D7C00098FB32463B462046FFF74EFF0546206950
:10D7D000059E043006F0B6FB0D2E0EDCF8F7BEFBFE
:10D7E000084B1858314607F0DDF806E048466168F6
:10D7F00098470028D5D16FF02205284607B0BDE82C
:10D80000F08300BF080000000122024BC3F804248B
:10D81000704700BF002008E0084B70B5C31A0D46E2
:10D8200007499B10044659434022064811F0CAF9A3
:10D830002B4601462046BDE870401847584F00204F
:10D84000B76DDBB614440400402373B50B4C009352
:10D85000041B0B460D460A49A41061430646094ABB
:10D86000094811F0DAF9014628B130462B4602B0DA
:10D87000BDE87040184702B070BD00BF584F00208F
:10D88000B76DDBB689EC030014440400F8B5002240
:10D890000121054640F20510F8F706FA0F4803F09B
:10D8A000E3FB0446B8B913F017F82F690C49384662
:10D8B0000CF092FB031E09DB01263E642D6908492A
:10D8C00005F11C000CF088FB031E02DA1C46204602
:10D8D000F8BDEE64FBE76FF00404F8E719DA020024
:10D8E0002470040010B50022012386B06C46CDE9F7
:10D8F000022304ABCDE90433074A6B46CDE900446B
:10D9000011F0BBF928B943F609520023684606F026
:10D9100053FB06B010BD00BF9DEC030010B5EFF344
:10D920001184402383F31288BFF36F8F074A136873
:10D9300023F00201DB07116002D4012012F0C6FFC0
:10D9400084F31188BFF36F8F10BD00BFA84F002074
:10D950000C22104B014602FB0033002030B4D3E907
:10D960000E529863EFF31180402484F31288BFF3C2
:10D970006F8F1C6C04F0C00444F002041C6480F33C
:10D980001188BFF36F8F1DB12B4630BC024818477A
:10D9900030BC7047584F00201444040010B4EFF31B
:10D9A0001180402282F31288BFF36F8F17490B68F2
:10D9B00043F0020413F001030C6017D0144BD3F8AA
:10D9C0000C3413F4803311D0EFF3118182F31288F9
:10D9D000BFF36F8F0F4A136C03F0C00343F00203D1
:10D9E000136481F31188BFF36F8F012380F31188D3
:10D9F000BFF36F8F23B100205DF8044BFFF7A8BF82
:10DA000001205DF8044B03F01FBB00BFA84F0020AE
:10DA100000E01050584F0020022808D0042808D1F8
:10DA2000044B186C10F0070003D1FFF791BF0120E1
:10DA3000FBE77047584F0020C3B21C20014A00FB8F
:10DA400003207047584F00202DE9F0410122804605
:10DA50003549D1E8EF3FC1E8E02F0028F9D133B9CB
:10DA6000324933484B60CB608A600CF0C8FA08F149
:10DA7000FF33012B4BD8B8F1010F06D12D4BD3F852
:10DA8000503403F00303012B41D014F0A6FA0546ED
:10DA900050B1EFF31186402383F31288BFF36F8FE9
:10DAA0000125244C244F20E0244B1B78002BF0D080
:10DAB0000422204B0646C3F80823F2E74DB3304654
:10DAC0000DF031FBD4F8403413F0FF030DD1D4F83E
:10DAD000082152B1C4F80831D4F8083120220123BA
:10DAE000C4F84034C7F8A0212361D4F84C24D4F8FA
:10DAF0004C34D203E2D503F00303012B02D0B8F17A
:10DB0000010FDBD155B186F31188BFF36F8FBDE8EC
:10DB1000F0810021202014F019FBD3E70422054BEB
:10DB2000C3F80423F3E700BF544F0020444F002004
:10DB3000744F002000E0105000E100E0E05D0020A4
:10DB40000023024A0020C1E90023704700D01700DB
:10DB50000048704740700400024B0B6001231360C3
:10DB6000704700BF4870040008B5012205481146FF
:10DB700014F0F2F803F0C2FA034B044A0020C3F891
:10DB80000C2508BDAC4F002000B004508000008080
:10DB900038B542F201030F4D1446C5F80035A1B166
:10DBA00016F0A7F9BFF35F8FD5F81834DB0706D45A
:10DBB000C4F308041CB10123AB60BFF35F8F4FF4C3
:10DBC0000052044BC3F8002538BDFF2116F09EF922
:10DBD000E8E700BF00B00450F0B5051E0F4614463C
:10DBE00087B033DB1B4B9D4230D8C5F5BE1303F520
:10DBF00080539A422AD8FAB14FF0FF324FF0FF33E8
:10DC0000154806F0D9F912F06AFE0646B8B10123AC
:10DC10008DF81430114B4FF4FA50009302AB04947A
:10DC20000193CDE9027503F071FA684603F074FAC6
:10DC30000446094806F086F9204607B0F0BD2246A2
:10DC400039462846FFF7A4FF3446F2E76FF0150483
:10DC5000F2E700BFFFCF1700AC4F00209BED0300A1
:10DC600010B50C1E10461A460CDB084B9C4209D816
:10DC7000C4F5BE1404F58054A24203D816F039F955
:10DC8000002010BD6FF01500FBE700BFFFCF1700AD
:10DC900070B546680546B068C0B113F025F9014675
:10DCA000A0B9B06803F040FD0446A8B902460C498B
:10DCB000B06813F003F922460121DB20F7F7F4FFE7
:10DCC0002246012140F20D10F7F7EEFF2846BDE88D
:10DCD000704004490CF08EBE6FF0040070BD00BFB0
:10DCE00065DE0200BDEE03002DE9F04340F206358B
:10DCF0004768D00648BF4FF0030C3B7C02EA05059D
:10DD000058BFC2F3401C87B001F01F06B5F5837FF2
:10DD1000144646EA43168DF803C045D00DD8062DAB
:10DD200044D005D8A5B1022D12D06FF0150038E00F
:10DD3000B5F5807FF9D101250AE040F20222954233
:10DD400036D0B5F5407F35D0B5F5007FEDD104254F
:10DD5000220331D501237A688B405360B86890BBA9
:10DD60005F2E06F01F034FEA561175D83C4A52F851
:10DD70002120C4F3004102EB8302D2F8803081F00D
:10DD80000101C4F3404423F4706344EA410423F0E6
:10DD90000F031C4344EA8C0444EA0524C2F8804083
:10DDA000002007B0BDE8F0830925D1E70825CFE7BB
:10DDB0000625CDE70525CBE7630341BF01237A683C
:10DDC0008B409360CAE731460DF1020213F079F8F7
:10DDD00014F4403F80460CD13146B86813F08AF8FD
:10DDE000B8F1000FDCD19DF80210B86803F0D4FC44
:10DDF000D6E74FF0000901ABCDE90199CDE904392F
:10DE0000CDF80C903146B86803AA12F0A3FF48453C
:10DE1000C6DB14F4003314D09DF80330C4F300447F
:10DE200084F001048DF80E308DF80C508DF80D4003
:10DE30004B463146B86803AA03F000FC0028CFDA4D
:10DE4000AEE7CDE904330DF1030303933146B8681F
:10DE500003AA12F07FFFF1E7203350F82330FFDEF2
:10DE6000507004004209022A034670B503D0012A0B
:10DE700018D0CAB170BD0E4E326951680029F9D070
:10DE8000012503F01F030C689D400029F2D08A6829
:10DE90002A4002D030464B6898473CB1236821465F
:10DEA0001C46F2E7034EE7E7034EE5E72346F6E7B5
:10DEB000744404005444040034440400F0B544683D
:10DEC0001646A068227C01F01F0587B045EA42157E
:10DED00000286CD0B6F5001F04D1294613F05CF879
:10DEE000002055E06268607CB6F5800F50624FF00C
:10DEF000000001AA0190506039D1B3F1007F14BF36
:10DF0000052304238DF804300023CDE90423039373
:10DF1000E3680DF1030723FA01F111F0010139D192
:10DF2000B6F1A07F36D105F01F035F2D4FEA5510E3
:10DF300003F120033ED8214A52F8202052F8233022
:10DF4000DB0727D43A462946A06812F0BAFF1630FC
:10DF500018D002972946A06803AA12F0FBFE0028F9
:10DF600016DB01222946A06812F0C6FFB8E7B3F11C
:10DF7000C06F05D0B3F1007F14BF01230223C1E7B6
:10DF80000323BFE73946A06803F010FC0028E0DA5D
:10DF900007B0F0BD3A462946A06812F092FF00286B
:10DFA000D8D19DF80310A06803F0F6FBD2E76FF01C
:10DFB0008500EDE751F82330FFDE00BF507004000C
:10DFC0002DE9F0411B4813F053FD78B34FF00008E2
:10DFD000184D194CAF682E6921786368DA0207D5AD
:10DFE00013F4402F1EBF43F3000202F440225340BB
:10DFF0004FF0010C306823F480120CFA01FCDB07AF
:10E000004CBF40EA0C0020EA0C0030603B68284618
:10E010009847002808DB08F10103022B4FF00108A4
:10E0200004F10804D8D10020BDE8F0816FF012009F
:10E03000FAE700BF5444040098700400082913B59F
:10E0400028BF08210C46084AD2F80433D2F8082326
:10E050001BBA12BA00920A466946019315F049FFAD
:10E06000204602B010BD00BF00C0FF001A4BD3F81D
:10E07000002602F0010312F0060F18BF43F0100350
:10E08000110648BF43F48073D10548BF43F08003B5
:10E09000510548BF43F02003510648BF43F0020337
:10E0A000910548BF43F08003D10448BF43F080038B
:10E0B000110748BF43F02003D10648BF43F02003B7
:10E0C000910648BF43F02003120548BF43F40063A4
:10E0D00003600020704700BF00E010504FF0FF3297
:10E0E000024B0020C3F80026704700BF00E010502C
:10E0F000044B054A01219362044AC7201A6000229A
:10E10000F7F7D2BDE84F00204807002000700C5000
:10E1100038B504464568AB6998470121E86910F0B5
:10E12000AEFF234629462A69A86A13F068F9002839
:10E1300005DB2046BDE8384002490CF05BBC6FF0BF
:10E14000040038BD9DF10300034610B40C46DA8884
:10E15000006802F040021979224383689C693CB14F
:10E16000064BA44613405DF8044B02F0B0726047C2
:10E170006FF057005DF8044B704700BF4000000689
:10E18000F0B550F8185C85B06B682A69DC68D2E895
:10E19000AF2F012A22D06B6818389E68104A041BE2
:10E1A000E11001FB02663046DF6811F01AF8031E29
:10E1B00014DB3A1992F910108B420FD04FF0FF3058
:10E1C0004FF0FF3113743289CDE902010121003B88
:10E1D00018BF012328460091FFF7F4F905B0F0BD00
:10E1E000ACAAAAAA2DE9F84FD0F804B00746DBF88C
:10E1F0000C50002618352C464FF00C0ADBF8042092
:10E20000B24205DC9BF81420002A44D1002040E0F3
:10E210000AFB06F8DBF8082052F8080002EB0809B0
:10E2200013F026FC00284AD04FF48031484610F005
:10E23000C3FF70BB44F8187C2046DBF8101013F0C5
:10E2400073FE9BF8142012B101364834D6E7012240
:10E25000DBF808001D4B00EB080999F8041002FADE
:10E2600001F144E9043150F80800A4F11401836875
:10E27000DB693BB3984700280BDB484610F0B1FF41
:10E280004FF0E86104F8080C4846FFF75DFF0028EE
:10E29000DADABDE8F88F47F6122640F2E7300021BF
:10E2A000DBF800404FF47A720023E4FB0601EFF73D
:10E2B000CBFB02460B46284606F0F8F8A6E76FF0BF
:10E2C0001200E6E76FF05700E3E700BF0DF203002E
:10E2D000036803F01F025F2B02604FEA53129ABFDC
:10E2E000024B53F822000020704700BF5071040019
:10E2F0002DE9F04F9046074640F2FF1A00EB8109E6
:10E300004B4985B0B94503D1002005B0BDE8F08F79
:10E310003A68C2F3C323082BC2F3080400F28480D6
:10E320004448544508BF4FF0FF34B2F1506FC55C0C
:10E330004FEA12630BD2032B0DD9043B082B0AD8EA
:10E34000DFE803F00C393E09090909485200382B6F
:10E350004DD04E2B38D06FF08500D6E74FF0000B34
:10E36000C8F80046631C33D0012603A80394FFF7C6
:10E37000AFFF039A06FA02F282603A68039410042F
:10E3800003A844BF4FF0010B00260192FFF7A0FF46
:10E39000039C019A00EB8400D0F88040C2F3412234
:10E3A0002D0245EA820535430C40254345EA4B05DD
:10E3B000C0F880500CE04FF0010BC8F80446D1E7DC
:10E3C000C8F8084600260BE0661CC8F810461FD1A6
:10E3D000043797E7C8F80046002DF3D1002608253A
:10E3E000621CF5D0B346C8E7C8F80446F4E703A8B2
:10E3F0000394FFF76DFF039B012600EB8300D0F829
:10E40000803023F0E04343F08043C0F88030E7E7FA
:10E4100003A80394FFF75CFF0123039A9B4603FACA
:10E4200002F21E464260A8E76FF015006DE700BFDC
:10E43000F0F0FCFF679A040038B50A4B05460C461D
:10E440000948995C4FF47A72002381FB0001EFF7D1
:10E45000ABFA002384FB0001044AEFF7A5FAC5E9F3
:10E46000000238BD709A0400CE68250040420F00BB
:10E4700038B5154604690C293BD8DFE801F0070FD1
:10E4800013173A3A3A3A3A3A3A3A2A00E27DB4F95C
:10E4900000102846FFF7D0FF002038BDE27DB4F918
:10E4A0000210F6E7E27DB4F90410F2E72846E27DB7
:10E4B000B4F90010FFF7C0FFE27DB4F9021005F1D6
:10E4C0000800FFF7B9FFE27DB4F9041005F1100070
:10E4D000E0E744F65602B4F908300749A53B534338
:10E4E00093FBF1F201FB123302F1190028606B601B
:10E4F000D2E76FF08500D0E740420F00F7B5054640
:10E500000E4614462AB1013A012A27D96FF0850038
:10E5100042E01B68642B19D011DC192B18D009DCE0
:10E520000C3B012B08D81146284603B0BDE8F0404B
:10E5300011F021B8322B0DD06FF015002CE0C82B54
:10E540000AD0B3F5C87FF7D10521EDE70321EBE74A
:10E550000121E9E70221E7E70421E5E74768586878
:10E56000D3F800E0DFF840C0C1170023CEFB0C0158
:10E570000C4AEFF719FA0029034600DA4342ADF8D6
:10E5800004307B8A032EADF80630BFD8022C284613
:10E5900001A903D110F086FF03B0F0BD10F0ABFF6E
:10E5A000FAE700BFB9F60E0040420F002DE9F7432D
:10E5B000436806461B7B0569052B00F28380434AAE
:10E5C000022132F8134010F0C1FF10B103B0BDE8D2
:10E5D000F083EB682E21DF68012330461A46B847E6
:10E5E0000028F3D140F2E7310F46014647F61220EA
:10E5F000E4FB00714FF47A7200233846EFF724FAF7
:10E6000080460C4613F0A2FDEB680E211F683046D1
:10E61000022301AAB8470028D8D19DF805709DF8BB
:10E620000430BF0807EB8317DB09EB684FF02E01BE
:10E63000D3F80C904FF0020330461A4618BF47F447
:10E640004047C8470028C1D12146404613F07EFD0F
:10E65000EB680E211C683046022301AAA04700285F
:10E66000B4D19DF805409DF80430A40804EB831450
:10E670000021DB09304618BF44F4404410F066FF27
:10E680000028A3D1EB680322D3F80C802E21034687
:10E690003046C047002899D10D4AEB7DE41BD35C7E
:10E6A00024B203EBC30203EB4303C3EB0313C2EB3C
:10E6B000021243F30C03D200B4EBC30F12B201DB1E
:10E6C000944283DD6FF0150080E700BF2C8A0400C0
:10E6D000709A040008B5064902694368D160186859
:10E6E00013F0C6F900280CBF6FF01200002008BD1F
:10E6F00080710400F0B5022904468DB040F2F48028
:10E70000032903D06FF085000DB0F0BD056901232A
:10E71000D02105F1440211F083F90028F4DB95F8CB
:10E720004430612BEED1266996F82870002F76D1FF
:10E7300017238A21204601AA11F072F90028E3DB91
:10E740000E23E12120460DF11B0211F069F900288A
:10E75000DADB0523394620460DF1290211F060F974
:10E760000028D1DBBDF82330F381BDF804303382BB
:10E770009DF80630B374029B73619DF80C303376BC
:10E78000BDF80E309DF81D207383BDF81030B383A3
:10E79000BDF812305BBAF383BDF816303384BDF890
:10E7A000183073849DF81A3086F824309DF81C3098
:10E7B00003F00F0343EA021333809DF81C309DF8E9
:10E7C0001B201B0943EA021373809DF81E3033712E
:10E7D0009DF81F3073719DF82030B3719DF8213082
:10E7E000F3719DF8223033729DF827307372BDF8B3
:10E7F000253073819DF8283033739DF8293086F8D1
:10E8000026309DF82B30C3F3011386F825309DF98F
:10E810002D301B1186F82730012386F8283001227D
:10E820007221204611F004F90028FFF66DAF002296
:10E830007521204611F0FCF80028FFF665AF102284
:10E840007121204611F0F4F80028FFF65DAF4FF477
:10E85000A072B5F90A30204603F5163303F2991376
:10E8600002FB03F1C823B1FBF3F195F9093001F57F
:10E87000A02103F54473594395F90C3003EB83034E
:10E8800003EB83024FF47A7392FBF3F2120202EB72
:10E890006102832195F825300433B2FBF3F295F938
:10E8A000263064254B4303F58033B2FBF3F222217B
:10E8B0000E4B12FB013292FBF5F25A21D2B211F04B
:10E8C000B7F80028FFF620AF71222946204611F044
:10E8D000AFF80028FFF618AF5522742120460DB07E
:10E8E000BDE8F04011F0A4B800200DE7FEDEFFFF08
:10E8F00010B50446406883681B689847002805DB0C
:10E900002046BDE8104002490CF074B810BD00BFAD
:10E91000F5E602002DE9F0415522742186B0054646
:10E92000046911F085F80028C0F24481FB2600211B
:10E93000202013F00BFC01231D2128460DF10702B6
:10E9400011F06EF80028C0F235819DF90730002BD8
:10E9500080F22B810D231F21284602AA11F060F8B6
:10E960000028C0F22781BDF809609DF8083076BA0A
:10E97000B6B246EA0346BDF80C309DF80B20B4F859
:10E980000EC05BBA9DF814509BB243EA02434FEAB3
:10E990004C0C05F01000CCEBD31C84F83C004FEA83
:10E9A0005C034FEAEC7043EAC07303FB00F7A3FB80
:10E9B000033000EB47001B0B43EA00534FEA203EB5
:10E9C00094F912003609C7175F434FEA0018B4F9EB
:10E9D000100008FB0E7780FB0C0CA3FB0838C00A64
:10E9E00047449B0B40EA4C5043EA8743034423646B
:10E9F00003EB83005B10A3F57A434FEAA30C0CFBF7
:10EA00000CFC94F91E704FEAEC2E07FB0EFEB4F9D5
:10EA10001C704FEA6C3C5F437F0007EBAE07B4F914
:10EA200016E0803003FB0EFE94F9183000125B01F3
:10EA30000CFB03F3DB1003EB6E03B4F814C09B1460
:10EA400003F500430CFB03F34FEAE33CC6F58013E8
:10EA5000B4F91A60B4F920E0360406EBA706A3EB7C
:10EA6000263340F635467343B3F1804FADBF93FB79
:10EA7000FCF35B0093FBFCF35B00DE107643771343
:10EA8000B4F922604FEA232C77439E100EFB06F662
:10EA9000761306EB27360CFB0CF70CFB07F794F804
:10EAA00024C0BDF80E100CFB07F706EB674694F97F
:10EAB0001F7049BA06EBC71603EB261364262363BF
:10EAC00094F9063094F90570434393FBF6F34343FE
:10EAD00047439B1197FBF6F793FBF6F33B4467889C
:10EAE00003F580437B43278889B2A1EB071194F992
:10EAF00004709B12474397FBF6F7A1EB67014B436A
:10EB000094F90810E062414391FBF6F1E079BDF819
:10EB1000132001EBC01198134043091180124843A0
:10EB20004FF47A7103EB60039B124B4323491B1391
:10EB300023EAE3738B42D4BF6363616340F23C50CA
:10EB40000523002194F9276005F00F05C6FB83011A
:10EB50001B4B52BA53F82530C2F38912A0FB0306AF
:10EB600003FB01661749000C51F82550D20340EA17
:10EB7000064012F17F4263EB03031218A5FB00016C
:10EB80004FEA264705FB071143EB26435508400A89
:10EB900040EAC15045EAC3755E10401946EB612159
:10EBA000EEF702FFA063002004E0013E7FF4BFAE59
:10EBB0006FF00A0006B0BDE8F08100BFA08601003A
:10EBC000D07104009071040073B5066945681D4951
:10EBD000044606F15C0013F04BF91B4A06F13C01B8
:10EBE00005F1280011F037F918B16FF0150002B0E7
:10EBF00070BD164A06F1480105F1300011F02BF9FD
:10EC00000028F2D1AB6A5BB1082353218DF807309D
:10EC1000204601230DF1070210F0BAFF0028E6DBC1
:10EC20002B6B0BB90020E2E7082354218DF8073045
:10EC3000204601230DF1070210F0AAFF0028F1DAA7
:10EC4000D5E700BF45FF030005FF030025FF0300D4
:10EC500038B50446056911F00AFC014670B9012275
:10EC600005F1C40013F078F805F15C0011F045FAE5
:10EC70002046BDE8384002490BF0BCBE38BD00BF9D
:10EC80002D0404002DE9F04198468B880E46990426
:10EC900007461546046900F185804FF0FF324FF0BA
:10ECA000FF3304F16C0005F087F92666002D40F073
:10ECB0008280C4F8A0500023C4F8A43004F1B80244
:10ECC00004F1A40104F1A00011F004FA0546C4F80F
:10ECD000B400B8F1000F76D1C4F8A8800023C4F8BE
:10ECE000AC3004F1C00204F1AC0104F1A80011F051
:10ECF000F1F9002380461A46D4F8A4C0C4F8BC0039
:10ED0000C4F89C30624567D100221146D4F8ACE0CB
:10ED1000714569D193422CBFC4F8B030C4F8B0201B
:10ED200015B1D4F8B83033B9B8F1000F6FD0D4F8BA
:10ED3000C030002B6BD03146384600F06DF80546E8
:10ED400010BB04F15C08E66504F1C405284605F033
:10ED500059F938462F4911F02CFB4FF0FF324FF094
:10ED6000FF33284605F028F93146384611F022FBDA
:10ED7000384611F0EFF9404611F083F905460028B6
:10ED80003BD1B3889A040AD4E36D13B19B889B04EA
:10ED900005D40023236604F16C0005F0D3F828465F
:10EDA000BDE8F081636F002B7FF477AF236E9E4246
:10EDB0007FF473AF7AE72B68C4F8A030002B3FF4E0
:10EDC0007AAF6B6878E7D8F80030C4F8A830002B29
:10EDD00084D0D8F8043082E7D4F8A01001EBC20147
:10EDE000496801320B448DE7D4F8A80000EBC10C50
:10EDF000DCF804C0013162448AE710F1740FC3D11A
:10EE0000384611F010FB404611F03BF9BCE76FF0BB
:10EE10001505B9E787020400F0B50569034695F8C2
:10EE200028200C468BB00AB3E96A226891421DD1B2
:10EE3000296B6268914219D195F84020207D90425B
:10EE400014D1B5F84410228B91420FD16A6BA1689E
:10EE500000286ED0914209D1AA6BE1684A4032F491
:10EE60007F4003D1E96B2269914260D0A2881105ED
:10EE700074D412F0090674D102F4FC61B1F5807FFC
:10EE80006FD120683A4988426BD929685868D1F80F
:10EE900000164F1C0FD012F0020201F01F07DFF81E
:10EEA000D8C04FEA511149D102295DD801225CF83E
:10EEB0002110BA408A604FF0FF320392827F2168AE
:10EEC0008DF812208269914294BF05910592A28823
:10EED000960702F0040139D500290CBF0221032155
:10EEE000C2F300128DF819204FF0FF32079290F80C
:10EEF00020208DF818108DF8202001228DF8232075
:10EF00008DF8242095F8282012B36946284612F07F
:10EF1000ECF860B905F12C0304F11C0254F8041B51
:10EF2000944243F8041BF9D1012385F828300BB033
:10EF3000F0BD91429AD1A96BE26895E7022915D8F4
:10EF400001225CF82110BA404A60B4E78908C7E79B
:10EF500069462846074A12F0A7F8DAE76FF08500FD
:10EF6000E5E76FF01500E2E79260FFDE7660FCE710
:10EF700047E801007D030400E472040070B4104C03
:10EF8000D4E90015501A63EB0506400940EAC66053
:10EF90002026E0FB0615C4E90015002400250949D8
:10EFA000C1E90023084BC3E90045EFF31181402379
:10EFB00083F31288BFF36F8F70BC05F0B1BF00BF41
:10EFC000B02B0020982B0020A82B002008B5002291
:10EFD0000121E420F6F768FE164A0020D2F818371F
:10EFE00023F44033C2F8183702F034FD002820DB48
:10EFF0000120114902F0BAFD00281ADB02F004FDDD
:10F000000E4B20F01F00C3E900010D4B0022C3E9A5
:10F0100000014FF0FF304FF0FF310A4BC3E9000110
:10F02000094B0A49187A02F0FFFC67220020084BBE
:10F030001A6008BD00200E508C080020B02B002064
:10F04000902B0020982B0020840800207DEF0200E8
:10F050001C51002008B502F0D7FC064AD2E9003264
:10F06000C01A054B61EB0201C3E90001400940EA07
:10F07000C16008BDB02B0020A82B002010B502F005
:10F08000C5FD0120FEF7D8FC0BF004F8BDE81040E8
:10F09000054B064A1B684FF47A70B3FBF2F35843F2
:10F0A000034B43F0010318476809002040420F005A
:10F0B000C0570400F7B5224B0146224F187A224B65
:10F0C000D7E90056D3E900239E4208BF954211D1EB
:10F0D000B1F1806F0ED24901012938BF012101220F
:10F0E0004D1946F10006C7E9005603B0BDE8F040EF
:10F0F00002F018BE154BDFF858C0D3E90043DCE935
:10F10000002CA41843EB0C0C4FF0200E2246634653
:10F11000C1FB0E23954276EB0301C7E900230DD214
:10F12000291B66EB0C04C82974F10004B4BF01214B
:10F130000021009102F0C0FD03B0F0BD0021F8E70E
:10F1400084080020A02B0020982B0020B02B00204A
:10F15000A82B002037B504690D4694F839304BBB15
:10F160000B7B022B29D10B680BBB94F838204B6822
:10F17000D2B9134A591E914219D8636320460DF142
:10F18000070112F0BCF910F10C0F0BD0AB689DF821
:10F19000070013B104EB8002536194F83830013357
:10F1A00084F8383003B030BD626B9A42E6D06FF01D
:10F1B0001500F7E76FF00F00F4E76FF08500F1E757
:10F1C000FEFFCF0710B500220469012140F20910AB
:10F1D000F6F76AFD00232046BDE810401946014AB3
:10F1E00012F069B9E9F10200B0F5827FF8B50C467A
:10F1F00002D10B4804F0A6FE01270A4E04B9F8BD5F
:10F2000094FAA4F5B5FA85F506EB85035B6913B1AD
:10F2100029460548984707FA05F524EA0504EDE76D
:10F22000CC08002090080020B444040010B5074C1E
:10F23000237843B9064812F01BFC08B10123237060
:10F240002078013810BD0020FCE700BF965900204F
:10F2500094450400F7B51E4B1B78002B34D00024D6
:10F260001C4D8DF804008DF805108DF8062001AEB8
:10F2700016F8013BC3B1AB689F681B6827B97BB91F
:10F280006FF0570003B0F0BD53B964222146114816
:10F29000B8470028F6DB0134032CE9D10020F1E760
:10F2A000214628469847F4E7AA68D2E901232BB9FA
:10F2B000002AE5D0214628469047EAE7002AF9D1FE
:10F2C000214604489847E4E74FF0FF30DAE700BFF3
:10F2D0009659002094450400064B1B7843B1064B19
:10F2E0001B682BB18168C088003918BF01211847FD
:10F2F000704700BF975900202051002010B5074CDF
:10F30000237843B9064812F0B3FB08B101232370F8
:10F310002078013810BD0020FCE700BF975900207D
:10F3200054450400022870B51ED1104C00212569F7
:10F33000A6682B68204643F001032B6033680C4A13
:10F340009847014680B9B66976B12B68204613F01C
:10F35000010FB446BDE8704014BF4FF000734FF08A
:10F3600080634FF48002604770BD00BF34440400E6
:10F3700011000100014B1860704700BF20510020B0
:10F38000022813B510D109480469836801A95B6894
:10F39000984720B923680198584000F001000038D0
:10F3A00018BF012002B010BD0020FBE73444040068
:10F3B0001FB5134C2378CBB9124812F059FBB8B1E2
:10F3C0000123237010220021684614F09FFD40F6AF
:10F3D000B833019302230B488DF80C3083686946DB
:10F3E0009B689847084B0028186004DB002004E065
:10F3F0002378002BE6D14FF0FF3004B010BD00BFE2
:10F4000098590020B44404002451002008B5034852
:10F41000002183681B689847C01708BDB4440400E6
:10F42000024B196802488368DB68184724510020A2
:10F43000B444040037B503460C46D1B10E4A0A6005
:10F440000E481946826815696A46A84778B9DDED05
:10F45000017ADFED0B6AB8EEE77AC7EE267A9DED0A
:10F46000007AB8EEC77A77EE877AC4ED007A03B0F7
:10F4700030BD0846FBE700BF0000C07FD445040054
:10F480000024744910B5074C23782BB9064812F0B4
:10F49000EFFA18B101232370002010BD6FF01200A5
:10F4A000FBE700BF99590020D4450400054B1B78A9
:10F4B00023B105484C218368DB6818474FF0FF30C3
:10F4C000704700BF99590020D4450400044B014601
:10F4D0001B7813B10D20FFF7ADBF4FF0FF30704721
:10F4E00099590020044B01461B7813B11020FFF7F7
:10F4F000A1BF4FF0FF30704799590020044B0146DF
:10F500001B7813B10E20FFF795BF4FF0FF30704707
:10F5100099590020044B01461B7813B12820FFF7AE
:10F5200089BF4FF0FF3070479959002002484C21A5
:10F530008368DB68184700BFF445040010B5FFF787
:10F54000F5FF002805DB034B1B6813B1BDE8104035
:10F55000184710BD2C51002010B4034607480A4636
:10F5600081688C6824B1194623465DF8044B18471E
:10F570006FF057005DF8044B704700BFF44504007E
:10F58000BDEEC00A002213B501468DED000A0192BE
:10F59000054883681C681CB16B46A04702B010BDCB
:10F5A0006FF05700FAE700BFF445040010B50E4CA9
:10F5B000237883B90D4812F05BFA70B101232370F0
:10F5C000B3EE090A0320FFF7DBFF48B9B3EE090ADF
:10F5D0000720FFF7D5FF002004E02378002BEFD1B0
:10F5E0004FF0FF3010BD00BF9A590020F4450400D1
:10F5F00070B586B006460D461446002118226846AE
:10F6000014F084FC1D486A46836803211B699847EF
:10F610007EB1DDED017ADFED1A6AB8EEE77AC7EE6A
:10F62000267A9DED007AB8EEC77A77EE877AC6ED36
:10F63000007A7DB1DDED037ADFED116AB8EEE77A8D
:10F64000C7EE267A9DED027AB8EEC77A77EE877A12
:10F65000C5ED007A7CB1DDED057ADFED096AB8EE23
:10F66000E77AC7EE267A9DED047AB8EEC77A77EE90
:10F67000877AC4ED007A06B070BD00BFF44504007F
:10F680000024744970B586B006460D461446002124
:10F690001822684614F03AFC1D486A468368072120
:10F6A0001B6998477EB1DDED017ADFED1A6AB8EE8D
:10F6B000E77AC7EE267A9DED007AB8EEC77A77EE44
:10F6C000877AC6ED007A7DB1DDED037ADFED116A50
:10F6D000B8EEE77AC7EE267A9DED027AB8EEC77AE1
:10F6E00077EE877AC5ED007A7CB1DDED057ADFED46
:10F6F000096AB8EEE77AC7EE267A9DED047AB8EE8D
:10F70000C77A77EE877AC4ED007A06B070BD00BF85
:10F71000F445040000247449014B1860704700BF91
:10F720002C51002008B5074B1B6843B10649074818
:10F73000FFF712FF003818BF0120404208BD4FF00C
:10F74000FF30FBE72C5100203DF50200388A040011
:10F75000002108B50348FFF7FFFE003818BF01205D
:10F76000404208BD388A0400014B1860704700BF52
:10F7700028510020014B1868704700BF305100200D
:10F78000014804F0DFBB00BF200C0020014804F05A
:10F7900053BB00BFEC0A0020F0B503788BB00446E1
:10F7A0000E46174607AD032B20D8DFE803F00219F9
:10F7B0001B1D11492846F2F7BAFF059563783946B3
:10F7C0000493A37830460393E3780C4A0293237999
:10F7D000019363790093A37908F0E0FD0BB0F0BDCD
:10F7E0000749E7E70749E5E70749E3E70A2128462C
:10F7F000064A08F0D3FDE0E7878C0400158D04006D
:10F80000F38C0400FA8C0400048D04000E8D0400B7
:10F81000F0B5044689B00021164668461E221D46F2
:10F8200014F074FB2046F9F713FC074620460CF051
:10F830005EFE1E226946FFF7AFFF20460CF029FE50
:10F84000012811D9F42D0FD8FC2005F0C9FC04467D
:10F8500050B13146C58007712A46083014F049FB83
:10F860002146034812F051FA284609B0F0BD00BF06
:10F87000680C002070B588B00646F9F7E9FB04462D
:10F88000134D30460CF033FE1E226946FFF784FF0D
:10F8900055F83430B34212D14FF0FF334FF0FF32FE
:10F8A0000C4804F057FA55F83400F9F7B5FA00237C
:10F8B00045F8343005EBC4052B71FFF767FF064BA5
:10F8C0005B681BB1002269462046984708B070BDAE
:10F8D00060510020EC0A00207051002070B594B0F7
:10F8E00016460546F9F7B4FB044628460CF0FFFD22
:10F8F00001A91E22FFF750FF284609A9F9F704FFC6
:10F900008EB99DF82520012A0BD10A4B03EBC403C5
:10F910001A71094B5B6823B104220DEB02012046EA
:10F92000984714B070BD044B5B68002BF9D00322DC
:10F9300001A9F4E760510020705100202DE9F04149
:10F9400094B088460446F9F783FB05460027204615
:10F95000304E0CF0CCFD1E2201A9FFF71DFF06EB77
:10F96000C5031F71B8F1000F1CD056F83530A34203
:10F9700015D14FF0FF334FF0FF32274804F0EAF97A
:10F9800056F83500F9F748FA46F83570FFF7FEFEED
:10F99000224B5B681BB13A46284601A9984714B030
:10F9A000BDE8F081022120460CF03EFD4FF0FF3310
:10F9B0004FF0FF32184804F0CDF956F8353023B92E
:10F9C00020460CF0C7FC46F83500FFF7DFFE09A91A
:10F9D0002046F9F799FE2046F9F73AFB104A114BF9
:10F9E000114620461360FCF739F90F4B6946204653
:10F9F00000930CF082FD9DF82530012B03D12046A9
:10FA00000A490CF0C1FD054B5B68002BC7D00222F0
:10FA1000C2E700BF60510020EC0A002070510020B6
:10FA200034510020B3050400000002023C8A0400A7
:10FA300010B5074C206838B10CF041FB28B920689C
:10FA40000CF094FB00B9206010BD4FF0FF30FBE7D5
:10FA50005C5100202DE9FF410646FFF7E9FF8EB11A
:10FA60004FF001081D4F1E481E4C00212246F8F79A
:10FA7000B5FD054658B1002323604FF0FF3004B0B8
:10FA8000BDE8F0814FF00308174F1848ECE70090ED
:10FA900003463946424620680CF03CFB074620B13D
:10FAA00020680CF063FB2560E7E7F7F721FD0246CD
:10FAB00020B120680CF05AFB2760DEE716B10C4934
:10FAC000FDF7C2FA0025206803A9ADF80C508DF8A7
:10FAD0000E50F8F7B5FD0028D1D0E1E768730400B7
:10FAE000400900205C510020280900205409002012
:10FAF000170604000128034609D8064A52F83000C8
:10FB000010B102EBC302107900F001007047002031
:10FB1000FAE700BF6051002038B505464FF0FF32CC
:10FB20004FF0FF33084804F015F92846FFF7E2FFCD
:10FB3000044628B1054B53F835000CF00BFC044685
:10FB4000FFF724FE204638BDEC0A0020605100205B
:10FB50002DE9F043264F93B04FF0FF324FF0FF33C3
:10FB6000244804F0B9F904460079FFF7D5FF0546AB
:10FB700018B9204612F0C9FDEEE707A9F9F7C4FD50
:10FB800028269DF81D80B8F1010F2ED118220021E2
:10FB9000B4F8069001A814F0B9F904F1080342463C
:10FBA0003946284602970393ADF810900EF0D6F828
:10FBB000C0B101A92846FBF74DFF01462079FFF7A8
:10FBC00099FF58B151B111F1780F01D00C3105D125
:10FBD0003F20002112F0BAFA013ED2D12846F9F7AF
:10FBE0001BF9C6E76FF01501E8E70021E6E700BF63
:10FBF00018730400800C002070B50D4E4FF0FF32DA
:10FC00004FF0FF330B4804F067F9057904462846A6
:10FC1000FFF770FF18B9204612F077FDEEE7336862
:10FC2000002BF8D02846E28804F108019847F2E753
:10FC300070510020680C002008B5064B53F83000C6
:10FC400030B113210CF0ACFBB0FA80F0400908BDD4
:10FC50000120FCE7605100202DE9F04107460E46E7
:10FC60001446FFF759FF804618B94FF0FF30BDE842
:10FC7000F0810EF036F805464046063DF9F7CCF81F
:10FC8000AC42F2D8F42CF0D8FC2005F0A9FA0546D5
:10FC90000028EAD022463146C4800771083014F0AB
:10FCA00028F90348294612F030F82046DFE700BF64
:10FCB000800C0020F7B5324F16463A780C46002AE1
:10FCC0005BD123B12F4A19685B6811605360A0B102
:10FCD0006A462D49F6F724FF00280FDB9DF8063011
:10FCE00003F0C003C02B08D10123002168468DF822
:10FCF0000030F7F7D9FF002800DB1CB94FF0FF30C8
:10FD000003B0F0BD2046F2F71AFD431E1F2B054637
:10FD1000F4D8024621461D4814F0EBF81C4B1D4850
:10FD20005D741D4B1E60FBF7FFFA1C48F9F7E6FDFA
:10FD30000028E3D11A48F9F7FDFD0028DED1194863
:10FD4000F7F7F6FB0028D9D14FF0FF324FF0FF3321
:10FD5000154804F031F92046F7F740FA10B1F7F7EB
:10FD60003DFBCBE71148F5F7A9FA01233B7010489A
:10FD700012F015FA0F4812F012FA0020C0E700BF87
:10FD80009B59002070510020878C04003F0A0020FE
:10FD9000280900201009002030510020F40800201C
:10FDA000E408002081F70200200C00205293040098
:10FDB000882C0020B82B0020012330B58FB00446DA
:10FDC0000D4607A806A90693F7F75CFF069B13B339
:10FDD0001222002109A814F099F89DF81D30122173
:10FDE00004939DF81E300D4A03939DF81F3009A817
:10FDF00002939DF8203001939DF8213000939DF8E7
:10FE0000223008F0CBFA2A46204609A914F0B4F8AB
:10FE100000200FB030BD6FF00100FAE7F695040046
:10FE2000F0B5104F05463B680C46C7B063B101AE54
:10FE30004FF48072304606A902F0E0FC22463046BC
:10FE4000094911F07EFD10B94FF0FF3007E0284658
:10FE50003B68B28906A998470028F5D0606847B08A
:10FE6000F0BD00BF78510020685A040000232DE93E
:10FE7000F043ADF50B7D064608AF04A8039302F0EE
:10FE8000C5FF3A46474904A811F0D3FD0DF10C080F
:10FE9000054628B9002528460DF50B7DBDE8F08301
:10FEA0003B78012B05D0042BF4D17B68002BF1D1DA
:10FEB00003E07B680BB9FF2EECD138897A2812D881
:10FEC000632801D800240BE00124A0F164039BB255
:10FED0009C40354B2340002B54D1344B1C4049D11E
:10FEE000204625460EE0D6283AD8C728EAD945F25A
:10FEF0001F55A0F1C8039BB2DD4015F0010549D1A3
:10FF00002C462846D8F800300DF59279A9F808302B
:10FF1000002DBFD03B78042BBDD0FF2E03BF0423A0
:10FF200089F800300023C0F103001CBF7B6889F80A
:10FF3000000049463046C9F80430FFF771FF002C35
:10FF4000A9D099F80030022BA5D1042389F80030FC
:10FF500000234946FF20C9F80430FFF761FF9AE704
:10FF6000B0F5C87FAED1424600964CAB0BA900F06D
:10FF700083FA0DE0424600964CAB0BA900F05AF80C
:10FF80002C46BFE7424600964CAB0BA900F052F856
:10FF90000024B7E7424600964CAB0BA900F0D0F91D
:10FFA000F6E700BF685A040075A854000A0401006F
:10FFB000014B1860704700BF78510020702310B5C6
:10FFC0000360084B0C465B6A0BB9002010BD01F1C1
:10FFD0000C02201D083198470028F6D00123237019
:10FFE000F4E700BF7C510020002310B58AB00B60FD
:10FFF0004B600B816D2303600D4B0C461B6913B9DD
:020000040003F7
:1000000000200AB010BD01A898470028F8D00123AD
:100010002370019BA370029BE370039B2371049BDD
:100020006371059BA371069B03F5FA632381E8E7DF
:100030007C510020F0B51C46002364389BB00E466E
:1000400017461360162800F2C080DFE810F0170092
:1000500024003C004800410082008A00BE00BE002F
:10006000BE008D009C00BE001001BE00A300A800D1
:10007000BE00B400BE003700BE0031016B233B6000
:10008000964B1B68002B00F0A080202120461BB05F
:10009000BDE8F0401847914D6B686BB10846984732
:1000A00006466B232D683B6015B320212046A847E8
:1000B00006EA0003DDB21BE01E46F2E779233B604F
:1000C000864B9B68DEE76C233B60844BDB68D9E79B
:1000D000214638461BB0BDE8F040FFF785BF0B78DE
:1000E0004BB9002521463846FFF77EFF0540EDB2AB
:1000F00028461BB0F0BD8B7891F902C03B2BF0D89D
:10010000CB7891F903503B2BEBD80B7991F9040094
:10011000172BE6D8737991F905101F2BE1D8B37925
:1001200096F906200C2BDCD8B6F90830A3F5FA6353
:100130009EB2642ED5D8CDE90423684BCDE900C525
:100140005B69CDE90201002BCBD068469847054694
:10015000C8E7624BDB69002B37D01BB0BDE8F0402D
:1001600018475E4B9B69F6E70D783DB15B4B1D6A06
:1001700025B10A7B3079097AA847054621463846D9
:10018000FFF71CFFB2E7214638461BB0BDE8F04040
:10019000FFF714BF75233B60504B9B6A72E74F4DCE
:1001A000EB6A33B10846984706467523AD6A3B6053
:1001B0007AE71E46F9E777236C223B600021204650
:1001C00013F0A4FE454B1D6B0DB9002590E7682286
:1001D0000021684613F09AFE6846A84705460028A5
:1001E000F3D020226946204613F0C6FE302208A92B
:1001F00004F1210013F0C0FE149BBDF86420636578
:100200009DF85430A4F8682084F858309DF8553093
:1002100084F866309DF8563084F859309DF8573090
:1002200084F85A309DF8583084F85B309DF8593086
:1002300084F85C309DF85A3084F867309DF85B3064
:1002400084F85D30BDF85C30A4F85E30BDF85E30F7
:10025000A4F86030BDF86030A4F86230BDF86230B8
:10026000A4F864309DF8663084F86A3040E7722361
:1002700014223B600021204613F048FE174B5D6BB3
:10028000002DA2D014220021684613F03FFE6846DC
:10029000A8470546002898D09DF800302370019BA0
:1002A0006360029BA360039BE360049B23611FE7E1
:1002B0007B228DF800303A602380084B9B6B002B2B
:1002C00083D0694630789847054600283FF47DAFD3
:1002D000337823709DF80030637009E77C5100206B
:1002E0000F4B02681A6042685A6082689A60C2685E
:1002F000DA6002691A6142695A6182699A61C26967
:10030000DA61026A1A62426A5A62826A9A62C26A4E
:10031000DA62026B1A63426B5A63826B9A637047AC
:100320007C510020CD23036000230B70034B9B689E
:100330000BB1084618471846704700BFB851002057
:1003400070B51C460023C83888B00D4616461360A9
:100350000E280ED8DFE800F0082E3A3D440D0D0DB2
:100360006F0D540D5D0D6600CE231360364BDD68B6
:100370000DB900201CE007AB019306AB009304AA63
:1003800005AB03A902A8A8470028F2D00123002248
:10039000238062602372029A2376059BE260E36108
:1003A000039A069B22612362049A079B626163623F
:1003B00008B070BD244B1D680DB1A8470546214605
:1003C0003046FFF7AFFF2840C0B2F1E71E4B5D6833
:1003D000F2E72146104608B0BDE87040FFF7A2BF23
:1003E000CF2313600B68236000236360164B1B69E7
:1003F000002BBED02868211D08B0BDE8704018470A
:10040000D32313600B682360002363600E4B5B698A
:10041000EEE7D52313600B682360002363600A4B6B
:100420009B69E5E7D72313600B68236000236360B3
:10043000054BDB69DCE7D12313600B6823600023E5
:100440006360014B1B6AD3E7B8510020094B026877
:100450001A6042685A6082689A60C268DA6002690B
:100460001A6142695A6182699A61C269DA61026AF3
:100470001A627047B8510020B0F5C87FF8B51D4624
:100480000C464FF0000302D013600020F8BD40F28C
:100490009111254E11602B706B6094F9F6703368E2
:1004A0002F72002BF1D0B3699847874202DB0523F6
:1004B0002B70EAE72378013B032B1DD8DFE803F01C
:1004C000021E2A31D4F8CC303BB93368D4F8D010AE
:1004D00094F8F60098470028E9D07768D4F8CC3033
:1004E000628894F8F600211DB8470028DFD0012368
:1004F0002B707369984768600120C7E7B368B4F848
:10050000D42094F8F60004F1D60198470028CED004
:100510000223EDE7F36898470028C8D003232B7027
:10052000EAE733699847E7E7DC510020D0F800C0DC
:10053000F0B5BCF1000F13D047688FB186687EB16B
:1005400005696DB1C4685CB1416949B182693AB16C
:10055000044BC3E900C7C3E90345C3E905129E6024
:10056000F0BD00BFDC51002002460B46014803F0FD
:10057000F1BB00BFB40B0020014803F05DBC00BF1D
:10058000B40B00201FB500240A2201940294CDF878
:100590000B400091014601A813F0EEFC009A01A95E
:1005A000074809F031FC074809F02EFC84F3118854
:1005B000BFF36F8F0323184602DF04B010BD00BFE6
:1005C00044960400A392040070B5064688B00D4618
:1005D0002348244911F04CFC03A8EDF758FA2248AF
:1005E00011F046FA002834D0204B01A80193E1F71E
:1005F00055FB88BB4FF0FF304FF0FF31FFF7B4FFE2
:10060000044638B91A491B48E0F798FE044620B161
:10061000FFF7B2FF204608B070BD41F64C5302A868
:100620000293E2F76FFF20B1FFF7A6FF6FF085049A
:10063000F0E7012368468DF80030EEF781FF0028CF
:10064000F2D1FFF799FF33690B481D60F6F7E6FA20
:10065000E0E76FF01204DDE76FF01504DAE700BFA2
:10066000FC510020B90704009444040085070300EE
:10067000582D0020A1070300590703001FB531487A
:10068000E0F7FEFC0446002857D1E0F799FEE0F7BA
:10069000A3FEEDF7FEF9EDF7FEF9EDF7FEF9EDF744
:1006A000FEF90121204601AA8DF80440E0F748FD3B
:1006B000002841DB0221204601AA8DF80410E0F752
:1006C0003FFD002838DB08230721204601AAADF8AA
:1006D0000430E0F735FD00282EDB4FF0FB130193CB
:1006E00040F203230321204601AAADF80830E0F7C9
:1006F00027FD002820DB01230421204601AA8DF8D4
:100700000430E0F71DFD002816DB1F2306212046DC
:1007100001AAADF80430E0F713FD00280CDB41F22C
:10072000A63398420CD984F31188BFF36F8F04234A
:10073000184602DF6FF00B000446204604B010BDDF
:100740002046F9E7850503000149024811F0BBBBCB
:10075000FC51002000410020094B93F8FB31042B91
:1007600002D1810709D47047022B02D1020704D4B9
:100770007047082B03D1830601D5FFF7E5BF70470B
:100780009C59002010B403460A46044881680C684E
:10079000194623465DF8044B184700BF94440400F3
:1007A00070B53A4C94F8FB3103B394F8FB31042B49
:1007B0003ED120783E282DD1A378022B28D00D2BB6
:1007C00028D1E378012B25D1A588C5F30015002297
:1007D00000232946F6F72CFA0646E8B9BDB10023F6
:1007E00084F8FB31BDE87040FFF7AEBF4FF0FF303B
:1007F0004FF0FF31FFF7B8FE48B9204604F2FB1175
:1008000000F05CFB0546FFF7B7FE002DCDD070BDB4
:100810000125DCE70025DAE762781C4902320C305A
:100820000AF041FD31461A4B1B681A489847D6E733
:10083000022B15D1002200230820F6F7D7F9054630
:100840000028E4D062880432B2F5FE7F14D20F494A
:1008500005F10C000AF027FD0D4B29461B68E4E763
:10086000082BBCD1002200232020F6F7BFF96288B4
:1008700005460028E7D1CAE7002383F31188BFF3B8
:100880006F8F0423184602DFA9E700BF9C590020A0
:10089000F8510020D44404002DE9F341A34C07464D
:1008A0002678002E40F0068304238DF80730A04BF5
:1008B0000588D3F80080B8F1000F19D1B5F5105FA5
:1008C0004FEA95230FD2002B5BD0013B072B00F2A0
:1008D000B682DFE813F02A00B40242008500B402B9
:1008E000B402B402C3003F2B00F01D82012058E285
:1008F0000DF106030DF10702611CC0470128DDD090
:100900009DF8063013B9012840F0CA820F236370A6
:100910000423A3700123E0702371A4F80550012380
:100920000020237002B0BDE8F081384640F2064254
:1009300030F9033B93420AD040F21D42934209D062
:10094000012040F206439D4200F085820AE1E2F771
:100950009FFBF6E7E2F750FCF3E7384640F66342C8
:1009600030F9033B93422FD00DDC40F60342934213
:100970001ED040F62D4293421DD040F601429342D4
:1009800012D0012012E040F67B4293421FD040F685
:100990007C429342F5D19DF80730664902338DF8C9
:1009A0000730EEF757FD01E0E0F754FD012652E273
:1009B000EDF764F8FAE79DF807305E4903338DF8E8
:1009C0000730EEF70EF9F1E7E0F756FDEEE79DF898
:1009D0000730584904338DF80730EEF718FDE5E786
:1009E0003B88A3F58053013B082B00F22882DFE807
:1009F00013F0090012001C0026022602260226021D
:100A000026022C009DF807304A4808338DF807303D
:100A1000EEF7D5F8CAE79DF80730464840338DF821
:100A200007300FF0CBFE0020C0E700229DF8073012
:100A300008338DF807303F4B1A605A60E37A23F091
:100A4000600343F06003E372EDE79DF80730394837
:100A500006338DF80730EEF7F9F8A7E7384642F28B
:100A60004E0130F8033B1AB28A4257DCB2F5005F00
:100A700059DDA3F50053013B4D2B54D8DFE813F0AB
:100A80005C007800810053008A008D0053009000C4
:100A900093009600530053005300530053009900F5
:100AA0009C009F005300A2005300A500A800B100C5
:100AB0005300BA00C300CC0053005300530053004E
:100AC0005300E1005300EA0053005300ED00F00032
:100AD000F300F60053005300FF00020105010E0170
:100AE00017011A01530053001D012901320135017C
:100AF00038013B015300440153005300530053009D
:100B0000530053005300530053005300530053004D
:100B100053005300470153005300500142F27F033A
:100B20009A4200F0CD80012008E000BF985B0020D1
:100B30000C5200209F5B0020E0F7A8FC42F2640307
:100B40009D4200F0888142F264039D4200F29D8143
:100B500042F219039D4200F28E8142F20C039D4243
:100B600000F2828140F21D439D427FF41FAF72E18B
:100B70009DF80730BA4803338DF80730E2F77EFA64
:100B8000DCE79DF80730B64808338DF80730EEF7FC
:100B9000C6F9D3E7EEF777F8D0E7E2F743FCCDE705
:100BA000EEF7B1FBCAE7EEF7A4FAC7E7EEF7EEFB04
:100BB000C4E7EDF757FFC1E7EDF79FFFBEE7EDF79D
:100BC000B8FFBBE7EEF745F9B8E7EEF798F9B5E7F8
:100BD0009DF80730A24910338DF80730EEF72DF855
:100BE000ACE79DF807309E4808338DF80730EDF7E5
:100BF000F2FFA3E79DF80730994902338DF80730DB
:100C0000EEF7E5FB9AE79DF80730954902338DF83A
:100C10000730EEF7EDFB91E79DF807300020083331
:100C20008DF807308F23E371CC2323723023637256
:100C3000EC23A372C023E372012360732373A073B8
:100C40007CE79DF80730864902338DF80730EEF7D0
:100C50002AF873E7E2F78CFA70E7EDF711FF6DE71A
:100C6000EDF731FF6AE7EDF798FF67E79DF807308A
:100C70007B4801338DF80730EDF79DFF5EE7EDF718
:100C80007CFF5BE7EDF770FF58E79DF8073074488D
:100C900008338DF80730EEF73AF84FE79DF8073044
:100CA0006F4904338DF80730EEF759F846E7E2F75D
:100CB00077FA43E7EEF792F840E7EEF705FB3DE7FA
:100CC0009DF80730664901338DF80730EEF72FF9AC
:100CD00034E79DF80730624901338DF80730EEF7AD
:100CE00059F92BE7EEF734FB28E7EEF78AFA25E708
:100CF000EEF7AFFA22E79DF80730594802338DF836
:100D00000730EEF79CFA19E7EEF771F916E79DF850
:100D10000730534802338DF80730EDF77DFF0DE7BC
:100D2000EEF706F80AE738464FF60C5230F8033B68
:100D3000934222D84FF60252934212D803F2FF3266
:100D400092B20A2A3FF6D2ADA3F57C43013B0A2BAF
:100D500075D8DFE803F01E2C747474537474414A20
:100D60005600A3F57D43033B092B68D8DFE803F069
:100D70005267556767675867675B4FF6145293422F
:100D800054D04FF6165293427FF4B0ADE2F7C2FB57
:100D900007E09DF8073032480C338DF80730ECF748
:100DA00080FE4FF6025225F008039342DDE6002054
:100DB0009DF8073040338DF80730294B1880E379D0
:100DC00023F0230343F02303E371237A23F0070383
:100DD00043F007032372E4E79DF8073020481733F8
:100DE0008DF80730ECF778FEDBE79DF807301C48FC
:100DF00020338DF80730ECF793FED2E7ECF76AFE6C
:100E0000CFE79DF80730164801338DF80730ECF72F
:100E1000A4FEC6E7EEF794FBC3E7E2F773FBC0E777
:100E2000ECF7B1FEBDE7EEF774FBBAE79DF80730CB
:100E30000B4904338DF80730ECF7A9FEB1E7012028
:100E400081E6A5F50153283B064A9BB222FA03F33B
:100E5000DB077FF5ABAD86F001068DF806604FE548
:100E60009F5B00202F804020A5F500530D3B41F2F1
:100E700041229BB2EAE742F232039D42EBD0A5F554
:100E80000153033B012BE6D990E542F285039D42D5
:100E900087D842F267039D42D3D842F2660363E6E5
:100EA0009DF807300E22A37001236270E370A580C5
:100EB000A07134E54FF0FF3034E500BF38B5094C80
:100EC0000D4623781BB9BDE83840ECF7F3BFA27894
:100ED000611C023213F00DF80020042320702B70E7
:100EE00038BD00BF985B002070B505460E46084C23
:100EF000204610F0BDFD38B1A36829462046B2B2A5
:100F00001B68BDE8704018476FF0120070BD00BF4D
:100F1000944404004FF40071014804F0CBBA00BFC0
:100F2000E05B00201FB500240A2201940294CDF852
:100F30000B400091014601A813F01EF8009A01A988
:100F4000074808F061FF074808F05EFF84F3118846
:100F5000BFF36F8F0323184602DF04B010BD00BF3C
:100F600075960400A3920400322337B50125ADF82D
:100F7000043000231C216846134A8DF80630ADF872
:100F800000508DF80230EBF717FE0446C8B90DF09B
:100F90008CFE80B2EAF7C8FA29460C48F1F7B7F997
:100FA000044670B901462A468520F4F77DFE2A469C
:100FB0002146E520F4F778FE2A4621468A20F4F7F8
:100FC00073FE204603B030BD250F030014520020ED
:100FD0000149024810F077BF7852002000410020FC
:100FE0000122054B05491A63A3F54323D3F81805DD
:100FF0000860C3F81825704700E0105074520020B4
:101000000122044B5A63044B1A68044BC3F8182599
:10101000704700BF00E010507452002000B0045030
:1010200028B1022806D10420034B1B681847024B45
:101030001B68FBE7704700BF88520020014B02206D
:101040001B6818478852002028B1012807D10020CA
:101050000349EAF779B9034B02201B681847704728
:101060002110030088520020014B186000207047B7
:101070008852002010B51D48D0E8AF3F23B906299B
:1010800004D8042926D839B1002010BD0729FBD186
:10109000403802F057FFF7E750F8203CA0F1400439
:1010A000D3E900209047012808D0114B984203D083
:1010B0000223E06384F834300E48E6E742F210730E
:1010C0002363032384F8343004F1240384F82900D3
:1010D000A363F1E700F8173C074BA0F11C0140F8AF
:1010E000103C4038007EF1F753F9CDE7CC52002098
:1010F0001F646602C0520020FF3F420F0122002100
:10110000014810F029BE00BF8C520020014BD8616D
:10111000704700BF8C52002038B54FF0FF310546B4
:101120004FF0FF30FFF720FA29492A48EBF786FCF9
:101130000446FFF721FA002C47DB40F20113264C4E
:1011400000222385E36925626433E36242F210736F
:1011500023636FF0730384F82420E36304F14005F4
:10116000D5E8EF3FC5E8E12F0029F9D14FF0FF3175
:101170004FF0FF30FFF7F8F904F12401207EF1F77A
:1011800007F9FFF7F9F900232046144A02F014FF8B
:1011900000282B4606DA0122D3E8EF1FC3E8E02F30
:1011A0000028F9D14FF0FF314FF0FF30FFF7DCF9A5
:1011B000207EF1F7CFF8FFF7DFF9D5E8AF3F13B1A5
:1011C000054802F01FFFE06B38BD6FF00B00FBE736
:1011D000A4520020751003008C5200200E720B00E8
:1011E00010B50C29036915D118680C4C80EAE0731E
:1011F0000028A3EBE0734FF000004FEA930103F0E7
:10120000030304FB03F3BDBF49425B42116011605D
:10121000536010BD6FF08500FBE700BF90D0030066
:10122000F0B5816885B01039054621F00F0409F04A
:1012300055FC6A460A4B03F11007164618685968B0
:10124000083303C6BB423246F7D110236A46214613
:10125000284609F015FC003818BF012005B0F0BD84
:10126000548A040030B50D46816887B0102302AA65
:101270001039044609F0EFFB002802DA012007B01C
:1012800030BD1022204602A90FF04EFB00283AD1B3
:1012900010221E4902A812F048FE00280CBF0123AC
:1012A00002232B7020460FF039FB012301460DF17C
:1012B0000702204609F0CFFB0028DFDB9DF807304E
:1012C000204603F00F021B096A702B7101220DF1F9
:1012D00007010FF029FB10B96B78042B03D9012308
:1012E0006B7000232B71A2682046203A22F00F0277
:1012F000103AA91C0FF02BFB0028BFD12046E91C97
:101300000FF07DFBBBE70323CBE700BF548A04004B
:1013100013B50C4B0C4603EBC00001A90079F3F7A1
:10132000F5FE014660B9221E18BF012201980FF098
:1013300083FB0446019809F08DFB204602B010BDE6
:101340000124FAE77C730400064BD3F840231C2ADF
:1013500005D1D3F84403431E58425841704700203A
:10136000704700BF00C0FF0003689A070CD50368F0
:10137000DB070DD50922074BC3F80C250F22C3F854
:10138000042501221A60FEE7034B0360EF3B036074
:10139000704700BF00801050F000FA5008B50123DC
:1013A000474A4848C2F80038474AD2F840231C2A26
:1013B00004BF464AC2F80C34FFF7D6FF0830FFF7E7
:1013C000D3FF0830FFF7D0FF0830FFF7CDFF00F55F
:1013D000F470FFF7C9FF3E4AD2F88C3043F4406303
:1013E000C2F88C300022D30003F57F0303F540439D
:1013F000D3F8001401310AD0D3F8001439B1D3F86E
:1014000000140132D3F80434402A0B60EBD12C4B8A
:10141000D3F84024002A4ED0FFF796FF48B12A4B5C
:10142000D3F834232B4B9A429EBF254B2A4AC3F84C
:101430004026FFF789FF18B1284B294AC3F8AC278B
:10144000FFF782FF48B134221D4BC3F82426D3F89E
:101450003C2622F40022C3F83C26224BD3F8002677
:10146000D20744BF6FF00102C3F800261E4BD3F829
:10147000182522F00302C3F81825D3F8182542F0E6
:101480000302C3F81825124AD2F88C1041F44061C7
:10149000C2F88C10D2F8881041F47001C2F888109C
:1014A000BFF34F8FBFF36F8F00221049C1F8D426CE
:1014B000C3F8A02508BDC822C3F84024ACE700BF8C
:1014C0000000125000C50D5000C0FF000030055054
:1014D00000ED00E0001D0A1840E0A91E00A0085021
:1014E00078000A0400E0105000B0045000600D5075
:1014F0000D4B0001034452B1D3F808250A43C3F849
:101500000825D3F80C251143C3F80C157047D3F800
:10151000082522EA0102C3F80825D3F80C2522EA9F
:101520000102C3F80C25704700F00C50014B0FF07E
:10153000EEBA00BFF1140300036803F01F025F2B33
:1015400002604FEA53129ABF024B53F82200002068
:10155000704700BF84730400034A4309D35C00F062
:101560001F001844C0B27047109C0400F0B5064636
:10157000002487B0114F019117F8012B06AB03EB44
:10158000D20313F8143C02F00702D34013F0010316
:1015900006D10134032CEFD10023184607B0F0BD6B
:1015A000074A03AD07CA85E8070055F824100A6A00
:1015B00046F824200A62002AEBD0EEE7209C0400C3
:1015C000A0520400F7B504460846FFF7C5FF04EB38
:1015D0004006B38A0D46DB072AD520460FF098FB5C
:1015E000294620460FF005FB50B120460FF017FBAF
:1015F0000023276807EB8000C0F81035C0F81035CD
:10160000294620460FF034FB002101A8B182019544
:10161000FFF792FF019B00EB8300D0F88020064B80
:10162000134043F00203C0F88030084603B0F0BD19
:101630006FF01500FAE700BFF0F0FCFF2DE9F04372
:10164000044685B0084615461F46FFF785FF0E463F
:10165000804625B320460FF0D7FA18B920460FF080
:10166000C8FA18BB04EB4809B9F8143003F01C039E
:1016700013B16B78012B19D001238DF80F300023A3
:101680003046CDE900536A1CAB1C0DF10F010FF081
:1016900058FAB9F8143043F00303A9F81430002FB6
:1016A0003ED0314620460FF0AFFA20B96FF015005A
:1016B00005B0BDE8F0830022397823684FEA810C39
:1016C00003EB8103C3F81025C3F8102504EB48028F
:1016D000938A23F4604323F0200393827D78FDB145
:1016E0002468B8786444D4F810750E4B2D043B4040
:1016F000C4F8103541F6F07305F4403503EA0613DB
:101700000005D4F810752B4300F4801003433B43CD
:10171000C4F81035938A43EA413343F0200393829F
:101720000020C5E70FE0ECFF70B590F87440054667
:1017300090F8756044BB46222146143012F0E6FB57
:101740002146134A2B6852F836608E4212D100248B
:1017500040F20D10C3F84441D3F844210D4A93429E
:1017600008BFDB20F4F77EFA0123204685F87430A9
:101770002B6670BDCAB2920002F58070442A04BF85
:101780001C501A580131E0E76FF07700F1E700BF15
:101790009073040000A00D5090F87500024B03EB0D
:1017A00080000FF09BB900BF6C09002010B5064BFC
:1017B00090F875000C4603EB80000FF075F90028D7
:1017C000A4BF2070002010BD6C0900202DE9F04F4F
:1017D000804658F804BB90F87540DBF814136A4B48
:1017E000C9B253F8342007468BB0584641F4003153
:1017F0000FF067FA8203054639D50023CDE9073398
:101800000993614BE60003EBC404636807A819461B
:101810000093FFF7ABFE331D03934FF0000A5B4BC1
:101820000DF11C090293029A574912F8013B0292EA
:10183000039A02EBD3028A5C03F0070322FA03F354
:10184000DB071AD40AF1010ABAF1030F09F10409FE
:10185000E9D14FF40031002258460FF032FA0099D6
:1018600007A8FFF783FE0028D7D125F4003501240F
:10187000002D73D10BB0BDE8F08F454B534404935A
:10188000D9F80060002EDDD096FAA6F6B6FA86F6F4
:10189000049B1C7846EA44142046FFF75DFE07EBE4
:1018A0004000818AF208C1F382030593019301236A
:1018B00019F8020006F0070603FA06F620EA060009
:1018C00009F8020006A80694FFF736FE069A11F002
:1018D000100F02F1200250F82260059BC6F301466A
:1018E00023D04046019A21460FF0A3F906A806949A
:1018F000FFF722FE069BF6B2203350F82330C3F3E5
:1019000001439E4207D1002120460FF063F9314682
:1019100020460FF05FF906A80694FFF70DFE01229E
:10192000069B02FA03F30362AAE7022E14BF022108
:101930000321204605930FF04DF9059B032B03D09F
:10194000022E07D1012BE6D121464046019A0FF025
:1019500070F9E0E7032EDED1022BF4E795FAA5F348
:10196000B3FA83F304FA03F225EA020503F5A2723F
:101970005BF8222007EB43034046B3F86410C2F340
:1019800001420FF056F973E790730400209C0400A5
:10199000209C04000123034A03FA00F093680343E8
:1019A00093607047680300200123044A03FA00F0A3
:1019B000936823EA00039360704700BF6803002028
:1019C00073B504460191EFF31186402383F3128827
:1019D000BFF36F8F0B4D019B6A6801A81340019301
:1019E0000FF062F8002807DB01226B68824023EACF
:1019F00002036B602070002086F31188BFF36F8FA5
:101A000002B070BD680300204FF0FF326FF040431A
:101A100030B5044CD4E90001824273EB0105F9D3DF
:101A200030BD00BF40270E5030B50C25074B1C18A9
:101A300094F8544005FB0433C3E9031218750123DD
:101A4000034A8340C2F8243330BD00BF680300203E
:101A500000200E50F8B53E4C2278002A72D13D4B42
:101A6000D3F8101521F00201C3F81015D3F81015A2
:101A700041F00101C3F810150521C3F8A416042193
:101A8000C3F8AC160723672101F001000244013BB3
:101A9000D2B24FEA5101F7D1052A56D119464FF07B
:101AA000010C2B4E00256720CFB204E00CFA02F2A5
:101AB00020EA0200013590FAA0F25FFA85FEBE45E9
:101AC000B2FA82F2F2D3013132750529224482F84A
:101AD000547006F10C06E5D1012100251E489A0834
:101AE00001FA02F212F0670F18BF1D500433302BB9
:101AF000F5D1E420F4F7B6F8164B1849D3F81025C1
:101B000003F5C07322F00202C3F8902340F6FF727F
:101B1000C3F8A82100221A60A3F5807004338B4219
:101B20000260F8D101250B4B0D4A1D660D4B5D205F
:101B30001B68B3FBF2F358430B4B2B439847002031
:101B40002570F8BD6FF07700FBE76FF08B00F8E7CA
:101B50006803002000200E5000210E50B0210E50CE
:101B600040420F0068090020D057040038B5244BCC
:101B70000D46D3F8102594073CD4D3F8102542F035
:101B80000202C3F81025C0B1D3F8482712F00102B1
:101B900002BFD3F8481741F00101C3F84817184BAA
:101BA000D3F84017D3F844174800F9D42AB9D3F82A
:101BB000482722F00102C3F84827124B124A1B683B
:101BC000B3FBF2F30E4A03EB4313B3B1D2F8401761
:101BD000D2F8441749000BD44FF0FF312846FFF7E5
:101BE000EFFE044610B92878FFF7D4FE204638BD32
:101BF000013BEAE76FF07704F8E76FF07304F5E76D
:101C000000200E506809002040420F002DE9F047E7
:101C1000DFF8A09067234E4656F8044F0025E443B2
:101C20004FF00108224F04F06704C7F82833E9B2E7
:101C3000E4B9E420F4F724F81D4BD3F8482722F048
:101C40000102C3F84827D3F8102522F00102C3F897
:101C50001025D3F8102522F00202C3F81025012226
:101C60005A669A6689F80040BDE8F087D9F80830CE
:101C700008FA05FA0AEA030313F0670F02D00846D0
:101C8000FFF792FED9F80430DB4303F0670313EA51
:101C90000A0F09D0002207EB0513C3F82C25E30730
:101CA00002D530460EF01AFF64080135BFE700BFC9
:101CB00000200E506803002070B51E461546174AD6
:101CC0009DF81010131893F854300C3302EBC30432
:101CD00042F833506660C6F313020401A1B104F167
:101CE000A04404F56224C4F82055C4F824250C4C03
:101CF00080000444236833B1FFF786FEA842B14157
:101D000001D20023236070BD04F1A04303F56223D8
:101D1000C3F82055C3F82425F5E700BF6803002069
:101D200000210E50F0B50E4D2B1893F854300001E1
:101D30000C3355F8334005EBC3077E68641800F197
:101D4000A04021F0004146F1000641EAC27100F5D1
:101D5000622045F833407E60C0F82815F0BD00BF12
:101D600068030020F7B5284B284CD3F82C6304F106
:101D700088070EB903B0F0BD96FAA6F00123B0FAB9
:101D800080F08340DA43224926EA0306231893F8B9
:101D90005450830019440C2303FB0543DB6873B3E1
:101DA000D7E8EF3F03EA020CC7E8EECFBEF1000F21
:101DB000F6D1C340DB0719D5020102F1A04202F5BA
:101DC0006222D2F82435D2F82025D1F800C0BCF127
:101DD000000FCED04FF0000CC1F800C00C2101FB69
:101DE000054529690091E9688847C2E705F10C03B8
:101DF00004EBC30C54F83320DCF80430E5E70A6840
:101E0000002AB6D00B60B4E700200E506803002013
:101E100000210E50044B40EA0120C3F80005D3F81E
:101E20000024D207FBD5704700B00450036803F0CC
:101E30001F025F2B02604FEA53129ABF024B53F806
:101E400022000020704700BFA073040010B50B4BA8
:101E500004680B4A0B48844208BF1346B3FBF1F0F9
:101E600001FB1033834206D2C30704D47E288CBF03
:101E70000020012010BD0020FCE700BF0024F4007A
:101E80000020A10700A0045073B51646421C1C4652
:101E90000546069B18D0012902D1BBB10FF0D3F83B
:101EA00001A80195FFF7C2FF019B240200EB83000C
:101EB000D0F88020074B44EA86040C4313401C43AF
:101EC00044EA4101C0F8801002B070BD0FF0C7F8BD
:101ED000E6E700BFF0F0FCFF2DE9F04F91F821306C
:101EE00005460C4685B0002B00F0BA8091F82270B0
:101EF0006A4A29686A4E6B486369914208BF064680
:101F000094F82320B6FBF3F695F8223062F3000331
:101F100085F82230227CDBB262F3410385F822305F
:101F200094F82380B8F1000F34D162695E4B01212F
:101F30009A4214BF4FF005094FF00F09237E424625
:101F4000012B94BF00230123009320684B46FFF729
:101F50009BFFCDF800804B46424601216068FFF7A9
:101F600093FFCDF800804B464146A27EA068FFF764
:101F70008BFF237C424683F00103009301214B46F3
:101F8000E068FFF781FF012100914B464246E0697E
:101F9000FFF77AFF94F82130002B63D04FF0FF3326
:101FA0006B62637E94F8211094F81280207E039374
:101FB000002961D0D4F80CC0217C94F8249094F8C6
:101FC00020E02B68B9F1000F12D1D4E901BAD4F89E
:101FD0001C902268C3F80026C3F804B6C3F808A60C
:101FE000C3F80C96C3F810C6C3F8B815C3F8B0759B
:101FF000039AC3F8C085003A18BF01220228C3F82B
:102000002C653CD003283DD0012801D142F00202CA
:10201000C3F85425C3F8ACE5244BD3F840331C2B4C
:1020200014D1022E31D9237E13F0FD0F2DD1760865
:102030000136F6B2BE4238BF3E462B68C3F8B065E3
:1020400095F8223043F0040385F822306B680BB317
:102050002868C0F3083005B0BDE8F04FF3F702BEC2
:10206000022745E7E3686B62227C95F8223062F331
:10207000410385F8223094E74FF0FF3C9DE742F0A2
:102080000402C5E742F00602C2E795F8223023F0C9
:102090000403D9E705B0BDE8F08F00BF00A00450ED
:1020A0000024F4000020A1070048E80100C0FF0060
:1020B000431C07B50ED0019001A8FFF7B7FE019BA6
:1020C00000EB8300D0F88020044B134043F0020360
:1020D000C0F8803003B05DF804FB00BFF0F0FCFFF7
:1020E00038B504460068C0F30830F3F7C9FD6368EB
:1020F00043B12146154A51F8043BC3F80823206830
:102100000EF0B9FF2368D3F80006D3F80416D3F80D
:10211000085694F82230DB0714D4FFF7C9FF28468D
:10212000FFF7C6FF0846FFF7C3FF606AFFF7C0FF6F
:102130002368D3F80C06D3F81016FFF7B9FF08464A
:10214000FFF7B6FF002384F8203038BD0700F81FE2
:1021500070B5847B2CBB02685F2A02F01F034FEA34
:1021600052111FD840F60C05104E56F82120104988
:1021700002EB8302D2F880300B402B43C2F8803050
:1021800042685F2A02F01F034FEA52100AD856F83D
:10219000202002EB8302D2F880300B402B43C2F8A0
:1021A000803070BD203354F82330FFDEAC73040060
:1021B000F0F0FCFF00210268094BC160C2F808334F
:1021C000D2F8003223F0FF5323F4BC53C2F800329C
:1021D0000123C2F8001580F8263080F828107047D7
:1021E0002264F81F00232DE9F04780F827304B6860
:1021F00005460E461746046833B1CB6803F06043CA
:10220000B3F1005F40F042813378023B012B06D8E6
:10221000336903F06043B3F1005F40F037819D4BB9
:10222000C4F8083395F8283003F0FF023BB16FF093
:102230000F08EB68C4F804334046BDE8F08707F0A8
:102240001403B3FA83F35B0985F82830337885F8F3
:102250002430737885F82530F3682B6173686B61DF
:102260003369AB61B3682F62EB61C7F3001385F884
:1022700029307378C4F88835C4F83821D4F8383157
:10228000C4F82821D4F82831C4F81421D4F8143122
:10229000C4F80421D4F8043117F0010318BF012356
:1022A000C4F84C3717F0020318BF0123C4F81437E1
:1022B0003378032B00F28180DFE803F05E764A0278
:1022C0004FF48073C4F80032D5E90423C4F83C27E6
:1022D000C4F84037012323654FF0006120460FF01A
:1022E0004BF80028F8D1D5E90623C4F83C27C4F8F8
:1022F00040374FF48063EB604FF0000817F0080997
:1023000010D13378032B0DD0012B6A686CD1A362F6
:10231000002A55D073682BB96B68002B00F09480AD
:10232000012363606B68002B00F08E80780744BF48
:102330000023EB6079065EBFEB6843F00203EB60BD
:10234000EB6843F02003EB60EB68C4F8043373E7F9
:10235000D5E90423C4F83C27C4F84037D5E906235F
:10236000C4F80427C4F808374FF48453C4F8003283
:10237000012323610223BEE7B806D5E90423C4F88C
:102380003C27C4F840374BBF4FF480734FF40073C1
:10239000C4F80032C4F800324CBF4FF4806302230B
:1023A000EB6001232361A7E7D5E90423C4F80427E0
:1023B000C4F808374FF48053D8E76FF015089DE74D
:1023C0006A6902B963604FF0010A40F2024940F2C3
:1023D000224120460EF0D0FF810601D5C4F804A0AA
:1023E00010EA090FF3D095E701232365002A91D164
:1023F0006A693AB340F2024A19EA0A0F8AD140F2F6
:10240000224120460EF0B8FF10F0200F8146F3D095
:102410004FF4804120460EF0AFFFD4F8003208B1EF
:102420009A0505D401222261626040B14FF0000993
:10243000DB05E1D54FF4806120460EF09DFF4FF0A3
:102440000009D9E76360D5E70022D4F8C434C4F8A2
:10245000C43485F828206BB19A0756BF03F00108F1
:102460006FF00D08A8F18C0813F0040F18BF6FF07F
:102470000A08E1E67B063FF5DFAE2046291D0EF097
:1024800039FF002808BF6FF08B08D5E66FF00C0805
:10249000D2E600BF2264F81F70B50568022186B03D
:1024A000044628460EF068FF2021064628460EF016
:1024B00063FFD0B1D6B9E3684FF48041C5F8083363
:1024C0000223E360E3682846C5F804330EF054FFA6
:1024D00018B1D5F800329B0502D401232B616B6043
:1024E000012384F8273006B070BD8EB3236A5E06E0
:1024F0000AD494F827303BB92846211D0EF0FAFE85
:1025000080F0010084F82700236A13F0040337D118
:10251000C5F83831D5F83821C5F83431D5F834311B
:1025200094F8293013B194F82730F3B10023012235
:10253000C5F80032E3602E4BC5F30431C5F808330B
:102540008A40C5F343432B49603341F823200CE014
:102550004FF4806128460EF00FFF94F82430002BD2
:102560002FD194F82930002BE1D0A38CADF80430A2
:102570002369049363690293A3690593E369039351
:10258000D5F8C4349807C5F8C4342AD459072AD4D6
:10259000DA072AD494F827309B00DBB28DF800309C
:1025A00094F829300BB984F82830236A5B0703D5E7
:1025B00094F82730002B96D0D4E90131684698472B
:1025C00091E74FF40073C5F800322223E360084B13
:1025D000C5F80833E368C5F8043301232B652B6184
:1025E00081E70123DAE70223D8E70323D6E700BF18
:1025F0002264F81F00E100E00368034A01F5C0719E
:1026000043F82120704700BF3546526E037C5BB112
:102610000368074AC3F82025012203685A6003684B
:102620000020C3F8200570474FF0FF30704700BF0F
:102630003546526E036803F01F025F2B02604FEABB
:1026400053129ABF024B53F822000020704700BF7C
:10265000B8730400F7B506460EF0BDFF08460EF04D
:10266000BAFF01A80196FFF7E5FF40F60D050C46FD
:10267000019B2C4900EB8300D0F8803001940B4083
:102680002B43C0F8803001A8FFF7D4FF019B01273E
:1026900000EB8300D0F880300B402B43C0F8803033
:1026A00004200EF0FFF9092501A80194FFF7C2FFED
:1026B000019AC368D340DB0714D401A80196FFF741
:1026C000B9FF019B013D07FA03F3836004200EF07C
:1026D000E9F930460EF07FFF04200EF0E3F915F023
:1026E000FF05E1D101A80194FFF7A4FF0123019A9E
:1026F0009340836004200EF0D5F920460EF06BFF66
:1027000004200EF0CFF901A80194FFF793FF019A7E
:10271000C368D34013F0010F0CBF6FF08B00002093
:1027200003B0F0BDF0F0FCFF00B5837D01463F2B08
:102730008BB04BD813F0300024D0202802D10B6A84
:10274000188806E03028FAD0102806D10A6A22B18B
:102750001078B0FA80F0400914E00A689268C2B9B3
:1027600003F00F020B2A1DD8DFE802F0060606066A
:10277000060615171C1C1C1ACB694A8A1A44934278
:1027800003D101200BB05DF804FB13F8011B0029F5
:10279000F5D00020F6E7CB69D2E7CB691878D8E707
:1027A000488AD6E703F00E03082BF2D1CA696846BF
:1027B000496A0EF0BAFF0028E3D06846FFF7B4FF7D
:1027C0000028DFD068460EF0D3FFF4E703F0C00224
:1027D000802A01D1C069BCE7402ADAD103F00F0397
:1027E0000A2B02D1CB691868B3E70368024AD8689C
:1027F0009042AED1F6E700BF3518040010B58260F4
:102800000022034CC0E90322C0E9004110BD00BF13
:1028100069180400F8B504461546A2B1066896B1D9
:10282000C368D31802D287689F4207D22369084A37
:10283000002B08BF134600202361F8BDB04710B934
:102840002369044AF4E7E36801202B44E360F4E7DA
:102850009F960400AB96040010B48C7D4B8A04F064
:102860000F04022C03F1FF3318D1072B33D8DFE814
:1028700003F0040B320E32323211CB691A78002386
:102880005DF8044B0EF0F9BFCB691A88F7E7CB6906
:102890001A68F4E7CB69D3E90023F1E7072B1AD8CC
:1028A000DFE803F0040E191219191915CB6993F911
:1028B0000020D317032CE3D15DF8044B0FF01CB8B4
:1028C000CB69B3F90020F4E7CB691A68F1E7CB696B
:1028D000D3E90023EEE70369044A002B08BF13463F
:1028E00003615DF8044B0020704700BFB4960400FC
:1028F0004A8A042A02D1C9690FF007B8082A02D10E
:10290000C9690FF005B802690349002A08BF0A46E1
:1029100002610020704700BFB49604008A7D0B4618
:1029200002F00F020B2A11D8DFE802F00C0C0C0C9D
:102930000E060A0A0A0A100A01211A8A0EF0EBBFD3
:102940000221FAE70021F8E70521F6E70369034AC7
:10295000002B08BF1346036100207047C696040091
:102960002DE9F0410E46174686B014220021044698
:1029700001A811F0CBFA3A46314601A80EF0E1FF6A
:1029800010B9059B236107E04FF00008204643463D
:10299000049A0EF072FF18B9002006B0BDE8F0816D
:1029A0002168049D21B92A462046FFF733FFF4E74A
:1029B000E368A2682B44934205D923690E4A002B91
:1029C00008BF1346DEE763683A46019101A8314625
:1029D000CDE90235CDE904880EF0B3FF049AE3682F
:1029E000AA421344E360029B6360059B01D123610B
:1029F000D3E7024AE3E700BF9F960400D99604009C
:102A000070B5CB6904460D46002B7FD0FFF786FFDB
:102A1000002873D0AB7D03F00F020B2A73D8DFE8D8
:102A200002F00611111117171D355252726FEB6922
:102A30002046BDE870401A780023003A18BF0122F2
:102A40000EF01BBF29462046BDE87040FFF704BFCB
:102A500029462046BDE87040FFF74ABFE96909B939
:102A60000A460EE03F2B0A880AD86B8A023B934243
:102A700006D22369264A002B08BF134623613DE096
:102A800002312046BDE870400EF04BBF03F0C0039A
:102A9000802B10D06B8A13B923691E4AEBE7013BE8
:102AA000E9690029DCD000229A42885C06D000281F
:102AB000E7D00132F8E74FF0FF33F1E70028E0D02C
:102AC0002369154AD7E76B6A13B92369134AD2E71A
:102AD000092A06D02046EA69696ABDE87040FFF716
:102AE0003FBF2A6A002AF5D052F8083C002BF1D0EB
:102AF00029462046043A98470028EBD1002070BDB3
:102B00006A8AE969BDE72369054AB4E70120F6E767
:102B1000ED96040001970400149704002897040020
:102B2000C69604002DE9F0438B7D054603F0300284
:102B3000302A0C4687B011D10B6A1A880B8A9A4248
:102B400013D1E269A37DE2B913F0300F0DD12B69E7
:102B50006B4A002B08BF13462B613EE0102AF0D1D0
:102B60000A6A32B11378002BEBD1012007B0BDE81F
:102B7000F0833F2BE5D80846FFF7D6FD0028E0D0CC
:102B8000F3E703F0C002402A0CD12368DB68002B76
:102B9000EBD022462946002098470028E5D12B6932
:102BA000584AD6E703F03001202940F0A280216A7C
:102BB0000E88002ED9D0802A05D0A28AB24202D235
:102BC0002B69514AC5E703F00F03052B58D80221A2
:102BD0002846228A0EF09FFE08B90020C6E7A37D92
:102BE00003F00F03042B10D1B7003A460023284608
:102BF0000EF043FE0028F0D0296849BB3A4628462B
:102C000007B0BDE8F043FFF705BE052B01D1F70083
:102C1000EBE700271422002101A811F077F9D4F87E
:102C20001C80214601A8FFF717FE28B92B69002B4D
:102C300092D1059B354A8CE7E369628A01371344D8
:102C4000E361BBB2B342ECD3049FC4F81C80CCE771
:102C50000027A37D214603F00E03042B28460CD148
:102C6000FFF746FE0028B8D0E369628A01371344B3
:102C7000E361BBB2B342ECD377E7FFF7EDFDF1E7D9
:102C80004FF00008A37D03F0C002802A2CD103F08E
:102C90000E03062B28D1E7692146D7F80090284675
:102CA000C4F81C90B9F1000F18D1FFF737FE98B1A6
:102CB0000122284601A98DF80490FFF7ABFD58B119
:102CC000E761E369628A08F101081344E3611FFACE
:102CD00088F3B342D6D348E7E7617EE7FFF790FE7B
:102CE000E7610028EDD178E721462846FFF788FE06
:102CF000F7E72146284607B0BDE8F043FFF780BE5E
:102D00004197040058970400679704007F970400D8
:102D100030B505460C688BB00CB9012013E0236870
:102D200021465B6823B12846984758B1A468F3E769
:102D300068460EF07DFD40B92B69064A002B08BF9E
:102D400013462B6100200BB030BD69462846FFF7C3
:102D5000E9FEEAE78697040010B5836804463BB9AC
:102D6000C368094A002B08BF13460020E36010BD6A
:102D700001220368984710B9E368044AF2E7A368A0
:102D8000013BA360F3E700BF98970400AB960400F3
:102D900030B50446154685B0002A2FD0A9B902687F
:102DA000174B9A4211D0102D06D82A466946204664
:102DB000FFF7EEFF05B030BD102269462046FFF751
:102DC000E7FF0028F6D0103DEDE7A368AB4207D23D
:102DD000E3680C4A002B08BF13460020E360E9E7D4
:102DE0002A4620462368984710B9E368064AF1E767
:102DF000A368AB4234BF00235B1BA3600120D9E76B
:102E00008319040098970400AB96040010B5826003
:102E10000022024CC260C0E9004110BD83190400C9
:102E20002DE9F3410F460DF107010646FFF794FF28
:102E3000804620B39DF907309DF80740002B33DA18
:102E4000072504F07F0430460DF10701FFF784FFEA
:102E5000A8B11F2D9DF8073017D93E2D8CBF012238
:102E6000FF22590627D0002C03DA3F2D01D89A42C1
:102E700016D0F368114A002B08BF1346F3604FF0D9
:102E80000008404602B0BDE8F0811C2D0ED113F0C1
:102E9000700F03D003F07802782AEAD144EA037471
:102EA0001B0605F10705CED43C60EAE703F07F027C
:102EB000AA401443F4E73F2DF2D9DAE7A6970400BD
:102EC0002DE9F341002506460F46A8462C4630461C
:102ED0000DF10701FFF740FF58B13E2C9DF8071098
:102EE0000BD9012909D9F368104A002B08BF1346F2
:102EF000F360002002B0BDE8F08101F07F02A4F190
:102F00002003C4F1200C02FA03F322FA0CFC43EA7A
:102F10000C03A24043EA08080B0645EA020504F147
:102F20000704D4D4C7E90058E4E700BFA69704001B
:102F3000F7B51F4600233B700B701360836804468F
:102F40000D46164623B901233B70002003B0F0BDA7
:102F500001A9FFF765FF70B922680A4B9A42F4D0C5
:102F6000A368002BF1D10849E068EFF7D6FB0028F1
:102F7000E9D1E060E7E7019BDA0803F0070332607C
:102F80002B70E3E783190400AB96040013B50446E5
:102F9000052921D8DFE801F0030F1720201E0122A8
:102FA000204601A9FFF7F4FE18B19DF90430002B6B
:102FB000F5DB02B010BD08220021204602B0BDE8BA
:102FC0001040FFF7E5BE01A9FFF72AFF0028F0D067
:102FD000019AF1E70422EFE7C368034A002B08BF18
:102FE0001346C3600020E4E7B697040073B50D46AE
:102FF00001A90446FFF714FF064660B194E80F00EC
:1030000085E80F0001998A4209D2E368064A002B3D
:1030100008BF1346E3600026304602B070BDA960C9
:10302000A3685B1AA360F7E7C897040070B5937DA7
:10303000044603F00F03154686B00B2B00F26B819C
:10304000DFE813F00C001D001D001D00A600B200FB
:10305000BE00E2000201020169013D010139C9B26D
:10306000FD2906D8E368A04A002B08BF1346E36099
:1030700046E0E96906B0BDE870400EF09FBC01393A
:10308000C9B2FD29EED9022B34D102A9FFF718FFEE
:103090000646002834D06B8A013B072B27D8DFE88F
:1030A00003F01F19260C26262604EB69DDE9020130
:1030B000C3E90001304606B070BDDDE902321846B2
:1030C000E9690B600021914208BF9842F2D0E368A1
:1030D000864AC9E7E969DDE902320B8098B2F1E777
:1030E000E969DDE902320B7003F0FF00EAE7E3680B
:1030F0007F4AB9E7032B05D102A90EF06CFCB8B9E1
:103100000026D7E76946FFF7DBFE0028F8D0DDE9A7
:103110000032698A082908D1CDE90232DDE90201CD
:10312000EB69C3E900010126C4E7DA17CDE90232F1
:103130006B8A013B072BDAD801A252F823F000BFBB
:103140008531030077310300EF3003006131030064
:10315000EF300300EF300300EF3003001D310300B8
:10316000EB69DDE902211A601346D017884208BFD7
:103170009342ACD1D7E7E869DDE9022113B20380BD
:10318000D817F3E7E869DDE9022153B20370F7E7E6
:10319000052902D0FF297FF465AF2046E96906B012
:1031A000BDE870400EF02CBC012902D0FF297FF44D
:1031B00059AF2046E96906B0BDE870400EF02CBC5E
:1031C00002297FF44FAF02A9FFF72AFE002897D00B
:1031D000029AB2F5803F02D3E368464A44E7AB7DEA
:1031E000911C03F0C003802B02D1E368424A3BE705
:1031F0006B8A9942F0D8E96921F8022B204606B083
:10320000BDE87040FFF7C4BD02297FF42BAF02A9CF
:10321000EE69FFF705FE00283FF472AF029A531CD7
:1032200002D1E368354A1FE7AB7D511C03F0C003B0
:10323000802BDAD06B8A994202D9E368304A13E7CF
:1032400000233146B354D9E702297FF40BAF02A91A
:10325000FFF7CCFE00283FF453AF6B6A13B9E36865
:10326000284A01E7AB7D03F00F03092B0AD0AB7DA1
:103270003F2B1ED90023EA69696A02A800F004FA0C
:1032800006460FE02A6A002AF1D052F8083C002BCB
:10329000EDD02946043A02A89847064610B1049B8F
:1032A000002BE4D1204602A90EF076FB0640F6B2D0
:1032B00000E703F03003203B18BF0123DBE70229BE
:1032C0007FF4D0AE02A9FFF7ABFD064600283FF41D
:1032D00017AF0299B1F5803FBFF47EAF6A8A99B902
:1032E000E86910F013FEE5E6E0970400F0970400AB
:1032F000B496040002980400119804002398040076
:1033000032980400289704008A4202D0E368034AF6
:10331000AAE6E96972E7C368014AA5E64298040093
:10332000C69604002DE9F041937D054603F0C007E1
:10333000402F0E4614468EB000F08D80802F00F096
:10334000878087B903F0300CBCF1200F16D007D866
:10335000BCF1000F0AD10EB0BDE8F041FFF766BE28
:10336000BCF1300F4ED0EB68764A32E0136A0BB1F5
:1033700001221A70224631462846ECE7176A518A24
:10338000B7F800C09269022E0CFB0122E26132D133
:1033900003F00F03052B2ED804A9FFF727FE804664
:1033A00078B9002024E02246FF2104A8FFF73EFE62
:1033B0000646A0B13B8801333B80E369628A13442F
:1033C000E361069B53B13A88A38A9A42EBD3EB6838
:1033D0005D4A002B08BF1346EB60E2E74646069BBA
:1033E000002BF4D1284604A90EF0D6FA3040C0B222
:1033F0000EB0BDE8F0813B885A1C3A80A28A9A42FE
:10340000E5D9B7E703F00E03082B1DD1136A128A22
:103410001B889A4218D03946628AE06910F076FD1E
:10342000616A8B6823B9CB6813B94B681B685BB1C1
:10343000E26904A80EF079F930B104A800F094F81C
:1034400010B9EB68414AC4E7236A228A1A8091E7DF
:10345000C3683F4ABDE71368DB6823B90EB0BDE817
:10346000F041FFF793BD022933D104A9FFF7BEFD58
:10347000002896D0A37D03F00F03092B12D1236AF5
:1034800083B1228A1A80226A52F8083C53B121463D
:10349000043A04A8984728B9EB68002B9CD1079BF5
:1034A0002C4A96E7236822460021DB6804A8069E82
:1034B000984728B9EB68002B8ED1079B264A88E7EE
:1034C000069B0BB19E42EDD8284604A90EF064FA83
:1034D0008EE7012926D005292CD041B1C3681F4AA7
:1034E00077E701360B2E04D1EB681D4A71E7012600
:1034F00001AF012239462846FFF74AFC00283FF475
:1035000050AF17F9013B002BEBDB0021154B079166
:10351000049301ABCDE9053623682246DB6804A895
:10352000984765E7082201A9FFF732FC0826002822
:10353000EBD136E704220DEB0201FFF729FC04264C
:10354000F5E700BFC6960400649804007398040071
:10355000119804008A98040091980400B69704001A
:10356000A69704008319040070B590B00446102299
:10357000002102A810F0CAFC002301938DF802304C
:1035800023689B6843BB0025A37D03F00F020A2A32
:1035900042D1E3691E68002E31D1019BABB1228A72
:1035A000934212D122469DF8021002A8FFF7BAFEFC
:1035B00010B30DF1030301AA0DF1020102A8FFF7F8
:1035C000B7FCC8B1236A03B11D7020460EF0D0F8D5
:1035D0000028D9D1012010E02A4A0DF10201CDE9DD
:1035E00002234FF0FF3301AA049302A80DF1030355
:1035F000FFF79EFC0028C6D1002010B070BD3146F8
:1036000006A80EF0A2F828B1357306A8FFF7ACFFA4
:103610000028F1D0B668BEE73F2B2AD803F030026D
:10362000102A1BD1236A03B11D70A37D03F00E0382
:10363000082B18D1616A8B6823B9CB6813B94B6822
:103640001B6883B1E26906A80EF06FF80028A4D0C9
:1036500006A8FFF789FF00289FD1CDE79A06E4D599
:10366000236A1D8099E70021628AE06910F04EFC10
:1036700093E703F0C002802A8FD1A2699B061560F0
:103680008BD5EDE7831904002DE9F04F9B4600230D
:103690009DB0044608A8CDE90633ADF812300EF00F
:1036A00044F800283CD100274FF6FF79BA46B846C7
:1036B00020460DF1110305AA04A9FFF739FC0028E3
:1036C00040D19DF81130002B38D04FF6FF7399454B
:1036D00004D0BDF81230BB4240F0AD80089B5B8A3D
:1036E000E3B1402B28BF40230022590906A895B218
:1036F000A94200F2C78003F01F02DB060ED01CAB0C
:1037000003EB8101C2F120034FF0FF32DBB222FA5A
:1037100003F351F8582C9A4240F0BA8001200EE091
:103720001BF0010FBFD108A8FFF71EFF0028BAD178
:10373000E3685C4A002B08BF1346E36000201DB01D
:10374000BDE8F08F059B01932BB91BF0040FBCD192
:10375000E368554AEEE7019908A80EF014F828B17D
:103760009DF8363003F00F020A2A50D1B8F1000F4D
:103770000ED108A80EF038F8002800F08C800F9BBE
:10378000D3F800A0BAF1000F00F08980BDF83080B6
:10379000019B434532D35546A36803939DF81030EF
:1037A0000293A368039A35B3934281D12B681B68B7
:1037B0001E4643B1DDE9012329462046B0470028D3
:1037C000BCD0AD68EDE7294612A80DF0BEFF10B9D8
:1037D000E368364AAEE7BDF85830019A9A42F0D114
:1037E000139B002BEDD00123204602992B7312AAC4
:1037F000FFF798FDE3E793427FF45AAF20469DF828
:103800001010FFF7C3FB00287FF452AF96E703F0D8
:103810003003202B22D1109A0DAB9A4217D1BDF85C
:1038200028304B450FD04FF6FF72914506D0BDF8BA
:103830001220BA4202D0E3681D4A7BE70022BDF89D
:103840003470ADF8122099460DF112021092204604
:103850009DF8101008AAFFF765FDD4E7002BF6D1FC
:10386000BDF82C303F2BF2D859091CAA02EB81017C
:1038700003F01F020123934051F8582C134341F8E1
:10388000583CE4E750F8045B013201353FF42FAFB8
:10389000E368084A4EE7BAF1000F7FF47CAF4FF0BF
:1038A000FF3875E773980400A19804008697040018
:1038B000AA9804004197040038B5EFF3118540231E
:1038C00083F31288BFF36F8F064B9C680EF0E3F80A
:1038D00085F31188BFF36F8F2046BDE83840F2F7BB
:1038E000B5BA00BFD452002038B50A4B53F8204077
:1038F000013053F82050A54200D838BD606830B17F
:10390000037EDB0701D40EF09BF80834F3E723684D
:103910009847FAE7C4730400012270B5294B86B0BA
:1039200003201A70FFF7E0FF0EF0F6FE0420FFF709
:10393000DBFF254C254D2646AE4204F130040FD363
:1039400000F0EAFF204CAC4226D300F0F9FFEFF77D
:10395000BFFE1F4A938923F00103938106B070BD17
:1039600054F80C3C059354F8103C049354F8143C60
:10397000039354F8183C029354F81C3C019354F8F8
:10398000203C009354E90A2354E90C0100F0CCFDDB
:1039900054F8303C5E65CEE7D4E90A23B3F1FF3F2B
:1039A00008BFB2F1FF3F05D052EA0301206803D1FE
:1039B0000EF0F5FB3034C6E70649183001F020FA66
:1039C000F8E700BFE05D0020B04E0400A04F040007
:1039D000C0420020CB200400D02370B5134E01223A
:1039E00003FB0066002386B0CDE904230F22019378
:1039F000CDE9023218234FF4A0720D4D0D4903FB9F
:103A00000055044602FB00110B4B3046009500F0B8
:103A10008BFD337C2C7423F004033374074B013487
:103A200003EBC423EE606B6006B070BDF041002074
:103A3000D4520020D0B800209B1B0400D0B000203E
:103A40007FB50020FFF750FF284B03F5006282F39B
:103A5000088883F30A88E023254C002584F8223067
:103A60002023E37725766576A57684F82050636A6F
:103A700043F4E023636284F82350F2F75FF8F2F72F
:103A8000CFF94FF0FF33A362E362F2F7D1FBF2F715
:103A90006BFA184800F0B2FD0120FFF725FF022065
:103AA000154CFFF721FF00F075FF144B4FF48052C7
:103AB0009C61134B1349059301232046CDE9035321
:103AC000CDE90155104B009500F02EFD0646237CF4
:103AD000204623F0040323740EF0C3FA2846FFF7B0
:103AE0007BFF31462046084AF2F76EF9D0B000203D
:103AF00000ED00E080440020C0420020D4520020AD
:103B0000CB98040010BA00201939030038B5064CD0
:103B1000064DAC4201D3002038BD2046D4E9011245
:103B20000DF0BCFF1434F4E7D80A0020EC0A0020A2
:103B300038B5074C074DAC4201D3002038BD2046B4
:103B40000DF0D1FF08B91C34F5E76FF01500F5E76B
:103B5000840A0020D80A002073B50C46EFF31181C7
:103B6000402585F31288BFF36F8FC5685DB125606E
:103B70002B68C360836901338361002081F311885E
:103B8000BFF36F8F11E052EA030603D16FF00B0011
:103B90002560F3E7CDE900230246083000F01AFE65
:103BA00018B9034B9B685B69236002B070BD00BF0E
:103BB000D4520020F7B50E4604469DF82010EFF3CE
:103BC0001187402080F31288BFF36F8F256AE06869
:103BD000854245D22568AC4219D0C5B128460DF0C2
:103BE000E7FF05F118000EF068FB3146A26868692E
:103BF00010F07FF900232846C5F884300EF031FA22
:103C000004F1080039460EF078FA002036E0A26888
:103C1000D9B13146E06910F06CF9E369A268134448
:103C20006269E361934201D12369E361236A102150
:103C30000133236204F124000EF0ADFC0028DFD133
:103C400087F31188BFF36F8F18E0A06923693146AD
:103C5000984208BF6069801AA06110F04AF9E5E750
:103C600052EA03010CD0084904F1080089684E614A
:103C7000CDE900233946224600F0ACFD03B0F0BD8B
:103C80006FF02200DCE700BFD4520020F7B50446F5
:103C90000846EFF31186402181F31288BFF36F8F3E
:103CA000216A00293BD0A268A16910F022F9A3691A
:103CB000A268256813446269A361934204BF236923
:103CC000A361236AAC4203F1FF33236236D0284656
:103CD000002D34D000270DF06BFF05F118000EF019
:103CE000ECFA6969A268E06910F003F9E369A26877
:103CF000284613446269E361934204BF2369E36188
:103D0000236A01332362C5F884700EF0AAF904F126
:103D1000080031460EF0F1F9384603B0F0BD52EA22
:103D2000030111D00A4989684861CDE90023314671
:103D3000224604F1080000F04DFDEEE7002086F376
:103D40001188BFF36F8FE8E76FF02200F7E700BF3D
:103D5000D45200202DE9F341044617461E46EFF3E6
:103D60001188402383F31288BFF36F8F304BC268F2
:103D70009B6872B18068984217D057EA060216D144
:103D800088F31188BFF36F8F6FF00F0002B0BDE8AA
:103D9000F08193F90E1001322161C4E9023288F3F7
:103DA0001188BFF36F8F0020F0E72169F3E793F9E3
:103DB0000E1090F90E30994230DA9942A8BF194698
:103DC0000DF00AFF054622464146CDE90076194826
:103DD00000F000FD0028E6D0EFF31186402383F3C6
:103DE0001288BFF36F8FA068D0B1236821699C420D
:103DF0000AD04BB193F90E309942A8BF19466FF023
:103E00007F039942B8BF19460DF0E6FE40B1314636
:103E100008480EF072F96FF00A00B7E70025D2E704
:103E2000002DF4D186F31188BFF36F8FF3E700BF45
:103E3000D4520020E15D0020F8B583680546002BD0
:103E400040D0234A926893423FD1C368012B03D9E3
:103E5000013BC3600020F8BDEFF31187402383F3DB
:103E60001288BFF36F8F016980680DF0B5FE2C6872
:103E7000A54207D10023C5E9023387F31188BFF3B8
:103E80006F8FE7E7002CF5D0D4E9003200261360ED
:103E90005A60237CC4E9006623F002032374A66001
:103EA00004F118000EF009FAAC6094F90E302046C7
:103EB0002B61C4F884600EF0D4F8394605480EF042
:103EC0001CF9C7E76FF01500C5E74FF0FF30C2E7F8
:103ED000D4520020E15D002073B51546EFF3118642
:103EE000402282F31288BFF36F8F0468B4B1236855
:103EF000426823F00303944208BF436003602368D1
:103F00009B0704D0656820460EF0FFFB2C4686F325
:103F10001188BFF36F8F204602B070BD55EA0302CF
:103F2000F5D000F1080231461046CDE9005300F00B
:103F300051FC0028EFD1024B9B685C69EBE700BFA6
:103F4000D452002070B5EFF31186402383F312881A
:103F5000BFF36F8F0468A0421BD0D4B1D4E9003204
:103F6000002513605A60237CC4E9005523F0020346
:103F70002374A56004F118000EF09FF92046C4F8E0
:103F800084500EF06EF83146BDE8704009480EF0DE
:103F9000B4B8D0E902329A4218BF013302218360DB
:103FA00010300EF0F8FA0028EDD186F31188BFF337
:103FB0006F8F70BDE15D002013B5EFF311814024D8
:103FC00084F31288BFF36F8F846844B1013C84602E
:103FD00081F31188BFF36F8F002002B010BD52EA49
:103FE000030406D181F31188BFF36F8F6FF00F00C8
:103FF000F3E7CDE900230246014800F0EBFBECE7D4
:10400000E15D0020F8B50546EFF31186402383F308
:104010001288BFF36F8F00272C68A54219D0C4B156
:10402000D4E9003213605A600023227CC4E90033D3
:1040300022F002022274A36004F118000EF03DF990
:104040006FF00A032046C4F884300EF00AF8012706
:10405000E2E700230221AB6005F110000EF09BFAAD
:1040600028B927B986F31188BFF36F8FF8BD3146A1
:10407000BDE8F84001480EF040B800BFE15D002007
:1040800007B5074B4FF40062009306494FF0FF332A
:10409000054800F06DF9002003B05DF804FB00BF97
:1040A000DC73040010CA0020904300202DE9FF417A
:1040B00004464027534EEFF3118887F31288BFF36D
:1040C0006F8FD4F8D450F5B9022104F1EC000DF053
:1040D00053FE002870D004F1E40500220121284697
:1040E0000EF07DF80028F8D100234FF0FF32029344
:1040F0004FF0FF334146CDE90023434804F1DC0291
:1041000000F0BEFDD7E7D4F8D8202B689542C4F85C
:10411000D43008BFC4F8D830D4F8EC3043F00203F0
:10412000C4F8EC30EB6823F0040343F00103EB60C8
:104130006B6888F31188BFF36F8F28469847EFF3B9
:10414000118887F31288BFF36F8FEB68D80623F0CE
:1041500001023ED4EA60EB689A0717D5306823F075
:104160000203EB6090B10021036878B14268954288
:104170003DD10368002934D172683360904200D188
:104180007360002340F8083BFFF7DCFED4F8EC3006
:1041900023F00203C4F8EC30DB0530D4D4F8D4307B
:1041A000003B18BF012388F31188BFF36F8F002BEA
:1041B00081D000F00DFC7EE7D4F8EC30D90693D521
:1041C000C4F8EC0088F31188BFF36F8F04B0BDE82A
:1041D000F08123F01103EB6005F11000FFF7B2FE50
:1041E000B9E70B607368984208BF7160C9E7014680
:1041F0001BB11A6818461346B7E71A46FAE70023B8
:10420000D1E700BFF8520020E15D002070B5C3681F
:104210000546C3F340069B070C460DD5012200213D
:1042200004F108000DF098FD00232360054B656044
:104230005A681AB9C3E90044304670BD14605C6026
:10424000FAE700BFF8520020F8B5C36804469A07A1
:104250000E46C3F3400542D45F0742D40B680BB946
:1042600083680B60E368D80742BFA3680225336008
:10427000376858BF012557B31B4B9A68D7F8D03021
:104280009A421ED10DF0A9FE80F00100C0B2D7F80D
:10429000EC30D907C3F380021CD5F2B1F8B100238A
:1042A0002360D7F8D83073B9C7E9354438460DF0E4
:1042B0007EFDE36843F00403E3603368A3602846AF
:1042C000F8BD0020E3E71C60C7F8D840EEE76FF0C8
:1042D000150506E06FF0120503E01B07DFD56FF050
:1042E0000F0500233360EAE7D4520020F8B5C36815
:1042F000064603F00503002B0C4614BF01270027D8
:104300001CD085680122002104F110000DF024FD6D
:10431000204613490DF0ACFDE36843F01003E36061
:10432000F3685B0712D5336823606BB9D5F8D830D2
:1043300033B9C5E9354428460DF039FD3846F8BD96
:104340001C60C5F8D840F6E73460F4E7D5F8D430FF
:104350002360D5F8D830C5F8D440002BEBD1F0E776
:104360008F1D0400014601480DF0ADBD90430020B3
:10437000F0B50446002089B00E9DC4E9350004F173
:10438000DC00C4E9370004F1E400C4E9390055B3A6
:104390002879002840F2011008BF0120C4F8EC0081
:1043A00000204FF0FF364FF0FF37CDE90330CDE965
:1043B0000100CDE9066720460C4B009400F0F2F8AE
:1043C00055B1296811B120460DF010FE6B791BB173
:1043D000A38943F00103A38120460DF0E0FEC4F859
:1043E000D04009B0F0BD0120D8E700BFAD400300C8
:1043F00037B501900846EFF31184402181F312880C
:10440000BFF36F8FC16811F01E0F16D153EA02057A
:1044100008D101A9FFF718FF84F31188BFF36F8F4C
:1044200003B030BD41F00801C160019910308161D5
:10443000034900F0E5FC0120EEE70020ECE700BFB7
:10444000231E040001460148FFF7D2BF904300201D
:10445000F7B50C4616461D460190EFF31187402331
:1044600083F31288BFF36F8F08460DF091FC55EA75
:10447000060309D1204601A9FFF7E6FE87F311885C
:10448000BFF36F8F03B0F0BDE368324643F008031B
:10449000E360019B0449A36204F110002B4600F085
:1044A000AFFC0120EAE700BF231E040001460148DB
:1044B000FFF7CEBF904300202DE9F0410546EFF312
:1044C0001187402383F31288BFF36F8F0468A042E3
:1044D0001BD0D4B1002620460DF072FD04F1180067
:1044E0000DF0EBFEB0462046C4F884800DF0B9FD17
:1044F0002C680136A54210D07CB120460DF060FD3D
:1045000004F118000DF0D9FEEDE787F31188BFF331
:104510006F8F00263046BDE8F081394601480DF026
:10452000ECFDF7E7E15D00202DE9F043984685B00A
:1045300000F15803C0E91633109B00268381042341
:10454000073222F0070503740F9B01EB05090F46A4
:1045500083734946C0E906668660C6730446F1F770
:10456000F1F80E9B073020F007006067C4E91B7567
:1045700002930D9BA9EB000901930C9B4A46009303
:10458000394643462046F1F7DDFB054B66659B68DF
:1045900003B19B6F4846A36705B0BDE8F08300BF39
:1045A000D4520020F0B5002587B00595109DDDE9B7
:1045B000127604950F9D044603950E9D02950D9D60
:1045C00001950C9D0095FFF7AFFFB6F1FF3F08BFC7
:1045D000B7F1FF3F05D056EA070305D120460DF09D
:1045E000DEFD204607B0F0BD3A46334604F1180020
:1045F000014900F005FCF4E7CB200400012310B5CD
:104600000374838100230446C0E91B3300F0F2FDEC
:10461000014B9C6010BD00BFD45200206FF00A0116
:10462000094A9368C3F884100849C3F880004B68AE
:1046300043F080534B60002383F31188BFF36F8FE7
:104640009368D3F884007047D452002000ED00E056
:1046500070B590F91020037C002A2FDBD9062DD1EC
:104660001A4C63F07F032246037452F81C3F216A00
:10467000934207D1C0E90021086020620FE099420F
:10468000F8D01B68002BF5D093F90E6090F90E500E
:10469000AE42F4DD5968C0E9003108605860E56950
:1046A000954200D005B9E568A3681A7CD20606D108
:1046B000DA897F2A03D9AA690AB9A36170BDAB421E
:1046C00002D0284600F01EFBA561F7E7D452002077
:1046D00038B590F910200146002A037C04DA03F073
:1046E0007F0303740DF085FC0D4D2A4652F81C4FD4
:1046F000AB68944200D004B9EC688B4207D01A7CB6
:10470000D20604D1DA897F2A01D9A2692AB1A3424B
:1047100002D0204600F0F6FA2346AB6138BD00BF58
:10472000D4520020B3F1FF3F08BFB2F1FF3F03D0E6
:104730000249183000F064BB704700BFCB20040072
:10474000034648B9EFF3058232B9064A9169926887
:10475000914201D0FFF762BF83F31188BFF36F8FDF
:10476000704700BFD452002038B5184CA168206AA9
:104770000B68814214BF1A46002249680B605960D9
:10478000A368216A2AB9124AC3E900210B60236297
:104790000AE092F90E5093F90E00854212DD51683D
:1047A000C3E900210B605360E569094B9D4200D0CD
:1047B00005B9E568A3689D4202D0284600F0A2FA38
:1047C000A56138BD8A42DED01268DBE7D4520020F2
:1047D000F0520020F8B5DDE906670D4B0C469868ED
:1047E00011460C4A1060EFF31182402282F31288C6
:1047F000BFF36F8F9D6828460DF00DFC28463246AA
:104800003B46FFF78FFF2046BDE8F840FFF706BFA5
:10481000D452002000530020F8B50446EFF311876E
:10482000402383F31288BFF36F8F037C49B203F0F8
:104830001F02002A0CBF0126002635D103F07F039A
:104840002A4D03740DF0D5FB2A46037C817363F077
:104850007F03037452F81C3F286A934207D1C4E9CE
:10486000002004602C620DE09842F8D01B68002BF9
:10487000F5D093F90EC08C45F6DD5968C4E90031D6
:104880000C605C60EC69944200D004B9EC68AB68E1
:104890009C4202D0204600F035FAAC6187F31188C3
:1048A000BFF36F8F3046F8BD9B071CD585680DF0B0
:1048B000A0FB81732B689D4209D16B68C4E900534A
:1048C0001C606C60EAE76A689A42F6D01B68002BAD
:1048D000F3D093F90E208A42F5DD5A68C4E900321C
:1048E00014605C60DAE78173D8E700BFD45200201F
:1048F000034648B9EFF3058232B9064A91699268D6
:10490000914201D0FFF78ABE83F31188BFF36F8F06
:10491000704700BFD4520020EFF31181402383F38E
:104920001288BFF36F8F054B9A68D37B013BD3731B
:1049300081F31188BFF36F8F704700BFD4520020FE
:1049400070B5EFF31186402383F31288BFF36F8FA6
:104950000F4DAB68DA7B0132DA732A4652F81C4FEE
:10496000944200D004B9EC681A7CD20604D1DA89EA
:104970007F2A01D9A2692AB19C4202D0204600F0C8
:10498000C1F92346AB613046BDE87040FFF7D8BEA1
:10499000D4520020024B03F11C02C3E907227047E6
:1049A000D452002008B5FFF737FF70B1074B9B6862
:1049B000DB7B53B9EFF31180402383F31288BFF3FD
:1049C0006F8FBDE80840FFF793BF08BDD4520020A9
:1049D00070B5EFF31186402383F31288BFF36F8F16
:1049E0001A4CA168206A0B68814214BF1A46002243
:1049F00049680B605960A368216A2AB9144AC3E95F
:104A000000210B6023620AE092F90E5093F90E0028
:104A1000854216DD5168C3E900210B605360E569EA
:104A20000B4B9D4200D005B9E568A3689D4202D0BA
:104A3000284600F067F9A5613046BDE87040FFF7F1
:104A4000EDBD8A42DAD01268D7E700BFD452002009
:104A5000F0520020F8B550EA010306460C4603D197
:104A6000FFF7B6FF0020F8BDEFF31187402383F373
:104A70001288BFF36F8F124D124BA8681860FFF7B2
:104A800027FEA868234632460F49183000F0B8F9CF
:104A9000AA680446137C384643F004031374FFF7F6
:104AA000BDFDAB68D3E90A23B3F1004F08BF002A6C
:104AB000D8D10DF037FC201A20EAE070D3E700BF10
:104AC000D452002000530020CB200400014B9868F2
:104AD000704700BFD45200202DE9F843044687896F
:104AE000EFF31186402383F31288BFF36F8F037CAB
:104AF000190705D586F31188BFF36F8FBDE8F883DA
:104B0000D90943F008026FD10274A36813B120469B
:104B10000DF077FA04F118000DF0CFFBA56D04F14C
:104B20005808A84511D04FF0000975B128460DF07E
:104B300068FA05F118000DF0C0FB2846C5F884900E
:104B4000FFF786FDA56DA845EFD1DFF8C480D8F842
:104B500008309C4250D1EFF30589B9F1000918BF24
:104B60004FF00109D8F81C50274A954200D00DB9E2
:104B7000D8F80C50AB4202D0284600F0C3F82046CB
:104B8000C8F8185006F0B9FAB9F1000F02D01F4862
:104B9000FFF734FDD8F808309C4230D1EFF305839D
:104BA0006BBBA289D20711D586F31188BFF36F8F33
:104BB00083F31188BFF36F8F0423184602DFEFF3EE
:104BC0001186402383F31288BFF36F8F3046FFF7BF
:104BD00025FDFB0792D5002383F31188BFF36F8F68
:104BE0000423184602DF89E703F07F0343F008033C
:104BF00003740DF0FEF988E74FF00009B2E786F381
:104C00001188BFF36F8FE4E7F0520020804400204A
:104C1000D4520020F8B5014615461C46EFF3118624
:104C2000402383F31288BFF36F8F037C1B0718D4D4
:104C300052EA04031BD0114FB86888421AD08A6820
:104C400000F158039A4215D058310DF0E4F9B868D4
:104C50002A462346FFF766FD3046BDE8F840FFF7D9
:104C6000DDBC002086F31188BFF36F8FF8BD6FF0B5
:104C70000F00F7E76FF02C00F4E700BFD4520020DC
:104C8000D3B5DDE90667089CCDE90067FFF7A2FD13
:104C90001CB1034B9B685B69236002B0D0BD00BFB1
:104CA000D4520020027C034612F01F0210D10A49A0
:104CB00088420DD00949086868B1D9897F2909D887
:104CC00093F90E20064B1B689A42B8BF002070472C
:104CD0000020704710467047F04100207409002002
:104CE000045300200122044BC01A044BC010584347
:104CF000034B1A54704700BF50450020ABAAAAAA24
:104D0000E15D002070B50C4B0C4D1E7CFFF7CAFF17
:104D1000182303FB0655044628460DF0CEFA002260
:104D2000074B9A553CB1621E2846BDE870400549C4
:104D3000D31700F065B870BDD45200205045002054
:104D4000E15D0020E54C030038B5EFF31185402309
:104D500083F31288BFF36F8F0F4B104A9C68106863
:104D6000A04206D1FFF7CEFF85F31188BFF36F8F06
:104D700038BD00211B7C1160094AD35C002BF3D0A5
:104D80002046FFF78FFF0028EED0237CDB0601D101
:104D9000FFF7EAFC2046E5E7D4520020005300204C
:104DA000E15D0020024B1868984208BF0020704760
:104DB00078090020034B1B680BB9FAF74BB90020A8
:104DC000704700BF0853002030B570B10B4B5B68D3
:104DD00098420AD0036843B1D3E90421D0E90445DD
:104DE000121941EB0501C3E90421D0E90032136037
:104DF0005A600023C0E9003330BD00BF78090020AD
:104E0000B3F1FF3F08BFB2F1FF3F2DE9F84F044671
:104E1000994615461F467AD08160EFF311884023EA
:104E200083F31288BFF36F8FB9F1000FDFF8E8A0AA
:104E300020DBFFF7BFFFDAE90027013549F1000960
:104E40002D1849EBE07306464FF00109C4E90453FD
:104E5000AD1843EB0707FFF7A5FF0346DFF8BCE0FB
:104E6000DEF804A0EBB9C4E900EACAF80040CEF8C5
:104E7000044028E06FF00103DAE900125B1A4FF0FA
:104E8000FF3161EB02025B1B62EB0902012B72F145
:104E90000001BCBF012300224FF00009C0E9043229
:104EA000D9E7D3E9041CD4E904208A4270EB0C0B47
:104EB00024DA891A5A686CEB0000C3E90410C4E9CB
:104EC000003214605C60FFF76DFF84420ED1114B1D
:104ED0001B685BB9B9F1000F02D1FFF76BFF064603
:104EE00030460DF0D3F90021FAF7E4F888F3118881
:104EF000BFF36F8F28463946BDE8F88F521A60EB32
:104F00000C005345C4E90420ADD01B68AAE7002576
:104F10002F46EFE70853002068450020780900205D
:104F20002DE9F047284F024638600D46FFF73AFF5B
:104F30004FF000084FF00009244E4FEAE27ED6E918
:104F4000001350B1D0E9044CA2427EEB0C0A19DAEE
:104F5000A41A6CEB0E0CC0E9044C0024521843EB6D
:104F60000E032046C6E900233C600DF08FF9214670
:104F7000FAF7A0F885F31188BFF36F8FBDE8F0470B
:104F8000FFF7E2BE611843EBE473C0E90489C6E9A8
:104F90000013FFF719FF01224FF00043C0E904237B
:104FA00085F31188BFF36F8F83689847EFF31185FE
:104FB000402383F31288BFF36F8F3A68121B3A6065
:104FC000FFF7F0FEB9E700BF085300206845002056
:104FD00010B5EFF31184402383F31288BFF36F8F72
:104FE000FFF7E8FE0346054AD2E90001181841EB35
:104FF000E37184F31188BFF36F8F10BD6845002003
:105000001423F0B50024402703FB0100134E01B91F
:10501000F0BD10F8073CA0F1140C03F03F03102B77
:1050200040F80C4C0CD826FA03F3DB0708D550F8EF
:10503000143C2BB150F8105C2B605D6040E90544D6
:1050400082F31188BFF36F8FEFF3118287F3128819
:10505000BFF36F8F60460139D9E700BF1601010029
:105060002DE9F74F1D46274B16469F68012387F809
:10507000603087F8613052EA05030CBF012300233A
:1050800007F1600280460DF0C0F98146EFF3118B05
:105090004FF0400A8AF31288BFF36F8F97F8604091
:1050A0004CB901465A464046FFF7AAFF8BF31188D8
:1050B000BFF36F8F0BE0002387F8603056EA0503DB
:1050C00009D18BF31188BFF36F8F6FF00A0420466C
:1050D00003B0BDE8F08F5946CDE900650A4A0B4898
:1050E000FFF778FB0446EFF311858AF31288BFF3CC
:1050F0006F8F2A4649464046FFF782FF85F31188A5
:10510000D6E700BFD452002080090020E25D0020D5
:10511000034610B5EFF31184402282F31288BFF3E7
:105120006F8FC160012181600068834205D184F3E3
:105130001188BFF36F8F002010BDD0E900321360DB
:105140005A600023C0E900330DF0E2F9214602481D
:105150000CF0D3FFEFE700BFE25D002073B504461B
:10516000EFF31186402383F31288BFF36F8F8368B8
:10517000594003EA02050A405340002200930949BE
:105180006B4601920DF04EF8DDE9003223EA02038E
:1051900004F10C003146A3600CF0AFFF284602B0CA
:1051A00070BD00BF752604002DE9F04105460E468E
:1051B00017460CF012FF28B9074B9B689C6F14B977
:1051C000BDE8F081054C3B46324629462046BDE805
:1051D000F0410DF082BA00BFD4520020D80A00205E
:1051E00002460021014B02480DF077BA7D9D030075
:1051F000D80A0020014B8367704700BFD80A0020FF
:105200000146024A0020FFF7CFBF00BF7D9D03008B
:1052100001680E4A0346914215D1C169A2F11022DC
:10522000A2F1EF1291420ED18268012A0BD8C26816
:1052300012B101698A4206D0586928B19B691B1ACC
:105240005842584170470120704700BF55AA00FFDF
:1052500070B50E4B9E68B6B13046FFF7D9FF0446D5
:1052600018B9F3687BB935690DB9204670BD284679
:10527000FFF7CEFF28B9EB68B34204D12E462D6963
:10528000F2E70446F1E70124EFE700BF0C530020EA
:105290002DE9F041404D0646686988460DF03FFA19
:1052A00018B100242046BDE8F0812C68DCB1AC6860
:1052B000CCB1002E6AD0B8F1000F69D008FB06F718
:1052C000B7FBF6F6B04565D1391D63D8BA0710D0E3
:1052D00027F003020432EC6803E0616891420AD2CD
:1052E000A469002CF9D168690DF01FFA0028D9D003
:1052F000D7E73A46EFE7D4F808C0BCF1000F02D078
:1053000001200EF00BFE891A232904F120061CD877
:105310000123A360D4E90523AAB19361A3690BB16A
:1053200062695A610023C4E905332B69DB0703D5A1
:10533000FFF78EFF0028E3D13A460021304634467D
:105340000EF0E4FDCFE7EB60E8E702F12000231860
:105350002039C3E9011CDC602169DFF844C0196110
:1053600044F800C00D48D86101B1CB606169596152
:10537000A069986141B18B61996901B14B610121CB
:105380002361C4E90121CDE7EB60F5E73446AAE7E4
:105390004446A8E70446A6E70C530020669911EEA0
:1053A00055AA00FF70B5424E054670690DF0B7F979
:1053B00000287BD1002D5FD03368002B5CD0B26811
:1053C000002A59D09D4203D3726813449D4202D3F0
:1053D00001200EF0A3FDA5F120042046FFF718FFE1
:1053E0000028F5D155F8183C012BF1D155F8143CA3
:1053F00045F8180CC3B19A68002A42D155F81C2C04
:1054000002F120015A680A445A6055E905321A61CE
:1054100055F8145C2B6903B1DD6020462022002181
:105420000EF074FD23462C462069002836D0826891
:10543000002A33D1636842682033134463600369F0
:105440002361D4E90523F2B923BB4369636182690F
:10545000A2610BB39C61A36903B15C61236903B1D1
:10546000DC60202200210EF051FD33699B0703D53B
:10547000FFF7EEFE0028ABD17069BDE870400DF07B
:1054800054B90023D0E79361A369002BDDD0626992
:105490005A61DAE7F360F7E7F460DCE7002BE4D168
:1054A000F368A36103B15C61F460DEE770BD00BF27
:1054B0000C53002070B50C46164E142200210546F0
:1054C00030460EF023FD144870610DF026F91349A3
:1054D000134800F035F8232C1BD915F003031FBF28
:1054E000043CE418C3F10403ED18224600212846C9
:1054F0000EF00CFDC6E90054203CB5606C60B3684A
:10550000084A1A60B368A2F11022A2F1EF12DA6120
:10551000F36070BD0C53002088090020A5530300E0
:105520009152030055AA00FF014B1B68184700BFAA
:10553000EC090020014B1B68184700BFE809002058
:10554000024B1860024B002019607047EC090020E4
:10555000E809002010B50A46044619B1024B0021A3
:105560001B68984710BD00BFE87304000E4B034052
:10557000B3F1607F06D1B1F5885F0CBF00206FF0FA
:1055800086007047B3F1707F0BD101F4E043B3F5AF
:10559000005F06D111F4E06F14BF00206FF08600A9
:1055A00070476FF0860070470000C07F8A42F8B5F0
:1055B00006460D4600F00A8101F0FE41B1F1C06FD0
:1055C00061D1884C22F4FF7121F00101A14222F047
:1055D000FF0014D004F58854A04210D022F47F7646
:1055E00026F00306A4F57064A64208D004F5A06472
:1055F000A04204D004F57454A14240F0EB80D1B233
:10560000784E19B922F48061B14224D125F4FF7497
:1056100024F00104B44225F0FF0112D0724EB142D1
:105620000FD025F47F7727F00307A6F57066B74201
:1056300007D006F5A066B14203D006F57456B44211
:1056400009D115F0FF0406D0684E44F00074B4424E
:1056500004BF02460D468BB122F4FF7323F0010311
:10566000B3F1062F06D0624B22F4FF6121F007014F
:10567000994203D122F4807225F48075954214BFBB
:1056800000200120F8BDB1F1A06F16D102F0FE4359
:10569000B3F1A06F40F0888082EA050333F47E13F3
:1056A00040F0828028047FD5C5F30540C2F305424F
:1056B00090428CBF00200120E4E74E4B9D4209D16F
:1056C000A3F500439A4200F081804B4B22F47E10F8
:1056D0009842D4E7B1F1407F60D102F0FE43B3F1CC
:1056E000407F5BD182EA050030F47E1456D131460A
:1056F0002846FFF73BFF00286AD1404912F47C1787
:1057000001EA020113D0B1F1607FC2F3054333D146
:10571000D1B241F0007101F17E410339122901D863
:105720003748445C15F47C1F2DD19C42A7E7B1F1AA
:10573000607F0AD1D3B243F0007303F17E43033B91
:10574000122B4BD82F49CB5CE2E7B1F1707F17D118
:1057500006F4E043B3F5005F42D10123C6F3022112
:105760008B4006F4E041B1F5005FDBD10120C6F3C8
:10577000022600FA06F4D5E7B1F1707FD2D1F0E746
:1057800000242346CEE71FB9C5F30541A1421DD031
:10579000290403D5C5F3054098428AE71A4B9D4278
:1057A00002D1B2F1082F6AE725F0004323F47F030A
:1057B000B3F1106F0CD102F0FE43B3F1106F07D1BB
:1057C0001248104040F01060A84258E7012059E705
:1057D000002057E7002B7FF446AF4FE7002397E701
:1057E0000023BEE70002000600130006FF000002CF
:1057F000004000060093C004000140050000C07F87
:10580000239C0400239C04000002C0030000FFF658
:1058100070B505460F480E460CF081FF044618B1DE
:105820006FF08F04204670BD6B6933602B7F012BB6
:105830000ABF022330602B77064818BF6FF096042A
:105840000CF073FF0028EDD0002CE9D06FF0960427
:10585000E8E700BFD009002038B50C4C0C480CF02C
:105860005EFF65780A480CF060FF0A480CF057FFAD
:10587000022D08D12478E31F5C425C4105480CF0FE
:1058800054FF204638BD0024F8E700BF2453002011
:10589000A0090020B80900202DE9F04789461546E7
:1058A0001C4600F0BFFC0646002851D1D9F8007014
:1058B000B7F800A00AF4E043B3F5804FBB6808BF17
:1058C00025F0010535EA03033AD1002C40D0B5F5A7
:1058D000006F40D0A5F5005255425541284A24F4A6
:1058E000FF7323F00103934213D0264924F0FF02F3
:1058F0008A420ED024F47F7020F00300A1F570617D
:10590000884206D001F5A0618A4202D01E4A934225
:1059100023D114F0FF0304D01C4A43F000739342D8
:1059200022D02B4622465046F968FFF73FFE8046BC
:1059300070B92B46224650463969FFF737FEE0B969
:105940006FF0840600233846C9F8003000F034FDBB
:105950003046BDE8F0870125C0E704F0FE43B3F10F
:10596000407F04D12304DCD56FF08606EAE7B3F16B
:10597000A06FF7D0054B9C42D2E74646E8E700BF50
:10598000000200060013000600460006FF000002A9
:1059900038B500F0FE43B3F1407F04460D4602D017
:1059A0006FF0860038BDFFF7E1FD0028F8D114F450
:1059B0007C1F18D0C4F30543032B137022D9224A4D
:1059C0002240B2F1607F31D1E4B244F0007404F1BE
:1059D0007E44033C122CE3D81C4A125D9342DFD86C
:1059E000202BDFD90EE0184B2340B3F1607F0FD19D
:1059F000E3B243F0007303F17E43033B122B04D95F
:105A0000002313706FF08500CCE71149CB5CD3E71E
:105A1000B3F1707FF4D101F4E043B3F5005FEFD14F
:105A20000123C1F302218B40DBB2C5E7B2F1707FE5
:105A3000B6D105F4E042B2F5005FB1D10122C5F361
:105A40000225AA40CAE700BF0000C07F239C0400D3
:105A5000239C04002DE9F3414768D0F814800446E4
:105A600038460E460DF039F90546E8B9FFB22FB9B0
:105A7000B8F1000F05D06FF0860515E0B8F1000F02
:105A8000F9D0A36823F0031323F47F43002BF2D152
:105A90004FF6F87362889A4228D8164827790CF096
:105AA0003EFE28B16FF08F05284602B0BDE8F081B8
:105AB00007B901A8314600F06BFB05460D480CF014
:105AC00034FE10B1002DEFD1ECE7002DECD10FCC5E
:105AD000D6F800C066460FC694E8070086E80700BF
:105AE000002FE1D1019BCCF81430DDE76FF0850584
:105AF000DAE700BFD009002010B5044650B10648CF
:105B00000CF00DFE20460CF041FFBDE810400248AD
:105B10000CF00BBE10BD00BFD009002013B5044629
:105B200010B301A900F07EFB0446E8B91D480CF053
:105B3000F6FD58B1002401980DF0BAF8002818BFFE
:105B4000044618480CF0F1FD70B10AE00198037F9B
:105B5000032B11D10DF0ACF8044612480CF0E5FD12
:105B600028B10CB96FF08F04204602B010BD002C94
:105B700008BF6FF08704F7E7022B0DD103230377EB
:105B80004368DAB2FF2A0AD01B0AD3D0D0E909123F
:105B900000F0C0FD0446CEE76FF09604CBE76FF04F
:105BA0008404C8E7D00900202DE9F04190461E4644
:105BB000002288B0038805460F460592CDF81C8068
:105BC0003260B8F1000F65D0B8F1005F80F0A180BD
:105BD00023F0FF03B3F5E24F02D0B3F5824F25D196
:105BE00028460CF0B1FD0446002840F08680EB68A2
:105BF00083B16A8872B12B8803F44F41B1F5824FAB
:105C000002D0B1F5884F05D1DBB2222B36D02CD88B
:105C1000122B38D03A46002308EB070112F8010B8B
:105C20008A4243EA0003F9D1002B33D0284605A964
:105C3000FFF710FF0446A0B9059B9B6A6BB3059B59
:105C400039465A882846069206AA029203F128028B
:105C500001929A6A00925B6A424600F01FFC044679
:105C600080B30598FFF748FF47E0273BDBB21B2BCB
:105C7000D0D8294921FA03F3DB07CBD50732B8EB9B
:105C8000D20FC7D206E040F209239A42F6D1B8F10A
:105C9000400FBFD86FF086042FE06B681B0A07D156
:105CA000079905980CF032FE04460028C7D0D8E7C3
:105CB00042463946284607AB00F094FB04460028CC
:105CC000EED0CEE70599069B4A88D2B94B804FF6B5
:105CD000F873069A9A4219D82B88059813B102884E
:105CE0009A4210D16B8813B142889A420BD1314647
:105CF000FFF78EFD04460028B3D1204608B0BDE86A
:105D0000F0819A42E3D06FF08604AAE76FF0850431
:105D1000A7E76FF08504F0E70102000C38B50446F0
:105D20000D46FFF799FD30B12A462146BDE83840BF
:105D300002480CF0FEBF6FF0880038BD28530020E9
:105D4000002273B503880A600092428804460D461B
:105D5000002A00F0FF80028802F4E042B2F5804F92
:105D600000F0F88023F0FF03B3F5E24F02D0B3F563
:105D7000824F04D120460CF0E7FC0646D0B96946B4
:105D80002046FFF767FE064660BB009B9B6AA3B1F7
:105D90000099204601F12803D1E9091200F056FBD1
:105DA00006460098002E40F0D2802946FFF730FDCD
:105DB0000646B8B9304602B070BD63681B0A40F0B1
:105DC000BD802288618802F4E043B3F5805F0DD086
:105DD000B3F5005F0AD002F44F40B0F5824F1ED0F9
:105DE0006FF085060098FFF787FEE3E710460CF09A
:105DF0005EFD06460028F5D147F201039A4220D104
:105E00004B080133DB0803EBC3033B330193DDE9AC
:105E100000010CF07BFD06460028B9D0E2E7B3F59F
:105E2000E04FDDD147F201039A42E9D022F0FF03AF
:105E3000B3F5884F15D1CB1DDB0803EB43030133CA
:105E4000E4E744F201039A4202D1CB081033DDE7C4
:105E500022F0FF03B3F5E84FEAD1CB1DDB085B006E
:105E6000D4E7B3F5EE4F67D0B3F58E4F02D1CB1D1B
:105E7000DB08CBE702F44F40B0F5824F02D0B0F51B
:105E8000884F06D1D0B2422801D1CB08D7E74128AC
:105E9000EDD0B3F5E24FEAD0B3F5824F03D1CB1D7D
:105EA000DB085B00CBE744F20D039A4224D844F2AE
:105EB00001039A42DBD9A2F58042023A0B2AD6D8D6
:105EC00001A353F822F000BF0D5F03006F5E0300D3
:105ED000195F03006F5E03006F5E0300215F030024
:105EE000295F03006F5E03006F5E0300315F0300F4
:105EF0006F5E0300315F030047F202039A421BD03A
:105F000047F204039A42B2D140237FE74FF4A072D4
:105F10004B095343203379E74FF4C0720B0AF8E77B
:105F2000CB1DDB08183371E7CB1DDB081C336DE795
:105F3000CB1DDB08023392E7202367E7204601A947
:105F400000F06AFA064600283FF461AF4AE70CF019
:105F500012FD47E76FF086062CE700BF10B51B4C1B
:105F60001B480CF0DCFB2378590744BF03F0FB030C
:105F700023709A0705D500F0F1F8237823F0020387
:105F8000237013480CF0D1FB12480CF0C8FB637867
:105F900013B111480CF0D0FE002304210E486370A9
:105FA000FFF7D8FA0B480CF0C0FB09480CF0B7FB20
:105FB0002378DB0705D50CF099FE237823F0010345
:105FC00023700348BDE810400CF0AFBB2453002001
:105FD000B8090020A00900202853002070B5FFF761
:105FE0003BFC10B10024204670BD34480CF097FBF8
:105FF000044620B16FF08F04FFF7B0FFF3E7304D98
:106000002B789E0706D400F0A1F804462B7843F0C5
:1060100002032B7029480CF088FB10B1002CE9D04A
:10602000EAE7002CE8D125480CF079FB044600286B
:10603000E0D12B78D80706D40CF056FE04462B7816
:1060400043F001032B701D480CF06FFB0028E5D1D5
:10605000002CD1D119480CF062FB0028CAD1174896
:106060002E780CF062FB0028C4D116480CF057FBC8
:1060700004460028BED16B783BB9F10705D512481C
:106080000CF054FE022304466B700E480CF04DFBDE
:106090000028C3D1002CAFD108480CF040FB0028E9
:1060A000A8D12B7805485A075CBF43F004032B7036
:1060B0000CF03BFB002895D09CE700BFB8090020FE
:1060C00024530020A00900202853002038B500F1F7
:1060D00040430F2B0CD82C221A4C02FB0344237F85
:1060E000022B02D16369834224D06FF08B001AE047
:1060F0006FF04042441E94420ED2124B00221C46C6
:106100001D7F022D02D15D69854210D00132102A17
:1061100003F12C03F4D1E8E70B4AA3F58053934233
:10612000EBD96FF0870038BD6FF09600FBE72C23AA
:1061300003FB024420460CF0AEFD0028F4D10C60B5
:10614000F1E700BF2C530020FFDFFF3F0122024B8D
:10615000002083F8C02270472C5300202DE9F04125
:106160000A4C002526464FF0010803272046C4F8B4
:106170002080277701350CF009FC102D04F12C0448
:10618000F4D1002386F8C032BDE8F0812C53002002
:10619000F8B5214D064621480F460CF0C0FA95F897
:1061A000C0421E480CF0C1FA7CB300242B462246A4
:1061B000197FD1B13CB9022905D1196A19B91979E8
:1061C000002918BF1C460132102A03F12C03EFD11D
:1061D00014B96FF08C0006E020460CF05CFD204600
:1061E0000CF0D4FB10B100240DE01C46237F7BB9DA
:1061F0000123237736B10A4B651BAD105D4305F1D2
:106200008045356000203C60F8BD6FF08800EAE70B
:106210006FF09600E7E700BF2C530020B80900207C
:10622000A38B2EBA0023F0B5054691B05E480B60F3
:106230000E460CF074FA5D4B5B4893F8C0420CF0CC
:1062400074FA002C00F0AC8059480CF068FA07464C
:1062500020B16FF08F04204611B0F0BD31462846C2
:10626000FFF734FF10F18C0F044607D050480CF0B4
:106270005CFA0028EFD0002CEDD1EAE73846FFF7B2
:1062800087FF074620B14A480CF04FFA3C46E2E748
:106290000122336801465D61336809A85A601C22F7
:1062A00035680DF033FE002200236869CDE906232E
:1062B000404A00F14043A3F580539342CDE904776F
:1062C00003971DD806AA03A90CF039FD0446B8B9F6
:1062D000039B6A690A93DBB2002B08BF00220346C6
:1062E000CDE90000DDE906010E9209AA00F064F98B
:1062F00010F18A0F04460ED0002808BF6FF09604F4
:1063000030680CF043FB14F18C0F08BF6FF087046A
:1063100000233360AAE704A909A800F07DF8044629
:106320000028EDD1284604990CF0F0FA0446002824
:10633000E6D1DDE9060105AB0193AB6A09AA00933A
:106340006B6A00F039F9044618B128460CF013FBCB
:10635000D6E72C46059BAB6209AD0FCD0FC495E87F
:10636000070084E8070032689368D80414D49904BD
:1063700044BF43F40063936033681A7F012A04BF6B
:1063800002221A7730680CF086FC044600283FF49D
:106390006DAF6FF09604BBE743F480639360E6E76C
:1063A0006FF0880457E700BFB80900202C53002085
:1063B000D0090020FFDFFF3F10B5044608480CF06D
:1063C000AEF940B920460CF073FC044604480CF0CA
:1063D000ACF910B10CB96FF08F04204610BD00BFAE
:1063E000D009002010B41946002443680C60084C02
:1063F0001A0AB4EB132F02D0064B9A4203D15DF870
:10640000044B00F017BB6FF086005DF8044B70473B
:10641000004E80004B4E800010B4002443680C6096
:10642000084C1A0AB4EB132F02D0074B9A4203D13F
:106430005DF8044B00F0FEBA6FF086005DF8044B87
:10644000704700BF004E80004B4E80002DE9F041A8
:10645000456804462D0A0E461746984606D00E4C4F
:10646000A54214D06FF08600BDE8F08105886D0468
:1064700007D443463A4631462046BDE8F0410CF089
:10648000F5BB00F0B7FD10F1860FEDD1F1E7BDE8E7
:10649000F04100F0AFBD00BF4B4E80002DE9F04F42
:1064A000DFF880B0D0F804E085B0BBEB1E2F0446C7
:1064B000DDE90E890D4616461F46DDF840A04FEA7D
:1064C0001E2C1CD0DFF860E0F44518D0BCF1000FA2
:1064D00022D1CDE9019ACDF8008000F029FD10F11C
:1064E000860F1BD13B46324629462046CDE90F9AFE
:1064F000CDF8388005B0BDE8F04F0CF01ABA3B4635
:10650000324629462046CDE90F9ACDF8388005B0AD
:10651000BDE8F04F00F00CBD6FF0860005B0BDE89F
:10652000F08F00BF004E80004B4E800030B44468B6
:10653000240A06D0064DAC4206D030BC6FF086006F
:10654000704730BC0CF03FBA30BC0CF0E7BD00BF68
:106550004B4E80002DE9F7430D46DDE90A891646CA
:10656000134942681F46B1EB122F04464FEA12232B
:106570000ED0104A934200D0ABB93B463246294672
:106580002046CDE900890CF09DFD10F1860F0CD15D
:106590003B46324629462046CDE90A8903B0BDE88C
:1065A000F0430CF08FBD6FF0860003B0BDE8F083C0
:1065B000004E80004B4E8000F0B4DFF830C05468CD
:1065C000DDE90456BCEB142F4FEA142702D0064C29
:1065D000A74204D1CDE90456F0BC00F061BD6FF0D4
:1065E0008B00F0BC704700BF4B4E8000004E800017
:1065F0002DE9F043DFF84890DDB2446845F00075BE
:106600004D45DDF82C804FEA1424DDE90767DDE90C
:1066100009CE0CD014B1094DAC420CD1CDE90AE839
:10662000CDE9087C0796BDE8F0430CF05BBC6FF049
:106630008500BDE8F0836FF08600FAE74B4E8000DE
:1066400005000002F7B5089E0E4FF5B2044645F06E
:1066500000754868BD424FEA10200DD010B10A4DB8
:10666000A8420CD1009604F108000CF030FC08B9E7
:106670000523236003B0F0BD6FF08500FAE76FF0EB
:106680008600F7E7050000024B4E8000F7B5089E34
:106690000E4FF5B2044645F000754868BD424FEA1A
:1066A00010200DD010B10A4DA8420CD1009604F173
:1066B00008000CF00EFC08B90523236003B0F0BD00
:1066C0006FF08500FAE76FF08600F7E7050000023B
:1066D0004B4E80002DE9F04144681D46DDE9087C01
:1066E000DDE90636240ADDF828E003D0DFF8208053
:1066F000444508D1CDE909E5CDE9077C0696BDE81A
:10670000F04101F02BB86FF08600BDE8F08100BFCA
:106710004B4E80004268044BB3EB122F01D10CF0BA
:1067200034BD6FF0850070474B4E800010B50C4CA7
:1067300020680DF083FB0B4A1368591C11604BB99C
:10674000094A4820D2F8003443F00703C2F8003465
:10675000EFF788FA2068BDE810400DF075BB00BF68
:10676000F4090020F05500200080045038B5164D83
:1067700028680DF063FB154B1C68013C1C60ECB9EC
:106780004820EFF77DFA0722114BC3F80823D3F80E
:10679000002422F00702C3F80024C3F80041D3F814
:1067A0000021C3F80441D3F804214FF48072C3F8E8
:1067B0000841D3F80831074BC3F888212868BDE8A1
:1067C00038400DF041BB00BFF4090020F055002017
:1067D0000080045000E100E070B5154D154E2B68A7
:1067E000B34222D0FFF7A2FF01F03CFA124A134B4A
:1067F000134952F8040B43F8040B8B42F9D101F012
:1068000081FA38B10CF09DFA0446FFF7AFFF3CB9AE
:106810002E6005E000F040FE044618B1FFF7A6FF29
:10682000204670BD0CF050FDEEE70024F8E700BFF5
:10683000F009002011736500EC73040000C0805162
:106840001CD38051F8B505460E4618461C21174644
:106850001C460DF042FB6B6821491A0AB1EB132F5D
:106860001BD1204A337822611F4A13F00303E260F0
:1068700066610CD0023303F00303012B26D86B882A
:106880000733DB086360194B23600020F8BD6B8879
:106890000733DB086360164BF6E7164B9A4212D1BA
:1068A0006A69154B1344022B13D90023224642F880
:1068B000183FC4E9033362616A69104B9A4201D1FF
:1068C0002023E7E747B1C4E90067DEE76FF0840003
:1068D000DCE76FF08500D9E76FF09600D6E700BFE0
:1068E0004B4E800011710300913204000000002023
:1068F00040008151004E8000FF3F008004C0FF7FB8
:106900000022074BC3F81021C3F80C21C3F8002163
:10691000C3F80421C3F80821C3F81421704700BF4D
:106920000050045008B5FFF7EBFF01230360104B44
:106930000A6832B9D3F80C211AB9D3F80821002A11
:10694000F6D00B687BB90B4B99420ED0A3F584733C
:10695000D3F80831002B14BF6FF002004FF0FF3066
:10696000FFF7CEFF08BD0020FAE74FF0FF30F7E752
:10697000005004500851045038B505460C4691B1FA
:10698000002101200AF00AFB08480949C0F8005517
:10699000C0F80445FFF7C6FF0021044608460AF088
:1069A000FDFA204638BD6FF00104FAE700500450AC
:1069B00000510450034B0449C3F800050348FFF796
:1069C000B1BF00BF005004500451045004500450A3
:1069D00010B50446002101200AF0E0FA064B0749F1
:1069E000C3F800450648FFF79DFF0021044608460E
:1069F0000AF0D4FA204610BD00500450085104504B
:106A00000850045038B50C4659B1074D0749C5F830
:106A100000050748FFF786FF10B9D5F80835236051
:106A200038BD6FF00100FBE70050045010510450D6
:106A30000C50045070B51C4E44680288B6EB142FFD
:106A400043884FEA142514D14069184B98420CD062
:106A500003F5FF437D330344012B22D8B2F5105FC9
:106A60001FD1022300200B6070BD47F212139A421F
:106A7000F6E70F48854214D102F44F40B0F5824F3B
:106A800009D144F21210073382424FEAD303E9D10D
:106A90005B000133E6E7B2F5885FE2D10733DB083C
:106AA000E0E76FF08600DFE7004E800001C0FF7F67
:106AB0004B4E800000212DE9F043064695B0084674
:106AC00001F054F80DF12705044625F01F0520B10B
:106AD00015B0BDE8F0430CF034B94FF01009DFF801
:106AE0008480012210211E480CF097F91C4A2B19B2
:106AF000009320211023CDF80490A2F1200000F093
:106B00008BFE074650B1002001F01EF838460CF00D
:106B100018F90746384615B0BDE8F083D8E90C32BD
:106B20001034013342F10002302CC8E90C32D8D1C4
:106B300001F00AF826B12246314628460CF060F9E9
:106B40002E46084C0FCE0FC496E80F00203584E87F
:106B50000F0095E80F00103484E80F00DAE700BF5B
:106B60009045002070450020F0B5194D194FAB6BD2
:106B70008DB0BB4229D0184E30680DF05FF940232C
:106B80000022194628460DF09DF9302168460CF088
:106B900074F9044678B96846FFF78CFF044690B94B
:106BA00030230246194668460DF08CF90122002375
:106BB000C5E90C23AF6330680DF046F920460CF0B0
:106BC000C0F80DB0F0BD0E24F5E70020F9E700BFD6
:106BD00070450020B4A5B4A5F80900202DE9F04FB8
:106BE00099B00DF1570902F10F0A0446884615467F
:106BF00029F01F094FEA1A1A32B1002900F08580E6
:106C0000B2F5803F00F28180414F424E38680DF06E
:106C100015F9D6E90C32134308D12046FFF7A4FF3B
:106C2000044618B138680DF00FF95AE0D6E90C2384
:106C30001AEB020243F10003B3F5803F14D3302175
:106C400002A80CF01AF9F8B902A8FFF733FF0446BE
:106C50000028E7D130230246194602A80DF032F988
:106C600000220023C6E90C230021084600F07EFF25
:106C7000044660B910249DB9284600F065FF2846F7
:106C8000FFF718FF0446CDE76FF09204CAE73868B3
:106C90000DF0DAF8204619B0BDE8F04F0CF051B80D
:106CA000102D4FF001024FF010011B48AB4628BFDA
:106CB0004FF0100B0CF0B1F8174A10232021CDE94A
:106CC0000094A2F1200000F0A7FD824668B10020E8
:106CD00000F03AFF38680DF0B7F850460CF031F884
:106CE0000446204619B0BDE8F08F5A464046494652
:106CF0000DF0FFF8D6E90C32013342F10002C6E98B
:106D00000C32A5EB0B05D844B5E76FF08604E8E735
:106D1000F80900207045002090450020F0B4056877
:106D2000049C65BB14F47C1604600AD0C4F30546C9
:106D3000164D24F47E14AC42466024D1F0BC00F021
:106D400077B8134D2540B5F1607F0AD1E5B245F023
:106D5000007505F17E45033D122DE9D80D4E765D97
:106D6000E6E7B5F1707FE3D10D8805F4E047B7F5AC
:106D7000005F02BF0126C5F30225AE40D8E76FF0E1
:106D80008800F0BC70476FF08500FAE70002C0038E
:106D90000000C07F369C040010B404684CB16AB196
:106DA000094B24F47E149C420AD15DF8044B0CF08C
:106DB000D1B86FF088005DF8044B70471046FAE7D1
:106DC0006FF08500F7E700BF0002C003F8B51E466C
:106DD000036805460F4603B311B34168914222D8B8
:106DE000124A23F47E13934211D10CF033F9044676
:106DF00078B905F10C0138466A680DF07AF86B68CD
:106E00004FF4C271284633600DF067F803E06FF06D
:106E10009604002333602046F8BD6FF08804FAE73B
:106E20006FF08604F7E76FF08904F4E70002C0030F
:106E30002DE9F0410E461C4633880546B3F5105F38
:106E400011463DD10F2C0BD873681F481A0AB0EBBE
:106E5000132F07D01D4B9A4204D06FF086042CE00C
:106E6000202CFAD805F5B2772246384605F5A478E5
:106E70000DF03FF82246434639463046FFF7E2FC24
:106E80000446D0B905F164060121304600F06EFEDB
:106E900018B1BDE8F0410BF054BF414605F1500078
:106EA00000F008FD0446304600F04EFE0CB12046CE
:106EB000EFE7102385F84C40AB602046BDE8F08139
:106EC0006FF08504F9E700BF4B4E8000004E800054
:106ED000602A2DE9F04105460F4616461FD8DFF817
:106EE0004C80D8F800000CF0A9FF28460CF0D0F92F
:106EF000044620B9324638460B490CF0FAFF2846C2
:106F000000F006F90546D8F800000CF09DFF002DB2
:106F100014BF28462046BDE8F0410BF012BF6FF0C9
:106F20008900BDE8F08100BF00000020FC090020BE
:106F30004FF0000C2DE9F04F8DB0DDF86090058822
:106F4000DDE9166AC9F800C004460F46904603936F
:106F5000CAF800C0002E44D0D0F804C0DFF890B0CA
:106F60004FEA1C2EBBEB1C2F26D104A94569FFF765
:106F700061FD0146C8B9049B9E421AD35FFA85FBA6
:106F8000594643463A46204600F020F9014660B98A
:106F90005846CDE9006A039B05AA00F0DDFA0146D8
:106FA00018B9BDF81630C9F8003008460DB0BDE874
:106FB000F08F6FF08901F8E7BEF1000F14D125F0D2
:106FC000FF04B4F5E24F04D10DB0BDE8F04F0CF072
:106FD0006FBCB4F5824F07D10DB0BDE8F04F0CF097
:106FE0008EBC6FF08601E0E76FF08501DDE700BF42
:106FF0004B4E80002DE9F043DFF8A090D0F804C09C
:107000000546B9EB1C2F0F4616469846048893B0E8
:107010004FEA1C2E2DD142880732B2F5C47F4FEAC9
:10702000D20937D224F0FF02B2F5E24F11D14A461D
:1070300006A90CF0D1FB48B905ABCDE901834A465E
:107040003B462846009606A9FFF772FF13B0BDE83D
:10705000F083B4F5105F06D0B4F5885F03D042F238
:1070600004039C4216D14A4606A90020FFF7B6FD4C
:10707000E1E7BEF1000F0DD14AB124F0FF04B4F5F1
:10708000E24F07D113B0BDE8F0430CF0A5BB6FF0A1
:107090008600DBE76FF08500D8E700BF4B4E80002D
:1070A00030B4074C041961F10005032C75F100059B
:1070B00002D330BC00F050BA6FF0850030BC70478E
:1070C000FF3F00806029F8B505460E4618D80E4FE0
:1070D00038680CF0B3FE28460CF0DAF80BF031FEFD
:1070E000044640B90949324628460CF002FF6021A7
:1070F00006480CF0F2FE38680CF0A6FE2046F8BDFB
:107100006FF08904FAE700BFFC09002000000020AE
:1071100008B503789B0705D0054860210CF0DDFE1B
:10712000002008BD0CF0D0F80028F5D00220F8E7C8
:1071300000000020F7B5244943680446B1EB132F43
:10714000DAB23DD1032A03D16FF0840003B0F0BD61
:10715000466901A9F5B228460CF044F80028F5D19B
:1071600021466A4601980CF012F8044610BB009FB5
:10717000A74218D89DF8043007F0070223F01F0338
:1071800043EA820301A88DF804308DF80560FFF70B
:10719000BFFF394628460CF040F870B903B0BDE88F
:1071A000F0400CF052B86019FFF704FC0028CBD176
:1071B0000134DCE76FF09800C8E76FF09200C5E794
:1071C0006FF08B00C2E700BF4B4E80002DE9F04FFF
:1071D00089B005460E4617461C460CF036F80028C6
:1071E00040F030816B690090C3F3013262F3051007
:1071F0008DF8000010F0300008D1A968890710D080
:107200006FF08608404609B0BDE8F08F102808D11D
:10721000BDF8023023F4F87343F4A873ADF80230DC
:1072200089E0E96801F0FE4CBCF1A06F0BD0DFF8FB
:1072300058C261450AD0DFF854C2614515D0DFF865
:1072400050C261450ED0DBB2F82B07E01421009B41
:1072500061F3933300932B88B3F5105F1BD06FF06D
:107260008508CFE72421009BF2E7AB685B04F6D5E5
:107270002B8803F44F41B1F5824F02D0B1F5884F0E
:10728000EDD1DBB2122B01D0412BE8D13821009B8C
:1072900061F39333009300234FF0010B9846194696
:1072A0009C46D5F808E0DFF8EC9159F804AB1EEAEB
:1072B0000A0F08D00BFA0CF343EA080303F07F0827
:1072C000012341EA0A010CF1010CBCF1070FECD1DA
:1072D0002BB19DF8033068F347038DF803303EEA85
:1072E0000101BCD16B88FF2B39D005D8802B38D059
:1072F000C02BB4D1022306E0B3F5807F33D0B3F5C1
:10730000C07FACD106239DF8021063F306118DF8FF
:10731000021018B91EF0030F7FF472AF2B79022B05
:107320002ED022D8012B7FF46BAFBDF8021063F38F
:10733000C811ADF80210012A3AD0032A25D0002A3C
:107340007FF45EAF2B88B3F5105F88D1182C04D082
:10735000202C02D0102C7FF453AF484D2CE0032397
:10736000D1E70123CFE70423CDE7032B02D0FF2B86
:107370007FF446AF0221BDF8023061F3C8134DE738
:10738000BDF8023043F4C07348E7202C05D006D87E
:10739000102C02D0182C7FF433AF394D0CE024F0C0
:1073A0002003412B01D0302CF5E70137013CF4E7F5
:1073B000302C7FF425AF334D4FF000080F344FEAE7
:1073C000141906EB08000BF04EFD002852D008F10E
:1073D0000108C145F5D11F2C2ED11C22002101A886
:1073E0000CF094FD4FF0000B4FF0FF3A05EB0B1241
:1073F0004FEA0B130692BBF1000F26D1009A0792B9
:10740000BDF802203B44C2F3C11205920DF1040CF9
:1074100003F1100E624618685968083303C27345B9
:107420009446F7D101A906EB0B00FFF7A5FA8046B9
:1074300070B10BF00AFF05E0494630460BF0EDFE57
:107440000028CAD06FF09208DCE6CDF81CA0D7E780
:107450001C2101A80BF1010B0CF03FFDD945C5D152
:107460001F2C3FF4CFAEBA20FFF7B2FA00283FF44A
:10747000C9AEE7E76FF08A08C4E600BF400081515B
:107480000000002010840450004440040000020961
:107490000002C0030887040010B590B01C22002130
:1074A00001A80CF033FDF8200BF0DDFC00B3202226
:1074B00000200DEB0201FFF791FB0446F0B94FF4F9
:1074C0008071104A104B01A8CDE901230F4BCDE983
:1074D00003130F4BF821069320230DEB0302FFF754
:1074E00075FE202104460DEB01000CF0F6FC05E0D2
:1074F000F9200BF0B8FC0028D9D10446204610B082
:1075000010BD00BF00240001014B4E800010C004DC
:10751000F800FF7F73B5C5B20E46284601A9144690
:107520000BF060FE88B9BDF80630C3F3C113013B10
:10753000DBB2022B8FBF6FF08600054AD25C054B91
:107540009EBF13433360C4E9005002B070BD00BF5A
:10755000499C0400004B4E802DE9FF41884601A95B
:10756000064614461D460A9F0BF03CFE48B9B6F18C
:10757000F80348F1FF38022B78F1000804D26FF0CD
:10758000860004B0BDE8F0810BF05FFE002861D1F9
:10759000002CF4D09DF8041011F00F0240F0C380CD
:1075A000BDF80630C3F3C113013BDBB2022B00F27E
:1075B000BD80634801F03008C05C624BB8F1100F29
:1075C00043EA000363602AD15F4B2360204602A98F
:1075D000FFF730FA0028D4D1029BBB4200F2AC8006
:1075E00044F2121221880198914204BF042205F846
:1075F000012B0B9A214613609DF804302A78C3F3BF
:10760000011363F301022A7003AA08BF07F1FF37D1
:107610000BF0BDFD002870D06FF09800B1E7134665
:107620009DF807C0DFF830E14FEA5C00A8B9D0044C
:1076300054BF134642F48063990448BF43F4006387
:10764000A360019BC3F38533242B35D0382B0ED098
:10765000142B35D06FF0920093E7C10704D5062BA9
:1076600067D85EF823100A4340080133DEE747F28B
:10767000121347F2411C9DF8060000F070003028FC
:1076800008BF63463148E0609DF806002380C0F3E0
:10769000021001380528BFD80FF2040C5CF820F066
:1076A000F7760300C9760300E7760300EB76030064
:1076B00019760300F17603004FF410532448E2E7F3
:1076C0004FF410532348DEE7C0206080B8F1000F6C
:1076D0007FF47CAFB3F5105F02D193073FF476AF30
:1076E0006FF096004DE7FF20EFE74FF48070ECE776
:1076F0004FF4C070E9E78020E7E72B78039A6E70BB
:1077000062F384032B70238803F44F42B2F5824F57
:1077100004D139462846FFF7D5FC32E7B3F5885F38
:107720007FF42FAFF5E76FF088002AE76FF0910044
:1077300027E76FF0830024E76FF0890021E700BF9F
:10774000499C0400004B4E8001108001000002099A
:107750000002C00300444004088704002DE9F047FC
:107760000688174606F44F4286B0B2F5824F994616
:10777000DDE911A3884602D0B2F5884F1DD1F6B2DB
:107780000024224D41881D4023F0004323F47F0351
:10779000B3F1106FCAF800401D4B45F010650ED1D3
:1077A0009D420ED1038823F0FF03B3F5E24F0ED0C4
:1077B0006FF0860006B0BDE8F0870026E0E79D4246
:1077C00002D0144B9D42F3D16FF08500F2E73046B2
:1077D00005AA00F06DFBB8B9059B5B68BB42E7D119
:1077E000304600F0A5FB0028EED0109B3A460293ED
:1077F0000F9B414601930E9B05980093CDF80CA07A
:107800004B4600F0C1FCD5E72046D3E70000FFF669
:10781000000002090000010937B54FF4807401949B
:10782000214C41F00051A16140F6110143F0005399
:10783000A3622123E16104F120016161012122623F
:10784000E362069A194B01AD1A60079A256042F06F
:1078500000521125C3E901122022DFF854C0206133
:10786000C4E902C504F1100565606162DA60BFF326
:107870005F8F4FF0A3421460BFF35F8FBFF35F8F42
:107880001361BFF35F8FBFF35F8F03235363BFF3B6
:107890005F8FBFF35F8F9363BFF35F8F0BF09FFD2D
:1078A000431CFBD003B030BD04560020F45500202B
:1078B0000400002038B504460D4619B10A688B68EB
:1078C0001AB953B96FF0210029E033B94B6823F09E
:1078D0000802102A01D0202B36D12561EB68D3B9DC
:1078E0001B4B04F17801236001236360AB6804F152
:1078F00014009A069B01DBB202F0E0421A4342F404
:107900008032112300F026F8AB684BB10020102321
:10791000C4E9020303E0686998470028E0D038BD55
:107920002A68A3691A606B68A26943F000539360E8
:107930002268A36992699268DA60A3691033A3612F
:10794000636801336360E1E76FF04100E7E700BF80
:1079500024870400026100F11402826000F1100229
:107960004160C2600A604268034991604268D36026
:10797000436810334360704704000020BFF35F8FFB
:10798000094A1368BFF35F8F43F48071BFF35F8FC1
:107990001160BFF35F8F23F48073BFF35F8F1360B9
:1079A000BFF35F8F704700BF0010805108B5FFF72D
:1079B000E5FFBFF35F8F064A1368BFF35F8F43F0A5
:1079C0000103BFF35F8F1360BFF35F8F08BD00BF7C
:1079D0000010805170B50026C0E9006605460C46CF
:1079E000FEF7A4FE01232B70FFF7C8FFBFF35F8FE4
:1079F000204BDB68BFF35F8F9B08013BACB3226871
:107A000042B19A4205D9FEF7B1FE6FF03F002E70E9
:107A100070BD1346D4E90115E068002908BF4FF492
:107A20000071002808BFF1202469BFF35F8F114A5D
:107A30009360BFF35F8FBFF35F8F1564BFF35F8FFA
:107A4000BFF35F8F5064BFF35F8FBFF35F8F5163EE
:107A5000BFF35F8F44F4802444F00104BFF35F8FD1
:107A60001460BFF35F8F0020D2E74FF40071F12064
:107A70002546DAE70010805170B503780D461446AC
:107A8000002B52D0BFF35F8F2C4A136BBFF35F8F75
:107A900003F00E010A294BD013F00C0F02D14FF066
:107AA000FF3070BD4368D3B9BFF35F8F5368BFF336
:107AB0005F8F032BF3D9224B2249BFF35F8FD2F89C
:107AC0008060BFF35F8FBFF35F8F43F8046BBFF33A
:107AD0005F8F8B42F1D1FFF769FF01234360BFF352
:107AE0005F8F164B9A68BFF35F8F0132B4EB021FB2
:107AF00021D8BFF35F8F5A68BFF35F8FB4EB820F5B
:107B0000CDD884B1BFF35F8FD3F88020BFF35F8FF0
:107B1000291D05F8012BA9424FEA122204F1FF3476
:107B2000EFD0002CF5D10020BBE76FF02000B8E7C4
:107B30006FF05100B5E76FF03F00B2E700108051E1
:107B4000101080512010805110B5044608B1037800
:107B500043B1FEF70BFE044B18680CF075F90CB13D
:107B60000023237010BD00BFFC09002073B50D4633
:107B70000646FEF7DBFD15F0010509D001A800F06F
:107B800073F9044620B1FEF7F1FD204602B070BD46
:107B9000184B18680CF052F90EB101233370BFF383
:107BA0005F8F4FF0A3430022DA61BFF35F8FBFF313
:107BB0005F8F4FF0FF321A63BFF35F8FBFF35F8FAA
:107BC0003422DA61BFF35F8F01220B4BC3F8042329
:107BD00075B101980BF0EFFE042104460DEB010096
:107BE0000CF07BF9002CD0D03046FFF7ADFFCCE78E
:107BF0002C46CAE7FC0900200080045038B5164C1A
:107C0000D4F80051C5B1BFF35F8F4FF0A343996A19
:107C1000BFF35F8FBFF35F8F4FF0FF321A63BFF385
:107C20005F8F0023C4F80031D4F800310B4B186883
:107C3000BDE838400CF01BB9D4F8083153B100F05E
:107C4000A9F80BF086FDC4F80851D4F808310121D9
:107C5000034BECE738BD00BF00800450040A00204D
:107C6000000A002008B5074B18680CF0EFF8064B27
:107C700018680CF0EBF8BDE80840002248201146D7
:107C8000EEF712B8040A0020000A002038B5094BAC
:107C90001C7864B1084B4FF0FF311D6828460CF08A
:107CA000D7F84FF0FF31044628460CF0DEF82046A6
:107CB00038BD00BFE05D0020040A002038B5074B46
:107CC0004FF0FF311D6828460CF0C2F804464FF013
:107CD000FF3128460CF0C9F8204638BD000A0020C4
:107CE00010B5064CE36C3BB9214651F84C3B986902
:107CF0000BF04CFD0123E364014810BD3456002015
:107D00008056002010B50A4B0A4C236003F5C0438F
:107D100063602461FFF7E4FF236D0020B3F5007F6B
:107D2000CCBF4FF480634FF40073A36010BD00BF5D
:107D3000002080513456002010B50446114B1868BD
:107D40000CF07CF8104B1A68236122605A6862605C
:107D50009A68A2600D4A12689A660023A364FEF72F
:107D6000E5FC04220A4BC3F8042320460BF0E2FC96
:107D700020B920460BF0E3FC00B910BDFFF79EFFD1
:107D8000F3E700BF080A00203456002050870400A3
:107D9000008004500048704734560020042210B57B
:107DA0000446084BC3F80823FEF7E0FC064A2369A3
:107DB00012689A6600236364044BBDE8104018689B
:107DC0000CF042B80080045050870400080A0020DC
:107DD000244B0340B3F5806F30D016DC402B2FD0FE
:107DE00008DC102B2ED0202B2ED0181E18BF0120FF
:107DF00040007047B3F5807F28D0B3F5007F27D0CF
:107E0000802B14BF02200B207047B3F5804F21D088
:107E10000BDCB3F5805F1FD0B3F5005F1ED0B3F568
:107E2000006F14BF022006207047B3F5004F17D033
:107E3000B3F5803F14BF0220032070471120704724
:107E40000A2070470C2070470920704708207047AF
:107E500007207047142070470520704704207047A2
:107E60000F207047F0FF010070B50E4D0E4E044616
:107E700028680BF0E3FF306828B980220B49FEF731
:107E8000ADFE60B92020094A013852F82020306048
:107E90002260002428680BF0D7FF204670BD022422
:107EA000F8E700BF0C0A0020A0560020A4560020CE
:107EB00012281BD0A0F11203302B2DD826280DD864
:107EC0001738C3B20B2B27D81648184100F0010011
:107ED000C0F1FF2000F57F007A3070472738C3B229
:107EE0001148D84000F0010087387047B1F5807F15
:107EF0000ED006D8E02914BF6FF086006FF0850021
:107F00007047B1F5C07F0AD040F209239942F2E7E9
:107F1000064B0020136070476FF0860070476FF0CB
:107F200085007047EEF7FFFF1102000CE4880400A3
:107F3000A0F11203DBB21E2B9DBF0348D84000F016
:107F400001000020704700BF2102214270B50446A5
:107F5000A4B0466811A80D46FFF7EEFE174B11A816
:107F600019680BF00DFC21466B46002211A80BF09E
:107F70006AFE044680B911A80BF0F8FDDDE9001295
:107F8000034628460BF077FD11A80BF0BFFE11A8A1
:107F90000BF0E7FB044648B111A8FFF7FFFE2046AF
:107FA0000AF0CFFE0446204624B070BD11A8FFF7AA
:107FB000F5FE314668460BF090FFF4E7F4880400C4
:107FC00070B5D51D1C78ED080646042C08461146F0
:107FD0004FEA450286B002F101021DD10A9C94428B
:107FE0001AD1104C104A344044F0106494424FF0BF
:107FF000000414D15A1CCDE902526A1C134401AA90
:10800000CDE904530194FFF753FF18B9019802A971
:10801000FFF79CFF06B070BD6FF08600FAE72046C0
:10802000F8E700BF0000FFF6000002092DE9F0416B
:10803000038803F44F44B4F5824F02D0B4F5884F5F
:1080400022D1DEB2C56803F4E0401F4B00241F4676
:1080500093F800C0B4451BD1D2F80080B0F5804F32
:108060000CBFD3F80CC0D3F808C0D3F804E0B8F1C3
:10807000000F0BD18C4509D1C2F800E08C450DD022
:108080006FF08600BDE8F0810026DBE7F045F5D013
:108090000134132C03F11403DAD1F1E7142303FBA9
:1080A00004773B7C13B96FF08500EBE7422E09D1D2
:1080B000064B9D4206D003F20B139D4202D00A33B9
:1080C0009D42DDD10020DDE768870400000800063E
:1080D0002DE9F34105881F4605F44F43B3F5824F60
:1080E0000E468046418802D0B3F5884F1BD1EDB2D1
:1080F000422D3DD8402D13D8A5F11203DBB21E2B23
:1081000036D81E4A42FA03F3DA0731D4CC1DE4080C
:1081100064000134089BA34207D26FF0890024E079
:10812000CC1DE408F6E700242546284601AAFFF7FF
:10813000BFFED0B9D8F80420114BB3EB122F19D0E1
:10814000123DEDB21E2D15D80E4BEB40DB0711D5BD
:1081500039460423019A01F8013B304600F0A6F8A5
:108160000AF0EFFD08B9099B1C6002B0BDE8F08180
:108170000024DAE76FF08500F7E700BFDEFFFFBFFE
:10818000004E8000210000402DE9F0411546C4B0AA
:1081900003AC1E460DF104080FABC8E90021C4E989
:1081A0000132226020AB10220746002107A8E360BD
:1081B0000BF0ACFE4A9A6B0001339A426DD13378D2
:1081C000042B6AD14C9B9D426AD8731CCDE907539E
:1081D0006B1C1E44384607A9CDE90956FFF7B6FEC9
:1081E0000546002855D131A8FFF7A6FD2E4B31A832
:1081F00019680BF0C5FA0A26002239460BAB31A8E4
:108200000BF021FD0546002834D131A80BF0AEFC5F
:10821000054602460B9940460BF004FCDDE90C12C2
:108220002B4607A80BF027FC31A80BF06FFD31A8F7
:108230000BF097FA0546E8B9013EDDD131A80BF005
:10824000D2FC064631A80BF091FC23460246D6E943
:1082500000010BF000FC636822680C93A3684B9943
:108260000D93E3680BA80B920E930BF0DBFB4D9B79
:108270000B9A1A60D4E900100BF02FFED4E902101B
:108280000BF02BFE28460AF05CFD054631A8FFF7EF
:1082900085FD284644B0BDE8F0816FF08605F8E71B
:1082A0006FF08905F5E700BF0C8904002DE9F04760
:1082B00096B0814603A80E4615465768FFF73CFD69
:1082C000254B03A8D3F800A04FF0000851460BF04F
:1082D00057FA6B460022294603A80BF0B4FC04466B
:1082E00018B103A8FFF75AFD21E03A464946009825
:1082F0000BF0DCFBDDE90123294603A80BF061FC50
:1083000003A80BF003FD03A80BF02BFA0628044684
:1083100011D108F10108B8F10A0F04D0514603A8A1
:108320000BF02EFAD5E703A8FFF738FD6A242046A4
:1083300016B0BDE8F0870028D3D103A80BF053FC9A
:1083400005463A46016830460BF0BBFB3A46696881
:10835000F0190BF0B6FBC4E70C890400F8B50E4B1E
:1083600006461D68AB789B0712D56F6816F8014B5F
:1083700029462CB90A20B847002805DB204609E029
:108380002046B8470028F1DAAB7843F00403AB701D
:108390004FF0FF30F8BD00BF806C04000CB430B566
:1083A0008BB004460D462022002102A80BF0AEFD42
:1083B0000223002D06948DF80A300C4B039312DB38
:1083C00001D06B1E1C440FAA0E9902A807940192BB
:1083D00000F002F915B1069B00221A700BB0BDE83F
:1083E000304002B070470024EDE700BFEB420400CC
:1083F000242AF0B5044601D8012A40D12E4B16227A
:10840000EDF7ACFD1A5001B10C600020F0BD2F4615
:108410003D4615F8010B2028F9D0A0F109060346C6
:10842000042EF4D92B282CD02D282CD101262B78E2
:10843000BD1C302B2DD1287840F02000782824D185
:1084400032F0100021D16B782C461022023500202A
:10845000392B82BF03F1FF3343F02003263B303B2F
:108460009A421AD9A0FB02040CB9C01801D346F0F5
:1084700002062F462C4617F8013B3D46E8E7074623
:10848000C6E70026D3E70026D3E7002A08BF082264
:10849000DDE7002A08BF0A22D9E701B10C60F20724
:1084A00048BF4042B307B1D5034B2222EDF756FD3A
:1084B0001A504FF0FF30A9E70C0000002DE9F04101
:1084C0000126B24201DCBDE8F08107463B461F466B
:1084D00013F8014B002CF6D0252CF8D11D7802376B
:1084E000252DF3D00023DFF8EC809C461C461F2C82
:1084F00027D8A5F1200EBEF1100F06D828FA0EFEDF
:108500001EF0010F53D12E2D3CD02E2D27D8242D17
:1085100033D02A2D36D0BCF1000FD4D0B445D5D1FC
:1085200045F020070B68A7F1650CBCF1020F01D9DB
:10853000612F42D1073323F00703083301360B6064
:10854000BFE77F2CDFD96C2D23D01DD8682D27D015
:108550006A2D01D04C2DDED144F4207408E0A5F141
:10856000300EBEF1090FEED80A2404FB03E32024E9
:1085700017F8015B002DBAD1CDE7BCF1000F18D080
:10858000B34218D00023F3E7742DF1D07A2DEFD049
:10859000C1E7250648BF44F4007444F08004E7E7CF
:1085A000E50548BF44F4007444F48074E0E7002417
:1085B000DEE79C46E6E76325B2E7692D02D007D8DF
:1085C000632D03D0250601D5A405B3D40433B5E744
:1085D000732DF6E7892801002DE9F04F837893B0D9
:1085E0008046D0F804909C07CDE9081214D50B46BC
:1085F00000250B92187888B1252813D001330693F3
:1086000041460135C847002880F2F48398F80230CB
:1086100043F0040388F802304FF0FF35284613B0CA
:10862000BDE8F08F93F801A09A1CBAF1250F0692CD
:10863000E6D04FF0000B5E465F465C461F2C23D809
:10864000AAF12003102B22D8DFE803F01521211B0B
:108650002121210B2121211321182121090044F07E
:108660000104069B13F801AB0693BAF1000FE5D1A4
:108670001BE044F0020444F00404F2E744F0080470
:10868000EFE744F01004ECE77F2C00F2F880BAF139
:108690002E0F00F0D58000F2AE80BAF1240F00F06A
:1086A000D580BAF12A0F00F0B680BBF1000F06D0DA
:1086B000099B5A460BA908980B93FFF7FFFE002E63
:1086C0004AF02003B8BF24F040040493A3F16503EB
:1086D000BCBF0026A4B2022B04D94AF02003612BB0
:1086E00040F088826FEA0A0A0AF0200307930B9B86
:1086F000073323F0070303F108020B92049A612A5F
:10870000D3E900AB04F0400340F0E680002B079B68
:1087100050460CAA08BF4FF0FF360093594644F468
:10872000C05433460BF05AFD01304FF0010CDDF818
:1087300030A0C3B2B3420393A8BF03F1FF36702346
:10874000CDE9043C0AF10903122B0DD90AF16303A8
:10875000C62B40F2F4800AF2E73340F2CE72934225
:108760008CBF0423032305939DF83430D80700F110
:10877000E880A20700F1E880C4F3800B4FEA4B1BAE
:108780005FFA8BFB13F00C0F00F0EA80BBF1000FD7
:108790000CBF03230423BB420EDA2007A7EB030719
:1087A0000BD42F4441462020C847002805F101057D
:1087B000FFF62CAFBD42F5D10027BBF1000F07D06B
:1087C00041465846C847002805F10105FFF61EAF8F
:1087D0009DF83430AD4C13F0080FAD4B08BF1C466C
:1087E0002646324616F8010B002840F0B0802C1BBC
:1087F00002EB040B7AE1AAF13003092B3FD814F005
:10880000400F4FF00A020ABF44F0200402FB063674
:1088100002FB073725E7BBF1000F7FF422AF0B9A6D
:10882000600652F8043B0B9201D51E4619E7002B57
:10883000A7BF44F020041F465F4244F0280410E71D
:1088400063063FF5EBAE44F040040AE7BBF1000FCE
:108850003DD014F0400A099B0BA908980CBF3A467A
:1088600032460B93FFF72AFE0B9B53F8042B0B9316
:10887000BAF1000F01D01646F3E61746F1E6BAF159
:108880006C0F16D00CD8BAF1680F19D0BAF16A0F74
:1088900003D0BAF14C0F7FF408AF44F42074E0E643
:1088A000BAF1740F3FF4DDAEBAF17A0F3FF4D9AEEE
:1088B000FBE6200648BF44F4007444F08004D0E690
:1088C000E30548BF44F4007444F48074C9E65E468E
:1088D000BB4634463746C4E6002B049B08BF062639
:1088E000652B0ED1721C44F48054D2B21346112A67
:1088F0004FF065014FF0000228BF11239446049108
:1089000007E0049B662B12D144F40054B4460122C4
:10891000112350465946CDE9002C0CAA00F014FB57
:10892000DDF830A0C3B20393022305930AE716F0E3
:10893000FF02DBD16523944604930123E9E7022378
:1089400011E74FF02D0B1DE74FF02B0B1AE7079B9C
:108950004146C01AC0B2C8470028BFF642AF55E62C
:1089600014F4405F40F09680039B002E03F148030F
:1089700008BF01266B44133B039A1AB113F8012D6B
:10898000302A75D014F0100F039B18BF33461AF12C
:10899000040F72DBB24570DA534544F400547CDDB9
:1089A0000AF101069E1B2AEAEA730133BBF1000FAC
:1089B00000D00133002E72D0721C13449F42CCBFF2
:1089C000FF1A002714F0090F03D12F44BD426AD1CA
:1089D0000027BBF1000F07D041465846C847002882
:1089E00005F10105FFF612AE230510D541463020F2
:1089F000C8470028FFF60AAE079B41460235C3F17F
:108A0000780000F0F800C8470028FFF6FFAD200707
:108A100004D4AB467D195D454DD10027A10468D52E
:108A20002AEAEA737642AAEB030A039A013B05F1AC
:108A3000010B524589BF0CAA3020524450799E4206
:108A400041DC41460493C84700280AF1010A049B0F
:108A5000FFF6DCAD5A1C09D141462E200493C847CD
:108A60000028FFF6D3AD05F1020B049B5D46DCE761
:108A7000039A013AD2B203927EE75E1E14F4006FAD
:108A8000059A14BF0523032313448FE7419904007B
:108A90003D990400A10486D4F0E7002683E7E206AE
:108AA00048BF01338AE741462020C847002805F126
:108AB00001058BDAAAE541463020C84700280BF1B2
:108AC000010BA8DAA2E541460393C8470028FFF648
:108AD0009DADE6060AD5039B013307D105F1020BD4
:108AE00041462E20C8470028FFF690AD5D465F4402
:108AF00012E241469DF83500C8470028FFF686ADD2
:108B0000002E5DDD41462E20C8470028FFF67EADD1
:108B100001240CAB039A4146A346A242CABFE21805
:108B200030205079C8470028FFF670AD01340CABF7
:108B3000A642EFDAAC1C5C44049B4146079A981AA3
:108B4000C0B2C8470028FFF661ADBAF1000F414638
:108B5000B6BF2D202B20CAF1000AC8470028FFF617
:108B600055AD059B042B37D14FF47A76414603343B
:108B7000BAFBF6F505F13000C0B2C8470028FFF691
:108B800045AD06FB15AA642641460134BAFBF6F54D
:108B900005F13000C0B2C8470028FFF637AD06FB2C
:108BA00015AA0A2641460134BAFBF6F505F1300054
:108BB000C0B2C8470028FFF629AD06FB15AA12E08F
:108BC000E40601D46C1CB7E741462E20C8470028B4
:108BD00005F10204B0DA19E5059B0234032BD2D06B
:108BE000059B012BDDD10AF1300004F1010B414658
:108BF000C0B277E7AAF16303122B00F2E580DFE849
:108C000013F013005400E300E300E300E30054001A
:108C1000E300E300E300E300E300FC00DD00E30029
:108C2000E3002900E300AB000B9B01260DF1300AA5
:108C30001A1D1B680B928DF8303020072CD50AEBDB
:108C4000060B54465C4529D1A5EB0A0ABF1B04EB71
:108C50000A0B4BE70B9B1A1D0B92D3F800A0A94BF4
:108C6000BAF1000F08BF9A4614F0400F504614BFE7
:108C700031464FF0FF310BF092F90646DDE74146F1
:108C80002020C8470028FFF6C1AC013CA642F6D31D
:108C90002F443D1B2746D2E73C46F7E7414614F8F0
:108CA000010BC8470028CDDAB0E421060B9B32D572
:108CB000A2052BD5073323F0070303F10802D3E9FC
:108CC00000010B9224F0100B00291FFA8BFB32DA03
:108CD00040424BF4806B61EB41010CAC0A2322460D
:108CE0000BF069F91BF0400FA0EB040200F09C8030
:108CF0002BF0010396429BB240F39F80BAF1000F24
:108D000040F09D802BF011039BB21FE01A1D1868E4
:108D10000B92C117D6E71A1DE00519680B9201D412
:108D20000846F6E7A20547BF48B241F3C01108B2B2
:108D300041F3C031C6E750EA0103CED16306CCD57A
:108D4000002ECAD124F011043246A3B2344640F2B8
:108D500006410B426FD126E024F010040A23A4B28E
:108D600014F0800C0B9A4CD014F4007115BF07322C
:108D7000101D22F007020B900FBF106802F10801CE
:108D80000B91D2E9000150EA010247D124F0160B01
:108D900062061FFA8BFB45D5002E43D124F0170441
:108DA0003246A3B2344619075FD4D90704D5A74287
:108DB00072DD3C1BA6183C46A34650E044F010046C
:108DC00010234FF0780ACBE74AF02003782B04D128
:108DD000CAF1780343F01003C2E741462520C84793
:108DE0000028FFF613AC41465046C8470028FFF65E
:108DF0000DAC0235069BFFF7FDBB08234FF0000AC0
:108E0000AEE7111D10680B9114F48071BBD014F4FF
:108E100000711ABFC0B2614680B2B4E724F0060404
:108E20001FFA84FB0CAC5AE714465B46D9068ED574
:108E3000BAF1000F05D10134B5E71446F6E7344620
:108E4000F4E70234AFE741462020CDE90332C847BA
:108E50000028FFF6DBAB0BF1010BDDE903325F45C8
:108E6000F1DC2C1B04EB0B055C46D90616D54146FC
:108E700030200392C8470028FFF6C8AB039ABAF126
:108E8000000F32D0023541465046C8470028039AA9
:108E9000FFF6BCAB2E441DE016468DE740F20641BE
:108EA0000B42F7D013F0020F05F101054146039282
:108EB00014BF2B20202013F4806F18BF2D20E4E76F
:108EC000414630200392C847002805F10105039A66
:108ED000FFF69CAB731B9A42F2DB16460DF1300A8B
:108EE0002EB902EB050B3F1B00E60135D2E7013E30
:108EF000414603921AF80600C8470028039AEFDAA1
:108F0000FFF784BB4599040041462020C84700284C
:108F100005F10105FFF67AAB7B1B002BF4DC69E75A
:108F20001FB502AB074A00934FF0CC330BF020F98A
:108F3000DDE90201C00840EA4170C90805B05DF8EA
:108F400004FB00BFCDCCCCCC2DE9F04F9BB00F0D76
:108F500004460A939DF890300592C1F30A520C938F
:108F6000C1F31303C90F07917AB950EA03017ED107
:108F70000599302301274B71079B0A6043F00203D8
:108F80000B7138461BB0BDE8F08F40F2FF718A428A
:108F90000BD10343079B059A4FF0000714BF43F022
:108FA000080343F004031371EBE7A2F2354A43F4DC
:108FB0008015234304F001024FEA85080CBF27F017
:108FC0000107012748EA9478089208BF7F054FEA15
:108FD000840602BF7F0DB7FA87F77F09BAF1000F49
:108FE000C0F2B680504600F0EFF9BAF1030FC8BFE7
:108FF0000138049000F0F4F9049B7C3016A9A3EB2F
:109000000A0A8244184600F07DFA12AB204629462F
:10901000019310AB16AA0297009353460AF0F1FF92
:10902000049B04460D46152B00F28E8014ABA94A12
:109030003046414600934FF0CC33DDE9109A0BF0F7
:1090400097F8149B159A9B0843EA827303EB8303FA
:10905000B34210D14146304600F0CAF9049B834226
:109060008CBF4FF000084FF00108002715E01D46A7
:10907000DFF864A29DE7089B002B55D1013E48F123
:10908000FF31F01B61F1000100F0B2F9049BDDF843
:10909000208083428CBF002701270C9B002B40F0CF
:1090A000C880DDF8289000264FF00A0B0696099636
:1090B000DDE91001FFF734FFDDE912A3CDE90D0171
:1090C000194650460F93FFF72BFF0A4603460D99AA
:1090D0000B908B420E9B72EB03010F9B80F0C480C0
:1090E000204629460F92FFF71BFF0B9B002E14BF53
:1090F0004FF0000808F001080F9A0BFB10460BFB1D
:1091000003F50D9BF6B204461093554514BF002796
:1091100007F001070E9B0D46139211930B9B1293C0
:10912000069B01330693C3E7B01C48F1000100F031
:109130005FF9049B83428CBF00200120B9EB000043
:109140006AF10002CDE910024FF000084746A4E79B
:10915000CAF1000B584600F03DF9BAF1FF3F0CBFD1
:109160008146A0F10109ABEB090B0AEB0903584654
:10917000049300F035F916A9A0F17D0A584600F0D5
:109180004FF912ABA9EB0A0A2046019310AB29460E
:1091900016AA0093534602970AF033FFB9F1010F64
:1091A00004460D460ED8089B13B94FF0010874E72A
:1091B000109B4FF00108119A013B42F1FF32CDE9BB
:1091C000103252E7B9F13E0FBED84FF0FF33A9F18C
:1091D0002000C9F1200103FA09F203FA00F023FA92
:1091E00001F103FA09F3024326EA03060A4328EAD7
:1091F000020856EA08060CBF4FF001084FF00008BD
:1092000033E700FB02F60133A1FB001232448C422B
:1092100075EB0206F5D2049A1344259A1344D20F33
:109220009342B8BF13460A9A9A42A8BF1A4691467B
:1092300039E70A21002201230846E8E70BFB01FE7B
:109240000CF1010CA0FB0B017144844275EB010E83
:10925000F4D2CC450DDDB9F1000F02D154EA05017D
:1092600007D0012309933BE70A2000214FF0010CAE
:10927000EBE7002F32D04FF00A0B50461946FFF7AC
:109280004FFE0BFB00F20B9152450E9026D1002EA3
:1092900014BF4FF0000808F00108DDE91001FFF7E6
:1092A0003FFE8A460D9029462046FFF739FE0D9A6B
:1092B0000E9B0BFB10460D4604461293F6B2CDE909
:1092C000102A0B9A9A460B9B1392069A0132069229
:1092D000D3E700BFCDCCCCCCCCFBFFFFB8F1000F67
:1092E00005D0052E03D104F001060436F6B2049B26
:1092F000069A13449846099B53B9DDE912239D420F
:1093000008BF944204D1089B002B49D1002F47D0BD
:10931000042E94BF0026012630194FF00A024FF0A8
:1093200000034FF0010745F100011446904271EB34
:10933000030537D2F6B1B9451CDA0C9B6BB1259AFF
:1093400008EB070313440A9A012BB8BF01239A4282
:10935000A8BF1A46974291460CDD053008F1010876
:1093600007F1FF374FF00A024FF0000341F100010F
:10937000E4F76AFB4F450FFA88F8059BA8BF4F46F4
:109380004FF000093FB2B84408F1FF3607F1050875
:109390009844B9450DDB059B079A1E601A71F0E5EC
:1093A0000126B9E704FB03F50137A2FB04232B4494
:1093B000BCE70A220023E4F747FB303209F1010938
:1093C00008F8012DE5E700BF014B5843800C7047BA
:1093D00041340100014B5843000D7047FB2E0B0038
:1093E000024B5843C00C0130704700BF4F9312002E
:1093F00070B50346094A00204FF0CC364FF03335A4
:1094000006FB03F402FB0144A3FB023121449D420D
:1094100075EB010401D30130F2E770BDCDCCCCCCAB
:109420001A232DE9F04FB0FBF3FA334E03FB1A0376
:1094300089B004460D4606EB0A1653B9D6E9002357
:10944000C1E90023D6E90201C5E9020109B0BDE87E
:10945000F08F2A4A02EBC303D3E9008904AB4046EC
:1094600049460093D6E902230AF082FE06AB834602
:109470000F46404649460093D6E900230AF078FE9D
:1094800000238146DDE9066216EB0B0652EB070866
:1094900028BF012333B1049B059A013342F1000236
:1094A000CDE9043220460391FFF79AFF07461A20C0
:1094B00000FB0AF0FFF794FF3F1A32464346484646
:1094C000039900970AF06BFE0D4A4FEA141C6400E2
:1094D00004F01E0352F82C40DC4004F0030424186E
:1094E000304641F10001DDE90423C5E90041414670
:1094F00000970AF054FEA7E7A8580400D8570400C4
:10950000248904002DE9F04F1A2700F11905DFF82E
:10951000E8A089B004460E46B5FBF7F56F434FEA65
:10952000051B0AEB05153A1A0AD1D5E90023C1E952
:109530000023D5E90201C6E9020109B0BDE8F08FB8
:109540002B4B03EBC203D3E9008904AB40464946E9
:109550000093D5E902230AF00BFE5AF80B206B6842
:10956000013ACDE9020106A963F1000340460091EA
:1095700049460AF0FDFD8A46029900238146DDE94D
:1095800006526D18039952EB010828BF012333B12D
:10959000049B059A013342F10002CDE904323846BA
:1095A000FFF71EFF07462046FFF71AFF3F1A2A461D
:1095B00043464846514600970AF0F1FD0D4A4FEAEE
:1095C000141C640004F01E0352F82C40DC4004F02C
:1095D000030401342418284641F10001DDE9042385
:1095E000C6E90041414600970AF0D9FDA3E700BF54
:1095F000D8570400788904007859040038B5044C21
:10960000044DAC4200D138BD54F8043D9847F8E70A
:109610000000000000000000704708B5C3699B0708
:1096200002D5032101F0B7FE002008BDF8B50446BD
:1096300015461E4680F8201008F078FE4FF47A7721
:10964000A0FB070C47F61222002307FB01C1E4F739
:10965000FBF94FF47A720023E4F7A6F955EA060203
:10966000C4E90A0103D043191D4646EB0106C4E9CB
:109670000C56022104F1100009F028F894F820009B
:10968000BDE8F840032828BF0320EAF7FDB808B575
:109690002D2200230321FFF7C9FF00236E22194664
:1096A0001846EAF751FFBDE8084001210220EAF719
:1096B0006BBD08B5002200230221FFF7B7FF00238E
:1096C0006E2219461846EAF73FFFBDE8084001211F
:1096D0000220EAF759BD08B53C2200230121FFF71B
:1096E000A5FF0021012308466E22EAF72DFFBDE801
:1096F000084000210220EAF747BD08B54FF49672F2
:1097000000230021FFF792FF002202236E21104662
:10971000EAF71AFFBDE8084001210220EAF734BD4C
:1097200003681A78082A19D8DFE802F0050F18181C
:1097300012181814160093F828301BB14FF400606B
:10974000EAF7C2B84FF48060FAE74FF48050F7E7C9
:109750000820F5E71020F3E72020F1E770470368C1
:109760001A7812B1012A0BD070475B68012B02D125
:109770004020EAF7A9B8022B0CD14FF48070F8E72B
:109780005B68012B01D18020F3E7022B02D14FF45B
:109790000070EEE770474FF48040EAF795B810B5D7
:1097A0000446A8B1E8F7CBFF021F042A03460FD8EE
:1097B0002046234410F8012B22F0200141391929B9
:1097C00002D9303A092A03D89842F3D1012010BDBA
:1097D0000020FCE7704710B50C46F5F767FE204601
:1097E000F5F798FEB0FA80F0400910BD10B50C46B0
:1097F000F5F75CFE2046F5F781FEB0FA80F04009EF
:1098000010BD10B50C46F5F751FE2046F5F76AFE7F
:10981000B0FA80F0400910BD10B50C46F5F746FED1
:109820002046F5F753FEB0FA80F0400910BDF8B5B8
:1098300005460E4617461C4606F0B2FE3A4631462D
:109840002846F5F7D5FE40B9DDE906122046F5F7C2
:1098500019FFB0FA80F04009F8BD0020FCE710B510
:109860000446EBF72FF92070012010BD08B5EBF787
:109870001FF9B0FA80F0400908BD08B5EBF70CF904
:10988000B0FA80F0400908BD06F02EBF06F0F6BE23
:10989000F6F7ECBA122930B54FF000010CBF1124D5
:1098A0001F24535C13F0DF0F02D10023435430BD5B
:1098B000A142FAD0A3F16105192D98BF203B435472
:1098C0000131EEE7F42AF8B505460E46144601D9F3
:1098D0000020F8BDFF2812D1002709E02846F6F73E
:1098E00009F920B1224631462846F6F7B5F9013785
:1098F00006F0AAFEFDB2A842F0D80120E9E7F6F78B
:10990000F9F80028E4D0224631462846F6F7A4F9B3
:10991000231A58425841DCE70020704708B1002361
:10992000037009B100230B700AB1002313700120EA
:10993000704708B5EAF768FAB0FA80F0400908BD48
:1099400008B50023EAF700FE012008BD08B54FF472
:109950000040E9F7B9FF012008BD08B54FF4804089
:10996000E9F7B2FF012008BD08B5EAF783F9B0FABC
:1099700080F0400908BD38B505460C460A4600216E
:109980000AF0C4FA21462846EAF760F9B0FA80F0F6
:10999000400938BD37B50D4681B100230DF10601F0
:1099A000ADF8063006F0F4FD044620B1BDF806001F
:1099B000F5F7E6FC2870204603B030BD0C46FAE708
:1099C0002DE9F74388460746C1B2B8F1000F0ED023
:1099D00000200026EAF74EFC354606F0D7FD5FFA78
:1099E00086F9484500D925B103B0BDE8F0830120D0
:1099F000EFE748460DF10601ADF8065006F0C8FD48
:109A0000044640B1BDF80630BB4207D14246494644
:109A1000FF2006F01BFE25460136DEE72C46FAE75E
:109A200000207047704738B50546EAF7B7FD044691
:109A300018B106F0ABFD85F85700204638BD01206F
:109A4000704738B508F072FC4FF47A74A0FB040537
:109A500047F61222002304FB0151E3F7F5FF38BD5E
:109A600008B54FF0FF304FF0FF31EAF7B9FDEAF7E4
:109A7000FDFDBDE80840EAF7BBBDF8B504460D465C
:109A800016461F464FF0FF304FF0FF31EAF7A8FDB2
:109A90003B46324629462046EAF74CFE0446EAF7A2
:109AA000A7FD2046F8BD38B504460D464FF0FF30FF
:109AB0004FF0FF31EAF794FD012229462046EAF7EC
:109AC00081FE0446EAF794FD204638BD38B51546B8
:109AD00004464FF0FF314FF0FF30EAF781FD294691
:109AE0002046EAF7B1FE0446EAF782FD204638BD7B
:109AF000EAF7FEBE00EBC100408840087047F8B5A9
:109B00000346FFF7F7FFB0FA80F0C0F11F0003EB48
:109B1000800CDCF81060CA00171D0C4606328DB2AE
:109B200056B9012101FA00F0D9680143D960CCF897
:109B30001040DD539D52F8BDF1000431585AD853FE
:109B400003EBC0009E52C5805D52F4E710B500EBF8
:109B5000C104E388994202F104010AD1012303FA06
:109B600002F2C36823EA0203C360002340F82130F5
:109B700010BDA28840F8213000EBC20100EBC30009
:109B8000CB808280F4E708B50346FFF7B3FFB0FA55
:109B900080F21846BDE80840C2F11F02FFF7D6BFA9
:109BA0002DE9F843B1FA81F3C3F11F0200EB8209FA
:109BB000D9F8107006460D4687B94FF0FF34C3F14F
:109BC00020039C40F3681C4014D094FAA4F2B2FA2B
:109BD00082F2131D56F82340214608E03C464FF020
:109BE000030821463046FFF785FFA84205D33046DB
:109BF000FFF7ACFF2046BDE8F88306EBC404E48819
:109C0000B8F10108C9F81040D7D0A742E9D1D4E78C
:109C100038B50446FFF76EFF0D4603461146204651
:109C2000FFF768FF03449BB204EBC5055A002046CA
:109C30006A80FFF75FFF014424F8313038BD70B50A
:109C40000B460446FFF756FF04EBC305511A9B1A57
:109C500089B203444E009BB26E8004EBC2005D00EB
:109C6000458024F8321020461146FFF743FF014497
:109C700024F8313070BDF8B5002951D004680D1FAB
:109C80002D1BEE0825F007056219538813F0010318
:109C900006D183F31188BFF36F8F0423184602DFC8
:109CA00031462046FFF726FF304434F83030C01AE2
:109CB000864207D0002383F31188BFF36F8F0423FC
:109CC000184602DF5388314623F0010353802046B3
:109CD000FFF710FF371804EBC7035B88DA0708D4D7
:109CE00039462046FFF74FFF3A4631462046FFF7F8
:109CF0008FFF655B751B04EBC5035B88DB0709D42D
:109D000029462046FFF73FFF324629462046FFF707
:109D10007FFF2E4631462046BDE8F840FFF7EFBEF4
:109D2000F8BD70B509B9002070BD056801F00703E2
:109D30000B33CC0804EBD304AB6828469C4228BF05
:109D40001C462146FFF72CFF06460028EBD00146B3
:109D50002846FFF7CFFEA04207D928463219FFF761
:109D60006EFF11462846FFF7CAFE05EBC6021046F5
:109D70005388043043F001035380D5E71146FFF7C1
:109D8000D0BF043A2DE9F843CC1D114424F0070458
:109D900021F00706A6EB04084FEAD807B7FA87F2C6
:109DA0004FF00009C2F12405AD000735C2F12002D1
:109DB000ED0804604946A760C4F80C90920004F1D5
:109DC00010000AF0A3F8AAB2530043F00103638025
:109DD0007B1B9BB204EBC5015800A4F8009048809F
:109DE00024F83520A6F8029024F8083004EBC703C5
:109DF0005A88294642F001025A802046BDE8F843BD
:109E0000FFF77DBE002070470FB407B504A951F8D5
:109E1000040B0191EAF77AFE03B05DF804EB04B09D
:109E200070470FB407B504A951F8040B0191EAF784
:109E30006DFE03B05DF804EB04B0704708B5EFF3B6
:109E40001183402383F31288BFF36F8FEFF31083E6
:109E500072B6ECF741FCF0B56423044604250020FB
:109E60004FF00A0C11B1013D01D12570F0BDB2FBDC
:109E7000F3F79A42FEB202D2012B00D030B1303655
:109E80000139013004F8016BC9B2C0B203FB1722DB
:109E9000B3FBFCF3D2B2E5E7A0F13003DBB2092B50
:109EA00002D80B7000207047A0F16103052B02D887
:109EB00057380870F6E7A0F14103052B01D8373871
:109EC000F7E76FF015007047F7B5054601F00100A0
:109ED00000EB51069E424FEA510703D90026304657
:109EE00003B0F0BD58B128780DF10701FFF7D4FF9A
:109EF0000028F3D19DF80730013502F8013B013508
:109F00001744BA42EBD015F8010C0DF10701FFF729
:109F1000C3FF0028E2D19DF807402401E4B2147089
:109F200015F8020BFFF7B8FF0028D7D19DF80730CE
:109F30001C4402F8014BE4E7038B13F0070306D13E
:109F40000368002B18BF032008BF00207047022BB6
:109F500005D1408BB0FA80F0400980007047012B9A
:109F600004D10368002B18BF0520EDE700207047DF
:109F700010B50C4600B111B96FF0150010BD081DE9
:109F800000F0ACF80028F9D1A368032BF6D9F3E769
:109F90002DE9F0410D4607461946281D90461E46FC
:109FA00000F0B0F8044638B13346424629463846F8
:109FB000A446BDE8F0416047BDE8F08110B4EFF37E
:109FC0001182402484F31288BFF36F8F41615DF8E2
:109FD000044B0121EAF7E6BD38B50C46054658B1F9
:109FE00051B10B6843B14B6833B11C22002109F019
:109FF0008DFF00202C6138BD6FF01500FBE7F8B530
:10A0000004460E46FFF7B4FF051E3BDBEFF311825B
:10A01000402383F31288BFF36F8F4FF6FF71638B7A
:10A02000278B8B4207F007072ED0062F2FD8DFE8AB
:10A0300007F0182E082E180418006FF0850500236D
:10A0400003E0013363830225012382F31188BFF308
:10A050006F8FBBB100233A4631462046FFF798FF89
:10A0600010E000233360636823B9C4E9006627B1B8
:10A070003D46E4E71E606660F9E702212046EAF704
:10A0800091FD3D462846F8BD6FF00A05D7E76FF011
:10A090000405D4E710B5EFF31182402383F312884F
:10A0A000BFF36F8F048B04F00704022C0AD0012C3D
:10A0B0000CBF6FF004006FF0850082F31188BFF3CE
:10A0C0006F8F08E0438B013B9BB2438323B921464A
:10A0D000EAF768FD204610BD2046EEE7034640B192
:10A0E000426802F00302022A06D0032A04D0012AA1
:10A0F00005D06FF0150070471A68002AF9D00020CB
:10A100009860704710B54268034602F00302022AC5
:10A1100081600AD0032A0BD10468002000225A6013
:10A1200008B1FAF7F5FF204610BD00240068F5E7F6
:10A1300000242046F2E7704710B484686468A4469F
:10A140005DF8044B604770B4C66804680D0C06FBEC
:10A150000544806A14FA81F184682468A44670BCBE
:10A1600060472DE9F0430646884617461C46C36AF9
:10A1700089B01D686D4205F020051CB9204609B064
:10A18000BDE8F083AC42A14628BFA9466A464B46CB
:10A1900041463046FFF7D7FF0028F0D16B464845CF
:10A1A00002D1241A8044E8E713F8012BBA4201D106
:10A1B0000130F4E70120E2E70B6803F580330B6020
:10A1C000008A1A0CB0EB134F04BFA3EB02430B60E1
:10A1D000704738B5C26803680D0C090C044602FBD1
:10A1E0000131806A2D0400F062FF50B9E26A29460D
:10A1F0002046E3685279FFF7B4FF002818BF6FF0DC
:10A20000050038BD014610B507220446FF20F3F7CC
:10A21000A1F9E07110BD2DE9F04F07465368D068F1
:10A2200093B003445069C34203D1002013B0BDE88A
:10A23000F08FFC683B68080C04FB00330024A14647
:10A24000D7F82CB013FA81F504AB92E80300DBF8E1
:10A25000008083E80300D2E9020106AB83E8030033
:10A26000D2E9040108AB83E80300C8F100030193BD
:10A2700012AB03EBC90A5AF8346C4FEAC901AEB904
:10A2800009F10109B9F1030FF2D1002CCDD00AAECA
:10A290009BF80510A8EB0402301909F037FE43467D
:10A2A00032462946B86AFFF747FFBFE7B4B9019BBA
:10A2B000334013D05AF8382C2946B86ACDE9022326
:10A2C000FFF73AFF0028B1D1DDE902231A44F61A5C
:10A2D0004AF8382C4AF8346C1D44C9E7A8EB04024C
:10A2E000B24228BF3246A2B101F148030DEB030A86
:10A2F0005AF8381C0AAB1819CDE9021209F0F9FD19
:10A30000DDE902121144B61A4AF8381C4AF8346CD6
:10A3100014444445ACD123462946B86A0AAAFFF73B
:10A320000BFF002882D125440446A1E7F8B50D466D
:10A3300006460722FF204C888F88F3F70BF9EB794C
:10A34000834205D13C44B4428CBF00200120F8BDBB
:10A350000020FCE70368012B81BFC91801F1FF3120
:10A360005B4219400846704738B50D460A46816879
:10A370000446FFF750FFEB686968024619446B69B1
:10A38000E06A1944FFF7E6FFA3680344A3601046A0
:10A3900038BD70B50D4686B00446466818220021C7
:10A3A000684609F0B3FD029508256A463146204605
:10A3B0000395FFF730FF29460246E06AFFF7CAFF20
:10A3C00063681B1A1046636006B070BD4FF6FF73DA
:10A3D00013B500220446ADF800308DF806308368CE
:10A3E0006846ADF80420ADF80230FFF70BFF694670
:10A3F0002046FFF7CEFF02B010BD70B506460C46F2
:10A40000C06A0821FFF7A6FF0546F0682146401BF9
:10A4100080B2FFF78BFF80B1A08878B94FF6FF7349
:10A4200022889A4209D16288F3689B1AB3FBF5F23D
:10A4300005FB1230B0FA80F0400970BD0020FCE747
:10A44000F7B504460D46C06A0821FFF783FF0823CD
:10A45000074629682046FFF776FE0646002836D1D3
:10A460002B683B442B60E26899B2D21B91422ED1FB
:10A470001A0C09BF228AA3F5803102F1FF3203EBE7
:10A480000241204608236A462960FFF75CFEE8B9CE
:10A49000E36A5A796B4613F8011B8A420CD10130EA
:10A4A0000828F8D1636805E02B68BDF802206FF337
:10A4B0000F0313442B600AE069462046FFF79DFF17
:10A4C0000028F1D129462046EAF78CFC06463046A2
:10A4D00003B0F0BD2DE9F04F0446A1B024220D4693
:10A4E00017A8002109F012FD0821E06AFFF732FFEA
:10A4F0008146636820466FF30F0306A90693FFF7B2
:10A500005BFE069BE66801931E44A6EB0906082342
:10A510003146204609AA0796FFF715FE0028C0F22B
:10A520001581E36A09AA5979002312F8010B8142C7
:10A5300040F0FB800133082BF7D1A36862684B44DD
:10A540009A4280F0EB8020460199FFF742FEFDE041
:10A55000BDF826306FF30F061E44079620460BAA5F
:10A5600007A9DDF81CA0FFF76BFF002840F0EE8084
:10A570000BA91FFA8AF0FFF7D9FE48BB039B9A4547
:10A58000ECD11022002113A809F0C0FC1F9E17ABCC
:10A590001193129695B1D4F82C8008214046FFF70C
:10A5A000D9FE2F890246F1194046FFF7D3FEA16874
:10A5B000636802440A44934280F09180002EBCD02C
:10A5C000204611A9FFF7D0FE002840F0BF80B4E775
:10A5D0006768089720460DAA08A9FFF731FF0028F1
:10A5E00040F0B480BDF83420BDF82C309A4244D0FD
:10A5F000089B62689A423ED1BA45BFD1BDF830602F
:10A60000002EBBD03DB12A88BDF82C309A4202D131
:10A610002B89B342B2D9BDF82E803B0C1B04984461
:10A62000E36A1F9A1B681644591E5B4203F020031D
:10A630000493A36801EA06001344009026EA010689
:10A64000ADF82E3006BB009B5BB11F9A17A99B1A71
:10A6500020460A444146FFF776FD002876D1009B4C
:10A660001F930BA8FFF7CEFD20460BA9FFF791FE25
:10A67000002883D06AE01F46ACE70DA9B8B2FFF707
:10A6800055FE0028B4D0B7E7049B1F9FB34228BFF4
:10A69000334617AAA3EB070B029341465B462046BD
:10A6A0003A44FFF750FD002850D11F9B01465B4400
:10A6B000182211A8059309F029FC17AB1393059BE9
:10A6C000204611A91493FFF74FFE00283ED11F9B8F
:10A6D000D844FF1A029B3744FE1A1F90B2E7314458
:10A6E0006B68ADF83E10204611A9CDE91337FFF78E
:10A6F0003BFE58BB2B880FA8ADF83C302B89ADF83A
:10A700004030FF238DF84230FFF77CFD20460FA933
:10A71000FFF73FFED0B90123AB720EE72046FFF7EB
:10A7200055FE00283FF40FAF10E0A6EB09032046CA
:10A7300009A90393FFF761FE00287FF409AF2046C3
:10A7400007A9EAF74FFB00283FF408AF21B0BDE8A6
:10A75000F08F2DE9F04F1E46837C044689469046D3
:10A7600095B0002B00F0CB80C26A08211046FFF79D
:10A77000F1FDB1B201901046FFF7ECFDE368019ADC
:10A780000746A3EB82038342C0F0BC801EB1B8F140
:10A79000000F00F0B780D4F804A0CDF810A0204638
:10A7A00005AA04A9FFF74CFE0546002841D1BDF8D3
:10A7B00014304B4507D0DDF810A063685345EED147
:10A7C000002E3CD135E005A91FFA8AF0FFF7AEFD57
:10A7D0000028F0D0BDF818307EB3B3422FD1B34675
:10A7E0004FEA1A43BDF816A01B049A44E36ACDF859
:10A7F00000801B685B4203F020030293029B5146DA
:10A800005B4528BF5B4620460CAA0393FFF79BFCE1
:10A81000002850D1039B00981A460CA909F085FB2B
:10A8200068B9039B009ABBEB030B1A449A4400924D
:10A83000E4D1284615B0BDE8F08F002BF9D0002FE9
:10A840003CD1BA4604F1140B4FF0FF324FF0FF3306
:10A850005846F9F77FFA238A9D424DD0D4E9013258
:10A860000AEB02018B422ED39BB263B3FF2300217C
:10A87000ADF81E200CA818228DF82230ADF81C90DF
:10A88000ADF8206009F042FB20460CA9CDE90E8608
:10A89000FFF76AFD074648B907A8FFF7B3FC204653
:10A8A00007A9FFF776FD074600B937465846F9F77E
:10A8B000C3FA3D46BDE7C2DC0546BAE7019B1F442B
:10A8C0001FFA87FABEE72046EAF760FA3DB9ADF80D
:10A8D0002490CDF82880ADF82C608DF82E502046BD
:10A8E00009A9FFF7F7FD07460028DFD19DF82E30B4
:10A8F0000135002BAFD0D8E76FF01B07D6E76FF01C
:10A900000C0596E76FF0150593E700231A46FFF74D
:10A9100020BF2DE9FF471E46837C04460F46904624
:10A92000BDF83090002B43D00821C06AFFF712FD1C
:10A93000E368A3EB4003B3423DD34FF0000A6568E0
:10A940000195204602AA01A9FFF77AFD20BBBDF8B8
:10A950000830BB4206D102A9A8B2FFF7E7FC504479
:10A960001FFA80FA019B62689A421AD0CA4516D92A
:10A97000BDF80C30CBB1CA4517D3BDF80A10B342AD
:10A980006FF30F0528BF3346424620462944FFF7A0
:10A99000DAFB08B9BDF80C0004B0BDE8F0871D462D
:10A9A000CFE7BDF80830BB42E2D06FF00100F3E71B
:10A9B0006FF00C00F0E76FF01500EDE713B5002421
:10A9C0000094FFF7A6FF02B010BDC3691BB11B794D
:10A9D00000200B7070476FF057007047C3693BB1A0
:10A9E000DB682BB1DB691879B0FA80F04009704759
:10A9F0000120704770B5C56904460E460DB10323AA
:10AA00002B712046FFF7EAFFA8B103212046B0478B
:10AA1000002802DA10F1860F0ED1012125B9204657
:10AA20003346BDE87040184720462971B0470028DA
:10AA300002DB00232B71002070BD002908DB806839
:10AA4000884205D9401A904234BF00200120704747
:10AA500000207047704770B516461A4605460C46EA
:10AA6000FFF7EBFF48B16968E86821448268146821
:10AA70003246A446BDE8704060476FF0150070BDD7
:10AA800070B516461A4605460C46FFF7D6FF48B184
:10AA90006968E8682144826854683246A446BDE883
:10AAA000704060476FF0150070BD10B50B4604464E
:10AAB000FFF7C3FF30B16168E0681944BDE810409A
:10AAC00000F0F5BA6FF0150010BD08B5C0688368D6
:10AAD000DB689847006808BDC068704708B5C06863
:10AAE0008368DB689847407908BD30B54C680368D7
:10AAF000A34201D2012030BD8A682244934201D38F
:10AB00000020F8E7D1E90452954203D36FF00B031C
:10AB10008B61F5E7CA681B1B42F83530436808694A
:10AB200002EBC00253600B6901330B61E2E737B5FA
:10AB30000C46C0B201A91546EAF7E8FA00280CDB7A
:10AB4000019850B121462A46EAF706FB04460198CF
:10AB5000FFF780FF204603B030BD6FF01504F9E722
:10AB600043680A689A428FBF00234A6801209B18F5
:10AB700088BF18464B607047F8B5836804460BB32E
:10AB8000D0E90476026AB3FBF2F502FB15353DB15C
:10AB90000068551B2A4694F82410184409F0B6F9A9
:10ABA000A368E06822683E442B4481684D683146C2
:10ABB000A84740B9E3695BB92369A26813442361DC
:10ABC0000023A3600020F8BD135CDB431354013065
:10ABD000A36822688342F7D8E06881680D6831462F
:10ABE000A8470028EFD13246E369A168206898475A
:10ABF0000028E1D0E7E72DE9F04789461646984658
:10AC0000044698B3826803691344826933449342CB
:10AC100030D80025D4E90170A6EB050A3F1ABA45E1
:10AC200015D2B54209D223685246184409EB0501F2
:10AC300009F05FF9A3685344A360B8F1000F1CD07A
:10AC4000A068A8B12046BDE8F047FFF795BF23688C
:10AC50003A46184409EB050109F04BF963682046B0
:10AC6000A360FFF789FF18B93D44D3E76FF00D00EB
:10AC7000BDE8F0876FF00B00FAE74046F8E700699F
:10AC80007047F0B587B01F4604460D46164600F0E3
:10AC9000D3FE022302930DF116030193BDF8303069
:10ACA000ADF81600009332463B462946204602F096
:10ACB00040FF07B0F0BD70B58AB0BDF838601546EA
:10ACC0000021212201A81C4609F020F98EB9202C70
:10ACD00012D82246294601A809F00BF904F12803ED
:10ACE0006B4401A803F8246CECF778FA20460AB00C
:10ACF00070BD6FF00604F9E76FF00C04F6E72DE97C
:10AD0000FF411F460D4616460446ECF78BFA804677
:10AD1000E7F715FDBDF8283080B2CDE9018000933A
:10AD200032463B462946204602F003FF04B0BDE808
:10AD3000F0812DE9F84300F50179054648460F46B4
:10AD400090461E46FFF79BFF78B133464246394690
:10AD50004846FFF750FF04461EB3D5F80002FFF740
:10AD600079FE0023C5F800321BE0D5F80032986860
:10AD700003F01DFF0446D5F80002FFF7ADFE83681F
:10AD8000DB6898470368D5F800021C448268013CE0
:10AD90005B4204EA0301521AFFF787FE04460028CB
:10ADA000D3D02046BDE8F88300F50170FFF767BFF8
:10ADB00030B5054685B0084605F50071EAF7A6F9F5
:10ADC000044698B9D5F80002FFF786FED5F80032A0
:10ADD00002949A68014601925B682A46009305F541
:10ADE00001704FF40073EAF7D1F90446204605B02C
:10ADF00030BD00221146EAF72FBA034610B50846C7
:10AE00000AB10021116053B1D0B1411E11F8010FF8
:10AE100080B113F8014BA04201D13D28F6D10020AA
:10AE20000EE0013313600AE03D2808D0B0FA80F04C
:10AE3000400905E018782F28F6D1002AF1D1012029
:10AE400010BD10B509B100230B6058B103461A7844
:10AE50001C4601332AB13D2A03D02F2AF7D101B174
:10AE60000B60201A10BD2DE9F341DDF82080074664
:10AE70000C4615461E460190B8F1000F07D0D8F8D1
:10AE8000001081B9D8F804E0BEF1000F14D13846A3
:10AE900001A9EAF759FA58B1C76833462A4621464C
:10AEA0000198B84704E001AAFFF7A7FF0028E9D1FD
:10AEB000002002B0BDE8F081D8F808302A46089397
:10AEC00021463346F446019802B0BDE8F0416047A0
:10AED0000830704710B5134614460A46818800684A
:10AEE000FFF76CFDA042A8BF204610BD2DE9F04F32
:10AEF00097B004469A468946019200297AD0DAB181
:10AF0000BAFA8AF67609258F04F1080B0135ADB23D
:10AF1000A8466F1EBFB2B7F5004F39D04A23394655
:10AF2000584603AAFFF74AFD002807DA10F1020F7E
:10AF300008BFB8463D46ECE70126E4E700F15803B8
:10AF40000DEB0300002303A900F84C3C4846E7F74B
:10AF5000E4FB0028EED106BBB846B8F5404F4CD014
:10AF6000238F04F10805434538D308F58041534643
:10AF70002846019A89B2FFF7ECFB00280ADB46B1AC
:10AF80004846E7F7DCFB4A460346414628461EE0B2
:10AF900016B3002017B0BDE8F08F39465846FFF7CA
:10AFA000B4FC0028F6DB05F57F513F31584689B2E5
:10AFB000FFF7ABFC0028EDDB238FBB42E9D1224633
:10AFC000013B22F8383F4FF4004102235846FFF777
:10AFD000C0FB00EAE070DDE70126BEE7224602235F
:10AFE0004FF40041284622F8388FFFF7B2FB0028C3
:10AFF000BBDACFE76FF01500CCE76FF00B00C9E7C5
:10B0000073B5C36B04460363C3B100F10806304651
:10B01000E9F71AFF054670B902234FF400413046A4
:10B020000DF10602FFF7CAFC0028B4BF4FF400433D
:10B03000BDF806302387284602B070BD6FF01205B8
:10B04000F9E72DE9F047D0F808901D4688B0D9F807
:10B050000C3080460F46164698470368202B23D8AD
:10B06000002E21DB46EA0504013B1C401CD12022B6
:10B070003946684608F04AFF2046A54202D808B083
:10B08000BDE8F087A5EB040ABAF1200F28BF4FF006
:10B09000200A6A4653464046D9F804703119B84729
:10B0A0000028ECDB5444E8E76FF01500E7E770B5E3
:10B0B00083680D46DB680446164698474179334657
:10B0C0002A462046BDE87040FFF7BBBF08F01EBF10
:10B0D00008F00FBF01460068EAF7DEBA08B5EAF7E4
:10B0E0002DFBBDE80840EAF7A1BE00210120EAF7E8
:10B0F000D3BAC36E83F30B887047EAF741BE61B6DB
:10B1000062B680F31188BFF36F8F704772B6002369
:10B1100083F31188BFF36F8FBFF34F8F30BF62B6D9
:10B12000BFF36F8F704772B6002383F31188BFF3AC
:10B130006F8FBFF34F8F20BF80F31188BFF36F8FE6
:10B1400062B6704740E800F313F4803FD8B208BFFE
:10B150006FF01500704730B50C684B6885B00A89F0
:10B160004D890094013B24F01F04234402F01F0288
:10B1700042EA451223F01F0369468DF80820039325
:10B18000EAF728FF05B030BD08B5EBF713F908B5AD
:10B19000EBF708F9002008BD70470346D3E8EF0F2E
:10B1A000421EC3E8E12F0029F8D17047D0E8EF3FF5
:10B1B0000133C0E8E23F002AF8D170470023038240
:10B1C0004369C3607047016B8968EBF759B9EFF3C6
:10B1D0001182402383F31288BFF36F8F00230B602B
:10B1E000436833B9C0E9001182F31188BFF36F8F50
:10B1F000704719604160F7E7034610B5EFF311811E
:10B20000402282F31288BFF36F8F006828B15C6818
:10B210000268A0421A6008BF5A6081F31188BFF328
:10B220006F8F10BD014608B50830FFF7BFFF084615
:10B2300008BD034618465B68002BFBD17047426887
:10B2400010B52AB10B461C465B68002BFBD162602F
:10B25000416010BD10B5044628B901F10800FFF7A0
:10B26000A5FF084610BD034618465B68002BFBD1BE
:10B27000FFF7E5FF2046F5E792B281600160C280EA
:10B280008280704783680B440360704703680B60DB
:10B2900043684B6083688B607047838802681944F9
:10B2A0008180D018704730B484880568A3188380E3
:10B2B000281930BC08F01DBE10B5838802685C1CDC
:10B2C0008480D154D01810BD30B5838802689D1C8D
:10B2D0008580D418D154090A617030BD03460068D6
:10B2E0009A88401A11441860998070470268531E6A
:10B2F000036083880133838002F8011C7047034692
:10B300008288521A82800068084418607047034699
:10B3100000689A88521A01449A801960704710B5E3
:10B32000036801211C78FFF7EAFF204610BD10B525
:10B33000036802211C88FFF7E2FF204610BD0022AF
:10B34000C0E90122027B016022F00F0202730B6848
:10B3500003B11847704770B504460D46D1B1037B61
:10B360005A0717D40268916859B143F00403037374
:10B3700093689847237B13F002020BD162F3820398
:10B3800023732368C4E900532B681BB12046BDE832
:10B390007040184770BD037B816043F00203037364
:10B3A000704708B5027B910701D5806808BD036826
:10B3B00022F00F0202735B680BB90020F6E7984792
:10B3C000FBE77FB5064614460A888B78ADF8002067
:10B3D00000210D220DF103008DF8023008F096FDDA
:10B3E0006A466946304605F023FA28B9BDF80020C0
:10B3F0009DF802302280A37004B070BD13B50C46D6
:10B4000001AA0331FFF7DDFF48B90322204601A955
:10B4100008F08BFDB0FA80F0400902B010BD0020AA
:10B42000FBE770B50D4600210446FFF70AFD0D2825
:10B4300018D1237B302B13D1002305F8063B04F1F0
:10B440000C062A462046012302210234FEF73CFD69
:10B45000B44205F1FF35F4D1002070BD0123ECE7C3
:10B46000312BFBD06FF01500F7E7EAF727B8002083
:10B47000704710B50C460178227888B08A420ED009
:10B480006946EBF719FB204604A9EBF715FB1022E0
:10B4900068460DEB020108F048FD08B010BD012A16
:10B4A00006D0022A07D072B940886388C01AF4E730
:10B4B00040686368FAE71022611C013008B0BDE8FB
:10B4C000104008F032BD6FF01500E6E7042A0AD0FC
:10B4D000102A0DD0022A4FF0000315D103700B88FB
:10B4E000438001207047012303700B684360F8E735
:10B4F000022300F8013B01F1100351F8042B99429B
:10B5000040F8042BF9D1ECE718467047012310B539
:10B510000621044600F8013BF5F7E6FC18B9A379CB
:10B5200063F03F03A37110BD70B504460D46E7F705
:10B5300006F9112817D10223E25C3A2A13D103330A
:10B54000112BF9D1053504F1120601232A460221F7
:10B550002046FEF7B9FC30B10334B44205F1FF35A3
:10B56000F3D1002070BD6FF01500FBE70B6803609E
:10B570008B8883808B798371037823F002030370B7
:10B5800070470078C0F34000704738B50446807AB1
:10B59000EAF74CFF6169054649B1637ADB0704D4D9
:10B5A000036B20461B689B68984700236361214614
:10B5B0002846BDE8384006F0B3BB2DE9F0410C4603
:10B5C0001746054601F10C0800F10C0140461E46E5
:10B5D000FFF75CFE6269E36839469B1A13FA87F34A
:10B5E0006B82012340466B722F82FFF788FEE3686F
:10B5F000284673600023628AE3607281638234604C
:10B60000BDE8F08138B50C46D1E900320546DA6074
:10B610000B684A895A820868EAF7BEFF2046102262
:10B62000002108F073FC2846BDE83840FFF7ADBFA5
:10B63000438A23B9C068B0FA80F0400970470020FF
:10B6400070477047D0F8A03083B15A7CD1070DD530
:10B65000D2060DD51B7C102B0CBF04230323437291
:10B66000807A98428CBF0020012070470223F6E7C1
:10B670000323F4E70F2806D80D280BD8052814BF9C
:10B68000022003207047132804D01A2814BF022078
:10B690000120704701207047D0E8AF0F70470B685A
:10B6A00003608B8883808B7983717047034610B564
:10B6B000D3E8EF0F40EA0102C3E8E42F002CF7D1F2
:10B6C00010BD0B4601461878EBF7D0BA38B5C36801
:10B6D0001D7875B90F21B3F80100EDF78FFC044612
:10B6E00038B12946EDF7E4FB2046BDE83840EDF7D8
:10B6F00093BB38BD01210C30FFF709BE70B5C5689A
:10B7000001212888EDF77AFC044690B16E88EA881A
:10B71000A9882B89A0F8A660A0F8A810A0F8AA20F4
:10B72000A0F8AC30EDF77EFE2046BDE87040EDF7A6
:10B7300073BB70BD37B5C5680121B5F80100EDF7E1
:10B740005DFC044688B32B781A2B19D1C378012BE2
:10B7500027D14FF480410430FFF7A8FF43040FD4F2
:10B76000D4F88C3069460093D4F894302046019385
:10B77000EEF706FA204603B0BDE83040EDF74CBBCB
:10B780002B7873B940F2E242B5F803305343C4F862
:10B790008830B5F80530A4F89030B5F80730A4F833
:10B7A00092302046EDF7F2FDE4E703B030BD38B546
:10B7B000C5680121B5F80100EDF720FC044698B1F9
:10B7C0002B783BB9D5F80330C0F89830D5F807305E
:10B7D000C0F89C30201D4FF40031FFF767FF204672
:10B7E000BDE83840EDF718BB38BD30B40446084614
:10B7F00002EBC3039A4201D130BC7047114611F8E5
:10B80000085BA54206D1018A53789942F4D330BC33
:10B81000536818470A46EDE7D0E8EF3F0B40C0E811
:10B82000E23F002AF8D170472DE9F047D0F80C80AC
:10B83000028A98F800309B00013393423DD9BDE85D
:10B84000F08708EB86030F21B3F80100B3F803700B
:10B85000EDF7D4FB044628B100F1C80947B92046EA
:10B86000EDF7DAFA013698F800309E42E9DBE6E7B8
:10B870006569002DF3D0A2692B689542204663616B
:10B8800008BFA361EDF76CFAF8F75CFBC5F800A000
:10B89000236A7BB9C4E90755D9E8EF3F013BC9E802
:10B8A000E23F002AF8D100212046013FEDF762FA7D
:10B8B000BFB2D3E71D602562EEE70026B246D2E7AD
:10B8C00070477047C0F30723537000231070000CBB
:10B8D0009070000AD070C1F30720090E13715071E7
:10B8E0009371D171704738B5C5680121B5F8010071
:10B8F000EDF784FB044688B1E878EBF729FC84F87F
:10B90000A4002879EBF724FC84F8A5002046EDF785
:10B91000AFFD2046BDE83840EDF77EBA38BD10B522
:10B92000028843889A4218D8052A16D9B3F5486F79
:10B9300013D88488B4F5FA7F0FD2C18840F67640D8
:10B94000A1F10A0292B2824207D804FB0333B3EB9F
:10B95000810F34BF0120002010BD0020FCE738B566
:10B96000C3680F21B3F801001D78EDF747FB0446CB
:10B9700038B365B12846EBF719FC29460246204644
:10B98000EDF708FE2046BDE83840EDF745BA83786C
:10B99000012B07D102F07EFF2046FFF753FE00285F
:10B9A00008BF05252846EBF701FC2946024620463C
:10B9B000EDF7F0FD002DE5D00521204600F0F0FC6C
:10B9C000E0E738BD70B5C6680F21B6F801003578DC
:10B9D000EDF714FB044670B34DB12846EBF7E6FBD8
:10B9E000294602462046EDF7D5FD204603E0F378D0
:10B9F000C27A9A4203D1BDE87040EDF70DBA827861
:10BA0000C372012A08D10BB102F044FF2046FFF7B0
:10BA100019FE002808BF05252846EBF7C7FB294675
:10BA200002462046EDF7B6FD002DDED0052120466A
:10BA300000F0B6FCD9E770BD0020704708B5F1F7FB
:10BA4000BDFB18B1408A003818BF012008BD70B591
:10BA500006460D464FF0FF304FF0FF31EBF750FB3D
:10BA6000044668B103210C30FFF717FC068085708F
:10BA70002146BDE87040002240F20640EBF726BCAC
:10BA80006FF0680070BD38B54FF0FF3105464FF0DC
:10BA9000FF30EBF735FB044668B102210C30FFF7AD
:10BAA000FCFB2B88214603800022BDE8384042F28F
:10BAB0001600EBF70BBC6FF0680038BD2DE9F047BE
:10BAC000814688464FF0FF304FF0FF3117461E4643
:10BAD0009DF820A0EBF714FB0546A0B107210C3020
:10BAE000FFF7DBFBB9F8003080F802800380C770F5
:10BAF0000671A0F805A02946BDE8F047002242F2F1
:10BB00003200EBF7E3BB6FF06800BDE8F087C06878
:10BB100003780BB9EBF768BD7047F0B5C568012134
:10BB20002F8887B0B8B2EDF769FA064660B302AC69
:10BB3000D5F80220D5F8063001946989009102F009
:10BB400045FD18B34FF0FF304FF0FF31EBF7D8FA57
:10BB50000546B0B112210C30FFF79FFB0346224689
:10BB600023F8027B144603CC596006A98C42186066
:10BB7000224603F10803F5D1294642F21A00EBF7F9
:10BB80005DFB3046EDF748F907B0F0BD4FF0FF30F0
:10BB90004FF0FF31EBF7B4FA04460028F1D0022150
:10BBA0000C30FFF77AFB2146078042F21B00E6E7E4
:10BBB00070B506460D464FF0FF304FF0FF31EBF702
:10BBC0009FFA044660B103210C30FFF766FB068044
:10BBD00085702146BDE8704042F22100EBF72EBB94
:10BBE00070BD73B5C368D9789A781E8842EA01227D
:10BBF000ADF8002059791A79B4B242EA0122ADF8C1
:10BC00000220D9799A79204642EA0122ADF804202F
:10BC10001A7A5B7A012142EA0323ADF80630EDF788
:10BC2000EDF9054628B902212046FFF7C1FF02B011
:10BC300070BD6946EDF742FC38B91E212046FFF77A
:10BC4000B7FF2846EDF7E8F8F1E74FF0FF304FF087
:10BC5000FF31EBF755FA04460028F2D00E210C30E4
:10BC6000FFF71BFB00230680C0F80A30BDF8003048
:10BC700021464380BDF802308380BDF80430C38084
:10BC8000BDF80630038142F22000EBF7D7FAD8E77F
:10BC9000D0E8AF0F70470B6803608B8883808B7987
:10BCA00083717047072208B508F03FF9B0FA80F0B9
:10BCB000400908BDF8B50F46144638BB4FF0FF30B9
:10BCC0004FF0FF31EBF71CFA054610B327210C307B
:10BCD000FFF7E3FA224606463946FFF7DCFFC31DAD
:10BCE00004F1100152F8040B8A4243F8040BF9D115
:10BCF0001022002106F1170008F008F92946BDE8D6
:10BD0000F840002242F22700EBF7E0BA6FF015008E
:10BD1000F8BD6FF06800FBE7037A02465B0705D5C4
:10BD200001462E3211F8010BFFF7C4BF704738B53A
:10BD30004FF0FF3105464FF0FF30EBF7E1F90446D5
:10BD400058B129460C30FFF7B7FA2146BDE8384014
:10BD5000002242F22D00EBF7B9BA6FF0680038BD4F
:10BD600010B400F11803D3E8EF2F22F40051C3E818
:10BD7000E41F002CF7D1930404D501215DF8044B96
:10BD800000F08CB95DF8044B704770B5044686B07E
:10BD90000E4601300131FFF785FF2E3416220021B7
:10BDA0000546684608F0B2F810226946204608F0B9
:10BDB000BCF840B11022204606F12E0108F0B5F87B
:10BDC000B0FA80F04009284300F0010006B070BDD1
:10BDD00038B54B6805460C4673B90B7A13B9037A2C
:10BDE0005B0709D520682A7803789A4204D029464F
:10BDF000FFF7CBFF00B1656038BD00F1180208B550
:10BE000003461046FFF744FFC1050DD5D2E8EF0FFA
:10BE100040F40050C2E8E10F0029F7D11846BDE810
:10BE20000840002100F03AB908BD08B500F1180338
:10BE30001846FFF72DFFC20506D51846FFF728FF65
:10BE4000030644BF01230B7008BD10B50C4630B982
:10BE500019B1F1F75FF900B1441C204610BD002470
:10BE6000FBE770B50D460446002846D0002944D0B3
:10BE700000F118031846FFF70BFF820711D40A6878
:10BE8000C4F809208A88A4F80D2001222272D3E880
:10BE9000EF1F41F01001C3E8E21F002AF7D1002094
:10BEA00070BD4FF0FF304FF0FF31EBF729F9064638
:10BEB00030B307210C30FFF7F0F9034662783146C2
:10BEC00003F8012B2A68C0F80120AA8842F2350045
:10BED0009A800022EBF7FAF90028E1D104F1090376
:10BEE000AB424FF001031EBF2A68C4F80920AA889C
:10BEF000237218BFA4F80D20D1E76FF01500CFE72B
:10BF00006FF06800CCE713B5044680B1062168469F
:10BF1000F4F7EAFF48B99DF80530694603F03F039E
:10BF200020468DF80530FFF79CFF02B010BD6FF082
:10BF30001500FAE71830D0E8EF3F23F02003C0E8FF
:10BF4000E23F002AF7D17047037AD90704D523F0DE
:10BF500001030372EBF76EBD990704D523F00203CA
:10BF60000372EBF701BE704700207047D0E8AF0FB7
:10BF7000704708B5FFF7FAFF084100F0010008BD5F
:10BF8000034610B5D3E8EF0F00EA0102C3E8E42F3F
:10BF9000002CF7D110BD012310B403FA01F10446BF
:10BFA0004AB1D4E8EF3F0B43C4E8E23F002AF8D19E
:10BFB0005DF8044B7047C9435DF8044BFFF7E0BFE1
:10BFC00073B51D469DF81C3004469DF8206063B192
:10BFD0005EB1069B6A4642F2380120460095019305
:10BFE000EBF7A6FF68B102B070BDCDE900122046A4
:10BFF0006A4642F23701EBF79BFF0028F3D1002E8F
:10C00000E7D11834D4E8EF3F43F00403C4E8E23F3B
:10C01000002AF7D10020E6E72DE9F04180460F46DF
:10C020004FF0FF304FF0FF3186B01446EBF768F861
:10C03000054680B300F10C063FB301213046FFF7FF
:10C040003BF901213046FFF737F9304698F80110E7
:10C05000FFF732F9DCB121883046FFF735F9C4B17A
:10C06000A1783046FFF728F9284608F1180203A9FD
:10C0700008230097EBF732F80022294642F23900F4
:10C08000EBF724F906B0BDE8F0813946D6E7214642
:10C09000E2E72146E5E76FF06800F3E70022FFF7EB
:10C0A000BBBF203005F04EBF10B50446FFF7F9FFC7
:10C0B0002046BDE810405822002107F027BF38B5C0
:10C0C000044620B304F11805FFF7EBFF08212846CA
:10C0D000FFF74FFFE8B16FF080012846FFF750FFF0
:10C0E000030604D52046FFF725FFEBF77BFC09216B
:10C0F0002846FFF73EFF18B100212046ECF756F81E
:10C1000000222046BDE838401146FFF785BF6FF09A
:10C11000150038BD2DE9F04385B00F469946044619
:10C12000DDF83080F8B100F118060B213046FFF73A
:10C1300020FF05460A213046FFF71BFF3DB118B12D
:10C140002AB16FF085000BE0B8F1000FF9D1CDE90D
:10C1500001504B4639462046CDF80080FFF730FFAE
:10C1600005B0BDE8F0836FF01500F9E7F8B50546B6
:10C1700018B96FF015042046F8BD00F11807082122
:10C180003846FFF7F6FE06460028F2D14FF0FF30A2
:10C190004FF0FF31EAF7B4FF0446A0B101210C30A3
:10C1A000FFF77BF86B7821460370324642F23C0081
:10C1B000EBF78CF804460028DDD16FF0010138461A
:10C1C000FFF7DEFED7E76FF06804D4E77FB5C568F8
:10C1D0002878ECF7C7F9044698B143688BB19B689F
:10C1E0007BB101352846FFF7CCF902AE294650B1A4
:10C1F0003046FFF7BBF9636820469B68019601A9AA
:10C20000984704B070BD2078FFF71FFE0346006812
:10C2100002909A889B79B280B371ECE701F1200318
:10C22000013813F8012D8B4200F8012FF9D1704726
:10C2300000230B60436813B9C0E90011704719600F
:10C2400041607047D0F8BC00003818BF012070472B
:10C250000846896918301160426800211A6010F898
:10C260000D2C07F053BE2438ECF714BD00220368F0
:10C270000BB9184670478B4210D10B6842B942681F
:10C280000360914200D14360002301200B6070479E
:10C2900013604368994208BF4260F5E71A461B687D
:10C2A000E6E710B50446006918B1EAF775F900230E
:10C2B000236110BD70B516460D4601210446ECF70A
:10C2C00059FD012E17D0022E17D1236913B1204634
:10C2D000FFF7E7FF256121690A8A012A39D9CB686E
:10C2E0001B8804339BB29A4233D32AD92046BDE837
:10C2F0007040FFF7D6BF206918B92046FFF7D1FF7D
:10C3000001E02A8A22B92846BDE87040EAF744B91C
:10C31000018A438A46695B1AC168891B5B1A9A4283
:10C3200007D901460022204600F088FA0023236145
:10C33000E9E7E9680C30FEF7B6FF2846EAF72CF982
:10C34000C9E7002323612046BDE87040012200F0C8
:10C3500075BA70BD10B500F1D002D2E8AF3F5BB145
:10C36000591CD2E8EF4F9C4204D1C2E8EC1FBCF14B
:10C37000000FF6D1F1D110BD1846FCE710B5437B94
:10C380000446073B012B02D80121ECF791FD637BAA
:10C390002BB12046BDE810400021ECF789BD10BD4F
:10C3A00010B5437B0446023B062B16D8DFE803F0AA
:10C3B00009041515150B0900017300212046ECF73F
:10C3C00077FD002010BD0088FFF741FB0028F9D160
:10C3D000637B072BF5D10821F0E76FF07F00F1E7D1
:10C3E00010B50446D0F8A00028B9207A04F17001F5
:10C3F000F0F7E4FE38B1E278438A2AB903F021006D
:10C40000003818BF012010BD03F02400F8E782783F
:10C410000346012A06D1C07A28B1D3F8A00010B192
:10C42000007C70470020704710B583780446012BCC
:10C4300027D1437B072B27D10A0601F07F0310D5B4
:10C44000021DD2E8EF0F40F40040C2E8E10F0029DE
:10C45000F7D12046A372F0F779FA08B1637AA37294
:10C4600010BD427A9A4212D2827A9A420FD2021DAB
:10C47000D2E8EF0F20F40040C2E8E10F0029E8D035
:10C48000F6E76FF01500EBE76FF07F00E8E70020BC
:10C49000E6E78378012B0CBF407A0020704738B55F
:10C4A000037A04468B42154615D100F1700107222C
:10C4B000284607F03AFD80B1E378072243B904F13A
:10C4C0007E01284607F031FDB0FA80F0400938BD02
:10C4D00004F17701F5E70020F9E70120F7E708B557
:10C4E000EDF7BAF810B1ECF797FC012008BD83789E
:10C4F000012B0CBF70300020704713B582780B46BB
:10C50000012A15D10A88DB7802F00204D2078A7862
:10C5100048BFB4FA84F4B2FA82F148BF6409490909
:10C520000BB941F002010094FFF7C8FA02B010BD48
:10C530006FF01500FAE7F8B507460D464FF0FF30EB
:10C540004FF0FF31EAF7DCFD0646D0B10E210C308A
:10C55000FEF7A3FE04460E22002107F0D7FC3B881D
:10C56000314623802B88002263806B8842F21300BF
:10C57000A380AB88E380EB882381BDE8F840EAF72D
:10C58000A5BE6FF06800F8BD70B484780A46012C2F
:10C5900020D1051DD5E8AF6FC6F3C024360502D5FE
:10C5A00070BCEDF71DB90988A0F88C105188A0F86F
:10C5B0008E109188A0F89410D288A0F89620D5E823
:10C5C000EF3F43F40053C5E8E23F002AF7D120468D
:10C5D00070BC70476FF01500FAE7704710B504465D
:10C5E000F8F79AF9234653F8482BD2F8BC1061B9F2
:10C5F000A164D2F8C01061B9C2E92F33F8F7A0F9ED
:10C600002068BDE81040ECF72FBC8B42F6D00968DB
:10C61000EDE70B60C2F8C030F0E703682BB141686A
:10C620001A688B42026008BF4260704770472DE96C
:10C63000F843446B2CB154F8085905B1083D002764
:10C640000CB9BDE8F883D4E900682EB3F8F764F9B3
:10C650000022D6F8BC3004F1480163B1994233D1CD
:10C66000A36C4ABBD6F8C020C6F8BC30914201D1B9
:10C67000C6F8C030A764F8F763F904F13009002266
:10C6800000234846F7F728FC064600BBD8F80430DC
:10C690000BB1204698472760E3680BB120469847C6
:10C6A000D8F820300BB120469847DDB1AB6803B114
:10C6B000083B2C461D46C3E71360D6F8C0309942AC
:10C6C00008BFC6F8C020D5E71A461B68C5E7B3699E
:10C6D00023B16FF06D02F169206898473046E9F7A1
:10C6E0005BFFCCE72B46E4E738B5406B0D4620B145
:10C6F00050F8084904B1083C00B938BD43689B684C
:10C700000BB1294698472CB1A36803B1083B2046DA
:10C710001C46F1E72346FAE7F8B50E460021074626
:10C72000154600234FF224420846EDF757F9044618
:10C7300030B104210C30FEF7B0FD07704670458023
:10C740002046F8BD70B505460068B8B1407B0728A3
:10C7500014D1002A0CBF012002200E7A864210DC80
:10C76000C87A07280DD98A61CB6105F1300005F040
:10C77000CCFA2846FFF732FF002070BD6FF07F0033
:10C78000FBE76FF01500F8E7406B28B1838B0838A2
:10C790008B4201D08068F8E7704710B54AB989B27A
:10C7A000FFF7F2FF28B143689B6913B1BDE8104061
:10C7B000184710BD38B50D460521FFF7E5FF0023EA
:10C7C00029461A46FFF7BEFF044610B12846E9F78E
:10C7D000E3FE204638BD38B50B8A0546032B0C46D0
:10C7E00021D9042104F10C00FEF791FD238A42882F
:10C7F0009A4218D14178B1B10378012B13D0132B91
:10C8000011D0022201202D68FFF786FF044650B1A7
:10C8100002210C30FEF741FD0023214603704370D6
:10C820002846FFF7C7FF002038BD406B28B1838939
:10C8300008388B4201D08068F8E7704738B50B8A1A
:10C840000546032B0C4604D82046BDE83840E9F7DE
:10C85000A3BE042104F10C00FEF759FD41882846CF
:10C86000FFF7E3FF0028EFD0436821465B69984754
:10C87000EAE770470346006828B1596802688842B1
:10C880001A6008BF5A6070470346002003B970471A
:10C890001A8A5B681044F9E710B5D468023123782E
:10C8A00013B92170012010BD8B42FBD0038A023BDB
:10C8B000038200201061F6E72DE9F0410446886804
:10C8C000FFF7E2FF638B628D0D46934228BF13464C
:10C8D00083421DD30027A165D1F808808F60F8F747
:10C8E0001BF841462046EDF7AFF9064638B1C5F8CA
:10C8F0000880A765F8F724F83046BDE8F081618D1F
:10C90000638B2846994228BF1946EFF7DDFBF1E714
:10C910006FF07906F0E72DE9F041446A074644B12B
:10C9200054F8A86906B1A83E0022154607F104088C
:10C930000CB9BDE8F081A36D9BB905B98AB9404631
:10C94000FFF798FF054658B101462046FFF7B4FFB0
:10C950000028EED07B682B60BB687D6003B9BD60AA
:10C96000224636B1D6F8A83003B1A83B34461E465D
:10C97000DEE73346FAE708B503680A8A1868C9682B
:10C9800001F0A7FB002008BD38B5054601F10C00F9
:10C990000C46FEF7CCFC2D680146238A2868E26825
:10C9A00001F086FB002038BD38B504460D46EDF792
:10C9B0004BF930B1294604F15C00BDE8384005F080
:10C9C000A4B938BD70B5044601F10C000D46FEF760
:10C9D000AEFC266801462B8AEA68306801F068FBE5
:10C9E0001E2100222046EDF787F9014610B12046AE
:10C9F000FFF7DAFF002070BD70B40668726A5AB3A0
:10CA0000144654F8A83903B1A83B002211467CB95A
:10CA1000438D408B8B4201D890421FD9824238BF50
:10CA200002469942306838BF194670BCEFF718BA11
:10CA3000844207D0658D648BA94238BF2946A24243
:10CA400038BF224633B1D3F8A85005B1A83D1C46E3
:10CA50002B46DCE71D46FAE71146D9E770BC704764
:10CA600073B51446014605464FF49572206801F0EF
:10CA70003AF9207530B92946206801F08EFB20B9BB
:10CA800008232375002002B070BD237AB3B1A3F14F
:10CA90001802534253419B000193638A2946009335
:10CAA000AE68238AE2682068B047002808DB238A42
:10CAB00083420CD1002301202375E4E70223EBE736
:10CAC00010F1FF0F03D34042C0B22075DAE70E2009
:10CAD000FBE7F8B5936805460F461446166863B938
:10CAE000506801210C30FEF7D8FBA0602B681B7842
:10CAF000002B14BF022301230370A3681B78012BB2
:10CB000003D0022B1FD000201CE02B681B78002BC9
:10CB1000F9D1606804210C30FEF7BFFBE0600780AC
:10CB20002A68E36852885A806168728D738B088A1C
:10CB30009A4294BFC0EB0200C0EB0300042894BFEC
:10CB400000200120F8BD2B681B78022BDBD1606828
:10CB500012210C30FEF7A1FBE06007802B68E26831
:10CB6000591C0232113351F8040B994242F8040B5C
:10CB7000F9D16168728D738B088A9A4294BFC0EBB9
:10CB80000200C0EB03001228D9E7D0680431037813
:10CB900013B90170012070478B42FBD000209168CF
:10CBA0000B8A043B0B82106170472DE9F0418846E7
:10CBB00017460121042205461E46EDF79DF804465E
:10CBC00070B104210C30FEF768FB80F80080A0F8FB
:10CBD0000170C67021462846BDE8F041FFF7E4BE6B
:10CBE000BDE8F0811FB5CDE9012300231A4600936B
:10CBF000EEF7D8FB05B05DF804FB0022036803B92B
:10CC000070478B420FD10B683AB94268036091427A
:10CC100000D1436000230B60704713604368994262
:10CC200008BF4260F6E71A461B68E8E7D0E8EF3F26
:10CC300043F00802C0E8E12F0029F7D1C3F3C00098
:10CC4000704707B5CA680C211388528800920D22DC
:10CC5000EDF738F903B05DF804FB07B50022CB68A7
:10CC60000A211B8800920B22EDF72CF903B05DF826
:10CC700004FBF8B5CB6804461F88BBB2162B24D939
:10CC80000321EDF79BF8064608B302210C30FEF7AE
:10CC900004FB00256FF00803457003703146204601
:10CCA000FFF782FEF7236383236867851B680433DD
:10CCB000D3E8EF1F41F48031C3E8E21F002AF7D127
:10CCC0002046FFF799FE2846F8BD0420FCE70E2019
:10CCD000FAE770B504460E46002200230846F7F72F
:10CCE000FBF8054658B101462046ECF7ADFF044677
:10CCF00018B12946304605F013F8204670BD6FF094
:10CD00000104FAE737B50C46054601F10C00FEF7C1
:10CD10000EFB228A03460192E26812210092284605
:10CD20001322EDF729FB03B030BD37B50C4605469D
:10CD300001F10C00FEF7FBFA228A03460192E26839
:10CD40002846009200221146EDF716FB03B030BDD5
:10CD50002DE9F04342F60103002591B0D2F800809E
:10CD600007460E4600680BA9D8F8049014468DF8C3
:10CD70002C50ADF82E30FEF77CFB002800F08280AE
:10CD80004FF4205338680BA98DF82C50ADF82E3095
:10CD9000FEF76FFB38B1A3681BB15A88B24200D2CC
:10CDA0005E80012010E061680846FFF76DFDB8F86D
:10CDB0002A20B8F81A309A4294BFC0EB0200C0EBA8
:10CDC0000300032803D8002011B0BDE8F083084613
:10CDD000FEF72FFA054661680846FFF755FD6B8A96
:10CDE0002A8AA3EB020C6B69EA68D21AACEB020345
:10CDF000B8F81AC0B8F82A20944594BFC0EB0C00CC
:10CE0000C0EB0200834228BF03466BB9887AE9F77A
:10CE10000DFB00220023FEF7D6F905460028D2D0EC
:10CE200001466068FEF716FA002300933946D7F8EA
:10CE300004801023484602AAC047071E22DB227C3A
:10CE4000E068BA421AD001460BA8FEF73FFBC8B112
:10CE5000FAB202A906A8FEF739FB98B106A90BA8F9
:10CE6000FEF707FB70B900230421637405F10C0081
:10CE7000FEF713FAA0600680A36891E702A907F005
:10CE800054F8EFE70023A3608BE72DE9F04F064647
:10CE900085B0104690469946FFF7F6FC738B728D6D
:10CEA0008B46934228BF1346834275D97368404628
:10CEB0000393FEF7BEF94FF0000A04464046FFF721
:10CEC000E3FCE168228A658A6369AD1ACB1AED1A20
:10CED000778B738D9F4294BFC0EB0700C0EB0300BC
:10CEE000854228BF054625BB98F80A00E9F79EFA57
:10CEF00000220023FEF767F9044608B9574627E0E9
:10CF000001464046FEF7A6F94046FFF7BDFCE16842
:10CF1000228A658A6369AD1ACB1AED1A778D738BF5
:10CF20009F4294BFC0EB0700C0EB0300854228BFBF
:10CF30000546CDF80090DBF804700A440398594682
:10CF4000ABB2B847071E07DABAF1000F18BF574651
:10CF5000384605B0BDE8F08F0E9BABB9394604F1F9
:10CF60000C00FEF79AF94046FFF78EFC738D728B2A
:10CF7000B944934228BF13468342BA441FFA89F941
:10CF8000BCD9AF429AD0B9E7394620460F9A0E9BDA
:10CF900098470028E2D1B1E70027D9E700232DE91F
:10CFA000F34117681446D7F8048001461373064608
:10CFB0009522404600F097FE0546207330B9314671
:10CFC000404601F0E8F828B908232373002002B096
:10CFD000BDE8F081A068798B7A8D038A914294BF75
:10CFE000C3EB0103C3EB0203012BEFDD02210C3085
:10CFF000FEF753F9CDE900558046A38831463846FF
:10D00000A268FFF742FF031E06DA13F1FF0F2ABFE3
:10D010005B420E23DBB2D8E70120A8F80030D6E748
:10D0200000232DE9F34117681446D7F80480014620
:10D03000137306469522404600F055FE05462073C0
:10D0400030B93146404601F0A6F828B908232373C9
:10D05000002002B0BDE8F081CDE9005531463846E8
:10D06000A388A268FFF711FF002807DA10F1FF0F6D
:10D0700032BF0E204042C0B22073E9E70120E8E74A
:10D08000F8B5054650F8044C071F00F15003D3E8EB
:10D09000EF1F21F00401C3E8E21F002AF7D1FCB121
:10D0A0006B6D83B9636873B1201DFFF7E3FB064620
:10D0B00001463846FFF700FC90B163683360A3680F
:10D0C000666003B9A660384605F15801FFF701FE16
:10D0D00030B1384604F10C01BDE8F840FFF7F9BD66
:10D0E000F8BD08B5437B072B01D0002008BD042103
:10D0F000FFF79BFB0028F8D000F15003D3E8AF3FC7
:10D10000DB07F2D550F8040CF0E738B50546D1E856
:10D11000AF3FDB0716D550F8040C98B16B6D8BB997
:10D120000430FFF7A7FB044660B10146281FFFF754
:10D13000C3FB38B155F8043C5A6822609A685C60B9
:10D1400002B99C6038BD70B50E461546FFF7C9FFA1
:10D1500078B1436A6BB1184650F8A83903B1A83BBF
:10D16000691C428D448BA24228BF2246914202D9BB
:10D170003BB9002070BD2A463146BDE87040ECF74F
:10D18000BBBDD3F8A84004B1A83C18462346E8E745
:10D19000EEF77AB808B5FFF7A4FF40B1406A30B1A6
:10D1A000024652F8A83903B1A83B002002B908BDD5
:10D1B000518B528D8A4228BF0A46904238BF104692
:10D1C00033B1D3F8A81001B1A8391A460B46EDE7E0
:10D1D0001946FAE710B504467438EDF799FB54F890
:10D1E000740C1321BDE81040FFF7DAB870B550F8A1
:10D1F000043C0446061F002B34D039B1436D002B8C
:10D2000030D01B7CDA072DD505231EE005682846A3
:10D21000EEF746FE6B7A012B24D0646D14B3237CA9
:10D22000DB071FD5E368002BEED030466269617CD6
:10D23000ECF762FD054638B1D4E90512E36898477A
:10D2400050B12846E9F7A8F90E2300223046BDE880
:10D2500070401146EDF726BB29463046ECF7F4FC4A
:10D260000028EED170BD70B5CE68044633880D46F7
:10D270009AB2162A06D8002204231146EDF712FBB3
:10D28000002070BDF72243854283FFF7B5FB0023E2
:10D29000314620462A8AF1E708B500230A8AC96880
:10D2A000EDF700FB002008BDFFF7F6BFFFF7F4BF66
:10D2B000FFF7F2BFFFF7F0BFFFF7EEBFFFF7ECBFDE
:10D2C000FFF7EABFFFF7E8BFFFF7E6BFFFF7E4BFEE
:10D2D000FFF7E2BF70B50D46FFF703FF044628B91C
:10D2E0002846E9F759F96FF07F0070BD00F10C0690
:10D2F0002946304604F009FD646AC4B154F8A859BF
:10D3000005B1A83D0022104607E022467DB1D5F8C0
:10D31000A83003B1A83B2C461D46831C01D1002A2E
:10D32000F4D131462046FFF7D4FC0028EDD100208F
:10D33000DBE738B505460C46F7F7EEFA2846FFF767
:10D34000D0FE20B9F7F7FCFA6FF07F0038BD00235C
:10D35000236083683BB9C0E90144FFF7DCFAF7F7C3
:10D36000EFFA0020F2E71C608460F6E710B50C4687
:10D37000FFF7B7FE90B1436A43B153F8502CA83B76
:10D380009169A14209D0D3F8A830F5E7406828B1E7
:10D390008369A34202D00068F9E7104610BD01205E
:10D3A000704708B5FFF79DFE78B1436A6BB1A83BA3
:10D3B00003F15402D2E8EF0F20F00800C2E8E10FB9
:10D3C0000029F7D1D3F8A830F0E708BD08B504214B
:10D3D000FFF72BFA20B15030D0E8AF0FC0F3C000F8
:10D3E00008BD10600020704710B5029CA36833B1DF
:10D3F000B1F5807F28BF0E21CAB221469847A37D90
:10D40000E268013BDBB2A37522B11BB92046BDE83F
:10D410001040104710BD1060918000207047B1F59A
:10D42000807F28BF0E21009AC9B2136818470020D8
:10D430007047072208B506F078FDB0FA80F0400981
:10D4400008BD70B50378044693420E46154603D1D5
:10D450000130FFF7EEFF70B9A37AAB420DD1314630
:10D4600004F10B00FFF7E5FF20B101235B4203F05D
:10D470000A03E01870BD0023F8E70020FAE703462E
:10D4800010B5D3E8EF0F40EA0102C3E8E42F002C07
:10D49000F7D110BD034610B5D3E8EF0F00EA010243
:10D4A000C3E8E42F002CF7D110BD0B6803608B8814
:10D4B00083808B79837170472DE9F0410D46069C7E
:10D4C00006466FF0040104F11000FFF7E3FF45B3D7
:10D4D0003046EDF719FC074680B16368B5F5807FEB
:10D4E00028BF0E251BB122463046E9B29847BB68DB
:10D4F00023B100221D6804F114000BB9BDE8F081CE
:10D50000834206D1234639463046BDE8F041EDF767
:10D510004FBB25B129681A462B460D46EDE7294633
:10D52000F9E763681BB12246294630469847A3892C
:10D53000002BE3D1256821463046AC46BDE8F041DA
:10D540001A46604711F1680F01D0FFF7B5BF704769
:10D55000D0E8AF0F704770B50D46064611F8010BC5
:10D56000ECF77AF8044610B12C89EBF755FCA87A51
:10D5700005F10B01ECF770F828B16B8A9C4238BFBB
:10D580001C46EBF749FCAB8AA34207D0AB69AC82DF
:10D5900023B121463046BDE87040184770BD08B53C
:10D5A00002210C30FDF779FE6FF0080203460020DF
:10D5B0001A70587008BD10B5144602210C30FDF7E2
:10D5C0006CFE23890380002010BD10B51446042191
:10D5D0000C30FDF762FE23890380638943800020BD
:10D5E00010BD70B51446002500F10C066268EBB260
:10D5F0009A4205F1010501D8002070BDA2683046AD
:10D6000032F81310FDF760FEF0E7FFF7EABFF7B559
:10D61000089D06460C462F6851B973B900232A4667
:10D620000893E1B23046BC4603B0BDE8F040604725
:10D63000B1F5807F28BF0E24F0E7009313462A46F9
:10D64000B847089423462A4621462F68EAE7F0B5F2
:10D650000D4687B0114606461A460C9C5DB983B943
:10D660002768002322463046BC46E9B20C9307B037
:10D67000BDE8F0406047B5F5807F28BF0E252768DC
:10D68000EFE703A8FDF7F8FDBDF81030012B08D82F
:10D69000002300932246194630462568A84707B064
:10D6A000F0BD022103A8FDF732FE0346BDF81020AD
:10D6B00033F8027B0021974228BF17460097224685
:10D6C00030462568A847394603A8FDF720FEDBE76A
:10D6D00038B5BDF810401546A2420CD84CB16BB11C
:10D6E000A41A8C42A8BF0C46A4B22246591906F0CF
:10D6F00000FC204638BD6FF00604FAE76FF00D0419
:10D70000F7E730B585B0C96814461D46EDF7D8FA7D
:10D7100000B100890223ADF80E000093294620468F
:10D72000BDF820200DF10E03FFF7D2FF05B030BD8C
:10D730001FB50C461946E36810461C78BDF8182042
:10D740003CB110240133069404B0BDE81040FFF74B
:10D75000BFBF5B88ADF80E30022300930DF10E03BE
:10D76000FFF7B6FF04B010BD30B51D46002385B0ED
:10D7700014468DF80C30EDF785FA10B1037A8DF868
:10D780000C300123294600932046BDF8202003AB2E
:10D79000FFF79EFF05B030BD38B5154600F10C040B
:10D7A00004212046FDF779FD2B8903806B89438096
:10D7B000E9680B782BB920464988FDF785FD0020E4
:10D7C00038BD102220460131FDF76DFDF7E700223C
:10D7D00003680BB9184670478B4210D10B6842B9E9
:10D7E00042680360914200D14360002301200B6036
:10D7F000704713604368994208BF4260F5E71A46D4
:10D800001B68E6E710B5EDF797F9044640B101460D
:10D8100011F8010BE9F780F8002323606360A3602F
:10D8200010BD70B500F1700605463146007AFEF76E
:10D8300005F904463146287A1CB1BDE87040FFF76F
:10D84000E1BFEDF779F910B104604460846070BD08
:10D85000022A10B508D1002300F170011A46007A9F
:10D86000EDF7ACFA022010BDFFF7DBFFFAE7F0B5E9
:10D87000076806463D78144689B035BB7B88B3F50A
:10D88000245F04D01BD8A3F52053032B1DD8ADF87B
:10D890000A10022220460DF10A0105F060F948B98C
:10D8A0007B88022220460DF10A01ADF80A3005F00E
:10D8B00056F970B16FF01503C4F8903106E003F526
:10D8C0005643FF339BB2042B15D90125284609B0D6
:10D8D000F0BD009003AA132331467768B847021EB3
:10D8E00002DAC4F89021F1E703A9204605F037F9E0
:10D8F0000028EAD0DEE7ADF80A10022220460DF13A
:10D900000A0105F02CF90028D4D17B880222ADF859
:10D910000A300DF10A01E8E738B5144600F10C05AC
:10D9200002212846FDF7B9FC63890380A1892846B6
:10D93000FDF7CAFC042104F11000FFF7A0FD002050
:10D9400038BD08B50C3029B10121FFF798FDC0435F
:10D95000084008BD6FF00101FFF79CFD00F00100D9
:10D96000F7E710B50446FFF7ECFF38B12146BDE8F4
:10D970001040012211F8010BEDF7E4B910BD2DE9BB
:10D98000F0419846BDF818300646012B17462ED8B0
:10D990004344012B45462DDCEDF774F9044618B9D4
:10D9A000EDF770F9044640B3B8F1000F11D0002331
:10D9B000217A21FA03F2D00703D53A78DA40D20768
:10D9C0001ED50133032BF4D13B7803F00703194331
:10D9D000217206F17001601CFFF767FD337A0121A7
:10D9E00020462370FFF7BDFF2846BDE8F0816FF0A9
:10D9F0000605F9E76FF00C05F6E76FF01005F3E7A1
:10DA00006FF01205F0E770B504461546FFF7C7FC46
:10DA100048B12046EDF736F928B1037ADB0702D585
:10DA20000121FFF79EFF85B9207A04F17001EDF71F
:10DA300083F8024648B1014685600423BDE8704082
:10DA400011F8010B0832E8F759BF70BD2DE9FF410D
:10DA5000884616461F46044628B96FF01505284625
:10DA600004B0BDE8F08102A9FDF7DBFC0546002803
:10DA7000F3D1204601A9FDF7E4F90198D0B90020BF
:10DA800002A9EDF721F8044648B9EDF7FBF8044682
:10DA900078B3002302A900F8013BFFF706FDB8F1B7
:10DAA000000F22D0022269463846B047002808DA23
:10DAB0000546D4E70A222946FAF79AFC0028DED068
:10DAC000CBE79DF800300228237204D000212046C5
:10DAD000FFF747FFC3E79DF801100129F6D820465C
:10DAE00001F00101FFF72DFFB9E72046EDF738FA05
:10DAF000B5E76FF00B05B2E737B504460D46ECF716
:10DB0000E3FF024698B1037A0C308DF80430FFF73A
:10DB10001FFD10F0010318BF01238DF8053002230B
:10DB200001AA29462046E8F7FFFE03B030BD0346B0
:10DB3000F7E738B5BDF81010BDF818401046A142FF
:10DB4000059D0CD84CB16DB1641A9C42A8BF1C460F
:10DB5000A4B22246294406F0CCF9204638BD6FF025
:10DB60000604FAE76FF00D04F7E713B5044610B9A1
:10DB7000002002B010BD00238DF8043042F60303EC
:10DB8000006801A9ADF80630FDF773FC0028EFD15D
:10DB9000E36898880028ECD12046EDF7D3FB0130EC
:10DBA00080B2E6E770B5CC681E46A37988B0084617
:10DBB0008DF80C301546FFF7D8FFADF80D0024683E
:10DBC00023786BB96388ADF80F3005230093314695
:10DBD0002846BDF8302003ABFFF77AFD08B070BDD2
:10DBE000631C0DF10F02113453F8041BA34242F8D9
:10DBF000041BF9D11323E9E71FB5CDE90123002365
:10DC00001A460093EDF7CEFB05B05DF804FBEDF787
:10DC1000B9BC38B5044659B100F170052946007AFF
:10DC2000EDF746FD2946207ABDE83840FFF764BF8E
:10DC300038BDF8B506460F46ECF762FF3946044694
:10DC40003046FDF7FBFE48B344B304F108056FF01E
:10DC500001012846FFF71EFCC20703D539463046AE
:10DC6000EDF726FD6FF002012846FFF713FC83074E
:10DC700003D539463046FFF73FFF2846FFF768FCDB
:10DC800060B9234603F8010BC4F80100C3F8030090
:10DC9000D5E8EF3FC5E8E20F002AF9D1F8BD38B565
:10DCA000A0F17705441C15F8010C29460C35FFF747
:10DCB000C0FFA542F7D138BD002313B58DF804305D
:10DCC00042F60303044601A90068ADF80630FDF7EB
:10DCD000D0FB18B92046EDF737FD0446204602B0C8
:10DCE00010BDFFF757BA38B54C8AD3070546C4F3C1
:10DCF0000E0404D514F0950F2AD04B6843B3900757
:10DD000004D514F4957F25D08B681BB3144014F40C
:10DD1000DE7F0DD0EB7A2BB92846FEF761FBD8B930
:10DD2000052038BD14F0300F04D114F4C07F07D1A2
:10DD30000020F6E72846FEF7ACFB0228F5D8EFE70F
:10DD4000D5F8A030002BEBD05B7CDB06E8D5EFE705
:10DD50000220E6E70320E4E70F20E2E72DE9F041A7
:10DD6000437B0646072B0C46154686B040F085805F
:10DD700000238DF8143042F60303206805A9ADF89E
:10DD80001630FDF776FB90B96768002F75D0012338
:10DD90002146009004AAB84701286ED19DF81030A2
:10DDA00013F0300F69D02046EDF7CEFC0446002377
:10DDB00020688DF8143042F6021305A9ADF816302C
:10DDC000FDF757FB18B12046EDF7BEFC04460027CF
:10DDD00042F60218206802A98DF80870ADF80A8092
:10DDE000FDF747FBF8B9002320688DF8143042F6A0
:10DDF000021305A9ADF81630FDF73BFB00283CD116
:10DE00006768002F39D0009002232146304605AACA
:10DE1000B847022831D1BDF8143005EA03000038B4
:10DE200018BF01202AE042F60303206803A98DF8F9
:10DE30000C70ADF80E30FDF71CFB0028D3D04FF46A
:10DE40002053206804A98DF81070ADF81230FDF74A
:10DE500010FB0028C7D042F60103206805A98DF801
:10DE60001470ADF81630FDF704FB0028BBD0204637
:10DE7000EDF76AFC04460028ACD1002006B0BDE8EE
:10DE8000F081F8B514460F46942261680646FFF704
:10DE90002AFF20BB012230466168FFF75FFF08B30D
:10DEA000A2891B2130460232FFF74DF90546E0B149
:10DEB000A1890C300231FDF7F0F920F8027BA2892C
:10DEC000A16806F016F8D4E9041228460123ECF7FD
:10DED000DDFD29463046BDE8F840FFF7FBB94FF0BD
:10DEE000FF30F8BD6FF01500FBE76FF00B00F8E7AF
:10DEF0002DE9F74F0C9C804691461E460D4641B9D0
:10DF00006BB92668002322460C93E9B24046B4461A
:10DF100032E0B1F5807F28BF0E252668F2E76368FE
:10DF2000002B59D1013E25896789B6B202F1010A59
:10DF3000002E33D099F80010B14228BF3146012994
:10DF400007D80023224604210C9325684046AC469E
:10DF500012E0BAF80020023993B289B2002B5AD0ED
:10DF60009D42D4F800B001D89F4209D20023224636
:10DF70000E214046DC460C9303B0BDE8F04F6047ED
:10DF8000228140460091224600210AF10203D8472F
:10DF9000002840D099F80030B3420BD921464046C2
:10DFA000EDF788FE002836DA00230C9322460E2176
:10DFB0002568CBE7238962899A4205D100230C9317
:10DFC000224619462568C1E70133238199F80030BC
:10DFD000F61AB6B29A44ABE7009613462768224673
:10DFE000B847C0B1238A013B9E4205DA0C952B4607
:10DFF00022462946266889E7638921461E44404611
:10E000006681EDF757FE002805DA0C952B4622466F
:10E010000E2126687AE703B0BDE8F08F73B5044699
:10E020000D46F6F779FC29462046FFF79FF9014691
:10E0300020B902B0BDE87040F6F782BC46682046C1
:10E04000ECF7FCFCF6F77CFC2EB100230E211A46FF
:10E0500020460095B04702B070BD2DE9F0478C68AE
:10E06000054692469846BDF8209024B154F814799C
:10E0700007B1143F0CB9BDE8F087238953450ED191
:10E080006A7AA37B9A420AD34B46424621462846E7
:10E090002668B04718B921462846EDF751FE2FB142
:10E0A000796901B114393C460F46E3E73946FAE78E
:10E0B000F7B50D46044616461F46ECF725FE014609
:10E0C00028B133462A4620460097FFF7C6FF03B023
:10E0D000F0BDF0B587B005460E461746ECF714FEC6
:10E0E000044640B13A46314603A8FDF7C5F8BDF8ED
:10E0F0001030042B01D807B0F0BD042103A8FDF7B0
:10E1000006F9BDF8101046880288B142F3D32146C3
:10E11000031D00962846FFF7A0FF314603A8FDF730
:10E12000F6F8E4E72DE9F04105468846ECF7AAFD4C
:10E130000446E0B1037ADB0719D500F10C07384635
:10E14000FFF706FA10F0010611D1B8F1000F0FD059
:10E150006FF002013846FFF79DF910F0020F2846D4
:10E1600009D0FFF71EF901212046FFF7FAFB01262F
:10E170003046BDE8F081FFF712F90028F8D02846B4
:10E18000FFF724F90028F3D06FF002013846FFF7BB
:10E1900081F92846E5E7012070470120704713B553
:10E1A000C068144668B100238DF804304FF4C053A2
:10E1B00001A9ADF80630FDF75CF910B92368013309
:10E1C0002360012002B010BD0720704708B506216A
:10E1D000FEF72BFB00B1EC3808BDD0E8AF0F0841CB
:10E1E00000F00100704738B50A46034609B901201E
:10E1F00038BD488A10F0240FF9D0197D5D7B147C5E
:10E20000A94228BF29468C4201D90020F0E78006A8
:10E2100007D4517CC9070BD4187A003818BF0120E5
:10E22000E6E70521181DFFF7D8FF0028F1D1ECE73C
:10E23000197A0029E9D00521181DFFF7CEFF18B97A
:10E24000197A01390129E0D9527CD207CFD4E3E70A
:10E2500001238B40DB43D0E8EF2F1A40C0E8E12FC9
:10E260000029F8D170470720704701238B40D0E880
:10E27000EF2F1A43C0E8E12F0029F8D1704708B505
:10E280000E21FFF7F2FF002008BD38B505460B460A
:10E2900004300D21FFF7A1FFA0B1DC68D5F8EC3008
:10E2A0000220197A03F1700200F08CFB80B1224643
:10E2B00000F12E0304F1100152F8040B8A4243F8D6
:10E2C000040BF9D128460921FFF7CFFF002038BD04
:10E2D0000820FCE738B504210446EDF7E5FF0546C4
:10E2E00098B110210C30FCF7D8FF04F1270304F19A
:10E2F000370253F8041B934240F8041BF9D120461F
:10E300002946EDF787FF002038BD0820FCE72DE9FE
:10E31000F047044690B00CAD10220021284605F0CD
:10E32000F5FD237A052B1ED8DFE803F0060303066C
:10E330001D21D4F8D8300C93D4F8EC3004F1470206
:10E3400004F1C707CDE9017204F1370803F17E0239
:10E3500004F12709009241464A46773304F19700B9
:10E36000EFF728F898B1082010B0BDE8F087D4F88E
:10E37000E430002BE0D02E4603F110073246186837
:10E380005968083303C2BB421646F7D1D4E7D4F824
:10E39000EC3008AE03F177027E33019304F11103F0
:10E3A0000292009342462B4649463846039600F0B7
:10E3B00075FB0028D7D1237A052B0FD1D4F8E010B4
:10E3C000002948D00B46AC4601F1100E6246186891
:10E3D0005968083303C273459446F7D1D4F8EC303A
:10E3E0000DF1100A03F17E027733019304F10A0361
:10E3F000029200934A462B4641463846CDF80CA07F
:10E4000000F04CFB0028AED11022514604F1B700B9
:10E4100005F08BFD20BB0D212046EDF745FF07469B
:10E420000028A0D010210C30FCF737FF32460346FD
:10E43000164603CEAE4218605960324603F1080317
:10E44000F6D139462046EDF7E5FE201D0121FFF704
:10E450000CFF002088E71022284605F057FDBDE795
:10E460000B2081E770B5D0F8EC300446DB78012B47
:10E4700019D1CD68061D10213046FFF7E9FE2B4665
:10E4800004F1B70205F1100153F8040B8B4242F876
:10E49000040BF9D107213046FFF79FFE28B109216F
:10E4A0003046FFF7E2FE002070BD0A213046FFF73C
:10E4B00094FE0028F3D12046BDE87040FFF727BF47
:10E4C00070B5061DCD6804460B213046FFF7C0FE2F
:10E4D0002B4604F1170205F1100153F8040B8B428F
:10E4E00042F8040BF9D1237A012B09D0022B13D166
:10E4F00020460421FFF7B9FEBDE87040EDF7A0BF4C
:10E500000A213046FFF769FE0028F1D0304600218D
:10E51000FFF7ABFE002070BD0820FCE70720704726
:10E520000720704707207047012303FA01F1CA430F
:10E5300030B5D0E8EF3F03EA0204C0E8E54F002D14
:10E54000F7D101EA0300003818BF012030BD38B50B
:10E5500004460025031DD3E8EF2FC3E8E15F00293F
:10E56000F9D104F5A07003F0EDFC2572D4E8EF3F7B
:10E57000C4E8E25F002AF9D12046BDE83840012115
:10E58000FFF773BE70B500F1700605460C46072212
:10E590003046096805F0C9FCB8B963681A682A678B
:10E5A0009A88A5F874209B7985F87630D5F8A03044
:10E5B0005BB1A268934208D062681168C3F8011089
:10E5C0009188A3F805109279DA7170BD2DE9F84FA2
:10E5D000DDF82C80044692461F46BDF82890FFF7D0
:10E5E000F5FD054600285CD0061DB9F1000F27D1C6
:10E5F0005AEA070324D103213046FFF7EEFDF8B1B4
:10E6000001213046FFF7E9FDD0B12C7D6B7B05F190
:10E6100047019C4228BF1C462246404605F069FC43
:10E620000F2C06D84946C4F1100208EB040005F08F
:10E630006DFC30460121FFF718FE0120BDE8F88F80
:10E64000D4F8A03083B904F1700B5A462020217A07
:10E65000EEF73CFDC4F8A00030B95A460120217AFB
:10E66000EEF734FDC4F8A000B9F1000F0CD15AEA5E
:10E67000070709D1D4F8A01031B14B8A9B0603D506
:10E680000C7C1E312246C8E70F213046FFF7A5FD5E
:10E6900020B1022206212046EAF77CFF2846FFF738
:10E6A00056FF0020CAE76FF085007047F8B5031DDC
:10E6B00006460F4618460221FFF78FFD044620B19B
:10E6C000B6F8E840B4FA84F4640903211846FFF769
:10E6D00084FD58B139463046EEF7FAF9052194B178
:10E6E000D6F8EC00FDF75CFE0020F8BD01211846CD
:10E6F000FFF773FD0028EDD10F211846FFF76DFDE0
:10E700000028E7D1EAE73046EDF7CEFD054688B1AF
:10E7100001210C30FCF7C1FD234607702246294633
:10E7200006F1EC00FEF70EF80028DDD02846E7F7EA
:10E7300033FFD9E76FF06800D7E770B504460820CB
:10E74000EDF70CFD0546E0B1061D08213046FFF748
:10E750007FFDBCB30721FFF77BFD234605F1970240
:10E7600004F1200153F8040B8B4242F8040BF9D159
:10E770000A213046FFF731FD70B109213046FFF71D
:10E7800074FD0720EDF7EAFC0446E8B1EDF75AFD09
:10E79000D0B10821204612E010213046FFF71DFDC0
:10E7A00009210028EAD13046FFF717FD0028E8D0FC
:10E7B0002846FFF7ACFD01460028E2D02846FFF7C7
:10E7C00075FFDEE70B21F9E770BD2DE9F0410E463C
:10E7D0000446D0F8EC80EDF7DBFCF768261D054613
:10E7E0000A213046FFF7A0FE38B16DB920463978CE
:10E7F000EEF76EF90020BDE8F0810B213046FFF7FF
:10E8000093FE0028F1D1F1E72B69002BEED04046B2
:10E810009847EBE770B50446A0F1EC0650F8543B7E
:10E82000E83CD3F8A05003F08DFB03212046FFF70E
:10E83000D4FCA0B108213046EEF74AF93DB16B8A0D
:10E8400013B16B7C9B0702D5284600F0CFF8304609
:10E85000BDE870404FF4BC72002105F057BB0121A8
:10E860002046FFF7BAFC0028E4D10F212046FFF72D
:10E87000B4FC0028DED1E1E710B504460821A0F57C
:10E88000A070EEF725F9A4F59E700421BDE81040B4
:10E89000FFF7EBBC70B50446FFF798FC054600286F
:10E8A00075D0061D03213046FFF797FC00286ED077
:10E8B000D4F8A00008B100F099F8207A04F17001B2
:10E8C000EEF72CFBC4F8A00028B92846BDE870403C
:10E8D0000821FFF7EBBE0E213046FFF77EFC28B182
:10E8E000D4F8A020537C43F0020353742B7A032BFB
:10E8F0000DD8002B4CD1D4F8A020537C23F020035A
:10E900005374D4F8A020537C23F001030DE0053BA1
:10E91000012BF0D8D4F8A020537C43F0200353748B
:10E92000D4F8A020537C43F0010353742B7D697B02
:10E93000D4F8A0208B4228BF0B4630461374052123
:10E94000FFF74BFCD4F8A020537C40B343F01003F6
:10E950000D2130465374FFF740FCC0B12021D4F89C
:10E96000A00000F03FF8D4F8A03005F147021E33B4
:10E97000573552F8041BAA4243F8041BF9D100236F
:10E98000D4F8A02053619361D4F8A020938370BD84
:10E9900005213046FFF721FC0028ACD0C0E723F06A
:10E9A00010035374F3E7072208B505F0BEFAB0FA76
:10E9B00080F0400908BD437C5B0602D40121E9F7E1
:10E9C00001B8704770B504460D461646EEF77EFB5B
:10E9D00038B931462846EEF7A1FA10B1438A1C43F4
:10E9E000448270BD438A19434182704710B5037A4F
:10E9F00004465B0701D5E9F7B7F8214611F8010B8A
:10EA0000E8F72AF82046BDE810404822002105F02A
:10EA10007DBA024601463C2311F8010B0C32E8F79F
:10EA20000DB8531E1944024411F8013900F8013B96
:10EA30009042F9D1704710B5431E00F11002073023
:10EA400013F8011F12F8014D83421C701170F7D1A9
:10EA500010BDF0B50E4614461D4697B00146202263
:10EA600005A81C9FFFF7DDFF202231460DA8FFF708
:10EA7000D8FF2146102201A88DF85450FFF7D1FF8E
:10EA80003B46412205A901A8EEF72AFD044610B92C
:10EA90003846FFF7D0FF204617B0F0BD2DE9F04310
:10EAA00016461D4697B00446DDE91F98102205A8BA
:10EAB000219FFFF7B6FF1022314609A8FFF7B1FFEB
:10EAC000102229460DA8FFF7ACFF03221E9911A8BA
:10EAD000FFF7A7FF494611F8013BD9F801008DF86F
:10EAE00047308B880622129012A8ADF84C30FFF701
:10EAF00098FF414611F8013B06228DF84E30D8F8B8
:10EB000001300DF14F00CDF84F308B88ADF8533008
:10EB1000FFF787FF2146102201A8FFF782FF3B463F
:10EB2000412205A901A8EEF7DBFC044610B93846DE
:10EB3000FFF781FF204617B0BDE8F08308B5F2F774
:10EB4000E7FB002818BF6FF00D0008BD1FB50120BE
:10EB500001A9E6F7DBFA18B1002005B05DF804FB67
:10EB6000019802A9F2F77EFB0028F5D19DF8083044
:10EB7000032B05D09DF80B00431E58425841ECE78B
:10EB80000120EAE713B5012001A9E6F7BFFA58B959
:10EB900001220198114601F04FFF04460198FBF74E
:10EBA00059FF204602B010BD6FF00404F9E7303879
:10EBB00070470C220369C9B202FB0133186C00F0E4
:10EBC0000700704770B50346C9B20069EFF31186BC
:10EBD000402484F31288BFF36F8F0C2505FB0104DA
:10EBE000246C14F0C00401D0A24210D1012205FB14
:10EBF00001000264002086F31188BFF36F8F28B9EB
:10EC00005B6803EBC1035B689847002070BD4FF061
:10EC1000FF30F0E78022FFF7D5BFF8B5069F054625
:10EC20000469C9B2EFF3118C402080F31288BFF35E
:10EC30006F8F0C2606FB0146306C00F0070EBEF10C
:10EC4000010F11D1376400268CF31188BFF36F8F49
:10EC500046B90C2000FB0144C4E90E236B6853F84D
:10EC6000313098473046F8BD00F0C00087420CBFF5
:10EC70006FF077064FF0FF36E6E713B58024009477
:10EC8000FFF7CBFF02B010BD10B41C240069CBB25B
:10EC900004FB030000215DF8044B10471046F5F714
:10ECA00051B901F012BEF2F7C9B940F27260704773
:10ECB000084608B51146F7F731F8002818BF6FF07D
:10ECC000040008BD08B5F7F789F9002818BF6FF0F0
:10ECD000040008BD2DE9F3411C46002390468268DC
:10ECE0002360A3600D465369694601AA9847019BBA
:10ECF0005A1E019223B96FF0150002B0BDE8F081F1
:10ED00000098A26847682168676085B9A8EB02038C
:10ED10000668B34228BF334603FB07111A4421603B
:10ED2000A26002689A4206D808300090DFE76B1AAA
:10ED3000B3FBF7F3ECE70020DFE713460022FFF711
:10ED4000C9BF2DE9F0470024836886B08846914604
:10ED50005B6902AA01A99847A2462546029BAB42DD
:10ED600002D806B0BDE8F0870026019F07EBC50773
:10ED70007B6804933A680AEB0603B24202D89A46CB
:10ED80000135EBE749460394059303A8C0470028E3
:10ED9000E7D0049B01361C44ECE770B5037B0446C6
:10EDA0000BB101F0A8FD0026A06800B970BDB0F558
:10EDB000007F28BF4FF4007005460246D4E90010DA
:10EDC000EEF7E6FE63682B44636023680BB12B44C7
:10EDD0002360A3685B1BA360002BE5D0237B013677
:10EDE000002BE1D0304601F087FD0028DCD0012067
:10EDF000DCE741EA02030846C3F30B0109B9EEF769
:10EE0000EBBE6FF015007047084611461A4621B157
:10EE100003431B0701D1EEF7DFBE6FF0150070470B
:10EE2000436800205B68DB680B607047436802EA58
:10EE300001005B6821EA0201586000209960704778
:10EE4000436800205B6859607047436800205B6836
:10EE50009960704743685B681A6821EA02001140B4
:10EE6000586000209960704730B50369586800B356
:10EE70000024884219D108688CB99C685860A14266
:10EE800000D19860002008602AB15A680A609A6828
:10EE9000596002B9996000200FE02846E9E7206038
:10EEA0009868814208BF9C60ECE705680446002D25
:10EEB000F3D1002AE9D16FF0150030BD0020704772
:10EEC000F2F784BC02780B69012A07D0022A08D025
:10EED00052B9DA6503F14400F5F734B86FF00D026A
:10EEE000F7E76FF00A02F4E76FF00402F1E738B5D4
:10EEF00004460569012205F12C00114602F02CFFA1
:10EF0000012205F14400002102F026FF2046BDE861
:10EF10003840EFF7FDB800692C30F5F74DB80069BF
:10EF20002C30F5F70FB82DE9F04F87B00493436804
:10EF3000D0F810B0D3F820809B8A174603934FF087
:10EF4000FF324FF0FF3305460C46FFF7E4FF0BF1AD
:10EF5000440302930026002300220BF14400F5F73E
:10EF60002BF83346BE4201D3002335E0207A010757
:10EF70007CD40136BE4221680BD2820709D4227D9F
:10EF800080EA020C0CF0010C02F004025CEA020CB4
:10EF90002BD0002B46D101F06042B2F1005F44D18A
:10EFA0004FF00009D4F800A0A388049ACBF860A021
:10EFB000009228465246217A00F0B3F8031E0BDB7C
:10EFC00043F6095200230298F4F7F6FF78B3284677
:10EFD00000F064F86FF0730328460293FFF79FFF79
:10EFE000029B184607B0BDE8F08F4FF00109D4F836
:10EFF00004E0039A03EB0E0C94453AD8C20706D4FA
:10F0000008EB03007246059304F073FF059B6268EA
:10F010001A4493B2B9F1000F11D1002BC0D0994618
:10F02000C246C2E74FF00009E1E79946DFE7DBF8A7
:10F030005C30002B20DB237ADB0702D400230C3466
:10F0400090E7C245FAD1A24609E0A9EB02011FFAF6
:10F0500081F9DAF80C0018FA81F104F04AFFDAF8C5
:10F060000420AAF10C0A9145EFD2E7E76FF085037F
:10F07000B2E76FF01B03AFE76FF00403ACE713B523
:10F0800001AA044600F0FCF9002805DB019B226878
:10F0900019791868EFF72CF902B010BD73B5446800
:10F0A0000DF10701A36A1B68D3F80056D3F8046674
:10F0B000FBF78BFC9DF8073013B9A06AF3F77AF8D9
:10F0C00031462846F3F7C6FA9DF80710054629B9D8
:10F0D000E069FFF7D4FFA06A02F0B4F9284602B055
:10F0E00070BDCA07436819D4C1F3420102290BD08D
:10F0F00003290ED0012911D14FF0CC729B6A1B68F5
:10F100000020C3F8242570479B6A4FF0C8621B6833
:10F11000F6E79B6A4FF07F621B68F1E76FF015001E
:10F120007047F0B50C461D46164687B04768122258
:10F1300000210DF1060004F0E9FE04F001038DF852
:10F140000430BDF8303002958DF80530BB8C049644
:10F15000AB420AD3C4F3400282F00102B86A520102
:10F1600001A9F3F73FF807B0F0BD6FF01B00FAE715
:10F1700010B544680021E069FFF781FFA06ABDE88F
:10F18000104002F05FB910B54468A06AF3F712F8B6
:10F19000E0690121BDE81040FFF771BF08B529B152
:10F1A000012906D1FFF7E4FF002008BDFFF7EBFFC0
:10F1B000FAE76FF08500F8E7034670B40C46DA888A
:10F1C000006819792243012405698C402B6812F0EC
:10F1D000010F866814BF2343A3432B60336870BCC0
:10F1E0001847034637B500681C790569836801A98B
:10F1F0005B68984740B92B68019858400123A340A9
:10F200001840003818BF012003B030BD70B547F674
:10F21000122C0C4651F8043C40F2E73000215B68A8
:10F220004FF47A721D680023E5FB0C01DEF70CFC3D
:10F2300002460B4604F11400BDE87040F5F736B9FC
:10F240002DE9F8430D464468036929B1012926D008
:10F250006FF08500BDE8F8830122D3E8EF1FC3E813
:10F26000E02F0028F9D10C276368AB4201DC0020B5
:10F27000F0E7A668237D07FB056643B1617D21B9F0
:10F280003046FFF799FF0028E4D10135ECE74FF451
:10F2900000113046EEF758FF0028EFDADAE70025D4
:10F2A000E668D3E8EF2FC3E8E15F0029F9D10C2726
:10F2B00006F1100863689D42D9DAA36807FB053997
:10F2C000637D83B1237DB3B94846FFF78AFF4823A6
:10F2D0006B434FF0E86108F803004846EEF734FF4F
:10F2E00000281DDAB6E74FF480314846FFF764FF87
:10F2F0000028E7D0AEE747F6122E40F2E7304FF095
:10F30000000C21684FF47A72E1FB0E0C0023614679
:10F31000DEF79AFB02460B4606F11800F5F7C6F831
:10F320000135C7E72DE9F0411D460C46466819B185
:10F330006FF01500BDE8F08137789742F8D1BC42F4
:10F3400001D10020F6E773682A5D03EBC40153F88E
:10F35000340049688368D3F80880B8F1000F14D1ED
:10F36000D3F80080B8F1000F01D05B6823B96FF0CB
:10F370005700DFE7984704E0642AD9D8002AF9D07B
:10F38000C04701340028DAD0D4E7642AD0D8C04777
:10F39000F7E738B5002445682A78E3B29A4201D8E5
:10F3A000002038BD6A6852F8330002F061FB013476
:10F3B0000028F1D16FF01200F3E710B44368186829
:10F3C000884219D95B68003A53F8310003EBC10455
:10F3D0004FF00101237918BF0122994003691B688E
:10F3E0000B40003B18BF01239A4283685DF8044B31
:10F3F00014BFDB681B6918476FF015005DF8044BFC
:10F4000070472DE9F04147683B68B3B300240126FB
:10F4100020463B689C4200D208B1BDE8F0817D687F
:10F4200055F8340005EBC40802F022FB10B355F880
:10F43000340098F80410B8F80630D0F810C0DA0795
:10F44000DCF8005054BF43F4B01383F4D01323F41A
:10F45000801206FA01FEDB07D0F808804CBF45EAAF
:10F460000E0525EA0E05CCF80050D8F80030984774
:10F470000134CEE76FF01200FAE76FF01200CCE72C
:10F4800030B543681360057A446804EBC504A342B1
:10F4900002D36FF0010030BD5C7908338C42F1D1AA
:10F4A0000020F8E72DE9F0418A78CB78066943EA35
:10F4B0004203F2680C46D76827210322DBB20546D7
:10F4C000B847B0B9F2682388D76820217F22284640
:10F4D000C3F38613B84760B9F2682388D46803F091
:10F4E0003F032846A446BDE8F041FC2221219B00B1
:10F4F0006047BDE8F0812DE9F0418B78CA78066954
:10F50000DB0043EA8203F2680C46D76827210C220D
:10F5100003F0FC030546B847B0B9F2682388D76802
:10F5200023217F222846C3F38613B84760B9F268C7
:10F530002388D46803F03F032846A446BDE8F04181
:10F54000FC2224219B006047BDE8F08138B50369A7
:10F550000D46DB680322DC6801F003032D21A04780
:10F56000044630B9022D04D140F63540002102F0A6
:10F57000EDFD204638BD10B403690722DB68DC6866
:10F5800001F00703A4462C215DF8044B604710B43A
:10F5900002698B01D2682C21D46803F0C003A44611
:10F5A000C0225DF8044B604710B402690B46D26874
:10F5B0003D21D4680122A4465DF8044B60472DE943
:10F5C000F0410669C1F34023F2680D46D76828214F
:10F5D00004229B000446B84738B9F3682046EAB2D3
:10F5E0002921BDE8F0415B681847BDE8F08110B4FF
:10F5F00003690322DB68DC6801F00303A4462821C9
:10F600005DF8044B604710B402698B01D2683C215D
:10F61000D46803F0C003A446C0225DF8044B6047E1
:10F6200038B50269CB00D2680C46D568282178220B
:10F6300003F07803A84718B90C2C28BF6FF0150009
:10F6400038BDF8B5044616461D469DF81870FFF7FC
:10F65000CEFF78B931462046FFF7E2FF50B9394670
:10F660002046FFF7ACFF28B929462046BDE8F84000
:10F67000FFF7C9BFF8BD2DE9F043436885B09B682B
:10F68000054698470446002840F0C18001462846B8
:10F690006F682E69FFF75AFF0446002840F0B780D4
:10F6A000F36852221F2128465B68984704460028C9
:10F6B00040F0AD800021FA2002F048FDF3682146B9
:10F6C00028469B680DF10E0298470446002840F03A
:10F6D0009E80F368022128469B680DF10F0298472F
:10F6E0000446002840F093809DF80E30AD2B40F08A
:10F6F00092809DF80F30F72B40F08D80BB7F28461D
:10F70000F3750323B375EEF751FF044600287ED14D
:10F710002846F97BFFF748FF0446002877D12A697D
:10F720007B7BD2689B00D4682D210422284603F0FD
:10F73000FC03A0470446002869D12A69BB7BD26834
:10F740001B01D4682D213022284603F0F003A04786
:10F75000044600285BD1284607F11001FFF7A2FEFE
:10F760000446002853D1284607F11401FFF7C3FED1
:10F77000044600284BD12B692221DB6828465B68B0
:10F7800097F8222098470446002840D1D5F81090D9
:10F79000B7F82080D9F80C30252128465B684FEA5D
:10F7A000182298470446002831D1D9F80C30262178
:10F7B00028465B685FFA88F29847044638BB2846BB
:10F7C000397BFFF7D8FE044608BB387FBB7E7A7EC4
:10F7D000397E00902846FFF734FF0446B8B9284622
:10F7E000F97FFFF7B3FE044688B92846F17DFFF79D
:10F7F000CEFE044658B92A69B37DD2681B01D4688D
:10F8000027213022284603F03003A0470446204633
:10F8100005B0BDE8F0836FF01204F8E77FB5002370
:10F8200005460C4606690293ADF80C30F3680B21CF
:10F8300028469B680DF10702984758B99DF8073094
:10F84000DB07F3D5F3680E211E682846062302AABB
:10F85000B04708B104B070BD9DF809109DF808309C
:10F860009DF80B20890801EB83119DF80A3092085E
:10F8700002EB83129DF80D309DF80C509B0803EBB2
:10F8800085138D04218042BF6FEA81416FEA914167
:10F8900021809104628042BF6FEA82426FEA924205
:10F8A00062809A04A38042BF6FEA83436FEA934366
:10F8B000A380CFE7002373B504460D460669ADF873
:10F8C00004306AB1F3680B2120469B680DF10302F6
:10F8D000984708B102B070BD9DF80330DB07F1D541
:10F8E000F36814211E682046022301AAB0470028AD
:10F8F000F0D19DF805309DF804209B0803EB82139E
:10F90000D20901D12B80E5E743F44043FAE738B54B
:10F91000056904462946FFF781FF50B96368DB7B20
:10F920003BB1024605F108012046BDE83840FFF72B
:10F93000C1BF38BD30B515461A46CB07044689B05D
:10F940001DD549088DF8041001A902910121CDE9C6
:10F9500005520391072200210068A3888DF810103A
:10F960008DF81C209DF81C20816842F002028DF861
:10F970001C2002228C6802A9A04709B030BD012AD0
:10F9800016D149088DF8041001A9029102212D78A1
:10F990000068A3888DF8055003918DF810109DF82C
:10F9A0001010846841F002018DF81010A468E2E79D
:10F9B0006FF01500E1E707B549008DF80720012336
:10F9C0000DF1070201F0FE014068FFF7B3FF03B03D
:10F9D0005DF804FB490041F001014068C9B2FFF73E
:10F9E000A9BF490041F0010101234068C9B2FFF7F6
:10F9F000A1BFF7B517460DF1070205460E461C4696
:10FA0000FFF7EFFF50B99DF80730314623EA0702B0
:10FA1000224328468DF80720FFF7CDFF03B0F0BD45
:10FA200010B44468A4686468A4465DF8044B604759
:10FA300043689B689B6818471029036929D006D83A
:10FA40000D290AD00E2918D06FF08500704728299B
:10FA5000FAD19B6B136000230CE06421D86A90FB01
:10FA6000F1F01060DB6A93FBF1F001FB103342F21E
:10FA700010714B430020536070474FF47A71186B3C
:10FA8000B0FBF1F010601B6BB3FBF1F001FB103326
:10FA9000EFE74FF47A71586BB0FBF1F010605B6BDD
:10FAA000F2E708B5006801F0E3FF00280CBF6FF033
:10FAB0001200002008BD30B589B044688DF80710E9
:10FAC0000DF1070120681D4602910121A388CDE9AF
:10FAD00005250391072200218DF81C208DF81010B8
:10FAE0009DF81C20816842F002028DF81C208C6871
:10FAF000022202A9A04709B030BD1FB58DF8012030
:10FB0000022243688DF8001018689B88CDF804D055
:10FB100002928DF80C209DF80C20816842F00202C0
:10FB20008DF80C208C68012201A9A04704B010BDFB
:10FB300002F028BB10B44068046A6468A4465DF80B
:10FB4000044B60471FB54C2904691ED10C2301AA40
:10FB50001946FFF7EFFF98B9BDF804302380BDF8D0
:10FB600006306380BDF80830A380BDF80A30E3801A
:10FB7000BDF80C302381BDF80E30638104B010BD98
:10FB80000023C4E90033A360F8E76FF08500F5E7D0
:10FB900010B44068046AA468A4465DF8044B60474A
:10FBA00010B5FFF7F5FF044610B90298FFF7C0FF44
:10FBB000204610BD2DE9F04305460469406885B034
:10FBC000036A1B689847002822DB656104F118006E
:10FBD00002F00AF840F608034FF4FA66A3810923FD
:10FBE0004FF4FA70A3732682FFF7A2FF6868036AD6
:10FBF000DB68984760B901460123284602AAFFF74F
:10FC000099FF28B99DF80830242B04D06FF0040028
:10FC100005B0BDE8F083B6237E218DF80930284673
:10FC200001230DF10902FFF7B3FF0028F0D13046A0
:10FC3000FFF77EFF6868036ADB6898470028E7D112
:10FC400001237C2128460DF10B02FFF773FF0028EA
:10FC5000DED14FF47A779DF80B307C2123F001033D
:10FC60008DF80B302846012300970DF10B02FFF7AA
:10FC700097FF0028CCD18DF80A000123592128468E
:10FC80000DF10A02FFF784FF0028C1D104460646A1
:10FC90008146D5F80480D8F824309B689C4226D34E
:10FCA0003046002EB4D10123592128460DF10A0215
:10FCB0008DF80A30FFF76CFF0028A9D1012321211C
:10FCC000284603AAFFF736FF0028A1D19DF80C4073
:10FCD00004F00F04012C8DF80C4025D0013642F2BF
:10FCE0001070F6B2FFF724FF102EE7D18EE76309FC
:10FCF0008DF80D305B2102232846009703AA8DF86A
:10FD00000C90FFF74DFF46B256B9D8F824305E216B
:10FD10005A682846202300972244FFF741FF46B245
:10FD200004F1200084B2B6E72846EEF74DFF002824
:10FD30007FF46EAF9DF80B307C2143F001038DF80A
:10FD40000B304FF47A73284600930DF10B022346D3
:10FD5000FFF726FF5CE730B58DB00DF10304029488
:10FD6000012402ADCDE90454039461F07F0108AC95
:10FD700006948DF803100224014601ADCDE9085424
:10FD8000CDE90A2351F8040B0794836804AA1D687F
:10FD900006ABA847002803DB204602F0F3F9002059
:10FDA0000DB030BD07B5012300210DF10702FFF7AB
:10FDB000D2FF03B05DF804FB10B50446006801F003
:10FDC00057FE40B1237E0BB9002010BDE06801F062
:10FDD0004FFE0028F8D16FF01200F6E730B589B079
:10FDE0000DF107040494012401F07F01CDE90542DF
:10FDF0008DF8071002240146079304AB51F8040B59
:10FE000002930394836802AA1D680023A847002870
:10FE100003DB204602F0B6F9002009B030BD30B552
:10FE20000B7885B0ADF806208DF80F300C46012315
:10FE30002F210DF10F020546FFF7AAFE002808DB6F
:10FE40000223284661780DF10602FFF7A1FE00EAC1
:10FE5000E07005B030BD2DE9F041044600680D4664
:10FE6000174650B301F004FE002848D0012623793C
:10FE700006FA03F3C5E90173B4F806C020682179D6
:10FE80004CF4803207691CF0010F3B6806FA01F65A
:10FE900014BF3343B343D0F808E03B60DEF80030D2
:10FEA000984750B9E3882068217903F040038268BD
:10FEB000076996691EB96FF05700BDE8F08101220D
:10FEC0003F688A403A420CBF43F0B86383F07073D6
:10FED00023F0794323F47F0323F47F434FF0A07290
:10FEE00023F0BF03B0470028E7D120688368DB69AF
:10FEF000002BE0D02946BDE8F041012218476FF001
:10FF00001200DAE751F8283C186900F15403D3E8ED
:10FF1000EF1F41F00101C3E8E21F002AF7D15C3076
:10FF2000F4F720BA51F8343C186900F15403D3E8CF
:10FF3000EF1F41F00201C3E8E21F002AF7D15C3055
:10FF4000F4F710BA73B550F8485C2C6904F1540307
:10FF5000D3E8EF2F22F00101C3E8E01F0028F7D11A
:10FF6000D10722D502231C2128460DF10602FFF7F6
:10FF7000E1FD002819DB04F118064FF0FF334FF0C4
:10FF8000FF323046F3F7E6FEE36A33B1BDF80620F0
:10FF9000520602D52846216B9847636B13B1284659
:10FFA000A16B98473046F3F747FF02B070BD2DE9CB
:10FFB000F743B1F800800546B8F1010F0F4614462B
:10FFC000066943683FD0B8F1080F57D19B6A002BF0
:10FFD00054D006F118084FF0FF324FF0FF3340467F
:10FFE000F3F7B8FEC6E90B474046F3F725FF6F6805
:10FFF0002E6954B17B6A2846B6F85820D968FFF7B5
:020000040004F6
:100000000EFFD8B103B0BDE8F083B6F85A207B6A82
:1000100028461969FFF703FF0028F3D1003C18BFF9
:10002000012401235621A4018DF807400DF1070298
:100030002846FFF7ADFD00EAE070E3E7B6F85A2086
:1000400042F40042E3E79B6AC3B106F118094FF09E
:10005000FF324FF0FF334846F3F77CFEC6E90D4709
:100060004846F3F7E9FE003C18BF0124A4004346CC
:1000700058218DF807400DF10702D9E76FF0850090
:10008000C0E770B54FF4FA530646446D47F6122C9C
:100090005C4356F8283B05461B6840F2E730B4FB4A
:1000A000F3F40021C8344FF47A720023E4FB0C010E
:1000B000DDF7CAFC02460B463046F3F77DFF08B970
:1000C000286C70BD6FF07300FBE700220121C8208F
:1000D000E5F7EABD10B50B6813B91846136005E0E3
:1000E00003685C681CB114600368186810BD0833AD
:1000F00003600B68013B0B60EDE710B50368044635
:100100008BB11A7D7AB1186901F096FC0121236840
:1001100098681B7B994003691B68194283680CBF70
:100120001B69DB689847A36933B9636004F1100069
:10013000BDE81040F3F706BF10BD08B50069C36DF8
:100140008B4204D15C30FFF7D8FF002008BD4FF090
:10015000FF30FBE7F7B506690746D6F8B820D6F8B2
:10016000C0509AB9C5B12C46D6F8B41031B33ABBD9
:100170001146D6F8BC302BB3002D04BF2C462346C5
:100180003846009400F040F903B0F0BDA5B19542A7
:100190002C4628BF1446E7E7F16D8B88DB0401D4B9
:1001A00000F01EF90023C6F89C3006F1840003B06D
:1001B000BDE8F040F3F7C6BE1446D5E70A46D8E7D7
:1001C0002246D6E71C46DBE770B50D1E06460469DD
:1001D0000ADAE16D00F004F9C4F89C5004F18400DF
:1001E000BDE87040F3F7AEBED4F8B830CBB19D4255
:1001F00017D85B1BC4F8B830ABBBD4F8A03004F1FF
:10020000B8020833C4F8A030D4F8A43004F1A40133
:10021000013BC4F8A43004F1A000FFF75BFFC4F871
:10022000B400D4F8C030CBB19D4217D85B1BC4F8E2
:10023000C03003BBD4F8A83004F1C0020833C4F8BE
:10024000A830D4F8AC3004F1AC01013BC4F8AC30B8
:1002500004F1A800FFF73EFFC4F8BC003046BDE83B
:100260007040FFF777BFD4F8B430002BD9D02B44BF
:10027000C4F8B430D5E7D4F8BC30002BEED02B4412
:10028000C4F8BC30EAE70069C430F3F75BBE13B5CD
:1002900001AA0446FFF7F4F8002805DB019B226859
:1002A00019791868EEF724F802B010BD03460A4623
:1002B00019790123006803FA01F103691B681942E7
:1002C00018BF82F0010212B18368DB6818478368A7
:1002D0001B69FBE7F0B504690646D4E915128B1AD1
:1002E000476885B004D1BB6805B0BDE8F040184749
:1002F000BD8BE16C9D4228BF1D4621B101F06043DA
:10030000B3F1005F06D1236D3BB103F06043B3F15D
:10031000005F02D0082D28BF08250023A36451B137
:10032000114401F06043B3F1005F04D02A463869FC
:1003300003F0DFFD3969236D43B1A26D134403F06F
:100340006042B2F1005F1CBF7B69A364002914BF47
:100350002A460022002B08BF0025CDE90123009189
:10036000002269462046039500F0DDFE014618B1E3
:10037000736830469B68984705B0F0BD70B50C694E
:100380000E46A16C054639B1A36D206D2A6918444B
:1003900003F0AFFD0023A3642969AA68A36D30466A
:1003A00091422CBF5B189B18A365BDE87040FFF716
:1003B00091BF0847072210B503690C461B68C3F8B4
:1003C00000250B7D5BB1012104F10800FFF76EFFF2
:1003D000237D23B12069BDE8104001F02DBB10BD85
:1003E00038B503690C461D680B7D4BB1086901F0F7
:1003F00023FB237D23B1002104F10800FFF756FF02
:100400000023C5F8003538BD10B40469C4E91313DE
:10041000019B93422CBF636562650023A3655DF871
:10042000044BFFF757BF006900F024BF012938B51E
:1004300011D014D80469456894F828302BB12046AF
:10044000F1F74EFE002384F8283001216868BDE8EA
:100450003840FFF71CBF436800215868F7E70239AE
:1004600001298CBF6FF015006FF0850038BD2DE9B4
:10047000F84304460025012743681B6898476368D2
:10048000DE7FDC68B54202D30020BDE8F883206837
:100490002179E388D0F810E0DA0754BF43F4B013B1
:1004A00083F4D013DEF800C023F4801207FA01F8B9
:1004B000DB07D0F808904CBF48EA0C032CEA08038D
:1004C000CEF80030D9F80030984708340028DCD145
:1004D0000135D7E708B50220EDF7B6FA002008BDD0
:1004E00008B5006990F83830994207D290F8393051
:1004F0003BB1C9B2F2F780F8002008BD6FF01500DB
:10050000FBE76FF00A00F8E71FB5002304690393C7
:10051000636B8A07029301F00103C3F1410358BFE3
:1005200043F00803204601A9019300F0D3FF0028FF
:1005300006DB204600F0DDFF0123002084F839307F
:1005400004B010BD10B504692046F2F75FF800282A
:1005500019DB4FF0FF324FF0FF3304F13C00F3F7AB
:100560002BFD204600F0EBFF00231A4694F83800DC
:1005700004F11001984202DC0020228710BD41F8EE
:10058000042F0133F6E76FF00D00F7E70120704705
:1005900020B919B1022301200B8070470020704759
:1005A00008B5EEF7C3FFC01708BDE8F751BDE8F77F
:1005B0004FBDE8F74DBDE8F74BBD10B5044688B018
:1005C000E8F746FD2046FBF792FF1E226946EFF74B
:1005D000E3F813212046FBF7E3FE08B010BD10B589
:1005E000044688B0E8F734FD2046FBF780FF1E2262
:1005F0006946EFF7D1F808B010BD10B5044688B0D1
:10060000E8F726FD2046FBF772FF1E226946EFF74A
:10061000C3F808B010BD10B588B00446E6F742FF35
:1006200020B91E2269462046EFF7B6F808B010BD83
:10063000E8F70EBD08B50020EFF75CFA014601208F
:10064000EFF758FA084408BD0220704770B5C2B0F1
:1006500001AB04460E46154618464FF4827200213F
:1006600003F054FC042202707B22014602810673CF
:1006700045732046EFF7D4FB42B070BD00B52DEDB9
:10068000068BC3B001AB18464FF482720021F0EE26
:1006900040AAB0EE60AAF0EE419AB0EE619AF0EE98
:1006A000428AB0EE628A03F031FC04220270CE224C
:1006B00002810122C0ED06AA80ED07AAC0ED089ACA
:1006C00080ED0A9AC0ED0B8A80ED0C8A014682818A
:1006D000027580F824200020EFF7A2FBC01743B07A
:1006E000BDEC068B5DF804FB10B5C2B001AB04464F
:1006F0004FF482721846002103F008FC04220270B5
:10070000CD220146028104730020EFF789FBC01758
:1007100042B010BD10B54FF0FF304FF0FF31EFF792
:1007200023FF044628B9D0F739FE044618B1EFF785
:1007300023FF204610BDEFF71FFF2046E6F76EFAB5
:10074000F7E738B50B8A0D463BB101F10C00FAF71B
:10075000E6FD012818D0022803D06FF015042046CA
:1007600038BD4FF0FF304FF0FF31EFF7FDFE04468C
:100770000028F4D1E868DDF792FB0446EFF7FCFEB1
:10078000ACB1EFF7E1FFEAE74FF0FF304FF0FF3198
:10079000EFF7EAFE04460028E1D1E868F0F77CF8BC
:1007A0000446EFF7E9FE002CD9D1EFF7CDFF28463C
:1007B000E5F7F2FE0024D2E7EFF7F2BF10B53222E0
:1007C0000021044603F0A2FB202323708023A370A2
:1007D0006FF03F0363710423A3722823A3730223E2
:1007E000E3730423A3756FF0480363766FF07C0313
:1007F000A3766FF01403E3760E232377302384F877
:100800002030402384F82130792384F822307E235D
:1008100084F8233084F82430012384F825308023A1
:1008200084F82630042384F8273084F82E3010BD55
:1008300008B50323E1F793FE002008BD08B5F0F7E3
:1008400069FB002008BD08B5F5F7C8FB48B10023D7
:1008500083F31188BFF36F8F0423184602DF6FF014
:10086000040008BD08B54FF0FF314FF0FF30EFF73F
:100870007BFEE1F77CFEBDE80840EFF77DBE6846F1
:1008800020F007018D4601B5DBF796FCBDE801407D
:1008900085467047684620F007018D4601B5DBF7B5
:1008A0007DFCBDE8014085467047684620F00701A1
:1008B0008D4601B5DBF7B0FFBDE8014085467047C6
:1008C00008B5E1F76EFA002008BD7047012802D193
:1008D0000020DAF755BD70477047DAF797BB08B5C7
:1008E000DCF7CEF930B1EFF305800338032894BF6D
:1008F0000020012008BD704701207047002070478C
:1009000010B521F040010C29046904D1DCF752FA3A
:100910002060002010BD6FF08500FBE78068203864
:1009200020F00F002038704738B515460C4661B1ED
:100930005AB1FAF7D3F82146254411F8013B834216
:1009400003D1A942F9D1012038BD0020FCE738B518
:100950000C460123114622460546FAF77CF800288A
:100960000FDB012221462846FFF7DEFF18B10323E3
:100970000020237038BD2378012B14BF02230123EC
:10098000F6E70120F6E72DE9FF471D4606460F462C
:100990009046FAF79AF86C1E044440420440102C2A
:1009A00001D9FAF7F1FB3046FAF798F882462A4661
:1009B0004146684603F09DFA5146621B0DEB050067
:1009C00003F0A4FA23466A4639463046FAF758F847
:1009D000003818BF012004B0BDE8F08707B5012337
:1009E0008DF8042001AAFFF7CEFF03B05DF804FBE9
:1009F00081680122203921F00F01FFF7EFBF8268E3
:100A0000203A22F00F02FFF7A2BF0E2A13B50446C8
:100A100001D9FAF7B9FB0E29FBD841EA02118DF88A
:100A20000710FFF77BFF012301460DF10702204667
:100A3000FFF7A9FF02B010BD73B50E466946044624
:100A40001546F0F70FFC20BB9DF80030022B22D09A
:100A5000032B0BD0012B20D136B19DF80330032B93
:100A600002D12046FFF7C4FF02B070BD002EFBD1BB
:100A70002046F0F7D5FB60B935B9A91C0022204605
:100A8000C9B2FFF7C2FFEFE72046FFF7B1FF00282A
:100A9000F3D00120E8E7F01CE6E7FAF775FB034620
:100AA0000020184700F0C8BF024610B5116891B188
:100AB000B1FA81F3C3F11F000123834021EA03034C
:100AC000D2E8EF4F8C4204D1C2E8EC3FBCF1000FFA
:100AD000F6D1EBD110BD6FF00B00FBE710B503684A
:100AE000CB40DB0710D401238B40026843EA0201AC
:100AF000D0E8EF4F944204D1C0E8EC1FBCF1000FE6
:100B0000F6D1F2D1002010BD6FF01500FBE72DE902
:100B1000F04116461F464FF0010800F160404C1EA0
:100B20000444C50BE40BA54201D9BDE8F08105F0F2
:100B30000701C5F3C700324608FA01F1B84701358D
:100B4000F1E7F7B51646DDE90847019001A81D4613
:100B5000F0F7F2FC019BB6F1000C18BF4FF0010C4E
:100B600000EB83000B1E18BF0123002D43EA4C034A
:100B70000CBF4FF0000C4FF00C0C002C43EA0C03A0
:100B80000CBF4FF0000C4FF4706C002F43EA0C03C5
:100B90000CBF4FF0000C4FF4403CD0F8802043EAEB
:100BA0000C0322EA030301B109780EB1367876000E
:100BB00019430DB12D78AD0031430CB124782402D6
:100BC00029430FB13F783F040C433C43C0F88040B9
:100BD00003B0F0BD1FB50DF10F03019300238DF895
:100BE0000F101A4619460093FFF7ABFF05B05DF8EA
:100BF00004FB10B504460846F0F7AEFC04EB4004D5
:100C0000207DC0F3401010BD10B504460846F0F733
:100C1000A3FC04EB4004207DC0F3400010BD10B5E0
:100C200004460846F0F798FC04EB4004A08A400B09
:100C300010BD70B5044608461646F0F78DFC083026
:100C400034F810300D46DA0509D5C3F3432304EB1D
:100C5000C3023146284654F8333052689847A36897
:100C60002BB131462846E268BDE87040184770BD98
:100C700010B504460846F0F76FFC04EB4000838A89
:100C8000DA051DD5C3F3432123F4F853838204F11D
:100C9000120204F1580032F8023F13F4807F03D0AF
:100CA000C3F3432399420BD08242F4D1002204EBD8
:100CB000C1035A6004F16000BDE81040FFF70EBFA9
:100CC00010BDF0B504460020012705468446954234
:100CD0000AD1D4F8443133B10023C4F84431D4F8F4
:100CE000443140F40030F0BDEBB29B0003F5807658
:100CF0009B0807FA03F3194208D054F806E0BEF146
:100D0000000F03D044F806C0A65918430135DEE7AA
:100D100038B504460D46FFF76CFFA8B12046FFF733
:100D200073FF88B92046FFF77AFF012322688340CA
:100D3000C2F81833236803EB8000D0F8103523F095
:100D40000303C0F8103538BD2846BDE838400021FF
:100D5000FFF740BF2DE9F0431746044685B008462B
:100D6000F0F7FAFBD7F800800E460546B8F1000F01
:100D70001ED02046FFF748FF18B12046FFF739FF85
:100D800020BB00230DF10F02CDE900338DF80E30AA
:100D90008DF80F30304643460DF10E01FFF7D1FEBE
:100DA00004EB4502938A23F0020343F0010393828C
:100DB0007B689BB33146204693F80080D3F80490BB
:100DC000FFF722FF28B1B9F1000F1FD06FF0150017
:100DD00027E004EB4500838A23F4604323F02003DB
:100DE0008382B9F1000F11D0B8F1030FEED87B6800
:100DF00021685B6893F800C04FEA8C031944B8F18E
:100E0000000F11D1C1F81085C1F8108504EB45021F
:100E1000938A23F01C0343EA88039382BB684BBB8D
:100E2000002005B0BDE8F083D1F8102522F00302C0
:100E3000C1F8102522681344D3F8102522F4473254
:100E400022F47C72C3F8102541F6F072D3F8101525
:100E500002EA061242EA08420A43C3F8102504EBEC
:100E60004C03A3F86460838A43EA4C3343F02003C5
:100E70008382CBE73146D3E900782046FFF7F8FEBE
:100E8000002FCDD063689F4206D004F16000FFF7C9
:100E90000BFE002804DAC4E7A3689845F5D10020CA
:100EA00004EBC003C3E9017804EB4505AB8AC0B28B
:100EB00043EA402343F48073AB82B1E7C0E90312F5
:100EC000704770B504461546FFF793FE48B10846D3
:100ED000F0F742FB04EB40040020A38A5B0B2B706D
:100EE00070BD6FF01500FBE790F87400003818BF74
:100EF00001207047F0F766BB2DE9F3410446174621
:100F0000FFF777FE0D462668F0B12046FFF77CFE1E
:100F10008046C8B92046FFF782FE820002F5807342
:100F200046F80380F35823681344D3F8102542F0A1
:100F30000102C3F8102527B1012322688340C2F8BB
:100F4000143302B0BDE8F081D6F8143328469B0371
:100F50005CBF4FF40033C6F81433F0F7FDFA04EB2E
:100F60004004A38AC3F38203042B11D0052B11D0B4
:100F700001A80195F0F7E0FA019BC168D94001F0A2
:100F800001010231284602B0BDE8F041FFF722BE60
:100F90000321F7E70221F5E7FFF7BABEC9B2F0F780
:100FA00039BF30B50124054690084038844014EA22
:100FB000010009D0A85838B10021A950AA5813B18E
:100FC0001A6822431A60012030BD00232DE9F34145
:100FD00004460D460193904601AB4FF48072FFF733
:100FE000E0FF4FF4827229462046FFF7DAFF4FF404
:100FF0008472074629462046FFF7D3FF064630B1E4
:10100000B8F1000F1DD017B13E46D4F80C374FF49D
:10101000A6722946204601ABFFF7C3FF30B1B8F1F5
:10102000000F03D016B90FB1D4F80C374FF4B472D7
:101030002946204601ABFFF7B4FF019802B0BDE896
:10104000F0814646E3E707B5019001A8F0F7EEFE10
:101050000123019A9340436003B05DF804FB07B598
:10106000019001A8F0F7E2FE0123019A934083600A
:1010700003B05DF804FB70B54B7F04460D467BB1B1
:10108000012364264360002202212046FFF79DFFD2
:1010900020B90120FFF706FD013EF4D100236B7754
:1010A0000023C4F8003570BDF8B51E4690F8203016
:1010B00004460D46174693B919B14969F0F7C6FEC3
:1010C00080B1C4E901761DB129462046F0F704FF3E
:1010D0000020012384F8210084F82030F8BD6FF04F
:1010E0007700FBE76FF01500F8E770B590F8203057
:1010F00005460E4673B190F8213003F0FF0463B942
:101100004969F0F7A3FE58B128463146F0F7E4FEEE
:10111000204670BD6FF07600FBE76FF00F00F8E738
:101120006FF01500F5E7F0B590F8213005460E4652
:10113000174685B0002B40F09A8043682BB112F01F
:10114000140F04BF012380F8213005F1100496E844
:101150000F0084E80F00686A431C05D095F8223020
:101160009C0717D5FFF76FFF33682C6823B103F096
:101170006043B3F1005F06D1B36873B103F060431D
:10118000B3F1005F09D000236FF00C0085F8213027
:1011900005B0F0BDFFF763FFE6E717F0010318BFE6
:1011A0000123C4F84C3717F0020318BF0123C4F819
:1011B0001437D6E900C1D6E902230026C4F83CC79B
:1011C000C4F84017C4F80427C4F80837C4F8086105
:1011D000D4F808010720C4F8000595F8220040075C
:1011E0000BD58220C4F8840C686830B1C4F8006163
:1011F000D4F800010120C4F8040317F0080612D146
:101200004FF0010E6868C4F800E060B9D4F8080136
:101210000028FBD0CDE900C1CDE9022304216A46B4
:101220002046FFF7D2FE6B68C3B995F8222051071C
:1012300048BFC4F8843C686A421C05D095F8223047
:101240009B0708D5FFF70BFF1EB92046291DFFF7A6
:1012500012FF00209CE7FFF7F6FEF5E7042317F0E6
:10126000040F14BFC4F80833C4F80433F1E76FF077
:101270000F008DE7011D0068FFF7FDBE70B590F807
:10128000223004460568580710D5D5F80433D9072D
:101290000CD5D5F800314BB10023C5F80031D5F895
:1012A0000021C5F8843C0123C5F8083304212846F1
:1012B00004F11002FFF789FED8B1606A421C05D024
:1012C00094F822309B0711D5FFF7C9FE94F821301E
:1012D0001BB12846211DFFF7CEFE2046002300F853
:1012E0000C3FD4E90131BDE870401847FFF7ABFE71
:1012F000ECE770BD91F820200346032A29D8DFE8E7
:1013000002F0212519028A68500504D5D3F8442734
:101310000869904207D18A6852051AD4D3F8442745
:101320008969914215D000200622C3F80005C3F850
:1013300000257047D3F8442708699042F3D1D3F8C9
:101340000C27EDE7D3F844270969EAE7D3F80C271F
:10135000FAE70120704730B501249508403DAC40C4
:101360000C4208D0815831B100218150825813B10C
:101370001A6822431A6030BD002313B50C4601934E
:101380004FF4947201ABFFF7E6FF21464FF48272EF
:10139000FFF7E1FF21464FF48A72FFF7DCFF214699
:1013A0004FF4B672FFF7D7FF21464FF4A872FFF74C
:1013B000D2FF21464FF49C72FFF7CDFF4FF49A7293
:1013C0002146FFF7C8FF019802B010BD10B4CC7BD6
:1013D0008A6803682CB9D1E90041C3F80046C3F814
:1013E0000416C3F82425436833B100685DF8044B44
:1013F000C0F30830E4F736BC5DF8044B704738B5ED
:101400000D4690F826100446C9B9C160C0E9012311
:1014100080F8291080F8281065B1AB7B80F82B305C
:101420002846F0F795FE6B7B2946204684F82A3043
:10143000FFF7CCFF0123002084F8263038BD6FF081
:101440007700FBE706220368C3F80025022380F833
:101450002630704770B504460D46D1E900614FF45F
:101460007A720023C803490CDCF7EEFA2368C3F84C
:101470000C65C3F804052B6803F04002C3F3801326
:101480002374A368B3B1002A4FF0000314BF0325EF
:1014900001252468012DC4F80031D4F80021C4F3DB
:1014A00008301CBFC4F80431D4F80431E4F7DAFB87
:1014B000C4F8045370BD38B5C0E90223437933B989
:1014C0000123437109B1FFF7C5FF002038BD6FF05C
:1014D0007700FBE708B543792BB1022B06D0FFF765
:1014E000B9FF002008BD6FF07600FBE76FF00F003A
:1014F000F8E7012203681A6002234371704710B5B0
:10150000EFF31184402383F31288BFF36F8F0379C5
:10151000072B11D80B70013303710123026809787E
:10152000D2F808058B4003430020C2F8083584F345
:101530001188BFF36F8F10BD6FF00B00F7E770B528
:10154000EFF31185402383F31288BFF36F8F0022DE
:1015500001260179D3B2994206D80023037185F39D
:101560001188BFF36F8F70BD046806FA03F3D4F8D7
:101570000815013221EA0303C4F80835E9E770B51C
:1015800003680446D3F80414D3F800512DB10022A7
:101590000125C3F80021D3F80021D3F80421BAB102
:1015A0000022C3F80421D3F804313DB10325D4E966
:1015B00002324FF480709847AB070BD5012363715B
:1015C0000021D4E90232BDE870404FF48270184720
:1015D000002DECD170BD07B5019001A8F1F72AF8F4
:1015E0000123019A9340436003B05DF804FBF0B51A
:1015F00006680289338A9A426DD231684289930023
:1016000051F8222002F00301C2F307240129847556
:10161000C2F385051ED0022929D0002934D14FF00C
:10162000010CC2F30363C2F30747120F4282426800
:10163000A0F814C00582002A33D18261026204F04E
:101640000E04082C45D1C289736853F822304362D6
:101650000120F0BD3168C2F30B4C194449680B0FEF
:1016600045EA83158FB2130FC1F30B42DEE73168F1
:101670004FEA124C1944D1E901371A0A45EA82129D
:1016800095B25BB28A89D1E732681A44D2E9013750
:10169000190A45EA8111B2F810C08DB292895BB285
:1016A000C4E73A4404F0C00143B1D31A80298261EF
:1016B00003620ABF1368C261C361C0E704F030056A
:1016C000202DF3D13F2C01D98029EFD100F1140353
:1016D000ECE70023BBE70020BBE710B503890168F6
:1016E00001339BB203810A8A9A4203D80023C0E9DE
:1016F000023310BD01240B68428953F822100B0AF3
:1017000001F0030104FA01F10A444281828903F0E5
:101710003001002908BF01328281C28903F00E0323
:10172000082B08BF0132C281E3E770B504460E46BC
:10173000154600212022083002F0E8FBC4E90065CC
:101740002046BDE87040FFF752BF38B50C4605464D
:101750000B6899680B681B6803F44043B3F5004FAE
:1017600014BF6268221D0C34FFF7DFFF2C6238BD06
:1017700010B50446FFF7B1FFFFF739FF20890038A5
:1017800018BF012010BDF8B5038A04468B420D46F0
:1017900001D10120F8BD0668B28A8A4201D2002038
:1017A000F8E78B4288BF338A078988BF03812046C8
:1017B000FFF793FF6289336853F8223085EA930379
:1017C0009B0606D02389BB42F1D12046FFF70FFFCD
:1017D000E5E7FFF70CFF238AAB42F3D1A37D03F0CB
:1017E0000F030A2BEED0D4E738B5837D044603F00F
:1017F0000F030A2B18D005892046FFF76EFF2368D8
:1018000062891B6853F8223003F47063B3F5206FCC
:1018100003D1BDE83840FFF7EABE2389AB42EBD1E4
:10182000FFF7E5FE002038BD0120FCE7FFF77DBF94
:10183000FFF78BBF10B40B461146528A082A0FD10E
:10184000CA696AB130B1146824B1043223465DF824
:10185000044B184723B1146814B118460432F5E755
:1018600001205DF8044B7047034610B540688418AA
:101870005C6002F03EFB012010BDF0B5802A85B00F
:1018800073F100010646D4B201A906D201228DF8F7
:101890000440F0F7BFFF05B0F0BDD50908460022AF
:1018A00004F07F0453EA050C174602F1010208D147
:1018B0003A4602F110036B44304603F80C4C0132F7
:1018C000E7E764F07F04042A00F8014B05F07F0489
:1018D0004FEAD515E6D1002BEBD0180100F07000CF
:1018E0000443DB08002BE4D064F07F04545403F07D
:1018F0007F040132DB09F5E7921843EB030182EA2A
:10190000E37281EAE373FFF7B8BF0422F0F782BF06
:101910000822F0F77FBF134641EAC2025B0FFFF7D0
:10192000ACBF70B5002304460D461646FFF7A5FF71
:1019300030B1324629462046BDE87040F0F76ABF14
:1019400070BD10B58AB004466846FFF76FFFB0B1AE
:101950009DF8163003F00F030A2B0BD12046079990
:10196000F1F7D6F918B16846FFF702FFEFE700205C
:101970000AB010BD69462046F1F7D4F8F2E701201D
:10198000F6E703460846596810B58C185C6008B144
:1019900002F0AFFA012010BD38B58A6805460C4642
:1019A0002AB9012063686B60E368EB6038BD0021F1
:1019B0002046F1F7EDF90028F3D1F7E713B50C460F
:1019C00001A9F1F72DFA20B1019B003B18BF0123BB
:1019D000237002B010BD13B50C466946F1F770FADA
:1019E00060B1DDE900134A0842EAC372C9074FEA51
:1019F000530344BFD243DB43C4E9002302B010BD0C
:101A0000042213B50C460DEB0201F1F7C1F908B140
:101A1000019B236002B010BD13B508220C46694635
:101A2000F1F7B6F918B1DDE90023C4E9002302B0EB
:101A300010BD0023F1F728BE08B1E4F729BE7047B6
:101A400010B5436904463BB90020E2684042537830
:101A500043F00103537010BD98470028F4D00028CC
:101A6000B8BF4042FF28A8BFFF20E3681870ECE72A
:101A700040B1C368587810F001001EBF1878B0FA62
:101A800080F040097047EFF31183402383F31288FD
:101A9000BFF36F8FFEE708B5FFF7F5FF10B400F155
:101AA0000C04C0E903445DF8044BF8F76AB938B593
:101AB0000446EFF31185402383F31288BFF36F8F41
:101AC000F8F7D9F804F10C0000F031FB30B12946E9
:101AD00004F11400BDE8384000F00FBB85F3118815
:101AE000BFF36F8F38BD10B542696AB1836842EAAF
:101AF0000301890708D10169A2FB011424B95B180D
:101B00002CBF0121002102D36FF0150005E0C16058
:101B10009B1A02698A4201D8002010BDC2680131B7
:101B20001A604269C3609B1AF3E72DE9F04105464C
:101B30000F46EFF31188402383F31288BFF36F8FB2
:101B4000C668FEB90468A0421CD0DCB1D4E90032FA
:101B500013605A60237CC4E9006623F002032374F7
:101B6000A66004F1180000F0A8FB2046C4F88460C9
:101B7000676100F076FA414605F10800BDE8F041E2
:101B800000F0BBBA3E60AB69EF60013BAB6188F32C
:101B90001188BFF36F8FBDE8F081402408B5EFF3E3
:101BA000118384F31288BFF36F8FF9F7AFFAF6E76A
:101BB000D0E9003213605A600023027CC0E9003390
:101BC00022F0020202748360704713B5012400946E
:101BD000F1F7F0FF02B010BD90F90E308B4201D04A
:101BE000F2F71ABE0020704703460020C3E9003315
:101BF000C3E902007047D0E9003213605A60002345
:101C0000027CC0E9003322F0020202748360704754
:101C10002DE9F843914604460D469DF82020EFF348
:101C20001186402181F31288BFF36F8F02B145689E
:101C3000D4F8088004F10807474518D0B8F1000F20
:101C400015D04046FFF7D7FF08F1180000F035FB2C
:101C500000234046C8F88430C8F8149000F001FA18
:101C60003846314600F049FA0020BDE8F883A3B1B8
:101C70000820F3F7C5FA002838D00122C0F80490F4
:101C80000260016801F003015DB922680A43026045
:101C9000626820606AB960600BE04846C9F80030AD
:101CA000EFE72A68032A16D80160616869B9C4E9B8
:101CB0000000042104F1100000F06DFC0028CFD1D9
:101CC00086F31188BFF36F8FCFE70A6802F0030233
:101CD00002430A60DFE722F003020A4302602A6837
:101CE00002F0030240EA02032B60E2E76FF00B0010
:101CF000E6E70023C0E9003300F10803C0E902333E
:101D000000F11003C0E904337047012307B50093C5
:101D100000230A461946FFF77BFF03B05DF804FB7A
:101D2000002307B50A4600931946FFF771FF03B079
:101D30005DF804FBEFF31183402282F31288BFF3B6
:101D40006F8F006818B10268920718BF406883F36C
:101D50001188BFF36F8F70475AB18A4209D300F1DF
:101D60001003C0E90212C0E90000C0E904330020FA
:101D700070476FF015007047012302688B4022EA1C
:101D80000303036022FA01F000F00100704770477E
:101D900010B5032104460C30FFF7EEFF30B104F11B
:101DA000100000F08AFAB0FA80F0400910BD20B1AE
:101DB0000022DC30114600F012BA704770B5C368DB
:101DC0000446C3F340069B0716D4856802210C30F5
:101DD000FFF7D2FF80B1D5F8D4206AB194421DD16B
:101DE00022689EB9D5F8D830C5F8D4209C4201D1DC
:101DF000C5F8D82000232360E36813F01F001EBF3E
:101E000043F00203E36040F0020070BD3260D5F899
:101E1000D820944208BFC5F8D860EBE71646126890
:101E2000DBE773B50446EFF31185402383F3128893
:101E3000BFF36F8F00230193D0E90423B3F1004F68
:101E400008BF012A05D085F31188BFF36F8F02B058
:101E500070BDA0F1100603210438FFF78DFF0028A4
:101E6000F1D0A369304601A90193F2F7EDF9EAE751
:101E700038B504460D461022002102F047F865608F
:101E800038BDEFF31183402282F31288BFF36F8FC6
:101E9000C06800F01F0083F31188BFF36F8F704795
:101EA00013B501900846EFF31184402383F31288A1
:101EB000BFF36F8F01A9F2F7C7F984F31188BFF35D
:101EC0006F8F02B010BD10B5FFF7EAFF041E08DDEA
:101ED000EFF31180402383F31288BFF36F8FF2F783
:101EE00007FD204610BD70B50D46EFF31186402367
:101EF00083F31288BFF36F8FF2F7F8F9044686F385
:101F00001188BFF36F8F38B14FF0FF324FF0FF33BE
:101F100005F11000F2F750F8204670BD08B5F02228
:101F2000002101F0F3FF08BD38B530220D46002135
:101F3000044601F0EBFF4FF480736560E36038BD49
:101F4000FFF79FBF38B50446EFF31185402383F3B5
:101F50001288BFF36F8FFFF71BFF2046FFF72EFF9E
:101F600085F31188BFF36F8F38BDF8B504460D4671
:101F7000EFF31187402383F31288BFF36F8FC36899
:101F800003F01F03002B14BF0126002609D0FFF722
:101F9000FFFE2046FFF712FF29462046F2F736F9EA
:101FA000034687F31188BFF36F8F3BB14FF0FF32C9
:101FB0004FF0FF3305F10800F1F7FEFF3046F8BDA2
:101FC000D0E9003213605A600023027CC0E900337C
:101FD00022F00202027483607047EFF3058000383C
:101FE00018BF0120704790F90E0070476FF057003E
:101FF0007047D0E9003213605A600023C0E9003313
:10200000704708B5FFF7F5FF037C23F00203037464
:102010000023836008BD38B504460D46F2F758FB2F
:10202000237C43F002032374D5B1A5602B689D4245
:1020300009D16B68C4E900531C606C6010E06A68E9
:102040009A42F6D01B68002BF3D093F90E1094F946
:102050000E209142F3DD5A68C4E9003214605C60DE
:1020600038BD10B5EFF31184402383F31288BFF31A
:102070006F8FF2F7EDFA84F31188BFF36F8F10BD05
:1020800008B5EFF31181402282F31288BFF36F8FFE
:1020900083680BB1FFF7B5FF81F31188BFF36F8F32
:1020A00008BD08B5037C014613F0280F0CD18368E6
:1020B0000BB1FFF7A6FF0B7C084623F004030B745B
:1020C000BDE80840F2F7C4BA08BD10B5EFF31184BB
:1020D000402383F31288BFF36F8F1838FFF7E1FFB7
:1020E00084F31188BFF36F8F10BD10B5FFF7C8FFE1
:1020F000BDE81040183000F0E0B80846F2F720BB09
:1021000038B5054604680020AC4200D138BD002C2B
:10211000FCD02046FFF775FF04F1180000F0CDF861
:102120002046F2F795FA2C680120A542EDE710B59C
:10213000EFF31184402383F31288BFF36F8FFFF70F
:10214000DFFF84F31188BFF36F8F10BD70B50646B3
:102150000D46F2F77FFCB5F1FF3F08BFB6F1FF3F38
:1021600004460CD047F6112000214FF47A7547F64B
:1021700012220023E4FB0501DBF766FC70BD4FF083
:10218000FF30FBE708B5C3171F3043F100034009D8
:1021900040EAC360C117F2F75DFC400108BD38B5E5
:1021A0000446EFF31185402383F31288BFF36F8F4A
:1021B000037C5B070ED5183000F07FF8237C2046A7
:1021C00023F004032374F2F743FA2846BDE83840AD
:1021D000F2F7B6BA85F31188BFF36F8F38BD38B503
:1021E000EFF31185402383F31288BFF36F8F0468E8
:1021F000A04213D0A4B1C4F8841062612046FFF756
:1022000000FF04F1180000F058F82046F2F720FA19
:10221000012085F31188BFF36F8F38BD0020F8E7E8
:102220002046F6E72DE9F04706460F4691469A46C6
:10223000EFF31188402383F31288BFF36F8F006898
:10224000864206D028B1736898420CBF0025056805
:1022500068B90024B9F1000F02D051462046C847A2
:1022600088F31188BFF36F8F2046BDE8F087514691
:10227000B84704460028EDD135B17368AB4200D0B1
:102280002C6828462546E3E72C46FAE708B50246BF
:10229000F2F788FD70B1D0E904319B1A61EBE2726C
:1022A000B3F1004F72F1000104DA002AACBF184606
:1022B000002008BD6FF00040FBE7024638B5EFF3A1
:1022C0001185402383F31288BFF36F8F0368D3B166
:1022D000F2F768FD04461046F2F776FD00224FF053
:1022E00000438442C0E9042305D0002085F311880F
:1022F000BFF36F8F38BDF2F75DFDFFF7C7FF002119
:10230000ECF7D8FEF1E7D0E90413B3F1004F08BFB2
:10231000012902BF00204FF00041C2E904016FF023
:102320001500E3E708B5F2F753FE08BDF2F750BE1B
:10233000B3F1FF3F08BFB2F1FF3F70B506461D463F
:10234000144614D01A4316D0002B08DBF2F740FED7
:10235000041941EB0501C6E90041304670BD6FF03C
:1023600001031C1B4FF0FF3363EB0501F3E74FF054
:10237000FF342146EFE70024FBE7B3F1FF3F08BF3E
:10238000B2F1FF3FF8B5074616461C4610D054EA96
:10239000020311D0F2F71CFEB0420A46A1410346E7
:1023A0000AD2F31A64EB0204C7E900343846F8BDD8
:1023B0004FF0FF331C46F7E70023FBE730B5D0E9C9
:1023C0000034984208D03CB1A568DDB112F9522C16
:1023D00015F9525CAA4207DDC1E9000421604160A1
:1023E0000FE0A342F8D01B68002BF5D09D684DB1DB
:1023F00015F9525C9542F4DD5A68C1E9003211606A
:10240000596030BD00239B7BFFDE2DE9F84F00258E
:102410000F461446984601462E464FF0400AA946FC
:10242000BD4202DB3046BDE8F88FEFF3118B8AF333
:102430001288BFF36F8F4B7B03F03F03082B09D843
:1024400053B1013B072B07D8DFE803F0281C062215
:102450000606062E102B2DD0B8F1000F3BD12378A5
:10246000002B38D04B7B03F03F03082B3AD8002BCE
:102470003AD0013B072B37D8DFE803F03F39363934
:10248000363636420B699B68002BE5D0022317E0F5
:102490000B691B68002BDFD0042311E00B699B68DC
:1024A000002BD9D001230BE00B691B6A002BD3D082
:1024B000102305E00B69DA895B899A42CCD020238E
:1024C000CA68C1F80890C2F38630034363F39432BC
:1024D000CA6084F800908BF31188BFF36F8F0135C9
:1024E00014319DE7102B0FD08C600136F3E72246A4
:1024F00008691030FFF762FFF6E722460869F9E73E
:10250000086922462430F5E7086922462C30F1E7B5
:102510002DE9F041846805460E46D4B16378012B5D
:1025200022D114F8503C9A0711D5A4F1600738461F
:10253000FFF7DBFD082E14BF00236FF00303636277
:1025400014F8503CDB0602D13846FFF78AFD002321
:1025500023700023AB60EB68C3F38632164366F347
:102560009433EB60BDE8F081022BF0D12378002B8F
:10257000EDD054F8048CB8F1000FE8D004F1140049
:10258000FFF79BFE0023A4F1140739464046E3629F
:10259000FFF786FCDBE738B5EFF31185402383F3C3
:1025A0001288BFF36F8F0468A04211D0D4E90032C3
:1025B00013605A6000232046C4E90033FFF7A8FFE8
:1025C00085F31188BFF36F8F201E18BF012038BD1F
:1025D0000024F5E70023C0E9000083607047002372
:1025E0008360704783680B60C368136070472DE990
:1025F000F3470446DDE90A9815460E4659B302F042
:10260000010AF2F763FA0746EFF31181402383F3DF
:102610001288BFF36F8FA80744BF0023A360A3688D
:1026200003EA0600BAF1000F0CD086420CD16A070B
:1026300044BF8343A36081F31188BFF36F8F02B05F
:10264000BDE8F0870028F2D159EA080305D181F3EB
:102650001188BFF36F8F0020F1E7C7E919652246A3
:10266000CDE9009804F10C00F2F7B4F80028F2D19B
:10267000786EE4E710B50B680446D0E9190212F051
:10268000010F03EA000301D0984211D183B16366C0
:10269000520748BF4A6804F1180044BF1A434A6011
:1026A000FFF70BFE00232046C4F88430FFF7F9FC47
:1026B000002010BD0023C0E90000836070470A4677
:1026C000F2F74CBD4FF0FF32F2F748BD0A46002149
:1026D000F2F744BD5200FFF78ABF043270B50446DA
:1026E0000ED2EFF31185402686F31288BFF36F8F69
:1026F00041F00401984785F31188BFF36F8F08B943
:10270000002070BD40F8044BFBE720B1011F50F8DA
:10271000040CFFF7CCB970477047FFF765BA4FF06C
:10272000FF324FF0FF33F1F715BBF1F785BB002007
:102730007047704710B5044608B1F2F70BFF20460A
:10274000BDE81040F2F7F6BE0346C068F8B15888FD
:10275000E8B11B8803F44F42B2F5824F02D0B2F5C4
:10276000884F09D1DBB2272B2AD008D8172B0FD0DE
:10277000222B34D0122B16D06FF085007047302BEF
:102780002FD0413B012BF7D8FF2839D100207047CB
:10279000C028FBD0E128F9D0B0F5807F14BF6FF0DE
:1027A00086000020704720F02003C02BEED020F0E0
:1027B0008003B3F5807FE9D040F209239842EDE72A
:1027C000E928E3D0EF28E1D040F21B139842DDD096
:1027D00040F299139842D9D040F23B23EEE7E92822
:1027E000F1E720F02003C02BD0D020F04003B3F558
:1027F000807FCBD0B0F5C07FC8D0B0F5007FCDE7EB
:10280000B0F5E07FCAE73AB1002918BF00232121C3
:10281000D21A184401F07ABB70472DE9F04F9B465D
:10282000002389B08DF81B30159B9146DDE912A776
:10283000002B0D460B460CBF4FF400624FF4806234
:1028400007A9DDF85080F3F727F80446D0B9079EB2
:10285000284631880DF11B02F3F79AF8044688B92F
:102860009DF81B30BB421FD8CDE90338CDE901BA32
:10287000CDF800902B46D6E909123046F3F7B8FEA2
:10288000044608B1C8F800703A4621465046D8F8C8
:102890000030FFF7B8FF0798F3F78EFD002C18BF44
:1028A000204609B0BDE8F08F6FF08904EAE741F2F5
:1028B000062398421AD8B0F5905F09D241F201037D
:1028C00098420CD0B0F5885F09D06FF08500704752
:1028D0006923A0F5905080B2C340DB07F5D511F015
:1028E000070F14BF6FF0860000207047B0F5105F2F
:1028F000EBD121F04003802B06D0B1F5807F14BFCF
:102900006FF08600002070470020704770B5446A61
:1029100005460E463CB90120F2F706FE686228B172
:102920002046AE6270BD6FF08A00FBE76FF08C004E
:10293000F8E7F8B51E460F4615460388C2B103F402
:10294000E043B3F5805F02D0B3F5005F10D1089B80
:10295000E90019600088FFF7AAFF044630B92A464B
:102960003946304601F0C5FA079B1D602046F8BD88
:102970006FF08504FAE710B50446406A10B1A16A09
:10298000FFF7D8FE0020C4E9090010BD38B50446A1
:10299000FFF7F1FF237F012B0FD0023B012B0FD854
:1029A000236A012B14BF6FF0960500252C2200210D
:1029B000204601F0ABFA284638BD236A002BF1E728
:1029C0006FF09605F2E738B514460288049D02F4CC
:1029D000E040B0F5805F07D0B0F5005F04D002F4AE
:1029E0004F42B2F5824F0ED1AC420FD81846224664
:1029F00001F07FFA00212A1B204401F087FA002011
:102A0000059B1C6038BD6FF08500FBE76FF0890007
:102A1000F8E7F0B50F461E46154685B0CAB100234B
:102A20000122336003A9F2F737FF044670B9CDE9FC
:102A3000005603983B46D0E90912F3F777FD0446A8
:102A40000398F3F7B9FC002C08BF0446204605B0F4
:102A5000F0BD6FF08904F9E7F0B50F461E46154644
:102A600085B0FAB1002303A91A463360F2F714FFC8
:102A7000044688B9039803885B0410D5CDE9005655
:102A80003B46D0E90912F3F765FD04460398F3F7D6
:102A900093FC002C08BF0446204605B0F0BD6FF043
:102AA0008604F3E76FF08904F6E710B5036804467F
:102AB00043B100F033F900232360A3886FF30803C8
:102AC000A38010BD1846FCE72DE9FF41984600237E
:102AD0000C460168054616460393002939D14FF488
:102AE000C272083001F012FAB8F1000F20463346E6
:102AF0000CBF4FF400624FF4806203A9F2F7CCFEE2
:102B00000446B8B9039F304639882A1DF2F740FFC2
:102B1000044678B96B79394668F300036B71D7E9DD
:102B2000092328460096B8F1000F0FD0F3F78AFD6D
:102B3000044610B12846FFF7B8FF0398F3F73CFCB2
:102B4000002C18BF204604B0BDE8F081F3F79EFDCD
:102B5000EEE76FF08804EDE70123FFF7B5BF38B566
:102B60000368054614464BB132B100F0C0F8044684
:102B700010B12846FFF799FF204638BD6FF0880452
:102B8000FAE72DE9F0411646026805460F469846D9
:102B9000F2B14279D2071BD50279CAB1B2421AD832
:102BA00000F0AEF8044618B10023C8F800602B719D
:102BB00037B1324621463846D8F80030FFF723FEB9
:102BC0002846FFF772FF002C18BF2046BDE8F081B1
:102BD0006FF08804E8E76FF08904E5E71FB501248A
:102BE0000394089C0294079C0194069C0094FFF7B0
:102BF00014FE04B010BD2DE9F04705469A460023A7
:102C000088B0079325F0004323F47F03B3F1106FDE
:102C10000846DDE910961746DDF8488023D12B469B
:102C20004FF4804207A9F2F737FE044660B9CDE9B8
:102C30000368CDE901A9079800972B46D0E909124E
:102C4000F3F748FD044628B131464846F3F766F8E5
:102C5000C8F800600798F3F7AFFB002C18BF2046B8
:102C600008B0BDE8F0876FF08604EDE703461B88E7
:102C7000084603F4E043B3F5805F114602D0B3F594
:102C8000005F01D1F3F74AB86FF0850070471C224E
:102C9000002101F03BB9037F022B06D1036A5A1CC5
:102CA00003D001330362002070476FF09600704735
:102CB000034668B1017F8A1E012A0BD80329026AE4
:102CC00003D1012A01D1FFF761BE1AB1013A1A629C
:102CD000002070476FF096007047C0B2FF280CBF0D
:102CE0006FF0860000207047F3F776BD70470368E9
:102CF000052B02D10830F4F74FB86FF0860070470B
:102D000010B40468052C04D15DF8044B0830F4F7C6
:102D10005DB86FF086005DF8044B70470368052BC3
:102D200002D1083000F0D7B8002070470020F3F738
:102D30001BBF0020F3F752BF002000F0C6B8E0F739
:102D400093BC0A2842DCC31C1FDA10F1400F45D0A7
:102D500010F13F0F2BDA10F1410F42D010F1550F57
:102D600042D010F1490F14BF6FF086006FF084005D
:102D7000704709282DD8DFE800F0052C2C2F172CE0
:102D8000372C2C3A6FF09800704703300D2820D86C
:102D9000DFE800F00A331F221F1F1F1F1F1F071F1E
:102DA0001F076FF0940070476FF08500704710F1B7
:102DB000210F1FD00DDB10F1200F1ED010F1100FCE
:102DC00014BF6FF086006FF09400704764380928D4
:102DD000CFD96FF086007047002070476FF08400F5
:102DE00070476FF0890070476FF0930070476FF085
:102DF0008C0070476FF0880070476FF0920070474A
:102E000010B501380A44914200D110BD10F8013FBD
:102E100011F8014B63400370F5E70144814200D192
:102E2000704711F8013D1A440A70120AF6E730B5EE
:102E3000002503F58073013A002A0ADAD8B2284344
:102E400003D0FF2B94BF00200120FF2B98BF013837
:102E500030BD845C1C448B5C013AE41A230AE4B262
:102E6000FF332543E8E707B501A9F3F7CBFD0038A9
:102E700018BF012003B05DF804FBF7B506460D4608
:102E8000202D2F46A8BF202700216846F4F7A2FD79
:102E9000044670B93A4631466846F4F7EDFD10F144
:102EA000520F044608D0431CF4D0684600F038FCAA
:102EB00034B1204603B0F0BD684600F031FCE3E7D2
:102EC000EC1B3E44F5D02546DAE700207047F3F7C7
:102ED00025BFF3F723BF08B54FF4C27100F0FDFF23
:102EE000002008BDF0B504461F460D461646E5B065
:102EF0004FF4C272002103A801F008F821463346BE
:102F00002A46009703A8F3F709FF044670B9DDE9E4
:102F10006A1203A8F3F740FF044638B9DDE96D23D0
:102F20006C9903A8F3F752FF044610B103A8FFF70A
:102F3000D2FF204665B0F0BD90F84C3013B1503050
:102F400000F026BBD0F8543113B1D0F85C0118471B
:102F5000184670472DE9F04704468068894690423C
:102F6000174609D3201A1C3000F0C3FFA368DB1BEF
:102F7000A3600020BDE8F08704F1640A01215046F7
:102F8000F4F7F4FD064618B1BDE8F047FFF7D9BEE7
:102F90002046FFF7D1FF054600284BD1A26832F04A
:102FA000100309D0A01A49461C3000F0A2FF2A469F
:102FB000A368A5609944FF1A07F1FF3828F00F08AD
:102FC000A7EB080662B9102204F10C0104F15000CD
:102FD00000F04CFA80BB1023A360012384F84C302E
:102FE000B8F1000F1CD04246494604F1500000F0F1
:102FF0003DFA0546C0B9012384F84C3004F150076E
:10300000384600F023FB054670B9384600F07BFBDC
:10301000054648B9402104F10C0000F05EFF03E0D2
:1030200094F84C30002BE9D15046F4F78DFD2DB1CA
:103030002846A9E7B046F7E70546F5E7002E98D001
:10304000324609EB080104F10C0000F052FFA368BE
:103050009B1B8DE7F8B543680546102B2FD800F170
:10306000640601213046F4F781FD18B1BDE8F8404F
:10307000FFF767BE2846FFF75FFF0446D0B9AA688E
:1030800005F15007102A05F10C050AD129463846EA
:1030900000F01DFA044668B9384600F034FB0446D7
:1030A00008E029463846C2F1100200F0DFF9044674
:1030B0000028EBD03046F4F747FD2046D6E76FF006
:1030C0008600F8BD2DE9F0414FF00008DDE906CE9D
:1030D00004880D4616461F46CEF80080BCF1000F4E
:1030E00015D024F0FF04B4F5E24F03D1BDE8F04160
:1030F000F4F7EEBFB4F5824F0DD13A46314628467B
:10310000CDF818E06346BDE8F04100F043BC6FF035
:103110008600BDE8F0816FF08500FAE72DE9F04107
:1031200007463C88184604F44F43B3F5824F0D46DA
:103130009046079E02D0B3F5884F0FD1E4B2A4F1B8
:103140004103012B01D9122C0BD14246294600F034
:10315000D0FE0020C6F80080BDE8F081B4F5885F9D
:10316000F2E77B88069A0733B2EBD30F4FEAD3041A
:1031700008D3014622462846F3F7AAFE0028EBD1E1
:103180003460E9E76FF08900E6E7F3F7D3BFC0F3F7
:103190000253013B10B5052B21D8DFE803F01B0BD0
:1031A0000B0B0313032300F030002028136013D00F
:1031B000002010BD0B8844F212118B420CBF042377
:1031C0000223F0E70B8844F212118B420CBF062356
:1031D0000323E8E70123E6E702331360E8E76FF033
:1031E0009800E6E713B50C46F3F70CFCC31C0FD0B0
:1031F000013009D004224FF0FF3321460DEB0200CD
:10320000019300F092FE30B96FF08B0002B010BD58
:103210006FF08400FAE70020F8E730B589B0054682
:1032200018220C4601A8002100F070FE012344EA98
:10323000052401A9BA2007940593F3F79DFB002804
:1032400018BF6FF0920009B030BDF7B5BA2001A9E0
:10325000F3F7D8FB044610B1002003B0F0BD019D88
:103260002F0AEDB2AC4205D1BA20F3F7B1FB00282A
:10327000F2D008E0E6193046F3F7AAFB30B1304649
:10328000FFF7F1FD10B96FF09200E6E70134E9E7CE
:1032900038B503780446033303F00303012B0FD83A
:1032A0006FF0210038BD60782844F3F783FB48B9FC
:1032B00001352378C3F382039D42F4D30020F1E764
:1032C0000025F6E70220EDE708B5F820FFF7CBFD73
:1032D00018B9F920FFF7C7FD10B16FF0920008BDD3
:1032E000F820F3F767FB0028F7D1F920F3F762FB2A
:1032F0000028F4D0F1E74368A3F11001914241D8CE
:10330000012243F80C2C53F8042C42F0200243F81D
:10331000042C53F8082C42F0005243F8082C836820
:1033200000F11402A3F1100191422FD8012243F8B9
:103330000C2C53F8042C42F0200243F8042C53F8D0
:10334000082C42F0005243F8082CC36803F15402E1
:10335000BFF35F8F4FF0A3431A60BFF35F8FC26864
:103360000432BFF35F8F1A61BFF35F8FBFF35F8FCC
:1033700003225A63BFF35F8FBFF35F8F9A63BFF37C
:103380005F8F7047103242F80C2CB7E7103242F8CA
:103390000C2CC9E738B5BFF35F8F4FF0A344E56944
:1033A000BFF35F8FBFF35F8F10236363BFF35F8F44
:1033B000012000F05EFDBFF35F8F00236363BFF366
:1033C0005F8FBFF35F8FE36BBFF35F8F5B06F8D454
:1033D00025B1BFF35F8FE561BFF35F8F38BD08B5DF
:1033E000F4F754FC30B9BFF35F8F4FF0A343986AF2
:1033F000BFF35F8FBFF35F8F4FF0A342D36BBFF379
:103400005F8F10F0240F03F0230304D0FFF7C2FFF7
:103410006FF01F0008BD4FF0FF30002BFAD1BFF353
:103420005F8F1063BFF35F8F1846F3E7026913697C
:103430000BB1506918471846704708B582680346B3
:103440005AB902681169426A114206D0FFF7EEFFCD
:10345000002808BF6FF0530008BD03F1140070216D
:1034600003F17802FFF747FF0020F5E710B5047D70
:1034700003464CB3B2F1807F06D3FFF7D7FF002895
:1034800008BF6FF03F0010BD4468062C06D9FFF757
:10349000CDFF002808BF6FF04400F4E70AB9002010
:1034A000F1E78069016099698A60186899698069A3
:1034B000C068C860996910319961596801315960D3
:1034C000996811449960EAE76FF02000DBE710B4D7
:1034D000037D002B57D08368C3B9836900F12402B0
:1034E0001A60036882691B68013343F000539360DC
:1034F000046882692368A4690133E4681B0203F449
:10350000F8532343D360836910338361036882686F
:103510001C68131923EA040384699B1A54F8042CC9
:1035200042EA032244F8042C826952F8084C2344EE
:1035300043F0005342F8083C03681A68C368134418
:1035400023EA0203C2691160C269C1689160C2695D
:1035500002F11001C161C1688B420AD000211161E2
:10356000C168C2695B1A43F080439360C36910333A
:10357000C3610368DA68436A23EA020343625DF8C1
:10358000044BFFF75ABF6FF020005DF8044B704703
:1035900038B5037D0446002B52D003685B69002BCD
:1035A00051D00269D3685BB150699847054638B17C
:1035B0002046FFF73BFF002818BF0546284638BDC8
:1035C000214651F8783B626A9B6904F114001B683C
:1035D000F4F7C0F90123636023699A689AB9A26974
:1035E0001B6813602369A2695B6843F00053936012
:1035F0002268A36992699268DA60A3691033A361B3
:103600006368013363600025236AA269C4331360D1
:103610002368A2695B6943F0005393602268A36941
:1036200092695268DA60A36922681033A361636803
:10363000013363601269636AA56013436362BDE787
:103640006FF02005BAE76FF04705B7E738B5027DA0
:103650000346002A40D00268816894688C4206D9EB
:10366000FFF7E4FE002808BF6FF0530038BD546830
:10367000B1FBF4F504FB151434B1FFF7D7FE0028B5
:1036800008BF6FF04500F1E7416AD0680143596215
:10369000D3E90701C431526901601868D9694069EA
:1036A0000F328860D96922F00F0201F11000D86151
:1036B0001868406990420AD00C611868D96940695D
:1036C000121A42F080428A60DA691032DA611846D2
:1036D000BDE83840FFF7B1BE6FF02000C6E738B54F
:1036E000037D054663B1FFF77AFE431C044605D00F
:1036F0002846FFF79BFE002818BF0446204638BD29
:103700006FF02004FAE710B5037D04462BB1204684
:10371000FFF7E5FF431CFAD010BD6FF02000FBE778
:1037200010B5037804461BB1F3F720F8002323708B
:10373000002010BD0368D868C0F3004070470368DC
:1037400003F58053586A00F4A020003818BF012008
:103750007047022203689A6070470368D868F4F7DC
:1037600037BB024608B51046FFF7E4FF0028FAD140
:10377000BDE808401046FFF7F0BF03685A50704795
:103780000369996670470369986E7047C0F30B032D
:10379000482B4B6028BF482310F4003F8B6008BFC4
:1037A0000023CB6010F4803308BFC1E9013300F47B
:1037B0007003B3F5700F14BF00238B6800284FF01F
:1037C000010C4FF008028B60B8BF0023C1E905C2AD
:1037D000B8BFC1E9053370472DE9F0479946058820
:1037E00043888AB003F10708009305F44F43B3F50B
:1037F000824F04468A4617464FEAD80602D0B3F5F0
:10380000884F3FD1EDB22022002102A800F07EFBBC
:103810000023BE42C9F8003041D8B8F5847F41D2B8
:1038200020466A463946F4F701FC044630BB284678
:10383000009901AAF4F73CFB0446F8B9A5F141034D
:10384000012B21D8324602A9F3F7C8F928BB31462B
:1038500002A800F010FB40BB412D04D1202E02D164
:1038600002A800F06EFA3246504602A900F041FB71
:10387000202102A800F031FBC9F8006020460AB000
:10388000BDE8F0870025BEE73A465146019800F0B2
:1038900063FA0028ECD0FFF754FA0446EEE76FF025
:1038A0008904EBE76FF08504E8E76FF09304E5E740
:1038B0002DE9F341DDF820801E46438842450F463E
:1038C0001546019315D8294601AAF4F7AFFB044623
:1038D00058B92B463A464146304600F0E1FA58B115
:1038E0000A9B019A1A60099B1D60204602B0BDE840
:1038F000F0816FF08904F8E76FF08604F5E72DE9B1
:10390000F0431F460688438895B0029306F44F4360
:10391000B3F5824F0546144602D0B3F5884F2FD138
:10392000F6B20A462346412103A8D5F80C9000F0D0
:10393000B7FA38B31C9B9C4227D82846214602AAD6
:10394000F4F774FB0546B8B9122EDDF8088001D0F3
:10395000302E07D1424631464846009403ABF4F777
:103960002FFBA8B92246384603A900F0C2FA1E9BD5
:10397000C3F800801D9B1C60284615B0BDE8F0838D
:103980000026CEE76FF08605F6E76FF08905F3E7CE
:103990000546F1E78B4238B505460C46104607D37D
:1039A0000A46294600F0A5FA0020049B1C6038BD99
:1039B0006FF08900FBE710B59EB0024646F6110392
:1039C0001AA901A8F3F7C6FF0023039A1021136078
:1039D000039A01A89360039B1AAA10330393FFF77D
:1039E0008AFCFFF7FCFC431C0446FAD001A87421B2
:1039F00000F073FA20461EB010BDF8B50668054603
:103A000096420C46A2EB060701DDF7F7BDFB3946EF
:103A1000204600F03FF832466968E019BDE8F840FA
:103A200000F044B8FFF7E9BFF8B507461646D2E9FB
:103A300000208A420C460BDB551A294600F02AF872
:103A40002246394670682844BDE8F84000F039B88D
:103A5000891A3944F8E770B514460E461D462146CA
:103A60001A46FFF7E1FF2146304605F10802BDE89E
:103A70007040FFF7D9BF70B5054616461C461A467A
:103A8000FFF7BBFF2246314605F10800BDE8704054
:103A9000FFF7B3BF0A4600230AB1810702D1002114
:103AA00000F034BA00F8013B013AF5E70AB18307A8
:103AB00001D100F01EBA11F8013B013A00F8013BB8
:103AC000F4E70AB18B0701D100F013BA11F8013BFA
:103AD000013A00F8013BF4E773B50546D0E9014629
:103AE000CDE90023FFF74FFE0068ED68C0009DF8A8
:103AF00000209DF8073004EB0614A5F1080114D549
:103B000002F03F0242F0200243F00103601B8DF8F7
:103B100000208DF80730FFF7BDFF083C08226946FA
:103B20002046FFF7C3FF02B070BDA41B03F03F03A4
:103B300042F0010243F0200304F108008DF8002058
:103B40008DF80730FFF7A6FFE8E710B50446FFF74A
:103B50001AFEC2684AB142F420222046BDE8104055
:103B6000002142F40062FFF708BE10BDC068704734
:103B70002DE9F8430A680C4612F4700F15D1D0E90C
:103B80000159D1F80880FFF7FEFD03682046DB00ED
:103B900048BF63684FF0000744BFA9EB0303ED186B
:103BA00000F0C1F80646B74201DBBDE8F8834146A4
:103BB00028466268FFF77AFF63684D4498440137EE
:103BC000F1E770B50C461E461046D1E9012505EB1C
:103BD00042052946FFF76AFF62683046A918BDE82A
:103BE0007040FFF763BF38B50446FFF7CCFDD4E95A
:103BF000013501684268C90042BFE168691A5B1873
:103C0000002112B904F1140038BDD00707D50B29E3
:103C100001D9F7F7B9FA04EB8100436101312B4474
:103C20005210EEE770B506460D461446FFF7ABFDA1
:103C3000013D026844EA0524304622430421BDE8E0
:103C40007040FFF79ABD2DE9F04F044685B00E464F
:103C500091460193FFF797FDD4F848A00546BAF1C5
:103C6000000F07D02046F4F799F81025284605B034
:103C7000BDE8F08F8768D4E9018BF4F731F832683A
:103C800011064CBFC26842687168914204DD20464B
:103C9000F4F784F80D25E9E7E1603268204649EA47
:103CA00002092A6949EA0202FFF7BCFF2A68D2002A
:103CB00003D5E268ABEB020290443FB9314620469F
:103CC000FFF756FF2B696BB90025CFE7FB0748BF0D
:103CD000019B4FEA670744BF43F82A800AF1010AB3
:103CE000D844EAE702A800F043F8054618B1204698
:103CF000F4F754F8BAE72046DDE90223FFF7ECFEBB
:103D000008210DEB010000F0E8F8DDE710B50446EE
:103D1000FFF71BFFBFF35F8F03222046BDE8104073
:103D20000821FFF72ABD0368024613F4700F06D17D
:103D3000806828B1D368506893FBF0F0704700208A
:103D40007047037823F007030370C37F03F07F03FA
:103D500043F04003C37770470B46D0E901108A4215
:103D6000084402D31A4600F019B86FF040007047BB
:103D700010B50446F3F7B4FF436963B12046F4F786
:103D800073F850B9D4E900321343F7D0201DBDE8D1
:103D90001040F4F769B86FF0020010BD2DE9F0474C
:103DA0000446104639B122460023164612F8015B3C
:103DB00035B98B4202D16FF0530435E00133F4E79B
:103DC0008B42F8D04A1E9A4201D1022DF3D9A25C4F
:103DD000D2072FD5FF2415EA040228D1E443A1EB32
:103DE0000308C71800F06EF8E5B208EB070A424670
:103DF00039460020F2F7F2FE0446E8B93B788146E6
:103E00002B403B703B4613F8012B9A4549EA0209C7
:103E1000F9D10023424631463846FFF708F8B9F198
:103E2000000FE4D00028E2DA2046BDE8F087640005
:103E3000E4B2D0E76624F7E70224F5E74FF0FF325B
:103E40004FF0FF33EFF786BFEFF7F6BFFEF732BC58
:103E500007B54FF0FF334FF0FF32CDE900230022CA
:103E6000FEF738FC03B05DF804FBFEF72FBCFEF74D
:103E700029BCFEF787B9002313B58DF807308B42B4
:103E800006D19DF80700B0FA80F0400902B010BDDD
:103E9000C45C9DF80720013322438DF80720EEE72C
:103EA0008B4230B50CD8002421469C4203D1081E19
:103EB00018BF012030BD155D055529430134F4E7D5
:103EC0000020F7E710B58B4294BFC4184418A042F5
:103ED00000D110BD00F8012BF9E700231A4682B08B
:103EE00001908B4201D102B070470198C254013356
:103EF000F7E70A44431E914200D1704710B511F80C
:103F0000014B914203F8014FF9D110BD0244034621
:103F1000934200D1704703F8011BF9E7044608B546
:103F2000F5F76CFB2046E2F735FA0139024410B58B
:103F3000904201D1002005E0037811F8014FA3421F
:103F400001D0181B10BD0130F2E7024610B512F87F
:103F5000013BA3F14100192811F8010BA0F1410424
:103F600098BF2033192C98BF20301B1A02D100288B
:103F7000EDD110BD1846FCE70139034610B532B14A
:103F800011F8014F013A03F8014B002CF7D11A4404
:103F90000021934200D110BD03F8011BF9E702464E
:103FA000014410B58A42134603D01C780132002C1C
:103FB000F8D1181A10BD2DE9F843C3F137090746A7
:103FC000884603F01F055FFA89F9164638464146D0
:103FD0002A460023D9F738FD4346D4B23A468846EC
:103FE0000746092C84BF4C44E4B2AA424FF00002B9
:103FF00004F13004934106F8014BE7D23046BDE8A6
:10400000F8832DE9F04F051889B0904641EB010483
:10401000029304AB284621460093D2E9002300F026
:10402000A7F806AB07468946284621460093002597
:10403000D8E9022300F09CF8DDE90423841851EB51
:104040000306069B28BF0125D8E90012ED18079B3F
:1040500043F10003791849EB0202B94272EB0902FD
:10406000D8E9022134BF01200020A21846EB01014B
:104070008018029A41F10001A042A2F1410A71EBBD
:104080000602CDF800A034BF012200225219CDE96A
:10409000065343F1000300F082F8129BC3E90001CC
:1040A000D8E90221DDE90653039114990129D8E9E1
:1040B00000E027D1A21A0399CDF800A066EB010118
:1040C000774579EB000034BF01200020101A61F120
:1040D0000001844276EB010234BF01220022AA1AB9
:1040E00063F1000300F05BF8139BC3E90001DDE915
:1040F000062320463146CDF800A000F050F809B064
:10410000BDE8F08F17EB070B49EB090C14EB040823
:1041100046EB0601BB457CEB090934BF01270027AC
:1041200018EB070741F10008F3457CEB000C34BFA6
:1041300001200020381A68F10001801A039A61EB0F
:1041400002016D195B41A74278EB060234BF0122E0
:104150000022AD1843F10003874278EB010834BF19
:1041600001220022AA1A029DA5F140050095B7E799
:10417000F0B500240D4606469446A0FB02012246F7
:10418000059FE5FB0C12A446E5FB0324E3FB061C9C
:1041900012EB0C0244F10004C7E90024F0BDF0B5B5
:1041A000059CC4F14007C4F12006A4F12005E040BD
:1041B00002FA06F6BB4022FA05F5BA403343C4F1D1
:1041C00020062B4301FA06F6A4F12005304321FA1C
:1041D00005F5E140284319431043F0BD2DE9F041B6
:1041E0000446CE0FC1F30A55C1F3130140F2FF702C
:1041F000167154EA01076BD1002D71D12C46294666
:10420000002B156060DB0C2B60DCC3F10D05012079
:10421000AD0005F1FF3CA5F12107C5F1210600FA2B
:1042200007F720FA06F600FA0CF03743061847EBBA
:104230000708D6F1000E68EB480C013E48F1FF3844
:10424000264008EA0108B04277EB080810DBC5F108
:104250002008B5F1200624FA05F501FA08F858BF40
:1042600041FA06F645EA080558BF3543ED0703D580
:104270002018044641EB070104EA0E0401EA0C0190
:104280009DF8186018460D250532C6F1270604F082
:104290000F03240944EA0174091163B9A8420DDA35
:1042A000013DF4D21AE01DB90125A5F2FF35A7E7BB
:1042B00041F48011F9E7092BC8BF9B193033A8429C
:1042C0005355B8BF2846EBE70023D9E70D23D7E7BE
:1042D0008542E8D146F0080600201671BDE8F0815D
:1042E0008542E5D146F00406F6E7D1E9043293426F
:1042F0001EBF5A1C0A6118707047000052E4FD7F0F
:1043000001000000E965020000000000CDEF02009E
:104310000000000000000000144404000D3B0300F6
:1043200000000000313B030000000000000000001E
:104330007444040000000000344404000000000045
:1043400054440400690F030000000000C108040089
:104350000000000000000000944404000000000081
:10436000B4440400D504040000000000D16302003E
:104370000000000000000000D4440400A935020041
:10438000000000008140030000000000C1DF0200C7
:1043900000000000000000001445040000000000C0
:1043A0003445040000000000F4440400696A02007F
:1043B000000000003D080400000000004708040061
:1043C0000000000000000000944504000000000010
:1043D0007445040000000000544504000000000083
:1043E0001446040000000000B44504000000000072
:1043F000D445040000000000F4450400416D0200B3
:1044000000000000255602000000000021D6020036
:10441000000000004495040030700400BC5004000B
:10442000600A0020584F00208DD8020000000000D4
:1044300000000000729504005C700400C04F04008E
:10444000660A0020C44F002091DC0200000000003A
:10445000080700207E95040070700400C04F04001F
:10446000680A0020D04F002091DC0200000000000C
:10447000180700208995040084700400C04F0400D0
:104480006A0A0020DC4F002091DC020000000000DE
:10449000280700205195040000000000A04F0400F0
:1044A000620A002000000000C5EC030000000000CC
:1044B00000000000E695040000000000AC5004007D
:1044C0007C0A002090080020C5F1020000000000D6
:1044D000000000006A9604000000000070730400F1
:1044E0007E0A0020F85100207D0603000000000035
:1044F000000000005995040000000000A84F0400CF
:10450000640A00200000000069DB020000000000D7
:10451000000000009495040048070020E44F0400C8
:104520006C0A0020E84F0020EFEE030000000000BE
:1045300038070020DC95040084720400A4500400B5
:104540007A0A0020A807002051EC020000000000B9
:10455000980700209E950400D4700400000000001D
:104560006E0A00204C500020E5E10200000000002F
:1045700078070020A6950400F87004001850040085
:10458000700A00200000000093F303000000000008
:1045900000000000B095040018710400FC4F0400F6
:1045A000720A00200000000003F403000000000075
:1045B00000000000B59504005C7104003450040054
:1045C000740A00205050002077F60300000000001D
:1045D00000000000C0950400107204005050040058
:1045E000760A002068500020F1E802000000000078
:1045F00088070020CA950400287204006C5004004B
:10460000780A0020B0500020B5FB03000000000035
:104610000000000094960400000000008850040090
:10462000800A0020D0520020FD0804000000000095
:104630000000000000000000EBB0030000000000DC
:10464000EBB0030000000000EBB00300000000002E
:10465000EBB0030000000000EBB00300000000001E
:10466000EBB0030000000000EBB00300000000000E
:10467000EBB0030000000000EBB0030000000000FE
:10468000EBB0030000000000EBB0030000000000EE
:10469000EBB0030000000000EBB0030000000000DE
:1046A000EBB0030000000000EBB0030000000000CE
:1046B000EBB0030000000000EBB0030000000000BE
:1046C000EBB0030000000000EBB0030000000000AE
:1046D000EBB0030000000000EBB00300000000009E
:1046E000EBB0030000000000EBB00300000000008E
:1046F000EBB0030000000000EBB00300000000007E
:10470000EBB0030000000000EBB00300000000006D
:10471000EBB0030000000000D10F03000000000018
:10472000EBB0030000000000EBB00300000000004D
:10473000EBB0030000000000EBB00300000000003D
:10474000EBB0030000000000EBB00300000000002D
:10475000EBB0030000000000EBB00300000000001D
:10476000EBB0030000000000EBB00300000000000D
:10477000EBB0030000000000EBB0030000000000FD
:10478000EBB0030000000000EBB0030000000000ED
:10479000EBB0030000000000EBB0030000000000DD
:1047A000EBB0030000000000EBB0030000000000CD
:1047B000EBB0030000000000EBB0030000000000BD
:1047C000EBB0030000000000EBB0030000000000AD
:1047D000EBB0030000000000EBB00300000000009D
:1047E000EBB0030000000000EBB00300000000008D
:1047F000EBB0030000000000EBB00300000000007D
:10480000EBB0030000000000EBB00300000000006C
:10481000EBB0030000000000EBB00300000000005C
:10482000EBB0030000000000EBB00300000000004C
:10483000EBB0030000000000EBB00300000000003C
:10484000EBB0030000000000EBB00300000000002C
:10485000EBB0030000000000EBB00300000000001C
:10486000EBB0030000000000EBB00300000000000C
:10487000EBB0030000000000FD7B0300000000001F
:10488000EBB0030000000000EBB0030000000000EC
:10489000EBB0030000000000EBB0030000000000DC
:1048A000EBB0030000000000EBB0030000000000CC
:1048B000EBB0030000000000EBB0030000000000BC
:1048C000EBB0030000000000EBB0030000000000AC
:1048D000EBB0030000000000EBB00300000000009C
:1048E000EBB0030000000000EBB00300000000008C
:1048F000EBB0030000000000EBB00300000000007C
:10490000EBB0030000000000EBB00300000000006B
:10491000EBB0030000000000EBB00300000000005B
:10492000EBB0030000000000EBB00300000000004B
:10493000EBB0030000000000EBB00300000000003B
:10494000EBB0030000000000EBB00300000000002B
:10495000EBB0030000000000EBB00300000000001B
:10496000EBB0030000000000EBB00300000000000B
:10497000EBB0030000000000EBB0030000000000FB
:10498000EBB0030000000000EBB0030000000000EB
:10499000EBB0030000000000EBB0030000000000DB
:1049A000EBB0030000000000EBB0030000000000CB
:1049B000EBB0030000000000EBB0030000000000BB
:1049C000EBB0030000000000EBB0030000000000AB
:1049D000EBB0030000000000EBB00300000000009B
:1049E000EBB0030000000000EBB00300000000008B
:1049F000EBB0030000000000EBB00300000000007B
:104A0000EBB0030000000000EBB00300000000006A
:104A1000EBB0030000000000EBB00300000000005A
:104A2000EBB0030000000000EBB00300000000004A
:104A3000EBB0030000000000EBB00300000000003A
:104A4000EBB0030000000000EBB00300000000002A
:104A5000EBB0030000000000EBB00300000000001A
:104A6000EBB0030000000000EBB00300000000000A
:104A7000EBB0030000000000EBB0030000000000FA
:104A8000EBB0030000000000EBB0030000000000EA
:104A9000EBB0030000000000EBB0030000000000DA
:104AA000EBB0030000000000EBB0030000000000CA
:104AB000EBB0030000000000EBB0030000000000BA
:104AC000EBB0030000000000EBB0030000000000AA
:104AD000EBB0030000000000EBB00300000000009A
:104AE000EBB0030000000000EBB00300000000008A
:104AF000EBB0030000000000EBB00300000000007A
:104B0000EBB0030000000000EBB003000000000069
:104B1000EBB0030000000000EBB003000000000059
:104B2000EBB0030000000000EBB003000000000049
:104B3000EBB0030000000000EBB003000000000039
:104B4000EBB0030000000000EBB003000000000029
:104B5000EBB0030000000000EBB003000000000019
:104B6000EBB0030000000000EBB003000000000009
:104B7000EBB0030000000000EBB0030000000000F9
:104B8000EBB0030000000000EBB0030000000000E9
:104B9000EBB0030000000000EBB0030000000000D9
:104BA000EBB0030000000000EBB0030000000000C9
:104BB000EBB0030000000000EBB0030000000000B9
:104BC000EBB0030000000000EBB0030000000000A9
:104BD000EBB0030000000000EBB003000000000099
:104BE000EBB0030000000000EBB003000000000089
:104BF000EBB0030000000000EBB003000000000079
:104C0000EBB0030000000000EBB003000000000068
:104C1000EBB0030000000000EBB003000000000058
:104C2000EBB0030000000000EBB003000000000048
:104C3000EBB0030000000000EBB003000000000038
:104C4000EBB0030000000000EBB003000000000028
:104C5000EBB0030000000000EBB003000000000018
:104C6000EBB0030000000000EBB00300E84F0020B1
:104C700099240300A80700207D1204000000000012
:104C8000EBB0030000000000EBB0030000000000E8
:104C9000EBB0030000000000EBB0030000000000D8
:104CA000EBB0030000000000EBB0030000000000C8
:104CB000EBB0030000000000EBB0030000000000B8
:104CC000EBB0030000000000EBB0030000000000A8
:104CD000EBB0030000000000EBB003000000000098
:104CE000EBB0030000000000EBB003000000000088
:104CF000EBB0030000000000EBB003000000000078
:104D0000EBB0030000000000EBB0030078050020CA
:104D1000C1EE030000000000EBB003000000000043
:104D2000EBB0030000000000EBB003000000000047
:104D3000EBB0030000000000EBB003000000000037
:104D4000EBB0030000000000EBB003000000000027
:104D5000EBB00300651D03009F0A04000000000083
:104D6000EBB0030000000000EBB003000000000007
:104D7000EBB0030000000000EBB0030000000000F7
:104D8000EBB0030000000000EBB0030000000000E7
:104D9000EBB0030000000000EBB0030000000000D7
:104DA000EBB0030000000000EBB0030000000000C7
:104DB000EBB0030000000000EBB0030000000000B7
:104DC000EBB0030000000000EBB0030000000000A7
:104DD000EBB0030000000000EBB003000000000097
:104DE000EBB0030000000000EBB003000000000087
:104DF000EBB0030000000000EBB003000000000077
:104E0000EBB0030000000000EBB003000000000066
:104E1000EBB0030000000000EBB003000000000056
:104E2000EBB0030000000000EBB003000000000046
:104E3000EBB0030000000000EBB003000000000036
:104E4000EBB0030000000000EBB003000000000026
:104E5000EBB0030000000000EBB00300DB0804002F
:104E60009F0A040000000000EBB0030000000000F7
:104E7000EBB0030000000000EBB00300900800203E
:104E80007F15040000000000EBB0030000000000EC
:104E9000EBB0030000000000EBB0030000050020B1
:104EA000C1EE030000000000EBB00300FFFFFFFFB6
:104EB000B82B0020D088002000100000F9FB020071
:104EC00000000000000000000000000007000000DB
:104ED0000000000014960400FFFFFFFFFFFFFFFF2C
:104EE000882C0020D09800200010000051FB020008
:104EF00000000000000000000000000007000000AB
:104F0000000000002C960400FFFFFFFFFFFFFFFFE3
:104F100068200020E86100200008000051490200DC
:104F20000000000000000000000000000A00000077
:104F3000000000006F8D0400000000000000000071
:104F4000782A0020D08000200008000081D50200CF
:104F50000000000000000000000000000E00000043
:104F6000000000003E95040000000000000000006A
:104F7000901F0020E85D002000040000F9430200BB
:104F8000000000000000000000000000070000001A
:104F900000000000388D0400FFFFFFFFFFFFFFFF50
:104FA000B1EC03000000000061DC020009EE030028
:104FB000F3ED030051DB020041DB020059DB02008C
:104FC000E9DC020021EE03002DEE030041EE0300B8
:104FD0004BEE030055EE0300BDDE020069EE030058
:104FE00000000000E3F003000000000027EF0300D2
:104FF00000000000000000009DF003000000000021
:1050000000000000BBF303000000000000000000EF
:105010000000000000000000000000000000000090
:1050200000000000000000000000000025F3030065
:1050300000000000FDE4020000000000000000008D
:105040000FF9030071E402000000000000000000FE
:1050500000000000000000000000000015E9020050
:1050600039FA03000000000000000000393402009B
:1050700000000000AFFF030045FB0300F92D020014
:105080000000000000000000000000000000000020
:105090000000000001090400E1110300000000000D
:1050A0000000000085EC02003B010400090504003B
:1050B0004505040055F10200E1040400E5D80200B2
:1050C00015EC03007BEC030000000000B3EB0300D1
:1050D000000000000000000005000000A999020087
:1050E000060000001DC102000400000045A60200E9
:1050F0003DF9020075F80200000000000000000009
:10510000AF05040000000000DDF80200AB0504005C
:105110003106040000000000000000000000000054
:10512000000000000000000000000000EDB60200DA
:10513000000000000000000000000000000000006F
:10514000E46E040008000000A46B040007000000E7
:10515000F072040006000000BB8C04000000000098
:1051600000000000713B0200153D0200000000003D
:105170005293040000000000000000001D670200C0
:10518000C9690200000000001B9504000100000036
:10519000000000002FD40300000000000000000009
:1051A0002A95040001000000000000004DDA030011
:1051B0000000000000000000229504000100000033
:1051C00000000000B1AA020001B6020000000000C9
:1051D0003695040001000000000000002DD20200FE
:1051E000B9D002000000000030950400010000006A
:1051F0000000000031AE020035AF020000000000E8
:1052000054450400D9F2020000000000C845002007
:105210002C00000000000000000000002804002016
:10522000F44500200800000000000000000000001D
:1052300048040020384800200C0000000000000056
:105240000000000088040020DA5700200100000060
:1052500000000000000000006804002000000000C2
:105260000804002021970300000000000004002033
:105270005F97030000000000F8030020D53802000B
:105280000C5204005C5204002052040068520400D6
:105290003452040074520400FFFFFFFFFFFFFFFFC2
:1052A00000A0105000820D50000405500102082596
:1052B00026270102030328049042BE11B400500BBC
:1052C000EE03010204004C01E80B86040102030313
:1052D00000000028000000200102FFFFFFFFFF0385
:1052E0000F141E28323C50647801020303010100B0
:1052F0000207000102040100010000010100000199
:10530000000100000100010000000102080F141E4E
:1053100028323C5064780000020B000001000B00B2
:1053200002000A00050009000A0008001400070036
:105330001E000600320005004B000400640003005C
:1053400096000200FA000100F401000001020303CC
:1053500002030001F401FA00960064004B003200E1
:105360001E0014000A000500020001000C080217CC
:105370000D010102090901010602091818030101C2
:10538000090983838503020123020224091004040E
:1053900005050B0B040B2B1B1B159A9A1C021D16E3
:1053A000130501490D150508061B1B0F010100001F
:1053B000FEFEFEFEFEFEFEFEFEFEFEFEFEFEFEFE0D
:1053C000FEFEFEFEFE16FEFEFEFEFEFEFEFEFEFEE5
:1053D000FEFE1F1FFE26FEFEFEFEFE30FEFEFE321D
:1053E000FEFE32FEFE35FEFE3E3EFEFEFEFE3B3B78
:1053F00060009006BE022C01D012CE052804904217
:10540000BE1164005006AE027205DA4308130001B3
:105410000202A201B003BE05EE024806A209C405BD
:10542000F40B241226FEFEFEFE2E3630FEFEFE3269
:10543000FEFEFEFEFE35FEFEFEFEFEFEFEFEFEFE55
:105440002E010203030102030301020412FEFEFE09
:10545000FEFEFEFEFEFEFE0303030303030303033F
:10546000030303030303030314FEFE16FEFEFEFE06
:10547000FEFEFEFE23FEFEFEFEFEFEFEFEFEFE2EF7
:10548000363039FEFE32FEFEFEFEFE35FEFEFEFE2C
:10549000FEFEFEFEFEFE2E010203030028049042E3
:1054A000BE117205DA4308132C00D002CE0104406D
:1054B000100028049042BE112C00D002CE01B4008E
:1054C000500BEE0364005006AE02B400500BEE0326
:1054D0000102030328049042BE1128049042BE1129
:1054E0000102030300010202E01700200200000B8A
:1054F00001000000070000000000000000000000A4
:10550000000000000406080A0C0E10121416181CE5
:105510001E20222426282A2C2E30323436383A3CBB
:105520003E40424446484A4C4E021A500000000099
:105530002800000018000000500100005001000089
:1055400000000000F0230000241300001879000080
:10555000E86700001C0C78051437A4380000000030
:105560004006000040060000400600004006000023
:10557000000098086B039C1858020000000000000F
:105580000000000000000000F023000024130000D1
:105590003CF000003CF000000000000048A30000C8
:1055A00014A000003CA5000068A600000000000058
:1055B00000000000000000000000000000004006A5
:1055C0000C03340860090000000000000000000027
:1055D000E3A3C300B80000200200000B4C18002019
:1055E0000200000C4A1800200200000B4A1800209C
:1055F0000100000CB01800200100000C010208FF9F
:105600007F00200018000A800720029801AA80006D
:105610000102030402030404010203040101010264
:105620000101010102030402E4E1D8D2C6C9B4B108
:105630009C93878D6C6378724E4B272D1B1E3639D9
:10564000002060204060800001020005040008087E
:105650000000000000000000000001010101010144
:10566000010101010101020202020202030304041A
:105670000505060607070808090A0B0C0D0E0F1092
:105680001112131415161718191A1B001001000017
:10569000D200000030010000D8000000010000002E
:1056A000E400000002000000EA0000000200000028
:1056B000EC00000003000000EE0000000400000009
:1056C000F000000005000000F200000006000000ED
:1056D000F400000007000000F600000008000000D1
:1056E000F700000009000000F80000000A000000B8
:1056F000F90000000B000000FA0000000D0000009F
:10570000FB0000000F000000FC0000001100000082
:10571000FD00000013000000FE0000001500000066
:10572000FF00000018000000000000001B00000047
:10573000010000001F000000020000002300000024
:105740000300000028000000040000002D000000FD
:1057500005000000330000000600000039000000D2
:10576000070000003F0000000800000000100200D9
:10577000FA00000001030062746C65000000000084
:105780000000000000000000000000000000000019
:105790000000000000000000000000000000000009
:1057A00000000000000000000001000000000000F8
:1057B0000338FDD870470000000000000000000022
:1057C0000338FDD870470000000000000000000012
:1057D0000338FDD870470000010000000000000001
:1057E000050000000000000019000000000000009B
:1057F0007D000000000000007102000000000000B9
:10580000350C000000000000093D00000000000011
:105810002D31010000000000E1F50500000000004E
:1058200065CD1D0000000000F90295000000000099
:10583000DD0EE90200000000514A8D0E000000005C
:105840009573C24800000000E941CC6B01000000E4
:105850008D49FD1A07000000C16FF2862300000089
:10586000C52EBCA2B1000000D9E9AC2D7803000020
:105870003D9160E45811000031D6E275BC5600003D
:10588000F52E6E4DAEB10100C9EA26836778080097
:10589000ED95C28F055A2A00A1EDCCCE1BC2D300D4
:1058A00025A4000A8BCA22040000000000000000AA
:1058B00000000000000000100000000000000000D8
:1058C000B9340332B7F4AD1410DB1AB30892540E96
:1058D0000D307D951447BA1A66088F4D26ADC66DFA
:1058E000F598BF85E2B74511CA96853D92BD1DEB7F
:1058F000FCA11860DCEF52163C92AE220BB8C1B48A
:10590000839D2D5B0562DA1C304C7E8F4E8BB25B23
:1059100016F4529F8B56A512FBD4827643ED8AF083
:105920008FE7F9311565191850F19BD94A13EEB478
:10593000284CF0A686C1251F035FC270CB9E491676
:10594000E642889C44EB2014B0650836AD6EA58510
:1059500085F0CA14E2FD031A0B899979D5B13D0986
:10596000D8DA973A35EBCF10AC363F5E73BB38CF01
:105970003E6752FA44AFBA15010000000000000073
:105980000000000000000020345065C05FC9A6522E
:10599000BB13CBAEC440C21806C8DF7100D5A87CCB
:1059A000F56F0FDA58FC27136E4756357D242065B6
:1059B00002C7E768E48CA41DE9E60268D7CD396127
:1059C0007977FCC2405BEF16798CDE43FFA751F973
:1059D00091F3B278F5BDBE11E857E9D6E8BEE87B91
:1059E000B054AC8F848D751BEA23A499E9F9D38B4D
:1059F000B7A3714061DA3E15CEE33ECB73F9480898
:105A00008C97B427D51B7010A2BFEFB9EB85321568
:105A10004DB44DB49BBB6F1996B6076CF8E7EEAD6D
:105A200036D9B4F59135AE13222218AF4E6A684DBF
:105A300091DAAA3D4F40741E9FBD9EE006A1C0981A
:105A400057C2A7FDA40E90170E7D497173E3208FF6
:105A5000B220D87605143B12853D7434811343B0CF
:105A6000AD297A5F27F4351CA85B0400805A040036
:105A700000000000000000004B00000025030000B3
:105A8000C46104009C61040014610400E860040027
:105A9000C8600400A860040088600400B05F0400CF
:105AA000385F04000C5F04005C6004003C6004008C
:105AB000E05E04001C600400845E04005C6104007D
:105AC00034610400605F0400FC5F0400045E0400B5
:105AD0007C610400885F0400D85F0400B85E0400A5
:105AE0007464040054640400346404001464040006
:105AF000F06304003C63040010630400E8620400E7
:105B00006063040048620400CC630400C0620400C7
:105B1000A8630400986204008463040070620400B7
:105B2000AC680400806804008C6904006C6904009F
:105B300028690400FC6804004C6904005C680400E7
:105B40003868040010680400E0670400BC670400C3
:105B50008C670400546704001C670400E0660400BE
:105B600008660400E0650400BC6504007865040074
:105B7000C0660400886604005C66040034660400A5
:105B80004C65040028650400FC640400C06A04003D
:105B9000946A0400746A0400486A0400146A0400E9
:105BA000AC690400000000000512010000000100C3
:105BB0000911010004000400913801400C0001109B
:105BC000953801400C002110993801400C0001105B
:105BD0009D3801400C000A10A13801400C00011052
:105BE000A53801400C000110A93801400C0001103B
:105BF000AD3801400C002110B13801400C002110DB
:105C0000B53801400C000A10B93801400C001010E2
:105C1000BD3801400C000110C13801400C001010CB
:105C2000C53801400C000110C93801400C001410A7
:105C3000CD3801400C000110D13801400C0021107A
:105C4000D53801400C002110D93801400C0001105A
:105C5000DD3801400C006C10E13801400C000110EF
:105C6000E53801400C002110E93801400C0001101A
:105C7000ED3801400C000210213801400C000130C9
:105C8000253801400C000130293801400C0001305A
:105C90002D3801400C000130313801400C00043037
:105CA000353801400C000130393801400C00B83063
:105CB0003D3801400C000830413801400C000430F0
:105CC000453801400C000830493801400C000430D0
:105CD0004D3801400C000830513801400C000430B0
:105CE000553801400C000830593801400C00043090
:105CF0005D3801400C000830413801400C00F8606C
:105D0000453801400C000C60D13801400C00017096
:105D1000D53801400C000170D93801400C000170E9
:105D2000DD3801400C00E470E13801400C000170E6
:105D3000613801400C000190653801400C00019071
:105D4000693801400C001B906D3801400C00249014
:105D5000713801400C000190753801400C001D9015
:105D6000793801400C0028907D3801400C00E0900B
:105D7000813801400C002A90853801400C000890C1
:105D8000893801400C0002908D3801400C000190D0
:105D9000913801400C001890953801400C0001909A
:105DA000993801400C002C909D3801400C001C904B
:105DB000A13801400C000890A53801400C00039068
:105DC000A93801400C000190AD3801400C0003904F
:105DD000813801400C0006C0853801400C0008C025
:105DE000893801400C0001C08D3801400C0008C00A
:105DF000913801400C001BC0953801400C00D0C008
:105E000000000000205E04001C5E04000000000092
:105E100000000000160000002A0000000000000042
:105E200005170100000021000917010021003100C1
:105E30000C125440281258102C12591030125A10BB
:105E400034125B1038125C103C125D1040125E1070
:105E500044125F10481260104C1261105012621010
:105E600054126310581264105C12651060126610B0
:105E700064126710A0106810A4106910A8106A10AE
:105E800000000000A05E04009C5E04000000000012
:105E900000000000050000000500000000000000F8
:105EA00004100010081404400C11084010140C4099
:105EB0001414104000000000D45E0400D05E040002
:105EC00000000000000000000200000002000000CE
:105ED0000000000004120010081001100000000073
:105EE000005F0400F85E04000000000000000000F5
:105EF0000100000001000000E46104000000000057
:105F00000518014004000C00000000002C5F040094
:105F1000245F0400000000000000000001000000F9
:105F200001000000106204000000000005180120BC
:105F30000200080000000000545F0400505F0400ED
:105F4000000000000000000001000000010000004F
:105F50000000000005170100000021000000000003
:105F60007C5F0400785F0400000000000000000077
:105F70000100000001000000000000000517010002
:105F80000000210000000000A45F0400A05F0400E6
:105F900000000000000000000100000001000000FF
:105FA00000000000051701000000210000000000B3
:105FB000CC5F0400C85F0400000000000000000087
:105FC00001000000010000000000000005170100B2
:105FD0000000210000000000F45F0400F05F0400F6
:105FE00000000000000000000100000001000000AF
:105FF00000000000041200100000000018600400FF
:106000001460040000000000000000000000000018
:1060100000000000000000000000000038600400E4
:1060200034600400000000000000000000000000D8
:1060300000000000000000000000000058600400A4
:106040005460040000000000000000000000000098
:106050000000000000000000000000007C60040060
:106060007460040000000000000000000100000057
:1060700001000000E4610400000000000518014078
:1060800004000C0000000000A4600400A0600400F4
:106090000000000000000000000000000000000000
:1060A0000000000000000000C4600400C0600400A4
:1060B00000000000000000000000000000000000E0
:1060C0000000000000000000E4600400E060040044
:1060D00000000000000000000000000000000000C0
:1060E00000000000000000000861040000610400DE
:1060F000000000000000000001000000010000009E
:1061000010620400000000000518012002000800D1
:1061100000000000306104002C6104000000000059
:10612000000000000000000000000000000000006F
:1061300000000000506104004C61040000000000F9
:10614000000000000100000001000000000000004D
:106150000517010000002100000000007861040024
:106160007461040000000000000000000000000056
:106170000000000000000000000000009861040022
:106180009461040000000000000000000000000016
:10619000000000000000000000000000B8610400E2
:1061A000B4610400000000000000000001000000D5
:1061B00001000000000000000517010000002100A0
:1061C00000000000E0610400DC6104000000000049
:1061D00000000000000000000000000000000000BF
:1061E0000000000000620400FC61040000000000E8
:1061F0000000000003000000030000000000000099
:1062000004110040081104400C1108400000000077
:106210002C6204002862040000000000000000005E
:10622000060000000600000000000000041100103D
:10623000081101100C110210101103101411041098
:10624000181106200000000064620400606204006F
:10625000000000000000000002000000020000003A
:10626000000000000411004008110440000000007C
:106270008C6204008862040000000000000000003E
:1062800002000000020000000000000004110040B5
:106290000814044000000000B4620400B06204006E
:1062A00000000000000000000200000002000000EA
:1062B0000000000004110040081404400000000029
:1062C000DC620400D862040000000000000000004E
:1062D0000200000002000000000000000411004065
:1062E000081404400000000004630400006304007C
:1062F000000000000000000002000000020000009A
:1063000000000000041100400814044000000000D8
:106310003063040028630400000000000000000057
:10632000010000000100000094640400000000006F
:106330000528054004002400000000005863040004
:106340005463040000000000000000000100000091
:106350000100000000000000041000100000000018
:106360007C6304007863040000000000000000006B
:1063700001000000010000000000000004110040C6
:1063800000000000A06304009C6304000000000003
:1063900000000000010000000100000000000000FB
:1063A0000411004000000000C4630400C063040046
:1063B00000000000000000000100000001000000DB
:1063C000000000000411004000000000E863040029
:1063D000E463040000000000000000000100000071
:1063E0000100000000000000041100400000000057
:1063F0000C640400086404000000000000000000B9
:106400000100000001000000000000000411004035
:1064100000000000306404002C6404000000000050
:10642000000000000000000000000000000000006C
:1064300000000000506404004C64040000000000F0
:10644000000000000000000000000000000000004C
:1064500000000000706404006C6404000000000090
:10646000000000000000000000000000000000002C
:1064700000000000906404008C6404000000000030
:10648000000000000000000000000000000000000C
:1064900000000000B8640400AC64040000000000C8
:1064A000000000000300000003000000D0640400AE
:1064B000D0640400000000000411004009180140ED
:1064C00008000C000D18014018000C00000000002E
:1064D000EC640400E8640400000000000000000018
:1064E000030000000300000000000000041400404E
:1064F000081404400C140840000000001865040053
:10650000146504000000000000000000030000000B
:106510000300000000000000041200100812011027
:106520000C120210000000004465040040650400E5
:106530000000000000000000010000000100000059
:106540000000000004120010000000006865040054
:10655000646504000000000000000000030000006B
:1065600003000000000000000412001008120110D7
:106570000C120210000000009465040090650400F5
:1065800000000000000000000900000009000000F9
:106590000000000004120010081201100C11044049
:1065A0001011084014110C40181110401C10141048
:1065B000201015102410161000000000D8650400EB
:1065C000D46504000000000000000000010000008D
:1065D0000100000000000000041200100000000094
:1065E000FC650400F86504000000000000000000E5
:1065F0000200000002000000000000000412001071
:106600000812011000000000246604002066040047
:106610000000000000000000030000000300000074
:106620000000000004120010081201100C110440B8
:1066300000000000506604004C66040000000000EA
:106640000000000002000000020000000000000046
:1066500004120040081004100000000078660400D6
:10666000746604000000000000000000020000004A
:1066700002000000000000000517010000001B00E0
:1066800008101B1000000000A4660400A0660400AF
:1066900000000000000000000500000005000000F0
:1066A000000000000517010000001B0008121C403C
:1066B0000C1020101012244014122840000000007A
:1066C000DC660400D8660400000000000000000042
:1066D00000000000000000000000000000000000BA
:1066E000FC660400F86604000000000000000000E2
:1066F000040000000400000000000000041200106C
:1067000009170100010011000D220D2014000100E5
:106710001122062024000100000000003867040058
:1067200034670400000000000000000004000000C6
:1067300004000000000000000517010000001B001D
:1067400008121C400D1601002000BC001010DC10C7
:1067500000000000706704006C6704000000000087
:10676000000000000500000005000000000000001F
:106770000517010000001B0008121C400C1220101D
:10678000101221101412244000000000A867040019
:10679000A4670400000000000000000003000000E7
:1067A0000300000000000000041200100812011095
:1067B0000D17010002001B0000000000D867040054
:1067C000D467040000000000000000000100000089
:1067D0000100000000000000041200100000000092
:1067E000FC670400F86704000000000000000000DF
:1067F0000300000003000000000000000517010076
:1068000000001B0008121C400C1220400000000079
:106810002C6804002868040000000000000000004C
:106820000100000001000000000000000517010049
:1068300000001B00000000005468040050680400C1
:106840000000000000000000010000000100000046
:10685000000000000412001000000000786804002E
:106860007468040000000000000000000100000047
:1068700001000000000000000412001000000000F1
:106880009C680400986804000000000000000000FC
:1068900003000000030000000000000004120010CC
:1068A000081104400C11081000000000C868040022
:1068B000C4680400000000000000000006000000A2
:1068C00006000000000000000512010000000100A9
:1068D000091601000200CA000D110100CC000400DD
:1068E00011110100D000040015160100D40022008F
:1068F00019110100F60001000000000018690400F1
:106900001469040000000000000000000200000004
:106910000200000000000000051601000000DE007B
:106920000812E040000000004469040040690400CF
:106930000000000000000000010000000100000055
:10694000000000000410001000000000686904004E
:106950006469040000000000000000000000000066
:106960000000000000000000000000008869040032
:106970008469040000000000000000000000000026
:10698000000000000000000000000000A8690400F2
:10699000A4690400000000000000000000000000E6
:1069A000000000000000000000000000CC690400AE
:1069B000C4690400000000000000000006000000A0
:1069C00006000000F069040000000000041200103E
:1069D000081204400D1601000800BC001010C4107D
:1069E0001412C84019180110CD0001000000000069
:1069F0000C6A0400086A04000000000000000000A7
:106A0000010000000100000000000000041200105E
:106A100000000000306A04002C6A0400000000003E
:106A2000000000000400000004000000000000005E
:106A30000412001009170100010018000C121910AF
:106A400010121A1000000000646A0400606A04005A
:106A50000000000000000000020000000200000032
:106A6000000000000412002009220420040001009C
:106A700000000000906A04008C6A0400000000001E
:106A80000000000000000000000000000000000006
:106A900000000000B06A0400AC6A040000000000BE
:106AA00000000000020000000200000000000000E2
:106AB000041200200922042004000100000000004C
:106AC000DC6A0400D86A0400000000000000000036
:106AD0000100000001000000000000000522042069
:106AE0000200010000000000010000006B8A0400A9
:106AF000020000006F8A040004000000788A04008D
:106B000008000000818A040010000000878A040049
:106B100020000000908A040040000000968A0400D3
:106B2000800000009F8A040000010000A68A040083
:106B3000FB960300AD37020000000000D79603006B
:106B40005138020000000000B3960300153802001F
:106B5000000000008F9603001B9603000000000059
:106B600004000000000000000000000000F8000029
:106B7000F4440400010000000000010000200B00AC
:106B8000F44404000200000000200C0000200B0070
:106B9000F4440400030000000040170000900000CF
:106BA000F4440400F889040031D703000000000019
:106BB000F489040000000100F0890400A5DB030053
:106BC00000000000E804002000000100E889040043
:106BD000FFAC0300B7AC0300000000000000090098
:106BE000E4890400A5DB030000000000E0040020AD
:106BF00000000100DC89040083AC030000000000F9
:106C00000000000000000100D8890400A5DB03009B
:106C100000000000D804002000000100D08904001A
:106C20002D520200000000000000000000000100E2
:106C3000E954020000000000000000000000000015
:106C4000EDAE030000000000D1AE030060000020A4
:106C5000000000000600010002000000606C04005B
:106C600000000000DE92040002000000E0CF1700E8
:106C700000000020E692040021000000E0FF032055
:106C8000F00400205D6402000000000099B10300E0
:106C9000846C0400A06C0400FB01000000000000F4
:106CA00064D20120846C0400B46C0400470000002E
:106CB000000000001CFA0120846C0400C86C040071
:106CC00002010000000000003CFB01200E03000058
:106CD000F97702000F040000F57802001A010000A5
:106CE00043B6030005040000ED6C02001301000030
:106CF00029B803003E010000B96E02000112000035
:106D0000C1B803000A1E0000C3B80300FF01000061
:106D1000916D02003E010000B16D0200050400000B
:106D2000CDB6030008040000C5B90300300300001D
:106D30005FB9030010010000F5B603000112000066
:106D4000917702000A1E00000FBB03000309000038
:106D500035B70300040B0000AFB70300060A0000BC
:106D6000E3BB0300070A0000FDB603000C050000AA
:106D7000E7B80300050C00001BBB03001205000070
:106D80001987020013080000CDC10300846C0400C1
:106D90009C6D0400030100000000000058FC01206D
:106DA000846C0400B06D04000000000000000000CE
:106DB00090FE0120846C0400C46D040000010000FA
:106DC00000000000E0FE0120DBC503002DC603002B
:106DD000000000000000000000000000D7C7030012
:106DE00000000000000000000000000000000000A3
:106DF0000202010073CC030004040100599E02004A
:106E000006060100B5A002000804010075A10200F9
:106E10000A0201005BCC03000C04010043CC030018
:106E20000E040100559F020020040100E99F0200AA
:106E30001004010089A202001202010005CD030026
:106E40001E000400D1D20300520200002BCD03002B
:106E500001040200D1A902000302020067D203006C
:106E60000501020099D2030007040200A9D2030021
:106E700009010200ADD203000B000200B1D20300F1
:106E80000D000200B5D203000F000200B9D20300CA
:106E900021020200BDD2030011010200C1D2030091
:106EA00013000200C5D2030017040200C9D2030078
:106EB00019000200CDD203001B02030089C90300A0
:106EC0001D020500C5C903002304030077C90300A0
:106ED000846C0400E06E0400020100000000000069
:106EE000700A0220288A040031D703000000000045
:106EF000248A040000000100208A0400A5DB0300AE
:106F000000000000B806002000000100188A0400FC
:106F10000000000000000000000000000000000071
:106F2000148A040003D70300C1B00200C006002089
:106F300000000300108A0400A5DB0300000000002D
:106F4000B006002000000100088A040069D7030091
:106F50007FD903000000000000000300048A040041
:106F6000A5DB030000000000A806002000000100CF
:106F7000FC8904000DB502000000000000000000C4
:106F80000000010009C9020015E8030001CE02005B
:106F9000000000000000000061CC020000000000C2
:106FA00000000000000000000000000000000000E1
:106FB000000000001DC702000600000021E50300DC
:106FC00006000000C1E4030010000000E9C2020056
:106FD00010000000CBE7030001000000C9E103003E
:106FE000100000001DE503000A0000008BE2030012
:106FF00010000000E5CC02000700000025E50300BA
:107000001000000067E20300010000001DC602003E
:107010004000000065E40300100000007FE2030070
:107020000100000049D8020019D802000000000049
:107030009DD902001DD90200A7EC0300A3EC0300B8
:107040001000000001FF00007D01000000100000A2
:1070500000A0105000820D50000405507F00000079
:1070600000A01050000500200000000000000000FB
:10707000FFFF010000820D50780500200000000095
:1070800001000000FF0700000004055000000000A0
:1070900000000000020000000900000000001A00CB
:1070A0000A0000000000160000700C50B4700400CC
:1070B00002000000CC70040002000000C470040054
:1070C000020100002C80000C2B80000B2C00000C17
:1070D0002B00000B1E00000001000000EC700400FB
:1070E000482B002081E1020000000000344404002D
:1070F0000000110002000000030000000071040005
:1071000094450400000000009445040001000000C4
:1071100094450400020000000600000020710400F5
:107120007444040008000100744404000A000100D3
:10713000744404000900010034440400020001000A
:1071400034440400040001007444040007000100FA
:1071500000A0105000820D5000040550144504009A
:107160001D000000D5E602000000000164000101DE
:10717000640001010000030080000002640064005C
:10718000D5F90300B7F90300E3F90300F3F90300AD
:10719000000024F40000127A0000093D0080841EE3
:1071A000FF583E0F548C93070090D0031038EC0129
:1071B0009062F40000127A0000093D0080841E00F5
:1071C00040420F0020A1070090D0030048E80100D2
:1071D000FFFFFF7FFFFFFF7FFFFFFF7FFFFFFF7FBF
:1071E000FFFFFF7FEA51B87EFFFFFF7F21DBF97EC3
:1071F000FFFFFF7FFFFFFF7FC776BE7FF4285C7F26
:10720000FFFFFF7FEA51B87EFFFFFF7FFFFFFF7F99
:1072100014450400760000001C720400A3FA030069
:10722000B7FA0300FBFA03003445040000127A00A9
:1072300000010000544404000700010000000000A9
:10724000010000000000000074720400607204007D
:10725000544404000400000000000000000000008E
:10726000D3950400739A0400480100000000000058
:1072700000000000B9FD030057FD0300DDFD030021
:10728000A5FD0300CB000400A8720400C90104009E
:10729000DC7204008E5900208659002000127A000A
:1072A000FFFF00010100000000800C50B4720400D8
:1072B00002000000D072040003000000C472040049
:1072C00003010000288000042680000525800006B8
:1072D0002800000426000005250000065444040090
:1072E0000700010000A0105000820D50000405505E
:1072F000508A040031D7030000000000FF9B040007
:10730000000001004C8A0400A5DB0300000000001F
:107310002009002000000100DD9B040000000000A7
:10732000000000000000000000001000488A040077
:1073300003D70300C1B00200385100200000300024
:10734000448A0400A5DB03000000000018090020A7
:1073500000000100BB9B04000000000011F80200C7
:107360000000000000003000010100002D0A002094
:10737000C9050300150704004307040001000000CD
:107380000200000000A0105000820D5000040550C3
:1073900008000000020000000400000001000000DE
:1073A00000A0105000820D500004055000A01050A5
:1073B00000820D500004055000A0105000820D50B6
:1073C0000004055004430400144304006443040013
:1073D0006C4304000444040014440400D0980400E6
:1073E00000010000000000000D3F040000388A404A
:1073F0008F409440A140A640AC401548CB40AE40E1
:10740000A3400038003800380038CE40ED409D41A0
:1074100049415641324137413C414141B941BE4168
:10742000D7410E42FA418D411B42804162426A427D
:10743000774274436E4366437F432E4824460038A8
:10744000003800380038AF48D548F34863457D45DB
:1074500085439D45A845BB45E345ED45CF45FC45E6
:1074600015468C466E4695468E46003800380038E4
:10747000284200380038003800380038003800381A
:1074800000380038003800380038003819491949E8
:1074900019491949194919491949194919491949DC
:1074A000003800380038003800380038003800381C
:1074B000003800380038003800380038003800380C
:1074C00000380038003800380038003800380038FC
:1074D00000380038003800380038003800380038EC
:1074E0000038003800380038003800388C0900387F
:1074F000FFFFFF000000000010270081878A001AAC
:107500007B627AA678797A8D00307B627AA7787967
:107510007A8D003078207B6279217A220C10865097
:1075200082A2808182A28287828D001A003072201E
:1075300095407AAC797B003078247B627AA8847994
:107540007A8D00307224A7407B2479257A268562C3
:1075500086A87284868D11A68584116286A7858689
:1075600084208621862286509A5086A6867286A816
:107570008685868D8462868D781086A67270001A44
:1075800000307ABB7879003000830030001C001C8A
:10759000001C001C001B7C22001D1310D040001A90
:1075A000001C001C001C001B7C22001D001B7C22F8
:1075B000001D1310DA40001A000C016A3427001A6B
:1075C000006E1027001A7B62782479257A260C1029
:1075D00086500E1022590E101A59848FC50811B802
:1075E00085850410295911A284871AA2111111202E
:1075F000071890A2801A9020001919A272871AA663
:107600001970001B7C201AA21A8013100B410E1057
:107610001D590410335986A21A72868D001A003043
:10762000870811B8858211A284871AA2111111202E
:10763000031890A2801A9020001915A281871AA21F
:1076400015151520031890A2801A902000190741E3
:107650008650052408250426F54086500424062576
:107660000526F54086500C2406250B26F54086504D
:107670000B2408251A26F55000AB0C1A00300DA774
:1076800002720AAC060D0EA703720BAC060E026264
:107690000CA872030C8D00307DBB0203048F05A67D
:1076A000707003628650042072210E229A5000707E
:1076B000108A0E240B250E26F350027286500420E9
:1076C00072210D229A5002721027108A0D240A2569
:1076D0000D26F35005A70D0E05200C2105229A500A
:1076E000007005BB030505A60E050030026286503A
:1076F000042072210D229A500070108A0D240A2550
:107700000D26F35000300DA70D0E05A67070027205
:1077100086500C200D2105229A50007005BB0305F0
:1077200005A60E05003002620DA7027203620EA7C5
:10773000037201BB0D0E00BB02030D200E2180223F
:1077400082AC8081812082213910A941006201A888
:107750000180018D012408250626B1500030032444
:10776000062508268650F340032405250A26865060
:10777000F350026286500A2072210A229A50381071
:10778000003906200A210B229A500BA60B0C0BA8DD
:107790000B050B8D38100039003002620A8E0A8FFB
:1077A0000B8E0B8F072787500EA8720B0C200E2113
:1077B0000D229A500A200E210E229A500062865005
:1077C00003240D251A2608210E221A510262008177
:1077D00007271A2072211A229A5000AB0A1A003089
:1077E00086500DBB08060DA6040D032406250E26A3
:1077F000F3500E2007210E229A500EA7050E0E8D73
:107800000E240D250B26F34086500A2408250D264C
:10781000F35002200D210E229A500E240C250B2627
:10782000F340865007200A210D229A5003240C258C
:107830000E26F35005A60D0E058D0030865001A7CB
:1078400000720AB9010006240A250426F55077A71C
:10785000047238100030011877A704013810003086
:107860000420042104229A5077A704723810003CA7
:10787000001977A704013910003C0030A0A2721053
:10788000685380A2811090A29110021096530810A4
:107890005B541410FB5439108134001A000C8650CC
:1078A00033A2041002102D440810D74414105B4575
:1078B00058522620782148522621001C7A20CC429A
:1078C00058522620782148521D2079214A522620DC
:1078D00026211D22001E7A20CC4258527824792578
:1078E0007D527A20CC421120842148521120101060
:1078F0007A590E10364901218526006886AC86012A
:107900002EA67070C1522E2236102C2235A78682E8
:10791000006CC80811B83581EA5026201121001CDE
:10792000262002101254112126220718B12002101D
:1079300015540810C7541410515580210019E352F2
:1079400026202621D0501122BC520068C152006C62
:107950002320361026201B220318001E8021001928
:107960002621001A001B0B102320001F001A2CBA1E
:1079700073742CBA2C2C2CA72C742DA7018677A7F6
:107980002D2C001AA122DC5202108D5308105454E1
:107990001410F65480A2807290A29072808D908D07
:1079A000001A003082A2821082A2827282A8108203
:1079B000001A2C2013211622071880A28182802110
:1079C0009020B22200193222DC5229A2322828A2A9
:1079D000323131A2292525A2293030A2312222A21A
:1079E000312F2FA2301F1FA2302E2EA22F1C1CA21F
:1079F0002F2D2DA22E1919A22E2C2CA22D1616A237
:107A00002D132FA6117030A6127031A6137013A675
:107A10002C7011201121081802108D530810545495
:107A20001410F654A020B121001926A62F7027A605
:107A3000307028A63170001A1120842148521D2070
:107A4000822148528A0811B88583142011211122FD
:107A5000001C05188024B1208421001E001920205C
:107A60001D211D22001C05188024B1208421001E28
:107A70000019E352262026211922001EDA50112275
:107A8000BC5219222620BC5277A22872F81082100C
:107A900077A7850177108620CC4285A6850183A62D
:107AA000830183A6830113A272101DA619701EA65E
:107AB0001A701FA613702C43585278210810E04406
:107AC000818F918F001A003077A701003810013A9A
:107AD000001A00305852042168530210395408101B
:107AE000F0543810053A001A0030585226207821F8
:107AF0004A52001A00305852151075536E53262002
:107B000002214A5200302DA2A1A12EA2A12D80A2B5
:107B1000812D90A2912E001A2FA205102EA28080F6
:107B20002CA280332EA22E802DA290902EA62E2C39
:107B30002EA62F2E2CA72D2E2CA22C722C8D001AA7
:107B400030A691912CA681812DA230911A10E2438A
:107B500031A2A1A11810C5432EA2818131A23131D9
:107B60002CA22C2D31A231332FBA2E742EA62F31F8
:107B700031A62C2CD1432EA681312FA781312CA2E6
:107B80002C2D2EA22E2F31A62C2C2EBA2E742DA2E7
:107B90002D2D2FA22E2E2DA62D2D80A72F3131A7D2
:107BA0002C80A0A230A12FA22E3190A72F2D001A39
:107BB0002EA281812CA22C2DCD4331A67092ED43B3
:107BC00031A77092ED4330A2A1A12FA231A131A221
:107BD00030822FA22F3031A731812FA72F9130A2D1
:107BE0003131A0A231A12CA2813030A231302EA699
:107BF0002C2C31A22F2F2EA6302E80A7312E2CA771
:107C00002C802EA2913031A22F2C90A7312E001A59
:107C1000B0A2A0A0001A2EA670921B442EA77092AC
:107C20001B442DA2A2B231A2A1A12CA281B22FA2EB
:107C3000A13131A282312DA2912D2FA22E2F2EA261
:107C4000A1A22C21F543AAC3E7D3EAE32CA604742E
:107C500077A72C00381477A604707814001A2DA288
:107C600005102EA633332FA62D2D2EA22E2E2FA695
:107C70002F2D2EA22E332FA22F2F30A62F2F2EA640
:107C80002E2F2FA62E3077A22F72001A90A7709059
:107C9000908D001A2DA2A1A180A281A190A2912D68
:107CA000001A2FA205102EA280802CA280332EA2B3
:107CB0002E802CA22C802DA2909030A280902EA6F7
:107CC0002E2C2DA62D302EA62F2E2CA72D2E001AB1
:107CD0002CA281A12DA281812EA62D912DA22D2D28
:107CE000A0A22C2C2CA22C2E2EA22E2E18108544B5
:107CF0002FA2A03387442FBAA0042EA62E2C80A634
:107D00002E2F2CA6A02C2DA22DA02CA22C8090A62C
:107D10002C2D001A702398448223984431A6839214
:107D20002FA282A130A2A1A130A2313031A2818143
:107D300032A22F2F29A6313231A63191A0A229A13A
:107D400031A22F312EA6812F32A630322FA69130AC
:107D500032A281322FA22F2E2CA2812F2DA2299167
:107D600080A632312CA62C2D32A62FA031A22C2990
:107D700029A2328090A63129001A30A2A1A12DA2F9
:107D8000A2A22CA281A22FA282A12DA2912D30A26B
:107D900092302EA2A1A22C21A04472C494D496E4C5
:107DA000006877A772043714006C001A2DA272873E
:107DB0002CA22D8177A7812C391081362CA22D91F0
:107DC00077A7912C39109136001A003077A60570EC
:107DD000001A90A68090001A80A281A190A291A181
:107DE000001A31A272102CA280802DA290902EA693
:107DF0002C2D2FA22C2D2FA2332F2FA62F312EA7C3
:107E00002E2F2E8D001A2CA6819130A281812DA2B9
:107E100091912EA2A1A12CA22C2C2EA62E2E2FA603
:107E2000302D2DA7302D2CA72C2F2EA72F2E90A232
:107E30002D2F80A22C2EA0A22E2F001A2EA67082EB
:107E40002E452EA770822E452FA2A1922EA2A12EE2
:107E500030A2819131A22E2F32A6912E2EA7812EF3
:107E60002CA6812F2FA6912F32A22C322CA22E2F9E
:107E70002EA630312FA7303130A72C2F31A7322E2C
:107E800080A22E3090A22F31A0A23031001A2CA255
:107E9000A2812DA2A2912FA2A1922EA2A1822C2179
:107EA00032450DC528D52BE5001A80A77080808D3E
:107EB000001A5852022407257D522620CC52E65043
:107EC0008750262072210A229A5038100039062045
:107ED0000A210B229A500BA60C0B0BA80B070B8D3B
:107EE000381000390030E65087500A8E0A8F0B8E0A
:107EF0000B8F0DA8720B0C200D2135229A500A20F1
:107F00002B229A50EA50585208222B23022435255E
:107F100026262653E6500081262072212C229A50D4
:107F200000AB0A2C0030E6502BA872062B8DEA50CD
:107F3000585202242B257D520820CC42000C0064AC
:107F400035A60A0CE65087503520722135229A500A
:107F50000BA7073506200B210B229A503810003949
:107F60000030000C006435A60A0CE65087500B8FD9
:107F70003520722135229A50EA50585208220B239C
:107F8000022435250D2626530030585226200B2179
:107F900048521D2006214A52262026211D22001E5D
:107FA0001D2008214A52262026211D22001E0D20B8
:107FB000CC42E65087500B200C210A229A5082A70F
:107FC0000882828D0030585208220C2378240A251A
:107FD0002626265300682620062100AB818000ABB0
:107FE0009190003058520620021050540810F3545B
:107FF00014105F5506240B257D521D2008214A527E
:10800000262026211D22001E1120CC5211240A25D3
:108010007D520D20CC42E65087500A200D212B22A4
:108020009A50EA50CF550BA62B700D240B257D528C
:108030000820CC428650000800B8797917A7017350
:10804000179E179E0BA2781017A217100C200E2255
:1080500080A60B7090A2721082A6907092A670708B
:1080600068460E227AA882927A8D00300E210C2268
:1080700011A6819112A7819113A2111114A21212BB
:1080800015A6829216A7829215A2151216A2111693
:1080900011A7131481A2131412A2171114A61516F6
:1080A00015A7151682A2141416A2151513A61312DD
:1080B00092A2160B91A2111312103B46001B0A103C
:1080C00040460C210E22424606217A5608217C5653
:1080D00036A2060B36A236870AA608360A8D00306D
:1080E000E650875091A2918736A2768736A29136C4
:1080F00081A2818781A6368181A28172818D91A61C
:108100007070001A02248F46062408217A56EA501D
:108110001410C447F34606217A560A8FEA50141009
:10812000C9471C4735A2811034A2911031A23535C0
:1081300036A2343433A2041035A2313634A2721080
:1081400033A2333531A7363136A6343331A7313631
:10815000318D39108134001A31A2911036A20410E9
:1081600031A2313133A2721036A2363131A7313308
:1081700036A6363333A2363633A2333634A23333FF
:1081800035A2343635A2353134A2313335A23572B9
:10819000358D33A7007333A73374339E339E339EDC
:1081A000352433253526F55035A2351034A2343523
:1081B00033A2343433A2333633A63331338D7220B5
:1081C0003810052081A23480818D7D1081A7008127
:1081D000001A000C8650D00811B8080132A2041011
:1081E00032A6323284210C20A5570C212D2088572D
:1081F0001120AE57071880222D21C0205D57802105
:10820000AE5700190C210C2088C75DD768E7D05005
:10821000112217570A20B9570030001B0C200B10F1
:108220002D206847000C86500821B6569C5632A275
:10823000041032A63232920811B80A0602210C202C
:10824000A5570C212D2088571120AE5703188022E6
:108250002D21C0205D578021AE5700190821212013
:10826000A55721212D2088572120AE5703188022A1
:108270002D21C0205D578021AE5700190C212122ED
:108280000C205D5788C75DD768E7DA501122175771
:10829000212217570C20B95777A680703E1000395D
:1082A00000AB0B90003031A6918136A7918131A2AD
:1082B000318236A2369233A670B2734731A69181CD
:1082C00036A7918131A2319236A2368233A770B29D
:1082D000734734A2A1A233A2B13335A6313631A7F8
:1082E000313636A7343333A6343380A2313690A2E8
:1082F0003533A0A23633B0A23531001A31A69181B0
:1083000036A7918134A2313133A2313631A2A1B1E5
:1083100036A2A1A131A6313136A6363636A736337C
:1083200034A7343180A23136A0A2363390A2333440
:10833000B0A23134001A80A2811090A29110A0A2A4
:108340007210B0A28090001A31A6918190A79181FD
:1083500080A63170A0A6A1A1B0A2B132001A35A2A8
:10836000721035A835A180A2813590A29135808DFB
:10837000908D001A082558527D520A20CC4258523E
:108380000821DB5708205F550822062302240A250E
:108390002626265377A626703E100B3900AB0B27F6
:1083A0000030918F2CA291872DA272872CA22C2CA9
:1083B0002EA72C2D2CA22C332CA72C2D2DA22E2E0B
:1083C0002FA22E2C2DA22D2F2FA22F2F2FA22D2FFB
:1083D0002FA22F722F8D30A70074309E309E2F2435
:1083E00030252F26F5502FA22F872DA22F2D2FA21B
:1083F0002D2D2FA22F2C2FA72F2E2F8D39109134FA
:1084000081A22D72818D7C1081A7008177A78100C8
:1084100037109134001A000C7B62865078231BA61B
:108420007D721B9E341043481B9E83241B257A2695
:10843000F5507A207A211B229A501BA71B831B8D93
:108440003910003D001A00305852782078211C2243
:108450009A501CA61C041C209A501CA61C051C8D9E
:108460001C23195877A67A703D1000307AA7007A3D
:1084700000301DA77D721EA61D701E9E83241E2522
:108480007A26F550381000301EA77A723910003D58
:108490001FA283101DB91D0020A6757021A27210A5
:1084A00022A6212122239E5824A6287025A6757075
:1084B000A85823A72821238D39106B4822A62221F2
:1084C0005C481DA71D721D9E1F239E5826A21F28B3
:1084D00027A2262828A72721288D381099482AA6C0
:1084E000727029A2272728A72921288D38108748AC
:1084F00029A229292AA62A727D481EA7202A28A651
:10850000247025A61E70A8582BA6287024A22B2BF9
:1085100020A62A7026A22B2627A2272474487AA2F6
:1085200026727A8D001A003023A28372238D2324B1
:108530001D252326F55028A22310001A25A72572F1
:108540003810001A28A22828A848061000385852C7
:10855000022407257D522620CC5200680AA60C80F2
:108560000AAC0A01381000392AA67206E6502BA878
:10857000722A2AAC2B0187500A2006212B229A50FE
:108580002BA7072B2BAC2B012A202B210B229A5037
:1085900038100039003006100038E65087500A8E37
:1085A0000A8F0B8E0B8F2AA60A0B2AAC2A013810D1
:1085B0000039EA50585208222A2302240B25232688
:1085C0002653E6502AA60C232AAC2A0100AB0A2A1D
:1085D0000030061000385852E65087502AAC0D0F74
:1085E0002AA62A0F2A2007212A229A502AA6062ADA
:1085F0002AAC2A012BAC0A0F2BA62B0F2B202A21E9
:108600002B229A502BBB2B0C2ABB2A0CEA50585217
:1086100008222A230A242B250D2626530030003851
:1086200085A9010F001A11BA010F85A78511001A3B
:10863000007001A67070007001A77D72001A0070B2
:1086400009A67070007009BB7D0F7D210962008151
:10865000001A81620081001A0F210F260068868EA1
:10866000C15236108636006C0210505903108752E2
:1086700011A6267012A6277013A62870E65036A8F9
:10868000850F368D01213626EA508742900811B8B1
:10869000868615D418E4112012541D201121001CC7
:1086A000125411211D220318C120001E12548021D2
:1086B000001926A6117027A6127028A6137026206E
:1086C0002621001C001C001C001B7C22001D2621F2
:1086D00013106B491122BC522621E7D3EAE3001A9A
:1086E00000680F8E006C2CA20F108759021087595A
:1086F000A0A2A02C15108959001A80A2802C90A24B
:10870000902C001AFA1ED65F000101000002020040
:1087100000140000002800000040000001000000DC
:10872000020000000F000000100000001000000018
:10873000200000001000000010000000408704002E
:1087400011000000112800001108000001000000C5
:10875000548704000000000000000000000000003A
:10876000000000000000000030000000C000000019
:108770001800000031000000000000003000000080
:10878000E00000001C0000003900000000000000B4
:108790003000000000010000200000004100000047
:1087A0000000000030000000400100002800000030
:1087B00051000000000000003000000080010000B7
:1087C00030000000610000000000000030000000E8
:1087D00000020000400000008100000000000000D6
:1087E00017000000C0000000180000003100000069
:1087F0000000000017000000E10000001D00000064
:108800003B00000000000000170000000001000015
:1088100020000000410000000000000012000000E5
:10882000C00000001800000031000000010000003E
:1088300012000000E00000001C00000039000000F1
:1088400001000000120000000001000020000000F4
:108850004100000001000000120000004001000083
:10886000280000005100000001000000120000007C
:1088700080010000300000006100000001000000E5
:108880001200000009020000420000008500000004
:108890000100000041000000FF0000002000000077
:1088A000200000000000000041000000C0010000A6
:1088B0003800000038000000000000004200000006
:1088C000FF00000020000000200000000000000069
:1088D00042000000C0010000390000003900000023
:1088E0000000000000001000200000004C9C04006C
:1088F000C0000000F88804002600001000000000FE
:10890000003000000C00000000000000108904008E
:1089100022000010000C0000003100000C000000DC
:108920000000000300000000000000000000000044
:1089300000000000000000409559695955555455F4
:10894000155555560405154110545540455155448B
:108950004045504450555545004000404004449621
:10896000655556554540455451411540559155550D
:1089700055554051050100005445545445550504D2
:10898000001004101404400000000140555515412A
:108990005404000044000100000000404100004475
:1089A00050444550540055555455655100400040C1
:1089B00001000001000501001154515154555505A5
:1089C00000154150000004401001040500000000A3
:1089D0000000042A0000042A000003280000012AE5
:1089E0000000012A000003280000002A0000002ADD
:1089F00000000328000000180000002800002A2BB7
:108A000000002A2B000003280000292B0000292B3E
:108A100000000328000002290000052A0000052AA2
:108A20000000032800000118000000284001A000F9
:108A30005000280014000A00010003000C000C0084
:108A40000000900100000328000002290000032814
:108A50000000002810002DE15D29410B8D77679CF7
:108A6000110F1F8A2B00257325730070696E007328
:108A70006F6674776172650062726F776E6F75747E
:108A800000706F776572007761746368646F670068
:108A900064656275670073656375726974790077E0
:108AA000616B657570006C6F636B757000536574F6
:108AB00074696E677320696E697469616C697A6143
:108AC00074696F6E206661696C6564004C4544731F
:108AD00020696E697469616C697A6174696F6E206E
:108AE0006661696C656400427574746F6E20696EAE
:108AF000697469616C697A6174696F6E2066616915
:108B00006C6564004D6F74696F6E2073656E736F72
:108B10007220696E697469616C697A6174696F6EDB
:108B2000206661696C656400456E7669726F6E6D72
:108B3000656E742073656E736F7220696E697469F7
:108B4000616C697A6174696F6E206661696C6564D5
:108B5000005761746368646F6720696E6974696146
:108B60006C697A6174696F6E206661696C65640016
:108B70004C4544207365727669636520696E69743B
:108B800069616C697A6174696F6E206661696C6590
:108B900064004D6F74696F6E2073657276696365EA
:108BA00020696E697469616C697A6174696F6E209D
:108BB0006661696C656400426C7565746F6F74689A
:108BC00020696E697469616C697A6174696F6E207D
:108BD0006661696C656400446576696365206D6FE4
:108BE00064756C6520696E697469616C697A617419
:108BF000696F6E206661696C65640053656E736FA2
:108C00007273206D6F64756C6520696E697469613B
:108C10006C697A6174696F6E206661696C65640065
:108C200044657669636520757064617465206D6F55
:108C300064756C6520696E697469616C697A6174C8
:108C4000696F6E206661696C656400576174636862
:108C5000646F67207365747570206661696C656404
:108C6000006465766963652F756172740061707068
:108C70006C69636174696F6E2F6465766963652FD3
:108C800073657269616C007075626C696300303085
:108C90003A30303A30303A30303A30303A303000D2
:108CA00046463A46463A46463A46463A46463A46A0
:108CB00046003030303030303030006170706C69D8
:108CC000636174696F6E006170706C69636174696F
:108CD0006F6E2F6465766963652F6D616300454D26
:108CE0004245444F580025732E257300312E302EF7
:108CF00032370072616E646F6D007075626C69630B
:108D00002D69640072616E646F6D2D696400307846
:108D10002530327800253032583A253032583A25FD
:108D20003032583A253032583A253032583A2530C8
:108D300032582028257329006C65645F7468726559
:108D400061645F6964006E726635346C31357461DC
:108D5000672F6E726635346C31352F6370756170B4
:108D600070006E524635344C3135205461670069CD
:108D70006D755F736572766963655F74687265614E
:108D8000645F6964004661696C656420746F207279
:108D900065626F6F743A207370696E6E696E6720DA
:108DA000656E646C6573736C792E2E2E0A002A2A08
:108DB0002A20426F6F74696E6720454D42496F5497
:108DC0002028627920454D4245444F58204C41426D
:108DD00053204C74642E292076312E302E32372DBC
:108DE000323362326666386339336639202A2A2A7A
:108DF0000A002A2A2A205573696E67206E5246207F
:108E0000436F6E6E6563742053444B2076332E346B
:108E10002E312D6232306638363139626139612047
:108E20002A2A2A0A002A2A2A205573696E67205A9C
:108E30006570687972204F532076342E342E322D8F
:108E4000333366613661376161633661202A2A2ACD
:108E50000A0072302F61313A20203078253038787E
:108E6000202072312F61323A202030782530387836
:108E7000202072322F61333A202030782530387824
:108E80000A0072332F61343A202030782530387848
:108E9000207231322F69703A2020307825303878AE
:108EA000207231342F6C723A202030782530387897
:108EB0000A0020787073723A202030782530387894
:108EC0000A00735B2532645D3A2020307825303803
:108ED000782020735B2532645D3A2020307825307D
:108EE00038782020735B2532645D3A202030782565
:108EF0003038782020735B2532645D3A202030784A
:108F0000253038780A0066707363723A2020307812
:108F1000253038780A004661756C74696E6720697F
:108F20006E737472756374696F6E206164647265C8
:108F3000737320287231352F7063293A20307825D9
:108F40003038780A00556E68616E646C656420493B
:108F500052516E3A2025640A002A2A2A2A2A2055CC
:108F600053414745204641554C54202A2A2A2A2A53
:108F70000A0020204469766973696F6E2062792047
:108F80007A65726F0A002020556E616C69676E65A4
:108F900064206D656D6F7279206163636573730A18
:108FA000002020537461636B206F766572666C6F6E
:108FB000772028636F6E7465787420617265612014
:108FC0006E6F742076616C6964290A0020204E6FF0
:108FD00020636F70726F636573736F7220696E7355
:108FE0007472756374696F6E730A002020496C6C2B
:108FF0006567616C206C6F6164206F662045584323
:109000005F52455455524E20696E746F2050430A8A
:10901000002020496C6C6567616C20757365206F5A
:10902000662074686520455053520A002020417420
:1090300074656D707420746F2065786563757465F0
:1090400020756E646566696E656420696E737472FE
:10905000756374696F6E0A002A2A2A2A2A204255EB
:1090600053204641554C54202A2A2A2A2A0A0020F5
:1090700020537461636B696E67206572726F720A48
:10908000002020556E737461636B696E6720657292
:10909000726F720A002020507265636973652064E4
:1090A00061746120627573206572726F720A0020AC
:1090B000204246415220416464726573733A203005
:1090C0007825780A002020496D70726563697365A0
:1090D000206461746120627573206572726F720A18
:1090E000002020496E737472756374696F6E20621C
:1090F0007573206572726F720A002020466C6F6172
:1091000074696E672D706F696E74206C617A792056
:1091100073746174652070726573657276617469C9
:109120006F6E206572726F720A002A2A2A2A2A201C
:109130004D5055204641554C54202A2A2A2A2A0AA5
:10914000002020537461636B696E67206572726FD3
:10915000722028636F6E7465787420617265612077
:109160006D69676874206265206E6F742076616C2B
:109170006964290A002020446174612041636365A9
:1091800073732056696F6C6174696F6E0A002020DA
:109190004D4D46415220416464726573733A2030EC
:1091A0007825780A002020496E737472756374699B
:1091B0006F6E204163636573732056696F6C6174D1
:1091C000696F6E0A00526573657276656420457832
:1091D00063657074696F6E20280053707572696FD3
:1091E000757320696E7465727275707420284952A7
:1091F000512000535053454C20696E2074687265AD
:109200006164206D6F646520646F6573206E6F7498
:1092100020696E646963617465205053500A002AA6
:109220002A2A2A2A2048415244204641554C54209B
:109230002A2A2A2A2A0A002020427573206661758C
:109240006C74206F6E20766563746F722074616237
:109250006C6520726561640A002020446562756750
:10926000206576656E740A0020204661756C742056
:10927000657363616C6174696F6E20287365652026
:1092800062656C6F77290A00415243485F45584335
:10929000455054207769746820726561736F6E2041
:1092A00025780A0A002A2A2A2A2A20446562756734
:1092B000206D6F6E69746F72206578636570746974
:1092C0006F6E202A2A2A2A2A0A002A2A2A2A2A20D3
:1092D000257320256429202A2A2A2A2A0A00464C96
:1092E0004153485F30005352414D5F30006578690B
:1092F000740061626F727428290A006E616D6500E6
:1093000062742F25732F253032782530327825303E
:10931000327825303278253032782530327825750C
:109320002F25730062742F25732F25303278253056
:109330003278253032782530327825303278253031
:10934000327825750062742F2573005A657068792C
:1093500072006274004254204C572057510028700C
:1093600075626C696329002872616E646F6D2900F3
:10937000287075626C69632D696429002872616EBA
:10938000646F6D2D696429006863695F72785F702E
:109390006F6F6C006469736361726461626C655FB6
:1093A000706F6F6C0073796E635F6576745F706F5A
:1093B0006F6C00574553545F544F504449522F7AB5
:1093C00065706879722F7375627379732F626C752B
:1093D00065746F6F74682F686F73742F6863695F4B
:1093E000636F72652E630062745F6863695F6576A0
:1093F000745F6765745F666C616773286864722D5B
:109400003E657674292026202831554C203C3C208E
:109410002831292900415353455254494F4E204683
:1094200041494C205B25735D20402025733A25641B
:109430000A006576745F666C6167732026202831A8
:10944000554C203C3C202830292900657272203D73
:109450003D20300009436F6E74726F6C6C65722032
:10946000756E726573706F6E736976652C20636FAD
:109470006D6D616E64206F70636F64652030782558
:109480003034782074696D656F75742077697468FD
:10949000206572722025640A0042542052582057D9
:1094A000510062756600312E306200312E3100317C
:1094B0002E3200322E3000322E3100332E30003466
:1094C0002E3000342E3100342E3200352E3000354F
:1094D0002E3100352E3200352E3300352E34003635
:1094E0002E3000362E3100362E3200362E330068F4
:1094F00063695F636D645F706F6F6C006672616754
:109500006D656E74730061636C5F74785F706F6F0C
:109510006C006174745F706F6F6C0062742F6363B2
:10952000630062742F686173680062742F63660061
:1095300062742F73630062742F6B65797300696EB8
:1095400070757400636C6F636B4031306530303020
:10955000007073612D726E67007272616D2D636FA2
:109560006E74726F6C6C65724035303034623030BE
:1095700030006770696F40313061303030006770A3
:10958000696F406438323030006770696F40353041
:1095900034303000693263406337303030006275F8
:1095A00074746F6E73007267625F6C65645F310024
:1095B0006C656473006164786C33363740316400E5
:1095C000626D6536383840373600626D6932373043
:1095D0004030006D61785F6669666F007370694046
:1095E0006338303030007761746368646F6740318E
:1095F000303930303000253032583A253032583A40
:10960000253032583A253032583A253032583A25EA
:1096100030325800626C655F6D6F64756C655F72A7
:10962000785F7468726561645F696400626C655F2D
:109630006D6F64756C655F74785F74687265616482
:109640005F696400536F667444657669636520439F
:109650006F6E74726F6C6C65722041535345525437
:109660003A2025732C2025640A0062745F686369C0
:109670005F736463004D50534C2041535345525423
:109680003A2025732C2025640A004D50534C205756
:109690006F726B0074656D704064373030300073EA
:1096A000747265616D2066756C6C00696F206572FF
:1096B000726F7200696E76616C69642064617461B6
:1096C0005F73697A6500696E76616C6964206669AA
:1096D000656C642074797065007375626D736720C2
:1096E00073697A65206368616E6765640062797486
:1096F00065732073697A6520657863656564656460
:10970000007A65726F2D6C656E6774682073747271
:10971000696E6700756E7465726D696E61746564FB
:1097200020737472696E6700696E76616C6964207B
:109730006669656C642064657363726970746F72C6
:10974000006D697373696E67207265717569726502
:1097500064206669656C640063616C6C6261636B54
:10976000206572726F72006172726179206D61782A
:109770002073697A6520657863656564656400288F
:109780006E6F6E652900696E76616C69642065781C
:1097900074656E73696F6E00656E642D6F662D73F0
:1097A000747265616D00766172696E74206F7665A2
:1097B00072666C6F7700696E76616C696420776998
:1097C00072655F7479706500706172656E74207384
:1097D000747265616D20746F6F2073686F727400AE
:1097E00077726F6E67207769726520747970650093
:1097F000696E746567657220746F6F206C61726743
:1098000065006279746573206F766572666C6F7738
:10981000006E6F206D616C6C6F6320737570706F7C
:1098200072740073697A6520746F6F206C6172675F
:109830006500737472696E67206F766572666C6F0F
:109840007700696E636F727265637420666978650C
:1098500064206C656E677468206279746573207328
:10986000697A65006172726179206F766572666CE3
:109870006F77006661696C656420746F207365742E
:109880002064656661756C7473007375626D7367CF
:109890002063616C6C6261636B206661696C6564F6
:1098A000007A65726F207461670077726F6E67204F
:1098B00073697A6520666F722066697865642063D3
:1098C0006F756E74206669656C64006D61696E0009
:1098D000737973776F726B7100FFFFFFFF1F00FFDB
:1098E000C1FBE84C90728BE7B3518963AB23230033
:1098F000418866AA1AFFFF443300647261676F6F84
:109900006E2F6C6962732F73636865642F73726363
:109910002F73636865645F68616C5F74696D6572FD
:109920005F677274632E6300B40B111891A8422E06
:10993000F671C1848C5EEA79B132608F00696E661F
:10994000006E616E00286E756C6C290000FFFFFFD1
:10995000FFFFFF00000000000000FFFFFFFFFFFF10
:109960000000000000000000000000001000800067
:1099700000805F9B34FB0104000200000002000035
:1099800000000000000500000000000000000000D2
:109990000000000000050009090909010209090980
:1099A000090909090909090907090909090906092C
:1099B000090909090909090909090909090909051B
:1099C000010204E69D350E480103CCDBFDF4AC1129
:1099D00091F4EFB9A5F9E9A7832C5E2CBE97F2D2DA
:1099E00003B0208BD28915D08E1C742430ED8FC229
:1099F0004563765C15525ABF9A32636DEB2A65490E
:109A00009C80DC0101010101020302020304000544
:109A1000061F1F2918120308020305080A0008017F
:109A200003040105040509060701010606080000F4
:109A30000100010003010003020201000200000016
:109A4000000002030100036C888391AAF5A5386029
:109A5000370BDB5A6083BE00070E091C1B1215383A
:109A60003F363124232A2D00010405020608090F80
:109A7000010204C82E002E802E1A00C82E002EC807
:109A80002E002EC82E002EC82E002EC82E002EC846
:109A90002E002E9032212E59F51030212E6AF51A03
:109AA000242200802E3B00C82E444722003700A409
:109AB00000FF0FD10007AD802E00C1802E00C180B5
:109AC0002E00C1802E00C1802E00C1802E00C180DA
:109AD0002E00C1802E00C1802E00C1802E00C180CA
:109AE0002E00C10000000000001124FCF580304071
:109AF00042505000301224EB000330002EC1865A31
:109B00000EFB2F212EFCF5132463F5E03C480022C8
:109B100030F780C242E17F3A25FC86F07F413398DE
:109B20002EC2C4D66FF130F108C46F1124FF0312A6
:109B30002400FC6109A20836BE2AB9132438006447
:109B4000BBD1BE940A7108D54221BD91BCD242C19D
:109B50004200B2FE82052F5030212E21F2002E004D
:109B60002ED02EF06F023002422026E06F02310329
:109B7000409A0A0242F037052E5EF7100812241EA2
:109B8000F280428384F17F0A25133083423B82F0C6
:109B90006F002E002ED02E12405242002E12405244
:109BA000423E84004040427E82E17FF27F982E6AEE
:109BB000D62130232E61F5EB2CE16F029ECADC2406
:109BC0000EE5A9E093F3A3B50200406E029ECADC45
:109BD000240EE5A9E093F3A3B50200406E029ECAED
:109BE000DC240EE5A9E093F3A3B50300406E029ECA
:109BF000CADC240EE5A9E093F3A3B50300406E028E
:109C00009ECADC240EE5A9E093F3A3B50100406EE3
:109C1000000718232323232323232323232323235E
:109C200000010210141400001C2030401C20000011
:109C30001C203040004010141400001C2030401C38
:109C40002000001C2030400040010302FFFFFFFF06
:109C50000000000100000000000000000000000003
:109C6000FFFFFFFFFFFFFFFFFFFFFFFFFFFFFFFF04
:109C700000000000FFFFFFFFFFFFFFFFBCE6FAADA3
:109C8000A7179E84F3B9CAC2FC6325516B17D1F2A2
:109C9000E12C4247F8BCE6E563A440F277037D81FE
:109CA0002DEB33A0F4A13945D898C2964FE342E298
:109CB000FE1A7F9B8EE7EB4A7C0F9E162BCE335706
:109CC0006B315ECECBB6406837BF51F5FFFFFFFF6B
:109CD0000000000100000000000000000000000083
:109CE000FFFFFFFFFFFFFFFFFFFFFFFC5AC635D856
:109CF000AA3A93E7B3EBBD55769886BC651D06B0CE
:109D0000CC53B0F63BCE3C3E27D2604BFFFFFFFF6B
:109D1000FF1F00001F000000000000007FFE000089
:109D2000E40700001D4000000000000000000000EB
:109D300000000000FFFFFFFF1FFF1B00BAABBABA15
:109D400010101010A0354D00FF000000C4090000E5
:109D5000000000000050085000000000000000005B
:109D60000C000000010000FF7F0000000000000068
:109D7000AAAAAAAA55555555010000009DF5010053
:109D800000000000AFF50100000000007135010087
:109D900000000000FBF5010000000000F7F50100E5
:109DA0000000000010AB0100FF000000A8D001007F
:109DB00001000101010300001E001E02000000005E
:109DC0000000000012007C007E00E00103007E0025
:109DD0000A1E001E0000000097970300000000000C
:109DE0000001000000000000000000000000000072
:109DF0000000000000000000000000000000000063
:109E00000000000000000000A53F0200000000006C
:109E10000001000000000000000000000000000041
:109E20000000000000000000000000000000000032
:109E30000000000000000000ED43020000000000F0
:109E40000001000000000000000000000000000011
:109E50000000000000000000000000000000000002
:109E60000000000000000000AD46020000000000FD
:109E700000010000000000000000000000000000E1
:109E800000000000000000000000000000000000D2
:109E900000000000000000000000000000000000C2
:109EA00000000000000000000000000000000000B2
:109EB00000000000000000000000000000000000A2
:109EC0000000000000000000000000000000000092
:109ED0000000000000000000000000000000000082
:109EE0000000000000000000000000000000000072
:109EF0000000000000000000000000000000000062
:109F00000000000000000000000000000000000051
:109F100019750200000000000000000000000000B1
:109F20000000000000000000000000000000000031
:109F30000000000000000000000000000000000021
:109F40000000000000000000000000000000000011
:109F50000000000000000000000000000000000001
:109F600000000000000000000000000000000000F1
:109F700000000000000000000000000000000000E1
:109F800000000000000000000000000000000000D1
:109F900000000000000000000000000000000000C1
:109FA00000000000000000000000000000000000B1
:109FB0000000000000000000D44404000000000085
:109FC0000000000000000000000000000000000091
:109FD0000000000000000000000000000000000081
:109FE0000000000000000000293602000000000010
:109FF0000001000000000000000000000000000060
:10A000000000000000000000000000000000000050
:10A0100000000000000000006700000000000000D9
:10A020000000000000000000000000000000000030
:10A030000000000000000000000000000000000020
:10A040000000000000000000000000000000000010
:10A050000000000000000000000000000000000000
:10A0600000000000000000000000000000000000F0
:10A0700000000000000000000000000000000000E0
:10A0800000000000000000000000000000000000D0
:10A0900000000000000000000000000000000000C0
:10A0A00000000000010000000E00000001000000A0
:10A0B0000E000000010000000E00000000C20100C0
:10A0C0000001030000C20100000103009198030099
:10A0D000F13F0200FFFFFFFF2C0400202C040020B2
:10A0E00001000000010000003C0400203C040020AE
:10A0F0000E000000FFFFFFFF4C0400204C04002076
:10A1000001000000010000005C0400205C0400204D
:10A110000E000000FFFFFFFF6C0400206C04002015
:10A1200001000000010000007C0400207C040020ED
:10A130000E000000FFFFFFFF8C0400208C040020B5
:10A1400001000000010000009C0400209C0400208D
:10A150000E000000000000000000000000000000F1
:10A160000001000054480020000000000000000032
:10A17000000000000001000044480020059E03008C
:10A18000646B0400D489040000000200E08904002C
:10A1900000000200EC89040000000A00000000003A
:10A1A0008FB10300000000000000000000C010504C
:10A1B000000000000000000000000000000000009F
:10A1C000000000000000000000000000000000008F
:10A1D000000000000000000000000000000000007F
:10A1E000000000000000000000000000000000006F
:10A1F000000000000000000000000000000000005F
:10A20000000000000000000000000000000000004E
:10A21000000000000000000000000000000000003E
:10A220000001000000A00D50000000000000000030
:10A23000000000000000000000000000000000001E
:10A24000000000000000000000000000000000000E
:10A2500000000000000000000000000000000000FE
:10A2600000000000000000000000000000000000EE
:10A2700000000000000000000000000000000000DE
:10A2800000000000000000000000000000000000CE
:10A2900000000000000000000000000000000000BE
:10A2A0008D680200000000000000000000000000B7
:10A2B00035780200000000000000000000000000EF
:10A2C000D16D02000000000000000000000000004E
:10A2D000FD880200000000000000000000000000F7
:10A2E000F9870200000000000000000000000000EC
:10A2F000ED8F0200000000000000000000000000E0
:10A30000418C020000000000000000007DA002005F
:10A3100011A90200EDD103000000000000000000C0
:10A3200039A4020081D003000BD10300919D0200EB
:10A33000000000000000000009A70200000000006B
:10A340000000000013DC030000000000000000001B
:10A3500000000000008A0400000002000C8A0400D3
:10A3600000000A001C8A0400000020000000000019
:10A3700000000000000000000000000000000000DD
:10A38000000000000000000051D8030000000000A1
:10A39000E4060020E40600200000000000000000A9
:10A3A0000E000000F8060020F8060020E5CB0200B1
:10A3B000000000000000000000000000BDEE0300EF
:10A3C000000000000000000000000000BDEE0300DF
:10A3D000000000000000000000000000BDEE0300CF
:10A3E0000000000080010000000000009DF103005B
:10A3F000000000000000000000000000008081015B
:10A4000000000101C5EE030000010000F1E00200C0
:10A41000A870040086580020FFFF00000000000024
:10A4200000000000000000000000000041F20300F6
:10A43000000000000000000000000000F5E602003F
:10A440000000000000010000000000002D040400D6
:10A450000000000000800C50000000000000000020
:10A4600000000000000000000000000000000000EC
:10A4700000000000000000000000000000000000DC
:10A4800000000000000000000000000000000000CC
:10A4900000000000000000000000000000000000BC
:10A4A00000000000000000000000000000000000AC
:10A4B000000000000000000000000000000000009C
:10A4C0001408002014080020000000000100000013
:10A4D00024080020240800202C0800202C0800203C
:10A4E00000000000010000003C0800203C080020A3
:10A4F000000000000000000000000000000000005C
:10A50000000000000000000000000000000000004B
:10A51000000000000000000000000000000000003B
:10A52000000000000000000000000000000000002B
:10A530007DEF020000000000FF00000000901050BE
:10A54000000000000000000000000000000000000B
:10A5500000000000000000000000000000000000FB
:10A5600000000000000000000000000000000000EB
:10A570000000000000000000CC080020CC080020F3
:10A580000000000001000000DC080020DC080020C2
:10A59000DF050400FB0504000000000000000000CF
:10A5A00000000000000000000000000000000000AB
:10A5B000BB0504000000000075F70200B7050400A9
:10A5C00000000000CC9B040000000C00EE9B040087
:10A5D00000001000010100003E0A002007100000EA
:10A5E0002E0A0020092000003F0A00200001000080
:10A5F00083040000A0000000F00000000000000044
:10A600000000000003040000A0000000F0000000B3
:10A61000000000000090D003FF0000000F000000C9
:10A6200071020000780900207809002080090020CC
:10A63000800900208809002088090020000000000F
:10A64000000000000E00000000000000A009002033
:10A65000A009002000000000000000000E00000023
:10A6600000000000B8090020B80900200000000028
:10A67000000000000E00000000000000D0090020D3
:10A68000D009002000000000000000000E000000C3
:10A6900000000000332704002F2704006774200007
:10A6A0003C0B00208C0B0020640B00205C0C002075
:10A6B000500C0020500B0020780B002030303A3036
:10A6C000303A30303A30303A30303A303000303092
:10A6D000303030303030000101069ECADC240EE5F7
:10A6E000A9E093F3A3B50100406E06454D424544F1
:10A6F0004F582E64656661756C74000000000000A0
:10A700000000000000000000000000000000000049
:10A710000000000000000000000000000000000039
:10A720000000000000000000000000000000000029
:10A73000840A0020840A0020141602200000000071
:10A74000020000002C00000000000000A00A002011
:10A75000A00A0020707F002000000000020000001E
:10A76000B000000000000000BC0A0020BC0A00206D
:10A770006C160220000000000A0000001C0000000F
:10A78000000000000000000010D200205400010072
:10A790000000000000000000EC0A0020EC0A00208D
:10A7A00000000000000000000E000000000B002070
:10A7B000000B002000000000000000000E00000060
:10A7C000140B0020140B002000000000000000000B
:10A7D0000E000000280B0020280B002000000000C5
:10A7E000000000000E0000003C0B00203C0B00208D
:10A7F00000000000000000000E000000500B0020D0
:10A80000500B002000000000000000000E000000BF
:10A81000640B0020640B002000000000000000001A
:10A820000E000000780B0020780B002000000000D4
:10A83000000000000E0000008C0B00208C0B00209C
:10A8400000000000000000000E000000A00B00202F
:10A85000A00B002000000000000000000E0000001F
:10A86000B40B0020B40B002000000000000000002A
:10A870000E000000C80B0020C80B002000000000E4
:10A88000000000000E000000DC0B0020DC0B0020AC
:10A8900000000000000000000E000000F00B00208F
:10A8A000F00B00200C0000001000000084170220B4
:10A8B00044180220841702208417022000000000A0
:10A8C000140C0020140C002000000000200C0020BC
:10A8D000200C00200000000001000000300C0020CF
:10A8E000300C0020380C0020380C00200000000044
:10A8F000FFFFFFFF480C0020480C0020500C0020F8
:10A90000500C0020000000005C0C00205C0C0020BB
:10A91000000000000000000000000000700C00209B
:10A92000700C0020780C0020780C00200000000043
:10A9300000000000880C0020880C0020900C0020F3
:10A94000900C00200000000000000000A00C00207F
:10A95000A00C0020A80C0020A80C00200000000083
:10A9600000000000B80C0020B80C0020C00C002033
:10A97000C00C00200A000A00100000000A000000BD
:10A98000000000000695040000000000B46D040003
:10A99000E00802200000000000000000F00C002091
:10A9A000F00C0020F80C0020F80C00200A000A002F
:10A9B000100000000A0000000000000012950400D2
:10A9C000099E0200D06E04008414022000000000E2
:10A9D00000000000280D0020280D0020300D002070
:10A9E000300D002003000300000000000300000001
:10A9F000000000009493040000000000A46C040018
:10AA0000F4FA01200000000000000000600D0020AA
:10AA1000600D0020680D0020680D0020020002007B
:10AA2000100000000200000000000000FC94040080
:10AA3000F58B0200A06D040090FE012000000000D4
:10AA400000000000980D0020980D0020A00D0020AF
:10AA5000A00D002002000200000000000200000023
:10AA600000000000EF940400000000008C6D040062
:10AA700060FE01200000000000000000D00D00205A
:10AA8000D00D0020D80D0020D80D00201300130099
:10AA90000400000013000000000000008893040080
:10AAA000BD6B0200906C040008F80120000000005B
:10AAB00000000000080E0020080E0020100E0020EC
:10AAC000100E002001000100000000000100000045
:10AAD00000000000A593040000000000B86C040012
:10AAE00040FC0120000000FF15E015E0076996001A
:10AAF0001000200055B3A274D237BC2B6F547FD501
:10AB0000D3271FC320597335431BA1400A30B745D3
:10AB1000DBE983A901002000719EE1951D42DD4023
:10AB200085282E402057080EA3CDA28D67CF46FB67
:10AB30008C192C5EAD4BB6C8220046003044022072
:10AB400052C9D0BB438D6667ED637F774DC50CADB1
:10AB50005D0464342FF7F8329B80F6F6920787166F
:10AB6000022000F056156E534B4DB942DCC3C29B18
:10AB7000294E9DDA5C4CC263F21109843DB37A061A
:02AB80004D1D69
:00000001FF
