:020000040000FA
:1000000078700420A1480000F76000008D480000CF
:100010008D4800008D4800008D4800008D4800008C
:100020000000000000000000000000000149000086
:100030008D480000000000008D4800008D48000041
:100040006D0A00006D0A00006D0A00006D0A0000D4
:100050006D0A00006D0A00006D0A00006D0A0000C4
:100060006D0A00006D0A00006D0A00006D0A0000B4
:100070006D0A00006D0A00006D0A00006D0A0000A4
:100080006D0A00006D0A00006D0A00006D0A000094
:100090006D0A00006D0A00006D0A00006D0A000084
:1000A0006D0A00006D0A00006D0A00006D0A000074
:1000B0006D0A00006D0A00006D0A00006D0A000064
:1000C0006D0A00006D0A00006D0A00006D0A000054
:1000D0006D0A00006D0A00006D0A00006D0A000044
:1000E0006D0A00006D0A00006D0A00006D0A000034
:1000F0006D0A00006D0A00006D0A00006D0A000024
:100100006D0A00006D0A00006D0A00006D0A000013
:100110006D0A00006D0A00006D0A00006D0A000003
:100120006D0A00006D0A00006D0A00006D0A0000F3
:100130006D0A00006D0A00006D0A00006D0A0000E3
:100140006D0A00006D0A00006D0A00006D0A0000D3
:100150006D0A000053B94AB9002908BF00281CBF26
:100160004FF0FF314FF0FF3000F00CB8ADF1080C4C
:100170006DE904CE00F008F8DDF804E0DDE90223C3
:1001800004B07047704700BF2DE9F0478C468E469B
:10019000089E154604461946002B40F0D080724553
:1001A00047D9B2FA82F74FB1C7F120030EFA07FC24
:1001B000BD40BC4020FA03F343EA0C0C4FEA154E55
:1001C000A8B2230CBCFBFEF80EFB18CC08FB00F910
:1001D00043EA0C43994528D9EB1808F1FF3204D2C1
:1001E000994502D9A8F102022B44A3EB0903A4B25A
:1001F000B3FBFEFC0EFB1C330CFB00F044EA034493
:10020000A04214D92C190CF1FF3304D2A04202D918
:10021000ACF102032C44241A43EA02401EB1FC4014
:10022000002334607360BDE8F0874246DDE7634633
:10023000F1E7002A79D0B2FA82F3002B3FD01946B9
:10024000C1F1200302FA01F500FA01F42EFA03F2DB
:100250000EFA01FE20FA03F3AFB243EA0E034FEAAF
:10026000154EB2FBFEFC0EFB1C201A0C0CFB07F813
:1002700042EA004290455AD9AA180CF1FF3004D244
:10028000904502D9ACF102002A44A2EB08029BB2CD
:10029000B2FBFEFC0EFB1C220CFB07F743EA0243F9
:1002A0009F4246D9EB180CF1FF3204D29F4202D98B
:1002B000ACF102022B44DB1B42EA004202E0AEEB4F
:1002C000020301224FEA154EAFB2200CB3FBFEFC35
:1002D0000EFB1C330CFB07F840EA034398452AD970
:1002E000EB180CF1FF3004D2984502D9ACF10200B2
:1002F0002B44A3EB0803A4B2B3FBFEFC0EFB1C33A0
:100300000CFB07F744EA0344A74216D92C190CF159
:10031000FF3304D2A74202D9ACF102032C44E41B00
:1003200043EA00400F46114678E71F2188E7604600
:10033000ABE76246BFE76046DBE76346EFE773453E
:1003400006D916B9002108466DE7C6E9000EF9E79F
:10035000B3FA83F787B9734501D3824207D8841A69
:100360006EEB030301209C461EB900215BE7384673
:10037000FAE7C6E9004CF8E7C7F1200CBB4000FAE9
:1003800007F422FA0CF520FA0CF1BA401D432EFABC
:100390000CF30EFA07FE4FEA154941EA0E011FFA67
:1003A00085FEB3FBF9F809FB18300B0C08FB0EFABD
:1003B00043EA00439A4540D9EB1808F1FF3004D2D4
:1003C0009A4502D9A8F102002B44A3EB0A0389B293
:1003D000B3FBF9F809FB183308FB0EFE41EA0341B1
:1003E0008E452CD9691808F1FF3304D28E4502D905
:1003F000A8F10203294443EA0040A1EB0E01A0FB4F
:1004000002984145CE46434602D306D14C4504D21C
:100410000138B9EB020E68EB0503002EA5D0B4EB52
:100420000E0261EB030101FA0CFC22FA07F3F9401A
:100430004CEA0303C6E9003197E74046C5E7434667
:10044000D9E700000822F0B5002789B004F051FC7C
:10045000CB6A0C4603930B6B064604934B6B6846C2
:1004600005938B6BCDE901770693CB6B69460793B8
:1004700013466A46009704F076FC3146054630463E
:1004800004F071FC216B05440391616B6846049193
:10049000A16B0591E16BCDE90617694604F063FC99
:1004A00031460544304604F05EFC0544206ACDE93F
:1004B00004770090606A03970190A06A0290A06B95
:1004C0000690E06B0790304604F04DFC0544606AEE
:1004D000D4F838C00090A06ACDF810C00190E06A4E
:1004E000D4F83CC00290606BCDE905C00390206A4F
:1004F0000790304604F037FC0544E06ACDE9047704
:100500000090206B03970190606B0290206A069028
:10051000A06A0790304604F00DFC236B2D1A00935F
:10052000636B30460193A36B0293E36B0393636A9F
:100530000693E36A0793082304F0FCFB636B2D1A10
:100540000093A36B30460193E36B0293236A0393FA
:10055000636A0493A36ACDE90537236B07930823E5
:1005600004F0E8FBA36B2D1A0093E36B3046CDE952
:100570000137636A0393A36A0493E36A0593636B89
:100580000793082304F0D6FB2D1A10D50823314613
:1005900030460C4A04F0E7FB2D18F7D409B0F0BD43
:1005A000082331463046074A04F0C4FB2D1A002DBB
:1005B000F6D108223146034804F0A7FB0128EFD109
:1005C000ECE700BFC86500002DE9F04F0025036887
:1005D0009DB003934368DFF8B89104938368DDE925
:1005E00003470593C36806930369DDE905AC0793E8
:1005F000436908938369DDE9072B0993C3699E4624
:100600000A93099B009351F825600CAB96FA86F883
:1006100043F8258059F8046B4FEAF22383EAB213BA
:10062000464483EA72633344009E02EA0B0826EADA
:10063000020686EA08063344734487EA0A064FEA4C
:10064000743E8EEAB40E264007EA0A0886EA0806D7
:100650008EEAB45E0135B644102D03EB0C067344EC
:10066000D446DDF800E040F084804A490B912946E9
:1006700001350DF1700E05F00F0C0EEB8C0C5CF8D3
:1006800040CC01F00F094FEABC48CDF804C088EA1D
:10069000FC1801F10E0C0CF00F0C0EEB8C0C5CF83E
:1006A00040CC09314FEAFC4ECDF808C08EEA7C4EB2
:1006B00001F00F010DF1700C0CEB81010CEB8909BD
:1006C00051F8401C59F840CC402D8C44019988EADF
:1006D000D1080299C4448EEA912EF44406EA020835
:1006E0004FEAF62E2BEA060181EA08018EEAB61ED1
:1006F000DDF82C808EEA766E714458F804EF49F8E4
:1007000040CC71446144DDF800C04FEA733E61445F
:1007100084EA070CCDF82C808EEAB30E0CEA030CA9
:1007200004EA07088EEAB35E8CEA080CF4448C44B1
:1007300001EB0A0ECDF800B0BA4622D1039961440C
:10074000016004991944059B416023448360069B22
:100750003B44C360079B73440361089B334443617C
:10076000099B134483610A9B5B44C3611DB0BDE8D0
:10077000F08FBA46CDF800B0274693461C46324665
:1007800041E79346274632461C46764663466EE767
:10079000C464000000650000036803F01F025B09E9
:1007A000026004D0012B034818BF002070470248A4
:1007B000704700BF00288450002584502DE9F04781
:1007C000058B0446280717460CD501290CBF45F0B8
:1007D000100545F02005258387F31188BFF36F8F3F
:1007E000BDE8F087022905F0070540F09480204617
:1007F00004F099FE052864D801A353F820F000BF47
:10080000D907000017090000C30800008508000090
:100810009F080000B108000001F007035A1F012AD9
:100820001FD8002221F00701062BD4F8008089B2DE
:10083000C4E9002209D1434603E0628B013262839E
:100840001B68002BF9D141F002012046218304F0FE
:100850006AFE4FF0000900286DD041F0200121838D
:1008600069E0042B0AD121F0070189B220462183D7
:1008700004F059FE10B141F0200121834FF000082F
:10088000C14658E02369D3F80090238B23F0070377
:1008900043F006034FF00008238346464BE02369EC
:1008A000D3F80490238B23F0070343F00403F1E70C
:1008B0002369D3F80890238B23F0070343F0050343
:1008C000E8E74FF00008C146E7E7012243F00803DC
:1008D000238387F31188BFF36F8F002A3BD1B8F1D0
:1008E000000F4AD1B9F1000F02D020462C49C84769
:1008F000EFF31187202383F31288BFF36F8F238BCD
:1009000023F008039BB22383D9063FD523F01002BE
:10091000228303F007056669218B002EBFF67CAFAA
:1009200000239946D4F8008021F00701C4E9003380
:1009300041F001012183238B03F0070AAA4502D06D
:10094000A268002AC1D1B8F1000F02D1B9F1000F9D
:10095000DAD00022BAE7A1680029C0D00D680029CA
:10096000BDD03346524620464F68B8471DB12B686C
:1009700029461D46F3E72B46FAE7414633465246E1
:100980002046D8F8008004F0BDFDA8E79A067FF560
:1009900023AF23F02002228303F0070527E700BFDF
:1009A0005F550000002210B50C4B1C7884420FD01C
:1009B00001320C2A03F11003F7D16FF0010010BDD2
:1009C000D2685078C00706D5107820B90B60F6E7DA
:1009D000DA68002AF4D16FF01200F0E78C630000AF
:1009E000002318460649D1F89020C2F3072293420B
:1009F00000DB7047C1F89830C1F8A0000133F6E77A
:100A000000ED00E0002807DB01234109034A00F064
:100A10001F00834042F82130704700BF00E100E032
:100A200000280CDB01220649430900F01F00824028
:100A3000203341F82320BFF34F8FBFF36F8F7047F0
:100A400000E100E00028ACBF00F16040064B4FEA37
:100A50004111C9B2ABBF00F5614000F00F0080F852
:100A600000131954704700BF14ED00E0EFF3058345
:100A7000034A103B02EBC301496852F833000847B0
:100A8000486C000030B50F4AD2F89030C3F307230A
:100A9000013B984213D80C7A0B6864F304031D469B
:100AA000CB68640923F01F0343EA440343F00103C6
:100AB000C2F89800C2F89C50C2F8A03030BD6FF068
:100AC0001500FBE700ED00E04FF0FF313F22034B44
:100AD0000020C3E90012024A136070471447002047
:100AE00010470020084B70B5C31A0D4607499B10EC
:100AF000044659434022064804F0F3FD2B460146C4
:100B00002046BDE87040184754460020B76DDBB65C
:100B1000E8610000402373B50B4C0093041B0B46A7
:100B20000D460A49A41061430646094A094804F0E3
:100B300003FE014628B130462B4602B0BDE87040A6
:100B4000184702B070BD00BF54460020B76DDBB639
:100B5000AD570000E8610000014B00201B681847FA
:100B600044460020014B09201B68184744460020DA
:100B7000014B1B68184700BF44460020014B08206A
:100B80001B681847444600202B4A2DE9F0410221FA
:100B900006460520FFF756FF1379002B45D1274B5A
:100BA000136001231371264A117900293DD125498B
:100BB000137111604FF050222349C2F8143508799F
:100BC000002832D121480B7108602149C2F88035D4
:100BD000087950BB1F480B710860C2F818351E4ACF
:100BE000117911BB1D4913711D4B11601B689B06C8
:100BF00002D40520FFF706FF00244FF01C08194F10
:100C0000356908FB04539BB118461C22002105F0EE
:100C1000BDFA0C2303FB045501231C44042C07617B
:100C2000AB67EDD10020BDE8F0816FF00400FAE77A
:100C30006FF01500F7E700BF4446002031150000B3
:100C40004C460020590B000000470020650B0000B7
:100C500008470020710B0000F84600207D0B0000C3
:100C600000E100E0A0640000044B054A1B68B3FBF0
:100C7000F2F35843034B43F0010318475020002080
:100C800040420F00E0620000024B0B600123136042
:100C9000704700BF986400000048704790640000EF
:100CA000F8B50E461946304604F0C3FD30B346EAA7
:100CB000030414F0030421D10BB90020F8BD012076
:100CC0002146104D23F003031759C5F88405C5F8D4
:100CD0000405D5F808C41CF0010FFAD03751BFF352
:100CE0005F8F0434A342C5F88415C5F80415EBD111
:100CF000044AD2F80034DB07FBD5DEE76FF01500BD
:100D0000DCE700BF009003500B4670B51146184653
:100D100004F08FFD00B31A43C2F30B02E2B9B1F540
:100D2000805F01D2002070BD184602244FF0FF35CD
:100D30000B4B0144C3F88445C3F804450560D3F860
:100D40000064F607FBD500F580508842C3F884257F
:100D5000C3F80425EED1E5E76FF01500E3E700BF27
:100D600000900350024B0B6001231360704700BFDB
:100D70000046002000487047886400004FF48071EE
:100D80004FF48052024B0020C3E90012704700BFAD
:100D9000004600200D4B1868010A0006BFF35F8F64
:100DA0000B4BD3F80435181841F10001B3F5801F3F
:100DB0000AD2084BD3E90023904271EB030303D21C
:100DC00010F1807041F10001704700BFFC45002028
:100DD00000500150002100202DE9F041064672B676
:100DE000002383F31188BFF36F8F05231C4FDFF8B7
:100DF00074803D786C1CB4FBF3F303EB8303E41ABB
:100E0000FFF7C8FF184A137823B158F82430C31AE3
:100E1000072B1ED94FF05023D3F8141151B10021E4
:100E2000E5B2C3F81411D3F814313D7014B901239D
:100E300025461370FFF7AEFF48F82500BFF34F8F2C
:100E400020BF00BF00BF00BF00BF00BF00BF00BF8A
:100E500000BF86F31188BFF36F8F62B6BDE8F081E3
:100E6000724804201C470020714804204FF00053B2
:100E70000E4A1968914213D002F11C521968A2F56A
:100E80008B12A2F6CC5291420CD01968084A9142BA
:100E90000AD01868074B98420CBF04200220704704
:100EA000002070470320704701207047B6B3B4B5E7
:100EB0005DCE03F1EC49F2B64FF0502310B5D3F8F4
:100EC00018141E4C11F4803FD3F818241BD002F0E4
:100ED0000302022A02D0012A12D101224FF050232C
:100EE000C3F818250022C3F80421D3F804210122F5
:100EF0009A602268A2B9D3F80421002AFBD017E037
:100F000004F023FDE9E7D3F81424D207E5D5D3F89C
:100F10001C2402F00302013A012AF1D822681AB116
:100F20000222C3F8042310BDD3F80421002AFBD009
:100F30000022C3F80421D3F80431F4E70847002065
:100F400070B5114D6C6BA4B14FF47A735C430A23F6
:100F5000B4FBF3F40D4ED6F800316BB995F8393087
:100F600053B90A20FFF780FE013CF4D16FF0730003
:100F700008E04CF25034EDE795F8393003F0FF000B
:100F8000002BF3D170BD00BF0846002000B0025016
:100F900010B500220124094BC3F80045C3F8002115
:100FA0001C6008B9002010BDFFF7CAFF18B9044B38
:100FB00083F83840F6E76FF07300F4E700B00250B2
:100FC000084600202DE9F04106461746984604F0F1
:100FD000D7FC002863D106F06043B3F1005F61D114
:100FE000B3075FD1324C94F83030012B05D0434524
:100FF0005BD194F83830002B57D000232D4AB8F13C
:10100000020F0BBFC2F81075C2F80475C2F8146560
:10101000C2F808650CBFC2F81815C2F80C1584F8A0
:10102000393023680CBF08250425C3B994F838303B
:101030006BB100221F4B05F1A045C3F8002101232D
:1010400005F52C352B60BDE8F041FFF779BF012095
:10105000FFF79EFF10F1740FEBD1BDE8F081A3689C
:1010600023B1E6606161E7610020F6E7114AA660FE
:101070002161A76184F83080C2F800310123C2F8F1
:10108000043394F8382002F0FF0012B9FFF780FF14
:10109000EAE705F1A04505F52C352B60E4E74FF0B4
:1010A000FF30DAE76FF00C00D7E76FF00F00D4E7FE
:1010B0000846002000B00250094B93F83020012A66
:1010C00003BF002083F83800064B6FF00F0001BF0C
:1010D000C3F808231A61C3F80005C3F8000170477C
:1010E0000846002000B0025038B5054604F048FC20
:1010F000A8BB1E4B186818B193F83020012A31D1D3
:1011000000221B4CC4F81C15C4F8205583F8392064
:1011100090B993F8383043B10023C4F8003101236B
:10112000E360BDE83840FFF70BBF0120FFF730FF59
:1011300010F1740FF0D138BD042183F83010C4F8D9
:1011400000210122C4F8042393F8383003F0FF0093
:101150001BB9FFF71DFF0020EDE7E260FBE74FF052
:10116000FF30E8E76FF00F00E5E700BF084600201A
:1011700000B00250124B70B553F82050013053F8B4
:101180002060AE4200D870BD6C68B4B1237EDB072E
:1011900011D4636953B12046984738B10028B8BFCD
:1011A0004042FF28A8BFFF20E3681870E268537828
:1011B00043F0010353700835E3E72B689847FAE7DB
:1011C0006864000048B1094B5B68984205D0036829
:1011D0001BB1DA68C1680A44DA60D0E900321360F2
:1011E0005A600023C0E90033704700BF4820002048
:1011F000084B9A685A621A699A629A69DA62DA68DE
:101200009A6032B15A691A61DA699A610022DA6029
:10121000704770470846002010B5224BD3F80021D4
:1012200092B10022204CC3F8002194F8381094F8B1
:10123000302071B90121032A84F8381005D0042A1E
:1012400005D0022A00D1996010BD5960FCE7D96031
:10125000FAE7032A19D0042A19D0022A04D101235B
:1012600084F82030FFF7C4FFA36813B9012384F882
:10127000303094F8393003F0FF0013B9D4E900316D
:101280009847002384F82030DEE70223E8E70322B2
:1012900084F82020D3F81C256262D3F8203584F826
:1012A0002830E1E700B00250084600200268154BE4
:1012B000FF2A08BF4FF0FF32C3F824254268FF2AF7
:1012C00008BF4FF0FF32C3F828258268FF2A08BF05
:1012D0004FF0FF32C3F83025C268FF2A08BF4FF035
:1012E000FF32C3F834250269FF2A08BF4FF0FF32EE
:1012F000C3F838254269FF2A08BF4FF0FF32C3F810
:101300003C25704700B0025030B58DB06C46184D8A
:101310000FCD0FC495E8030084E803001549684623
:10132000D1F82435DBB20693D1F82835DBB2079328
:10133000D1F83035DBB20893D1F83435DBB20993FC
:10134000D1F83835DBB20A93D1F83C35DBB20B93D8
:10135000FFF7ACFF0023C1F8003101230B60D1F887
:101360000031002BFBD006A8FFF7A0FF0DB030BD69
:10137000C062000000B002502DE9F0471746002976
:1013800000F0A3804C68B4B3D4E900458B68A3B3E4
:10139000D3E9006393B38DB39D4240F0968001354D
:1013A000092D00F2928091F800A05FFA85F804F010
:1013B000E7FA002840F08C80DFF8209199F830009F
:1013C000012840F0888099F83830D3B10122444B8D
:1013D000C3F8082304F0ACFA08B1FFF795FF002C1E
:1013E00031D0A8F10203072B2DD8DFE803F05C5AB7
:1013F000581F565452122546C8E71E4601351D4453
:10140000CEE7FFF7C5FD7430E0D16FF07300BDE8A3
:10141000F087E3791B06A27943EA0243627943EA43
:101420000223227913432E4AC2F83C36E3781B0686
:10143000A27843EA0243627843EA02232278134304
:10144000274AC2F838360024FF0347EA052789F8FF
:10145000394047EA0A07DFF8889047F44057C9F84F
:101460000041C9F83476FFF76BFD7430CDD0C9F870
:10147000004146B3A8F10208D9F83C26D9F838361D
:10148000B8F1070F1FD8DFE808F01D1B1917161455
:1014900012100023BFE70023C0E70023C1E70023A9
:1014A000C6E70023C7E70023C8E7110EF171110C4E
:1014B000B171110A717132711A0EF2701A0CB27098
:1014C0001A0A727033700020A1E76FF015009EE7D2
:1014D0004FF0FF309BE76FF00F0098E708460020C1
:1014E00000B002500C22104B014602FB00330020DA
:1014F00030B4D3E91C521867EFF31180202484F331
:101500001288BFF36F8F9C6F04F0C00444F0020494
:101510009C6780F31188BFF36F8F1DB12B4630BCE1
:101520000248184730BC704754460020E86100006C
:10153000092813D8DFE800F0051012121212121257
:101540000E0C074B986F10F0070007D1FFF7CABFCA
:101550000220FBE70320F9E70120F7E7704700BF0F
:10156000544600200222024B83F8BC20704700BF83
:101570001845002038B50024164D95F8BC30012BD5
:1015800010D17CB9144BC5E91B44AB654FF4007313
:10159000A5F860304FF47633C5E91934EC656C6713
:1015A0000124EAE758222C215343624202F02C0224
:1015B0001A4401FB0433E81800212023006A2A445E
:1015C00003F0DAFF10B184F0010038BD002CFCD12B
:1015D000E6E700BF184500203DB8F3962DE9FF4728
:1015E0002F4D304C95F8BC30590054F821208242E0
:1015F00011D158214B43E9184E6A283301A9C0B2D2
:101600001D44FFF7CFF9044680B16FF01504204662
:1016100004B0BDE8F087013154F82110884239D177
:1016200058214B43E9180E6D5433E7E7019B002B1B
:10163000EBD0D3E90187D86803AA836802A95B6964
:10164000984722462346214608EB07090398814222
:1016500001D32B60DBE74FF0000C029800EBC100D8
:10166000D0F804E00768BC4501D30131EEE79045AE
:101670000CD89145EDD9FF2B0ED806EBC307A2EB92
:10168000080A46F833A0C7F804E0013372440CF1AD
:10169000010CE7E70124BAE76FF00B04B7E700BFDE
:1016A0001845002050640000F7B5019001A81F46BE
:1016B0001646FFF771F8019B9DF8204000EB830070
:1016C000D0F80032064D24021D4044EA8703194336
:1016D00041EA46022A43C0F8002203B0F0BD00BF31
:1016E000F0F0FCFF4FF050230022C3F82421D3F880
:1016F000242101221A62094A126822B14FF40072B1
:10170000C3F804237047D3F82421002AFBD0002219
:10171000C3F82421D3F82431704700BF00470020CC
:101720004FF050230022C3F82021D3F820210122BA
:101730009A61094A126822B14FF48072C3F80423F7
:101740007047D3F82021002AFBD00022C3F82021C3
:10175000D3F82031704700BFF846002010B4EFF3F3
:101760001180202282F31288BFF36F8F22490B6809
:1017700043F0020413F001030C601AD04FF0502321
:10178000D3F80C14D3F80C3413F0010311D0EFF399
:10179000118182F31288BFF36F8F184A936F03F0A1
:1017A000C00343F00203936781F31188BFF36F8F87
:1017B000012380F31188BFF36F8F1BB1002010BC91
:1017C000FFF790BE4FF05022C2F80031D2F800313E
:1017D00001230B491360096819B1C2F8043310BC26
:1017E0007047D2F80031002BFBD00023C2F8003143
:1017F000D2F80031F3E700BFF44600205446002041
:101800004C46002070B5EFF31186202383F3128835
:10181000BFF36F8F124A136823F0020113F0010324
:10182000116018D14FF05024012242F21075C4F813
:1018300008236260C4F80031D4F80031D4F80C24D5
:10184000D4F80C34D20306D5DB0704D50120FFF70A
:101850000BFA013DF2D186F31188BFF36F8F70BD93
:10186000F44600202DE9F347836807468B428A46F9
:1018700060D95B1A93425DD30023511E51446A46DE
:10188000009303F0BFF900284ED1DDF800902B4CF7
:10189000C8462B4E2B4D6A4651463846CDF800902F
:1018A00003F0B0F9DDF8009000283DD1B9F1000F48
:1018B00038DBBB68994535D2DDF804A0A3EB0903FA
:1018C0009A452FD87968F868494483689B6873B350
:1018D00052469847002827DBCA44D045C4F8006622
:1018E000C4F80466C4F80866C4F80C66C4F8106648
:1018F000C4F81466C4F81866C4F81C66C5F8006617
:10190000C5F80466C5F80866C5F80C66C5F8106623
:10191000C5F81466C5F81866C5F81C6604D30AF144
:10192000010AB8E76FF0150002B0BDE8F0876FF06C
:101930005700F9E74FF0FF30F6E700BF0080015095
:101940003546526E009001502DE9F04F064643682F
:1019500093B05A6B5368117A03EBC101994205D8D1
:101960006FF00104204613B0BDE8F08F58790028CD
:1019700000F052820833F1E73A68C2F3C323082B20
:10198000C2F3080400F245825549C95C40F2FF13D6
:101990009C4208BF4FF0FF34B2F10C5F4FEA126374
:1019A00016D2032B16D9043B1E2B13D8DFE803F005
:1019B000151C21121212123540121212121212129A
:1019C0001212435E6164121212676C6F72757800B6
:1019D0004E2B13D06FF08504C4E74FF0000AC5F812
:1019E0000845621C63D12DE04FF0010AC5F80C4593
:1019F000F7E7C5F810454FF0000A15E0C5F81445A3
:101A0000631C1FD00CA80C94FEF7C6FE0C9B4FF075
:101A1000010A09FA03F3836051E0C5F8084500297B
:101A2000E9D14FF0000A0621631C0BD0002047E0EB
:101A3000C5F80C45F3E7C5F860457B88601C03F0EA
:101A4000010330D10437B84596D102212B20254F10
:101A5000FEF7F8FF304603F0B2FE97F830307568B5
:101A60003269002B40D06FF077046AE1C5F8644515
:101A7000E3E7C5F86845E0E7C5F86C45DDE7C5F87C
:101A800024454FF0010ACFE7C5F82845B8E7C5F867
:101A90003045F6E7C5F83445F3E7C5F83845F0E7D3
:101AA000C5F83C45ACE7002BACD14FF0010A0CA8BF
:101AB0000C94FEF771FE0C9B09FA03F3C36001203E
:101AC0003B6800911A0444BF00204FF0010A014610
:101AD00052462046C3F34123FFF7E6FDB2E700BFBD
:101AE0003A6C000008460020A14BC7E90032002DE7
:101AF00000F0BE8095F829401CB195F82A30002BE3
:101B000061D16968FF2900F07C81AA68FF2A00F092
:101B10007881EB68FF2B00F0748128690E2840F073
:101B20007081112940F06D81122A40F06A810D2BDD
:101B300040F067816B69FF2B02D00F2B40F0618171
:101B4000AB69FF2B02D0102B40F05B81ACBB4FF098
:101B500003082346012221461120CDF80080FFF71B
:101B6000A3FDCDF80080234601222146A868FFF797
:101B70009BFDCDF80080234601222146E868FFF74F
:101B800093FDCDF800802869234601222146FFF706
:101B90008BFD6869FF2806D0234601222146CDF837
:101BA0000080FFF781FDA869FF2806D0032300937A
:101BB000002301221946FFF777FD95F82A3013B963
:101BC000281DFFF773FB6B6A6A4C7B6395F829301D
:101BD00087F83A3003F0ACFE20B10123C4F8083393
:101BE000FFF792FB2B68C4F84035AB7F697F2A7FF3
:101BF0009B0143EAC1031343EA7F43EAC213C4F8DB
:101C000044354FF47F03D3F83021D3F83431072A19
:101C100011D1022B0FD095F82320D4F84435002A97
:101C200040F09A8043F44033524AC2F844354FF4AE
:101C3000C063C2F840364F4995F82030D1F80026ED
:101C400022F07F4222F0FF02134395F8212043EA5D
:101C5000026395F8222043EA426395F8232043EA81
:101C60000273C1F800363B6813B12B20FEF7CAFEA1
:101C7000DFF804C14FF0000EBCE80F000CAC0FC43D
:101C80009CE80300AB234FF001090DF10C0BCDF8DC
:101C90000CE084E80300CBE901EEC7E902EE8DF821
:101CA0000C30344B87F8309087F838E0D3F824258F
:101CB0000DF13008D2B20692D3F828254046D2B2B0
:101CC0000792D3F83025D2B20892D3F83425D2B295
:101CD0000992D3F83825D2B20A92D3F83C35DBB258
:101CE0000B93FFF7E3FA97F83830D3BB4846FFF77A
:101CF0004FF982460DF118094846FFF7D7FABAF1B5
:101D0000000F31D1524659463046FFF735FB0446A5
:101D1000B8B92320FEF7A8FF9F220323CDF830A0F7
:101D20004146C8F804A030468DF83020524607934B
:101D3000CDF818B0CDF83890FFF71EFB032304460A
:101D4000E0B1304603F054FD97F83030002B3FF4FB
:101D500009AEFFF7B1F905E623F4003343F480330D
:101D600062E76FF0770AC5E76FF00404E9E700BFA8
:101D70001D58000000B00250C06200001A465946CB
:101D800005F1300004F0D0F9044600283CD1726817
:101D9000537F023B012B32D9157F023D022D8CBFB0
:101DA00000250125304603F060FE00282FDBC2B27B
:101DB000C0F38010A842C4D0002382F04002ADF8E6
:101DC00008308DF8082002AA069201220C934146A1
:101DD000C8F80830304607928DF83020CDF834909E
:101DE000FFF7CAFA04460028ABD1304603F03DFEA7
:101DF000041E01DBE207F8D404EAE474A1E701253C
:101E0000D0E76FF015049CE76FF0120499E70446E1
:101E100097E76FF01504A5E51F6893F804804FF06D
:101E20000109156807EB88080DE600BF30B587B0DB
:101E30000D46C0B201A9FEF7B5FD48B9019C1023BB
:101E4000A168204602AA103903F096FB002801DAA7
:101E5000012045E01022204602A903F02BFD0028B6
:101E600040D11022204902A804F05EF900280CBFDE
:101E7000012302232B70A1680123183921F00701E7
:101E800020460DF10302103903F076FB0028DFDB5A
:101E90009DF80330204603F00F021B096A702B7176
:101EA00001220DF1030103F005FD10B96B78042B3D
:101EB00003D901236B7000232B71A2682046183AC6
:101EC00022F00702083AA91C03F009FD0028BFD13F
:101ED000A2682046183A22F00702E91C03F0FFFC32
:101EE00007B030BD0323C5E71E6700002DE9F04FA2
:101EF00007464FF00008ADF5497D70220491A8A86F
:101F0000002104F043F9A84CA84BA94DCDE9A84302
:101F1000A84BA94ECDE9AA53A84BA94DCDE9AC6376
:101F2000A84BA94CAE9303F17453A3F52303A3F676
:101F30009243AF933B897A89D7F80CA01344A34E00
:101F40009A44C2454DD8A8A914A803F052FE002314
:101F50000EAC009339464FF6FF732046049A03F007
:101F600021FB0690002840F00681049B139A9B6891
:101F7000183B23F00703103B9A4200F2FC804FF01D
:101F8000FF36B0460E9B0EAD002B00F0F4806B6860
:101F9000002B00F0F0804FF6FF77D5E9041399424B
:101FA00016D22B685B8923B1EB688B4204BF0431E6
:101FB0002961042368688CAA03F0DEFA002840F047
:101FC000DA80AB7A2969002B61D0EB688B425ED84E
:101FD000069B012B40F0CF8040460DF5497DBDE8C2
:101FE000F08FAAEB0809B9F5807F28BF4FF48079FC
:101FF000C5F80046C5F80446C5F80846C5F80C46BD
:10200000C5F81046C5F81446C5F81846C5F81C466C
:10201000C6F80046C6F80446C6F80846C6F80C4698
:10202000C6F81046C6F81446C6F81846C6F81C4648
:102030004B464146664A049803F09EFA83460028C0
:1020400040F099804B46624A013B01D2C84478E790
:10205000C299481CC29012F801CB01F5487169443D
:102060003F2801F858CCEFD9B2A9A8A8059303924C
:10207000FEF7AAFAB099B19811F5007140F100008D
:10208000CDE9B010059B039ACDF808B3DCE72889A9
:10209000BDF8324204316218B842BDF830322A61CC
:1020A00002D098427FF479AF2A68002A56D1102BCB
:1020B00067D0222B00F09280012B7FF463AF202C9D
:1020C00059D823460498A8AA03F056FA05460028D2
:1020D00051D15B26014670228CA804F057F8334B8F
:1020E000314A3349CDE98C23324B3348CDE98E1345
:1020F000324B384FCDE99003324B929303F1745336
:10210000A3F52303A3F692439393A69B5A1CA6928E
:1021100017F8011B03F548736B443F2A03F8C81CEA
:102120000CD996A98CA8FEF74FFA949B959A13F5B3
:10213000007342F10002CDE99432A695013EE4D14C
:102140008CA97CA803F055FD2246A8A97CA803F021
:10215000EBFF061E18BF0126764213E76A68002AC5
:10216000A5D0EA688A42A2D84FF6FF751A4830F81F
:10217000022BAA4202D14FF0FF382DE79A42F6D146
:1021800095E7202CF7D123460498A8AA03F0F4F988
:102190000028F0D12246A8A914A803F0C5FF002802
:1021A000E9D101230693EDE667E6096A85AE67BBD0
:1021B00072F36E3C3AF54FA57F520E518C68059B29
:1021C00000800150ABD9831F3546526E00900150FC
:1021D00070470420BC6B000000670000002E7FF4F5
:1021E000D1AE802CC7D80DF5287923464A460498ED
:1021F00003F0C2F90028BED1BF4B09AD2B602846C1
:102200003023BE4964AA03F007FC002840F0AF81E8
:1022100013682968284601EB0308414630236CAA5D
:1022200003F0FAFB002840F0A2812E68A8EB060319
:10223000002B40F39C81337828467C9313687DAA59
:102240001E44314606237CAF03F0E6FB002840F035
:102250008E812A687968BA6053189E422B6040F0DC
:102260007481A74B0C2200211B688CA898477B68BF
:10227000072B039340F07B81039AA249B86803F0CF
:1022800053FF002840F073818D9A082A40F06F8137
:102290009D498E9803F048FF002840F06881032391
:1022A0004146284664AA03F0B7FB002840F05F814E
:1022B0001368002B00F05B812E68591E1160327884
:1022C000002A40F054813344721C98452A6040F043
:1022D0004E81412940F04B814C4430232146384601
:1022E000C7F800908CAA03F097FB002840F03F81CC
:1022F0007C9B8C9A0DF5F87B13449C42C0F037818F
:10230000224659466CA803F0FFFC002840F02F81BC
:102310002246594674A803F0F7FC8046002840F096
:1023200026817378042B40F02281202263906B90E9
:10233000B11C3B90584603F07DF85CAF202206F1BB
:10234000220184A803F076F864AD202238466CA9F7
:1023500003F070F8284674A9202203F06BF80821D6
:10236000384634AC02F092FC002840F00081284648
:1023700002F08CFC0646002840F0F9800A466348CB
:10238000394602F0C2FC012840F0F18008222946BB
:102390005E4802F0BAFC0128079040F0E8800DF199
:1023A000700A0823594A2CA802F05CFE5046082106
:1023B0008CAD239602F05FFC202214A903F03AF8BA
:1023C0000823514628462CAA02F0F2FC2946504622
:1023D0004E4A02F07FFD0823394628462CAA02F017
:1023E000E7FC2946494A24A802F074FD0822484F18
:1023F0005946284602F07DFC84A994A802F079FC95
:10240000394644A802F075FC07F120014CA802F0FF
:1024100070FCA7F14409294605920092A7F14003F8
:1024200044AA2CA802F044FD2A4694AB4CA944A827
:10243000CDF8009002F095FF2CA90846059B09F104
:10244000040202F00FFE4B462CAA284694A902F083
:102450006AFF05995046CDE90CB5CDE90A6702F04F
:102460002DFC0599054624A802F028FC8542B8BF3A
:102470000546ADB205F1FF3B0FFA8BFB59465046BE
:1024800002F013FC5946824624A802F00EFC0038E4
:1024900018BF0120BAF1000A18BF4FF0010A0AABB9
:1024A0004AEA400A53F82A10059A204602F021FC15
:1024B0003CA8203102F01DFC2CA8114602F0DBFBE9
:1024C000079B023D0360A7F140032DB20593002D49
:1024D00052DA2CA9084608230E4A02F0C3FD204612
:1024E0000D4B2CAA3CA902F01EFF082221460748EA
:1024F00002F00BFC12E000BFBC6B0000176C000088
:102500004C640000206C0000176C0000E8650000BF
:1025100008660000C8650000C4650000012804D0FA
:1025200008232046354A02F005FC5CA9039B039A68
:1025300054F8233051F8222053401E43039B013BA3
:1025400003930133F2D1A6B111E0525C01338C92B6
:10255000314628468DAA2B6003F02FFA38B92B6834
:102560008D9A8E9313449E422B603FF480AE4FF0C1
:10257000FF384FF0FF3605E5214B2CAA20463CA939
:1025800002F0F4FD29461CA802F08FFB29460746FD
:1025900024A802F08AFB003818BF0120003F18BFB2
:1025A00001270AAB47EA400753F8271019B308225E
:1025B00044A802F09EFB4CA8203102F09AFB014691
:1025C0004B462CAA44A802F0AEFE082321460093F5
:1025D00044AA059B54A802F06BFC22463CAB4CA9D4
:1025E00044A8CDF8009002F0BCFE2CA94B4608464A
:1025F00054AA02F00BFD013D2DB268E7E86500002A
:10260000C46500002DE9F74F2C254FF0580B3F4CC7
:10261000454394F8BC10C0F1000A0BFB01F16F18A0
:1026200027443E6A0AF02C0A51448146042230466F
:10263000214403F03FF98046002830D13B69DB0696
:102640002DD494F8BC00324B0BFB00556159621934
:1026500099421BD1D16813895B1817D25189CD18C3
:1026600014D2116A8B689D4210D240F60C67136930
:102670001F400BD1012802D1B9F1000F13D058230C
:1026800003FB00A02044FFF731FC60B1B9F1000F5B
:1026900005D0B2681AB100213046FFF7E3F80120F7
:1026A00003B0BDE8F08F582294F8BC3002FB03421F
:1026B000D26C964201D00020F2E70025012B019553
:1026C0001FD02BB94FF00108226AD2E901753D44B1
:1026D000582253432C2202FB09331C440423218932
:1026E00030460DEB0302194402F046FF0028D6D114
:1026F000B8F1000FDFD0019BBB42CAD3AB42DAD3A3
:10270000C7E74FF082759846024FE1E71845002071
:102710003DB8F396002800012DE9F7432D4BD3F87F
:10272000042391070BD5D3F8042142B10022C3F84A
:102730000421294AD3F80431136801331360254C6E
:10274000D4F80433DA033FD5244BD3E8EF2F22F03B
:102750000101C3E8E01F0028F7D1D30702D4D4F861
:1027600040318BB30025C4F84051D4F84031FEF716
:1027700011FBEFF31182202383F31288BFF36F8FD5
:10278000174BD3E90267B042B94120D3D3E900988F
:102790004FF0FF304FF0FF311D60C3E902014FF4ED
:1027A0008033C4F84833C4F84051D4F8403182F340
:1027B0001188BFF36F8FB9F1000F05D032463B4649
:1027C0000020CDF80080C84703B0BDE8F083A946DB
:1027D000EDE700BF00500150FC450020F44500200B
:1027E000E020002008B5034802F0ECF8BDE80840FE
:1027F00002F098B8806400004FF050232DE9F041BA
:10280000D3F80423D0070DD5D3F8002152B100220C
:10281000C3F80021D3F800210122C3F80823334B69
:102820001B6898474FF0502301250026D3F8044336
:102830002F4F04F082045CBB4FF05023D3F80423E5
:1028400091050DD5D3F8242152B1C3F82441D3F812
:1028500024214FF40072C3F80823264B1B689847C5
:102860004FF05023D3F80423D2053DD5D3F82021CF
:10287000002A39D00022C3F82021D3F820214FF4B8
:102880008072C3F808231C4BBDE8F0411B68184751
:10289000B4FA84F0C0F11F00830003F580739BB28B
:1028A00003F1502305FA00F2196892B224EA0204F7
:1028B0000029C0D01E601B684FF05023022AC3F8C5
:1028C00008230DD1D3F81814D3F8181401F003011C
:1028D000012905D1C3F81825C3F804239960AAE794
:1028E0003B68C0B29847A6E7BDE8F0814C4600209F
:1028F0000847002000470020F846002001222DE96B
:102900008048C04B97B003201A70FEF733FC0022BA
:10291000BD4BC3F8A821C3F8AC204FF48062C3F8C4
:10292000B8254FF40062C3F83C25D3F8A821002A4B
:1029300022DBD3F8AC30002B1EDBB44B18680168E7
:10294000D1B1B1FA81F30122C3F11F039A4021EA08
:102950000204D0E8EF5F8D4203D1C0E8E64F002EBD
:10296000F7D1ECD1A84943F00043C1F8A831C1F830
:10297000AC30A74BC3F804250420FEF7FBFBDFF8BF
:1029800094A2A54BC3F800A6C3F804A6C3F808A6F2
:10299000C3F80CA6C3F810A6C3F814A6C3F818A66B
:1029A000C3F81CA603F58053C3F800A6C3F804A619
:1029B000C3F808A6C3F80CA6C3F810A6C3F814A65B
:1029C000C3F818A6C3F81CA6C0220021934803F040
:1029D000DDFB0023914C924D012B84F8BC302CD9A7
:1029E00000234FF058089B46012B84F8BC3048D98F
:1029F000BBF1000F0ED0002384F8BC30E21892F82F
:102A0000BD10002900F08D810133DBB2012B84F869
:102A1000BC30F3D90023804F012B84F8BC3040F246
:102A2000218200230993012B84F8BC3040F29E835D
:102A3000099A022A00F08D84FEE7E21892F8BD2080
:102A400022B194F8BC300133DBB2C5E7594201F042
:102A50005801203115F8330021445E00FDF7A2FF34
:102A600060B9582394F8BC10013603FB014115F8F6
:102A700026004C31FDF796FF0028E2D0FEF772FDEC
:102A8000FEE7E21892F8BD20002A40F0A68008FB7D
:102A900003416448644E00EBC3225D004A6256F86D
:102AA000250002F580520A65FEF798FD002840F0E7
:102AB00081806B1C56F82300FEF790FD002840F043
:102AC0008F8094F8BC5008FB05431B6AD868836864
:102AD00004EB8505DB6898470368C5F8B430FEF75A
:102AE00049FD94F8BC300546002840F0BE8008FB44
:102AF0000342916AB1F5807F039100F2B680D2F86B
:102B00005490B9F5807F00F2B080864602460146B7
:102B100084460746582000FB0340039E8E4261D83E
:102B200091455FD88E4240F0A080914540F09D8055
:102B300001220C9202F101220D920022012BCDE91B
:102B40000E223A4F4FEA430640F09580384A8DF8FE
:102B500028300992013610A957F82600FFF766F9C8
:102B6000012808BF03234FF0000204BF8DF8403056
:102B70008DF843309DF824109DF840002D4B1E78B1
:102B8000042E06D0052E40F09B804E1E18BF012655
:102B90004EB15E78042E00F09A80052E40F09480AD
:102BA000012840F094800132032A03F10603E6D1A4
:102BB000012669E00122012094F8BC30824204EB36
:102BC00003011D4681F8B00089D1254495F8B02055
:102BD000023A022A98BF4BF0010B0133DBB203E744
:102BE0000922E8E7674527D1466A06EBC106766801
:102BF00001313744066D06EBC20676680132B444F3
:102C00008BE700BF7048042000A00250104700204E
:102C1000007001503546526E00800150184500206A
:102C20005064000014210020506400005064000033
:102C300003010303286C00000BD2466ABEF1020FA9
:102C400006EBC106766837440FD04FF0010E013114
:102C500063E7066DBEF1010F06EBC2067668B44469
:102C600003D04FF0020E013257E70121E21882F83B
:102C7000B0101D46A9E757F8260009A9FFF7D6F8B6
:102C800000283FF467AFFF2694F8BC30E21882F8C2
:102C9000B060002B99D0012EEBD0042EE9D094F82F
:102CA000B020042A04BF012284F8B020012BE0D018
:102CB00094F8B120042A04BF012284F8B120D8E797
:102CC000771A7E427E4163E786427FF46CAF9E783E
:102CD000042E04D09DF82770B7427FF464AFDE78ED
:102CE000042E04D09DF84370B7427FF45CAF1E7988
:102CF000042E04D09DF82670B7427FF454AF5E795D
:102D0000B31E022BBFD8022E07D101200CA9FFF75A
:102D100079FC00287FF44CAFB6E7042E18BF0326D9
:102D2000F3E792F8B0202C2002F0FB02012A4FF0CA
:102D3000580214BF0121002103FB02F200FB012213
:102D400014BF014600215B4203F0580319440123DC
:102D50002244156A009340232A4621440DEB0300C8
:102D600002F020FC00287FF455AE109E002E3FF4A8
:102D700051AE119F002F3FF44DAE4FF6FF78DDE9C5
:102D80001493994517D2738933B1139B4B4504BFF4
:102D900009F10409CDF8509004234946384608AAA1
:102DA00002F0EAFB00287FF435AE9DF84A302BB1E3
:102DB000139B4B4502D894F8BC3025E6BDF848007B
:102DC000BDF8223009F10401404503EB010203D0B4
:102DD000BDF820C0844507D10C2B149206D040F2D8
:102DE0000113A4F8B03015E61492C8E7284609AAE2
:102DF00002F0C2FB00287FF40DAE9DF82430012BB9
:102E00003FF608AE5821E21892F8B0204B43023A40
:102E1000022A8CBF002201222C2101FB0233234411
:102E2000197D9DF8282091429FD80AD3597D9DF89D
:102E30002920914299D804D3DA8ABDF82A309A42DF
:102E400093D294F8BC30234493F8B020012A07D0E1
:102E5000023A012A3FF6DEAD012283F8B020D9E51F
:102E60000422FAE7E11891F8BD20002A40F07B81A6
:102E700001200C9040F20110CDE90E228DF8362091
:102E800091F8B020ADF83400042A8DF8372008D826
:102E9000012A08D800F0CF80FF22234483F8B02015
:102EA000C9E0052AF6E7582505FB0343DE6CB3F8B5
:102EB00034809B6B304698444146042310AA02F0AC
:102EC0005BFB002800F0C080002600254FF0580B67
:102ED000A94694F8BC300BFB0343DA6CD3F820808E
:102EE0009B6A039294F8BC204B450BFB0242526A4A
:102EF00018D002EBC9025268294640460793069251
:102F0000FEF7B0FC069A079B1544B542C0F0C58099
:102F100094F8BC3004EB8303D3F8B450B6FBF5F659
:102F200005FB065594F8BC2004EB8203D3F8B400EB
:102F30004FF440735843582303FB0242536A926A8A
:102F40001968013A03EBC203002230305E689C46E8
:102F500032448242A3F10803F8D3DCF80030404643
:102F6000591AFEF77FFC4FF00009884E4D4500F2DC
:102F70009780D8F80810D8F80C00103921F0070510
:102F80008368DB6898471022417910A803F0FEF8A7
:102F900010227F4910A803F0EEF81023294640467E
:102FA00010AA02F04DFB002845D194F8BC0001287E
:102FB00040F0B780774B784A1A60784A5178C90751
:102FC00039D51278002A36D11B681B69744A1B68F0
:102FD000196891422FD11A89D9681A445368B3F1FC
:102FE000807F28D910256F4BC3F840544FF05023F1
:102FF000C3F81406F9B14FF0005300F13640A0F1C8
:103000004B10A0F5984018605A604FF42052996018
:10301000DA60FDF72BFF054602F0C4FD6248FDF7BC
:1030200023FEFDF723FF8542F8D002285D4B70D1C7
:103030000022C3F8402494F8BC30E21892F8B02083
:10304000FF2A40F09080FEE794F8BC30BDF84020A5
:1030500005FB0343DD8E46F608139A421AD1BDF8EC
:1030600042309D427FF430AF0423304610AA05EB76
:10307000080102F081FA00287FF426AF46F6071314
:10308000BDF840209A427FF41FAFBDF842602E4445
:1030900046441AE7002DF1D016E709F1010921E7AE
:1030A000A5EB090BBBF5806F28BF4FF4806B494639
:1030B0005B463E4A039802F05FFA0028BBD15B46AC
:1030C00049464046394A02F0BBFA0028B3D1C7F856
:1030D00000A6D944C7F804A6C7F808A6C7F80CA6E6
:1030E000C7F810A6C7F814A6C7F818A6C7F81CA6F4
:1030F000C6F800A6C6F804A6C6F808A6C6F80CA628
:10310000C6F810A6C6F814A6C6F818A6C6F81CA6D7
:103110002CE74FF050220121C2F814160022C3F808
:103120004024582294F8BC3002FB03431B6D5A68BC
:103130001AB100210398FEF795FB582294F8BC3091
:1031400002FB0343D3E91403013B00EBC3025268C3
:10315000002A3FF470AF50F8331003680398C91A7F
:10316000FEF780FB67E70133DBB255E4234493F8B5
:10317000BD208DF820209DF82020CAB1099B013385
:10318000099394F8BC300133DBB24CE40090015059
:103190001E670000144100203C620000D82000207F
:1031A0003DB8F3960030005040420F001841002017
:1031B00093F8B030012B40F0C68000210846FFF79D
:1031C00021FA0028DAD04FF0FF35102200210CA898
:1031D00002F0DCFFFEF7C6F9002D40F0D68040F289
:1031E00015126A4B0126C3F80026C3F80426C3F85B
:1031F0000826C3F80C264FF48272C3F80027059BFB
:10320000049A1B89624CDFF88C911344C9F8003092
:1032100015206660FDF704FC4FF400125E4B2F464C
:10322000C4F80833C4F848335C4BDFF874A1C3F822
:1032300080214FF0FF335B4A5660C2F84833C2F832
:1032400008336660C4F84833C4F808334FF0FF38D9
:103250005AF8044B0DF1400BC4F8088344F30730CF
:10326000FDF7DEFB6660C4F84C71D4F84C31C4F84D
:103270001071D4F81031C4F84471D4F84431C4F852
:103280000075D4F80C351093D4F814351193D4F894
:1032900008351293D4F810351393C4F80C85C4F88C
:1032A0001485C4F80885C4F810854FF000085BF851
:1032B000040B431C05D00023012219460093FEF79E
:1032C000F3F908F10108B8F1040FF0D180220021D0
:1032D000A01802F05BFF8022002104F5C07002F00C
:1032E00055FF6B1C022B4FF00105AFD14FF0FF32A1
:1032F0002D4BC3F808254FF050235E60C3F8082318
:10330000BFF36F8F72B60023244903F1200001330D
:10331000102B41F82020F8D100234FF0FF301F4A36
:1033200003F160010133102B42F82100F8D1FDF7C1
:1033300057FB002383F30B8883F30A881B4BD9F8D0
:1033400000009847FEE7FEF715F900283FF435AF77
:1033500039E7002594F8BD3084F8BC5043B194F8A7
:10336000BE3013B184F8BC202FE7012384F8BC30B1
:10337000582202FB0342126A5B42526803F0580370
:10338000E3180025049205931FE7FEE70030005084
:1033900000500150D845002003000F0000E100E07C
:1033A00060640000004001500070015001200020C6
:1033B0002DE9F74F4FF0010808FA00F816460446C9
:1033C0001F466FEA0802DFF834A1DAE8EF3F03EAAC
:1033D0000201CAE8E01F0028F7D14FF48035DFF87A
:1033E0002091A540C9F80853BFF35F8FBFF36F8FDB
:1033F00008EA03030093FDF7CDFCB04271EB07032D
:103400004BD2404B301A67EB0101984271F1000139
:1034100071D23D4B03EB0413D3E902239F4208BF53
:10342000964243D04FF0000B26F07F4EF446032027
:1034300004F150039B009BB203F1502303F580334A
:10344000C9F84853C3F800B01A6804F5A87201928D
:1034500001992CF07F4249F821206FF00202C9F84F
:103460004453D9F80415521A6244DFF8A0C022F080
:103470007F4262451AD91A685AB1D9F80415A1EBEE
:103480000E0222F07F42B2F5000F0FD9C3F800B050
:103490001A6800EB010C0130DAE71D4BD3E8EF1F8F
:1034A00041EA0801C3E8E21F002AF7D1164919488A
:1034B0002301C850002001EB0412C2E902675060EA
:1034C000009BABB1DAE8EF3F43EA0803CAE8E23F0A
:1034D000002AF7D10A4BC3F804530D4BD3E8AF3F92
:1034E000E340DB0742BF4FF400120B4BC3F800214F
:1034F00003B0BDE8F08F6FF01500E1E7F045002064
:103500000050015001008000E0200020FDFF7F00FE
:10351000F44500201D35000000E100E02DE9F843EE
:10352000384922F07F45D1E90063921B140A22F04A
:10353000FF02921943F10003C1E90023A5F5001130
:10354000B1F5400F0AD2304909684FEA112C09063B
:103550004E192E494CF10007C1E9006712F580723F
:1035600043F10003FFF724FF2346EFF311852022E8
:1035700082F31288BFF36F8FDFF89490DFF89480A6
:10358000D9F80000244F484508BF0020234EC8F852
:103590000040D7E9002120B1C4689C420FDDE41A45
:1035A000C4609A1841EBE3710023C7E90021C8F811
:1035B000003085F31188BFF36F8FBDE8F8830023D7
:1035C000A21841EBE471C360C7E90021FDF7FAFDE1
:1035D000C66085F31188BFF36F8F83689847EFF358
:1035E0001185202383F31288BFF36F8FD8F8003042
:1035F000D9F800001B1B484508BF0020C8F8003060
:10360000C7E700BFF8200020FC4500200021002073
:1036100048200020F8450020F02000200100008014
:103620002DE9F0414FF0FF3000264FF0FF315E4CA6
:103630005E4B4FF40012C4F80833C4F848335C4BB7
:10364000C4F80865C3E902014FF480330221012563
:10365000C4F80433574BC4F804131520C3F8802171
:10366000FDF7F0F91520FDF7CDF9534BA5604FF4A8
:103670008072256030461D600023FFF799FE4F4B96
:10368000D3E8EF2FC3E8E15F0029F9D1002A3ED14A
:103690004B4B9D6099685A6001F00301A942DA60C2
:1036A00035D1DA609A68032A31D8EFF311842022E9
:1036B00082F31288BFF36F8F4FF6FF754149888EF2
:1036C00000F00702C88EA84235D0062A33D8DFE8BA
:1036D00002F0123204321232120001230130C88685
:1036E00084F31188BFF36F8F8BB1002334493648C0
:1036F00001F008FF0BE000201860086AC0B9C1E9BA
:103700000733C2B9224602212F48FDF757F8EFF3DD
:10371000058595B1EFF31186202383F31288BFF35B
:103720006F8F01254FF050244FF00008214F25E006
:1037300003600B62E5E70023D2E7244B1B78002BE4
:10374000E8D04FF0502302222E46C3F80823E9E7C1
:103750003046FDF741FBD4F81835DBB2012B0DD113
:10376000D4F8042152B1C4F80481D4F8042102220F
:10377000C4F818252022C7F88021A360D4F81824A3
:10378000D4F81834D203E3D503F00303022BDFD1BE
:1037900035B186F31188BFF36F8F0020BDE8F0814B
:1037A000C4F80433F9E700BF0050015003000F00D4
:1037B000E020002000E100E0F0450020EC45002082
:1037C000DC4500205446002070460020704804204C
:1037D0002DE9F04F8B4691461C46002595B002908E
:1037E00099F8000008B9284643E225280CD059462C
:1037F000029B98470028C0F23C8209F10103013581
:103800000493DDF81090EBE7182200210EA802F0D7
:10381000BDFC99F801A0BAF1250F53D000229646BD
:1038200094461746164609F10100014610F8013B7F
:103830002B2B75D06ED8202B74D0232B75D02AB1AA
:103840009DF8402042F040028DF84020BEF1000F6C
:1038500005D09DF8402042F020028DF84020BCF1B8
:10386000000F05D09DF8402042F010028DF8402056
:103870002FB19DF8402042F008028DF840202EB173
:103880009DF8402042F004028DF840209DF8402031
:1038900002F04400442803D122F040028DF8402079
:1038A0009DF840202A2B42F080028DF8402040F005
:1038B000A5809DF841204B1C42F001028DF841206B
:1038C00000274BE04FF00008474609F1020304933C
:1038D0009DF84120D60740F1498154F8047B002F20
:1038E00006DA9DF840107F4241F004018DF8401047
:1038F000500740F1428154F8048BB8F1000F80F278
:103900003F819DF8412022F002028DF841204FF0C6
:10391000FF3835E12D2B0BD0302B90D1012284E7DD
:10392000012782E74FF0010C7FE74FF0010E7CE7A3
:1039300001267AE713460CFB0707303F1A4612F8B8
:10394000010BA0F13006092EF4D99942B8D09DF8A8
:103950004020F90F61F341028DF840201A782E2A99
:103960000CBF012100219DF8412061F341028DF837
:1039700041204FD15A782A2A45D04FF000080A2614
:1039800001331A4612F8011BA1F13000092844D96D
:103990009DF84020C2F3400141EAD87161F3410231
:1039A0008DF840201A786C2A58D03CD8682A42D02A
:1039B0006A2A5CD04C2A62D013F801AB9DF84120F2
:1039C000BAF1780F049311D8BAF16D0F64D8BAF137
:1039D000690F0BD8BAF1570F7CD8BAF1410F00F03C
:1039E000AF80AAF14502022A40F2AA809DF8402049
:1039F00042F001028DF84020002295E00B4600279E
:103A00004FF00A0C9AE79DF84120023342F004027D
:103A10008DF841204FF00008C4E706FB0818134654
:103A2000A8F13008ADE7742A25D07A2AC4D106213E
:103A30009DF841200CE05A78682A9DF8412006D173
:103A4000012161F3C6028DF841200233B4E702215F
:103A500061F3C6028DF841200133ADE75A786C2A34
:103A60009DF8412001D10421EBE70321F0E7052176
:103A70009DF84120ECE707219DF84120E8E7BDF8DB
:103A8000402022F4F04222F0020242F4804242F04E
:103A90000202ADF84020DFE70121AAF16E00C0B2BA
:103AA000814040F28240014225D111F0240F50D1D3
:103AB000CB079BD503209DF8421002F07802A2F1BB
:103AC000400C60F30201DCF100028DF8421042EB81
:103AD0000C0229E00120AAF15801C9B200FA01F153
:103AE00011F4624F2CD111F4043F27D140F60100AC
:103AF00001423FF47BAF02219DF8420002F07802C0
:103B0000402A61F3020008BF9DF840108DF8420082
:103B100004BF41F001018DF84010003A18BF0122A6
:103B2000BAF1630F18BF00229DF84010C1F34000A6
:103B3000024362F341018DF84010C9E60146DBE71C
:103B400004219DF8422061F302028DF842200122F7
:103B5000EAE703209DF8421002F0780260F30201C8
:103B6000003A18BF01228DF84210DDE79DF94010A0
:103B70000029A8BF4FF0FF37BAE691077FF5C7AE1F
:103B80009DF842109DF8412001F007010139C2F370
:103B9000C302032952D8DFE801F0022A6149D11E8D
:103BA000042904D8DFE801F0190F0F191900012AC0
:103BB00054F8041B15D0022A15BF084608B2C117D5
:103BC00041F3C03110E0E01D20F0070004464068DA
:103BD00054F8081BCDE90E1030E054F8041BC81748
:103BE000F8E748B241F3C011CDE90E0126E0D11E3D
:103BF000042904D8DFE801F0130B0B131300012A8A
:103C000054F8041B0FD0022A08BF89B20CE0E11D52
:103C100021F007010C46496854F8080BE4E700213D
:103C200054F8040BE0E7C9B20020D3E7073424F0CE
:103C30000704D4E90001CDE90E0108349DF84010D5
:103C400011F0030618D04E46049BB3420AD8A6EBE7
:103C50000906002E30460CDB3544D2E554F8041B2F
:103C60000E91EBE7594616F8010B029B9847002886
:103C7000EADA15B0BDE8F08FBAF1780F3FF6C1ADC2
:103C8000BAF1620F18D8BAF1250F49D0BAF1580F1E
:103C90007FF4B7ADDDE90E010DF13603009310AAF4
:103CA00008AB8DF843A001F0E5FB119B81469DF820
:103CB00043A0129A039398E0AAF1630015283FF6F7
:103CC000A0AD01A656F820F01B3E0000353E0000D6
:103CD00003380000033800000338000003380000F8
:103CE000353E0000033800000338000003380000B0
:103CF000033800005F3E00005B3E0000B53D000061
:103D00000338000003380000313D00000338000094
:103D10005B3E000003380000033800005B3E0000FB
:103D200059465046029B98470028A2DB013568E5BA
:103D3000B8F1000FDDF8389034DB002019F80020CE
:103D40000AB180452CD10026324609EB00030593C9
:103D500003969DF8421011F01003069300F09C802A
:103D60000230039B4906184448BF8018002F40F3D7
:103D7000A8809DF840203F1A5307C2F3800800F145
:103D8000A080500640F1C18046B159463046029BA2
:103D900098470028FFF66DAF464601353022B5E062
:103DA0000130CBE7484602F0B8F9B9F1000F3FF413
:103DB00028ADC8E70E98002865D070238DF84330F1
:103DC0000DF13603009310AA08AB002101F052FB5D
:103DD000002681464FF0780A119B129A03939DF8B2
:103DE000423043F010038DF842300DF13600B8F147
:103DF000000FA0EB09000ADB9DF84010804521F080
:103E000040018DF8401002D9A8EB0003039306B1DE
:103E100001300DF1360305939BE700260E9A0DF154
:103E200021038DF8202001203246039605930DF1E1
:103E300020098EE70A075DBFC1F300114901CEB228
:103E40002B26DDE90E12002ABFF624AF494262EBB1
:103E500042022D26CDE90E121CE700261AE70E9B22
:103E6000072A3FF6CEACDFE802F00C04060C080887
:103E70000C0C1D70C5E41D80C3E4EA17C3E90052B1
:103E8000BFE41D60BDE4384B06460246039005932F
:103E90000520A3F105095CE70B0748BF013060E787
:103EA000104607925946029B98470028079AFFF64A
:103EB000E0AE4146002908F1FF38F1DC3D444746B9
:103EC0006D1A3EB159463046029B98470028FFF6CE
:103ED000D0AE01359DF84220D10601D4130707D595
:103EE00059463020029B98470028FFF6C2AE0135A4
:103EF000069B3BB159465046029B98470028FFF667
:103F0000B8AE0135039E2E440AE02022B846D0E721
:103F100059463020029B98470028FFF6AAAE01358B
:103F2000731B002BF4DC4E46059BB34214D8A6EB62
:103F30000906002E3046FFF69CAE35442F447B1B0D
:103F4000002B7FF75EAC59462020029B9847002843
:103F5000FFF68FAE0135F2E7594616F8010B029BCA
:103F600098470028E0DA84E6336700000FB41FB5F5
:103F700006AB53F8042B0393002104480091FFF78C
:103F800027FC05B05DF804EB04B0704771540000E5
:103F900005460C4608B599B1D1E9012313480968D3
:103FA000FFF7E4FFD4E90423E1681148FFF7DEFFDF
:103FB000E1691048FFF7DAFFA1690F48FFF7D6FF64
:103FC000012D05D1EFF305810C481039FFF7CEFF25
:103FD000EFF31183202383F31288BFF36F8FEFF386
:103FE000118283F31288BFF36F8FFEE734670000FE
:103FF0006467000094670000A4670000D3670000B6
:1040000070B5264C26480E461546FFF7AFFFA36A4B
:10401000D80640D52348FFF7A9FF1120A36A190746
:1040200003D52148FFF7A2FF12201C4CA36A9A0770
:104030000FD51E48FFF79AFF616BA36A1B0607D5D1
:104040001B48FFF793FF1EB1A36A23F08003A3620E
:104050001320124CA36ADE0703D51648FFF786FF2C
:104060001420A36A9C0603D51348FFF77FFF152091
:104070000A4B9A6AD10658BF9A6A9A6A920642BF58
:104080005A6A22F400525A629A6A42F0FF029A6215
:1040900000232B7070BD1020C0E700BF00ED00E0D2
:1040A000E7670000FE670000326800004668000015
:1040B0005F680000766800009668000070B5244CC8
:1040C00024480E461546FFF751FFA36AD90435D59B
:1040D0002148FFF74BFF1720A36A1A0503D51F4895
:1040E000FFF744FF18201A4CA36A9B050FD51C4804
:1040F000FFF73CFFA16BA36A180407D51948FFF727
:1041000035FF1EB1A36A23F40043A3621920104CAB
:10411000A36A590503D51448FFF728FF1A20A36A9C
:10412000DA050DD51148FFF721FF1B20084A936AD5
:1041300043F47F43936200232B7070BD1620CBE7BE
:10414000A36A9B04F2D50A48FFF710FF1C20EDE795
:1041500000ED00E0C6680000DD6800003268000085
:10416000EF680000096900001F6900003B6900005A
:104170009668000010B5204C2048FFF7F7FEA36AB0
:10418000990137D51E48FFF7F1FE1E20A36ADA0118
:1041900003D51C48FFF7EAFE1F20174CA36ADB0279
:1041A00003D51948FFF7E2FE0220A36A1C0303D5DA
:1041B0001648FFF7DBFE21200F4CA36A590303D5F5
:1041C0001348FFF7D3FE2220A36A9A0303D51148B0
:1041D000FFF7CCFE2320084CA36ADB0303D50E486F
:1041E000FFF7C4FE2420A36A6FEA03436FEA134378
:1041F000A36210BD1D20C9E700ED00E05469000076
:104200006D690000816900009C690000C7690000B9
:10421000E66900000C6A0000276A00002DE9F04101
:104220005C4B05465F6800268AB0C7F3080486F336
:104230001188BFF36F8F02F07F43B3F17F4F06D138
:1042400002F00C03082B13D15348FFF78FFE002612
:1042500035464FF00008E31E8DF80780092B00F269
:104260008680DFE803F00A7A7E7584848484848201
:1042700010074CBF0D460126EBE74848454CFFF7B9
:1042800075FE8DF80780E36A9A0704D54448FFF766
:104290006DFE00242AE0E36A002B01DA4148F6E7CC
:1042A000E36A5B00F5D54048FFF760FE6369AA69E1
:1042B00043F480736361BFF34F8FBFF36F8F32F8A6
:1042C000023C626922F480726261BFF34F8FBFF3D8
:1042D0006F8F03F47F42B2F55F4F1FD1DBB2022B29
:1042E0001CD129683148FFF741FE2C689DF8073042
:1042F000002B4BD12022294602A801F03CFF099B4C
:10430000002E40D0C3F3080222B96FEA53236FEAAC
:1043100043230993204602A9FFF73AFE1D4B9A6AF0
:10432000D2B232B101210DF107022846FFF768FE33
:1043300011E09A6A12F47F4F06D001210DF10702B5
:104340002846FFF7BBFE06E09B6AB3F5803FA0D38B
:104350002846FFF70FFF0446C8E700210DF10702CA
:10436000E3E700210DF10702EAE711488FE7114B5F
:1043700017F4F87F1049114808BF1946A4F110023C
:10438000FFF7F4FD85E76FF30803C2E70AB0BDE865
:10439000F08100BF00ED00E0816A0000AD6A00001E
:1043A000C56A0000E76A0000F66A0000166B0000AC
:1043B000336B0000536A0000686A0000586B00000D
:1043C00010B572B6002484F31388FCF709FB23466A
:1043D0004FF0FF300C4A03F120010133102B42F85B
:1043E0002100F8D100234FF0FF30074A03F16001AC
:1043F0000133102B42F82100F8D162B6BFF34F8F82
:10440000BFF36F8F10BD00BF00E100E08FB5A54A7C
:10441000A54B22F07F029A60BFF34F8FBFF36F8FDF
:10442000D3F88820A14822F47002C3F88820A04A5B
:104430000021121A01F0AAFE9E489F4A9F49121AB3
:1044400001F099FE9E489F4A9F49121A01F093FE7F
:10445000002250B201210132FCF7F4FA452AF8D1CA
:104460000020FCF787FE994B03F5006282F3088871
:1044700083F30A880021E0228B4B954E83F822209B
:10448000D97719765976997683F820105A6A42F4CA
:10449000E0225A6283F823105A6942F010025A61EE
:1044A0005A6942F480625A615A6922F008025A61DC
:1044B00010221A614FF0FF329A62DA62D3F890202C
:1044C00012F47E4F29D0BFF35F8F824AC3F8941055
:1044D000C3F8C02002228048C3F89810C3F89C207B
:1044E000C3F8A0000120C3F8980000F12020C3F811
:1044F0009C0000F5DB2000F2E270C3F8A0003270EF
:10450000D3F89000C0F3072082424BDB0522C3F8AA
:104510009420BFF34F8FBFF36F8F704934784D688D
:1045200020461DB11F2D55D86FF01504347002259B
:1045300001246B4B6B49C3F800450020C1F8D056ED
:1045400001F01DFB204601F01AFBC1F804471C22B4
:10455000C1F804496448C1F8004B002101F016FE7F
:10456000624B614A20461361FCF704FE2846FCF7C3
:1045700001FE002383F30B885D4C5E4DA4F52056AD
:1045800086F30B8884F3098800200449884718467D
:1045900019461A46A84702488047FEE7FB6000001C
:1045A00009610000C3F89820C3F8A0100132A7E702
:1045B000C7F89880D7F89C3063F30405C7F89C507F
:1045C00001F055F868E0D145F2D15FFA88F001F0CA
:1045D0004EF8ABE7EF06A7D10B68DA06A4D143E8A3
:1045E00000F21D4412F4803F5FFA82F805F1FF3AB1
:1045F00008BF6FF015084AE800F2D7B2D20393D58E
:10460000B84591D1A0458FDA274FC7F89880D7F8E1
:104610009C20C7F89880D7F8A09022F01F02934200
:1046200049F01F09CFD0013BC7F8988023F01F0243
:10463000D7F8A030D14503F01F0343EA0203204618
:10464000C7F8A030BCD001F012F810F1160F3FF4FB
:104650006BAFC7F89880D7F89C209DF8083009F117
:10466000FF3962F304038DF80830D7F8A0300095C5
:1046700025F01F059DF808204D445B08A5EB0A05B1
:10468000013063F3471225F01F056946C0B28DF86B
:1046900008200395FCF7F6F910F1160F3FF444AF2C
:1046A000441C43E70000000000ED00E0E020002093
:1046B0007448042040200020DC200020B06E000060
:1046C0000020002040200020706E00007870042040
:1046D00073480420AAFF4400E1FF0F00AC6400000F
:1046E000001000500040005030470020B864000027
:1046F00078700420FD28000008B501F00CF958B1CD
:10470000584BD3F8202A3AB90D21C3F8201A0121B9
:10471000C3F81C19C3F81C290022D30003F57F033A
:10472000D3F80013013107D0D3F800130132D3F8C6
:104730000433202A0B60F0D101F0EDF8002840F09E
:10474000888001F0E8F840B1474B484AC3F830256B
:104750004FF050230122C3F858254FF47F03D3F8BC
:104760003021D3F83431072A06D1023B012B9EBFFA
:1047700000223F4BC3F84C2501F0CDF850B14FF06B
:104780005023D3F80024D10742BF0022C3F81421DC
:10479000C3F8182101F0CCF848B14FF05023D3F8FA
:1047A0000024D20744BF6FF00102C3F8002401F0D7
:1047B000B2F818B165222B4BC3F80C2701F0B8F8FA
:1047C000B0B12B4BD3F82034002B11DA4FF050232B
:1047D0000322C3F8182501229A60D3F80421002A85
:1047E000FBD00022C3F804210122DA60C3F81825A7
:1047F00000F056FFE8B17E221A4B1B49C3F80C2784
:10480000C3F83C297F231B4AC2F818310023C1F8A2
:10481000043EC1F8083E01F54821C1F81031C2F844
:104820002431C2F82C3102F5FF1202F58052C2F891
:10483000A032114AD2F88C3043F44063C2F88C3075
:104840000E4A0F4B1168C3F84415D269C3F84C25C2
:1048500008BD2922034BC3F80C270322C3F83C27C9
:104860006FE700BF00400050009003504400EFBECF
:10487000002003500020005000ED00E00080FF0009
:104880000060005030BFFFF7FDBF00BFEFF30880AE
:10489000EFF3098101B57246FFF7C0FC01BD00BF0F
:1048A000002080F31488BFF36F8F002080F30A8804
:1048B00080F30B880F4880F30888FFF71DFF002066
:1048C0000D490860BFF34F8FFFF77AFD202080F37A
:1048D00011880A484FF40061401880F30988EFF30B
:1048E00014800221084380F31488BFF36F8FFFF711
:1048F0008DFD00007870042094ED00E078700420B5
:104900001EF0040F0CBFEFF30880EFF309808169FC
:1049100011F8021C0229FFD001B5724601F0E6FB36
:1049200001BD00BF10B50A4C23681BB101232360F1
:10493000002010BD00F04EF80028F7D001380728FD
:1049400003D8044B53F8200010BD034810BD00BF2E
:104950004C47002074660000FE8FFFFFBFF34F8FAF
:104960000549064BCA6802F4E0621343CB60BFF30B
:104970004F8F00BFFDE700BF00ED00E00400FA0527
:1049800030B44FF0FE3200250B4B0C4C0C494968FB
:10499000C3F80024C3F80424C3F80824C3F80C2483
:1049A000C3F81024C3F81424C3F81824C3F81C2433
:1049B000C4F8005530BC0847005084500040845073
:1049C00054200020024BD0E90012C3E900127047C6
:1049D0005420002008B500F013F830B900F014F8A6
:1049E00028B9064AC2F80C0A08BD032008BD00F029
:1049F00009F800F043F8042008BD00BF00508450BF
:104A0000002070470020704710B5154800F05EF890
:104A100000B110BD134800F059F80028F9D1124C2C
:104A2000204600F053F80028F3D1104B10481C60CA
:104A300000F04CF80028ECD10E4800F047F80028B0
:104A4000E7D10D4800F042F801460028E1D100F01E
:104A500039F8044608B900F04DF8204610BD00BFF3
:104A600074200020702000206C2000206420002092
:104A700068200020602000205C20002008B50B4842
:104A800000F02EF80A4800F02BF80A4800F028F849
:104A9000094800F025F8094800F022F8084800F01D
:104AA0001FF8BDE8084000F00FB800BF74200020D8
:104AB000702000206C200020682000206020002052
:104AC0005C20002000207047704700BF08B5034BF2
:104AD00002681B6810689847002008BD8C200020E1
:104AE00008B5034B02685B6810689847002008BD52
:104AF0008C20002070B5094C094D2069AB6898479F
:104B000018B1084B08485B6898470021074AEB68D2
:104B100011602069BDE87040184700BF7820002070
:104B20008C20002054200020946600005047002074
:104B300010B5044650B1636813F0685F05D0064AAB
:104B4000934202D000236260236010BD034B0448EF
:104B50005B689847EFE700BF2C5F5CA954200020FA
:104B6000B4660000C8B143680D4A934213D013F0F5
:104B7000685F0ED0012350E8002F194640E8001C62
:104B80009CF0000FF7D1012AF5D0BFF35F8F002012
:104B9000704704487047044870476FF4E04070471E
:104BA0002C5F5CA9E98FFFFFEA8FFFFF034680B10E
:104BB000426809498A420AD012F0685F05D0BFF303
:104BC0005F8F002210461A607047044870470448FF
:104BD00070476FF4E04070472C5F5CA9E98FFFFFDE
:104BE000EA8FFFFF10B5044620B10023034A23607B
:104BF000626010BD0248FFF7C3FEF6E73A00003AD4
:104C0000DC660000F7B500290746164629DB8368F5
:104C10008B4226D97B68C068CC18836801AA5B697F
:104C200069469847002213460199481E019011B920
:104C30006FF0150017E00099486874B95542D1F833
:104C400000C0AC45E64628BFAE46AC450EFB00337F
:104C500072440AD808310091E6E7E51AB5FBF0F591
:104C6000EDE76FF0210003B0F0BD7A689B1AC6E94A
:104C700000300020F7E7002310B51C465AB29142DD
:104C800000DC10BD40F823400133F7E700231A464B
:104C900010B55CB2A14203DCB2FA82F0400910BD4B
:104CA00050F8234001332243F3E701234A1150F81F
:104CB000220001F01F018B40184070474B1E10B5B9
:104CC0005BB2041D1A0603D45A1E54F8221071B1A7
:104CD00001335BB24BB103F18042013A50F822201C
:104CE000B2FA82F2C2EB43139BB218B210BD134664
:104CF000E8E7002310B55CB2A24200DC10BD51F819
:104D0000234040F823400133F5E710B5013A52B291
:104D1000130601D5002010BD50F8224051F8223072
:104D20009C4205D802F1FF32F2D24FF0FF30F2E799
:104D30000120F0E7F0B5002406469C46204665B207
:104D4000AC4500DCF0BD51F8247052F824303D1A17
:104D5000ED1AAF4218BF002046F8245038BF40F08B
:104D600001000134EBE7F0B500240646204665B2A9
:104D7000AB4200DCF0BD51F8247052F824503D44A1
:104D80000544AF4218BF002046F8245088BF40F0C9
:104D900001000134EBE7002300EB8101884200D3DE
:104DA000704751F8042D43EA52030B60D307F5E72F
:104DB0002DE9F74F00273C463D464FFA87F99945C4
:104DC00016DB4FF0FF364FF0000806EB4306019666
:104DD000019F53FA88FE4FFA8EFEBE455FFA88F6B1
:104DE00028DB00EBC30040F8044C03B0BDE8F08FB3
:104DF0004FF0000EF04602EB870A51F82EC05AF829
:104E000004694FF0000BACFB066C36195CEB050C2B
:104E100028BF4FF0010B0EF1010E34464FFA8EF60B
:104E2000B1456546D844E8DA40F82740454664462F
:104E30000137C2E7A9460025013676B202EB8E0A99
:104E400077B2BB4205DC40F82E4008F101084C4621
:104E5000BEE76FF00307774351F826C05AF8077092
:104E60004FF0000BA7FB0C7C3F195CEB090C28BF33
:104E70004FF0010BE1463C465D440136E0E770B57A
:104E80009DF910601D4633460446FFF76CFF30B9AC
:104E9000324621462846FFF738FF012807D033461F
:104EA0002A4621462046BDE87040FFF743BF70BD4B
:104EB00070B59DF910601D4633460446FFF73AFF72
:104EC00038B133462A4621462046BDE87040FFF7F8
:104ED0004ABF70BD2DE9F04F1D46A7B006ABCDE926
:104EE00004310290294610469046FFF7E7FEC0EBDA
:104EF000851424B22146002CB8BF04F11F0163427F
:104F000003F01F0316AF384641F3471104F01F06A4
:104F100058BF5E42FFF7AFFE002E4FEA81002CDD46
:104F2000002213463844C6F1200E9D421AD80126AD
:104F3000AB00039307EB8503019305F1FF3826AB24
:104F40004FEA450903EB8808002C55DA26AB03EB42
:104F500086062A4656F8881C0298FFF7CAFE27B034
:104F6000BDE8F08F58F823C001330CFA06F10A436C
:104F700040F8042B2CFA0EF2D7E72A464146384473
:104F8000FFF7B7FED3E75AF8883C53F8212026AB49
:104F900003EB810353F8403C6344D31A34BF4FF012
:104FA000010B4FF0000B9A4204D0BBF1000C18BF6C
:104FB0004FF0010C5EF8882C013042F8213041B2EC
:104FC0004945E0DBA6EB0C035E42294638465E41CC
:104FD000FFF7E1FE039B294698336B4453F8402CBE
:104FE00058F8403C019843EAC273013C48F8403C01
:104FF00024B2FFF7D0FEA7E7002026AB86F0010E13
:10500000844603EB860A03EB8E0ED8E730B50546DF
:105010001C4691B0684693F90030FFF7C9FE694617
:105020002846D4F8AC30984711B030BD70B503684D
:10503000054613F00106144605D013460A460146FC
:10504000FFF791FE064621462846FFF7A4FE46B12B
:1050500004F18042013A55F8223043F0004345F80C
:10506000223070BDF0B50F460646A1B0194638464D
:1050700015461C46FFF70AFE28B1304621B0BDE8B0
:10508000F040FFF7F8BD224639466846FFF731FE8B
:10509000294608A8FFF72DFE10A82146FFF7EBFDD3
:1050A000012318A81093FFF7E6FD2246684608A9D9
:1050B000FFF72BFE30B92246304610A9FFF719FE44
:1050C00021B0F0BD009BDA0709D421466846FFF7FE
:1050D00062FE2246294610A8FFF7A8FFE5E7089BD5
:1050E000DB0707D4214608A8FFF755FE22462946CC
:1050F00018A8F1E7012823461CD108AA694668468A
:10510000FFF718FE21466846FFF745FE224618A91C
:1051100010A8FFF7FAFD013005D110A923462A4651
:105120000846FFF720FE10A92346084618AAFFF7F5
:1051300001FECEE76A4608A8FFF7FCFD214608A855
:10514000FFF729FE224610A918A8FFF7DEFD01305F
:1051500005D118A923462A460846FFF704FE18A9D8
:105160002346084610AAFFF7E5FDBFE72DE9F04703
:1051700093F900600446894692B0314610461546C0
:105180001F46FFF783FD002840F095803B464A46C6
:1051900049460AA8FFF73AFF3B4621460AAA02A859
:1051A000FFF734FF0AAA114610463B46FFF72EFFD1
:1051B0003B462A4649464846FFF728FF07F10408C0
:1051C0003B462A4629462846FFF720FF43462A4603
:1051D000214620460096FFF752FE43462A462946BE
:1051E00028460096FFF74BFE43462A4621462846AE
:1051F0000096FFF75DFE3B462A4621462046FFF714
:1052000005FF43462246214628460096FFF737FE13
:1052100043462A46214620460096FFF730FE236883
:10522000DB074BD53346424621462046FFF79BFD20
:10523000824631462046FFF7AEFD06F18043013B32
:1052400054F8232042EACA7244F823203B462246FF
:1052500021462846FFF7DAFE43462946284602AA99
:105260000096FFF725FE43462946284602AA0096E7
:10527000FFF71EFE02A9084643462A460096FFF79E
:1052800017FE3B462146204602AAFFF7BFFE0AAAA8
:105290004346104621460096FFF70AFE324629464D
:1052A0002046FFF726FD49462846FFF722FD4846DF
:1052B0000AA9FFF71EFD12B0BDE8F087314620466F
:1052C000FFF769FDC2E72DE9F0418AB004461546B3
:1052D0000E461C22002103A800F058FF032395F975
:1052E000008032463146204602932F1D2B46FFF7A1
:1052F0008DFE3B462146204602AACDF80080FFF7EE
:10530000D7FD2B46324621462046FFF77FFE3B461F
:1053100021462046CDF8008005F18402FFF7AFFD5D
:105320000AB0BDE8F081F0B51C46074615460E46AA
:1053300089B011466846FFF769FE23466A4639463A
:105340003846FFF763FE23462A4669466846FFF75C
:105350005DFE23466A4631463046FFF757FE09B0E8
:10536000F0BD2DE9F0478AB0DDF848A01446564656
:1053700080461D46894616F9047B0246334621467F
:1053800002A80097FFF794FD02AA53461146104663
:10539000FFF73CFE53464146404602AAFFF736FE61
:1053A00053462146204602AAFFF730FE33464A46BE
:1053B000294628460097FFF77BFD53462A46294693
:1053C00002A8FFF723FE02A933464246084600978B
:1053D000FFF76EFD02A93346224608460097FFF705
:1053E00067FD33464246214620460097FFF760FDA1
:1053F0005346224649464846FFF708FE3346414693
:10540000204602AA0097FFF753FD5346224629463D
:105410002846FFF7FBFD33464A46294628460097B3
:10542000FFF746FD3A46204602A9FFF762FC0AB0A4
:10543000BDE8F087F8B50E46D11C48BF911D144653
:1054400041F38701FFF717FC0025671E6AB2A242ED
:1054500005F1010500DBF8BDBB1A23F00301B25CC6
:1054600003F00303DB009A40435813434350EDE736
:10547000002070472DE9F84F9A46D37881466F2B6C
:105480000F461546A3F1410B2BD026D8582B14BF3D
:105490000A261026DDF82880324600234846394681
:1054A000FAF758FE092A08F1FF38D4B21ED8303472
:1054B000B145E4B277F1000788F8004001D3D04548
:1054C00011D82B789B0605D5082E15D1AB7843F063
:1054D0000803AB704046BDE8F88F03F0F703702B6C
:1054E000D5E70826D6E781460F46D5E7BBF1190F69
:1054F00094BF37345734DBE7102EEBD1AB7843F051
:105500001003E6E730B400258C68CB6004F0030498
:10551000032C14BF2C464C688D6014B1A44630BCDB
:10552000604730BC7047038B13F0070306D1036854
:10553000002B18BF032008BF00207047022B05D1A5
:10554000408BB0FA80F0400980007047012B04D1F5
:105550000368002B18BF0520EDE70020704710B44A
:10556000EFF31182202484F31288BFF36F8F41611F
:1055700010BC0121FBF722B9002930B404460DDB31
:10558000806888420AD9401A834207D8E068646874
:10559000214484682468A44630BC60476FF015003D
:1055A00030BC70472DE9F7430E461746994604462E
:1055B00028B94FF0FF38404603B0BDE8F08300291A
:1055C000F7D0002AF5D0CB680D8938461D44042356
:1055D00029460DEB0302FFF7CFFF80460028E8D1F4
:1055E00046F60812BDF804107389914225D1BDF822
:1055F00006109942DDD1042338460DEB03022944FD
:10560000FFF7BAFF0028D4D146F60713BDF80420EF
:105610009A42CED1C4E900679DF82830A4F80890DA
:10562000A3727389BDF806202B44E3607389134489
:105630002B44043563612561BDE7002BE4D0B8E756
:10564000002930B404460DDB806888420AD9401A2C
:10565000834207D8E0686468214484686468A4468B
:1056600030BC60476FF0150030BC7047FEE730B5C6
:105670000C684B6885B00A894D890094013B24F081
:105680001F04234402F01F0242EA451223F01F03C5
:1056900069468DF808200393FBF7F4F905B030BD97
:1056A0004FF47F03D3F83021D3F83401072A05D112
:1056B0000238022894BF0020012070470020704764
:1056C0000B464FF050220121C2F814160021184752
:1056D0000C220369C9B202FB0133986F00F0070086
:1056E000704770B50346C9B20069EFF311862024F4
:1056F00084F31288BFF36F8F0C2505FB0104A46FA0
:1057000014F0C00401D0A24210D1012205FB010017
:105710008267002086F31188BFF36F8F28B95B681A
:1057200003EBC1035B689847002070BD4FF0FF306A
:10573000F0E78022FFF7D5BFF8B5069F054604695C
:10574000C9B2EFF3118C202080F31288BFF36F8F62
:105750000C2606FB0146B06F00F0070EBEF1010FEC
:1057600011D1B76700268CF31188BFF36F8F46B94C
:105770000C2000FB0144C4E91C236B6853F8313052
:1057800098473046F8BD00F0C00087420CBF6FF06C
:1057900077064FF0FF36E6E713B580240094FFF755
:1057A000CBFF02B010BD6FF08500704710B41C2411
:1057B0000069CBB204FB0300002110BC104708B500
:1057C0000169FFF76DFF48B14FF05022D2F858350C
:1057D00003F003030B720123C2F858354FF0502336
:1057E0000022C3F8B8250720BDE80840FBF73CBA03
:1057F0004FF05021022310B5C1F8B8350469FFF706
:105800004FFF20B1237A03F00303C1F8583510BDD0
:1058100003695B680BB9FFF7D2BF704708B9012372
:105820000B7070474FF4000200230020C1E90023F1
:105830007047002809DBB0F5801F06D2C0F5801044
:1058400081428CBF002001207047002070474FF438
:10585000801200230020C1E90023704743689B6841
:105860000B60012313607047436800205B69C1E946
:105870000030704743685868704738B581B905698A
:10588000EFF31180202383F31288BFF36F8F1C4640
:105890002B7833B100232B7080F31188BFF36F8F07
:1058A00038BDFBF799FAEFF3118084F31288BFF348
:1058B0006F8FEDE738B515460C4671B1C068836847
:1058C0002544DB6898472146437911F8012B9A4219
:1058D00003D18D42F9D1012038BD0020FCE738B555
:1058E0000C460123114622460546FFF745FE0028D7
:1058F0000FDB012221462846FFF7DCFF18B1032306
:105900000020237038BD2378012B14BF022301230C
:10591000F6E70120F6E74FF47F03D3F83021D3F800
:105920003401022808BF072A0CBF0120002070475D
:105930004FF47F03D3F83001D3F83431C31F5842FA
:105940005841704703460020184738B54FF050249F
:105950000223C4F808330123E360002342F21075E8
:10596000C4F80431D4F80431D4F81834DB0304D576
:105970000120FBF779F9013DF6D138BDFFF7E5BF0E
:1059800008B5FFF78DFE60B14FF05023D3F8B8256E
:10599000920706D1D3F8580500F00300013818BF6C
:1059A000012008BD08B503695B682BB9FFF720FF2C
:1059B000BDE80840FBF780BB08BD70B504680D1B4F
:1059C000002D02DC6FF05F0070BD94F90060237859
:1059D000002E0ADB631C0360237813600368C91A76
:1059E00013688B42EED80020EEE703F07F035C1EC5
:1059F000032C0ED89D42E5DD002414600468013BB1
:105A0000013404605E1C1568E8D0247844EA05245B
:105A1000F3E76FF06300D7E770B404680E1B002E45
:105A200007DD26789E4208D10134046070BCFFF780
:105A3000C4BF6FF05F0070BC70476FF06100FAE7A1
:105A40001FB5002291420CBF0623042301A9CDE912
:105A5000012203928DF80430FBF78EFC002818BF5A
:105A60006FF0040005B05DF804FB7FB5FF238DF8EF
:105A700003300DF10303002201930123CDE902322B
:105A8000052303A98DF80C3001AB04920593FBF7B5
:105A900073FC08B99DF8030007B05DF804FB2DE91D
:105AA000F84307460D461646D0F804C0C1F30B0371
:105AB000002A61D0C2F30B0151EA03045CD1002D2E
:105AC0005ADBDCF82C30AA189A4255D8FFF7A0FE12
:105AD00021463846D7F80480FFF7B2FF002848D1A6
:105AE000D8F82C30B34225D100210220FBF7FCFA74
:105AF000B146044621463846FFF7BFFE64B94D441F
:105B0000A6EB09063846FFF7B0FF041E04DB14F0CD
:105B10000104F7D1002EE3D101213846FFF790FFB1
:105B2000002C14BF254605463846FFF73BFF2846A4
:105B3000BDE8F883B6F5803F09D3ABB253B9294627
:105B40000120FBF7D1FA4FF480390446D2E7B6F5CD
:105B5000805F09D3C5F30B0030B92946FBF7C4FABF
:105B60004FF480590446C5E74FF000096FF0150463
:105B7000C0E76FF00405D7E76FF01505D7E707B565
:105B8000019001A8FAF708FE019B00EB8300D0F812
:105B9000003223F0E04343F04053C0F8003203B03A
:105BA0005DF804FB70B5FFF77BFD4FF0502490B11A
:105BB000012600250520C4F81866C4F81456FBF722
:105BC00053F83046C4F81466FBF74EF8C4F8145680
:105BD000C4F8185670BDC4F81406FBE770B50C463F
:105BE0000546FFF7DFFF28462346BDE87040002149
:105BF0001847F8B50C468A6E0546D1E90831D00041
:105C00001B1841F10001C4E908318021501C3828DB
:105C10002244A0664FF0000782F8281004F12806FD
:105C20000BD9C0F140023946304400F0AFFA2046AB
:105C30003146FAF7C9FC3846A766C0F138020021A0
:105C4000304400F0A3FA236A626A1BBA12BA3146E2
:105C5000C4E918232046FAF7B7FC2B1D211F243571
:105C600051F8042F0433100E03F8080C100C03F83D
:105C7000070C100A03F8060C03F8052CAB42EFD111
:105C800070220021204600F081FA0120F8BD002991
:105C90002DE9F0410646154611DB47687B698B42CA
:105CA0000DD95B1A9A420AD83B69B1FBF3F803FBA2
:105CB000181121B9B2FBF3F403FB14247CB16FF08B
:105CC000150012E0736804EB08001A69596833691B
:105CD00049791B68013402FB003000F057FA3B6938
:105CE000B5FBF3F3A342EDD80020BDE8F08108B581
:105CF00003691A7932B14268186851685269497962
:105D000000F044FA002008BD2DE9F3410C46074697
:105D100011460223204601AAFFF77EFE0546E8B998
:105D2000019E1F2E0ED9202238462368A6F120019D
:105D3000194400F020FA236833442360284602B057
:105D4000BDE8F081C6F1200801464246384600F021
:105D50001DFA3246216807EB0800EAE76FF00205FA
:105D6000ECE72DE9F0430E4607461D469046416894
:105D700085B0002A70D0002B6ED0042B01D9AB0760
:105D80006AD116F0030467D1002E65DBCA6A731965
:105D9000934261D83846FFF73BFD21463846FFF76E
:105DA0004FFE002855D1032D1CD804210323324671
:105DB0006846FBF707F9044601463846FFF75DFDE4
:105DC0009CBB2A464146684600F0D5F9022332467C
:105DD00004216846FBF7F6F8044601463846FFF70B
:105DE0004CFD22E008F06043B3F1005F02D118F0EF
:105DF000030F29D0102DA94628BF4FF010094146A6
:105E00004A46684600F0B7F94946022332466846DA
:105E1000FBF7D8F8044601463846FFF72EFD24B9B3
:105E2000B5EB0905C8444E44E4D101213846FFF7DB
:105E300007FE05463846FFF7B5FD002C18BF25467E
:105E4000284605B0BDE8F083022332462946404685
:105E5000C0E76FF00404E8E76FF01505F0E738B528
:105E60000C461946204615461A46FFF7E2FC30B1AB
:105E70001BB12146284600F07EF9002038BD6FF0A6
:105E80001500FBE738B504460029104625691A4677
:105E90000CDB63685B698B4208D95B1A9A4205D8B0
:105EA0002B68194400F067F9002038BD6FF0150029
:105EB000FBE738B54FF050244FF40073C4F80833B3
:105EC00001236362002342F21075C4F82431D4F830
:105ED0002431D4F85C34DB0304D50120FAF7C4FE86
:105EE000013DF6D138BD38B54FF050244FF48073E2
:105EF000C4F808330123E361002342F21075C4F8AB
:105F00002031D4F82031D4F85434DB0304D50120F7
:105F1000FAF7AAFE013DF6D138BD2DE9F04F8146D2
:105F20000F469B46164685B0002A00F08A80002B5B
:105F300000F085800029C0F284804268CB18D26AC4
:105F400093427ED87C4204F00304FFF761FC5C4579
:105F500028BF5C46734203F0030306F0030558BFF5
:105F60005D426D4205F003055D4528BF5D46ABEB24
:105F70000402ABEB050322F0030823F0030398456A
:105F8000C8BF984602F0030ACABFD21ACDF804A0CF
:105F90000192B8F1000F16D006EB050B4146032322
:105FA00058463A19FBF70EF8824601464846FFF775
:105FB00064FCBAF1000F38D1AC4204D042465946D5
:105FC000301900F0C1F8BCB1C4F104050DF1080BA3
:105FD0000421032358467A1BFAF7F4FF8246014650
:105FE0004846FFF74AFCBAF1000F1ED12246304660
:105FF0000BEB050100F0BFF8019BEBB108213A194A
:106000000DEB010003234244FAF7DCFF8246014610
:106010004846FFF732FCBAF1000F06D108EB040046
:10602000019A02A9304400F0A6F84846FFF7BAFCEE
:10603000504605B0BDE8F08FDDF804A0F5E79A46BC
:10604000F6E76FF0150AF3E72DE9F0470D1E9046CD
:106050001E46D0F810903EDB47687B69AB423AD9C8
:106060005B1B9E4237D879680A68B5FBF2F302FBE6
:10607000135383BBB6FBF2F402FB14645CBB497997
:10608000386800F083F8A246B24504D3B44210D178
:106090000020BDE8F0877A68D9F800100AEB050304
:1060A00019441268386800F03FF87B681B689A440E
:1060B000EAE77968D9F800006219497918F80430DC
:1060C00010F802C0FF290CBF03EA0C0343EA0C03DB
:1060D00083540134DAE76FF01500DAE7FEF722BCEB
:1060E0000021012008B5FDF753FF704708B50146B0
:1060F0000068FDF74DFFFEF7C5BB61B662B680F3E1
:106100001188BFF36F8F7047EFF31180202383F363
:106110001288BFF36F8F70477047034600201A5CE8
:1061200002B970470130FAE710B55AB10139841845
:1061300010F8012B11F8013FA04201D09A42F7D08C
:10614000D01A10BD1046FCE7431A934210B500EB7D
:10615000020308D3024601399A420BD011F8014FCD
:1061600002F8014BF8E70A4412F8014D8A4203F89D
:10617000014DF9D110BD10B5431E0A44914200D122
:1061800010BD11F8014B03F8014FF7E70346C9B200
:106190000244934200D1704703F8011BF9E7000065
:1061A000E89FFF7F01000000C90A00000000000016
:1061B00000000000E8610000DD6000000000000059
:1061C0002136000000000000E5270000000000006C
:1061D00000000000046200000000000020620000D7
:1061E000000000003C620000B16B0000E8620000AB
:1061F000A0620000D420002054460020890B00003B
:10620000000000006C6B00003C630000886200002E
:10621000D6200020082100204919000000000000BD
:10622000796B00000000000058620000DA200020B6
:10623000000000007D0D000000000000936B0000D6
:106240007463000070620000D8200020402000200D
:10625000EF5C0000000000005F5E0000A10C000089
:10626000090D0000750D00004F580000650D00007D
:10627000855E0000496000008F5C000075580000DA
:10628000695800005D5800001B5F0000635D00005E
:106290009F5A0000990C000025580000890C00004E
:1062A000A757000033570000995700000000000076
:0C62B000D15600000000000000000000BB
:1062C000FF000000FF000000FF000000FF000000D2
:1062D000FF000000FF0000000000000000000000C0
:1062E0000338FDD8704700005D1700000518000056
:1062F000B90E00007D590000E5160000B35E0000F5
:1063000021170000E75E00001100001D0D00001FB6
:106310000E0000201200001E0863000004000000B0
:1063200000B00250186300000100000040000000AF
:10633000001000000400000000FF0000000000004A
:10634000000000000000000000000000000000004D
:106350000000000000000000020000000000000B30
:10636000F40100000001010000008000C2281700B5
:10637000206300006C470420346300002C6300009D
:1063800000000000001000000000040000000000F9
:106390000000000000000100206200000100000079
:1063A00000000000000004003C6200000200000049
:1063B0000000000000000E00046200000300000066
:1063C0000000010000020000206200000400000044
:1063D0000000010000000E00206200000500000027
:1063E0000002010000FE0D00206200000600000017
:1063F0000002010000FE0D00206200000700000006
:1064000000000400000000003C62000008000000E2
:1064100000000E00000004000462000009000000FB
:1064200000000F0000000100206200000A000000D0
:106430000000120000006E00046200000B0000006B
:10644000000080000000F000046200008D61000088
:10645000040000000200000001000000080000002D
:106460000080005000900050A8610000B061000062
:10647000C0610000C8610000E8610000E861000040
:10648000000000006D5600000400000000FF000046
:106490000400000000FF00000008000000100000E1
:1064A000150B0000E50A000000000000002000209D
:1064B0004000000006000100DD5B0000C156000046
:1064C00000000000982F8A4291443771CFFBC0B57D
:1064D000A5DBB5E95BC25639F111F159A4823F92AF
:1064E000D55E1CAB98AA07D8015B8312BE85312408
:1064F000C37D0C55745DBE72FEB1DE80A706DC9BC9
:1065000074F19BC1C1699BE48647BEEFC69DC10F74
:10651000CCA10C246F2CE92DAA84744ADCA9B05CB0
:10652000DA88F97652513E986DC631A8C82703B073
:10653000C77F59BFF30BE0C64791A7D55163CA0681
:1065400067292914850AB72738211B2EFC6D2C4D8D
:10655000130D385354730A65BB0A6A762EC9C2817B
:10656000852C7292A1E8BFA24B661AA8708B4BC211
:10657000A3516CC719E892D1240699D685350EF43B
:1065800070A06A1016C1A419086C371E4C774827F2
:10659000B5BCB034B30C1C394AAAD84E4FCA9C5B68
:1065A000F36F2E68EE828F746F63A5781478C884B9
:1065B0000802C78CFAFFBE90EB6C50A4F7A3F9BE9B
:1065C000F27871C608200001FFFFFFFFFFFFFFFF09
:1065D000FFFFFFFF000000000000000000000000BF
:1065E00001000000FFFFFFFF512563FCC2CAB9F3A1
:1065F000849E17A7ADFAE6BCFFFFFFFFFFFFFFFF7A
:1066000000000000FFFFFFFF96C298D84539A1F4B3
:10661000A033EB2D817D0377F240A463E5E6BCF85F
:1066200047422CE1F2D1176BF551BF376840B6CB2A
:10663000CE5E316B5733CE2B169E0F7C4AEBE78E26
:106640009B7F1AFEE242E34F4B60D2273E3CCE3B9B
:10665000F6B053CCB0061D65BC86987655BDEBB33D
:10666000E7933AAAD835C65A6D510000C7520000C8
:1066700045040000FF8FFFFFFF8FFFFFFE8FFFFF2E
:10668000FE8FFFFFFD8FFFFFFC8FFFFFFC8FFFFFE3
:10669000FB8FFFFF436F756C64206E6F74206C6F0F
:1066A000636B20706F7765722073617665206D75FE
:1066B000746578006D757465785F667265652063D2
:1066C000616C6C65642077697468204E554C4C2071
:1066D000706172616D6574657200000043616E27C0
:1066E0007420696E697469616C697A65206D75746E
:1066F00065782C20776173204E554C4C0D0A0000B4
:1067000001000200100011001200200021002200F0
:10671000230024003000310032003300FFFF77C235
:1067200095F360D2EF7F3552500F2CB67980286EEA
:10673000696C290072302F61313A20203078253081
:106740003878202072312F61323A2020307825307D
:106750003878202072322F61333A2020307825306B
:1067600038780A0072332F61343A2020307825308F
:106770003878207231322F69703A202030782530F5
:106780003878207231342F6C723A202030782530DE
:1067900038780A0020787073723A202030782530DB
:1067A00038780A004661756C74696E6720696E738B
:1067B0007472756374696F6E20616464726573735B
:1067C00020287231352F7063293A203078253038EF
:1067D000780A00556E68616E646C65642049525198
:1067E0006E3A2025640A002A2A2A2A2A204D50556A
:1067F000204641554C54202A2A2A2A2A0A002020C1
:10680000537461636B696E67206572726F722028C2
:10681000636F6E746578742061726561206D69675D
:106820006874206265206E6F742076616C696429DB
:106830000A002020556E737461636B696E67206572
:1068400072726F720A002020446174612041636398
:106850006573732056696F6C6174696F6E0A0020EE
:10686000204D4D46415220416464726573733A2055
:10687000307825780A002020496E7374727563742D
:10688000696F6E204163636573732056696F6C6135
:1068900074696F6E0A002020466C6F6174696E67C0
:1068A0002D706F696E74206C617A792073746174D5
:1068B0006520707265736572766174696F6E2065AC
:1068C00072726F720A002A2A2A2A2A2042555320FD
:1068D0004641554C54202A2A2A2A2A0A00202053AD
:1068E0007461636B696E67206572726F720A002053
:1068F00020507265636973652064617461206275FC
:1069000073206572726F720A002020424641522045
:10691000416464726573733A20307825780A0020E8
:1069200020496D70726563697365206461746120CC
:10693000627573206572726F720A002020496E734F
:106940007472756374696F6E2062757320657272FC
:106950006F720A002A2A2A2A2A20555341474520C5
:106960004641554C54202A2A2A2A2A0A002020442B
:1069700069766973696F6E206279207A65726F0A31
:10698000002020556E616C69676E6564206D656DD1
:106990006F7279206163636573730A0020205374FA
:1069A00061636B206F766572666C6F772028636F0A
:1069B0006E746578742061726561206E6F742076E4
:1069C000616C6964290A0020204E6F20636F707229
:1069D0006F636573736F7220696E7374727563741D
:1069E000696F6E730A002020496C6C6567616C20CA
:1069F0006C6F6164206F66204558435F5245545563
:106A0000524E20696E746F2050430A002020496C5A
:106A10006C6567616C20757365206F6620746865AE
:106A200020455053520A002020417474656D7074E3
:106A300020746F206578656375746520756E646574
:106A400066696E656420696E737472756374696FCC
:106A50006E0A0052657365727665642045786365D9
:106A60007074696F6E20280053707572696F75734A
:106A700020696E74657272757074202849525120B5
:106A800000535053454C20696E20746872656164F0
:106A9000206D6F646520646F6573206E6F7420696C
:106AA0006E646963617465205053500A002A2A2A73
:106AB0002A2A2048415244204641554C54202A2A33
:106AC0002A2A2A0A002020427573206661756C7498
:106AD000206F6E20766563746F72207461626C65DE
:106AE00020726561640A0020204465627567206534
:106AF00076656E740A0020204661756C742065739B
:106B000063616C6174696F6E2028736565206265CE
:106B10006C6F77290A00415243485F4558434550FE
:106B200054207769746820726561736F6E202578D0
:106B30000A0A002A2A2A2A2A204465627567206DDB
:106B40006F6E69746F7220657863657074696F6EBB
:106B5000202A2A2A2A2A0A002A2A2A2A2A202573AF
:106B600020256429202A2A2A2A2A0A006D7832350B
:106B7000723634333566403000666C6173682D635D
:106B80006F6E74726F6C6C657240353030333930B3
:106B90003030006E6F726469635F72616D2D666C78
:106BA0006173682D636F6E74726F6C6C65724030C8
:106BB00000636C6F636B40353030300030593013F8
:106BC00006072A8648CE3D020106082A8648CE3DA1
:106BD00003010703420004C7C03E66D831BC8ACB1C
:106BE00097CDA1E00EFFA83232AC9F9B3C81FE0600
:106BF000BE656A9B7E7F2634F174E6F08528A28804
:106C0000A0582144985050E2221647DE7A9182B76C
:106C1000AAEB8EBB53AEAD2A8648CE3D03010700DA
:106C20002A8648CE3D020100040104030402040147
:106C30000401040301040304010400010203040528
:106C400006070B000000000000000000E1600000EB
:106C500000000000E160000000000000E1600000B2
:106C600000000000E160000000000000E1600000A2
:106C7000F92700004559000000000000E160000015
:106C800000000000E160000000000000E160000082
:106C900000000000E160000000000000E160000072
:106CA00000000000E160000000000000E160000062
:106CB00000000000E160000000000000E160000052
:106CC00000000000E160000000000000E160000042
:106CD00000000000E160000000000000E160000032
:106CE00000000000E160000000000000E160000022
:106CF000000000001927000000000000E160000013
:106D000000000000E160000000000000E160000001
:106D100000000000E160000000000000E1600000F1
:106D200000000000E160000000000000E1600000E1
:106D300000000000E160000000000000E1600000D1
:106D400000000000E160000000000000E1600000C1
:106D500000000000E160000000000000E1600000B1
:106D600000000000E160000000000000E1600000A1
:106D700000000000E160000000000000E160000091
:106D800000000000E160000000000000E160000081
:106D900000000000E160000000000000E160000071
:106DA000191200004559000000000000E1600000D9
:106DB00000000000E160000000000000E160000051
:106DC00000000000E160000000000000E160000041
:106DD00000000000E160000000000000E160000031
:106DE00000000000E160000000000000E160000021
:106DF00000000000E160000000000000E160000011
:106E000000000000E160000000000000E160000000
:106E100000000000E160000000000000E1600000F0
:106E200000000000E160000000000000E1600000E0
:106E300000000000E160000000000000E1600000D0
:106E400000000000E160000000000000E1600000C0
:106E500000000000E160000000000000E1600000B0
:106E600000000000E160000000000000E1600000A0
:106E70002DE9F041036883F30888002383F3148825
:106E8000BFF36F8FBFF36F8FDFF818C0064F4FF05F
:106E90000058D0F804E0A7EB0C0770460047BDE8A7
:106EA000F08100BF002000204020002000000000F2
:106EB0006C470020010000004820002048200020EE
:106EC0000090D003000000005D4900009C200020DD
:106ED000A02000206C20002088200020802000209E
:106EE0007C20002078200020CC200020C42000201E
:106EF000BC20002000000000B4200020E54B000072
:106F0000314B0000654B0000AD4B0000A420002079
:106F1000AC200020544700203A00003A5847002097
:106F20003A00003A5C4700203A00003A60470020EF
:106F30003A00003A644700203A00003A68470020CF
:106F40003A00003A000000000000000015E015E0E3
:020000040001F9
:100000003DB8F3960000000000020000D05303004A
:100010000000000001001B000000000000000000C4
:10002000FFFFFFFFFFFFFFFFFFFFFFFFFFFFFFFFE0
:10003000FFFFFFFFFFFFFFFFFFFFFFFFFFFFFFFFD0
:10004000FFFFFFFFFFFFFFFFFFFFFFFFFFFFFFFFC0
:10005000FFFFFFFFFFFFFFFFFFFFFFFFFFFFFFFFB0
:10006000FFFFFFFFFFFFFFFFFFFFFFFFFFFFFFFFA0
:10007000FFFFFFFFFFFFFFFFFFFFFFFFFFFFFFFF90
:10008000FFFFFFFFFFFFFFFFFFFFFFFFFFFFFFFF80
:10009000FFFFFFFFFFFFFFFFFFFFFFFFFFFFFFFF70
:1000A000FFFFFFFFFFFFFFFFFFFFFFFFFFFFFFFF60
:1000B000FFFFFFFFFFFFFFFFFFFFFFFFFFFFFFFF50
:1000C000FFFFFFFFFFFFFFFFFFFFFFFFFFFFFFFF40
:1000D000FFFFFFFFFFFFFFFFFFFFFFFFFFFFFFFF30
:1000E000FFFFFFFFFFFFFFFFFFFFFFFFFFFFFFFF20
:1000F000FFFFFFFFFFFFFFFFFFFFFFFFFFFFFFFF10
:10010000FFFFFFFFFFFFFFFFFFFFFFFFFFFFFFFFFF
:10011000FFFFFFFFFFFFFFFFFFFFFFFFFFFFFFFFEF
:10012000FFFFFFFFFFFFFFFFFFFFFFFFFFFFFFFFDF
:10013000FFFFFFFFFFFFFFFFFFFFFFFFFFFFFFFFCF
:10014000FFFFFFFFFFFFFFFFFFFFFFFFFFFFFFFFBF
:10015000FFFFFFFFFFFFFFFFFFFFFFFFFFFFFFFFAF
:10016000FFFFFFFFFFFFFFFFFFFFFFFFFFFFFFFF9F
:10017000FFFFFFFFFFFFFFFFFFFFFFFFFFFFFFFF8F
:10018000FFFFFFFFFFFFFFFFFFFFFFFFFFFFFFFF7F
:10019000FFFFFFFFFFFFFFFFFFFFFFFFFFFFFFFF6F
:1001A000FFFFFFFFFFFFFFFFFFFFFFFFFFFFFFFF5F
:1001B000FFFFFFFFFFFFFFFFFFFFFFFFFFFFFFFF4F
:1001C000FFFFFFFFFFFFFFFFFFFFFFFFFFFFFFFF3F
:1001D000FFFFFFFFFFFFFFFFFFFFFFFFFFFFFFFF2F
:1001E000FFFFFFFFFFFFFFFFFFFFFFFFFFFFFFFF1F
:1001F000FFFFFFFFFFFFFFFFFFFFFFFFFFFFFFFF0F
:10020000D0E80020455D01001F310300315D010091
:10021000315D0100315D0100315D0100315D0100A2
:10022000000000000000000000000000155E01005A
:10023000315D01000000000061600100315D0100DE
:1002400019610100196101001961010019610100C2
:1002500019610100196101001961010019610100B2
:1002600019610100196101001961010019610100A2
:100270001961010019610100196101001961010092
:100280001961010019610100196101001961010082
:100290001961010019610100196101001961010072
:1002A0001961010019610100196101001961010062
:1002B0001961010019610100196101001961010052
:1002C0001961010019610100196101001961010042
:1002D0001961010019610100196101001961010032
:1002E0001961010019610100196101001961010022
:1002F0001961010019610100196101001961010012
:100300001961010019610100196101001961010001
:1003100019610100196101001961010019610100F1
:1003200019610100196101001961010019610100E1
:1003300019610100196101001961010019610100D1
:1003400019610100196101001961010019610100C1
:1003500019610100FFFFFFFF80EA101404F0F014A0
:1003600080EA0410604081EA111404F0F01481EA7C
:100370000411614082EA121404F0F01482EA0412BB
:10038000624083EA131404F0F01483EA0413634018
:1003900080EA102404F47F4480EA0420604081EA6B
:1003A000112404F47F4481EA0421614082EA12248A
:1003B00004F47F4482EA0422624083EA132404F4B2
:1003C0007F4483EA0423634081EA500404F05534F7
:1003D00080EA4400614083EA520404F0553482EA22
:1003E0004402634082EA900404F0333480EA8400DB
:1003F000624083EA910404F0333481EA840163406B
:10040000704700BF82EA900404F0333480EA84002D
:10041000624083EA910404F0333481EA840163404A
:1004200081EA500404F0553480EA4400614083EAD4
:10043000520404F0553482EA4402634080EA1024F6
:1004400004F47F4480EA0420604081EA112404F42B
:100450007F4481EA0421614082EA122404F47F444B
:1004600082EA0422624083EA132404F47F4483EA8C
:100470000423634080EA101404F0F01480EA0410AE
:10048000604081EA111404F0F01481EA0411614023
:1004900082EA121404F0F01482EA0412624083EA41
:1004A000131404F0F01483EA04136340704700BF90
:1004B0002DE9F14F94464FEA930B8A68CB680868A0
:1004C0004968FFF749FF0BF1060E33E083EA134456
:1004D00080EA134582EA134746BA96EA34446040FC
:1004E00000F00F1684EA063420F00F1684EA161086
:1004F00054BA94EA0106724002F00F1486EA0436F8
:1005000022F00F1486EA14124CBA6540694001F0DB
:100510000F1485EA043521F00F1485EA14115CBA32
:1005200067407B4003F00F1487EA043723F00F1471
:1005300087EA1413BCE8F0006040694072407B40D9
:1005400000F0E03400F0103500F00F3040EA5400C5
:1005500040EAC50080EA900404F0332480EA840075
:10056000604001F0E03401F0103501F00F3141EA54
:10057000540141EAC50181EA910404F0332481EA7F
:100580008401614002F0E03402F0103502F00F32D5
:1005900042EA540242EAC50282EA920404F0332499
:1005A00082EA8402624003F0E03403F0103503F085
:1005B0000F3343EA540343EAC50383EA930404F088
:1005C000332483EA8403634081EA324787EA134590
:1005D00081EA354690EA060484EA034B82EA1B422C
:1005E00080EA044484EA054483EA144A85EA144410
:1005F0008BEA044B84EA374481EA0B4181EA1641D5
:1006000004EA0A00454082EA04082BEA0800414057
:100610008AEA0B0602EA060084EA34438AEA3A468A
:1006200003EA060778404540414088EA38478BEAAC
:100630003B4007EA000985EA090583EA07094640C5
:1006400006EA0906714085EA010005EA354646409A
:1006500006EA314181EA304181EA364606EA30460F
:1006600086EA3546344008EA010886EA01052A4050
:1006700086EA364003405A4081EA31431F407C40BD
:1006800080EA030709EA070988EA0908544088EA6A
:10069000020806EA0A0601EA0B018AEA0B02154083
:1006A0008AEA3A42104045408BEA3B4003405E40B4
:1006B0004240174079404D404E40E443F64386EABD
:1006C00018435D4085EA054083EA134386EA034107
:1006D00083EA384284EA114383EA04435FEA3343FE
:1006E000BEF1010E3FF6F2AE1ED4BCE8F000604051
:1006F000694072407B4020BCFFF784FE286069603F
:10070000AA60EB60BDE8F08F2DE9E0414FF2F00206
:1007100080EA1031114080EA0130484041088208E7
:10072000C3084FF0000E4FE700F0113001F0113117
:1007300002F0113203F0113340EA410040EA820036
:1007400040EAC3004FF2F00280EA1031114080EA23
:1007500001304840BDE8E0812DE9F04F02F11C0571
:100760000646074600EB850851F8040B043A46F8A4
:10077000040BF9D14FF0010CFFF7C6FF5FEA302000
:1007800080EA0C001ECF41404A4053405C401EC6E8
:100790002000464517D04FEA4C0C1CF4807F18BF50
:1007A000ACF1E50C2C2DE7D03C2D06D1FFF7ACFFCA
:1007B00006CF41404A4006C6100006CF41404A409D
:1007C00006C61000D8E736E90F00FFF7C5FD043D67
:1007D00086E80F00F7D1BDE8F08F00BF2DE9F14F9B
:1007E00003F11C0402EB840C4FEA930B8A68CB687C
:1007F00008684968FFF7B0FD3CE9F00060406940D7
:1008000072407B400BF1060E4EE083EA134480EA0F
:10081000134582EA134746BA96EA3444604000F032
:100820000F1684EA063420F00F1684EA161054BA24
:1008300094EA0106724002F00F1486EA043622F0B0
:100840000F1486EA14124CBA6540694001F00F1487
:1008500085EA043521F00F1485EA14115CBA67406B
:100860007B4003F00F1487EA043723F00F1487EA64
:10087000141344BA44404DBA4D4056BA56405FBA7C
:100880005F4087EA174886EA174B84EA17464FEA23
:1008900038488BEA1B4485EA1B4788EA1B4580EAF7
:1008A0003440694072407B4000F0703400F0803585
:1008B00000F00F3040EA440040EAD50080EA90049E
:1008C00004F0332480EA8400604001F0703401F0C9
:1008D000803501F00F3141EA440141EAD50181EA56
:1008E000910404F0332481EA8401614002F0703401
:1008F00002F0803502F00F3242EA440242EAD502A9
:1009000082EA920404F0332482EA8402624003F013
:10091000703403F0803503F00F3343EA440343EAB5
:10092000D50383EA930404F0332483EA8403634009
:10093000C943DB4381EA000483EA044686EA0201F4
:1009400083EA014382EA334583EA14435C4084EA44
:1009500000077FEA040A8AEA024A8AEA010B87EA68
:1009600011488AEA374A80EA060181EA1A418AEA8E
:10097000030A04EA0A00454088EA040707EA0B0074
:1009800041408AEA0B0608EA060084EA34428AEA11
:100990003A4602EA060358404540414087EA374359
:1009A0008BEA3B4003EA000985EA090582EA03096C
:1009B000464006EA0906714085EA010005EA354627
:1009C000464006EA314181EA304181EA364606EA8C
:1009D000304686EA354634400F4086EA010508EA8B
:1009E000050886EA3640024088EA020881EA314278
:1009F00013405C4080EA020309EA030987EA090719
:100A0000674088EA040806EA0A0601EA0B018AEA56
:100A10000B0425408AEA3A44204045408BEA3B4B90
:100A200002EA0B02564084EA0B04234059406E4010
:100A3000694087EA364080EA384080EA060380EA67
:100A4000104481EA134585EA344585EA17427D4022
:100A500082EA354180EA05403CE9F00060406940A7
:100A600072407B40BEF1010E3FF6CFAE20BCFFF7D7
:100A7000C9FC28606960AA60EB60BDE8F08F00BF28
:100A8000FFF76ABE2DE9F00791E8F807B2E8021017
:100A90005B1854EB0C04B2E802104D4156EB0C0607
:100AA000B2E802104F4158EB0C08B2E8021059EBC3
:100AB00001095AEB0C0A80E8F80780410130BDE8D3
:100AC000F00770472DE9F00791E8F807B2E8021047
:100AD0005B1A74EB0C04B2E802108D4176EB0C0645
:100AE000B2E802108F4178EB0C08B2E8021079EB03
:100AF00001097AEB0C0A80E8F80780414042BDE822
:100B0000F00770472DE9F007524290E87800B1E80D
:100B100080071740DB1918EA020854EB080419EAA9
:100B2000020955EB09051AEA020A56EB0A0678C0D3
:100B300090E87800B1E8800717407B4118EA020886
:100B400054EB080419EA020955EB09051AEA020AEE
:100B500056EB0A0678C080410130BDE8F0077047C7
:100B60002DE9F007524290E87800B1E8800717407D
:100B7000DB1B18EA020874EB080419EA020975EB9A
:100B800009051AEA020A76EB0A0678C090E87800AE
:100B9000B1E880071740BB4118EA020874EB08046B
:100BA00019EA020975EB09051AEA020A76EB0A0648
:100BB00078C080414042BDE8F00770472DE9F00160
:100BC00052424FF0040890E8300091E8C000A31BA7
:100BD0001340E41AF618EB1B1340ED1AFF1830C04F
:100BE000C0C1B8F10108EED1BDE8F001704700BF07
:100BF00000B592EC080AB1E8805707EE101A53ECE2
:100C0000102A56EC114AA7FB0251A8FB020BE7FB86
:100C10006310E9FB62B041EC145AA8FB0351EAFBF4
:100C20006201E7FB64B5E7FB6605E8FB661505EEC8
:100C300010BAA9FB03B6EAFB6316ECFB6356E8FBAC
:100C4000640BE9FB641BEAFB645BECFB646B05EE85
:100C5000900AACFB023012EE104AEEFB6250E9FB48
:100C60006460EAFB64B0E7FB6431E8FB645112EEB8
:100C7000904AE8FB6461E9FB64B1EAFB640106EEBB
:100C8000103AA7FB043213EE104AE7FB6462E8FB5C
:100C900064B2E9FB6402EAFB641211EE904AE9FBDC
:100CA0006453EAFB646313EE904AE7FB64B3E8FB2A
:100CB0006403E9FB6413EAFB642306EE905A17EE23
:100CC000109A99E8000610EE108AA9FB0854EAFB76
:100CD00068B412EE108AECFB6804EEFB6814E9FBC2
:100CE0006824EAFB683410EE908AEEFB6865E9FB45
:100CF00068B5EAFB680512EE908AECFB6815EEFB1E
:100D00006825E9FB6835EAFB684507EE106A11EED5
:100D1000108AAEFB0876E9FB6806EAFB681613EE5C
:100D2000108AECFB6826EEFB6836E9FB6846EAFBB6
:100D3000685611EE908AECFB68B7EEFB6807E9FB9A
:100D40006817EAFB682713EE908AECFB6837EEFB26
:100D50006847E9FB6857EAFB686700BD2DE9F04F7B
:100D600007EE900AFFF744FF17EE908A07EE90BA5D
:100D7000A8EC084A88E8FF00BDE8F08F00B591E8CC
:100D80009857A3FB0352A3FB0401E3FB6420E3FB9E
:100D9000671042EC145AA3FB0752E3FB6802E4FB22
:100DA0006415E3FB6805E3FB6925A4FB07B6E3FBD9
:100DB0006926E3FB6A56E4FB670BE4FB682BE3FB65
:100DC0006A5BE3FB6C6B40EC151AA4FB0810E4FBB8
:100DD0006950E3FB6C60E3FB6EB0E7FB6721E4FB6B
:100DE0006951E4FB6A61E3FB6EB1E4FB6E0106EE60
:100DF000102AA7FB0832E4FB6A62E4FB6CB2E4FB56
:100E00006E02E7FB6E12E7FB6853E7FB6963E4FBE6
:100E10006CB3E7FB6C03E7FB6E13E8FB6E2306EE97
:100E2000905AA7FB0954E7FB6AB4E7FB6C04E8FBA4
:100E30006C14E8FB6E24E9FB6E34E8FB6865E7FBA5
:100E40006AB5E8FB6A05E8FB6C15E9FB6C25E9FB74
:100E50006E35EAFB6E4507EE106AA8FB0976E8FBE3
:100E60006A06E9FB6A16E9FB6C26EAFB6C36EAFBCC
:100E70006E46ECFB6E56E8FB69B7E9FB6907E9FBD8
:100E80006A17EAFB6A27EAFB6C37ECFB6C47ECFB62
:100E90006E57EEFB6E6700BD2DE9F04F07EE900A2E
:100EA000FFF76CFF17EE908A07EE90BAA8EC084A9D
:100EB00088E8FF00BDE8F08F30B44FF0000310F871
:100EC000014B11F8015B013A84EA050443EA04038B
:100ED000F5D1A3F101034FEAD37030BC704700BFD6
:100EE0004FF0000310F8012B013943EA0203F9D156
:100EF000A3F101034FEAD370704700BF30B411F87B
:100F0000014B12F8015B6C4000F8014B013BF6D13C
:100F100030BC70472DE9F00791E8F807B2E80210FD
:100F20005B1854EB0C04B2E802104D4156EB0C0672
:100F3000B2E802104F4158EB0C08B2E8021059EB2E
:100F400001095AEB0C0A8941B3F1FF3374F1FF3404
:100F500075F1FF3576F1000677F1000778F10008AA
:100F600079F101097AF1FF3A51F100015B184C4126
:100F70004D4156F1000657F1000758F1000859EBB2
:100F8000D1795AEB010A80E8F807BDE8F00770470D
:100F90002DE9F00791E8F807B2E802105B1A74EB4C
:100FA0000C04B2E802108D4176EB0C06B2E8021098
:100FB0008F4178EB0C08B2E8021079EB01097AEB6B
:100FC0000C0A89415B184C414D4156F1000657F11E
:100FD000000758F1000859EBD1795AEB010A80E873
:100FE000F807BDE8F007704718EB040859EB05094E
:100FF0005AEB060A5BEB070B5FF0000C4CF1000CA0
:1010000018EB050859EB06095AEB070A5BEB070BCF
:1010100050EB0C005FF0000C51EB0C0152EB0C029A
:1010200063414CF1000CB8EB070879F100097AF143
:10103000000A7BEB040BA841B141A241B3416CF122
:10104000000CBBEB050BB041B941AA41BB416CF1AF
:10105000000C4CF001068CF0020718EB060859EB67
:101060006C095AEB6C0A7BEB6C0B70EB6C0471EB4C
:101070006C0572EB670653EB6C076CEB6C0C18EBB2
:101080000C0059EB0C015AEB0C025BF1000354F11C
:10109000000455F1000556EBDC7657EB0C07704762
:1010A0002DE9F04F07EE900AFFF7A2FD59EC168AE2
:1010B00017EE10AAFFF798FF59EC148A5BEC15AAFB
:1010C000FFF792FF17EE908A88E8FF00BDE8F08FE7
:1010D0002DE9F04F07EE900AFFF750FE59EC168A03
:1010E00017EE10AAFFF780FF59EC148A5BEC15AAE3
:1010F000FFF77AFF17EE908A88E8FF00BDE8F08FCF
:1011000081F0004102E000BF83F0004330B54FEAB8
:1011100041044FEA430594EA050F08BF90EA020F25
:101120001FBF54EA000C55EA020C7FEA645C7FEAB8
:10113000655C00F0E2804FEA5454D4EB5555B8BFDB
:101140006D420CDD2C4480EA020281EA030382EA4C
:10115000000083EA010180EA020281EA0303362DDE
:1011600088BF30BD11F0004F4FEA01314FF4801CB1
:101170004CEA113102D0404261EB410113F0004FC3
:101180004FEA03334CEA133302D0524263EB43037A
:1011900094EA050F00F0A780A4F10104D5F1200E18
:1011A0000DDB02FA0EFC22FA05F2801841F1000173
:1011B00003FA0EF2801843FA05F359410EE0A5F147
:1011C00020050EF1200E012A03FA0EFC28BF4CF078
:1011D000020C43FA05F3C01851EBE37101F000452E
:1011E00007D54FF0000EDCF1000C7EEB00006EEB3B
:1011F0000101B1F5801F1BD3B1F5001F0CD34908C5
:101200005FEA30004FEA3C0C04F101044FEA44521B
:1012100012F5800F80F09A80BCF1004F08BF5FEAA2
:10122000500C50F1000041EB045141EA050130BD82
:101230005FEA4C0C404141EB0101013C28BFB1F594
:10124000801FE9D291F0000F04BF01460020B1FADF
:1012500081F308BF2033A3F10B03B3F120020CDAB2
:101260000C3208DD02F1140CC2F10C0201FA0CF090
:1012700021FA02F10CE002F11402D8BFC2F1200CF5
:1012800001FA02F120FA0CFCDCBF41EA0C019040AB
:10129000E41AA2BF01EB0451294330BD6FEA0404F4
:1012A0001F3C1CDA0C340EDC04F11404C4F12002DF
:1012B00020FA04F001FA02F340EA030021FA04F3F1
:1012C00045EA030130BDC4F10C04C4F1200220FA48
:1012D00002F001FA04F340EA0300294630BD21FA86
:1012E00004F0294630BD94F0000F83F4801306BF4C
:1012F00081F480110134013D4EE77FEA645C18BF40
:101300007FEA655C29D094EA050F08BF90EA020FD6
:1013100005D054EA000C04BF1946104630BD91EACE
:10132000030F1EBF0021002030BD5FEA545C05D1D1
:101330004000494128BF41F0004130BD14F5800410
:101340003CBF01F5801130BD01F0004545F0FE4184
:1013500041F470014FF0000030BD7FEA645C1ABFB9
:10136000194610467FEA655C1CBF0B46024650EAF0
:10137000013406BF52EA033591EA030F41F400211C
:1013800030BD00BF90F0000F04BF0021704730B5A2
:101390004FF4806404F132044FF000054FF0000177
:1013A00050E700BF90F0000F04BF0021704730B538
:1013B0004FF4806404F1320410F0004548BF40420D
:1013C0004FF000013EE700BF42004FEAE2014FEA62
:1013D00031014FEA02701FBF12F07F4393F07F4F3D
:1013E00081F06051704732F07F4208BF704793F040
:1013F0007F4F04BF41F40021704730B54FF4607453
:1014000001F0004521F000411CE700BF50EA010255
:1014100008BF704730B54FF000050AE050EA0102FE
:1014200008BF704730B511F0004502D5404261EB6E
:1014300041014FF4806404F132045FEA915C3FF4AF
:10144000D8AE4FF003025FEADC0C18BF03325FEA4C
:10145000DC0C18BF033202EBDC02C2F1200300FAFD
:1014600003FC20FA02F001FA03FE40EA0E0021FA22
:1014700002F11444BDE600BF70B54FF0FF0C4CF410
:10148000E06C1CEA11541DBF1CEA135594EA0C0FC2
:1014900095EA0C0F00F0DEF82C4481EA030621EAFD
:1014A0004C5123EA4C5350EA013518BF52EA033538
:1014B00041F4801143F4801338D0A0FB02CE4FF0EA
:1014C0000005E1FB02E506F00042E0FB03E54FF01A
:1014D0000006E1FB03569CF0000F18BF4EF0010E12
:1014E000A4F1FF04B6F5007F64F5407404D25FEA0E
:1014F0004E0E6D4146EB060642EAC62141EA5551C1
:101500004FEAC52040EA5E504FEACE2EB4F1FD0C02
:1015100088BFBCF5E06F1ED8BEF1004F08BF5FEA80
:10152000500E50F1000041EB045170BD06F0004632
:1015300046EA010140EA020081EA0301B4EB5C04DF
:10154000C2BFD4EB0C0541EA045170BD41F48011D7
:101550004FF0000E013C00F3AB8014F1360FDEBFFC
:10156000002001F0004170BDC4F10004203C35DAD8
:101570000C341BDC04F11404C4F1200500FA05F35B
:1015800020FA04F001FA05F240EA020001F00042FC
:1015900021F0004110EBD37021FA04F642EB060172
:1015A0005EEA430E08BF20EAD37070BDC4F10C049C
:1015B000C4F1200500FA04F320FA05F001FA04F260
:1015C00040EA020001F0004110EBD37041F100014C
:1015D0005EEA430E08BF20EAD37070BDC4F1200557
:1015E00000FA05F24EEA020E20FA04F301FA05F2BF
:1015F00043EA020321FA04F001F0004121FA04F267
:1016000020EA020000EBD3705EEA430E08BF20EA36
:10161000D37070BD94F0000F0FD101F00046400070
:1016200041EB010111F4801F08BF013CF7D041EAF2
:10163000060195F0000F18BF704703F000465200F6
:1016400043EB030313F4801F08BF013DF7D043EAC7
:101650000603704794EA0C0F0CEA135518BF95EA7D
:101660000C0F0CD050EA410618BF52EA4306D1D104
:1016700081EA030101F000414FF0000070BD50EA23
:10168000410606BF1046194652EA430619D094EAAD
:101690000C0F02D150EA013613D195EA0C0F05D197
:1016A00052EA03361CBF104619460AD181EA0301EB
:1016B00001F0004141F0FE4141F470014FF00000A3
:1016C00070BD41F0FE4141F4780170BD70B54FF03E
:1016D000FF0C4CF4E06C1CEA11541DBF1CEA1355BE
:1016E00094EA0C0F95EA0C0F00F0A7F8A4EB0504A0
:1016F00081EA030E52EA03354FEA013100F0888097
:101700004FEA03334FF0805545EA131343EA12635F
:101710004FEA022245EA111545EA10654FEA002614
:101720000EF000419D4208BF964244F1FD0404F5CD
:10173000407402D25B084FEA3202B61A65EB030529
:101740005B084FEA32024FF480104FF4002CB6EBE6
:10175000020E75EB030E22BFB61A754640EA0C0066
:101760005B084FEA3202B6EB020E75EB030E22BFA6
:10177000B61A754640EA5C005B084FEA3202B6EBE7
:10178000020E75EB030E22BFB61A754640EA9C00A6
:101790005B084FEA3202B6EB020E75EB030E22BF76
:1017A000B61A754640EADC0055EA060E18D04FEA34
:1017B000051545EA16754FEA06164FEAC30343EAD4
:1017C00052734FEAC2025FEA1C1CC0D111F4801FA1
:1017D0000BD141EA00014FF000004FF0004CB6E79A
:1017E00011F4801F04BF01430020B4F1FD0C88BF39
:1017F000BCF5E06F3FF6AFAEB5EB030C04BFB6EB44
:10180000020C5FEA500C50F1000041EB045170BD36
:101810000EF0004E4EEA113114EB5C04C2BFD4EB63
:101820000C0541EA045170BD41F480114FF0000EE7
:10183000013C90E645EA060E8DE60CEA135594EA63
:101840000C0F08BF95EA0C0F3FF43BAF94EA0C0F66
:101850000AD150EA01347FF434AF95EA0C0F7FF4DB
:1018600025AF104619462CE795EA0C0F06D152EA2F
:1018700003353FF4FDAE1046194622E750EA410613
:1018800018BF52EA43067FF4C5AE50EA41047FF424
:101890000DAF52EA43057FF4EBAE12E74FF0FF3C89
:1018A00006E000BF4FF0010C02E000BF4FF0010C5A
:1018B0004DF804CD4FEA410C7FEA6C5C4FEA430CD3
:1018C00018BF7FEA6C5C1BD001B050EA410C0CBF22
:1018D00052EA430C91EA030F02BF90EA020F002084
:1018E000704710F1000F91EA030F58BF994208BFEB
:1018F00090422CBFD8176FEAE37040F001007047A8
:101900004FEA410C7FEA6C5C02D150EA013C07D1FE
:101910004FEA430C7FEA6C5CD6D152EA033CD3D049
:101920005DF8040B704700BF8446104662468C4643
:101930001946634600E000BF01B5FFF7B7FF002876
:1019400048BF10F1000F01BD4DF808EDFFF7F4FF9F
:101950000CBF012000205DF808FB00BF4DF808ED2A
:10196000FFF7EAFF34BF012000205DF808FB00BF4D
:101970004DF808EDFFF7E0FF94BF012000205DF86F
:1019800008FB00BF4DF808EDFFF7CEFF94BF012024
:1019900000205DF808FB00BF4DF808EDFFF7C4FF1D
:1019A00034BF012000205DF808FB00BF4A0011D2BF
:1019B00012F5001211D20DD56FF47873B3EB6252A9
:1019C0000ED44FEAC12343F0004343EA505323FAB5
:1019D00002F070474FF00000704750EA013002D12A
:1019E0004FF0FF3070474FF0000070477BB972B97D
:1019F0000029BEBF00204FF0004106E008BF0028CC
:101A00001CBF6FF000414FF0FF3000F057B8ADF150
:101A1000080C6DE904CE002909DB002B1ADB00F06D
:101A20007CF8DDF804E0DDE9022304B070474042B1
:101A300061EB4101002B1BDB00F06FF8DDF804E0E7
:101A4000DDE9022304B0404261EB4101524263EB05
:101A500043037047524263EB430300F05EF8DDF846
:101A600004E0DDE9022304B0404261EB410170472C
:101A7000524263EB430300F050F8DDF804E0DDE987
:101A8000022304B0524263EB4303704753B94AB98F
:101A9000002908BF00281CBF4FF0FF314FF0FF3076
:101AA00000F00CB8ADF1080C6DE904CE00F035F88B
:101AB000DDF804E0DDE9022304B07047704700BFA1
:101AC00010F8012B11F8013B012A28BF9A42F7D0E8
:101AD000D01A7047034611F8012B03F8012B002A96
:101AE000F9D17047034613F8012B002AFBD1181ACD
:101AF00001387047430803F05533C01A00F0333300
:101B0000800800F0333018444FF0013300EB101020
:101B100000F00F305843000E70472DE9F0478C4617
:101B20008E46089E154604461946002B40F0D0808C
:101B3000724547D9B2FA82F74FB1C7F120030EFAC6
:101B400007FCBD40BC4020FA03F343EA0C0C4FEA0B
:101B5000154EA8B2230CBCFBFEF80EFB18CC08FBFC
:101B600000F943EA0C43994528D9EB1808F1FF32F4
:101B700004D2994502D9A8F102022B44A3EB090330
:101B8000A4B2B3FBFEFC0EFB1C330CFB00F044EADA
:101B90000344A04214D92C190CF1FF3304D2A04203
:101BA00002D9ACF102032C44241A43EA02401EB1CC
:101BB000FC40002334607360BDE8F0874246DDE7F7
:101BC0006346F1E7002A79D0B2FA82F3002B3FD0C6
:101BD0001946C1F1200302FA01F500FA01F42EFAC8
:101BE00003F20EFA01FE20FA03F3AFB243EA0E034A
:101BF0004FEA154EB2FBFEFC0EFB1C201A0C0CFB30
:101C000007F842EA004290455AD9AA180CF1FF3071
:101C100004D2904502D9ACF102002A44A2EB08029A
:101C20009BB2B2FBFEFC0EFB1C220CFB07F743EA47
:101C300002439F4246D9EB180CF1FF3204D29F4277
:101C400002D9ACF102022B44DB1B42EA004202E063
:101C5000AEEB020301224FEA154EAFB2200CB3FBEC
:101C6000FEFC0EFB1C330CFB07F840EA03439845CF
:101C70002AD9EB180CF1FF3004D2984502D9ACF107
:101C800002002B44A3EB0803A4B2B3FBFEFC0EFB43
:101C90001C330CFB07F744EA0344A74216D92C195E
:101CA0000CF1FF3304D2A74202D9ACF102032C4459
:101CB000E41B43EA00400F46114678E71F2188E7FE
:101CC0006046ABE76246BFE76046DBE76346EFE7A7
:101CD000734506D916B9002108466DE7C6E9000E1E
:101CE000F9E7B3FA83F787B9734501D3824207D87E
:101CF000841A6EEB030301209C461EB900215BE7AA
:101D00003846FAE7C6E9004CF8E7C7F1200CBB40BB
:101D100000FA07F422FA0CF520FA0CF1BA401D4340
:101D20002EFA0CF30EFA07FE4FEA154941EA0E01AE
:101D30001FFA85FEB3FBF9F809FB18300B0C08FB02
:101D40000EFA43EA00439A4540D9EB1808F1FF30F8
:101D500004D29A4502D9A8F102002B44A3EB0A034E
:101D600089B2B3FBF9F809FB183308FB0EFE41EA10
:101D700003418E452CD9691808F1FF3304D28E45F2
:101D800002D9A8F10203294443EA0040A1EB0E0165
:101D9000A0FB02984145CE46434602D306D14C45AE
:101DA00004D20138B9EB020E68EB0503002EA5D072
:101DB000B4EB0E0261EB030101FA0CFC22FA07F30B
:101DC000F9404CEA0303C6E9003197E74046C5E70E
:101DD0004346D9E700000000F7B5002240F6034073
:101DE000114606F017FD0446002840F0948006F0E6
:101DF00015FA214641F2030001AA06F00BFD044644
:101E0000002840F08880019A444DD16805F12C03E8
:101E1000D1F80100D1F8051003C3104604F0E4FC2A
:101E2000214641F2010001AA06F0F4FC0446002814
:101E300071D10198C3685A7885F824205A88EA84B9
:101E40001A7985F82520B3F807202A85B3F80530DC
:101E50006B8504F0C9FC214641F2020001AA06F09C
:101E6000D9FC0446002856D1019F05F13406FA68D2
:101E7000531C4132344618685968083303C49342EE
:101E80002646F7D1384604F0AFFC23F037FB044672
:101E9000002840D195F83E30980636D54FF0FF30F7
:101EA0004FF0FF3106F082FB0646002800F09F81CC
:101EB00007210C3021F037FA6FF009030127037076
:101EC0001023C0F802408471047122464770C37029
:101ED000314640F6334006F09DFC0446D8B94FF039
:101EE000FF304FF0FF3106F061FB0646002800F09E
:101EF0007E8139460C3021F025FA2246314640F6E3
:101F0000314006F087FC044628B995F83030590670
:101F100006D46FF01204204603B0F0BDF02000207C
:101F2000002142F2030001AA06F074FC04460028D6
:101F3000F1D1019BBE4EDA68D2F80100D2F805104B
:101F400003C6184604F050FC214642F2020001AAE2
:101F500006F060FC04460028DDD1019CE368B3F87C
:101F6000012091B249B1D97839B1A5F8BC20DA780D
:101F7000114606F128002CF077F9204604F034FCD5
:101F8000002142F23A0001AA06F044FC044600286F
:101F900040F012810198C368B3F80130A5F8D83039
:101FA00004F022FC95F8306016F0200619D14FF0AD
:101FB000FF304FF0FF3106F0F9FA0446002800F038
:101FC000168102210C3021F0AEF901232146037065
:101FD0004670324640F66D4006F01CFC0446002870
:101FE00099D195F850301B0712D5002142F21C0000
:101FF00001AA06F00FFC044600288CD10198C368A2
:10200000D3F80120D3F80530C5E9262304F0ECFB12
:1020100095F890305F0610D5002142F22A0001AAFF
:1020200006F0F8FB044600287FF475AF0198C368FA
:102030005B7885F8DA3004F0D7FB4FF0FF304FF0D3
:10204000FF3106F0B3FA0446002800F0D0800821E2
:102050000C3021F068F995F890100246754811F09F
:10206000020F754B08BF034695F891008E0648BFD6
:1020700043F0400310F0090F18BF43F4006301F070
:10208000010143EA0110002122F08CFD21460022CB
:1020900042F2010006F0BEFB044600287FF43BAF8D
:1020A00095F83030B5F8BC10980600F18C80C9B9AD
:1020B00041F2050001AA06F0ADFB044600287FF4BA
:1020C0002AAFB5F8BC30019C4BB9E368B3F80120E6
:1020D000A5F8BC209A88594811462CF0C5F820462E
:1020E00004F082FB4FF0FF304FF0FF3106F05EFA54
:1020F000044600287BD008210C3021F014F995F813
:1021000090300246D90747BF47A1D1E900014FF0FF
:1021100000514B4822F046FD2146002240F6014086
:1021200006F078FB044600287FF4F5AE014601AACC
:102130004FF6014006F06EFB044620BB019804F008
:1021400053FB21464FF6024001AA06F063FB04460A
:10215000C8B90198C368B3F80130A5F8753004F028
:1021600043FB95F875305A070DD521464FF60340CD
:1021700001AA06F04FFB30B90198C3685B7885F877
:10218000743004F031FBEB7913BB23F05DF80446A7
:1021900000287FF4C0AE08F019FF044600287FF441
:1021A000BAAEEB79002B3FF4B6AE0821254822F0F9
:1021B000EDFB06F063FAAEE6421D7FF4ACAE1F23E2
:1021C000A5F8D830EEE600298CD16FF00404A2E621
:1021D0002E78002ED9D195F875309B061ED54FF07C
:1021E000FF304FF0FF3106F0E1F9044610B96FF00F
:1021F000680490E606210C3021F095F8D5F80130FE
:1022000021460360104B32469B8883804FF6064080
:1022100006F000FB04460028B7D07CE66FF085048A
:1022200079E600BFAFF300809088000200800020B4
:10223000802100200E1207002E120700B02100207E
:102240001088000278210020F1200020000000000A
:102250002DE9F04F87B0054617461E460391836867
:1022600004AA5B689847002831DBDDE9044AA7FB34
:1022700004B307FB0A371AA3D3E900234FF0FF3951
:1022800058463946FFF702FCDFF85C80D94578EB09
:10229000070302901ED312A3D3E90023A6FB04B4C4
:1022A00006FB0A4458462146FFF7F0FBD94578EB78
:1022B000040403460ED30299AA6899420DD3BDF8CF
:1022C0004010284600911468DDE90221A04707B0BC
:1022D000BDE8F08F6FF08500F9E76FF01500F6E7C5
:1022E00000CA9A3B00000000FFC99A3B00000000B2
:1022F0002DE9F04114460569072900F2DE80DFE888
:1023000001F0041C2024627F8387297BB5F900003B
:1023100080FB01016C4D47F6FF72A0FB0506002310
:1023200005FB0161FFF762FB0023684AFFF75EFBD4
:10233000206062600020BDE8F081297BB5F90200D1
:10234000E6E7297BB5F90400E2E7297BB5F900004F
:102350005D4E80FB0101A0FB060747F6FF720023DC
:1023600006FB0171FFF742FB0023584AFFF73EFBD3
:10237000C4E90002297BB5F9020047F6FF7280FB31
:102380000101A0FB0607002306FB0171FFF72EFBEE
:1023900000234E4AFFF72AFBC4E90202297BB5F964
:1023A000040047F6FF7280FB0101A0FB0605002335
:1023B00006FB0151FFF71AFB0023444AFFF716FB07
:1023C00020616261B6E72B8AB5F9065085FB03539D
:1023D0003F4AA5FB025602FB036639A3D3E900235B
:1023E00028463146FFF702FB00232060314628468D
:1023F000384AFFF7FBFA0023344AFFF7F7FA98E769
:102400002B8AB5F90850E1E72B8AB5F90A50DDE7C8
:102410002B8AB5F906702E4E87FB0373A7FB06784F
:1024200006FB038826A3D3E9002338464146FFF77D
:10243000DDFA0023206041463846264AFFF7D6FAE7
:102440000023224AFFF7D2FA62602B8AB5F908709E
:1024500087FB0373A7FB067806FB038818A3D3E961
:10246000002338464146FFF7C1FA0023A0604146E9
:102470003846184AFFF7BAFA0023144AFFF7B6FAAB
:10248000E2602B8AB5F90A5085FB0352A5FB06537F
:1024900006FB02360AA3D3E9002328463146FFF79C
:1024A000A5FA00232061314628460A4AFFF79EFA22
:1024B0000023064AFFF79AFA83E76FF085003AE7B0
:1024C000006BC53F5D0500003AA3950040420F0038
:1024D000D8EF2F004CFF59002DE9F0430646174670
:1024E0008946D0F8108085B021B91AB9002005B00E
:1024F000BDE8F0830123402130460DF10E0227F0A4
:1025000084FC0028F3D101237D2130460DF10F0218
:1025100027F07BFC0028EAD1B9F1000F00F003811D
:10252000D9F80400FEF73EFF8DA3D3E90023FFF79F
:10253000CDF80446D9F800000D46FEF733FF0246F9
:102540000B4620462946FEF7E1FD794B0022044662
:102550000D46FFF717FA0346002856D00022204602
:102560002946744BFFF7FAF900285FD10022204674
:102570002946714BFFF7F2F9002859D10022204675
:1025800029466E4BFFF7EAF9002853D10022204676
:1025900029466B4BFFF7E2F900284DD10022204677
:1025A0002946684BFFF7DAF9002847D10022204678
:1025B0002946654BFFF7D2F9002841D10022204679
:1025C0002946624BFFF7CAF900283BD1002220467A
:1025D00029465F4BFFF7C2F9B0BB002220462946CF
:1025E0005C4BFFF7BBF988BB0022204629465A4BBB
:1025F000FFF7B4F960BB594B002220462946FFF78C
:10260000ADF9002814BF0B230C239DF80E209DF874
:102610000F1022F00F021A43E3B141F00401072B1F
:102620008DF80F101BD802F07F021AE00123ECE7AF
:102630000223EAE70323E8E70423E6E70523E4E7C8
:102640000623E2E70723E0E70823DEE70923DCE7C8
:102650000A23DAE721F004018DF80F10E3E742F0D6
:1026600080028DF80E2088F80D30B7B198F80D2053
:102670003B68072A30D9022B48D0042B4AD0012BC3
:1026800014BF032302239DF80E201B0103F0300327
:1026900022F0300213438DF80E30012340213046E2
:1026A0000DF10E0227F0DFFB00287FF420AF4FF47E
:1026B000E17027F0A8FB9DF80F307D2103F00F0398
:1026C0008DF80F304FF47A73304600930DF10F02FE
:1026D000012327F0D0FB0AE7102B19D00EDC013BB9
:1026E000072B1DD8072B1BD8DFE803F014101A06A0
:1026F0001A1A1A040323C6E70223C4E7402B0BD09F
:10270000802B0BD0202B0BD10523BCE70123BAE78C
:102710000423B8E70023B6E70623B4E70723B2E7AC
:102720006FF08500E3E6002FA0D1DFE6AFF3008075
:102730000000E93F0000F93F000009400000194097
:102740000000294000003940000049400000594085
:102750000000694000007940000089400000994075
:102760000000000080842E412DE9F0430446154608
:102770000E46076985B021B91AB9002005B0BDE839
:10278000F0830123422120460DF10E0227F03DFB8C
:102790000028F3D101237D2120460DF10F0227F0FF
:1027A00034FB0028EAD1002E00F0A9807068FEF703
:1027B000F9FD5DA3D3E90023FEF788FF804630686A
:1027C0008946FEF7EFFD02460B4640464946FEF7B6
:1027D0009DFC00224C4B80468946FFF7D3F8002829
:1027E00035D0002240464946484BFFF7B7F800284D
:1027F0003ED1002240464946454BFFF7AFF800283E
:1028000038D1002240464946424BFFF7A7F898BB13
:10281000002240464946404BFFF7A0F870BB00221B
:10282000404649463D4BFFF799F848BB00224046D9
:1028300049463B4BFFF792F820BB002240464946F1
:10284000384BFFF78BF8002814BF0C200D209DF8A3
:102850000E309DF80F2023F00F030343A0B142F088
:10286000020207288DF80F2013D803F03F0312E06F
:102870000620ECE70720EAE70820E8E70920E6E77A
:102880000A20E4E70B20E2E722F002028DF80F2095
:10289000EBE743F0C0038DF80E30B87375B12B68C9
:1028A000022B2AD0043B18BF01235B009DF80E20A9
:1028B00022F0300242EA03138DF80E300123422148
:1028C00020460DF10E0227F0CEFA00287FF456AF15
:1028D0004FF4E17027F097FA9DF80F307D2103F057
:1028E0000F038DF80F304FF47A73204600930DF1EB
:1028F0000F02012327F0BFFA40E70123D6E7002D9E
:10290000CDD13AE7AFF300800000394000004940E4
:1029100000005940000069400000794000008940F3
:10292000000099400000A9400000000080842E4172
:1029300003297FB504461D4668D8072A20D8DFE85A
:1029400002F0041F1F4A3C1F0C0F0022294620469C
:1029500004B0BDE87040FFF7BFBD2A460021F6E78E
:10296000012341210DF10F02066927F04EFA80BBC9
:102970002B68082B1DD006DC022B07D0042B1AD0A5
:102980006FF0850025E0102BFAD1032033739DF8FA
:102990000F30412123F0030318434FF47A7300935F
:1029A00001238DF80F000DF10F02204627F063FA86
:1029B0000FE00220EAE70120E8E714212B68026912
:1029C000B3FBF1F36FEAC3436FEAD343A2F8583085
:1029D000002004B070BD2B680469002BD4BF686868
:1029E0002D48C0EB8020FEF7CDFC29A3D3E90023BE
:1029F000FEF76CFEFEF7DAFF80B220B140F46050C3
:102A0000A4F85A00E4E76FF01500E2E7043903295F
:102A1000B6D8062A09D0072A0AD0002AB0D119460A
:102A200004B0BDE87040FFF79FBE1A460021F7E7EB
:102A3000012343210DF10F02066927F0E6F9002872
:102A4000C7D12B68B3F5FA7F1CD005DC7D2B1BD0DA
:102A5000FA2B95D1032005E0B3F57A7F16D0B3F5B4
:102A6000FA6F8DD133829DF80F30432123F0070395
:102A700018434FF47A738DF80F0000930DF10F0295
:102A8000012392E70220EDE70420EBE70120E9E7CC
:102A90000000000080842E4140420F000000000032
:102AA0002DE9F04F2DED028B4FF000088BB03E4D1D
:102AB0008DF81C008DF81D108DF81E200DF11C0ADC
:102AC0001AF8013B08EE103AD5E900730293AB897E
:102AD0000593BB6838465B68029908AA98470028A6
:102AE00019DBDDE908430393304B039AA4FB03B6DB
:102AF00003FB02662AA3D3E900234FF0FF393146D6
:102B00005846FEF7C3FF2A4BD94573EB06060490DF
:102B100006D26FF085000BB0BDEC028BBDE8F08FE4
:102B20009FED247AB8EE488AC8EE077A9FED227AA4
:102B300067EEA77A67EE877AFCEEE77A4FF47A734E
:102B400017EE902A5A431346A2FB0464039A3046B8
:102B500003FB024412A3D3E900232146FEF796FFAC
:102B6000134AB14572EB04040346D2D30499BA6800
:102B7000994202D26FF01500CDE7059938460091D1
:102B800014680299049AA0470028C4DB08F10108E0
:102B9000B8F1030F05F1100592D10020BBE700BF8B
:102BA00000CA9A3B000000006C280400002D31018F
:102BB000FFC99A3B00007F4300409C460000000094
:102BC0002DE9F04F8FB0C24C00AF23788A46B86031
:102BD0002BB920461CF0AEFD20461CF0E7FE4FF05E
:102BE000000BBC4BC7F804A0A3FB0A231B093B61E5
:102BF000B7481CF0FBFD8146002856D1B64D2B7C12
:102C0000002B40F0B9804FF47F03D3F80C2CEA4638
:102C1000013200F08481D3F80C2CAE4B172AA3FBB1
:102C200002134FEA131640F2A580FE604FF0000831
:102C30005646C7F814B0C7F800900622A44807F11A
:102C400020011CF013FE002840F06C81A34BA96802
:102C5000EC68986807F1200C07F1380EDCF80030BA
:102C60001F22994603E0A0420ED0531C22D04B46AF
:102C7000D34013F0010313BF002101311C4601347E
:102C8000884202F1FF32EED19548C5E90214D7F827
:102C900014B04FF00E091BF015FAB5461CF0DCFD20
:102CA0008B481CF087FE0028A2D148463C37BD4621
:102CB000BDE8F08F0CF1040CE645CFD1874B4FF007
:102CC000180CD3E900921346C5E9021462464FF08E
:102CD000000B41469C46286807F1200EC0F580682D
:102CE0004FEA58184FEA8808904528BF90465FEA97
:102CF000980A034627D0C7E9063EAEF104006C6887
:102D000000EB8A0A50F804EF4FEA5E0303F05533F4
:102D1000AEEB03034FEA930E0EF0333E03F0333372
:102D2000734403EB131303F00F3303EB032303EBA1
:102D300003431B0EC3F1200382451C44E2D1D7E9B3
:102D4000063E18466C6000EBC803B3F5806F18466A
:102D5000A2EB080247D0C644002ABFD1FB6801F1AC
:102D6000010898452860FFF468AFD7F814B0D7F889
:102D70000090B54601232B747B68172B40F29C8092
:102D80000024BB68C7F8149003EB8B080622414669
:102D90004F481CF06BFDC646002840F0C880D5E9BE
:102DA00002164E4BA8F1040C98685CF8043F1F22F1
:102DB000994603E0B0420ED0531C20D04B46D3407E
:102DC00013F0010313BF002101311E460136814279
:102DD00002F1FF32EED142484FF00E09C5E902166A
:102DE0001BF070F95AE76B684B4580F08C806345A7
:102DF00040F289800023C5F804B01846ABE708F11B
:102E000014036345C5E90216CFD1344B4FF0180CBB
:102E1000D3E9009213469FED2C7B624620469C46E8
:102E20002968C1F580635B099B00934228BF134664
:102E30005FEA930AFB6126D0AEF104046E6804EBEE
:102E40008A0AC7F818E054F804EF4FEA5E0303F06B
:102E50005533AEEB03034FEA930E0EF0333E03F00F
:102E60003333734403EB131303F00F3303EB0323E8
:102E700003EB03431B0EC3F120031E4454456E6055
:102E8000E1D1D7F818E0FB6901EBC301B1F5806F20
:102E90002960A2EB030225D0FB699E44002AC0D121
:102EA00004463B6901349C420BF1060B08F11808FB
:102EB000FFF46CAFD7F814901CF0CEFC48463C37BA
:102EC000BD46BDE8F08F00BF00000000000000001C
:102ED000846B0020ABAAAAAAC04B0020A42D00201E
:102EE000802B04006B684B4505D2634503D985ED03
:102EF000007B0021D0E710481BF0E4F84FF00D09EB
:102F00001CF0AAFCCCE64FF480630B48D7F814B051
:102F10002B604FF00D091BF0D5F8B546BEE64FF417
:102F2000047682E6D7F814B08146B546B6E6064682
:102F30001CF092FCB146B3E6802B04002DE9F04171
:102F4000002498B0039424F0F7FF0746254603A811
:102F5000324EDFF8DC800DF0CDFF8DF82040326876
:102F6000039B1A420DD0736808A800932C4BC4F140
:102F70004001002C18BF434620442A4A1CF06EFE34
:102F800004440135092D06F10806E8D126F0A0F821
:102F900000200DF0C3FB68B10023059307930123C4
:102FA00004A906931EF0F8FD002803DB069B9B078F
:102FB000FCD1079B0FB924F0DBFF00F0B9F810BB80
:102FC00000F0E6F8044640F6CD40002104F0FD0490
:102FD0002BF05AFB012C18D113482AF082FF18B1AC
:102FE0000021114801F0F2FF10482AF07AFF18B1D1
:102FF00000210E4801F0EAFF002140F6CD402BF001
:1030000043FB1EF0D0FC0324DDE740F6CD40002159
:103010002BF03AFB002001F007FA00BF481C040027
:10302000A4350400E42C04006CFF03002C00040011
:10303000E22C040008B5C269910404D509490A4884
:1030400020F0D6F908E0836B0BB10849F7E7910748
:1030500004D5012120F0ECF9002008BDD305FBD5F3
:103060000349ECE7B41C040018340020A81C040039
:103070009C1C040010B504464022002106482CF098
:103080000EFC3F22214604482CF06FFC0123024A2B
:1030900002F8013C10BD00BF5934002008B5C369D7
:1030A0009A0405D50849094820F0A2F9002008BD76
:1030B000826B012A04D8D90501D50549F3E70AB185
:1030C0009B07F3D50349EEE7B41C04001834002035
:1030D0009C1C0400901C040008B5C3699A0405D523
:1030E0000749084820F084F9002008BD13F00A0FB2
:1030F000FAD0836B0BB10449F3E70449F1E700BF51
:10310000B41C040018340020A81C0400901C040007
:1031100007B54FF0FF338DF804004FF0FF3201A9DF
:1031200002480BF0DFFD03B05DF804FB5C0804000F
:1031300008B58822002105482CF0B1FB034B03F1B0
:1031400010002BF051FD002008BD00BF18340020F6
:10315000014601482BF04DBD2834002003681B7840
:10316000022B0AD0043B012B0ED800224FF4003072
:10317000064B83F83E20FFF7EBBF0122034B4FF4D1
:10318000803083F83E20F6E7704700BF18340020F7
:10319000F7B500F025FA10B18748FFF76BFF1EF076
:1031A000A0F80FF03BFA0246002800F09880834810
:1031B000FFF760FF0FF0F6FA10B18148FFF75AFFF2
:1031C0000FF052FA10B17F48FFF754FF0FF0FCFBED
:1031D00010B17D48FFF74EFF0FF062FB10B17B4846
:1031E000FFF748FF0FF0F2FA10B17948FFF742FFFE
:1031F00000F0B2FD10B17748FFF73CFF01F098F8FE
:1032000010B17548FFF736FF00F09CFB10B1734812
:10321000FFF730FF00F0E2FC10B17148FFF72AFF22
:1032200000F086FA10B16F48FFF724FF00F08CFF22
:1032300010B16D48FFF71EFF0FF0F6FA10B16B48A2
:10324000FFF718FF6A4C0420FFF762FF94F8403044
:10325000002B48D06749204620F0BEF84FF40046C6
:10326000002700224FF6FF71CDE9006762482BF07E
:10327000C7FC0146E06160482BF0BEFC0FF0DEFAAF
:10328000D4E90C23012A73F1000318DB2BF0DCFADC
:103290004FF47A72A0FB020302FB0131C00B4FF422
:1032A0007A72002340EA4140C90BFEF79FFBD4E944
:1032B0000C239042994102DB0220FFF749FFE369AA
:1032C000002BCED013F0380F02D027F052FCA063B1
:1032D000E3691A0509D540F20112A2870CE0FF212B
:1032E000FFF7DEFB66E74549B5E713F4806201D0DE
:1032F0000122F2E7DD04F0D4580439D501213C481D
:1033000020F096F8E3695A0608D501234FF4C0323D
:1033100084F83F303A48002317F030FFE3691B067A
:1033200005D50023364884F83F302BF093F8304819
:1033300020F084F8A3680546034392D094F83E3009
:10334000D3B90520FFF7E4FE002140F6CD402BF075
:103350009BF900F01FFD02200FF0ECF920BB0220CA
:103360000FF096F9002DB4BF0320207A03B0F0BD12
:103370001904C7D50221C2E794F83F20002AE0D102
:1033800002236E21104600F02BFD792694F83E3082
:10339000002BD6D0013ED4D00FF050FA00214FF4CC
:1033A00000402BF071F9F1E700214FF4A4702BF0ED
:1033B0006BF90FF043FACEE72B2D04004A2D0400E1
:1033C000652D0400822D04009F2D0400C32D0400F0
:1033D000EC2D04000B2E04002D2E0400522E0400B0
:1033E000722E0400962E0400BB2E0400E62E04006C
:1033F00018340020B41C040028340020901C040061
:10340000002000202DE9F3410C46154627496A4665
:1034100007461E461FF03FFDB8B1DDF80080B8F149
:10342000000F12D1231F042B02D96FF0150009E001
:103430001F4F224639463046A847002802DB07F8CE
:103440000080404602B0BDE8F0816A46384619491E
:103450001FF021FD50B1009B43B9112CE5D122464C
:1034600015493046A84700EAE070EBE76A4638465F
:1034700012491FF010FDB0B10098A0B100230A223C
:1034800001A901931CF014FCDDE9002393420AD04A
:103490001B7843B9012806D8082CC6D10849224612
:1034A00001EBC001DDE76FF00100CBE7142F040052
:1034B000E22D00206E2F0400D02D0020FC2E0400F1
:1034C0000823002002460B46014817F075BA00BFDA
:1034D0005C300020014817F0E1BA00BF5C300020EA
:1034E00038B504460D464FF0FF304FF0FF31FFF77F
:1034F000E9FF2A46034920462CF037FAFFF7EAFF96
:10350000002038BDE22D002010B504461DF0A6FDB8
:10351000E8B14FF0FF314FF0FF30FFF7D3FF204607
:10352000FEF7E0FA214602460A4801F081FE002833
:1035300004DAFFF7CFFF6FF0040010BD0822214628
:1035400005482CF012FAFFF7C5FF0020F5E76FF0F1
:103550001500F2E7082F0400E22D002013B5044601
:1035600010B9002002B010BDFEF7BCFA1128F8D146
:103570006A462046094904F031FD0028F1DB204667
:1035800007492CF0ABF90028EBD0204605492CF078
:10359000A5F9003818BF0120E4E700BF222F04007E
:1035A000292F04003B2F040008B509481DF056FDE3
:1035B00018B908490648FEF78DFA0748FFF7CEFF0D
:1035C00018B906490448FEF785FA002008BD00BF77
:1035D000E22D00204D2F0400D02D0020292F0400C3
:1035E0002DE9F743DFF8B08098F80030002B44D184
:1035F00001F050FF061E31DB214801F04BFE21484F
:103600001DF02CFD18B920491E48FEF763FA1E492B
:103610001C48FEF755FA044668B96D4600900190C3
:103620000821684625F03EFD0746DFF85890BC4269
:1036300001DA042C16D11548FFF790FF18B9144988
:103640001248FEF747FA01234FF0FF304FF0FF31E9
:1036500088F80030FFF736FFFFF73CFF304603B035
:10366000BDE8F0834846032115F8013B094A1CF0E8
:10367000F5FA013409F10209D9E70026EEE700BFA7
:10368000562F0400E22D00204D2F0400D02D0020E5
:10369000292F0400093A04000A6E002010B50446E0
:1036A000FFF75CFFE8B14FF0FF314FF0FF30FFF75D
:1036B00009FF2046FEF716FA214602460A4801F0A5
:1036C000B7FD002804DAFFF705FF6FF0040010BD16
:1036D0001122214605482CF048F9FFF7FBFE002097
:1036E000F5E76FF01500F2E7622F0400D02D0020FF
:1036F00038B504460D464FF0FF304FF0FF31FFF76D
:10370000E1FE002309482370FFF728FF40B12A4655
:10371000204606492CF029F9FFF7DCFE002038BDD1
:10372000294620460FF056FDF6E700BFD02D0020B9
:1037300010B58CB00FF048F920B14FF0FF3420469F
:103740000CB010BD0FF0ACF804460028F5D10F4BBB
:1037500001A801930E4B029300F016FE0D480FF0E6
:1037600011FA0D4B03A803930C4B0B9404930C4BD1
:1037700005930C4B06930C4B07930C4B08930C4B87
:1037800009930C4B0A9310F06FF8D8E74B11030024
:103790004711030093100300391103002B1103009C
:1037A0001D110300ED100300D7100300C11003002A
:1037B000AB1003009510030002460B46014817F0BA
:1037C000FBB800BF802F0020014817F067B900BF89
:1037D000802F0020F0B507460E461D4614468DB0DA
:1037E0002C22002101A82CF05AF88DF804700296C2
:1037F0008DF82C5024B12246202103A81DF0A9FCED
:103800004FF0FF324FF0FF3301A902480BF06AFA84
:103810000DB0F0BD20080400064B1A78824208D093
:1038200018700023C0F103001A461946C0B2FFF712
:10383000D1BF7047306E002008B54FF0FF304FF019
:10384000FF31FFF7B9FF0B4B1B782BB10A4B1A68FE
:103850000A4B1B689A4203D3BDE80840FFF7B4BF88
:10386000074B18780FF004FB0028F5D10120FFF773
:10387000D3FFF1E7316E0020FC4B0020F84B002015
:103880002F6E002070B5154604460E464FF0FF30EF
:103890004FF0FF31FFF790FF042D1FD8DFE805F050
:1038A0002C1E3A430300012C00D8DEB92846002321
:1038B00032462146FFF78EFF1D4B1B7873B11D4B1F
:1038C0001A681D4B1B689A4208D215F0FB0F05D1F0
:1038D0004FF400520023194817F050FCBDE8704027
:1038E000FFF772BF6342164803F0120332461221FB
:1038F00018441DF02EFCD9E70E4A13680BB1013BAA
:103900001360012C04D81223002163430C4AD154C4
:103910000720CCE7074A0020136801331360FFF744
:103920007BFF0520C3E720460FF094FB0820BEE78D
:10393000316E0020FC4B0020F84B0020302000208E
:103940000B6E002070B5002494B0212221460BA8F4
:1039500006AE03AD03946C602C722BF0A0FF2146E1
:10396000122230462BF09BFF08212846FFF7B8FDB6
:1039700018B14FF0FF3014B070BD21210F4B104A29
:1039800000950BA81CF06AF911213046FFF7B0FE34
:1039900004460028EDD10B480FF018FD9DF81830B3
:1039A0002246002B14BF30460020074B0BA90FF016
:1039B0008FFB003818BF01204042DCE7792F04005C
:1039C000812F0400831103001823002038B54FF025
:1039D000FF304FF0FF310F4DFFF7EEFE0E482AF09B
:1039E00039FD2B7873B10FF031FA044678B9FFF73F
:1039F00013FF2B7833B123462246214601202C7039
:103A0000FFF7E8FE0024FFF7DFFE204638BD4FF049
:103A1000FF34F8E7316E002030200020F8B504466E
:103A20000D46FFF7D3FF064678BB27F0ACF8A0425F
:103A300002D827F0A8F80446154F4FF0FF304FF09A
:103A4000FF31FFF7B9FE3B78C3B9124B1D70124B23
:103A50001C60124B1B68A34206D228460FF008FADE
:103A600080B90120FFF7D8FE3A7885F001032AB922
:103A70000121104639701146FFF7ACFEFFF7A4FE96
:103A80003046F8BD4FF0FF36F8E74FF0FF36F7E766
:103A9000316E00202F6E0020F84B0020FC4B0020E0
:103AA00008B50A4602492BF060FF012008BD00BF9F
:103AB000872F04002DE9F34100240A460D462146D4
:103AC000074600940194E8462BF0E9FE0821684679
:103AD00025F0E8FA061E13DD013DB5EB440F4FEA71
:103AE000440006D9032118F80430064A38441CF073
:103AF000B5F80134B442F0D1012002B0BDE8F08144
:103B00002046FAE7093A0400002307B54FF0FF32D8
:103B1000009301918DF800004FF0FF336946034890
:103B20000BF0E0F803B05DF804FB00BF34080400BC
:103B300070B505460E460A468CB000212BF0AFFE4C
:103B400031462846FFF7D4FD08B92B785BBB01232B
:103B500006A907A8069305F063FB069B1BB39DF817
:103B60001C3009AC032B27D8DFE803F00220222405
:103B700014492046FDF7AEFF9DF81D3031460493F1
:103B80009DF81E30284603939DF81F300E4A02937D
:103B90009DF82030059401939DF8213000939DF805
:103BA00022301CF05BF801200CB070BD0749E0E743
:103BB0000749DEE70749DCE70A212046064A1CF0F0
:103BC0004DF8D9E7222F0400B02F04008E2F0400F7
:103BD000952F04009F2F0400A92F040010B590B06A
:103BE0000EF01CFD044600282BD10EF0DBFD0EF07C
:103BF0003BFD10B914480EF097FD00230E93134BB4
:103C000001A80193124B0293124B0393124B04939E
:103C1000124B0593124B0693124B0893124B0793CA
:103C2000124B0993124B0A93124B0B93124B0C93AA
:103C3000124B0D93124B0F930FF060FD204610B006
:103C400010BD4FF0FF34F9E77F1203003512030077
:103C500027120300B53A0100A13A0100D711030071
:103C6000DF120300191203000B120300FF110300FF
:103C7000DB110300313B0100F1110300E5120300E9
:103C800053120300012101482AF0B3BF004C002069
:103C90002DE9F3414FF0FF364FF0FF370025294C57
:103CA000DFF8B080D8E8AF3F53B10022CDE900671C
:103CB000032125482AF0A4FF0646D8E8AF3F3BB9C8
:103CC00000221146104602B0BDE8F041FEF7E8BE02
:103CD0004FF0FF324FF0FF331C4816F06DFE16F028
:103CE00002071AD0022118482AF086FF0025184C36
:103CF000E378012B1AD0022B1CD04FF0FF364FF087
:103D0000FF37D5B9A27861782078FEF7C9FE85F033
:103D100001050E4816F0C2FEC4E7F307E8D50121FD
:103D200009482AF069FF3D46064CE1E740F6CD46DA
:103D30000027E6E74FF40046FAE700221146104656
:103D4000E3E700BF326E0020004C0020E42F00208B
:103D5000366E00200C4C002010B50EF05FFC0446BF
:103D600078B90122084BD3E8EF1FC3E8E02F002801
:103D7000F9D106482AF038FF05482AF09EFC204673
:103D800010BD4FF0FF34FAE70C4C0020004C00202F
:103D9000A0340020002008B50D4BD3E8EF2FC3E876
:103DA000E10F0029F9D10B482AF054FB01210A4800
:103DB0002AF01FFF00234FF4A472084817F0E0FD1B
:103DC000002211461046FEF76BFE002008BD00BF22
:103DD0000C4C002060200020004C0020A03400206B
:103DE0002DE9F04180460F4616461D460D4C4FF01A
:103DF000FF324FF0FF330C4816F0DEFD84F80080F0
:103E00006770A670E570084816F048FE07482AF06B
:103E10001FFB18B9012106482AF0EBFE0020BDE87F
:103E2000F08100BF326E0020E42F002060200020CF
:103E3000004C002010B50446492200211F302BF011
:103E40002EFD1F2220460A492BF08FFD2F22094903
:103E500004F120002BF089FD01204FF00133206593
:103E600084F8550084F8570084F85800236610BD84
:103E7000E12F0400F92F0400064B1A78012A9FBF96
:103E80004FF41071044B01FB0233D3F8300288BFAA
:103E900000207047EB2D0020444C00201FB58DF80A
:103EA0000400FFF7E9FF0C4B02901A780B48012A37
:103EB00097BF4FF410710023094B01FB023398BFE9
:103EC000D3F8343240F6CD42039301A900230AF01F
:103ED00009FF05B05DF804FBEB2D00204808040045
:103EE000444C002008B50E490B78BBB100230220DA
:103EF0000C4A0B70C2E98C3382F83832C2F8703445
:103F0000C2F8743482F87834074A107007482AF0EF
:103F1000A1FABDE808400420FFF7C0BF08BD00BFFC
:103F20003B6E0020444C0020EB2D00209020002010
:103F3000F8B51D4C15462478A4B31C4C267886424F
:103F40002ED14FF410701A4C00FB0644D4F8307296
:103F5000D4F83402BE18864222D89F4220D1301AAB
:103F60004342434120461EF02CFFC8B9D4F83032FA
:103F70002B44C4F830321DF0C3F943F698220D4BA0
:103F8000801841F10001C3E900014FF4F022002341
:103F9000094817F0F3F80320FFF780FF0120F8BD70
:103FA000FFF7A0FF0020FAE73B6E0020EB2D00207A
:103FB000444C0020703500209020002070B51E4E2B
:103FC0001546327803460AB1AA4233D1012B2FD8C5
:103FD0004FF41074194A1A481370002204FB0304AA
:103FE000C4E98C2184F8382213BB4FF460230224E7
:103FF000994280F83942C0F83C3219D821461EF067
:1040000025FFA8B935701DF07BF943F698220D4BBA
:10401000801841F10001C3E900014FF4F0220023B0
:10402000094817F0ABF82046FFF738FF012070BDB4
:10403000FFF758FF0020FAE73B6E0020EB2D002031
:10404000444C0020703500209020002002460B4692
:10405000014816F0B1BC00BF942F0020014816F0B3
:104060001DBD00BF942F00204FF0FF304FF0FF31F7
:1040700070B5FFF7EBFF1A4B1B783BB31DF040F90F
:10408000184DD5E90064B042A14126DA1DF038F997
:10409000B042A1411EDAD5E900451DF031F940F2E8
:1040A000E733201A65EB0101C90341EA5041C0031F
:1040B000C0184FF47A724FF0000341F10001FDF790
:1040C000E5FC02460B46084817F058F8BDE870407A
:1040D000FFF7C4BF00221346F5E7FFF703FFF5E73C
:1040E0003B6E0020703500209020002070B5134BEF
:1040F0000D461B7803B3124B1B7883421AD14FF441
:104100001072104C02FB0344D4F8346296B1D4F818
:1041100030329E420ED820461EF094FE864209D1CF
:10412000202D07D10125002084F83852FFF7B6FE74
:10413000284670BDFFF7D6FE0020FAE73B6E002050
:10414000EB2D0020444C002000B50B4B89B00193AF
:104150000A4B01A802930A4B03930A4B04930A4BA0
:1041600005930A4B06930A4B07930FF0EDFB0020D3
:1041700009B05DF804FB00BF7F1303005313030075
:10418000A5130300C9130300391303001D13030013
:10419000FD12030038B5184C4FF0FF304FF0FF31DF
:1041A000FFF754FF23782BB3144D95F838322BB119
:1041B0000021084623F0B8FED0B9012395F87824F1
:1041C000A2B10021012023F0AFFE88B90520FFF73E
:1041D00065FE02220A4B0B481A70002323702AF056
:1041E00039F90124FFF73AFF204638BD002BEDD105
:1041F000FFF778FE0024F5E73B6E0020444C0020DA
:10420000EB2D0020902000202DE9F04788B03E489B
:104210002AF07AFC3D482AF077FC3B4F00253C4CC5
:104220004FF0FF324FF0FF330221394817F0BCFE48
:10423000A0462E46CDE900662069694601AA2AF00B
:104240006BFC009BDBB120692AF063FC142303FBA9
:104250000583DA6866F39432DA602369BB4222D1BF
:10426000DFF8B8A0DFF8B8909AF8003099F800208D
:104270009A4204D05BB10EF063FC002809DA6B1C93
:10428000022B4FF0010504F11404D3D1C6E70EF060
:104290006DFC204B9AF800005B6889F80000002B49
:1042A000EDD09847EBE7194A9342E8D1002304AADE
:1042B00003A902A80293039304930593069307931B
:1042C0000EF0A4FB0028DAD107AA06A905A80EF073
:1042D000E7FB4FF0FF334FF0FF320F4816F06CFB57
:1042E0000C4B1B6863B1DDED072A9DED062ADDED61
:1042F000051A9DED041ADDED030A9DED020A9847AB
:10430000054816F0CBFBBAE7E0500020D050002063
:10431000A0230020F0500020BC2F00203D6E002084
:104320003C6E00200021014817F096BED0500020BE
:1043300010B50EF049FB044620B904480EF0FAFB14
:10434000204610BD4FF0FF34FAE700BF25430100BF
:104350000122034B1A700021024817F07DBE00BFF6
:104360003D6E0020E05000200021024B19700248F1
:1043700017F072BE3D6E0020E0500020014B18780F
:10438000704700BF3D6E002010B504464FF0FF326D
:104390004FF0FF33064816F00FFB064B22681A60F9
:1043A00062685A600248BDE8104016F077BB00BF53
:1043B000BC2F0020F0500020014B1B68184700BFA5
:1043C000C823002030B5044685B00D4610220021D8
:1043D00068462BF064FA02238DF80230044B2A461B
:1043E0002146684601931BF057FD05B030BD00BF64
:1043F000B943010080B505460E461746984617F0AA
:104400001BFA034601F09AFE0446DFF81890424674
:1044100049F8003039463046A84754F8090001F001
:1044200009FE00BF08000000044608B5EFF3118341
:10443000202383F31288BFF36F8F0EF06BF82046B2
:1044400002F0E6FA02481DF094FA1EF080FEFCE746
:10445000193004002DE9F047058B0446280717465C
:104460000CD501290CBF45F0100545F0200525832A
:1044700087F31188BFF36F8FBDE8F087022905F03D
:10448000070540F0948020461DF023FB052864D8E2
:1044900001A353F820F000BF71440100AF450100B3
:1044A0005B4501001D4501003745010049450100FC
:1044B00001F007035A1F012A1FD8002221F007012B
:1044C000062BD4F8008089B2C4E9002209D1434602
:1044D00003E0628B013262831B68002BF9D141F04B
:1044E0000201204621831DF0F4FA4FF00009002854
:1044F0006DD041F02001218369E0042B0AD121F025
:10450000070189B2204621831DF0E3FA10B141F082
:10451000200121834FF00008C14658E02369D3F8F9
:104520000090238B23F0070343F006034FF00008AD
:10453000238346464BE02369D3F80490238B23F072
:10454000070343F00403F1E72369D3F80890238BB2
:1045500023F0070343F00503E8E74FF00008C146E6
:10456000E7E7012243F00803238387F31188BFF3B1
:104570006F8F002A3BD1B8F1000F4AD1B9F1000F7B
:1045800002D020462C49C847EFF31187202383F33C
:104590001288BFF36F8F238B23F008039BB2238312
:1045A000D9063FD523F01002228303F00705666980
:1045B000218B002EBFF67CAF00239946D4F80080F3
:1045C00021F00701C4E9003341F001012183238B6D
:1045D00003F0070AAA4502D0A268002AC1D1B8F1A7
:1045E000000F02D1B9F1000FDAD00022BAE7A168BA
:1045F0000029C0D00D680029BDD033465246204660
:104600004F68B8471DB12B6829461D46F3E72B4676
:10461000FAE74146334652462046D8F800801DF05E
:1046200084FAA8E79A067FF523AF23F020022283BD
:1046300003F0070527E700BF571B0300034A136871
:104640000BB9526813600020704700BFCC230020D4
:1046500030B50C460E4985B00291D0F8D41105460C
:10466000CDE9003100F1F0014FF0FF33204615F0A5
:10467000A7FC50B9012384F86C30D5F8D03123B1B0
:10468000204605B0BDE83040184705B030BD00BF3A
:10469000CF1E03002DE9F04F0123814605694668CE
:1046A00089B005F57177D7E8EF2F002A03D1C7E865
:1046B000E13F0029F7D10CBF1A46002240F0B1803B
:1046C000B368B16A05F5F8781C1F10461DF04FFC61
:1046D00084426FD8013A00F09E80B2FA82F24FF025
:1046E0000044D44072682046073222F00302C5F825
:1046F0003C22B16A1DF03BFCC5F84002B36A40465B
:104700006343033323F0030302EB4302230103EB70
:104710004403093323F0030303EBC403C5F8342235
:104720001A440832C5F830227368C5F83842C5F813
:104730002C323D4BC5E9AD63316800F029FA0446DF
:10474000002835D1D9F810B0D9F804A0D9F8003034
:104750000BF53479CDE9060005934846DAE90734CC
:10476000012B08BF103C29F061FEDAF824002F4924
:1047700005AB01EBC0214FF400624846009323468D
:1047800016F028FC2A490BF5307029F0F9FDDAE91A
:10479000050183685C684CB15B46264AA047044625
:1047A00030B9DAE9050183681B692BB96FF057044A
:1047B000002129E0013288E70122984704460028B9
:1047C000F6D11D4B2846C5F8D0311C4BC5F8D43165
:1047D0001B4B0393D5F840320293D5F83C32CDE918
:1047E000008305F51173B26AD5F8C01300F098F98B
:1047F00004460028DCD105F1F00015F087FC002804
:10480000C5F8C8030ADB022138461DF098FB204694
:1048100009B0BDE8F08F6FF00B04C9E76FF0150425
:10482000C6E76FF07704F2E7291F0300307D002010
:104830000F1F0300031F0300C148010045200300B0
:10484000454801002DE9F04190460C4699B30B789C
:104850008BB3D0F8C450A5F5E27614354FF0FF3293
:104860004FF0FF33284616F0A7F8214630461DF0DA
:1048700030FB0746A0B9304610491DF02AFB06461A
:1048800020B92846BDE8F0411DF057BB1F22214644
:1048900048302BF06AF886F86770C6F86880F0E751
:1048A00028461DF04AFB4346224639463046BDE8BD
:1048B000F041FFF7CDBEBDE8F08100BFA435040094
:1048C00013B5044640B100230122CDE90032074B65
:1048D000D0E9091215F048FB236F1B6823B1606F04
:1048E00002B0BDE81040184702B010BDA435040066
:1048F00013B504460846216901F57171D1E8AF1F6F
:10490000022910D193B1A0B10121CDE900311346A4
:10491000D0E9091215F028FB074B984208BF6FF049
:104920000B0002B010BD6FF00F00FAE76FF04C0003
:10493000F7E76FF00100F4E72EF8FFFF2DE9F843E9
:1049400089461546066906F57173D3E8AF3F022B19
:1049500066D11368EBB11B78DBB1D6F8C073002FBA
:104960003FD106F5EC784FF0FF324FF0FF33404671
:1049700016F022F8304629681DF0ABFA044660B9FB
:10498000304629491DF0A5FA044638B940461DF0C5
:10499000D4FA6FF01500BDE8F883012705F108038C
:1049A0002367AB6964646367002384F86C3067B184
:1049B00040461DF0C2FA21463046A36E2A68FFF732
:1049C00047FE0020C9F80040E5E71F22296804F1EE
:1049D00048002AF0CAFF404684F867701DF0ADFA1F
:1049E000EFE7304610491DF074FA04460028D0D095
:1049F000002705F108030367AB6980F86C70436713
:104A000040641F22296848302AF0AFFF2246012166
:104A1000304684F8677000F065F80028D1D0B8E718
:104A20006FF00F00B7E700BFA435040010B50C46C7
:104A3000006900F57173D3E8AF3F022B0FD189B144
:104A40000A4900F5307029F0D6FC204628F080FF96
:104A50007822002120462AF022FF002010BD6FF0AE
:104A60000F00FBE76FF00100F8E700BFF8500020EF
:104A70002DE9F04F05460E4690460027D0F8C4A019
:104A800085B0AAF5BE7421463046FDF719F8E0B9A5
:104A9000134BA4F1480B0293DAF810303246CDE9FB
:104AA000008329464FF0FF335846AAF5E27915F006
:104AB00087FA88B97823012203FB079383F86C20D7
:104AC000DAF80C300BB1584698477B1C022B4FF09C
:104AD000010704F17804D6D105B0BDE8F08F00BF1E
:104AE000732003001FB5144690B18AB1012912D179
:104AF0000A4B00F1F0010293D0F8D431483201930F
:104B00004FF0FF332046009315F05AFA04B010BD61
:104B10006FF01500FAE70020F8E700BF73200300EC
:104B20002DE9F04387B00E46DDE90E811446DDE93C
:104B300010251F4630B329B3DFF850C000F1F0094B
:104B4000002D08BF65469EB9CDE9034400F5E27427
:104B50002046059629F06FF903ABCDE900432A46BC
:104B60003B464146484615F04DFB07B0BDE8F08393
:104B7000002241460E9248462A4607B0BDE8F0435F
:104B800015F096BC6FF01500EFE700BF714A010009
:104B9000F0B5044687B02B4A04AB0E4692E80300FA
:104BA00083E80300002C49D0184611F0ABFC054601
:104BB000B0B94FF0FF33E16C04F15407A163CDE9C4
:104BC000010000933846236D04F1380227F0EAF81B
:104BD000A06C1DF07DFAC4F8BC0020B96FF00B0585
:104BE000284607B0F0BDA06C1DF072FAC4F8C000F2
:104BF0000028F3D0236CD4F8BC10C4F89030042300
:104C0000C4F89430C4F8AC300223E3620E4BB4F81D
:104C10004820C4F88C10616C236204F18C03C4F842
:104C2000A070A4F89820C4F8B870C4F8A810A4F82C
:104C3000B020C4F8A400A6612363D1E76FF0150586
:104C4000CEE700BFB0080400F01C040037B50446EE
:104C50000821C06A1DF082FB00234FF6FF72104D41
:104C6000ADF804306368ADF800208DF80620E268E6
:104C700019182B401344181A60606846ADF80210EA
:104C80001DF0C4FA694620461DF087FB2046211D11
:104C90001DF096FA63682B40A36003B030BD00BFDF
:104CA0000000FFFF2DE9F7430F4681460821C06A47
:104CB0001DF054FB80463C68124D241A3C6004EA07
:104CC0000506B4421CD3A0B210B903B0BDE8F0830E
:104CD00008236A46214648461DF039FA0028F4D1D7
:104CE0006946A0B21DF026FB38B1BDF80230BDF810
:104CF00004202E4013441E443C60A4EB0804E0E76B
:104D00000020E2E70000FFFF2DE9F047044688B0ED
:104D100000F11407384629F0EFF9A06A8368DB68D0
:104D20009847E06228B96FF01505284608B0BDE83D
:104D3000F087A06A8368DB6898470368013B1F2BF4
:104D4000F1D8E368B3F5803FEDD8A06A216805AAE1
:104D500023F08CFE0028E6D1E568002DE3D0069B09
:104D6000B5FBF3F203FB1255002DDCD1238A012B96
:104D7000D9D9E36A009593F805804FF0FF334FF0DF
:104D8000FF32384615F018FE0821E06A1DF0E6FAF9
:104D9000A9460646238A1FFA85FA534544D8238A32
:104DA0004B4500F0FF809A450BD1009908234246FD
:104DB0002046891B1DF0D9F918B9694620461DF017
:104DC000FFF969462046FFF76DFF0546002840F0D1
:104DD000EB8000994FEA11494FEA09496160C4F834
:104DE0000890A3688B420DD80823204601AA1DF025
:104DF000AEF9B8B901AB13F8012B904532D10130AF
:104E00000828F8D1636869466FF30F0320460093C2
:104E10001DF0D6F942462046E36800991DF0A5F939
:104E200000283CDA0546BFE0E1682B04891B13FA31
:104E300081F142460823204600911DF096F978B191
:104E4000694620461DF0BCF909F1010908234246D4
:104E5000204600991FFA89F91DF087F900289ED095
:104E6000013597E7A08801A91DF064FA626810B9BE
:104E7000911B6160B5E7BDF808A0BDF80610E06AB7
:104E8000C4F8089051441DF069FA48448242A06079
:104E9000EED1BAF1000FEBD06FF01C0584E05DD0CD
:104EA0004FF6FF79636806EB0308E3681FFA88F2A0
:104EB0009B1B9A42CDF800801CD34FF0000861681C
:104EC000B8F1000F30D06FF30F0120460091694612
:104ED0001DF076F9204600991DF07FF90028A1D138
:104EE000E368A288A3EB46039A425DD120461DF0F9
:104EF00071FA97E708234146204603AA1DF027F9D7
:104F000000288FD103A91FFA88F01DF013FA30B1E1
:104F1000BDF80C304B4502D1BDF810300BB1B04498
:104F2000C3E74FF00108CAE720461DF056F90028F4
:104F30007FF478AF6368214AE16813400B44A3EB28
:104F400046036360134041462046A3601DF0C6FA45
:104F5000C4E7E26AA36812681344A360D4E901318C
:104F60008B4208D9424620465B1A1DF0FEF8002805
:104F7000FFF658AFEDD16168E36801EB46029A4253
:104F8000AED10E4BA06801EA03029042A8D02046A1
:104F90001DF023F900287FF445AF6268074B1A40E3
:104FA000A2609DE76FF02C05384615F077FD002DC7
:104FB0007FF4BBAE0123A374B7E600BF0000FFFF80
:104FC000014B0360002070471C1D040070B5C469CC
:104FD0000D469CB31E4A2379565CB34231D01D4A1C
:104FE000525C9A4230D1A3689847002810DA022D0B
:104FF0000CD0032D0BD110F1860F07D0D4E8EF3F72
:1050000043F00203C4E8E23F002AF6E7267170BDD0
:10501000022D267101D00020F9E7D4E8EF3F23F0FC
:105020000403C4E8E23F002AF7D1D4E8EF3F23F0BD
:105030000203C4E8E23F002AEDD0F6E76FF0570024
:10504000E5E76FF07700E2E76FF08500DFE700BF8C
:105050009E3D04009A3D040070B5104B0D461C683F
:10506000B4B10F4B196800238B4202DB6FF00100D3
:1050700070BD224612F8106B864202D014460133EE
:10508000F2E7E06828F02DFF28B100202C60EFE760
:105090006FF00C00ECE76FF01200E9E7DC24002071
:1050A000F01D040010B5436888B0029383680C4675
:1050B000CDE9033200230A68C068CDE9062305491B
:1050C00001AA059323F0D6FC079808B9059B236035
:1050D00008B010BD2D2B03002DE9F7430D46DDE987
:1050E0000A8791461E46044620B96FF00D0003B0B2
:1050F000BDE8F0830029F8D0002AF6D08B68084676
:10510000DB6898470368B6FBF3F203FB1262002AE0
:10511000EBD1B8FBF3F203FB1282002AE5D1002F9A
:10512000E3D0B7FBF3F103FB11710029DDD117EBDD
:10513000080FDAD2C4E90096C4E905872161A160AD
:10514000E56003686A4663620C9BC4E907314379F2
:10515000CDE900612846074984F8283023F08AFC0D
:10516000019A002AC1D0D4E905310B449A42BCD33C
:105170000020BCE7A32B030007B51B491B481EF00A
:10518000E7FC70BB1A4919481EF0E2FC48BB1949FC
:1051900016481EF0DDFC20BB174914481EF0D8FC51
:1051A000F8B90146154A11481EF0B4FFC8B90246C5
:1051B000012313490D481FF087F890B901230146D8
:1051C0000093EF22022309481EF0CCFB48B90748A0
:1051D0001EF0F1FB28B9054803B05DF804EB1EF0A2
:1051E0001ABC03B05DF804FB6C2400209833002047
:1051F000542400203C24002024240020F8230020F4
:105200004230040010B54FF42814DFF820C086B0F7
:10521000CDE904C40824029404AC0194BDF82040F4
:10522000009421F046FE06B010BD00BF1800280013
:105230002DE9F0410C4B05461C680E4617467CB123
:1052400000F018F963682046D3F8108032463B46D8
:105250002946C047044600F017F92046BDE8F08112
:105260006FF00104F9E700BF205100200023036024
:10527000044B5A6812B9C3E90000704710605860C7
:10528000704700BF24510020014B1860704700BFD9
:1052900020510020002330B585B0CDE9023305460A
:1052A000019000F0E7F8094B1C6844B9284600F06B
:1052B00083F8044600F0E8F8204605B030BD636886
:1052C00020461B6801A998472468EEE72451002076
:1052D0001FB5CDE90101039200F0CCF8074B1C6823
:1052E00024B900F0D1F8204604B010BD6368204610
:1052F0001B6801A998472468F2E700BF24510020E9
:105300000022024BC3E90022704700BF2451002055
:105310000022024BC3E90022FFF7F2BF2C5100200C
:105320002DE9F74307460C4609B100230B60002620
:105330001E4DDFF880904D450FD31D4B1D6885B382
:1053400055F8188C3846414601AA183D1DF0A3FDBA
:1053500010B3D6B914BB2E461EE0D5F800803846EF
:10536000414601AA1DF097FD50B116B954B92E4619
:1053700006E00022404631681DF08DFD0028F5D181
:105380001835D8E7019B2360F1E7002240463168D9
:105390001DF081FD0028DDD1AD69D0E7019B2360C0
:1053A000D9E7304603B0BDE8F08300BF6C070400C6
:1053B0002C510020140804002DE9F04780464FF0DE
:1053C00000470026DFF8A490DFF8A4A03D46264C55
:1053D0004C450DD3DAF80040002C40D0183CB8F111
:1053E000000F24D1226952BBA469F5E72F46EDE7EF
:1053F000B8F1000F03D122694AB91834E8E7002256
:10540000414620681DF047FD0028F4D1F5E76368A8
:10541000BB4206DDAF4202D0AB42A8BF2B461D46C1
:10542000EBE7EAD19047002E08BF0646E5E70022E9
:10543000414620681DF02FFD0028D3D1D4E76368D2
:10544000BB4206DDAF4202D0AB42A8BF2B461D4691
:10545000CAE7C9D19047002E08BF0646C4E7AF424D
:10546000C4D13046BDE8F0876C070400140804007E
:105470002C5100204FF0FF324FF0FF33014815F060
:105480009BBA00BF70300020014815F007BB00BF79
:105490007030002038B5094DFFF7ECFF2B785BB971
:1054A000FFF736FF00F068F8044608B901232B70B7
:1054B000FFF7EAFF204638BD0024F9E73E6E0020E2
:1054C0002DE9F04306460F46048F99B00134A4B28B
:1054D00000F10808651EADB2B5F5004F47D04A236C
:1054E000294605AA40461DF06DFA04F57F543F3465
:1054F000A4B281462146012340460DF10B021DF066
:1055000061FAB9F1000F014610DC002810DC338F7E
:10551000AB4209D132466B1E22F8383F4FF40041AE
:10552000022340461DF019F92C46D3E7002808DC79
:10553000294640461DF0EDF9214640461DF0E9F9A7
:10554000E5E709F160030DEB03090023094A09F8B7
:105550004C3C05A8009703ABCDF80C80ADF810408B
:105560001DF0CFFC0028DFD019B0BDE8F08300208B
:10557000FAE700BF712F03007FB5012369460920B8
:105580000193FFF769FD044660BB092002AA01A947
:105590001DF0EEFA044610B110F10C0F22D1039960
:1055A000B1F5803F23D200231846009A946808443E
:1055B00084421AD30133082BF9D10E4D69612B8334
:1055C00053682846AB60D368EB631DF067FD044663
:1055D00040B9094E28466E60FFF748FE28466E60C7
:1055E000FFF752FE204604B070BD9BB2E5E76FF0B6
:1055F0002004F7E734510020A81D040008B5054831
:105600001CF0B7F904481CF0B4F904481CF0B1F9D7
:10561000002008BD5B3004009F300400D23004003D
:10562000014818F071BD00BFC41D040038B5044620
:1056300018B90F4B0F485B6898476168B1F5683F30
:1056400010D0B1F5680F0DD00B4DA9420AD011F45E
:105650006861206807D00146084828F0EEFC002366
:105660002360656038BD14222AF019F9F9E700BFFC
:10567000402D0020FF3004002C5F5CA974560020F0
:1056800008B560B34368B3F5683F0ED0B3F5680F53
:1056900018D0144A934220D000684FF0FF324FF0E8
:1056A000FF3315F089F958B115E001220368D3E8FA
:1056B000EF1F002903D1C3E8E02F0028F7D10AD15A
:1056C000002008BD0368084A1B7803F5807352F870
:1056D0002330002BF4D00548F3E70548F1E76FF4D9
:1056E000E040EEE72C5F5CA900000350E98FFFFF6C
:1056F000EA8FFFFF08B520B34368B3F5683F09D0D0
:10570000B3F5680F13D0114A93421DD0006815F00D
:10571000C5F914E000220368D3E8EF1F012903D183
:10572000C3E8E02F0028F7D109D0094808BD0021BF
:105730000368084A1B7803F5807342F823100020A1
:10574000F4E76FF4E040F1E70348EFE72C5F5CA972
:10575000E98FFFFF00000350EA8FFFFF10B50446FA
:1057600018B91D4B1D485B6898476368B3F5683FDF
:105770002FD0B3F5680F2CD0194A934219D1236862
:1057800003BB4FF0FF324FF0FF332146154815F0B1
:1057900015F808B923681BB90F4B13485B68984785
:1057A0001422002120682AF07AF84FF468636360BD
:1057B00008E0B3F5680F0DD83A2B03D040F6BA6273
:1057C0009342DED1206828F097FC636843F03A03E7
:1057D000636010BD054AF3E7402D0020FF30040050
:1057E0002C5F5CA974560020253104003A00003A71
:1057F00008B5064940231422054828F011FCBDE8ED
:1058000008400449044818F00FBF00BF745100203D
:1058100074560020CC1D0400E01D040008B50348A8
:10582000034A0021121A1DF072FC08BD1834002032
:1058300030710020074808B5074A0849121A1DF0C0
:1058400068FCBDE808400648064A0749121A1DF0E0
:1058500060BC00BF0020002014340020B8410400C8
:105860000020002000200020B8410400F0B50746C9
:105870000C4687B000292DD0D1E901231D480968C5
:105880001CF077F8D4E90423E1681B481CF071F898
:10589000E1691A481CF06DF826460025F36A29468E
:1058A0000493EB1C0393B36A15480293AB1C01935A
:1058B000736A1036009332696B1C04351CF059F87A
:1058C000102DEBD1216E0F481CF053F8A1690E4842
:1058D0001CF04FF8012F05D1EFF305810B4810396B
:1058E0001CF047F82146384607B0BDE8F04014F0F8
:1058F000F5BD00BF5231040082310400B231040012
:10590000C23104000632040016320400453204009D
:1059100030BFFFF7FDBF00BF2DE9F04105460B4E3C
:10592000DFF83080324606EB0807CC1B20460849DA
:1059300029F08FFFA01942460021083C29F0AFFF53
:10594000EC6707F10800BDE8F08100BF000000002F
:10595000AC0804000800000010B5204C20481CF0E2
:1059600008F8A36A990137D51E481CF002F81E20DA
:10597000A36ADA0103D51C481BF0FBFF1F20174C5C
:10598000A36ADB0203D519481BF0F3FF0220A36AC8
:105990001C0303D516481BF0ECFF21200F4CA36A13
:1059A000590303D513481BF0E4FF2220A36A9A038E
:1059B00003D511481BF0DDFF2320084CA36ADB034D
:1059C00003D50E481BF0D5FF2420A36A6FEA0343DA
:1059D0006FEA1343A36210BD1D20C9E700ED00E08C
:1059E000593204007232040086320400A1320400ED
:1059F000CC320400EB320400113304002C330400D9
:105A000070B5244C064624480D461BF0B2FFA36A2D
:105A1000D90435D521481BF0ACFF1720A36A1A051D
:105A200003D51F481BF0A5FF18201A4CA36A9B053D
:105A30000FD51C481BF09DFFA16BA36A180407D566
:105A400019481BF096FF1EB1A36A23F40043A3621A
:105A50001920104CA36A590503D514481BF089FF7F
:105A60001A20A36ADA050DD511481BF082FF1B200E
:105A7000084A936A43F47F43936200232B7070BDFE
:105A80001620CBE7A36A9B04F2D50A481BF071FFEE
:105A90001C20EDE700ED00E0583304006F330400F4
:105AA0008133040095330400AF330400C533040090
:105AB000E1330400FA33040070B5264C064626484C
:105AC0000D461BF056FFA36AD80640D523481BF0AD
:105AD00050FF1120A36A190703D521481BF049FF85
:105AE00012201C4CA36A9A070FD51E481BF041FFD9
:105AF000616BA36A1B0607D51B481BF03AFF1EB15A
:105B0000A36A23F08003A3621320124CA36ADE076A
:105B100003D516481BF02DFF1420A36A9C0603D55D
:105B200013481BF026FF15200A4B9A6AD10658BF6E
:105B30009A6A9A6A920642BF5A6A22F400525A62DC
:105B40009A6A42F0FF029A6200232B7070BD102007
:105B5000C0E700BF00ED00E02A3404004134040037
:105B600081330400753404008E340400A53404002D
:105B7000FA3304002DE9F0415A4B05465F680026D0
:105B80009CB0C7F3080486F31188BFF36F8F02F04F
:105B90007F43B3F17F4F06D102F00C03082B13D1E2
:105BA00051481BF0E6FE002635464FF00008E31E84
:105BB0008DF80780092B00F28580DFE803F00A7971
:105BC0007D7583838383838110074CBF0D46012637
:105BD000EBE74648434C1BF0CCFE8DF80780E36AA8
:105BE0009A0704D542481BF0C4FE00242AE0E36A69
:105BF000002B01DA3F48F6E7E36A5B00F5D53E4843
:105C00001BF0B7FE6369AA6943F480736361BFF355
:105C10004F8FBFF36F8F32F8023C626922F48072BB
:105C20006261BFF34F8FBFF36F8F03F47F42B2F512
:105C30005F4F21D1DBB2022B1ED129682F481BF008
:105C400098FE2C689DF807309BB96822294602A867
:105C500029F0FFFD099B002E40D0C3F3080222B9B2
:105C60006FEA53236FEA43230993204602A9FFF703
:105C7000FDFD1CB0BDE8F0811A4B9A6AD2B22AB180
:105C800001200DF10701FFF717FF0FE09A6A12F4E8
:105C90007F4F05D001200DF10701FFF7B1FE05E0B0
:105CA0009B6AB3F5803FA0D3FFF756FE0446C9E7D1
:105CB00000200DF10701E6E700200DF10701ECE7F8
:105CC0000F4890E70F4B17F4F87F0F490F4808BFB4
:105CD0001946A4F110021BF04CFE86E76FF308038F
:105CE000C2E700BF00ED00E0F33404001F350400FC
:105CF0003735040059350400683504008835040040
:105D0000A5350400C5340400DA340400CA350400A3
:105D1000064B5A6942F010025A615A6942F4806295
:105D20005A615A6922F008025A61704700ED00E09A
:105D3000EFF30880EFF3098101B57246FFF71AFF10
:105D400001BD00BF002080F31488BFF36F8F0020D7
:105D500080F30A8880F30B880F4880F308880DF0E1
:105D6000DFFE00200D490860BFF34F8F00F02CF8D4
:105D7000202080F311880A484FF40061401880F316
:105D80000988EFF314800221084380F31488BFF3DD
:105D90006F8F00F0A5F80000D0E8002094ED00E03F
:105DA00090CF0020002318460649D1F89020C2F376
:105DB0000722934200DB7047C1F89830C1F8A00079
:105DC0000133F6E700ED00E010B572B6002484F36D
:105DD0001388FFF7E7FF23464FF0FF300C4A03F12B
:105DE00020010133102B42F82100F8D100234FF09D
:105DF000FF30074A03F160010133102B42F8210004
:105E0000F8D162B6BFF34F8FBFF36F8F10BD00BFE5
:105E100000E100E01EF0040F0CBFEFF30880EFF389
:105E20000980816911F8021C0229FFD001B5724670
:105E30001DF071F901BD00BF40B2002807DB01234E
:105E40004109034A00F01F00834042F821307047A7
:105E500000E100E040B200280CDB012206494309C2
:105E600000F01F008240203341F82320BFF34F8F02
:105E7000BFF36F8F704700BF00E100E0054B4209A0
:105E800053F82220012300F01F0003FA00F0104015
:105E9000704700BF00E100E040B2002801F10101BD
:105EA000ACBF00F16040064B4FEA4111C9B2ABBF35
:105EB00000F5614000F00F0080F80013195470479E
:105EC00014ED00E0044B054A23F07F039360BFF319
:105ED0004F8FBFF36F8F70470002010000ED00E0AD
:105EE00008B5FFF7EFFF104BD3F8882022F47002BB
:105EF000C3F88820D3F8882042F4A002C3F8882091
:105F00004FF04042C3F83422BFF34F8FBFF36F8F7F
:105F10000023E1EE103AFFF781FCFFF78BFC00F065
:105F2000EFF814F0A1FB00BF00ED00E08189203AFA
:105F300041F0020181814FF47D41C0F8C810136027
:105F4000009B08495360019B21F001019360029B73
:105F50009161D3604FF08073D36100230265C0F874
:105F600080307047F5430100104B9B6883421AD183
:105F7000EFF30580B8B9EFF31181202282F3128884
:105F8000BFF36F8F9A8922F002029A81EFF3148394
:105F900023F0040383F31488BFF36F8F81F3118818
:105FA000BFF36F8F70476FF015007047F0660020E9
:105FB0000E461546002300B5E1EE103AEFF31483C8
:105FC00023F0040383F31488BFF36F8FBFF36F8F45
:105FD0000B4BC26F98600B4B1A60C36E83F30B8838
:105FE0002C4686F309880020034B98472046002161
:105FF00000220023014C204741310300F5430100FA
:10600000F0660020905600201022014B1A61704764
:1060100000ED00E0054B9A699B689A421FBF044A55
:10602000536843F080535360704700BFF066002010
:1060300000ED00E0084B9B6883420BD1EFF3058332
:1060400043B1064B5A6842F080525A605A6A22F4B1
:1060500000425A6215F0F6BBF066002000ED00E049
:1060600024498A6882F8C9E04FF030001044EFF309
:10607000098C80E8F01F1EF0100F03D102F1880098
:1060800080EC108A202080F31288BFF36F8F1A4FA4
:106090004FF000668A698A603E60D06F174C2060BE
:1060A00092F9C9E0D2F880000023C2F8803080F372
:1060B00011881EF0100F03D00023E1EE103A03E028
:1060C00002F1880090EC108AEFF3148323F00403AC
:1060D00083F31488BFF36F8F02F1300090E8F01F54
:1060E0008CF3098802F1000004B51DF023F8BDE827
:1060F00004407047F066002004ED00E09056002058
:10610000002320210348C2180133452B82F80013D5
:10611000F9D1704700E100E008B5EFF30583064AC6
:10612000103B02EBC30152F8330049688847BDE8D1
:106130000840FFF76FBF00BF0C0204000148006871
:1061400070470000905600201FB50121094B0A4AF4
:106150000A4800F0F7F80023064A0393084B012190
:10616000019301A8D31A029300F0F6F805B05DF888
:1061700004FB00BF0000072000200020941E040044
:10618000183400200A7A0B6810B562F304031C4629
:10619000CB68520923F01F0343EA4203044A43F049
:1061A0000103C2F89800C2F89C40C2F8A03010BDAC
:1061B00000ED00E010B5074BD3F89030C3F3072390
:1061C000013B984202D8FFF7DDFF10BD6FF01500CC
:1061D000FBE700BF00ED00E02DE9F04F0F4614464D
:1061E00006464FF000084B4D85B0B84580F28E80D2
:1061F000D6F80490B9F1000F35D0B9F11F0F40F275
:10620000838019F01F0F7FD1D6F800A01AF01F0F5E
:106210007AD150461CF0D0FF834609EB0A000138C2
:106220001CF0CAFF83456FD11BF1160F6CD05C4583
:106230006ADDC5F898B0D5F89C10C5F898B0D5F8C7
:10624000A03021F01F0143F01F0AD6E900321A44A2
:10625000994202F1FF391BD1CA4508D131465FFA94
:106260008BF01CF0B2FF08F101080C36BDE7314697
:10627000C5F898B0D5F89C30E0B263F30402C5F8D5
:106280009C201CF0A2FF10F1160F3DD0441CEAE741
:10629000C5F898B0D5F8A020013B23F01F0302F009
:1062A0001F021343CA453146E0B2C5F8A030E8D01A
:1062B0001CF08BFF10F1160F26D0C5F898B0D5F85A
:1062C0009C209DF808300AF1FF3A62F304038DF830
:1062D0000830D5F8A0309DF808205B0863F347121A
:1062E0008DF80820D6E900321344009323F01F03F1
:1062F0005344A3EB0903013023F01F036946C0B2E6
:106300000393FFF757FFBEE76FF01504204605B073
:10631000BDE8F08F00ED00E00522044BC3F89420A7
:10632000BFF34F8FBFF36F8F704700BF00ED00E0EA
:10633000BFF35F8F0022024BC3F89420704700BF69
:1063400000ED00E010B5034C2278FFF745FF207008
:1063500010BD00BF3F6E00202DE9F74F294D8A4642
:1063600006464FF00008AB46274FD0451BDAD6F85B
:106370000490B9F1000F3FD03168084601911CF03C
:106380001BFF0199044609EB010001381CF014FFC2
:1063900084424FF014021D4B08D002FB08F36FF04B
:1063A00015024BF8032003B0BDE8F08F14F1160F6F
:1063B0002C60F8D01978A142F5DD02FB08B0C7F8CF
:1063C0009840C7F89840D7F89C4000F10801007B3E
:1063D00064F304000871D7F8A0000C79400860F35A
:1063E00047140C71D7F89C1021F01F016960D7F891
:1063F000A01021F01F01296108F1010814350C36A5
:10640000B3E700BF9456002000ED00E03F6E00208F
:10641000F0B55349534DD1F890302C68C3F307239E
:106420009C4287B000F299800020FFF781FF4E4B1D
:10643000C1F8C030844216D14C4D01A82C70FEF733
:10644000BFFD002607464A4CB74213D100202B78E7
:106450004349D1F89020C2F30722934277DBFFF73C
:106460005BFF002046E0696801EB0011FFF78AFE40
:106470000130DFE70199300101EB0613DA682240B1
:10648000B2F1807F52D00AD8B2F5001F34D0B2F5F5
:10649000800F3ED0B2F5801F12D00136D4E7B2F1A2
:1064A000006F43D0B2F1805FF7D15A689B680958FA
:1064B000013B22F01F00034423F01F03012032E0C0
:1064C0005A689B680958013B22F01F0003440120D1
:1064D000844623F01F0340EA4C10CDE902218DF8D9
:1064E000100002A928780593FFF764FE00282ADA35
:1064F0006FF0150007B0F0BD5A689B680958013B62
:1065000022F01F0003444FF0020C012023F01F0370
:10651000E1E75A689B680958013B22F01F000344D9
:10652000022023F01F034FF0000CD4E75A689B6849
:106530000958013B22F01F0003444FF0030C0120D7
:1065400023F01F03C7E72B7801332B70A5E7C1F8B1
:106550009830C1F8A00001337BE74FF0FF30C9E766
:1065600000ED00E0A01E0400AAFF44003F6E0020E2
:106570000000F0FF08B5024819F050FBFEE700BF2D
:10658000ED35040008B5024B1B689847002008BD94
:10659000A856002008B505481BF0EBF9002383F34B
:1065A0001188BFF36F8F0423184602DFF235040011
:1065B00008B50649064821F00701C1F1005202F56D
:1065C000E0221BF082F9002008BD00BF2B560220FC
:1065D000AC5600204FF0FF324FF0FF33014814F06B
:1065E000EBB900BFF0240020014814F057BA00BFF7
:1065F000F024002038B50546FFF7ECFF2A460821B5
:1066000007481BF0E0F8044628B925B1FFF796FDCE
:106610000C22044B1A50FFF7E7FF204638BD00BF9D
:10662000AC5600200C00000010B50446FFF7D2FF66
:10663000214603481BF028F8BDE81040FFF7D4BFFF
:10664000AC56002070B541690446867A0A4D59B1AE
:10665000437ADB0706D4382303FB06531B6B1B6806
:106660009B689847002363613820214600FB065051
:10667000BDE8704027F0DCBD9C3100203822024B81
:1066800002FB0030704700BF9C3100203821827A25
:10669000054B01FB02335A6B1B7F801A1B3323F01F
:1066A0000303B0FBF3F070479C31002038B5382469
:1066B000827A064B04FB02331B6BD3E901240C6086
:1066C0001568FFF7E3FF04FB005038BD9C31002044
:1066D0002DE9F04385B00546684690461C46039177
:1066E00028F0B4F8DDE90067EFF31189202383F384
:1066F0001288BFF36F8F6B8B002B41D02A8B9A428D
:1067000025D900220023284614F018FA0446F0B1D7
:1067100089F31188BFF36F8F039B002B41D0324662
:106720003B46684628F0B7F83821A27A2C4B204621
:1067300001FB02331B6B03A91B681E68DDE9002304
:10674000B047606170BB2046FFF77CFF24E0698B97
:106750004B1E6B8389F31188BFF36F8F2B7F2A8BBE
:106760006C6B1B3323F00303521A02FB03441C4BD4
:106770001C4AEB1ADB105343A3722B7FE372CBE767
:1067800089F31188BFF36F8F23464246284614F0E1
:10679000D5F904460028BFD10024204605B0BDE845
:1067A000F0836361012300262381039B3146E27A53
:1067B0006660638204F1180029F071F8636926822B
:1067C00005F12006E36030461CF021FDEA8C2B8B9E
:1067D000D6E8AF1F5B1A9342B8BF1346EB84DCE7E1
:1067E0009C310020B76DDBB62DE9F0410446002551
:1067F0003827104E0CB9BDE8F08104F10800D4F838
:1068000004801CF004FDC0B20128F4D1A17AE56037
:10681000794301F120003044656031441CF000FDF3
:10682000CB6A204613B198474446E3E7FFF70AFFD7
:10683000FAE700BF9C310020052370B5144D154EBA
:106840002C780134B4FBF3F303EB8303E41A24F054
:10685000EAF8114A137823B156F82430C01A0728F1
:1068600014D94FF05023D3F8141141B10021C3F8CB
:106870001411D3F814312C700CB9012313702C7837
:1068800024F0D1F846F82400012070BD0020FCE778
:10689000416E0020B8560020406E0020054B03EBEF
:1068A0008000D0F8003223F0E04343F04053C0F8BA
:1068B0000032704700258450012208B50B4B0C496B
:1068C000C3F8002502230020C1F8D036FFF7E6FF09
:1068D0001046FFF7E3FFC1F80427C1F80429C1F807
:1068E000002BBDE8084000F07BB800BF001000504E
:1068F0000040005007B500220E4B0F49C3F8A821F5
:10690000C3F8AC204FF48062C3F8B8254FF400629E
:106910000A48C3F83C250DF1070224F0DFFA0028ED
:1069200003DB9DF807000DF009FA03B05DF804EBF6
:1069300000F066B800A002502CA0025028A102501E
:1069400048B1054B054A1B68B3FBF2F35843044BAF
:1069500043F0010318477047EC2C002040420F0021
:106960003009040070B50025104E1149114C000784
:1069700016F8013B03F01F025B090FD0012B0FD16A
:10698000234603EB8203D3F80022013522F0E042D4
:106990000243042DC3F80022EAD170BD0B46F0E794
:1069A0000023803253F82230FFDE00BFD93D0400BF
:1069B00000258450002884501FB5002301930393C1
:1069C00001236946054802931BF0E6F8029B9B07EA
:1069D00008BF039B05B05DF804FB00BFCC56002048
:1069E000014902481BF0C5B8D81E0400CC5600204F
:1069F00008B1FFF7E1BF01481BF019B9CC560020E0
:106A00001022024BC3F84024FFF7D6BF00300050DD
:106A1000BFF34F8F0549064BCA6802F4E062134387
:106A2000CB60BFF34F8F00BFFDE700BF00ED00E07C
:106A30000400FA0508B500224FF4FE214FF0005083
:106A40000DF062F90122034BC3F80025BFF34F8F0D
:106A500020BFFDE70040005008B54FF0FF33044A67
:106A600013603F23104653600DF054F9002008BD19
:106A7000E8560020084B0246596811B1196888424F
:106A800007D0D86830B1996804488A4218BF0020FE
:106A900070471846704700BFF0560020F856002097
:106AA00002460B46014813F087BF00BFF82F0020B5
:106AB000014813F0F3BF00BFF82F002038B504469B
:106AC0000D464FF0FF304FF0FF31FFF7E9FF204652
:106AD000FFF7D0FF08B143687BB90B4B5A6812B17E
:106AE000DA686AB9012243F83240002403EBC2039A
:106AF0005D60FFF7DDFF204638BD6FF07704F8E7F3
:106B00006FF01B04F5E700BFF056002038B131B13B
:106B10008B6918440278024B002A08BF1846704758
:106B2000FB35040001200149FFF7C8BFE41E040043
:106B30002DE9F74F0446D4F8FC300846002B64D109
:106B4000130765D404F1FC01C0B2FEF785FA0028F2
:106B500004DA6FF0120003B0BDE8F08FD4F8FC0047
:106B60000028F6D01BF0D9FF0028F2D0D4F814A0EA
:106B7000D4F81890BAF1000FE56908BF4FF0100A79
:106B8000B9F1000F08BF4FF0100965B9D4F8FC0047
:106B9000CDE900051BF0C1FF6A46204921F06AFFDC
:106BA000019D002D37D0666A802D38BF8025002ECC
:106BB00003D004DC4FF0FF3601E04FF40076D4F848
:106BC0002880D4F8FC00E76A8368B8F1000F08BF9A
:106BD0004FF04008002FB3FBF5FB08BF20271BF048
:106BE0009CFFD4F8FC30002023600D4BC4E905A9BC
:106BF00063600C4BC4E90A87A3600B4BC4E9075BD5
:106C0000E3600A4B66622361A5E76FF00F00A2E71D
:106C10006FF085009FE76FF015009CE7F7340300E5
:106C2000533503003735030023350300F3340300E5
:106C300010B5036804465A6D1AB1196E044827F05E
:106C4000B1F92168034827F0F8F90023236010BD4B
:106C5000302F0020AC2E0020002807DA54305228B4
:106C600002D8034B185670476FF00400704700BFFE
:106C7000363E0400002805DA5A30582804D8044B60
:106C800018567047002070476FF00400704700BF2F
:106C9000DD3D04002DE9F743436804461E6988463C
:106CA0001546014600220023234813F087FD0146C4
:106CB00000283ED127686422384628F0F0FDD6F837
:106CC000E41000220023896A1C4813F047FD38664F
:106CD00060B3B94649F8540F61684046FFF716FFA4
:106CE000804630461CF043FC2901AB0103F40063ED
:106CF00001F48071194305F003030B434246394602
:106D0000CDF8009006F17C0026F0DCF8054606F58B
:106D100080701CF034FC002D02DA2046FFF788FF5B
:106D2000284603B0BDE8F043FFF796BF6FF00B05B0
:106D3000F3E703B0BDE8F083AC2E0020302F002035
:106D400070B5436804461E690D46002201460023C3
:106D5000144813F033FD014608BB3422206828F0A4
:106D60009EFD61682846FFF7D1FE054630461CF0BF
:106D7000FEFB2A46216806F17C0011F0EFFE054675
:106D800006F580701CF0FBFB002D03DA2168054836
:106D900027F053F92846BDE87040FFF75DBF6FF05C
:106DA0000B0070BDC82E002070B5044643681E69F4
:106DB00030461CF0DCFB216806F17C0026F024F94B
:106DC000054606F580701CF0DAFB2168034827F0C1
:106DD00034F92846BDE87040FFF73EBFC82E0020BA
:106DE000F8B5154B0446002914BF0D461D46002377
:106DF0001646C5F8FC3005F58077384627F07CF953
:106E000028461CF0B4FB214632462846FFF790FE88
:106E1000044648B9294605F17C0011F033FB041EF5
:106E200002DAFFF719FF044600233846C5F8FC30A4
:106E30001CF0A5FB2046F8BD942500202DE9F0416B
:106E400090F82830044603F01F03012B0F4600F191
:106E500028062FD0022B18D08BB3204694F8291087
:106E60001CF01CFE024678B330461CF001FF1D4D9D
:106E7000002834D113693BB33A463146204698473F
:106E80000346FFF75BF92B5024E0818DC9B21DF05A
:106E9000E1F905460028E0D030461CF0E9FE024644
:106EA00068688368CAB99B6873B13A463146BDE8E1
:106EB000F0411847818DC9B21DF0B3F9E9E790F8A8
:106EC00029101DF0EAF9E4E7FFF738F96FF08502C1
:106ED000044B1A500020BDE8F081DB68E4E7D3687A
:106EE000C9E700BF0C0000002DE9F04F0B7E0446FF
:106EF00033F080080D46164693B040F08E847AB188
:106F00000846FFF771FC6B7EDF0703D49E0711D59F
:106F10002B7E7BB9204613B0BDE8F04F1CF0D4BEE9
:106F20004A7E00F12809900708D5802B0CD128460D
:106F3000FFF75AFC404613B0BDE8F08F910700F010
:106F40002784002B40F02484D2072FD52B8A082BCE
:106F500040F00684EA68294613680020A36253685B
:106F6000C9F804301CF0C2F9054610B1FFF73CFC2B
:106F7000EFE048461CF07CFEE28D70B9B2B12946C4
:106F8000A06921F007FB0146002800F02D8420466F
:106F900013B0BDE8F04F1DF001BB3AB111462046D9
:106FA0001DF0F7FA0546002800F01E84FFF7C6F82A
:106FB000002394F82880B14F18F0600FC351C8F334
:106FC000411307D0032B40F0BD81FFF7B7F86FF0F6
:106FD000850337E048461CF04BFE94F82930002822
:106FE00040F04E81013B0A2BEFD801A252F823F06A
:106FF00067710100CB6F0100F3710100CB6F0100DD
:107000001D700100CB6F0100CB6F0100CB6F010041
:107010008D700100CB6F0100EF700100618D7F2941
:10702000D3D8A38D002BD0D1E38D002BCDD118F078
:107030001F0FCAD194F83030022B05D1FFF77EF82C
:107040004FF0FF333B5076E0A069036993F880303E
:107050001B0707D5C9B21CF06AFE804628B1002D77
:107060006CD167E7012384F8393094F83030012B74
:107070000AD1638D43B984F83030FFF75FF83B588D
:10708000002B00F0858056E00123F4E720461CF039
:1070900064FC628D0146FF2A97D8E38D002B94D1C2
:1070A00094F82830D80690D194F83030002BC5D011
:1070B0002AB12046D2B21CF0DAFF0028BED0618D82
:1070C00094F838308B42D8D02046C9B21CF0D6FF95
:1070D00080460028C3D1628D0521002A14BF0223F7
:1070E0000123204684F830301DF0C3FAC5E708F0CC
:1070F0001F08B8F1010F7FF468AFE38D002B7FF418
:1071000064AF628DFF2A3FF660AFA18DFF293FF685
:107110005CAF94F83030022B90D12046D2B2C9B285
:107120001DF0BBF910F1020F804640F01081FFF70F
:1071300005F847F8008065B14FF000082846FFF7D2
:1071400053FBB8F1000F7FF4F5AEFEF7F7FF3B58A5
:10715000F3B148461CF08CFD0346A069002B00F0FB
:107160004F83802155E3E38D002B7FF42EAF94F8FD
:107170003030002B3FF462AF012BA18D02D10029EA
:107180007FF45CAF18F01F080CD0B8F1020F16D0D6
:10719000E38D002B40F0D78220461CF07FFD0028B5
:1071A000D7D1B7E600297FF449AF638D012BEFD12A
:1071B00094F86C3061F3C30384F86C30E8E7B4F8FA
:1071C0002AA0BAF1000FE3D15FFA81F841462046C8
:1071D0001DF035FA0346FEF7B1FF3B50013302D1F3
:1071E0004FF0FF383BE75246414620461CF046FD33
:1071F00043E7E38D002B7FF4E8AE628DA38D022A76
:107200005FFA83FA11D108F01F085AEA08087FF4E0
:10721000DCAE0122A069190A1CF069FD00287FF488
:10722000D4AE012384F8393027E794F830100029D0
:107230003FF404AF012902D1002B7FF4FFAE18F018
:107240001F0811D0B8F1020FA2D1002AA0D15146D7
:1072500020461DF0E0F90346FEF770FF3B50013376
:10726000BED001225146C0E7002B7FF4E7AE012AD1
:107270008ED194F86C3043F008039DE70C000000B9
:107280000A2B3FF6A2AE01A252F823F0B972010018
:10729000CB6F0100CB6F0100CB6F0100CB6F010002
:1072A000CB6F010033730100CB6F0100C376010087
:1072B000CB6F0100ED760100E38D022B7FF485AEEC
:1072C00094F83030002B3FF4B9AE012BA18D02D1E0
:1072D00000297FF4B3AE18F01F0811D0B8F1020FE7
:1072E0001CD04FF0000805F10C0A50461CF0B8FC09
:1072F000E38D984218D2FEF721FF6FF00B03A1E651
:1073000000297FF49BAE94F86C304FEA930808F0A4
:107310000208C3F3001348EA0308E4E72046C9B2B1
:107320001DF09CF98046DEE7414650461CF012F8FD
:10733000A3E6B4F82AA018F01F0F4FEA1A235FFA49
:107340008AFA09D029462046FFF778FD8046B8F131
:10735000000F7FF484AE90E6013B0E2B3FF635AE76
:1073600001A252F823F000BFA5730100E5730100EC
:107370008F740100CB6F0100CB6F01008774010097
:1073800087740100CB6F0100CB6F0100CB6F010050
:10739000CB6F0100CB6F0100CB6F0100CB6F010001
:1073A000D175010005F10C0840461CF059FC8346DC
:1073B0002046B4F82EA01CF0D0FA20B101287FF4AA
:1073C00004AE616F00E0216F002900F02A82DA45E7
:1073D00028BFDA460A784046524528BF52461BF07D
:1073E000A8FF4AE620461CF0B8FA0AF1010201465D
:1073F0000190D2B220461CF014FE804600283FF4D3
:10740000E4AD05F10C0AD0F804B050461CF028FC9D
:107410009BF800205946824228BF024650461BF086
:1074200088FFD8F80CB0BBF1000F09D1298AE38D91
:1074300099427FF622AE5046C91A1BF095FF1CE612
:10744000DBF8040083681B6B13B9DBF800B0EAE7D4
:10745000019998470028F8D0A0F1040858F8041FB3
:107460000029F2D00A78002AEFD05046CDE9022157
:107470001CF0F6FB029A0399904238BF82B2504644
:107480001BF057FFEAE720461CF067FA9DE55246DD
:10749000032120461CF042FB824600283FF495ADB4
:1074A0001CF0D9FBB4F82EB09AF81530C8B99AF888
:1074B00014808DF829308DF82880DAF8103005F125
:1074C0000C0A1B885046ADF82A301CF0C9FBC34596
:1074D0005A4628BF4246824228BF02460AA9504661
:1074E0007DE74FF00008DAF808208DF81530C04B22
:1074F0008DF814801340BF4A934258D1102106A83A
:1075000021F0D0FD021EFFF660AD0AA9102A084640
:1075100028BF1022DFF8E4E20DF1180C424501F11A
:10752000020133D80346920002325FFA82F88DF8E6
:10753000148005F10C0A504602931CF091FBD845CB
:10754000424628BF5A46904228BF1046022883462A
:10755000804628BF4FF0020B50465A46A8EB0B0856
:1075600005A91BF0E6FE4FEA58030193029B9B46D8
:1075700003EB5802934521D118F0010F3FF47DAD84
:107580005046019A995C1BF0DDFE76E51CF8013B44
:1075900008F101084FEA131A03F00F031EF80AA0BE
:1075A0001EF8033001F802AC01F8013CB6E79AF886
:1075B0001480DAF810308DF81480BAE750461BF8C2
:1075C000011BCDE902321BF0C5FEDDE90232D1E735
:1075D00020461CF0C2F938B101282CD0FEF7AEFDD0
:1075E0006FF085033B5048E5236F002B00F01981B5
:1075F0005B88B3F5007FF1D97F4B04F14C0B0A9304
:1076000000238DF82C30E36C9B4508BF0023BDF8A8
:107610002A10A3B15A7D0F2A08D11A7D0A44ADF869
:107620002A209DF82C2001328DF82C20226D9342C7
:1076300003D01B68EBE7636FD7E7BDF82A1005F1AD
:107640000C0A504601911CF00BFBB4F82E800199F6
:10765000884528BF8846804528BF80464246052A7F
:1076600028BF052250460AA901921BF062FE019A2A
:10767000B8EB02083FF401ADE36C5B453FF4FDACB1
:10768000002B3FF4FAAC5A7D0F2A14D11A7D1969E8
:10769000424528BF4246504601931BF04AFE019BDB
:1076A0001A7D424594BFA8EB0208A8EB0808B8F180
:1076B000000F3FF4E2AC226D93423FF4DEAC1B6856
:1076C000DEE794F83030002B3FF4B8ACE38D012BAB
:1076D0007FF47BAC05F10C0840461CF0C1FA002891
:1076E0003FF409AE94F8381040464CE708F01F0804
:1076F000B8F1010F7FF4A2AC20461CF0A6FC0028D4
:107700003FF49CACB4F82CA0BAF1FF0F3FF65DAC8F
:1077100043681B795345FFF458AC5FFA8AF30F2B8B
:107720003FF653ACE38D012B7FF44FAC05F10C0811
:1077300040461CF095FA00283FF4DDAD04EB0A0347
:1077400093F83A10D0E748461CF092FA18B9284648
:10775000FFF74AF820E5294620461CF01FFF08B134
:10776000284603E4A069036993F8801011F004012E
:107770007FF4D0AB20F022FF054600283FF4E9ACAF
:10778000014620461CF00AFF00283FF4C3ABE7E7A0
:1077900052077FF5DEAC002B3FF4C9AB2846FFF75C
:1077A00023F894F83930002B3FF4C4AB94F8293017
:1077B000052B05D1618DA069C9B21CF0B8FA064647
:1077C00094F82930032B09D1638D022B06D1A18DAA
:1077D0000022A069090A1CF08AFA06460023B04676
:1077E00084F83930FFF7A6BB6FF00B06B1E400BF99
:1077F00000FF020000030200050F0500893E04009F
:10780000E38D002B3FF4ADAC16F10C0118BF012144
:10781000C90120F0D6FDFFF77DBB6FF00408FFF72C
:1078200089BB6FF015081AE40B7810B4062B14D13D
:107830000369D3F89C20EFF31184202383F312888B
:10784000BFF36F8F00204B681860506A60B9C2E9BF
:10785000083384F31188BFF36F8F0022002304489C
:107860005DF8044B26F039BC03605362F1E700BFBA
:10787000C83000202DE9FF4120264FF0FF334FF0A4
:10788000FF325B4801A913F033F8039B1B69D3F85F
:107890009C40236A93B1EFF3118286F31288BFF301
:1078A0006F8F216A29B1606A0B688142236208BF29
:1078B000636282F31188BFF36F8FC9B99DF80430FA
:1078C000062BDAD0072BD8D801A252F823F000BF3C
:1078D000237901001779010043790100297901001A
:1078E000677901005D7901007B780100EB79010087
:1078F0000B7E20465D06D1F81E2009D1FFF7F4FA71
:1079000002460028C5D0072120461CF0B2FEC0E781
:107910001CF097FCF4E70022012120461CF0A9FE90
:10792000ABE700221146F8E794F86C3001A943F068
:107930000403204684F86C301CF01EFA0022032158
:10794000EBE794F86C3001A923F00403204684F897
:107950006C301CF011FA00220221DEE7204601A95A
:107960001CF00AFA89E794F86C30A76923F0040345
:1079700084F86C30D7F808803B69A033D3E8AF3F78
:107980009A072FD53846D8F83C309847D8F8243095
:107990000021384698470546D8F840303846984781
:1079A000ADB9294620461CF069FB054678B9A069A7
:1079B00020F015FE831E5842584194F86C3084F82C
:1079C000305023F0680343EA401384F86C300022FF
:1079D000042120461CF04DFE002D3FF44EAF2A46F8
:1079E00007219AE74FF0FF35F1E70621029A94E765
:1079F000C830002030B589B0002200230024CDE932
:107A000006236FF007034FF48062CDE90334CDE91C
:107A10000144154B15490094154813F05BFC1549BA
:107A2000134826F06BFD144B14498B4207D30020FA
:107A3000134B14498B420CD3002009B030BD03F125
:107A40001402D2E8EF0FC2E8E54F002DF9D1183348
:107A5000EBE703F11402D2E8EF4FC2E8E50F002D87
:107A6000F9D11833E6E700BF75780100B086002031
:107A7000183A0020FD35040014340020143400208E
:107A8000143400201434002038B502460546094954
:107A9000806920F002FE044648B985F8380028467F
:107AA0001CF0C1F9044610B1A86920F025FE20465B
:107AB00038BD00BF2978010070B50546074C084E57
:107AC000B44202D30024204670BD6368284619687A
:107AD000F9F7F6FF0028F6D01834F1E71434002047
:107AE0001434002070B50646EFF31181202383F390
:107AF0001288BFF36F8F1B4D2A6881F31188BFF383
:107B00006F8F526892F86C20D20705D4BDE87040A0
:107B10002122002313F032BBEFF3118283F312888A
:107B2000BFF36F8F2C682CB1696823688C422B607F
:107B300008BF6B6082F31188BFF36F8F44B1606838
:107B400004F10801C36998472146074826F075FAF1
:107B50002B6833B13046BDE870400022002313F09B
:107B6000D9BA70BDA0570020002F002030B585B0D5
:107B7000CDE90012054600220023144803A912F0A3
:107B80001DFE0246E8B9DDE90001039B5D60083394
:107B900083E80300EFF31180202383F31288BFF3FF
:107BA0006F8F039B1A600A4A516861B9C2E90033BA
:107BB00080F31188BFF36F8F00220023054813F074
:107BC000A9FA05B030BD0B605360F1E7002F00202B
:107BD000A0570020C02000202DE9F341054616469D
:107BE0001F46234CD4E8AF3FDA072AD520B96FF0FF
:107BF000010002B0BDE8F08101A91BF070F9022874
:107C0000024620D128461B4927F058FE0028EED115
:107C1000D4E8AF3FC3F3C0081B0712D4A4F1880512
:107C2000072229463846B047062887BF0723B0FBFE
:107C3000F3F044F8888C85F8078094BFC5F803807A
:107C4000E8710020D5E70428D1D128460A4927F059
:107C500035FE05460028CAD104F1A001202238468D
:107C6000B0470028A4BF241884F8A050E9E700BF5B
:107C7000782100209C2F0400023604002DE9F043F7
:107C800089B0DDF840909D795E791F7993F803C043
:107C900093F802E093F801800C461B78B9F1000FCD
:107CA00015D0CDE90639CDE904E81346CDE9027CCB
:107CB000CDE900560D4A17F0D1FF002813DBA04292
:107CC0002CBF6FF01500002009B0BDE8F083CDE9AE
:107CD0000583CDE903CE1346CDE90167044A00953B
:107CE00017F0BCFFE9E76FF01500EDE70736040079
:107CF0002B36040070B504461E4615468CB0AAB15A
:107D000029B10A4602A8042119F057FE02A90091E0
:107D10002B462246242103A8FFF7B0FF70B9314655
:107D2000109A03A8FDF784FA0CB070BD0346242115
:107D3000044A03A817F092FF2328F0D96FF015002A
:107D4000F2E700BF4C36040007B5064B0648DA7967
:107D5000C2EBC202009200221146FFF7CBFF03B034
:107D60005DF804FBF02000209C2F040030B5044691
:107D700015468DB09AB129B10A4602A8042119F01E
:107D80001CFE02A900912B462246242103A8FFF7DE
:107D900075FF60B903A81BF07AF80DB030BD03463B
:107DA0002421044A03A817F059FF2328F2D96FF0C1
:107DB0001500F2E74C36040007B5009313460A4657
:107DC00001460348FFF796FF03B05DF804FB00BFD0
:107DD0007C3804000A4601460148FFF7C7BF00BFD0
:107DE0007C38040007B5009313460A460146034851
:107DF000FFF780FF03B05DF804FB00BF7638040096
:107E00000A4601460148FFF7B1BF00BF76380400BB
:107E100007B5009313460A4601460348FFF76AFF79
:107E200003B05DF804FB00BF673804000A46014652
:107E30000148FFF79BBF00BF6738040007B5002269
:107E40000346009103481146FFF754FF03B05DF865
:107E500004FB00BF6E38040007B500220346009102
:107E600003481146FFF746FF03B05DF804FB00BF6F
:107E70000236040008B5024813F0A6F8002008BD39
:107E8000A8260020F8B51A4CD4E8AF3F13F0010F34
:107E9000264620D094F8A070A4F188053FB920228E
:107EA000144905F5947027F060FD85F84871EB7969
:107EB0009BB1D4E8AF3F5A0701D400F0DFFBD6E80E
:107EC000EF3F23F40062C6E8E12F0029F7D11B053C
:107ED00001D5FFF7CFFF002009E001F037FA30B9F4
:107EE000EB79002BE5D101F041FA0028E1D0F8BD93
:107EF000782100205236040007B5009313460A4645
:107F000001460348FFF7F6FE03B05DF804FB00BF2F
:107F1000823804000A4601460148FFF727BF00BF28
:107F20008238040010B50024094B86B00948039339
:107F3000CDE9044426F07AFA03AB00934FF4E162F2
:107F40000A230549034813F045F8204606B010BD42
:107F50005C360400E83A0020B08A0020014601485F
:107F600013F0AEB8E83A00200146014826F033BAD3
:107F7000E83A002030B50378012B11D0022B21D034
:107F80006BB90A46144B03F1100453F8045BA34287
:107F900042F8045BF9D143881A0A8A70CB7030BD6D
:107FA0000A460D4B03F1100453F8045BA34242F858
:107FB000045BF9D143681A0C180E4A700870C3F3B9
:107FC0000722EAE700F11003013913F8012998426A
:107FD00001F8012FF9D1E2E7B43E040070B50C4678
:107FE000511C15461CF000FC064688BB20461A4969
:107FF000F9F766FD20B120461849F9F761FD18B977
:1080000000232B70304670BD20461549F9F758FD06
:1080100020B120461349F9F753FD08B90123F0E7D1
:1080200020461149F9F74CFD20B120460F49F9F7D8
:1080300047FD08B90223E4E720460D49F9F740FD62
:1080400020B120460B49F9F73BFD08B90323D8E7D7
:108050006FF01506D6E700BF222F04006536040036
:108060008E2F04006E360400952F0400773604002E
:108070009F2F04008336040038B5054626F035FAF4
:10808000044608B913F0E0FA054BD3E8AF3F0BB153
:10809000284698471CB9BDE8384013F0E9BA38BD06
:1080A000A8570020022838B504460CBF08480948E4
:1080B0001BF0C3F8054648B1013CE4B21F2C96BF43
:1080C000054B0021195D0C301BF03CF9284638BDEA
:1080D0007C3200209C310020C43E04000F2810B5E3
:1080E0000CD80D280CD90A481BF0A7F8044618B183
:1080F00004210C301BF026F9204610BD1328F2D0C5
:1081000009B10448F0E70220BDE81040FFF7CABFFC
:108110002433002044320020F8B506460F4602F012
:10812000C1FD044690B93946304606F0FDFA0546D1
:10813000F0B93946304605F0DDF9164B1B6823B11E
:1081400053F80C4904B10C3CB3B9F8BD8378132142
:10815000012B4FF0000312BF1D46D0F8A050C0F80D
:10816000A0301DF09DFA204602F07EF9002DDAD0F5
:1081700028461FF031FEDCE79B6813B139463046D4
:1081800098472CB1E26802B10C3A23461446DBE76B
:108190002246FAE73859002038B5C5682B78B3B9BC
:1081A000B5F801400F21204602F04EFAE978054665
:1081B00070B90C4A138813B1538843B901236FEA8D
:1081C00004506FEA105022F81300074AD15438BD0A
:1081D0000173012102F094F92846BDE8384002F00D
:1081E00043B900BF746D0020426E002010B500241A
:1081F00086B003AB00934FF42C724FF0FF33054968
:108200000548CDE90344059412F0E4FE204606B08B
:1082100010BD00BFB8910020D83B002008B5064B28
:1082200018461CF0A9FB00F00B00D3E8EF2FC3E8C1
:10823000E10F0029F9D108BD7821002010B50121F6
:1082400004460C301BF0B0F82146BDE81040002376
:10825000014A00781CF039BC4020040010B501210F
:1082600004460C301BF0A0F82146BDE810400A235C
:10827000014A00781CF029BCF01F040070B5314899
:108280001AF0F4FF044600285AD000F10C052846E5
:108290001BF092F8022805D004282FD02046FEF7C4
:1082A000A3FA21E0238A032BF8D9042128461BF0E6
:1082B0007BF8FF22438806882276228AC6F30B00C9
:1082C0009A426083EAD10F2102F0BEF905460028E8
:1082D000E4D002F0E3F921462076320B28461DF067
:1082E00069F9284602F0C0F8174BD3F804313BB3C4
:1082F000BDE870401549164826F06DB828460221A1
:108300001BF052F8054600783E2812D01CF022FBE4
:1083100010F002060DD140F69A430E4A0E490F485E
:1083200019F034FB86F31188BFF36F8F03231846CF
:1083300002DF062321460A4A28781CF0C6FBADE777
:1083400070BD00BFF4210020F0200020C8260020CE
:10835000C83C0020BA360400EE3604001C37040086
:10836000C01F040010B5012104460C301BF01CF89E
:108370002146BDE810400223014A00781CF0A5BB4D
:10838000B01F04002DE9F0470C4613F05DF9E568D5
:108390002B78022B67D0042B05D02046FEF724FA59
:1083A0006FF0150408E0B4F81080B8F1020F08D897
:1083B0002046FEF719FA002413F05AF92046BDE8CA
:1083C000F08768783E2809D1B8F1030FF0D0EB7838
:1083D000012B01D00A2B46D1032704E01CF0BAFA86
:1083E0000746F8073FD504F10C0601213046D4F8C2
:1083F00014A01AF0D1FF022130461AF0D5FF8146B1
:1084000000783E2807D1E3681B78012B01D00A2BA6
:1084100006D1032614E01CF09DFAC10706460FD4CE
:1084200041F26813164A1749174819F0AFFA0023AA
:1084300083F31188BFF36F8F0323184602DF0226F0
:10844000124A0623214699F800001CF03EFBB207B1
:1084500012D56369A5EB0A0513FA85F5E560A4F862
:108460001080BB07A7D5214609481AF0EAFE094942
:10847000094825F0B0FF9EE72046FEF7B5F9F0E782
:10848000BA360400393704001C370400801F04008A
:10849000F4210020C8260020C83C00202DE9F04728
:1084A000884616468246002868D00023DFF8D4901C
:1084B000D9E8EF4FC9E8E23F002AF9D1002C5DD09E
:1084C0002046FEF7E3F80C232D4D274603FB005012
:1084D000438853450DD0D9E8EF3FC9E8E27F002A31
:1084E000F9D1002B4AD01F463846BDE8F047FEF7C9
:1084F0007BB9A64208D020461AF09AFE328AF1686B
:1085000004F10C001AF015FF2046FEF7BFF80C2608
:1085100006FB00504368ABB1B8F1000F12D1204602
:10852000FEF7B4F8012106FB00504268536803F0DF
:108530001F00814010685B0900EB8300137ACBB108
:108540001CF024FA2046FEF7A1F80C2606FB00508A
:108550008368002BC8D02046FEF798F8704305F8D2
:1085600000802046FEF792F806FB0055A86812F03E
:108570001BFBB9E7C9431CF0BFFAE3E7BDE8F0878E
:10858000AC570020F021002010B5C1E900239DF870
:1085900008300C460B72FEF779F80C22024B02FBF6
:1085A00000335C6010BD00BFAC570020F8B5024638
:1085B0000B4610481AF041FE0446C0B104210C30AD
:1085C0001AF0A6FE2046FEF761F80C2700260A4D99
:1085D00007FB005046802046FEF758F807FB005086
:1085E00086602046FEF752F807FB00556E60204675
:1085F000F8BD00BFEC320020AC5700200138C0B2FB
:1086000002289ABF014B185C002070470E3F0400FF
:1086100037B50C468DF8070000F0FF05A0B929B169
:10862000072220460A4927F049F940B900200949A4
:108630000DF1070205F0BEFF002003B030BD21465A
:108640002846FFF769FDF7E76FF01500F5E700BF73
:10865000A13E0400A349030029289ABF014B185CDE
:1086600009207047E43E0400034B0146D3F824017F
:1086700082689268104700BFF02000200421014862
:108680001CF084B97821002038B50546F9F72AFA9C
:108690002028044615D829460B48F9F711FA70B17D
:1086A00022462946084827F0D4F8002207482146E8
:1086B000031900F5947083F82821FFF7CDFB002003
:1086C00038BD6FF00B00FBE718220020F0200020DF
:1086D00000487047182200200149024825F07BBE5F
:1086E000B8260020D83B002070B505460C4639B1AD
:1086F000CB684A699B1A032B0ED86FF0150509E069
:108700004FF0FF304FF0FF31FFF750FF044618B92C
:108710006FF06805284670BD2046FDF7B7FF0C22B4
:10872000134BA61802FB0033032130465D801AF07C
:1087300022FE0580238A0121033B837030461AF014
:1087400022FE40F635439D4209D12046FFF78CFFBB
:1087500005460028DED02046FEF746F8DAE7214637
:10876000044825F05AFD0025FFF7B6FFD2E700BF09
:10877000AC570020FC210020F8B50446458B077E4D
:10878000807AFDF77BFF6169064649B1637ADA07B3
:1087900004D4036B20461B689B68984700236361E1
:1087A0002146304625F044FD194B93F83E309B0698
:1087B0002CD5384602F0FCFB40B3437B073B012B32
:1087C00003D9BDE8F84001F04FBE01F04DFE4FF077
:1087D000FF304FF0FF31FFF7E9FE0446B0B100F182
:1087E0000C07012138461AF09EFD0126042106706F
:1087F00038461AF098FD002305808670C370214624
:10880000BDE8F84040F63540FFF76EBFF8BD00BF49
:10881000F02000202DE9F043064617460C4687B0AD
:1088200069B94FF0FF304FF0FF31FFF7BFFE04464C
:1088300058B96FF06805284607B0BDE8F083887A1C
:10884000FDF71CFF304B834258D1012200216846BE
:1088500025F00AFD2046FDF719FF0C23DFF8BC9038
:1088600003FB0090C0F808D020461AF015FD014621
:108870003046FFF739FF054618B12046FDF7B4FF33
:10888000D9E74FF4A0220023684612F0C7F98046CA
:1088900090B14FF4F1731D4A1D491E4819F076F846
:1088A000424631461C4819F071F885F31188BFF330
:1088B0006F8F0323184602DF2046FDF7E7FE0C23E7
:1088C000584319F80060AEB12046093EFDF78CFF11
:1088D000092E0CD8DFE806F0050B0B08150B0B0B67
:1088E0000B126FF06E05A6E76FF00C05A3E76FF0B3
:1088F0000405A0E7002FC0D03C609CE76FF0150591
:1089000099E76FF00B0596E7EC320020BA360400C9
:10891000753704001C370400A1370400AC57002051
:10892000F7B5144B054693F94F300C46002B1DDA72
:1089300014B9204603B0F0BD082C4FF0000142F2FC
:10894000180001AA264628BF0826FFF763FF002863
:10895000F0D1019F3246F9682846013126F079FFAF
:108960003846FDF741FF3544A41BE1E76FF0850071
:10897000E0E700BFF0200020022138B52B481CF0B2
:1089800005F810EA01044DD16FF0040127481CF0EE
:10899000B3F801F0D5F801F0C7FB01F045FE244B18
:1089A0002246214640F603401C60FFF733FF044691
:1089B00088B9204DFFF732FCD5F8240183685B6845
:1089C0005BB96FF0020119481CF096F804211BF006
:1089D000DDFF6FF08504204638BD984710F1580F31
:1089E0000446EED028B1042105F188001BF0CEFF2B
:1089F000F1E71148FDF71EFB2146402205F1340046
:108A000026F04DFFEC7185F8DB4005F035FD05F1F2
:108A10001C000A491BF0B3FF6FF001016C301CF021
:108A20006BF8D8E76FF07704D5E700BF7821002016
:108A3000746D0020F0200020C83C0020A13E0400FE
:108A400038B5054610481BF097FF430716D54FF081
:108A5000FF304FF0FF31FFF7A9FD044688B1072131
:108A60000C301AF060FC29461BF089FF00222146D9
:108A7000BDE8384042F21100FFF7CCBE6FF00A00AB
:108A800038BD6FF06800FBE77821002008B5084882
:108A90001BF072FF430707D5BDE80840002242F2F1
:108AA00010001146FFF7B6BE6FF00A0008BD00BF08
:108AB0007821002010B5F9F78FF9034B1B6813B12B
:108AC000BDE81040184710BD8458002073B5274DED
:108AD0000646D5F8240125F004FA00283FD06FF0AF
:108AE000020105F188001CF007F801211BF04EFF80
:108AF000C30737D41BF019FE044668BB1C4B1E602D
:108B0000012205F1E800114625F0AEFB05F586705F
:108B100025F077FB174825F089FC6FF0070340F636
:108B2000C41215491348009412F054FA134911481D
:108B300025F0E4FCD5F82401114983681B689847A7
:108B4000044648B926B902B0BDE87040F9F744B907
:108B500005F1780012F038FA204602B070BD6FF0CF
:108B60001204F9E76FF07704F6E700BFF020002069
:108B700084580020C83C002068940020E637040098
:108B8000858301002DE9F041634AB0F80180118826
:108B900048F470439942054686B030D051889942D6
:108BA0002FD10123002122F813105C4AD65C00F07B
:108BB000E7F9EB782C1D012B08BF594B204614BF59
:108BC000002793F823701BF03CFE2146D8B104A87F
:108BD0001BF02CFED5F81130CDF80930B5F8153062
:108BE000ADF80D3001238DF80830EB78012B16D04D
:108BF000132140461CF09BF806B0BDE8F08100232D
:108C0000D0E70026D3E738461CF08FFA014604A8C7
:108C10001BF0B5FE214602A81BF0B1FEE5E7404F70
:108C2000062297F8230004A902F064F8044640B92C
:108C300005223C4997F8230002F05CF8044600281E
:108C4000D6D0204640F2E242B5F8013004A920F81F
:108C5000703B1BF094FEB5F8173053430022C4F864
:108C60008830B5F81930A4F89030B5F81B30A4F866
:108C70009230EB7822732C4A012BC4F8A42002F125
:108C80004702C4F8A8204FF4A472E370A4F8AC2003
:108C90000CD102A904F177001BF071FED5F80B305E
:108CA000C4F87F30B5F80F30A4F883304FF0FF30B0
:108CB0004FF0FF31FFF77AFC0546D8B102210C30A6
:108CC0001AF031FB23882946038001AA42F23000C2
:108CD000FFF7A0FD70B9019AD168C878FFF78EFC44
:108CE00084F8A4000879FFF789FC84F8A5001046F1
:108CF000FDF77AFD0721204601F002FC26B1012193
:108D00002046267301F0FCFB204601F0F9FC2046CA
:108D100001F0AAFB70E700BF746D0020426E0020D6
:108D2000F02000209A3E040001011B0000B5C1683C
:108D300089B00B784BBB8DF80030B1F8013001A839
:108D4000ADF80130CB7804318DF80330B1F807303D
:108D5000ADF81730B1F80930ADF81930B1F80B3073
:108D6000ADF81B304B7B8DF81D301BF008FE084B17
:108D700068461A689B88CDF80B20ADF80F30CDF807
:108D80001120ADF81530FFF7FDFE09B05DF804FBCA
:108D9000AE3E040038B5032104460C301AF004FB43
:108DA00040F635420346B0F8010090420DD01D78E0
:108DB000E36822461978FFF771FB35B1034811F0DB
:108DC000F3FEBDE83840FFF787BC38BDD82100204E
:108DD00038B512F039FC284DD5F80C31002B48D0AD
:108DE0000022002305F1E80011F018FF002840D10F
:108DF0000022002305F5867011F0A0FE044668B934
:108E000040F6AA431D4A1E491E4818F0BFFD84F3D0
:108E10001188BFF36F8F0323184602DFD5F80001D6
:108E200020B1FDF7E1FC0023C5F8003120461AF01F
:108E300033FAC5F800012046FFF716FC98B1124836
:108E400011F0B2FE2046FDF721FC0C220F4B1F2132
:108E500002FB003022464088FFF720FB2046FDF74A
:108E6000C3FCFFF739FCFFF737FCBDE8384012F0D0
:108E7000FFBB01F055FCF8E7F0200020BA360400F3
:108E8000523704001C370400D8210020AC570020C2
:108E900038B5042104460C301AF086FA457801787A
:108EA00022464088FFF7FAFA35B1044811F07CFEFB
:108EB000BDE83840FFF710BC38BD00BFD821002006
:108EC000F8B506460024094DEF79E3B29F4202D877
:108ED0006FF0010007E0294630461CF053F80735D3
:108EE000631C08B12046F8BD1C46EEE7F0200020C8
:108EF00037B504460D46B9B1284616491CF042F86C
:108F000090B929461448C4EBC40420441CF033F83B
:108F100012481CF02DF8430703D5FEF7ABFF1BF0FA
:108F200006FC002003B030BD68461BF04FFC002853
:108F3000F8D16846FFF7C4FF0028F5DA064BC4EB0A
:108F4000C400694618441CF016F8002DE0D0014614
:108F50002846DBE7A13E0400F02000207821002015
:108F6000064BD3E8EFCF4CF4806CC3E8E2CF002A85
:108F7000F7D1037A19430172704700BF78210020AE
:108F8000084BD3E8EF2F22F48061C3E8E01F0028EC
:108F9000F7D1530504D500220220034905F02CBB6C
:108FA000704700BF78210020295203001FB500231D
:108FB0000190CDE9023302208DF80C1001AA03497B
:108FC00005F01AFB029805B05DF804FBB1500300F0
:108FD000F7B5044670B1474D95F8DA2095F8DB30C7
:108FE0000AB19A4208D2013385F8DB30237A43F084
:108FF0000403237203B0F0BD00210222084601F0F1
:1090000079FE064648B120460121FFF7A9FF304608
:1090100003B0BDE8F04001F027BA8DF800006946C2
:10902000354800F07DFD9DF8006026B10121204605
:10903000FFF796FFDEE73146304800F071FD95F806
:10904000DB30B3B995F8DB2095F8DA309A421CD1C1
:10905000002242F229001146FFF7DCFB70B995F8B7
:10906000DB30013385F8DB30237A43F004032372CD
:1090700004E030461BF0CBFF0028E3D0002120485D
:1090800003B0BDE8F04000F04BBD2246671C3946F6
:1090900012F82E0B1BF07EFF064630BB95F8DB3036
:1090A000013385F8DB30237A43F00403237295F80B
:1090B0005B305B0719D5394668461BF05CFF01231E
:1090C0004FF0FF304FF0FF318DF80730FFF76EFAA9
:1090D000044650B1082269460C301AF02AF932468B
:1090E000214642F24E00FFF795FB01201BF08FFF57
:1090F000C4E700BFF02000200B510300DB50030049
:10910000415003002DE9F341044608B33F4D95F863
:10911000DA2095F8DB309AB10132934211DC00215C
:109120000222084601F0E6FD0646A0B120460221D3
:10913000FFF716FF304602B0BDE8F04101F094B9E8
:1091400013B1013B85F8DB30237A23F0040323724B
:1091500002B0BDE8F0818DF807000DF107012C4841
:1091600000F0DEFC9DF8076026B102212046FFF7E3
:10917000F7FEEDE73146274800F0D2FC30461BF001
:1091800046FF074688B995F8DB3095F8DA209A4211
:1091900018D2013B85F8DB30237A024623F0040322
:1091A00002201D49237205F027FA95F8DB3013B130
:1091B00001201BF02CFF0021184802B0BDE8F0414F
:1091C00000F0AEBC4FF0FF304FF0FF31FFF7EEF98B
:1091D00004F1010806460028E7D007210C301AF0F8
:1091E000A2F841461BF0C7FE3A46314642F228003B
:1091F000FFF710FB0028D8D195F8DB30013B85F84C
:10920000DB30237A23F004032372CEE7F020002022
:109210000B510300DB500300F94F030041500300E2
:1092200038B50D460649CC7938B12B689C4228BF29
:109230001C46C4EBC40226F00CFB2C6038BD00BFFA
:10924000F020002070B5044611B16FF0150070BD1C
:10925000D8B121491BF096FEB8B92046FFF730FE81
:10926000002832DA23784BB91C48C2796ABB214600
:109270001BF081FE0123C3711046E8E7012BE4D106
:10928000A37903F0C003C02BDFD1144DEB79012B80
:109290001ED005F188001BF06BFEC30707D4002C1D
:1092A000D3D020460C491BF06DFE0028CDD1EE79BD
:1092B0002146731C3046EB71FFF71AFE08B93046A1
:1092C000C5E7EB79013BEB71C1E76FF07700BEE7D3
:1092D0006FF00B00BBE700BFA13E0400F0200020B0
:1092E0002DE9F3410446D8B1002141F2090001AA59
:1092F000FFF790FA054698B9019E0622D6F80C8031
:10930000104908F10107384626F0D8FA28B106229C
:1093100038460D4926F0D2FA30B93046FDF764FAE6
:10932000002002B0BDE8F081D8F801303046C4F822
:109330000130BB882570A4F80530FDF755FA0120EF
:10934000EFE700BFAE3E0400A83E040007B5684644
:10935000FFF7C6FF044BD87118B169460020FFF72C
:10936000C7FD03B05DF804FBF0200020F0B5294DE7
:1093700089B0EE79002E46D195F87630DB0722D5FC
:109380006A4631464FF60940FFF744FAD8B9DDF88E
:1093900000C0DCF80C406378012B1E4628BF012674
:1093A00073B1A31C02AA123417461868596808330F
:1093B00003C7A3423A46F7D1186838609B88BB8040
:1093C0006046FDF711FAEE71002416260127EB79AD
:1093D000E0B2984202D3B3B1002012E008AB06FB22
:1093E000003353F8182C33F8143C6946CDF80120AB
:1093F000ADF805308DF80070FFF77AFD01340028D4
:10940000E5D009B0F0BD0021084609B0BDE8F04044
:10941000FFF718BFF02000202DE9F0411D460E4651
:1094200017460346002849D0002D47D00A0307D528
:109430004C0743D41BF0D7FE10BB01232B701FE059
:10944000B10704781ED020492FB1B20603D591F898
:109450009020500635D5C4EBC40411F80480B8F14F
:10946000010F08D10134184621441BF06AFE38B9B7
:1094700085F8008002E0B8F1000FF9D0A7B900200C
:10948000BDE8F081720716D50F49C4EBC4040F5D27
:10949000012F07D1013421441BF053FE0028EFD1E6
:1094A0002F7001E0002FFBD0B306E8D52B7843F0F6
:1094B00002032B70E3E71BF096FEBEE76FF015008A
:1094C000DEE76FF08500DBE7F020002000232DE9C8
:1094D000F04F14461D468FB00491516801908B42A5
:1094E00009D1FB2D0FD8974BB3F8D8309D4215D931
:1094F0006FF0200023E12268023502EBC3025278AC
:1095000001331544EBE7019B082103F118001BF020
:10951000A0FE0028E7D06FF00A0010E1FB2D69D80B
:10952000019B0B2103F118001BF093FE10B91F2DB6
:1095300028BF1F254FF0FF304FF0FF31FFF736F8FF
:1095400005F104080746002800F0F78041460C307A
:1095500019F0E9FE4FF0000906464246002126F0C8
:109560009EF94946D4F8008006F1040B63689945DA
:109570000FD3019BF1705B780022337003233946CF
:10958000737001230498B3700FB0BDE8F04FFFF77C
:1095900041B998F80120881C13189D4298F800C022
:1095A00008D2BCF1090FA5EB00021DD1002A1BDD7A
:1095B0004FF0080C5FFA82FA0AF101030BF8013050
:1095C0000131C9B20BF801C0C3B2D8F80410584435
:1095D000029326F03EF9029B09F101099A445FFAD1
:1095E0008AF108F10808C1E73846FDF7FDF86FF089
:1095F0001500A4E0002110220AA826F050F9002747
:10960000012340F2726009933B46616808948B42E3
:1096100007D100250123A846AB4603935FB938461E
:109620008DE02268023702EBC3025278174487426A
:10963000DDD80133EBE7FB2F4FF0FF304FF0FF3168
:10964000BA4628BF4FF0FB0AFEF7B0FF0AF1040646
:109650000290002871D031460C3019F064FE019B55
:1096600081465B78002603704FF000035FFA8AF2B0
:1096700083700592031D54F83B2004EBCB0102EBF1
:10968000C80252780232954209D14A6808F10108AD
:10969000904509BF00250025A8460BF1010BBBF141
:1096A000010F12D054F83B204FEAC80112EBC80C4E
:1096B0000BD09819E5B901259CF8012001329A5583
:1096C0000136F6B2059AB242D5D8039BBF1B7BB3D5
:1096D000002F0CBF0323012300220299049889F86C
:1096E000036089F80130FFF795F840BB039095E7D8
:1096F000012D05D1525C013602250270F6B2E1E778
:109700009CF80120AAEB0601521B02328A4228BFB4
:109710000A46DCF804C0A91E61440793069226F0AD
:1097200098F8069A079B15443244ADB2D6B2C9E701
:10973000B7FA87F35B095B00CEE76FF068000FB004
:10974000BDE8F08FF020002070B500F10F06044650
:109750000D46072230460C4926F0B0F80346207823
:1097600073B90522094901F0C5FA044658B10573D9
:10977000002100F0C5FE2046BDE8704000F074BE38
:1097800006223146EFE770BDA13E04009A3E040078
:10979000F8B504690646456844B140F203432B40DE
:1097A00039D005F48263B3F5806F34D015F480634B
:1097B00002D115F4F84F2ED1184F3078FB7983423F
:1097C00029D9C0EBC00007221549384426F076F8A5
:1097D000A8B115F0030306D197F82420082A02D86F
:1097E000B2689F2A17D915F0300F09D09CB1EB064B
:1097F00008D405F46035B5F5603018BF0120F8BD18
:10980000002CF6D1D6E902239A4204D81F2A02D9A5
:10981000B3F5804FEDD90020F1E700BFF020002024
:10982000A13E040038B50E4D28461BF00FFD10F088
:10983000010412D1A5F1180318465822214626F03A
:109840002EF80346D5E8EF2F42F00102C5E8E12FDC
:109850000029F7D118465C7038BD0020FCE700BF36
:10986000D03D0020F8B5044614F80F7B154B064692
:109870000D4607222046144983F8237026F01EF86F
:1098800070B93846114901F0E1F9044610B96FF09A
:109890000B00F8BD052100F033FE00202C60F8E736
:1098A000214638461BF09BFF40B92146307801F035
:1098B000CDF904460028EAD00621ECE76FF0150048
:1098C000E7E700BFF0200020A13E04009A3E04001C
:1098D0002DE9F3470F690D46496890463A1E18BFB7
:1098E000012201650DF103030646FFF795FD0446CD
:1098F000002840F0E98006F10F03002F00F0E88017
:109900002A6911684FF0FF30C6F80F1091889980CE
:1099100092794FF0FF319A71FEF748FE8146002898
:1099200000F0E98019210C3019F0FDFC04461922E1
:10993000002125F0B4FF73782370AB68E370C3F3A4
:1099400007221B0C22716371EB68A371C3F307221A
:109950001B0C2372E2716A6812F4004F14BF0623D5
:109960000723D00348BF03F00503910348BF03F06A
:10997000FB0363729DF80330A3726B6803F0C002AF
:10998000C02A00F0A7805A0600F1A680C3F3C013D6
:109990005B00DBB2A3747F23E374012323756B6840
:1099A00003F44063B3F5806F14BF01230223A37552
:1099B0006B68DB0442BF03232375A3756A68C2F397
:1099C000802383F001031B0150049BB248BF43F086
:1099D0004003910448BF43F02003D20544BF012255
:1099E00022766A68900779D043F0010A1FB95105C1
:1099F00001D443F0030A900502D4B8F1000F03D05C
:109A00004AF0020A1FFA8AFA002F69D0D1062A69A1
:109A100048BF4AF00403116858BF4AF00C03C4F869
:109A20000B1091889BB2A4F80F10927962746A7837
:109A30004946E275AA7842F236006275A4F8013010
:109A400001AAFEF7E7FE044600283DD1019806F181
:109A50001807C36893F90130B370FCF7C5FED7E867
:109A6000EF3F43F00203C7E8E23F002AF7D16FF06F
:109A7000100138461BF0F4FBC20633D46A68092192
:109A800012F0030218BF012238461BF0F4FB0A2132
:109A90003846CAF340021BF0EEFB2A790C21384607
:109AA000C2F380021BF0E7FB6A790B213846C2F350
:109AB00080021BF0E0FB9DF803200321531E5A4255
:109AC00038465A411BF0D7FB204602B0BDE8F0876C
:109AD0000A4A16E703235DE701235BE79A468AE714
:109AE0005346A4E7304606F109011BF02AFB002883
:109AF000C4D00446E8E76FF06804E5E7A13E04003F
:109B000008B520B904481BF0A1FBC30701D400200D
:109B100008BD0248FCE700BFD03D0020B83D002052
:109B2000034610B504481BF091FBC20703D5BDE8FE
:109B300010400248184710BDD03D0020B83D00201D
:109B400008B500210348FFF7EBFF0022024B9A61A2
:109B500008BD00BF89530300F020002010B5054C5C
:109B6000A06930B16FF0010118301BF079FB0023C0
:109B7000A36110BDF0200020F8B5044616481BF084
:109B800065FB43070F4616461DD5FAB12046FFF781
:109B9000FFFDD8B1FFF746FE0546D0B12378214638
:109BA000037063780022C3704760FFF791FE04469C
:109BB00038B16FF0010105F118001BF051FB204690
:109BC000F8BD3560FBE76FF00A04F8E76FF01504A5
:109BD000F5E76FF00B04F2E7782100200023F7B5DA
:109BE0000E460546019300285BD000F118070821B6
:109BF00038461BF02EFB002856D12D481BF026FBC3
:109C0000420501D5FFF7BCF9092138461BF021FBBD
:109C100050BB9EBB3246072138461BF02CFB092166
:109C200038461BF016FB70B90C2138461BF011FBAF
:109C300048B96FF0080138461BF012FB030726D421
:109C400028461BF0D0FA2846324601211BF054FB6F
:109C5000019D044610B375B10021284600F050FC68
:109C6000284600F001FC06E0284601A9FFF7FAFDAE
:109C700004460028CDD0204603B0F0BD338823B978
:109C8000B278003A18BF0122C5E70122C3E70E21CE
:109C900038461BF0DEFA0028D2D1D4E7002DDFD100
:109CA000E9E76FF01504E6E76FF07704E3E700BF3C
:109CB000782100202DE9F341C6687078FFF720FF76
:109CC0000446002861D004F1180875881BF059FB80
:109CD0006FF4807140461BF0C3FA33782C4F1BBBE6
:109CE0002846012100F0B0FC054650BB6FF0800112
:109CF00040461BF0B5FA03060ED520461BF08AFA43
:109D0000FFF73EF963683BB11B682BB132792046FF
:109D10008DF8042001A99847BB699C4235D102B057
:109D2000BDE8F041FFF71ABF092140461BF091FA48
:109D300018B120463178FFF707FD3378002BD5D1D5
:109D4000CEE7236D00F17E0213F4002F12D0A3683A
:109D5000C0F87E30A3899380A37B937163682BB195
:109D60005B681BB12046019501A99847284600F081
:109D70007BFBBBE7037AC3EBC303F918FB58C0F8BE
:109D80007E308B8893808B79E7E702B0BDE8F08165
:109D9000F0200020F0B593B007460D461446002190
:109DA0001C220BA825F07BFD00230593002F41D03A
:109DB000002D3FD0002C3DD007AE324607F11003F6
:109DC00013F8011DBB4202F8011BF9D14FF4807159
:109DD0001B4B10220B931B4B0BA8CDE90D133146E7
:109DE00005AB12F0A1FE28BB05F1100313F8012DFD
:109DF000AB4206F8012BF9D106AB029310231149AF
:109E0000CDE9004307AA059812F05AFF05460598C8
:109E100012F044FE284310D1631E04F110020734EF
:109E200013F8011F12F8015D9C421D701170F7D1EB
:109E300013B0F0BD6FF01500FAE76FF00400F7E71C
:109E4000002480000044400470B59AB0182200211C
:109E500003A825F024FD47F21213ADF808304FF4A3
:109E6000807344F20102ADF80A30304B694602A813
:109E7000CDE9042312F0D0FFF0B11F252C4BD3E81D
:109E8000EF1F21F00101C3E8E21F002AF7D1294E9C
:109E900011F0DAFB346804B1043C002D264D18BFE4
:109EA0000025002C3BD023680BB1284698476468F6
:109EB000002C34D0043CF6E74122009801AB09A9FC
:109EC00025F088F80028D8D11C4A0DF125030DF1A2
:109ED000650153F8040B8B4242F8040BF9D12022A0
:109EE0001749009801AB25F020F80028C5D100984B
:109EF00012F0D4FD05460028BFD110490E481BF0D2
:109F00000DFB104820311BF009FB0F4BD3E8EF1F6E
:109F100041F01001C3E8E21F002AAFD0F6E70023AA
:109F2000C6E9003311F0A4FB1AB070BD00000209AD
:109F30008858002090580020A46E0020646E0020F5
:109F4000446E0020C46E00207821002030B5A7B0F8
:109F50001822002107A825F0A2FC04233D2200219D
:109F600016A8159325F09BFC47F21213ADF8183094
:109F70004FF4807344F20102ADF81A30234B2449A8
:109F8000CDE9082306A8202204AB12F0CDFDB8B11C
:109F90006FF0040411F058FB1E4B1D6865B10020E2
:109FA00018601D4BD3E8EF1F21F00201C3E8E21F48
:109FB000002AF7D124B3A84711F05AFB27B030BDCF
:109FC000164B0DF15502194603F1400053F8044BAE
:109FD000834242F8044BF9D105AB029320230B488E
:109FE000CDE9001315AA4123049925F0C2F80028F1
:109FF000CED1049812F052FD04460028CAD0C7E71B
:10A000000DA806491BF08AFA0DA8D4E70000020942
:10A01000446E00208C58002088580020646E002078
:10A02000402208B5034925F049FCB0FA80F0400908
:10A0300008BD00BF113F040010B59AB004461822B5
:10A04000002103A825F02BFC44F21213ADF80830D0
:10A050004FF480734FF48042ADF80A30114B214623
:10A06000CDE9042304230DF125008DF824301BF0E5
:10A0700055FA04F120010DF145001BF04FFA412281
:10A0800001AB09A902A812F04FFD044602A825F071
:10A09000BCF82CB9019812F001FD01201AB010BDD6
:10A0A0000020FBE70000020910B560B31A4A1368EC
:10A0B00023B1043B834229D05B68F9E7174BD3E80F
:10A0C000AF1F890725D41468011D446050681160D2
:10A0D00000B95160D3E8EF2F42F00101C3E8E01F5F
:10A0E0000028F7D1D30701D5002010BD0C4BD3E8D1
:10A0F000EF1F21F01001C3E8E21F002AF7D1094841
:10A10000FDF732FFF0E76FF01500EEE76FF0770034
:10A11000EBE76FF00F00E8E7905800208858002028
:10A1200078210020E826002038B50C4BD3E8EF1F3B
:10A1300021F00101C3E8E21F002AF7D1084D2C6885
:10A140003CB154F8043C043C0BB1002098476468CF
:10A15000F6E70023C5E9003338BD00BF885800206A
:10A1600090580020044BD3E8AF3F13F0100F034882
:10A1700008BF0020704700BF78210020A46E002097
:10A1800070B50546194803688B4228D0184BD3E8B0
:10A19000AF3FDA0626D5036813B16FF00F0070BD2C
:10A1A000144AD2E8AF3FDB07F7D4D2E8EF3F43F0E1
:10A1B0000204C2E8E64F002EF7D113F00204ECD1FE
:10A1C000016029460C481BF0A9F90C4805F1200153
:10A1D0001BF0A4F90A48FDF7C7FE2046DFE76FF041
:10A1E0007700DCE76FF07C00D9E700BF8C580020D7
:10A1F0007821002088580020646E0020846E0020A2
:10A20000D826002070B505460B4B1C6844B154F8A5
:10A21000243C243C13B12846297B9847646AF5E71F
:10A22000064C074EB44200D370BD236813B12846D4
:10A23000297B98472834F5E73059002004070400AB
:10A240005407040010B50446FCF720FA044901EB5A
:10A25000001120461AF046FBBDE81040FEF73CBA5C
:10A2600098580020002270B50446D1E901560748ED
:10A27000C1E9012223F0D1FF3DB1314620462B46F2
:10A28000BDE870406FF06D02184770BD7C31002052
:10A2900070B50546002200230E4810F0BFFCB8B987
:10A2A0000D4B1C6834B154F81C3C243C03B1984756
:10A2B000646AF7E7094C0A4EB44204D32846BDE865
:10A2C000704010F081BEA36803B198472834F3E7CB
:10A2D00070BD00BF28310020305900200407040061
:10A2E000540704002DE9F041044620270025EFF330
:10A2F000118287F31288BFF36F8FE16929B1206A59
:10A300000B688142E36108BF236282F31188BFF3C7
:10A310006F8F71B1D1E901680748C1E9015523F098
:10A320007CFF1EB1002241462046B047FEF7D4F91B
:10A33000DDE7BDE8F08100BF7C31002037B5437B0D
:10A340000446072B30D1031DD3E8EF2F42F4806180
:10A35000C3E8E51F002DF7D1550525D4D3E8AF3F5D
:10A36000990317D5E378012B1ED1104B93F8913048
:10A37000DB0719D594F8A430022B03D194F8A5304B
:10A38000022B11D00021022320461A4600911AF018
:10A3900005FD09E0054B93F890301A07E2D51AF055
:10A3A000E2FC637B072BDDD003B030BDF020002042
:10A3B0000348B0F8BC30C030002B08BF0020704705
:10A3C000F020002030B50446FBF7B8FE0D460D4ADC
:10A3D0000D498BB00858D2F8D010884205D12046DC
:10A3E0000BB0BDE83040FFF77DBF24342146104656
:10A3F00023F0F1FF1DB16946204623F0FCFF0BB0AE
:10A4000030BD00BFE04900200800000038B5002240
:10A4100004468A4202D10024204638BD012004F1BE
:10A42000D003D3E8EF5F002D04D1C3E8EC0FBCF1FB
:10A43000000FF6D102D0D8340244EAE7002CEAD06B
:10A44000D0220021204625F02AFA04F140000449D8
:10A4500023F0F2FF034904F1240023F091FFDBE72E
:10A4600095AE01006755030008B500F1D003D3E8AD
:10A47000EF2F013AC3E8E12F0029F8D1AAB90B4B1D
:10A48000984212D303F5D87290420ED2C01AD82344
:10A49000B0FBF3F203FB120038B9054810F084FB5F
:10A4A000BDE80840034810F08FBD08BD103E0020F5
:10A4B000283100200827002010B504461BF0CAF8F8
:10A4C00011F0C2F80C4B04F1C401D3F8DC3043B9ED
:10A4D0000A481BF02DF811F0CBF8BDE81040FEF74C
:10A4E000FBB8994201D01B68F1E711F0C1F8204692
:10A4F000FFF7BAFFF1E700BFF0200020CC210020D9
:10A5000070B5457B04468D4213D041730DB91BF0E5
:10A51000A1F8637B012B09D1314D05F1C0066169BA
:10A5200000294AD1BDE87040FEF7D6B8072B01D00C
:10A530007BB170BD0023C4E90D33E378012BF8D162
:10A5400004F140004FF42032BDE87040002310F0C9
:10A55000E1BD082DEDD801A353F825F033A5010086
:10A5600081A50100A7A50100B1A50100B1A50100C9
:10A57000B1A50100A7A5010033A5010033A5010085
:10A5800004F14005284623F065FF20460121FFF72E
:10A5900019FF20461BF005F82846BDE87040002250
:10A5A000002310F0EBBD237B13B12046FFF72AFEFA
:10A5B0002046BDE87040FFF757BFA2690B68914283
:10A5C00008BFA36120466361FFF74CFEB5F8BC30BD
:10A5D000002B14BF3046002010F0E6FA9FE700BFC2
:10A5E000F02000202DE9F84306460F46904600254E
:10A5F000DFF83090684200F0D80048441BF02AF899
:10A60000044620B183781E4208D1FFF72DFF6B1C52
:10A61000022B4FF00105EDD1BDE8F8834146B84764
:10A620002046F2E7103E002000220F200149FFF7EC
:10A63000D9BF00BF7D560300002201200149FFF76A
:10A64000D1BF00BF3DA30100F8B506460C46002768
:10A65000114D28461AF0FEFF034658B1427B012AED
:10A6600002D0073A012A03D81A88B2420CD0184601
:10A67000FFF7FAFE7B1C022B4FF0010705F1D8050E
:10A68000E7D100231846F8BD9A781442FAD118464B
:10A69000FFF7EAFEF5E700BF103E0020034BC01AAB
:10A6A000034BC0105843C0B2704700BF103E00209B
:10A6B00013DA4B6870B51C46144305460E4608D0A5
:10A6C000FBF73CFD0B4908580B49D1F8D0108842E4
:10A6D00001D1002213460949002D14BF284608461F
:10A6E00018F0ABFD044618B1711D0C3018F010FEC7
:10A6F000204670BD08000000E0490020D431002051
:10A7000010B50446054810F05FFC204600F01EFD21
:10A710002046BDE81040FFF775BD00BFF8260020B9
:10A7200000232DE9F04F87B003930593A54B5A8B77
:10A7300032B1A54DD5F8DC4034B907B0BDE8F08F93
:10A740001B68002BF5D1F8E754F8C43903B1C43BBA
:10A7500000269E4901E01C461346B5F8BC20002A9D
:10A7600000F02E81D5F8C8204AB904F1C406002BA8
:10A77000E3D0D3F8C420002AEDD0C43AEBE70A684E
:10A78000002AF2D0D4F8B020002AEED0D4F8B420B9
:10A79000002AEAD0D4F8B820002AE6D0637B072B41
:10A7A00066D120469047002862D004F1C803D3E860
:10A7B000AF3F022B5CDC20461AF04CFF0446002819
:10A7C000BBD0637B072B40F0F2802046D4F8B0303A
:10A7D000B5F8BC1004AA98470746002800F0CA80C4
:10A7E000B5F8BC20049B9A4206D30146D4F8B46065
:10A7F000204605AB03AAB047059BDDF80C900193FA
:10A800003B8A002B00F0D6803846DDF810A01AF005
:10A810007FF88046002840F0D080B5F8BC30DFF8E3
:10A82000B4B1002B14BF584600200022002310F0C2
:10A83000F5F978B900220023644810F07FF9064644
:10A8400000283BD1B5F8BC30002B18BF5E4630461F
:10A8500010F0AAF96FF00B053846FBF7C5FFB9F108
:10A86000000F00F083802A4620460199C8477DE00A
:10A87000D4F8C43004F1C402C6B9D5F8E010C5F864
:10A88000DC308A4201D1C5F8E03000232046C4F80C
:10A89000C430D4F8B8309847002892D0637B072B97
:10A8A00040F085802046FFF707FE8AE73360D5F841
:10A8B000E0309A4208BFC5F8E060E6E7019BC0F8C7
:10A8C00004908360B5F8BCB00022DA454FF0000375
:10A8D0004FF000013B4898BF1FFA8AFBFBF7F8FED8
:10A8E000814650B1FBF7D2FE394B5A4603EB0013B9
:10A8F0003946484619F0D1FF8146B5F8BC3094F886
:10A90000CC709A458CBF4FF00108023784F8CC8098
:10A9100098BFFFB204F1C808D8E8EF3F0133C8E898
:10A92000E23F002AF8D104F1140A314650461AF0E9
:10A93000FFFDA378012B21D0D8E8EF3F013BC8E809
:10A94000E23F002AF8D1314650461AF00FFE484641
:10A95000FBF74AFF20463146FFF784FCB5F8BC30D0
:10A960001C48002B08BF002010F01EF913212046C0
:10A970001AF096FE2046FFF777FDDEE609F10C0B94
:10A980000421584618F0F7FC238807F0FD0743EA36
:10A9900007330380B9F810300221043B4380584646
:10A9A00018F0F1FC4846FDF75FFE0028C4D1FDF722
:10A9B00093FEDFE76FF079054EE76FF004054BE794
:10A9C0009368FFDEB4320020F02000207C310020AC
:10A9D00098580020B021002040F2E2432DE9F041D8
:10A9E000D0F888600446B6FBF3F6031DB6B2D3E890
:10A9F000AF2F920413D5B0F88C20B2420FD8B0F824
:10AA00008E20B2420BD3D0E92412914207D1D3E871
:10AA1000EF1F21F40051C3E8E21F002AF7D1114BC8
:10AA20001D6865B155F8147C243D37B13146204688
:10AA3000B4F89230B4F89020B8476D6AF1E70A4D47
:10AA4000DFF82880454501D3BDE8F0812F6937B193
:10AA500031462046B4F89230B4F89020B8472835F3
:10AA6000F0E700BF30590020040704005407040039
:10AA7000F8B50F4B05461C685CB1243C00F1A606F6
:10AA8000236A13B1314628469847646A0CB1243CC6
:10AA9000F6E7084C084E05F1A607B44200D3F8BD0E
:10AAA000236A13B13946284698472834F5E700BF92
:10AAB000305900200407040054070400F8B50F4B78
:10AAC00005461C685CB1243C00F1A406E36913B19F
:10AAD000314628469847646A0CB1243CF6E7084C96
:10AAE000084E05F1A407B44200D3F8BDE36913B1E1
:10AAF0003946284698472834F5E700BF30590020EA
:10AB000004070400540704002DE9F04107460846F5
:10AB10000D461AF074F8064618B900263046BDE80E
:10AB2000F081144B1C6884B154F8183C243C0BB9D8
:10AB3000646AF8E72946384698470028EDD0284649
:10AB40001AF05DF80028F3D1E7E70B4CDFF82C8012
:10AB50004445E3D2E3680BB92834F9E7294638467F
:10AB600098470028D9D028461AF049F80028F3D190
:10AB7000D3E700BF30590020040704005407040045
:10AB80002DE9F041C37804468BB900F17E06114BE4
:10AB90001D687DB1243D04F170076B691BB13A4615
:10ABA0003146204698476D6A25B1243DF5E700F10E
:10ABB0007706ECE7084D094F04F17008BD4201D358
:10ABC000BDE8F0816B691BB142463146204698478B
:10ABD0002835F3E730590020040704005407040027
:10ABE000F8B5437A0446837216461AF0FDFE144BFC
:10ABF0001D684DB155F80C3C243D1BB13246204632
:10AC0000617A98476D6AF4E70E4D0F4FBD420DD340
:10AC1000A6B9637A012B11D9A378012B0ED1207A22
:10AC200004F17001BDE8F84003F066BEAB691BB1EA
:10AC300032462046617A98472835E7E7F8BD00BFDD
:10AC400030590020040704005407040038B50546B5
:10AC50000C460F480221FFF7D9FBC0B105722368EB
:10AC60000367A388A0F87430A37980F876300123B5
:10AC7000437283728370074BC0F8B030064BC0F844
:10AC8000B430064BC0F8B830054BC0F88C3038BD36
:10AC9000103E002079B001005155030045550300D6
:10ACA000180028002DE9F04106460F464FF0000835
:10ACB0000F4D28461AF0CEFC044620B18378012BB4
:10ACC0000DD0FFF7D1FB08F10103022B4FF0010873
:10ACD00005F1D805EDD100242046BDE8F0813A46C3
:10ACE00031461AF05CFD0028F6D12046E9E700BFA6
:10ACF000103E00202DE9F84305460E4690460027F9
:10AD0000DFF84C90784200F0D80048441AF0A2FCDA
:10AD1000044620B18378012B08D0FFF7A5FB7B1CEC
:10AD2000022B4FF00107EDD100240DE036B1324681
:10AD300029461AF034FD08B92046EEE7637B434507
:10AD4000FAD1237AAB42F7D12046BDE8F88300BFA1
:10AD5000103E0020002210B5837804460B70C378A3
:10AD60004B70037A8B70437B81F82B20023BDBB264
:10AD7000062B8EBF13462B48C35C204681F8283033
:10AD8000A378012B14BF0023637A81F829301AF0CD
:10AD9000BEFC81F82A00A378012B40D104F1700396
:10ADA0008B60237A204AC3EBC30313444B60E278E1
:10ADB00004F1770304F17E0042BB1A460346C1E961
:10ADC000032340F2E242D4F888304B61B3FBF2F344
:10ADD0000B83B4F890304B83B4F892308B8304F13A
:10ADE000A4030B6204F1A6034B62D4F8A0302BB18C
:10ADF0005B7CDA0644BF012381F82B30D4F8A03005
:10AE000013B15B7C9B0603D4002010BD0246D6E73D
:10AE100091F82B3043F0020381F82B30F4E76FF008
:10AE20001500F2E7513F0400F020002038B5044639
:10AE300008460D4619F0E3FE38B3154B93F89030F1
:10AE4000990707D4E37873B129462046BDE8384016
:10AE500000F0CAB994F898309A07F3D5231DD3E8C7
:10AE6000AF3F5B04EED4294620461AF0E4FC58B903
:10AE70002B88A4F88C306B88A4F88E30AB88A4F8AB
:10AE80009430EB88A4F8963038BD6FF01500FBE7DE
:10AE9000F0200020F7B510F8333C0446A0F140063E
:10AEA0000BBB30461AF043FD244B1D684DB155F8DD
:10AEB000203C243D1BB1304614F8341C98476D6A81
:10AEC000F4E71F4D1F4FBD4205D3304603B0BDE828
:10AED000F040FFF7C9BA6B681BB1304614F8341C58
:10AEE00098472835EFE710F83E3C012B24D1A0F11C
:10AEF0003C05D5E8EF3F23F40052C5E8E12F0029D7
:10AF0000F7D19B0410D5E36C69460093636D30461E
:10AF10000193FFF78BFF38B9D5E8EF3F23F4805357
:10AF2000C5E8E23F002AF7D1D5E8EF3F43F40063DC
:10AF3000C5E8E23F002AF7D103B0F0BD3059002048
:10AF400004070400540704000C4B10B918600020DB
:10AF500070471A6872B90269002AF7D1026832B9DB
:10AF6000426822B9826812B94269002AEED06FF0B5
:10AF7000150070476FF07700704700BF4059002000
:10AF800008B568B1094B00F10C011A6822B90748ED
:10AF90001AF0CEFA104605E0914204D01268F5E7A7
:10AFA0006FF0150008BD6FF07700FBE738590020FF
:10AFB000012806D8044B404200F0D80018441AF08B
:10AFC00049BB0020704700BF103E002038B50E4836
:10AFD00023F017F900240D4D29460B48013423F0C6
:10AFE0001CF90A2C05F10C05F6D11BF051FA02F000
:10AFF00063FB044628B903F031FA044608B91AF095
:10B00000B8FD204638BD00BF7C310020B858002074
:10B0100010B50A4A136813B1136D63B901235020A8
:10B0200000FB0320064C5B424460002003F0500309
:10B030001A440A6010BD6FF00B00FBE74459002072
:10B040007C20040070B5044652EA030008D0FBF7E8
:10B0500075F8074D074ED5F8D0503058854201D1CC
:10B06000002213462046BDE870400431FFF722BBA2
:10B07000E0490020080000002DE9F0470F46904607
:10B08000D0F8BC4044B1483C236B5BB92068BC306D
:10B090001AF043FCA46CF5E7FDF71EFB00263046D2
:10B0A000BDE8F08704F13009484623F0CBF80546A7
:10B0B0000028F1D019F02CFC0028EFD1284618F018
:10B0C000EBF8E56C06469DB9A38C058A403B9BB224
:10B0D0003F2B03D8238D9D4228BF1D46042106F136
:10B0E0000C0018F048F90580A38C04354380E56412
:10B0F000BD421FD8B6F810A0554506D10022002346
:10B1000048460FF01BFDFBF76FFBA38CA3F1400239
:10B110003F2A06D855451ABF002213460A4AF36152
:10B12000B2612068BC301AF0F8FB236B13B12046E3
:10B130001AF0D4FBE36C9F422CBF0027DF1BC8F83A
:10B140000030E764ABE700BF9B5A0300F7B5044645
:10B150000026234D234FBD4201D303B0F0BD298803
:10B1600020461AF091FC6B68019001A9204698478F
:10B17000002830DB019B2A889A829A8403F110020E
:10B18000D2E8EF1FC2E8E06F0028F9D19E64DE64C8
:10B190009E60A16B03F10802F9B9C4E90D221C609D
:10B1A000DE6003F1300023F02CF8019843681B683F
:10B1B00003B19847019B1033D3E8EF1F41F0010121
:10B1C000C3E8E21F002AF7D101984368DB6913B195
:10B1D00000F1100198470835BDE70A60A263DEE779
:10B1E000EC0604000407040070B5134A0C461378FB
:10B1F0000646013313F0FF010ABF01230B4619462F
:10B200001370122008221AF007FC054688B10821A5
:10B210000C3018F088F82288294602806288428023
:10B22000A2888280E288C2803046BDE870401AF071
:10B2300041BC6FF00B0070BDE46E002023281FD8C6
:10B240001A2804D8431E182B0ED906207047A0F1E7
:10B250001B03082B1ED8DFE803F0051D1B231D1957
:10B26000251D05000320704701230F4A83401A4023
:10B27000C2B90E4A1A40002A0CBF062001207047AE
:10B2800000F07F03522B05D100207047012070474A
:10B290000520704710F0400F14BF002006207047B3
:10B2A0000420704702207047AAAA8A02545545011B
:10B2B0002DE9F74F054608468946FBF7E7F91823BD
:10B2C0004343264F0446FA189168D9F80C6001915F
:10B2D00005F15400D0E8AF0FC1073BD5D9F80C00F9
:10B2E000007810710022FA503378D22B0ED12B68DF
:10B2F000494618681CF0CDFB40B101904846FBF769
:10B3000073FA019B184603B0BDE8F08F18235C4325
:10B31000002349461A4607EB0408281DD9F80C609B
:10B32000D9F814B0B9F810A0C8F808501AF08AFB80
:10B3300003460028E6D0D9F81420A6EB0B0612FA33
:10B3400086F6019AC9F80C60A9F810A0C8F8082080
:10B350003851D7E76FF01503D4E700BFEC59002050
:10B3600070B50E46438D418B01328B4228BF0B4690
:10B370009A42054632D83046FFF760FF6FF014035B
:10B38000034113F0010310D0FAF7D8FE144B1958FB
:10B39000144BD3F8D03099421ED0134B1B685A1A65
:10B3A00018BF4FF0FF32134601E04FF47022002126
:10B3B0000E48FFF747FE044660B1FBF767F9182215
:10B3C0000B4B012102FB003304F10C009D6017F0D0
:10B3D000AAFF0670204670BD0022E4E70024F9E7CA
:10B3E00008000000E0490020DC5A00200C32002058
:10B3F000EC590020011F0A22002010B4064B9C6863
:10B4000018338C4208BF43F8100C013AF7D10348B7
:10B410005DF8044B22F011BEEC590020902E002064
:10B42000F8B54FF47022074600230D480E4617F07A
:10B4300004FF044690B100F10C050921284617F0DD
:10B4400067FF2046FBF722F91822064B012102FB79
:10B45000003328469F6017F066FF06702046F8BD4F
:10B460000C320020EC59002008B5EFF311812023A5
:10B4700083F31288BFF36F8F002303600C4B5A686D
:10B480009AB9C3E9000081F31188BFF36F8F0948AF
:10B490000FF09AFD002807DA002383F31188BFF329
:10B4A0006F8F0323184602DF08BD10605860EAE77B
:10B4B000E4590020402700207FB5CB6804461D8852
:10B4C0008DB15E8876B1AE420DD310220021684660
:10B4D00024F0E5F905212046FFF7A2FF019058B9B5
:10B4E000112007E0354601232A46042120461AF0A0
:10B4F000DCFC002004B070BD6B4631462846084A8B
:10B5000000941AF0EFFCDDE9011323B90846FBF7BC
:10B510006BF90A23E8E720461AF0C6FBE9E700BF0B
:10B52000D35D0300F0B51D46036804460E4685B0A2
:10B530000121186817461BF0B5FF38B904F1540013
:10B540001AF0F4FC50BB122005B0F0BD65B3102218
:10B550000021684624F0A3F939462046FFF760FF32
:10B56000029018B3BDF828302946ADF80430012305
:10B5700028468DF80C300E4A6B4600941AF0B2FC47
:10B580009DF80C3002995BB10846FBF72DF92A466D
:10B59000314620469DF80C301AF087FC0020D3E796
:10B5A00020461AF081FBF9E70120CDE71120CBE717
:10B5B000216303002DE9FF41036804460D46186826
:10B5C00001211BF06FFF40B904F154001AF0AEFCEA
:10B5D000A0BB122004B0BDE8F08110220021684613
:10B5E00024F05DF90F212046FFF71AFF029038B3CF
:10B5F0004FF00108009405F10C072B8A012B04D8A9
:10B60000204602991AF050FB18E0384617F0DCFE8D
:10B610006B4601460B4A06468DF80C801AF062FC18
:10B620009DF80C30002BE8D00298FBF7DDF832468D
:10B630000E2120469DF80C301AF037FC0020C9E797
:10B640001120C7E7216303002DE9FF410368044689
:10B650000D46186801211BF025FF40B904F1540084
:10B660001AF064FCA0BB122004B0BDE8F0811022E7
:10B670000021684624F013F921212046FFF7D0FE6F
:10B68000029038B34FF00108009405F10C072B8AA3
:10B69000012B04D8204602991AF006FB18E0384620
:10B6A00017F092FE6B4601460B4A06468DF80C8059
:10B6B0001AF018FC9DF80C30002BE8D00298FBF72C
:10B6C00093F83246202120469DF80C301AF0EDFB0D
:10B6D0000020C9E71120C7E79D62030010B50446AA
:10B6E00000F15003D3E8EF1F41F00101C3E8E21F6E
:10B6F000002AF7D1201F1AF0FFFA04F17400044960
:10B7000022F09AFE2068BDE8104001F05BBE00BF49
:10B71000D56403002DE9F0430F460446062187B0A7
:10B7200007F10C0017F040FE0588EDB1B0F802807B
:10B73000B8F1000F17D0A84516D3002382888DF8E2
:10B7400000308DF804304FF42053684601A9D7F833
:10B750000C90ADF80220ADF8063018F0EAFF06466E
:10B7600060B10A2301E0454601232A46062120460E
:10B770001AF09BFB002007B0BDE8F08301461422BD
:10B7800001A83F7C24F08BF807212046FFF748FEF4
:10B790000290D8B10A2341468DF81530284601ABF6
:10B7A0000B4ACDE9036901948DF814701AF09AFBE5
:10B7B0009DF8153002992BB10846FBF715F89DF856
:10B7C0001530D2E720461AF06FFAD3E71120D2E7FE
:10B7D000516003002DE9F0410E8A0446043EF6B2A2
:10B7E000022E08468CB001D0102E76D104210C30E8
:10B7F00017F0DAFD0DF1040805884788011D32466F
:10B80000404618F0C3FF002869D085B377B3BD4226
:10B810002DD8012160681BF045FE064678BB42F634
:10B8200002038DF8000069464046ADF8023018F07A
:10B8300080FF20B342F60303404606A98DF8186046
:10B84000ADF81A3018F075FFC8B1012D03D14FF6CD
:10B85000FF739F4213D004F154001AF067FB0028D5
:10B8600014BF002012200CB0BDE8F0813D4601233A
:10B870002A46082120461AF018FB0020F3E7182278
:10B8800000210DEB020024F00AF809212046FFF701
:10B89000C7FD0890F8B101210C30CDE9064817F03A
:10B8A00042FD0023099003700A2339468DF82C309D
:10B8B000284606AB0B4A1AF015FB9DF82C30089968
:10B8C0002BB10846FAF790FF9DF82C30D0E72046C0
:10B8D0001AF0EAF9D1E71120C5E70420C3E70E20EA
:10B8E000C1E700BFE5BB01002DE9F0410E8A044627
:10B8F000043EF6B2022E08468CB001D0102E64D160
:10B9000004210C3017F050FD0DF108080588478818
:10B91000011D3246404618F039FF002857D0A5B324
:10B9200000268FB3BD4230D84FF42053404601A9C2
:10B930008DF80460ADF8063018F0FBFE48BB142209
:10B94000002107A823F0ABFF11212046FFF768FD77
:10B950000990002837D001210C30CDE9074817F0B5
:10B96000E2FC00230A90394603701A4A0B932846DA
:10B9700007AB1AF0B7FADDE909131B78FBB90846E3
:10B98000FAF732FF0A2301E03D4601232A4610213F
:10B990000EE042F60103404607A98DF81C60ADF8A1
:10B9A0001E3018F0C6FE0028C9D010232A461946BA
:10B9B00020461AF07AFA00200CB0BDE8F08120464B
:10B9C0001AF072F9F7E71120F6E70420F4E70E20E9
:10B9D000F2E700BF2DBB0100F0B51D4603680E461F
:10B9E0000039044618BF012187B0186817461BF0BC
:10B9F00059FD40B904F154001AF098FA002844D0D7
:10BA0000002007B0F0BD002D41D01822002168466B
:10BA100023F045FF47BB236829461B68284600934F
:10BA20000023ADF812300C9B1A4A0393BDF8343052
:10BA30008DF80860ADF8103001238DF814306B4696
:10BA40001AF050FA9DF81430C3B1002FD8D00198E5
:10BA5000FAF7CAFE002ED3D02A46122120469DF8BE
:10BA600014301AF022FACBE7002213212046FFF708
:10BA700077FC01900028CED11120C2E7019900295E
:10BA8000BED020461AF010F9BAE71220B9E701201B
:10BA9000B7E700BF615D03002DE9F0410B8A044662
:10BAA0000D46002B3AD00668012105F10C0017F075
:10BAB0007BFC737B0746072B30D154F8043C6BB3F7
:10BAC00000230178184E043C16F833004FEAC308EF
:10BAD000884206EBC30211D1298A5378994220D3B8
:10BAE000536829462046984703464644B278012ABF
:10BAF00014D19BB1397889B100220CE001331C2BA1
:10BB0000E2D10846FFF79AFB2122C24012F001025F
:10BB100004D119B1062320461AF0C7F90020BDE868
:10BB2000F0810423E1E700BFA42004002DE9FF41D8
:10BB30004FF000084FF4205305460E46006802A956
:10BB4000144617688DF80880ADF80A3018F0F1FD3A
:10BB5000A0B142F60103286803A98DF80C80ADF866
:10BB60000E3018F0E6FD48B123691BB15A88B24285
:10BB700000D25E80012004B0BDE8F08161682868D1
:10BB800018F0D7FD10B100232361F3E7E368A06844
:10BB90001A786AB1B7F82AC0798B038A8C4594BFAA
:10BBA000C3EB0C03C3EB0103934201DA0020E2E78D
:10BBB00004210C3017F0B7FB206106802369294669
:10BBC0005E80074B0194009338460023A2681AF068
:10BBD000DCFA0028EADB2069003818BF0120CAE738
:10BBE0008B5E03002DE9F347176805468946006818
:10BBF00051681446D7F804A018F09BFD8046002831
:10BC00004BD19522294650461BF02DFA0646207549
:10BC100040B1E3681B780BB184F81480002002B0B7
:10BC2000BDE8F087294650461BF075FC10B9082383
:10BC30002375F3E7A068267517F035FB02210C3059
:10BC400017F071FB164B2061A0F80090009301944F
:10BC5000334629463846A2681AF097FA002807DAD0
:10BC600010F1FF0F32BF0E204042C0B22075D5E761
:10BC70002369002BD2D0A06819F086FF7B8B7A8DC8
:10BC80009A4294BFC0EB0200C0EB0300E3681B784C
:10BC9000984294BF00200120C1E70120BFE700BF08
:10BCA000995B0300F7B5002304460E46002269465F
:10BCB00028480EF083FD0546D0B9FAF73FFA264B27
:10BCC00029461A58254B00981A602C2223F0E7FDCC
:10BCD000009B00221C60009C0023C4E90155C4E9BC
:10BCE00009551F4801A901950EF068FD054620B1D0
:10BCF0006FF00B05284603B0F0BD0146B022019855
:10BD000023F0CDFD0198174B83605C3022F079FA67
:10BD1000019B5433D3E8EF2FC3E8E15F0029F9D149
:10BD2000019B1C60636A019F1BB904F10C0022F0A7
:10BD300068FA626A07F1A803C7F8A820A26A6362DA
:10BD400002B9A3621722019B5A855A8304333360D8
:10BD5000D0E700BF742E002008000000DC5A00204D
:10BD6000902E0020182700202DE9F74F0646EFF30C
:10BD70001187202383F31288BFF36F8F414C204635
:10BD800019F0F8FE23680546009387F31188BFF386
:10BD90006F8F00285FD0FAF779FC182202FB00F3BE
:10BDA0003949C81851F803B003690021D0E90247A6
:10BDB000019390F80480B0F806A023F070FDA87AF3
:10BDC000FAF75CFC6969814651B16A7AD00705D4FB
:10BDD000D9F83020284612689268904700226A619C
:10BDE0002946484622F024FAB8F1000F23D014B3B4
:10BDF000236803B31B68F3B1BBF1000F1BD1201DF7
:10BE00001AF0BEFA4046FFF719FA052813D8DFE802
:10BE100000F025031225120304F15403D3E8AF3FC9
:10BE2000DA0708D5A36D33B14FF47022002304F173
:10BE300078000FF0A3F9009B6BB13146002022F08F
:10BE4000CAFA002807DA002383F31188BFF36F8F43
:10BE50000323184602DF03B0BDE8F08F54F8543BCB
:10BE60001D68D4E8AF3FDB07E5D5002FE3D0002401
:10BE700003E028460199B8470134A3B25345F8D3EB
:10BE8000D9E700BFE4590020EC59002007B50B4664
:10BE900000210246FAF752F901910E4909580E485D
:10BEA0000068884204D00D48D0F8D000884201D103
:10BEB0000022134601A90A480EF080FC014638B959
:10BEC0001C22019823F0EBFC019803B05DF804FB01
:10BED0000020FAE708000000DC5A0020E0490020BA
:10BEE000E42E002010B50446806818B1FAF77CFCF7
:10BEF0000023A3602146BDE81040014822F09DB810
:10BF0000E42E00202DE9F743044678300F46904692
:10BF10001E4622F09FFAA06D48B9201D00F028F8B7
:10BF20001321606803B0BDE8F04319F0B9BB0F4BB3
:10BF300098424FF0000317D045684360A06DD0F8D9
:10BF40001890FFF7CFFF00232068A36519F063FE68
:10BF50003DB12068CDF8009043463A46314600682E
:10BF6000A84703B0BDE8F0831D46ECE7E05A002087
:10BF7000F7B550F8044C0546002C55D000F1A4014B
:10BF800004F1240019F0B9FF2E1F05F15807002213
:10BF9000002338460EF0D2FD024658BB6B6D2BB124
:10BFA00001466FF067033046FFF7ACFF002345F80A
:10BFB000043C05F15003D3E8EF1F21F00101C3E871
:10BFC000E21F002AF7D1636A73BB04F10C0600225A
:10BFD000002330460EF0B2FD78B9666886B9214676
:10BFE0001248266022F029F8286803B0BDE8F04026
:10BFF00001F0D8BAFAF7F8FBC9E7FAF7F5FBE6E77C
:10C00000A26833689642636008BFA36077683FB157
:10C01000B3696FF067010093002320681A46B847A0
:10C020003046FFF75FFFD8E703B0F0BD742E002065
:10C0300038B5836D044623B3164A934221D0CB68AA
:10C04000DD78F5B1052D406815D00F2D1AD1437A52
:10C05000012B17D8022119F067FB08B1103011D15C
:10C0600004F1780022F0F6F9A26D137C43F001038D
:10C070001374002038BD437A032B03D8064AD15CE1
:10C08000E9E70E2500222B4611462046FFF73AFF2E
:10C09000EFE700BFE05A0020583F040010B50C46FF
:10C0A00008B301B31AF09DF9E8B1436A3BB153F804
:10C0B000A82902B1A83A996D8C4206D062B9043021
:10C0C000214619F01AFF204602E02046064A9A65EA
:10C0D000BDE81040FFF706BFD2F8A81001B1A8399B
:10C0E00013460A46E7E710BDE05A0020F8B51D46A2
:10C0F0000F461646FAF7CAFA1823044C03FB004011
:10C100000123C0E90376C3800575F8BDEC59002012
:10C1100010B51846144603491022A04700EAE07003
:10C1200010BD00BF78400020F8B506460F46002439
:10C13000094D15F8013CB34207D1294638461AF09B
:10C14000F8FA10B105482044F8BD1034A02C05F1D0
:10C150001005EED10020F7E72D5B00202C5B0020BE
:10C16000F8B506460F460024094D15F8013CB342C8
:10C1700004D1294638461AF0DCFA30B90C34782C50
:10C1800005F10C05F1D10020F8BD02482044FBE781
:10C19000C13F0020C03F0020F8B506460F460024EE
:10C1A000094D15F8013CB34207D1394628461AF02B
:10C1B000C0FA10B105482044F8BD0C34782C05F1C4
:10C1C0000C05EED10020F7E7816D0020806D002086
:10C1D00038B514460D4B82680D469A4211D122792A
:10C1E0002168C0681AF0ADFA58B1D4F8C8302F2BC6
:10C1F00009D804EB83021581018901335181C4F808
:10C20000C830012038BD0020FCE700BF9DC60100FA
:10C2100038B50C4619466BB103F114055B698AB950
:10C22000E268A360954200D1E36000230D681A46DE
:10C230004B61A847A3685BB9601C0649BDE838405C
:10C240001AF0B3BA1360E3689D4208BFE260ECE7FE
:10C2500038BD00BFA13E040070B5204B1446826873
:10C260009A420FD1A568C66875B92279304621680F
:10C270001AF067FA024628B1194901301AF095FA06
:10C2800015701581012070BDE0680028FBD02B8857
:10C290008B420AD0F6D2E068A36801380433E0602C
:10C2A000003818BF0120A360EDE7256822792946F0
:10C2B00030461AF046FA024660B9304608491AF08C
:10C2C00040FA02460028E6D0294601301AF06DFAFD
:10C2D00023791370A3685B881381DCE79DC6010096
:10C2E000A13E0400F8B5054600260B4C2746621C0B
:10C2F00065B9104609491AF01CFA28B901360A2E08
:10C3000004F11004F2D100273846F8BD2846217800
:10C3100019F045FAF1E700BF2C5B0020A13E0400B4
:10C3200070B54A1C0C46054688B910460D491AF0EE
:10C3300000FAA8B904F10A0604F10B025DB128461F
:10C34000A17A19F02CFA00B90026304670BD0978A0
:10C3500019F025FAEDE7104602491AF0EAF9F2E77A
:10C360002646F2E7A13E0400F8B5054600260B4C30
:10C370002746621C65B9104609491AF0DAF928B94E
:10C3800001360A2E04F11004F2D100273846F8BD18
:10C390002846217819F003FAF1E700BFD85B0020A6
:10C3A000A13E04002DE9F04106460F46904618F0E4
:10C3B000B5FC50B339463046FFF7D2FE054678B992
:10C3C0000446134A10461AF043FAC0B90C225443EB
:10C3D000104A601C394610441AF0E7F9A5181655A2
:10C3E000012105F1080001FA08F11AF0C8F9BDE8C9
:10C3F000F0414FF40042002307480EF0BFBE013465
:10C400000A2C02F10C02DDD1EAE7BDE8F08100BFA1
:10C41000C83F0020C03F0020384000202DE9F041F7
:10C4200080460F4616461D46FFF7B6FE044648B93D
:10C430001649FFF7B1FE044630B3394600F8018BC8
:10C440001AF0B3F923899BB962899AB9268165816B
:10C45000254615F8010B294618F060FCA0B12246CC
:10C460002946BDE8F041042312F8080BFBF7A4BCF1
:10C47000B34204D86289AA4206D2B342E7D963899B
:10C480002681AB42E4D2E2E7BDE8F081A13E0400A0
:10C490002DE9FF410E4617469846044628B96FF02D
:10C4A0001505284604B0BDE8F08102A918F019F975
:10C4B00005460028F3D1204601A916F010FD019889
:10C4C000D0B9002002A9FFF767FE0446D8B9002EB4
:10C4D000E7D01149FFF760FE0446D0B1002302A95E
:10C4E00000F8013B1AF061F90422404604F108010A
:10C4F000B84700EAE075D4E70A22294613F0D8FBD2
:10C500000028DED0CBE7002EEED1066046608660C4
:10C51000C7E76FF00B05C4E7A13E040070B50E4BF2
:10C52000144682689A4214D1C56821686E1C304650
:10C530001AF0FFF818B1304661681AF036F90B3579
:10C54000284621681AF0F5F818B1284661681AF0F3
:10C550002CF9012070BD00BF9DC6010008B513462F
:10C560008168074A914209D11A791968C0681AF09E
:10C57000E8F818B10023036043600381012008BD7F
:10C580009DC601004FF4A472002301480EF0F6BDD1
:10C590000041002008B5042108481AF0F0F86FF0B7
:10C5A000020106481AF0F6F804481AF051F9C307D8
:10C5B00001D5FFF7E7FF002008BD00BF3041002094
:10C5C000024608B5074901301AF0EFF800230C3293
:10C5D00002F8043CD2E8EF1FC2E8E03F0028F9D19E
:10C5E00008BD00BFA13E04002DE9F047284B1646C8
:10C5F000826807469A422BD1C568AB8A43B34FF095
:10C6000000086C1C05F11509B4F807309BB12246EF
:10C61000304614F8011C19F0C2F8E0B9214614F8AC
:10C62000010CFEF73FFB30B1437B072B08BF48F0FE
:10C630000108FDF719FF0A344C45E5D1B8F1000FA8
:10C6400006D1AB69A5F8148013B141463846984726
:10C650000120BDE8F08706F1700A5146307A18F0E3
:10C660005DFB78B90B4B9D4202D130461AF059FA66
:10C67000204609491AF099F8002304F8013CA4F86F
:10C680000730D8E7514620461AF08FF8D3E700BFAD
:10C690009DC6010078270020A13E04002DE9F04747
:10C6A0001F46BDF8203006468846D1F80C90002B76
:10C6B00046D17B1E012B46D8012F49460CBF157869
:10C6C0001588FFF72DFE044678B915B93846BDE840
:10C6D000F0874946FFF724FE0446B8B306F170011F
:10C6E00001301AF062F8337A2370D9F81C30DBB9C4
:10C6F000B4F808A02581B9F81430AB4203D04946FC
:10C7000040461AF0A8F8AA4505D00022307A06F172
:10C710007001FFF747FE002DD8D10E49601C1AF0BA
:10C7200044F825702581D1E72A464146304698478E
:10C730000028CCDB01380128DAD96FF00D00C6E7FC
:10C740006FF00600C3E76FF00C00C0E76FF0100059
:10C75000BDE700BFA13E040073B50C4605460821A5
:10C7600004F1100016461AF00AF81223042231468A
:10C77000CDE9003228462246024B1AF0F8F902B001
:10C7800070BD00BF996C030008B50121114819F074
:10C79000F6FF10F0010F104B0AD1104A9A610D48B4
:10C7A0001AF056F8830713D4BDE80840FFF7EABE35
:10C7B0001A8B588B012A4FF6FF7205D8904207D08A
:10C7C0004FF6FF725A83EAE790421983E7D0F7E702
:10C7D00008BD00BF30410020E04000200100FFFF05
:10C7E00010B56FF0020104460E4819F0D3FF0D4852
:10C7F0001AF02EF8C20704D5002200230A480EF0D2
:10C80000BDFC204619F04BFF58B12046FFF76AFDEA
:10C8100038B1037ADB0704D5BDE8104001211AF0D6
:10C8200060BA10BD304100200041002070B50025E5
:10C830000A4C661C0A49304619F07BFF014630B9A4
:10C8400020461AF03EFA314620781AF015FB0135E1
:10C850000A2D04F11004ECD170BD00BF2C5B002048
:10C86000A13E0400012110B51A4819F088FFC30742
:10C870002ED40221174819F082FF084007D116492B
:10C88000164A0B88164CA2421CD300B10B801549E6
:10C89000154821F0D1FD4FF4A47200231248FBF794
:10C8A0005DFB1249124821F0C7FD0221114819F021
:10C8B00066FF1148114921F0BFFDBDE81040104846
:10C8C000FEF75EBB5068083203449BB20120DAE7F2
:10C8D00010BD00BFCC5B0020F86D002054070400A1
:10C8E0006C0704008F6F030088400020F5CE010024
:10C8F0000041002030410020384000201F7003001C
:10C900005027002000234360044B021D596811B9D1
:10C91000C3E9002270470A605A607047D05B00206C
:10C9200003462DE9F04148B1008A38B901244FF09F
:10C93000140C1149DFF844E0714501D3BDE8F081E2
:10C94000D1E90076BB4204D30CFB0672143A934241
:10C950000ED93444A2B214460831EDE70CFB057839
:10C96000434507D001356219AE4292B2F6D1F2E7E3
:10C970000025F8E71046E1E7540704006C070400BF
:10C980002DE9F74F99464FF6FF73BDF83050074633
:10C99000002D08BF1D46244B90461B880091834202
:10C9A0003CD203B0BDE8F08F73682344BB4232D25F
:10C9B0009CB208361D4B9E42F6D3F2E7404689589A
:10C9C000019317F0B6FE019B90B101340AF1010A00
:10C9D000A4B273685345ECD9009B9C42E1D8BC4299
:10C9E000F3D30BFB0AF231688B18B8F1000FE5D1D5
:10C9F000B9F1000F0BD1013D1846ADB221460E9A98
:10CA00000D9B9847002DCCD00028DED1C9E7DA680D
:10CA10009145DAD1EFE74FF0000ADAE701244FF051
:10CA2000140B034EC6E700BFF86D00206C0704002E
:10CA30005407040030B5E5B01022002101A822F00F
:10CA40002EFF182200210DEB020022F028FF4FF4E8
:10CA50001053ADF814308023ADF816304FF48063D6
:10CA60001D4D01A9CDE90735102262AB05A810F0D4
:10CA70005BF80CAC014660BB4FF4AC72204622F070
:10CA80000EFF2A462046629922F024FB08BB23466B
:10CA90004FF6FF710120114A1AF06EFA102220465B
:10CAA0000F4905AB22F02BFB054662980FF0F6FF0D
:10CAB0007DB908220A4B03F11001187811F8014DD5
:10CAC000013A03F8014B0870F7D10821054819F025
:10CAD00056FE65B030BD00BF0002C003EF6B03001F
:10CAE00068400020304100202DE9F04119490446FA
:10CAF000A1F1300015461E46BDF8187021F0BDFCAE
:10CB0000154819F0A5FE010707D4FFF793FFFFF7BB
:10CB10008DFE10211148FBF791F92046FFF7E2FB4B
:10CB200068B1037ADA070AD500F10C04204619F03F
:10CB30008FFEC30703D40221204619F020FE1023E4
:10CB40003A46069331462846BDE8F041034B19F0BA
:10CB50003FBF00BFB84000203041002068400020A7
:10CB600010B51B4819F074FEC0F3C00080F001043A
:10CB700008B9FFF75FFF164819F06AFE034614482C
:10CB800019F066FEDA0621D5830608D5F4B1FFF761
:10CB90004DFEBDE8104010210E48FBF74FB9202193
:10CBA0000B4819F0ECFD10220A49881822F086FE85
:10CBB00048B9094821F04EFCBDE810406FF0010172
:10CBC000034819F0E7BDFFF7DFFDE0E710BD00BF48
:10CBD00030410020684000200041002008B51021AD
:10CBE000034819F0CCFDFFF7BBFF002008BD00BFD4
:10CBF000304100202DE9F041B8B00C4616462149DD
:10CC00006A463E981F4616F046F9002837D0009D28
:10CC100001A9284616F063F965B1019870B900239F
:10CC20000DF10808284641468DF8143017F059FDDB
:10CC3000054650B16FF0150425461AE00A2200217E
:10CC400013F036F80028EAD0F4E7CDF81080A4B14C
:10CC5000C022384608A9B047041EEDDBA40808AB83
:10CC6000CDE906344FF6FF710120074A04AB1AF0F4
:10CC700083F9284638B0BDE8F0812346F0E76FF02D
:10CC80001505F6E76438040059C20100002330B5E9
:10CC9000B5B001918DF808003393044601AB0D4601
:10CCA00001204FF6FF71074A1AF066F9339B3BB13A
:10CCB0009B0003AA29462046FBF7AAF835B030BDF1
:10CCC0001A46F7E7D1C101002DE9F34100F17008E0
:10CCD000CDE9001204460F46007A4146164618F088
:10CCE0001DF805466B464FF6FF7101200C4A1AF0FD
:10CCF00043F91DB14146207AFFF7C8FF3946207A33
:10CD0000FFF712FA40B13146013019F04EFD1DB166
:10CD10004146207A1AF0B0F802B0BDE8F08100BFB9
:10CD20001DC50100002307B50193FFF7F9FD411C64
:10CD300089B20846034A01AB1AF01EF9019803B004
:10CD40005DF804FBE36603002DE9F84315468946C8
:10CD50009422696806461AF086F98046002842D176
:10CD60000222304669681AF0B9F900283ED04FF423
:10CD700070200021AF8AFFF789F80237044680B19E
:10CD80001D211C4B47613A464174C0F80C8043603A
:10CD90008561304619F057FB074638B92046FFF742
:10CDA000A1F86FF00B052846BDE8F8830123424641
:10CDB0004146FFF79BF9A98A07F10C00023116F0F2
:10CDC000B2FA20F8029BAA8A296922F042FD214684
:10CDD0003046A76019F02DFC05460028E3D0204618
:10CDE000FFF780F8DFE74FF0FF35DCE76FF0150560
:10CDF000D9E700BFE966030070B505468AB03A4836
:10CE000019F026FD42070C4667D515B16B7B072B41
:10CE100066D1666830460596FFF782FD2268ADF858
:10CE20001800002A2FD005A9029130490023019152
:10CE3000012100914FF6FF710593FFF7A1FD059EBB
:10CE40001EB96FF001000AB070BD66600023306843
:10CE50008DF8103042F6030304A9ADF8123017F034
:10CE600068FC40B90598C3689B799B0608D51AF001
:10CE70003CF8ADF8180005981AF0DEF8606028B9A3
:10CE80006FF01500DFE70028E0D1DAE7BDF8180001
:10CE90003DB10123014622462846A375FFF754FF02
:10CEA000D1E76FF07F0307930223ADF8203042F6FD
:10CEB0000213ADF8123005ABA57502930C4B4FF67B
:10CEC000FF710193012304AA00932B4609948DF866
:10CED0001050FFF755FD0798B5E76FF00A00B2E76D
:10CEE0006FF07F00AFE700BF7821002017670300D5
:10CEF00025D1010073B5044650F8083C00F1300517
:10CF00006FF00101A0F120062846019319F042FCC0
:10CF10000D4B002044F81C3C0C4B314644F8183CA7
:10CF200001AB44F8103C042324F8080C24F8060C48
:10CF300024F80C3CFFF760FF18B90221284619F0CD
:10CF40001EFC02B070BD00BFC0210400E1C701009B
:10CF50002DE9F047304B1746826806469A4258D171
:10CF6000D0F80C803C6808F1010508F11509B5F806
:10CF70000730FBB12A46204615F8011C18F00FFCBB
:10CF8000C0B14FF49572314620461AF06CF8A8B142
:10CF900003280FD0052820460CBF4FF0030A4FF09E
:10CFA000020A18F0F6FB824508D93B79534501D2B5
:10CFB00087F804A00A354D452BD0D8E741463046C6
:10CFC00019F049FC154B984523D1207A04F17001E2
:10CFD000FFF7E2F80546E0B103890BB94389C3B115
:10CFE0002046FDF75BFB2A890D4B0E4923F82020D4
:10CFF0006A8903EB80035A80182202FB00110B613F
:10D000000423094A20464A60084A8B828A60FFF757
:10D01000F3FE0120BDE8F0879DC6010078270020BF
:10D02000786D0020FC5A0020C0210400876D0300A9
:10D0300070B504468AB0384819F00AFC42070D461C
:10D0400063D514B1637B072B62D16E6830460596B9
:10D05000FFF766FC2A68ADF81800002A2FD005A952
:10D0600002912E4900230191012100914FF6FF7199
:10D070000593FFF785FC059E1EB96FF001000AB00D
:10D0800070BD6E60002330688DF8103042F60303E7
:10D0900004A9ADF8123017F04CFB40B90598C368ED
:10D0A0009B79DB0608D519F020FFADF8180005982C
:10D0B00019F0C2FF686028B96FF01500DFE700289B
:10D0C000E0D1DAE7BDF818002CB101462A46204627
:10D0D0001AF097F8D3E76FF07F0342F60212079336
:10D0E0000123ADF8122005AA02920D4AADF82030B6
:10D0F000CDE900324FF6FF71234604AA09958DF859
:10D100001040FFF73DFC0798B9E76FF00A00B6E75B
:10D110006FF07F00B3E700BF78210020176703009E
:10D1200025D101002DE9F84F14463F4B8268804617
:10D130009A4238D1D0F80C903C4B99451BD100262F
:10D140003B4D28463B4919F0F4FA78B907222946A5
:10D1500015F8010CFDF7CEFD40BB236929461A697D
:10D1600015F8010C53881288FFF758F901360A2E7A
:10D1700005F10C05E5D109F1010709F1150AB7F828
:10D180000720A3899A420BD1394617F8010CFDF705
:10D1900089FD064620B1437B072B0AD0FDF764F9D1
:10D1A0000A375745EBD14FF0010B2AE0FDF75CF948
:10D1B000DCE7D9F8203023B14146984708B930461A
:10D1C000ECE794224146304619F04DFF8346002893
:10D1D000F5D1A389022B17D1B7F807309A0720D5CC
:10D1E00030462269A188FFF7AFFD054618B92269CC
:10D1F000937D013393753046FDF736F9002DA56018
:10D20000CEDA5846BDE8F88F012B0AD1B7F80730BF
:10D21000DB0706D530462269A18819F0F2FF0546E2
:10D22000E9E75D46E7E700BF9DC6010078270020DB
:10D23000816D0020A13E040073B5437B0446072B9B
:10D240000D461AD1061D4FF48031304619F097FA79
:10D25000C30315D402232046CDE900332A460A4BE6
:10D260000A4919F084FC044620B16FF4803130463D
:10D2700019F090FA204602B070BD6FF07F04F9E714
:10D280006FF07704F6E700BF9F6803001F67030095
:10D2900007B5437B0A46072B2CD14B683BB90823C3
:10D2A0004FF0040ECDE9003E144B154909E0012B67
:10D2B00011D0097B5B00019341B1202311490093F8
:10D2C000114B19F054FC03B05DF804FB0E230F4919
:10D2D00000930F4BF5E74B8933B10C234FF0040C4F
:10D2E000CDE9003C0B4BE0E70A230221CDE90031F8
:10D2F000094BDAE76FF07F00E5E700BF996A0300AA
:10D30000717203004F6903000B6903000F6903008A
:10D31000E3680300CB680300B7680300F8B5437BFC
:10D320000646072B0C4643D1FFF71EF8054600289A
:10D3300041D08368002B3ED000221746143B9C420C
:10D3400009D018892189884208BF47F001075B6925
:10D350001BB1143BF3E70122F9E762B304F11000BB
:10D3600019F076FA430703D5214630461AF016F82D
:10D3700077B104F1140105F1080019F0A8FBAB68BE
:10D380001BB90E49681C19F010FA57B9002007E0C4
:10D39000214630460A4AA781FFF7DEF90028E8D087
:10D3A000F8BD002321461A4630462568A847EDE718
:10D3B0006FF07F00F4E76FF01500F1E7A13E040085
:10D3C000B9670300012370B500F170058EB0044603
:10D3D00003902946007A8DF8103017F09FFC90B129
:10D3E000227A1AB302AE0421304614F0E6FA00960F
:10D3F00024210F4A2B4605A8FAF740FC05AA10463F
:10D400000C49F7F765FF4FF6FF7101200A4A03AB9D
:10D4100019F0B2FD204618F0BCF99DF810108842B2
:10D4200002D2204618F080F90EB070BD0092DFE7FE
:10D4300067380400F5CB010051CF01002DE9F04120
:10D440000D4B06461B680F46904623B153F804491E
:10D4500004B1043C0BB9BDE8F0811B681BB1424626
:10D460003946304698472CB1656805B1043D2346DE
:10D470002C46EFE72546FAE7D05B0020012337B5BD
:10D480000546009000F17001007A8DF8043017F025
:10D4900045FC78B94FF6FF7101206B46134A19F02D
:10D4A0006BFD0021284619F0FDFF08B9FFF76CF964
:10D4B00003B030BD2846FEF757FF0028EAD0846845
:10D4C000002CE7D0143C04F11003184619F0C0F901
:10D4D000020709D4184619F0BBF9830704D4214682
:10D4E0002846034AFFF738F96469E9E751CF01009C
:10D4F00045680300F7B504460D466B46264A009181
:10D500008DF804004FF6FF71012019F035FD294612
:10D510002046FAF78BFC002821DB2946204619F02B
:10D52000F1FA29462046FEF7FFFD08B1FFF748F85B
:10D5300029462046FAF764FC002810DB0026174F26
:10D5400017F8013CA34204D13946284619F0F1F8F6
:10D5500038B91036A02E07F11007F1D1002003B022
:10D56000F0BD0F4B1E44B368002BF7D053F814499D
:10D5700004B1143C002501E0234614460022314644
:10D5800010469D81FEF744FE002CE7D06269002A18
:10D59000F2D0143AF0E700BF5DC50100D95B00206E
:10D5A000D85B00202DE9F74F044603464FF6FF7184
:10D5B00001203A4A04F1700619F0DEFC3146207A67
:10D5C00019F0F7FC3146207A17F0A8FB50B1237A06
:10D5D0004FF6FF718DF8043001206B46304A0096FB
:10D5E00019F0CAFC2046FEF7BFFE074640B92046A8
:10D5F000FEF778FE054600283DD103B0BDE8F08F68
:10D600008568002DF3D055F81489B8F1000F01D0CA
:10D61000A8F114084FF00009CA4601E045469846B3
:10D6200005F1100B6FF00801584619F0B3F83146B8
:10D63000207A17F073FB80B92B464A4639462046BC
:10D64000A5F80CA0FEF7E4FDB8F1000FCFD0D8F894
:10D650001430002BE2D0143BE0E7584619F0F8F8FC
:10D66000C307E9D47B781BB13146781C19F09DF8CB
:10D6700005F11409E8E73146207A17F04FFB28B985
:10D68000284603B0BDE8F04FFEF79ABF3146681C4C
:10D6900003B0BDE8F04F19F088B800BFE9C501003C
:10D6A0005DC50100034B42689A4204BF8369198239
:10D6B000704700BF717203007FB54FF42052002302
:10D6C000ADF8162004AA02920A4A0120CDE90032E0
:10D6D0004FF6FF7105AA04938DF81430FFF750F947
:10D6E000049B012B14BF6FF01500002007B05DF8FC
:10D6F00004FB00BF1F75030010B50D4AD2F8EC30D3
:10D700001BB1D2F864327BB901234FF4BC7000FB2B
:10D710000320084C5B42C0F8F040002003F4BC73C7
:10D72000EC331A440A6010BD6FF00B00FBE700BF3A
:10D730003841002038220400014608B5084819F095
:10D740000CFF50B9074819F008FF28B10120064B1B
:10D75000404200F4BC70184408BD0020F7E700BF49
:10D760003C410020B442002038410020084B00F525
:10D77000B8701A68074BD0E8EF1F994204D1C0E88F
:10D78000EC2FBCF1000FF6D1D0E8AF0F704700BF0F
:10D79000405900203841002008B5FFF7E7FFF0B1FD
:10D7A000026842B1436833B1836813B90F4B1B78E9
:10D7B0003BB904200CE00D4B1B7813B10AB1836810
:10D7C0007BB98169436821B1181E18BF0120800010
:10D7D00008BD43B9002A14BF00200320F8E7032046
:10D7E000F6E70120F4E70220F2E700BFE56E002033
:10D7F00038B50446051D0821284619F00DFF0649D5
:10D8000004F15700FCF7BCFC20B12846082119F0B0
:10D81000DFFE082038BD00BF277B030038B5054672
:10D82000EC22002122F03BF8102105F1270017F02F
:10D830006DFE044648B90521284619F0EDFEFCF7B7
:10D8400091FC034B1860204638BD0824FBE700BF5D
:10D85000785C002070B504460E4686B0FFF786FF60
:10D8600004F137021146F368054603F1100053F83E
:10D87000046B834241F8046BF9D1237A052B40D81D
:10D88000DFE803F0172323033F6502AB454900930C
:10D89000096804F1270304F1570001F0A9F880BBDF
:10D8A0000A21201D19F0B8FEAB680299D4F8EC00EB
:10D8B000984720460D2119F0AFFE201D102119F0C8
:10D8C000ABFE204619F0FCFE19E094F8DC10D4F809
:10D8D000D83002ADCB40334903F00103009509680D
:10D8E00043F0800304F157001AF0A9FA48B9102256
:10D8F000294604F1170021F0E1FF20B1042006B011
:10D9000070BD0820FBE70321204619F085FE19F0C1
:10D91000D7FE0028F5D194F8DC300133DBB2142BAC
:10D9200084F8DC3009D10D21204619F075FE102154
:10D93000201D19F071FE0020E1E7102104F12700FD
:10D9400017F0E4FD003818BF0120C000D7E7102110
:10D9500004F1270017F0DAFD0028D2D105B3EB68F7
:10D96000F3B1114BE27A1B8812F0010FADF80830C9
:10D97000A37C08BF0320DB0703D5002814BF0120C8
:10D98000022000238DF80900C4E93833201D0C2142
:10D9900019F042FEEB68D4F8EC0002A99847CAE7F8
:10D9A0000220ACE7785C0020F408040073B5047A28
:10D9B0000546022C23D844B190F8DC30D0F8D8408A
:10D9C000DC4004F0010444F080040321284619F0EF
:10D9D00058FE0646A8B110210C3015F0A4FC0090AA
:10D9E0000F482346006805F1270205F157011AF098
:10D9F00026FA044650B13046F8F7F6FE01E0032C53
:10DA000002D0082002B070BD0024DEE7314628466F
:10DA100019F0EBFD281D214619F0DAFD2046F1E74B
:10DA2000785C0020F7B50446FFF7A0FE261D0546EA
:10DA30000E21304619F091FD38B9504B202219685B
:10DA400004F1570021F03AFF90B30C21204619F061
:10DA500018FE074660B340210C3015F064FC474BBC
:10DA600002461B68014603F1200053F804CB8342B1
:10DA700041F804CBF9D1203203F1200153F8040B13
:10DA80008B4242F8040BF9D13946204619F0ADFD1E
:10DA9000237A052B0CD8DFE803F0034F0E030B6C41
:10DAA0000421204619F0B8FDFFF780FF002852D06E
:10DAB000082003B0F0BD2046D4F8EC70FFF756FE06
:10DAC0004FF0FF330546019370B904210DEB0100BF
:10DAD00017F01CFD0028EBD1019B2948B3FBF0F1A6
:10DAE00000FB113001900EE08369002BEDD0384629
:10DAF0009847244AA0F57423A3F51073934201902C
:10DB0000D6D9431CE1D00023C4F8D80084F8DC3017
:10DB100055B12B6843B10B21304619F07DFD3846D5
:10DB20002B68D4F8D81098470321204619F074FDCB
:10DB30000E2119F071FD0EE02046032119F06CFD55
:10DB40000E2119F069FD30460A2119F065FD6B6858
:10DB5000D4F8EC0098473046072119F05DFD082005
:10DB6000FFF7EAFD40B9204603B0BDE8F040FFF7FB
:10DB70003FBE04212046DCE700209AE7785C0020C5
:10DB800040420F00BEBDF0FF70B505460E4605F1E0
:10DB90005704FFF7EBFD2246F36803F1200153F829
:10DBA000040B8B4242F8040BF9D105F1770203F123
:10DBB000200153F8040B8B4242F8040BF9D12046A4
:10DBC000FCF72EFA18B3281D0E2119F025FDD5F803
:10DBD000EC40D4F8A00080B9207A04F1700100F084
:10DBE00053FCC4F8A00040B9104B1C68B4B9281D00
:10DBF000062119F011FD204608E0438A03F02403B2
:10DC0000002BF1D0437C9B07EED4032070BD20464F
:10DC1000FCF712FA0028E7D10B20F7E72846FFF7B8
:10DC200001FF003818BF0120C000EFE7785C00203A
:10DC300038B5134B05461B78E3B101F00F042846B5
:10DC4000FFF7AAFD0F4B03281B780CBF04F00B0451
:10DC500044F0040405F5BA70D0E8EF2F013203D187
:10DC6000C0E8E13F0029F7D1D0E8AF3F2BB144F045
:10DC7000010038BD01F00704E1E704F0FE00F8E719
:10DC8000E56E0020072E0020F8B50D460446D0F8BA
:10DC9000EC70FFF76BFDED68EB78102B01D00620E0
:10DCA000F8BDD7F8A030002B73D0261D0F213046C9
:10DCB00019F053FC20B92046FFF7B0FD002871D1C0
:10DCC000012363722B682046C4F80A30AB88E381D5
:10DCD00002232374A978FFF7ABFFE0742046FFF717
:10DCE0005BFD1023607423752B7903F003036375C8
:10DCF0006B7903F00103A375E37C1A0754D4052163
:10DD0000304619F02AFC00285CD0574B1B78A374CE
:10DD1000E37C980606D5AB78990603D514213046E6
:10DD200019F07AFCE37CDA074ED5AB78DB074BD5EC
:10DD30000D21304619F070FCA37D032184F8E830F2
:10DD4000637D304684F8E93019F066FC237BE17C82
:10DD50002D7803EA0102100704D5E27AA07C024381
:10DD6000D20735D4042D35D80B4313F0040307D064
:10DD70002046FFF711FD3D4B05EB85052B441B5C51
:10DD800023722046D7F8A01019F0EDFB20BB03202A
:10DD900086E7387A07F1700100F076FBC7F8A0003B
:10DDA000002882D108207BE7AB781B07A7D5052187
:10DDB000304619F031FC637D03F0020363750023E4
:10DDC000A3759CE72A4BA1E700236375A375B3E70E
:10DDD0000523D5E70023D3E7D4F8EC309B7A032B57
:10DDE00033D022D8013B012BDCD80521304619F075
:10DDF000B4FB0028CBD00C21204619F00DFC0221E9
:10DE000019F03FFC05460028CCD006210C3015F057
:10DE10008AFAD4F8113029460360B4F815308380AB
:10DE2000204619F0E2FB00203AE7042BBAD1237D0B
:10DE3000627B934228BF1346102B7FF430AF05213D
:10DE4000304619F08AFB0028A1D0237A002B9ED0FF
:10DE50000521304619F081FB0028C6D1237A013B09
:10DE6000012BC2D893E700BFE76E00207C3F04007F
:10DE7000E66E002038B504460D49A0F1EC0554309B
:10DE800020F0DAFA284619F058FD0A4A04F1840312
:10DE9000D3E8EF1FC3E8E02F0028F9D14FF0FF339C
:10DEA0008834D4E8EF2FC4E8E13F0029F9D138BD28
:10DEB000657C0300384100202DE9F041C778044615
:10DEC000012F04D06FF015042046BDE8F08119F051
:10DED0003DFB0546002800F0A980061D04213046C0
:10DEE00019F03BFB002840F0A4800321304619F0D4
:10DEF00034FB10B16FF00F04E6E73946304619F0F5
:10DF00002CFB0028F6D12846FFF730FCD5F8EC3082
:10DF100007469B7A032B40D030D8013B012B46D9D2
:10DF20000F21201D19F019FB0028CBD1D4F8A00037
:10DF300090B904F170073A462020217A00F07CFB6A
:10DF4000C4F8A00040B93A460420217A00F074FBDE
:10DF5000C4F8A0000028B5D0438A13F0240FB1D034
:10DF6000A27A022A23D9417CC907ABD5032A1ED045
:10DF70009B06A7D5037C102BA4D118E0042BCFD18E
:10DF80002846FFF709FC032804D1002FC8D0FB68FE
:10DF9000002BC5D0284B1B7807E02846FFF7FCFB79
:10DFA000032804D1002FBBD0FB68002BB8D0D4F8D5
:10DFB000A0303BB12846FFF731FC044670B16FF04A
:10DFC000680481E7207A04F1700100F05DFAC4F87A
:10DFD000A0000028EED16FF00B0475E70B21284656
:10DFE00019F04FFB07460028E9D001210C3015F04D
:10DFF0009AF9092180462846FFF71AFE2346224651
:10E0000088F80000394605F1EC0017F01BFD0446C6
:10E0100018B13846F8F7E8FB56E730460F2119F0FB
:10E02000FBFA0121284619F0F7FA4DE76FF07F045B
:10E030004AE76FF0040447E7E56E0020F8B5D0F832
:10E04000EC400546D4F8A030061D002B74D079BBF7
:10E050000D21304619F081FA074620B1D4F8A0000E
:10E0600008B119F0CCFE374B1B6823B153F80C698B
:10E0700006B10C3E73B9284619F05FFC637B072B91
:10E080005ED1627AA37A9A425AD02046BDE8F8401F
:10E09000FFF712BF1B6813B13946204698472EB1CF
:10E0A000F26802B10C3A33461646E3E73246FAE725
:10E0B0000139C9B20E2998BF234A1B7C8CBF09279E
:10E0C000575C002B31D1D4F8A00019F085FE002355
:10E0D000C4F8A0300221304619F03FFA48B9072FA2
:10E0E00094BF1A4B1F213A46204698BFD95DFCF7D2
:10E0F00077FD0321304619F030FA0028BBD0114BD0
:10E100001B68002BB7D053F80C6906B10C3E002BEE
:10E11000B1D05B6813B139462046984776B1F268B2
:10E1200002B10C3A33461646F1E70221304619F0A7
:10E1300014FA0028C7D1CDE70927CBE73246F1E72B
:10E14000F8BD00BF385900206D3F04005C3F04005B
:10E15000174B10B5044618604FF0FF324FF0FF33F5
:10E1600014480CF029FC14480DF00EF811480CF07E
:10E1700095FCDCB10621114819F0EFF938B11048CF
:10E18000FFF750FC18B108210D4819F085FC062155
:10E190000C4819F0E2F948B10B48FFF743FC28B1ED
:10E1A000BDE810400821084819F076BC10BD00BF3A
:10E1B000785C00209C270020B02700203C410020F4
:10E1C00038410020B4420020B04200202DE9F04147
:10E1D0000B8A04460E46B3B3012106F10C0015F07C
:10E1E000E3F8A4F1EC05E83C07460421204619F0C9
:10E1F000B4F940BB39780E2925D8DFF8508058F89B
:10E20000313023B90721284619F046FC1BE0284687
:10E2100019F080FB30B90321204619F09EF990B126
:10E220000821F0E73B78318A08EBC302127991426A
:10E2300001D00A21E7E73146284658F8333098479D
:10E2400001460028DFD10020BDE8F08160220400F3
:10E250002DE9FF4190F8E930CF6823F0020380F800
:10E26000E9303B780446D0F8EC6023B1BB7903F089
:10E27000C003C02B73D106F170080722394640460F
:10E2800021F01CFB88B13946307A00F04DFA054682
:10E2900058B10146204619F066F918B9082004B0B3
:10E2A000BDE8F081284619F097FD0D21201D19F0D9
:10E2B00054F900283FD042460220317A19F078FD07
:10E2C00005460028EAD0F378002B41D106F17E0301
:10E2D0001878012827D19A7902F0C002402A22D169
:10E2E000D3F80120C5F83E20B3F80530A5F8423038
:10E2F00096F87030BBB196F8763003F0C003C02BAF
:10E3000011D0194901AACDE901870395FCF76AF9F3
:10E310003B683046C5F80130BB88A5F80530BB79AD
:10E32000EB71FCF72DFC00212846FAF73FFEC0B93F
:10E330002846FAF74DFE94F8E9305B0703D50A2129
:10E34000204619F069F9B4F8E81021B10020A6E7D9
:10E3500006F17703BCE72046FFF770FEF6E70A20D8
:10E360009DE703209BE700BF717903002DE9F04191
:10E370000546A0F1E80604460F463046012155F84F
:10E38000EC8919F0C7FA00285BD0DFB103213046D1
:10E3900019F0E3F8002854D03846FAF75DF901384F
:10E3A000C0B208288CBF00242B4B4FF0020198BF4D
:10E3B0001C5C304619F030F921462846BDE8F04192
:10E3C000FFF73CBE98F80B30002B3AD003213046C3
:10E3D00019F0C3F820B92846BDE8F04119F0ADBAEC
:10E3E0000521304619F0B9F8B8B114F8043C1F07FC
:10E3F00007D514F8033C180703D51121304619F04E
:10E400000BF914F8043C23F0080304F8043C14F856
:10E41000033C23F0080304F8033C14F8033CD90739
:10E4200011D50621284619F0F7F80221304619F0D7
:10E43000F3F82368D3F8A0301BB134F8041C00298A
:10E44000BBD0BDE8F0819A0701D50821EAE75B0758
:10E45000EBD50A21E6E700BF643F0400012208B5BE
:10E46000034B04481A70FBF71FFE002008BD00BFD5
:10E47000E56E0020B82700204FF4107200210148FB
:10E4800021F00DBA845C00202DE9F74F07460E46B7
:10E4900000250824DFF8188118F8013CBB420BD195
:10E4A0003146404619F075FC30B148233A4803FB29
:10E4B000050003B0BDE8F08F082C06D1404637496F
:10E4C00019F067FC002818BF2C460135082D08F10B
:10E4D0004808E1D1082C304D40D14FF00008A94642
:10E4E0004446C346EA46524601202D498DF800B005
:10E4F0008DF80180FCF776F89DF8003033B944B30D
:10E50000D9F84420636C9A4238BF4C4608F10108A0
:10E51000B8F1080F09F14809E5D1C4B1D4F80100F8
:10E52000B4F80520E37900905146207804F1010801
:10E53000AAF804208AF80630FAF76AF84046174924
:10E5400019F027FC18B1641BB4F5FC7F03D9002037
:10E55000AFE74C46DAE7134BE4105C4348235C43D7
:10E560002F553168621CA950AB18B28828199A80BF
:10E57000B2790D349A711123062203732A550022B1
:10E580002B19A3F80120084A136801331360436470
:10E59000064B18608DE700BF845C0020A13E04009C
:10E5A00065E70100398EE338805C00207C5C002048
:10E5B000855C00202DE9F34105460E4617460D4CBB
:10E5C00004F51078638A7BB12378AB420CD1D4F880
:10E5D0000100B4F80510E2790090ADF80410684627
:10E5E00039468DF80620B04748344445EAD102B098
:10E5F000BDE8F081845C00202DE9F04105460E461F
:10E600001746074C04F51078638A2B4202D039462E
:10E610002046B04748344445F6D1BDE8F08100BFFC
:10E62000845C002008B5002202200249FFF7E4FFC5
:10E63000002008BDA37D03002DE9F04106460F46EA
:10E64000904600240C4DB5F8113033420CD015F82B
:10E65000013CBB4208D14146284619F09AFB18B14B
:10E6600006482044BDE8F0814834B4F5107F05F138
:10E670004805E8D10020F5E7855C0020845C002097
:10E680002DE9F0410B780746012B0D4602D0002002
:10E69000BDE8F0818B7903F0C003402BF7D1002453
:10E6A0001E4E01F1010836F82C3C9A070CD516F8DD
:10E6B0003E3CBB4208D106223146404621F0FEF8DE
:10E6C00010B917482044E3E74834B4F5107F06F149
:10E6D0004806E8D10024134E05F1010836F81C3C29
:10E6E0009B0714D516F82E3CBB4210D1414630464C
:10E6F00015F0CDFF58B10A4BD5F8010004F13E02E8
:10E700009850D118B8F80420E0188A80C0E748343F
:10E71000B4F5107F06F14806E0D1B8E7C25C0020EE
:10E72000845C0020B25C0020F8B506460F46002449
:10E730000A4D15F8013CB34207D13946284619F075
:10E7400028FB10B106482044F8BD4834B4F5107FCA
:10E7500005F14805EDD10020F6E700BF855C0020FB
:10E76000845C002038B5427B0C46072A10D1057A1C
:10E7700017F03DF801462846FFF7D6FF40B1482183
:10E780006278044B01FB0233984204BF01232370DB
:10E7900038BD00BF845C0020F0B50646144618461C
:10E7A00093B0002E51D03C2203A9A047041E4CDB9D
:10E7B000304601A915F095FF0546002845D1694668
:10E7C000304614F08CFB0098002838D1002C3FD044
:10E7D000002001A9FFF758FE0346002800F08680BC
:10E7E0003C2C9DF80C2053D0102A3ED8382C69D1EF
:10E7F00040F2116203AEC26000F1100411AF324664
:10E8000003CABA4220606160164604F10804F6D1DA
:10E81000D97BB3F80D2042EA0142062A52D15A7C34
:10E82000D10705D512F0300F04BF22F001025A744F
:10E830005A6C304B19688A4214D91A6012E00A22C5
:10E84000294611F035FA0028C0D06FF0150509E00F
:10E8500021463F2001AAFFF7EFFE18B148222146CA
:10E8600021F01DF8284613B0F0BD382C2AD103AE94
:10E8700000F10C0411AF324603CABA422060616055
:10E88000164604F10804F6D11A7B112AC0D019E00B
:10E89000102A1BD840F2116203AEC2600FAF00F124
:10E8A0001002344603CCBC4210605160264602F18F
:10E8B0000802F6D1206810605A8A02F02201900600
:10E8C0005982A5D4184619F087FABEE703AA00F1C9
:10E8D0000C0411AF164603CEBE4220606160324682
:10E8E00004F10804F6D130682060CDE76FF00B0525
:10E8F000B8E700BF805C002008B5FFF715FF48B1FE
:10E90000054A1368834205D0044910600B6801333F
:10E910000B60436408BD00BF7C5C0020805C00206D
:10E920002DE9F0438446894616462F4C9BB01D4680
:10E93000DDE923870CAB04F1300E1A4620686168CC
:10E94000083403C274451346F7D12068614610604D
:10E95000227904A81A71202219F059FA6B46202254
:10E96000224804A900F072F80446C0BB10224946B0
:10E970000DF1350019F04BFA102231460DF145002A
:10E9800019F045FA294611F8013B06220DF156000F
:10E990008DF8553019F03BFA2299062211F8013B07
:10E9A0000DF15D008DF85C3019F031FA43463522E7
:10E9B00068460CA900F04AF8044680B9404619F0B0
:10E9C00030FA012335228DF8303068463B460CA9D9
:10E9D00000F03CF8044610B9384619F022FA2046F7
:10E9E0001BB0BDE8F08300BFF6080400953F0400AB
:10E9F00070B50E461D46144698B00146202204A864
:10EA000019F005FA202231460CA819F000FA10225C
:10EA1000294614A819F0FBF910222146684619F07E
:10EA2000F6F96B465022684604A900F00FF840B989
:10EA3000039B054A1BBAB3FBF2F102FB11331C9A8C
:10EA4000136018B070BD00BF40420F002DE9F041C7
:10EA50008EB007460C4615460021182208A81E460F
:10EA600020F01DFF4FF41053ADF81C308023ADF89B
:10EA70001E304FF44063DFF844801022CDE909389E
:10EA8000394605AB07A80EF04FF820B16FF004002F
:10EA90000EB0BDE8F08106AB02931023224641463A
:10EAA000CDE9006305982B4620F056FB04460598F7
:10EAB0000DF0F4FF2043EBD0E8E700BF0002C003F5
:10EAC00010B5094C0A44914200D110BD11F8013B28
:10EAD00058400309E35C0001C0B243401809205CC0
:10EAE0001B01DBB25840EEE7A53F040030B50D4DE9
:10EAF00085B04FF0FF324FF0FF330B4801A90BF008
:10EB0000F7FE0028F5D1094CAC42F2D2236813B1CC
:10EB1000019A934203D1D4E9013101A898470C34FA
:10EB2000F2E700BF20080400983000201408040019
:10EB3000F0B517461E4685B001909DF82800DDE926
:10EB40000C5423462C432A468DF808008DF80910F2
:10EB5000ADF80A70039608D0F7F7F0FA0849D1F833
:10EB6000D040084909588C4201D10022134606487A
:10EB700001A91FF0B2FA00EAE07005B0F0BD00BFD5
:10EB8000E04900200800000098300020002330B544
:10EB90000E490F4CA14201D3002030BD0A689342B8
:10EBA00004D010694BB903801069438010690831A3
:10EBB0004388013343801346ECE71D69B5F90250E1
:10EBC00005801B691069B3F90230EEE79408040070
:10EBD000AC0804002DE9F04F0546934600261F4679
:10EBE0000369DFF87090B3F90280B3F90040DFF8F1
:10EBF00068A087B023B2984501DC304626E059F87A
:10EC000034305A6812783AB11AF8042022B90595BE
:10EC10001A782AB1012A07D0304606460134E9E7BE
:10EC200028469B689847F7E79B685A46019302A8D5
:10EC30003B461FF030FEDDE90223019805A91FF0D5
:10EC40004CFA0028E8D010F10C0FE6D107B0BDE86F
:10EC5000F08F00BF98080400943300202DE9F84F8E
:10EC60000A9F0546914698461FF03FFC0446A0BB0C
:10EC7000F7F764FADFF868B0064650F80B001FF0AB
:10EC80003AFC3860EFF3118A202383F31288BFF334
:10EC90006F8F2B69D9693B688B4207DD013956F8C4
:10ECA0000B0021EAE1710CF015FD01248AF31188B3
:10ECB000BFF36F8F286904304A4643460BF0AEFF1E
:10ECC000054638B134B1F7F739FA054B39681858A9
:10ECD0000CF000FD2846BDE8F88F0024EAE700BFED
:10ECE000080000002DE9F04387B004468946154628
:10ECF00098461FF0FAFB08B10025A84643462A466D
:10ED000002A81FF0A3FDDDE90267E36823BB0E2321
:10ED1000059305AB2A46009320464346FFF79EFF26
:10ED2000054600BB49466268206820F092FD3246E5
:10ED30003B462046FFF74EFF05462069059E0430FE
:10ED40000BF032FF0D2E0EDCF7F7F8F9084B1858D0
:10ED500031460CF0BFFC06E0484661689847002841
:10ED6000D5D16FF02205284607B0BDE8F08300BF7B
:10ED700008000000F8B5144687680546FB6B0E4690
:10ED800098472146002200230548F7F7A1FC0446D6
:10ED900000B1067628463B6C98472046F8BD00BF78
:10EDA0005C33002010F0080F0B4B42B20CD1002A4C
:10EDB0004FF0140200F00F0002FB0033B4BFD3F891
:10EDC0000806D3F808077047002AB4BFD3F8A8068E
:10EDD000D3F8A807704700BF006003500246F8B59B
:10EDE000EFF31181202383F31288BFF36F8F012487
:10EDF00000F0080519F0A7FC570604FA00F46FEAC2
:10EE000004061BD0D5B9174F3B6823FA00F0C007A2
:10EE100014D533403B6053B2DB4322F08000DB0F5C
:10EE200000F2DA301B0103EB40030F48C0F8003852
:10EE3000D0F8043843F00203C0F804380B480368E4
:10EE40003340036035B90A481206036854BF3340A3
:10EE500023430360044BC3F86C4481F31188BFF370
:10EE60006F8FF8BD1C5F002000600350205F002002
:10EE7000245F002070B5024619F065FCEFF31185A0
:10EE8000202383F31288BFF36F8F0124531E062BB8
:10EE900004FA00F40FD80F4E0F4B31681B680B4378
:10EEA000C34013F0010306D10C4802F594722143CC
:10EEB00040F8223031600A4A1368234313604FF44C
:10EEC0008002084BC3F8042185F31188BFF36F8FCC
:10EED00070BD00BF1C5F0020245F00200060035055
:10EEE000205F002000E100E0F8B50306044623D4CB
:10EEF00010F0080720D100F00F02920002F1A042AA
:10EF000002F55832D2F84434B3B1EFF3118620231E
:10EF100083F31288BFF36F8F19F015FC0123084D9E
:10EF200003FA00F12B68C2F8A07423EA01032B60F6
:10EF300086F31188BFF36F8F024BC3F81845F8BDF5
:10EF4000245F00200060035010B591F92000174B9A
:10EF50000028B4BFD3F81045D3F81445012391F825
:10EF6000202002F00F02934023420DD10F4A0028C7
:10EF7000B5BFD2F81005D2F8140503430343B4BF5C
:10EF8000C2F81035C2F8143591F820301A070AD4A7
:10EF9000064AC2F80C3543F48073C2F80C3591F878
:10EFA0002000FFF7A1FF002010BD00BF006003504C
:10EFB00091F82030064A13F07F0F0CBF012343F471
:10EFC00080734FF000000CBF5365C2F818357047CE
:10EFD00000600350EFF31180202383F31288BFF306
:10EFE0006F8F0C4B1A7802F0FF0332B10A49D1F847
:10EFF0002C2562B10022C1F82C2580F31188BFF3C3
:10F000006F8F002B0CBF6FF00A0000207047134673
:10F01000F3E700BFEB6E00200060035070B50646BA
:10F020000D4619F02BF8044619F031F828BB20469C
:10F0300019F051F808B3802D16D1437E9A0744BFCA
:10F040000E4A15705B070FD50D4B1B7813B90122C3
:10F050000C4B1A65204619F03AF80022014630465A
:10F06000BDE8704019F050B82846FFF703FF20466E
:10F07000BDE87040012119F00EB870BDEA6E0020A5
:10F08000EF6E00200060035070B506460C4618F085
:10F09000F5FF054618F0FBFF20BB284619F01BF8CA
:10F0A0000146F8B1ACB9437ED8071BD49A0704D502
:10F0B00001220D4B1C700D4BDA644B7E5B0708D5AB
:10F0C0000B4B1B7873B13046BDE87040002219F03D
:10F0D0001BB82046FFF7CEFE2846BDE87040012150
:10F0E00018F0D9BF70BD00BFEA6E00200060035069
:10F0F000F06E002010B54468206801F00FFB104B43
:10F100001860104B1B782BB100220F4B114618686A
:10F1100018F0EEFF002201213720F6F7BDFE002295
:10F1200001213620F6F7B8FE201D05F019FA04F18A
:10F13000080007F087F807F065F8002010BD00BF51
:10F14000D45E0020EC6E0020285F002001280146DC
:10F1500010B519D0022809D0A8B90F4B024618687B
:10F1600018F0C6FF01220D4B1A700CE000220C4B68
:10F170000C4C1A700C4B3620C4F80033F6F75CFECA
:10F180000123C4F8043510BD034B0022186818F0A1
:10F19000AFFF0022014BE7E7285F0020EC6E002064
:10F1A000EB6E002000600350FDFFDF01002213B56D
:10F1B000402311460092044619F06CF8024618B13B
:10F1C0006FF0040002B010BD009040238021204663
:10F1D00019F060F80028F3D101241C491C4B486049
:10F1E000C86018688C6012F0D7FC0028EADBEFF3E7
:10F1F0001182202383F31288BFF36F8F4FF40061D5
:10F20000144BC3F80014C3F80045D3F800140905E3
:10F21000FBD54FF40061C3F800148021C3F81C151E
:10F220000121C3F8301540F2FF1100200A4B19608C
:10F230000A4B18600A4B18600A4B18700A4B18707A
:10F2400082F31188BFF36F8FBCE700BFC45E00205C
:10F25000D45E002000600350245F0020205F002067
:10F260001C5F0020E86E0020EA6E00202DE9F041CE
:10F2700005464FF0FF324FF0FF3338480BF0CEFC1D
:10F280004FF48002364B3620C3F88421F6F7F6FDA2
:10F29000A0B14FF00108334F334B3C681B686FF34C
:10F2A0000F041C437CBB40F2FF13304E3B60362002
:10F2B000C6F80445F6F7CEFDC6F800432C4A13788D
:10F2C0008BB10021294BC3F808110121C3F8002696
:10F2D000C3F804165960D3F808110029FBD00021A7
:10F2E000C3F8081111700024204BC3F800451B48D7
:10F2F0000BF05AFC2146284619F028F8C0B16FF0EF
:10F300000400BDE8F08194FAA4F6B6FA86F6334616
:10F310000F2EC6BFA6F11003D8B243F0800003073A
:10F3200001D4FFF75BFD08FA06F624EA0604B9E704
:10F330008021284619F00AF80028E0D10D4B0E492B
:10F340001C68204612F097FC10F1780F02D120467D
:10F3500012F06DFC00EAE070D3E700BF103100202E
:10F3600000E100E0245F0020205F002000600350E7
:10F37000E86E0020D45E0020C45E002001460148F3
:10F380001FF037BC4031002008B5054B1970054B04
:10F390001B7813B10420FFF7F1FF002008BD00BF68
:10F3A000ED6E0020EE6E002010B5046991F820008B
:10F3B00019F0C9F901230C4A03FA00F0136803435A
:10F3C00013600CF041F94020FFF7D8FF4FF0FF32F7
:10F3D0004FF0FF3304F1840104480BF00DFF0CF0F3
:10F3E00047F9002010BD00BF185F002094310020B5
:10F3F0002DE9F047494B88B005460669186006F1CB
:10F4000084001EF079FE002200230024CDE90623AB
:10F410006FF007034FF40062CDE90334CDE90144F6
:10F420003F4B4049009540480BF054FFDFF81C81EA
:10F430004FF0280AC1463D493B481FF05FF8D8F815
:10F4400018203B4B3B4F134043F4820343F04003EF
:10F45000C8F818304146284688F8204018F020FEA9
:10F46000002858D10134092C18D00AFB04918A7E57
:10F47000082C42F04002304B8A7608D1D9F8582146
:10F480002E4911402E4A0A43C9F8582103E08A69DF
:10F490003A401A438A6108F12808DBE7294C804684
:10F4A000A1464FF0280AA269274B224F134043F48C
:10F4B000041343F04003A36168F07F02214628460D
:10F4C00084F8202018F0ECFD28BB08F10108B8F101
:10F4D000090F18D00AFB08918A7EB8F1080F42F094
:10F4E0002002154B8A7608D1D9F8582113491140CA
:10F4F000134A0A43C9F8582103E08A693A401A437B
:10F500008A612834D8E796F8803023F0720343F0FC
:10F51000720386F8803008B0BDE8F087285F0020CD
:10F5200069FA010090A70020F844002099380400EF
:10F530000000BEFF0000F9FF400006000000F7FFDA
:10F54000FF0108002C5F00200000DEFF9460002017
:10F5500010B50C461146204618F0BFFD94F8200067
:10F5600019F0F1F80146044819F0FCF80120FFF702
:10F5700005FF002010BD00BF0062002008B5074A4B
:10F5800091F82030C2F80C3543F48073C2F80C3582
:10F5900091F82000FFF7A8FC002008BD0060035090
:10F5A00010B591F820404FF0FF324FF0FF33124872
:10F5B0000BF034FB2046FFF711FC012304F00F028F
:10F5C0009340DB430D4A14F0800F15BFD2F810159D
:10F5D000D2F814150B400B4014BFC2F81035C2F816
:10F5E000143505480BF0E0FA4FF48002044B00207C
:10F5F000C3F8042110BD00BF10310020006003508B
:10F6000000E100E02DE9F04FB24BDFF80483D3F8BE
:10F610005421B14F85B00AB30022C3F85421D3F866
:10F62000042391021AD5D3F8C034002B14BF4FF035
:10F6300001224FF48072A94B9B683BB998F80000F7
:10F6400019F081F80123834022EA03023B68134347
:10F65000A34A3B60136823F0012313609D4BD3F84A
:10F66000604134B10022C3F86021D3F86C44C3F880
:10F670006C44D3F828214AB10022C3F82821994BC1
:10F68000187819F060F8012383401C4398F8005063
:10F6900098F900902A0700F1FF80B9F1000FB4BF7C
:10F6A000914B924B05F00F02920013441A683AB343
:10F6B000002228461A60FFF775FB8D4B00F0010011
:10F6C0001A78504018708B4B28461A6819F03BF88E
:10F6D000C240D307064600F1F680B9F1000F80F270
:10F6E000E280882D00F0DF8001237D4AB34011685D
:10F6F0000B431360812388F8003078480BF054FAEC
:10F700008CB14FF001093B6824F00121744A0B438E
:10F710003B601368DFF8E4A123EA01031360A4B29D
:10F72000002C40F0F7806B4BD3F800214AB1002247
:10F73000C3F80021704B04211A70704B186818F040
:10F74000D7FC644BD3F858212AB30022C3F85821C0
:10F75000D3F80044E005C3F8004405D50122664B08
:10F7600008201A70FFF70AFEA10505D50022624B9A
:10F7700010201A70FFF702FE62050CD55E4B1A7856
:10F780004AB100221A700122524B2020C3F80825EA
:10F790009A65FFF7F3FD4F4BDFF858A1D3F85C31C2
:10F7A000F3B14E4B9B681BB998F800305B0617D03D
:10F7B0000022484B0420C3F85C21DAF80030484AA4
:10F7C00023F00113CAF800303B6823F4803343F080
:10F7D00001033B60136823F001131360FFF7CEFDB4
:10F7E000DAF800603B681E4000F02381394BD3F803
:10F7F0002C95B9F1000F40F01C81002200233748FE
:10F800000BF00CFA002840F0148116F0012314BF0D
:10F8100093FAA3F696FAA6F6B6FA86F6F4B20F2E87
:10F82000C8BF103C354BCCBFE4B244F0800418682C
:10F83000214618F023FC019018F04DFC4FFA84FB90
:10F8400004F00803BBF1000F0246029380F29C8093
:10F85000019A058A518CC368C1F30A018D4240F2B6
:10F860008A800D464FF0000903F06042B2F1005F5C
:10F8700005D019462A4622481FF0EBFF204BB9F16C
:10F88000000F00F0B2800121DAF80020B14022EA36
:10F890000102CAF80020A8E01A4B1B4A33EA2903E8
:10F8A00028BF134602E71948314618F05BFF0220D3
:10F8B000FFF764FDB9F1000FFFF616AF013D062D0D
:10F8C0007FF612AF16E7002DF4D10122014BDA6466
:10F8D00010E700BF00600350245F002010310020BB
:10F8E0001C5F0020EA6E0020086103503061035065
:10F8F000E86E0020205F0020EB6E0020285F0020D3
:10F90000D85E0020506103502C610350FC61002040
:10F91000E96E002094FAA4F5B5FA85F509FA05F325
:10F9200045F080052946DAF8000024EA030418F0BF
:10F93000A5FB18F0D0FB06462846FFF733FA014630
:10F9400006F10C0013F028FD338A002B7FF4E8AE9B
:10F95000304618F0C4FB18B1304618F0C4FBDFE69F
:10F96000284618F0F0FE01463D4818F0FBFE022044
:10F97000FFF704FDD4E6019318F0B1FB80F0010914
:10F98000019B5FFA89F96FE704F00801354B002904
:10F9900052D0D3F8C03413F4803F08BF9946118A7F
:10F9A000D068558A43186D1A51690393401A2D1A6D
:10F9B0004D4528BF4D4602F10C002946029213F036
:10F9C000B2FC019B598CDDE90223C1F30A014945D0
:10F9D0007FF459AF5169D068B2F812C0401A128A48
:10F9E000ACEB000191423FF44EAF01203A6800FABF
:10F9F00006F622EA060204F008013A6088F80040A0
:10FA0000184AF1B9142104F00F0401FB0421BBF1E1
:10FA1000000FB5BF02EB84020A34C1F80036C1F80A
:10FA20000037B5BFC1F80456C1F80457506042F81A
:10FA3000240005B0BDE8F08F04F5947153F82190CF
:10FA4000ADE7BBF1000FB5BFC2F8A036C2F8A037D2
:10FA5000C2F8A456C2F8A457B4BF50629064E8E755
:10FA6000FC610020006003502DE9F04F0446AC4DCE
:10FA700085B04FF0FF384FF0FF3900224FF0FF31D3
:10FA8000CDE90089A7481FF0BBF84FF0FF31A5482A
:10FA90001FF0B2F8074638072ED5A34842464B461A
:10FAA0000BF0BCF8EFF31182202383F31288BFF32D
:10FAB0006F8F9E4B1B787BB1D5F8003413F4007325
:10FAC0000AD10121C5F82C15D5F82C15D5F800144C
:10FAD000890548BFC5F82C3582F31188BFF36F8FB5
:10FAE00091480BF061F80121204618F0B0FA00228D
:10FAF0000321204618F0FCFAFE0608D50021204616
:10FB000018F0A5FA00220221204618F0F1FAB806F2
:10FB100008D50021204618F09AFA0022022120463A
:10FB200018F0E6FAB9075DD4FA070CD50022804B2D
:10FB3000D3E8EF8FC3E8E12F0029F9D10126B8F10E
:10FB4000000F40F0AD80790734D54FF0000C794BB1
:10FB500083F800C0D5F88004C0B28DF80800D5F84D
:10FB60008414C9B28DF80910D5F88834D5F88C24DE
:10FB700043EA02239BB2ADF80A30D5F89024D5F8B9
:10FB8000946442EA0622ADF80C20D5F89824D5F802
:10FB90009C6442EA062292B2674EADF80E2000281D
:10FBA00040F09780052940F0948001213170002AAF
:10FBB00000F09B807B067FF55CAF206984304FF0BE
:10FBC000FF324FF0FF330AF0F7FE5C4E3168002938
:10FBD00040F0BE805A480BF0D7FA206984300AF012
:10FBE0005DFF46E70022574BD3E8EF8FC3E8E12FD4
:10FBF0000029F9D14FF0010AB8F1000F94D098FA1A
:10FC0000A8F3B3FA83F31E460F2BC6BFA3F1100669
:10FC1000F6B246F080060AFA03F328EA0308330630
:10FC20003146204627D518F029FA834618F04FFAB6
:10FC30008146D8B10021584618F02DFA00224946D5
:10FC4000204618F061FA802E10D13A4B002183F83B
:10FC500000A02046C5F850A018F010FA18F037FAA6
:10FC6000014618B10022204618F04EFA31462046CF
:10FC7000FFF7D4F9C0E718F001FA834618F027FA25
:10FC8000814640B10021584618F005FA0022494645
:10FC9000204618F039FA31462046FFF7F5F9ABE770
:10FCA00098FAA8F3B3FA83F319460F2BC6BFA3F152
:10FCB0001001C9B241F0800106FA03F30A0620469A
:10FCC00028EA030802D5FFF7A9F938E7FFF7DCF9BE
:10FCD00035E71D4A86F800C0D5F8703412789A428C
:10FCE0000AD10022194B1A7014E003F07F03ADF81B
:10FCF0000A30ADF80C20F4E70123144A3370137076
:10FD00004FF4A063ADF80830D5F87034CDF80CC0CE
:10FD1000ADF80A30204602A918F01DFA4AE700BFE4
:10FD2000006003504031002010310020EB6E0020B5
:10FD300000620020F06E0020EF6E0020185F0020AF
:10FD400094310020FC610020ED6E0020EE6E00205A
:10FD500091FAA1F7B7FA87F739460F2FC8BFA7F175
:10FD600010012046CCBFC9B241F0800118F086F9DD
:10FD7000804690F820904FF0FF324FF0FF3312484A
:10FD80000AF04CFF4846FFF729F80F480AF00CFF2D
:10FD90004FF480020D4B4146C3F80421204618F071
:10FDA000CBF90021404618F076F90123BB40DB4334
:10FDB000074AD2E8EF0F1840C2E8E10F0029F8D156
:10FDC00032681340336001E71031002000E100E0A9
:10FDD000FC610020142870B503460C4612D80B4A6B
:10FDE00012F81010D4E90005A0FB010602EB430253
:10FDF00001FB056100235278F1F7F8FDC4E9000129
:10FE0000002070BD6FF01500FBE700BFB53F040098
:10FE1000002330B585B00193CDF807304B798DF8CC
:10FE20000B300B7913F0200519D08A797F2A08BF8F
:10FE3000FF228DF80C20C3F3040203F01F03072BED
:10FE40008DF80D2015D80A780C2A12D8DFE802F0B8
:10FE50000C09151117111911111B1D111F00FF227B
:10FE6000E7E701228DF806204A78032A11D0042AF8
:10FE700012D06FF0150005B030BD0222F2E7032268
:10FE8000F0E70422EEE70522ECE70622EAE7072284
:10FE9000E8E701228DF8072044F20A004A888242EE
:10FEA00028D843F6FE70824203D8002AE1D102220C
:10FEB0002FE0A2F57F523F3A0B2ADAD801A050F882
:10FEC00022F000BF4DFF010073FE010073FE010030
:10FED00073FE010017FF010073FE010011FF010016
:10FEE00073FE010073FE010073FE010073FE01004A
:10FEF000AFFE010044F21400824225D044F22800F3
:10FF0000824223D044F20F008242B2D1032200E0A9
:10FF100001228DF808200124194804FA03F390F80F
:10FF20006020DBB2F5B18D797F2D11D1134380F8BC
:10FF300060300B7990F8612003F01F0304FA03F39B
:10FF4000134380F8613009E00422E2E70522E0E78C
:10FF500022EA03028DF8094080F8602001A81BF016
:10FF60007FFC88E7134380F860300B7990F86120BC
:10FF700003F01F0304FA03F322EA0303E1E700BFDF
:10FF800040220020002210B50E4904460E481EF003
:10FF9000A3FC002005F044F9024678B901210E20A7
:10FFA000F5F77AFF0948C36813B9043018F015FC57
:10FFB0002046BDE81040064912F03DBD6FF0040038
:10FFC00010BD00BF69010200B022002040220020C5
:10FFD000D787030010B50B4C94F84A3023B1BDE825
:10FFE0001040094805F0DEBA05F02EFA40B16FF076
:10FFF0000403636304F11C00BDE8104018F0EDBB7E
:020000040002F8
:1000000010BD00BF402200200D000200F8B50378AB
:10001000002B40F08F804F4CE36B94F860702546C6
:100020001F4207D1A36B002B3FD14B48BDE8F840DE
:1000300018F0D3BB94F8A810A26E94F86160A1B92F
:100040000121DBB20B420BD00F4208D016EA010CA3
:10005000B2F9000024D000EBD070401010800232C2
:10006000490089B2B942EDD9DCE73340018915D0A6
:1000700002EB41019142D5D0B2F9003003EBD373CA
:100080005B1022F8023BF5E732F91360002EB8BF8F
:1000900022F8130001338B42F6DBC3E71846FAE778
:1000A0000028B8BFA2F800C0D9E7236D43B1B4F867
:1000B0005C202A492A48984701280BD002282DD0D5
:1000C000B4F85C30B4F858209A4227D900200133A4
:1000D000A4F85C3094F8A83083B994F8621018B989
:1000E000A36E03EB4103A366A06E05F06DF928B182
:1000F0006FF004031848636318F06FFBE36C1BB9DF
:10010000BDE8F840FFF766BFD5E8EF3F5A1EC5E8E7
:10011000E12F0029F8D1012BF2DCF8BDE36C002BB4
:1001200083D094F8A830002B7FF47FAF0D480BF0FC
:10013000DBFE7AE7022B09D105F086F90028ECD026
:100140006FF00403034843631C306FE7052BE4D1D1
:100150006BE700BF402200205C22002078220020B4
:10016000CCFF0300B0220020074BD3E8EF2F511C37
:10017000C3E8E01F0028F8D10AB9FFF72BBF6FF0E2
:100180000F025A63704700BF402200202DE9FF4153
:100190000F464FF0FF334FF0FF326B480AF03EFD41
:1001A0007E68731EFE2B21D80024254626FA04F310
:1001B000DA0706D505F07CF8E040C30716D501350F
:1001C000EDB20134082CF1D185B13B7C083B062B04
:1001D0000CD8DFE803F0140B160B040B18000221F7
:1001E000012D7A7C11D0002A00F091806FF0150467
:1001F000554818F0F2FA204604B0BDE8F08100211D
:10020000EEE70121ECE70321EAE7082AEED8DFE870
:1002100002F0050505050505050505003B68002BF1
:1002200075D05C68002C72D1186801387F286ED8B0
:100230008DF808208DF809401B68444A1B01013BDA
:10024000ADF80A300123304682F8A8308DF80C3022
:1002500002AA3F4B05F068F804460028C8D13A6866
:100260006B0012B1928902FB0333FA689A4268D399
:10027000364E86F86250B86896F8A830B046B06638
:10028000002B4DD03B689D890135A9B205F09CF843
:1002900004460028ACD1BC462E4DBCE80F000FC56B
:1002A000DCF8003074632B603B68002B46D00FCB2A
:1002B0002F1D87E80F00F36CB763A6F85C40002B96
:1002C0003CD0D8E8EF3FC8E8E24F002AF9D196F8D1
:1002D000A81039BB4FF40047F46C1F480023E4FB1F
:1002E00007011E4AF1F7D2FB0022CDE900010023ED
:1002F00005F128000BF0C0FD4FF0FF324FF0FF3347
:1003000017480AF08BFC00B17063746B70E7002033
:100310000E4B83F8A80030460D4B04F0CFFF9BE74F
:100320002946B3E705F090F80028E5D06FF0040304
:10033000A5F12C00736318F050FADDE7FFF74AFED1
:10034000DAE76FF00B0453E744220020402200203C
:100350000D000200782200203F420F0040420F00B3
:100360005C2200202DE9F74F9246D2F810B00278B7
:100370000746042A0E4601F1FF3306D0052A7CD039
:10038000022A54D003B0BDE8F08F012BFAD943788C
:100390003E2B26D1C378022B21D00D2B21D10379FE
:1003A000012B1ED1B0F80550C5F30015B7F8013088
:1003B000033EB6EB132FADF80430E3D19DB14FF0FF
:1003C00000084FF0000942464B4629469DF80400BC
:1003D000F7F784FE044648B9002DF4D0D2E7012592
:1003E000E4E70025E2E74FF4A028EAE700F10C0576
:1003F000022201A9284612F09CFF228A638A6169C1
:100400009B1AE268521A9B1A9E4203D92046F6F7BD
:10041000EBF9B7E73246F91C284612F08AFF21466D
:100420005046DBF8003003B0BDE8F04F1847032B0F
:10043000A8D9002200230820F7F734FE044600283C
:10044000A0D00422D7F8013000F10C0528460DEBAE
:100450000201019312F06DFFBDF80630053E9E4289
:10046000D4D1228A638A61699B1AE268521A9B1A64
:100470009E42CBD83246791DCEE7032B82D900228B
:1004800000232020F7F70EFEDFF83880044698B1ED
:100490000422D7F8013000F10C0528460DEB0201CB
:1004A000019312F046FF0023C8F80030BDF8063073
:1004B000053EC3F30D03D2E7D8F800300133C8F886
:1004C00000305FE704620020102208B5034B0120D2
:1004D000C3F84024F6F78CFA002008BD0030005025
:1004E000084B70B5C31A0D4607499B100446594383
:1004F0004022064818F0D5F92B4601462046BDE8B3
:10050000704018471C620020B76DDBB68CFE0300FC
:10051000402373B50B4C0093041B0B460D460A4950
:10052000A41061430646094A094818F0E5F9014656
:1005300028B130462B4602B0BDE87040184702B0E3
:1005400070BD00BF1C620020B76DDBB66789030079
:100550008CFE03002DE9F843002201210746052007
:10056000F5F79AFC114803F009FC0446C0B903F002
:1005700039FC25464FF01C094FF00C083E690C4928
:1005800009FB056011F0F5FA031E0CDB012308FBE3
:1005900005661D44042DB367F0D12046BDE8F883FD
:1005A0006FF00404F9E71C46F7E700BFE906020014
:1005B0004823040010B50022012386B06C46CDE923
:1005C000022304ABCDE90433074A6B46CDE900446E
:1005D00018F0C2F928B94FF48042002368460AF0A7
:1005E0001DFB06B010BD00BF9389030010B5EFF3EB
:1005F0001184202383F31288BFF36F8F074A136897
:1006000023F00201DB07116002D401201AF094FCF0
:1006100084F31188BFF36F8F10BD00BFBC62002050
:100620000C22104B014602FB0033002030B4D3E90A
:100630001C521867EFF31180202484F31288BFF353
:100640006F8F9C6F04F0C00444F002049C6780F339
:100650001188BFF36F8F1DB12B4630BC024818477D
:1006600030BC70471C6200208CFE030010B4EFF316
:100670001180202282F31288BFF36F8F18490B6814
:1006800043F0020413F001030C601AD04FF0502322
:10069000D3F80C14D3F80C3413F0010311D0EFF39A
:1006A000118182F31288BFF36F8F0E4A936F03F0AC
:1006B000C00343F00203936781F31188BFF36F8F88
:1006C000012380F31188BFF36F8F23B100205DF801
:1006D000044BFFF7A5BF01205DF8044B1AF01DBCC9
:1006E000BC6200201C620020092813D8DFE800F05B
:1006F00005101212121212120E0C074B986F10F006
:10070000070007D1FFF78CBF0220FBE70320F9E7C2
:100710000120F7E7704700BF1C620020C3B21C2015
:10072000014A00FB032070471C6200202DE9F041C4
:10073000012280463749D1E8EF3FC1E8E02F002889
:10074000F9D133B9344935484B60CB608A6011F038
:1007500023FA08F1FF33012B4FD8B8F1010F07D16D
:100760004FF05023D3F81C3403F00303022B44D082
:100770001DF0BBFE054658B1EFF31186202383F32D
:100780001288BFF36F8F01254FF05024244F22E0D1
:10079000244B1B78002BEFD04FF05023022206464B
:1007A000C3F80823F0E755B3304612F0E9FCD4F85B
:1007B0001835DBB2012B0ED1D4F804215AB1002236
:1007C000C4F80421D4F804210222C4F818252022F8
:1007D000C7F88021A360D4F81824D4F81834D203C1
:1007E000E1D503F00303022B02D0B8F1010FDAD1F7
:1007F00055B186F31188BFF36F8FBDE8F0810021FA
:1008000021201DF041FFD2E74FF050230222C3F810
:100810000423F2E7186200200862002038620020FA
:1008200000E100E02A710020024B0B6001231360FD
:10083000704700BFF8230400004870477C23040081
:100840002DE9FF470023CDE901330393AB23314C5E
:100850008DF80430D4F8243501205FFA83FAD4F8F7
:1008600028355FFA83F9D4F83035D4F834755FFA57
:1008700083F84FF0FF33D4F83865D4F83C55C4F80A
:100880002435C4F82835C4F83035C4F83435C4F8F4
:100890003835C4F83C3504F081FABAF1FF0F08BFCF
:1008A0004FF0FF3AB9F1FF0FFFB208BF4FF0FF3929
:1008B000B8F1FF0FF6B208BF4FF0FF38FF2FEDB2CF
:1008C00008BF4FF0FF37FF2E08BF4FF0FF36FF2D58
:1008D00008BF4FF0FF35C4F824A5C4F82895C4F824
:1008E0003085C4F83475C4F83865C4F83C550446FE
:1008F00060B9014601A818F017F9002808DB232089
:100900001DF0D3FA204604B0BDE8F0876FF0040074
:100910000446F7E700B002502DE9F047436805466A
:100920000021586B88B018F066F9041E6FDB0022B6
:1009300001212B20F5F7B0FA286918F08CF96E68C0
:100940002A693046374904F057F9041E57DBFFF790
:1009500077FF0446002852D19F234FF0030A05AFCA
:100960000590014678600DF1080938460DF10C0834
:10097000CDF80C90CDF810A08DF81430CDF81C8077
:1009800018F0D2F8041E3ADB5246494606F1300010
:100990001EF094FF044600283FD16A68537F023B53
:1009A000012B38D9167F023E022E8CBF002601266D
:1009B00018F0FDF8002833DBC2B2C0F38010B0425B
:1009C0001DD00023012182F04002CDE90413ADF8CF
:1009D0000430BB608DF80420384601AA03928DF8DC
:1009E0001410CDF8188018F09FF8044638B918F0A4
:1009F000DEF8041E01DBE307F9D404EAE4742846B8
:100A000018F074F804F0E6F908B104F0D3F92046C0
:100A100008B0BDE8F0870126CAE76FF01204EEE7E0
:100A20000446ECE71D8B03007FB505460E4611F02A
:100A3000D9FF0446002842D1286918F0EBF828694C
:100A400018F009F966B1012E25D06FF0850428460B
:100A500018F04CF828690AF0A7F8204604B070BDD9
:100A60006E6804F043F9014630BBB92301A8019137
:100A7000C0E901118DF8043018F056F8041EE6DBC9
:100A80000A201DF012FA04F04DF90121706B18F0E4
:100A9000B2F80446DBE76E682146706B18F0ABF8DD
:100AA000041ED4DB30462A69064904F0A5F8041E6A
:100AB000CDDBFFF7C5FEECE76FF00F04C7E76FF083
:100AC0000F04CAE71D8B0300024B0B600123136068
:100AD000704700BFC0620020004870470024040037
:100AE00010B50122064811461DF0BEFB1AF056FD56
:100AF000044C20601AF04FFD6060002010BD00BF64
:100B0000C8620020C062002070B50C4615461AF07D
:100B100042FD29460646204618F04DFA00B3B4FBC4
:100B2000F6F306FB1343DBB9B5FBF6F306FB1353F1
:100B3000B3B9AE4212D84FF0FF324FF0FF330A483C
:100B40000AF06CF81AF027FD0646204603F0DEFC9A
:100B5000AD1B3444F9D104480AF026F8002070BDDA
:100B60006FF01500FBE700BFC8620020F8B50E4625
:100B70001946304617461D4618F01DFA10B346EACE
:100B8000050414F003041DD10DB90020F8BD4FF089
:100B9000FF324FF0FF330D480AF040F825F003050F
:100BA000A54206EB040008D1094AD2F80034DB075D
:100BB000FBD5064809F0F8FFE7E7395903F0C0FC18
:100BC0000434EDE76FF01500E0E700BFC8620020D5
:100BD0000090035070B546680546B06890B11AF0B1
:100BE0007DFC014670B9B06803F0E6FA044678B9B6
:100BF00002460949B0681AF05BFC224605210D2027
:100C0000F5F74AF92846BDE87040044911F013BFD2
:100C10006FF0040070BD00BFA10D02009D900300A5
:100C20002DE9F04340F206364768D00648BF4FF042
:100C3000030C3B7C02EA060658BFC2F3401C87B097
:100C400001F01F05B6F5837F144645EA43158DF87C
:100C500003C043D00DD8062E16D005D8A6B1022E5B
:100C60003ED06FF0150036E0B6F5807FF9D1012651
:100C70000AE040F20222964234D0B6F5407F33D0EB
:100C8000B6F5007FEDD1022622032FD501237A6825
:100C90008B409360B86890BB05F01F036D092CD0A2
:100CA000012D75D13C4A02EB8302C4F30043D2F814
:100CB000001283F00103C4F3404444EA430421F4E6
:100CC000706144EA8C0421F00F0144EA06230B43CF
:100CD000C2F80032002007B0BDE8F0830726D3E752
:100CE0000426D1E70526CFE70326CDE7630341BFFE
:100CF00001237A688B40D360CCE7284AD3E72946A2
:100D00000DF102021AF0D7FB14F4403F80460CD1DB
:100D10002946B8681AF0E8FBB8F1000FDAD19DF85F
:100D20000210B86803F07AFAD4E74FF0000901AB7B
:100D3000CDE90199CDE90439CDF80C902946B86880
:100D400003AA1AF08DFA4845C4DB14F4003314D01A
:100D50009DF80330C4F3004484F001048DF80E3094
:100D60008DF80C608DF80D404B462946B86803AAF3
:100D70001AF029FB0028CFDAACE7CDE904330DF1F6
:100D8000030303932946B86803AA1AF069FAF1E746
:100D9000803350F82330FFDE002884500025845033
:100DA0004209034670B502D0012A17D070BD0D4E1E
:100DB000326951680029F9D0012503F01F030C683E
:100DC0009D400029F2D08A682A4002D030464B6804
:100DD00098472CB1236821461C46F2E7024EE7E70C
:100DE0002346F8E7CCFE0300ACFE0300F0B54468F0
:100DF0001646A068227C01F01F0587B045EA42151F
:100E000000286CD0B6F5001F04D129461AF0BEFBAD
:100E1000002055E06268607CB6F5800F50624FF0AC
:100E2000000001AA0190506037D1B3F1007F14BFD8
:100E3000052304238DF804300023CDE90423039314
:100E4000E3680DF1030723FA01F111F0010139D133
:100E5000B6F1A07F36D105F01F036A0903F18003C4
:100E600026D0012A3ED1214A52F82330DB0729D46B
:100E70003A462946A0681AF01EFB16301AD002978F
:100E80002946A06803AA1AF0EBF9002818DB012212
:100E90002946A0681AF02AFBBAE7B3F1C06F05D063
:100EA000B3F1007F14BF01230223C3E70323C1E78B
:100EB0000F4AD9E73946A06803F0BAF90028DEDA0C
:100EC00007B0F0BD3A462946A0681AF0F4FA0028A7
:100ED000D6D19DF80310A06803F0A0F9D0E76FF019
:100EE0008500EDE751F82330FFDE00BF0028845075
:100EF000002584504FF050231549D3F8002402F008
:100F000001030A4218BF43F01003D10648BF43F45F
:100F10008073910648BF43F08003110648BF43F039
:100F20002003110748BF43F00203510748BF43F0B5
:100F30002003510648BF43F08003D10148BF43F06E
:100F40008003520148BF43F008030360002070474C
:100F500002000002044B054A01219362044A092061
:100F60001A600022F4F798BFF8620020442900209C
:100F70000090005038B504464568AB699847012198
:100F8000E86918F08AF9234629462A69A86A1AF0FE
:100F90000DFE002805DB2046BDE83840024911F06F
:100FA0004ABD6FF0040038BDB9930300034610B486
:100FB0000C46DA88006802F04002197922438368FF
:100FC0009C693CB1064BA44613405DF8044B02F00B
:100FD000B07260476FF057005DF8044B704700BF78
:100FE00040000006F0B550F8185C85B06B682A69BF
:100FF000DC68D2E8AF2F012A22D06B6818389E68CF
:10100000104A041BE11001FB02663046DF6818F04D
:10101000F6F9031E14DB3A1992F910108B420FD027
:101020004FF0FF304FF0FF3113743289CDE90201E8
:101030000121003B18BF012328460091FDF778FDF0
:1010400005B0F0BDACAAAAAA2DE9F84FD0F804B0BB
:101050000746DBF80C50002618352C464FF00C0ADA
:10106000DBF80420B24205DC9BF81420002A44D1AE
:10107000002040E00AFB06F8DBF8082052F80800E0
:1010800002EB08091CF02DFF00284AD04FF48031F4
:10109000484618F09FF970BB44F8187C2046DBF8EE
:1010A00010101DF0C9F99BF8142012B10136483414
:1010B000D6E70122DBF808001D4B00EB080999F880
:1010C000041002FA01F144E9043150F80800A4F1D7
:1010D00014018368DB693BB3984700280BDB484663
:1010E00018F08DF94FF0E86104F8080C4846FFF756
:1010F0005DFF0028DADABDE8F88F4FF4004640F2D1
:10110000E7300021DBF800404FF47A720023E4FB63
:101110000601F0F7BBFC02460B4628460AF02EF803
:10112000A6E76FF01200E6E76FF05700E3E700BFB5
:101130002994030010B504460269A2B01749C2F809
:101140008000002003F068F9002201212A20F4F732
:10115000A3FE8422002101A864681EF0A0FB0023E6
:10116000012001AA61680432D940C90744BF00FACE
:1011700003F142F8041C2168D940C90748BF00FAAE
:1011800003F103F1010348BFD163102BEAD101A899
:1011900003F056F9002022B010BD00BFDD96030019
:1011A000036803F01F025B09026004D0012B0348AF
:1011B00018BF002070470248704700BF00288450C5
:1011C000002584502DE9F74F154607464FF00108DA
:1011D00000EB8101B94203D1002003B0BDE8F08FDC
:1011E0003A68C2F3C323082BC2F3080400F2AD80AF
:1011F0005748C65C40F2FF139C4208BF4FF0FF34D3
:10120000B2F10C5F4FEA126316D2032B16D9043BDE
:101210001E2B13D8DFE803F0151C21121212123511
:1012200041121212121212121212444D5053121283
:1012300012565B5E616467004E2B13D06FF0850021
:10124000CBE74FF00009C5F80845621C2FD051E0EC
:101250004FF00109C5F80C45F7E7C5F810454FF008
:10126000000915E0C5F81445631C20D001A80194BD
:10127000FFF796FF019B4FF0010908FA03F3836023
:1012800040E0C5F80845002EE9D14FF000090626D8
:10129000601C0CD04FF0000A36E0C5F80C45F2E7B0
:1012A000C5F860457B88621C03F001031ED104373A
:1012B00090E7C5F86445F5E7C5F86845F2E7C5F875
:1012C0006C45EFE7C5F824454FF00109E0E7C5F8A4
:1012D0002845C9E7C5F83045F6E7C5F83445F3E7D2
:1012E000C5F83845F0E7C5F83C45BDE7002BBDD152
:1012F0004FF0010901A80194FFF752FF019B08FA82
:1013000003F3C3604FF0010AD7F800B001A81BF443
:10131000004F1CBF4FF001094FF0000A0194FFF786
:101320003FFF019B0B4C00EB8300D0F80022CBF376
:10133000412B330243EA8B0343EA0A03144023435D
:1013400043EA4903C0F80032B1E76FF0150044E703
:10135000DF3F0400F0F0FCFF036803F01F025B09AD
:10136000026004D0012B034818BF002070470248D8
:10137000704700BF002884500025845010B50369D1
:1013800041680446064A18461AF084F9002805DB2D
:101390002046BDE81040034911F04DBB10BD00BF11
:1013A000E79703005B99030008B578B108494FF44B
:1013B000004E8C460021E0FB0EC100236046054A2A
:1013C000F0F764FBBDE808401DF05EB908BD00BF42
:1013D0003F420F0040420F00F0B5022904468DB095
:1013E00040F2F480032903D06FF085000DB0F0BD0A
:1013F00005690123D02105F1440218F07CFC002886
:10140000F4DB95F84430612BEED1266996F828700C
:10141000002F76D117238A21204601AA18F06BFCF1
:101420000028E3DB0E23E12120460DF11B0218F01A
:1014300062FC0028DADB0523394620460DF129023B
:1014400018F059FC0028D1DBBDF82330F381BDF83A
:10145000043033829DF80630B374029B73619DF8AB
:101460000C303376BDF80E309DF81D207383BDF827
:101470001030B383BDF812305BBAF383BDF8163079
:101480003384BDF8183073849DF81A3086F8243000
:101490009DF81C3003F00F0343EA021333809DF8DC
:1014A0001C309DF81B201B0943EA021373809DF832
:1014B0001E3033719DF81F3073719DF82030B37169
:1014C0009DF82130F3719DF8223033729DF827305A
:1014D0007372BDF8253073819DF8283033739DF801
:1014E000293086F826309DF82B30C3F3011386F897
:1014F00025309DF92D301B1186F82730012386F801
:10150000283001227221204618F0FDFB0028FFF64A
:101510006DAF00227521204618F0F5FB0028FFF67C
:1015200065AF10227121204618F0EDFB0028FFF670
:101530005DAF4FF4A072B5F90A30204603F51633BB
:1015400003F2991302FB03F1C823B1FBF3F195F900
:10155000093001F5A02103F54473594395F90C3086
:1015600003EB830303EB83024FF47A7392FBF3F2F2
:10157000120202EB6102832195F825300433B2FB9D
:10158000F3F295F9263064254B4303F58033B2FB23
:10159000F3F222210E4B12FB013292FBF5F25A219B
:1015A000D2B218F0B0FB0028FFF620AF7122294616
:1015B000204618F0A8FB0028FFF618AF552274212A
:1015C00020460DB0BDE8F04018F09DBB00200DE7AF
:1015D000FEDEFFFF10B50446406883681B6898472D
:1015E000002805DB2046BDE81040024911F023BA6F
:1015F00010BD00BFD91302002DE9F041552274211E
:1016000086B00546046918F07EFB0028C0F24481CC
:10161000FB26002121201DF037F801231D2128463B
:101620000DF1070218F067FB0028C0F235819DF923
:101630000730002B80F22B810D231F21284602AAA0
:1016400018F059FB0028C0F22781BDF809609DF809
:10165000083076BAB6B246EA0346BDF80C309DF8BB
:101660000B20B4F80EC05BBA9DF814509BB243EA4D
:1016700002434FEA4C0C05F01000CCEBD31C84F86D
:101680003C004FEA5C034FEAEC7043EAC07303FB93
:1016900000F7A3FB033000EB47001B0B43EA0053AA
:1016A0004FEA203E94F912003609C7175F434FEA0C
:1016B0000018B4F9100008FB0E7780FB0C0CA3FB9C
:1016C0000838C00A47449B0B40EA4C5043EA874322
:1016D0000344236403EB83005B10A3F57A434FEAD2
:1016E000A30C0CFB0CFC94F91E704FEAEC2E07FBCC
:1016F0000EFEB4F91C704FEA6C3C5F437F0007EBB1
:10170000AE07B4F916E0803003FB0EFE94F91830F2
:1017100000125B010CFB03F3DB1003EB6E03B4F868
:1017200014C09B1403F500430CFB03F34FEAE33CA6
:10173000C6F58013B4F91A60B4F920E0360406EB5C
:10174000A706A3EB263340F635467343B3F1804F2B
:10175000ADBF93FBFCF35B0093FBFCF35B00DE107F
:1017600076437713B4F922604FEA232C77439E1017
:101770000EFB06F6761306EB27360CFB0CF70CFB7C
:1017800007F794F824C0BDF80E100CFB07F706EB22
:10179000674694F91F7049BA06EBC71603EB261388
:1017A0006426236394F9063094F90570434393FB50
:1017B000F6F3434347439B1197FBF6F793FBF6F38E
:1017C0003B44678803F580437B43278889B2A1EBBC
:1017D000071194F904709B12474397FBF6F7A1EBAE
:1017E00067014B4394F90810E062414391FBF6F125
:1017F000E079BDF8132001EBC011981340430911A3
:10180000801248434FF47A7103EB60039B124B4301
:1018100023491B1323EAE3738B42D4BF63636163E1
:1018200040F23C500523002194F9276005F00F0594
:10183000C6FB83011B4B52BA53F82530C2F3891201
:10184000A0FB030603FB01661749000C51F8255065
:10185000D20340EA064012F17F4263EB0303121801
:10186000A5FB00014FEA264705FB071143EB264382
:101870005508400A40EAC15045EAC3755E10401958
:1018800046EB6121F0F7B2F8A063002004E0013ECE
:101890007FF4BFAE6FF00A0006B0BDE8F08100BF74
:1018A000A0860100642604002426040073B506699E
:1018B00045681D49044606F15C001CF061FD1B4AA9
:1018C00006F13C0105F1280018F030FC18B16FF06A
:1018D000150002B070BD164A06F1480105F130004E
:1018E00018F024FC0028F2D1AB6A5BB10823532125
:1018F0008DF80730204601230DF1070218F0B3FAE6
:101900000028E6DB2B6B0BB90020E2E7082354210B
:101910008DF80730204601230DF1070218F0A3FAD5
:101920000028F1DAD5E700BF1BA20300DBA103000A
:10193000FBA1030010B50446406883681B68984704
:10194000002805DB2046BDE81040024911F073B8BD
:1019500010BD00BFE919020070B5083900690329FC
:101960003CD8DFE801F002131517836A4FF4C86111
:1019700093FBF1F1116040F271214B43194993FB44
:10198000F1F001FB10335360002070BDC36AEDE736
:10199000036BEBE74FF4C864836A40F2712593FB55
:1019A000F4F16B4311600F4993FBF1F601FB163321
:1019B0005360C36A93FBF4F66B43966093FBF1F6B6
:1019C00001FB1633D360036B93FBF4F46B4393FB7F
:1019D000F1F001FB103314615361D5E76FF085001E
:1019E000D3E700BF40420F0073B50446032900F25D
:1019F0009480DFE801F08A7A90020121066918F0EC
:101A00004DFD40B16FF004050021204618F046FD61
:101A1000284602B070BD002163201CF035FE8223F1
:101A20004B211A46204618F01CFD01460028E9D13A
:101A3000204618F033FD0028E4D1002121201CF0BD
:101A400023FE0121204618F029FD05460028D9D1A2
:101A5000002163201CF018FE0123402160680DF175
:101A6000070218F0AFFC0028CCDB9DF80730322BC2
:101A7000C8D12B462A4A52F8330002EBC301092889
:101A80002FDD0B793822DB004C21204603F0F803D0
:101A900018F0E7FC0028B5DB04225121606818F03B
:101AA0008EFC0028AEDB07225221606818F087FC0C
:101AB0000028A7DB002306224C21204618F0D1FC89
:101AC000152332465D21606818F07CFC002899DB04
:101AD0000023C6E90633C6E90833C6E90A3333638F
:101AE00092E70133082BC6D18CE7012118F0D6FC10
:101AF0000546002163201CF0C7FD002306224C216F
:101B0000204618F0AEFC054382E7002102B0BDE894
:101B1000704018F0C3BC00257AE76FF0850577E7C1
:101B200024270400F7B544680346E06900283CD048
:101B3000032942D8DFE801F03B1C380294F820105A
:101B4000638C01250669DA07346854BF43F4B01387
:101B500083F4D01323F480128D40DB0787684CBFD9
:101B60002C43AC4334603B6803B0BDE8F0401847F9
:101B700004F11C0001211D6918F0E7FC1049606A9E
:101B80004FF400460C460021E0FB064100230D4ABD
:101B90002046EFF77BFF02460B4668461CF056FED8
:101BA000DDE90023C5E90623002003B0F0BD0021D4
:101BB00004F11C0018F0C9FCF6E76FF08500F4E7AB
:101BC0003F420F0040420F00F7B52A2914464568EE
:101BD000036952D1AA7A1B8C12F020016A7918BFCE
:101BE0001BB2002A49D0EA792E7C042A09BF2A6850
:101BF000EA899268128909B1013EF6B24FF47A7708
:101C000083FB0232A3FB073107FB0212A879694666
:101C1000CDE90032FEF7DEF8074658BB0198009B7D
:101C2000C6F12001B6F1200200FA01F123FA06F311
:101C300043EA01035CBF40FA02F213436E694FEAC4
:101C4000E37C184661467EB1A6FB0301AA69002326
:101C500006FB0C11EFF7CAFE0B4B0C4DC61845EBFB
:101C60000102B34293410BD30023074AEFF7BEFEB4
:101C7000C4E90002384603B0F0BD6FF08507F9E70C
:101C80006FF02107F6E700BF40420F0020A10700D8
:101C900073B50469456806460022684600231CF0B7
:101CA000D5FDDDE90023C4E9062328681CF019F9F5
:101CB00018B96FF0120002B070BDE869F8B9284693
:101CC00018F038FC0028F6D16B79EBB101232A79A2
:101CD0003046934063602B7C0D4923746B7C6374A6
:101CE00004F12003A3600223E36095F8283083F019
:101CF0000103A37402B0BDE8704010F09CBE1CF05C
:101D0000F0F80028DBD1D4E76FF08500D3E700BFFF
:101D1000251B020038B50446056918F045FE01464A
:101D200070B9012205F1C4001CF09EFA05F15C00B7
:101D300018F080FC2046BDE83840024910F07BBE18
:101D400038BD00BF67A903002DE9F04198468B8894
:101D50000E46990407461546046900F185804FF048
:101D6000FF324FF0FF3304F16C0008F057FF266696
:101D7000002D40F08280C4F8A0500023C4F8A430A5
:101D800004F1B80204F1A40104F1A00018F03FFC32
:101D90000546C4F8B400B8F1000F76D1C4F8A880A5
:101DA0000023C4F8AC3004F1C00204F1AC0104F12A
:101DB000A80018F02CFC002380461A46D4F8A4C0D2
:101DC000C4F8BC00C4F89C30624567D100221146BB
:101DD000D4F8ACE0714569D193422CBFC4F8B0305F
:101DE000C4F8B02015B1D4F8B83033B9B8F1000F49
:101DF0006FD0D4F8C030002B6BD03146384600F09D
:101E0000BBF8054610BB04F15C08E66504F1C405A7
:101E1000284608F029FF38462F4918F067FD4FF093
:101E2000FF324FF0FF33284608F0F8FE31463846BF
:101E300018F05DFD384618F02AFC404618F0B9FB52
:101E4000054600283BD1B3889A040AD4E36D13B148
:101E50009B889B0405D40023236604F16C0008F0E2
:101E6000A3FE2846BDE8F081636F002B7FF477AFB7
:101E7000236E9E427FF473AF7AE72B68C4F8A030DC
:101E8000002B3FF47AAF6B6878E7D8F80030C4F8DD
:101E9000A830002B84D0D8F8043082E7D4F8A01002
:101EA00001EBC201496801320B448DE7D4F8A80068
:101EB00000EBC10CDCF804C0013162448AE710F188
:101EC000740FC3D1384618F04BFD404618F071FB33
:101ED000BCE76FF01505B9E7C1A703000246184833
:101EE00010B582420AD94FF05023D3F858359B07DA
:101EF00003D1144B9A4228BF184610BD15D0124882
:101F00008242FAD2114B9A4211D8114B9A4210D800
:101F1000104B9A420FD8104B9A420ED80F4C104BD0
:101F20001048A24298BF1846E7E71046E5E70E487A
:101F3000E3E70E48E1E70E48DFE70E48DDE700BFC4
:101F40000024F4000048E80100127A00FF083D0078
:101F50007F841E003F420F001FA107008FD00300A7
:101F600048E8010090D0030000093D0080841E0075
:101F700040420F0020A10700F0B50569064695F81C
:101F800028300C468BB00BB3EA6A0B689A421DD11D
:101F90002A6B4B689A4219D195F84030087D9842D7
:101FA00014D1B5F844200B8B9A420FD16B6B8A6821
:101FB000002877D0934209D1AA6BCB685A4032F4FB
:101FC0007F4003D1EA6B0B699A4269D0A288100561
:101FD00000F1828012F0090040F0818002F4FC637D
:101FE000B3F5807F7BD12168404B994277D92B682C
:101FF0007768D3F80835591C10D012F0020203F0AC
:102000001F0C4FF001014FEA531352D1002B4ED059
:102010008B4267D1364B01FA0CF1D9604FF0FF3398
:1020200021680393BB7F08468DF81230FFF756FFF7
:10203000BB69984203D20846FFF750FF0346059359
:10204000A388990703F004023DD5002A0CBF0222A1
:102050000322C3F300138DF819304FF0FF330793B9
:1020600097F820308DF818208DF8203001238DF856
:1020700023308DF8243095F8283033B3694628464C
:1020800019F095FC60B905F12C0304F11C0254F819
:10209000041B944243F8041BF9D1012385F828302E
:1020A0000BB0F0BD9A4291D1AA6BCB688CE7114B73
:1020B000B1E733B1012B17D10D4B01FA0CF1996047
:1020C000ACE70C4BF9E79208C3E73346694628466C
:1020D000094A19F04CFCD5E76FF08500E0E76FF096
:1020E0001500DDE7D260FFDE8060FCE747E8010015
:1020F0000028845000258450B7A8030001238340A2
:1021000070B5DC430C4AD2E8EF1F01EA0405C2E8CF
:10211000E65F002EF7D14FF4803282400748C0F8C6
:102120000823BFF35F8FBFF36F8F03EA010000380E
:1021300018BF012070BD00BF046500200050015091
:1021400070B4124922F07F46D1E90034D01AC31886
:1021500044F10004C1E90034A6F50013B3F5400FC3
:1021600009D20B4B1B681A0A1B069C19094B42F13A
:102170000005C3E90045EFF31181202383F31288A2
:10218000BFF36F8F70BC09F081BD00BF9046002087
:102190000865002098460020D9B101230D4A8340EC
:1021A000D2E8EFCF4CEA030CC2E8E1CF0029F7D127
:1021B0004FF48033084A8340C2F80433074BD3E816
:1021C000AF3FC340DB0742BF4FF40012044BC3F8DC
:1021D0000021704704650020005001500065002078
:1021E00000E100E00D4B1868010A0006BFF35F8FA5
:1021F0000B4BD3F80435181841F10001B3F5801FDB
:102200000AD2084BD3E90023904271EB030303D2B7
:1022100010F1807041F10001704700BF0865002097
:1022200000500150984600202DE9F04F85B0164629
:102230001F4604469DF840A0FFF760FF0190FFF79E
:10224000D1FFB04271EB07035CD23B4B301A67EB16
:102250000101984271F1000109D36FF01505204684
:102260000199FFF799FF284605B0BDE8F08F334B81
:1022700003EB0413D3E902239F4208BF96424ED0DA
:102280004FF480382E4908FA04F8204626F07F4B98
:10229000C1F8488318F0BBFB4FF00309584604F11E
:1022A0005005AD00ADB205F1502504F5A87305F554
:1022B00080350293029A20F07F4341F82230C1F822
:1022C0004483D1F804351F4AC01A033820F07F40F8
:1022D000904224D9286868B1D1F80435A3EB0B00EB
:1022E00020F07F40B0F5000F039318D9204618F076
:1022F0008EFB039BBAF1000FAFD109EB030009F18C
:102300000109D7E7BAF1000FA7D101230E4AA34074
:10231000D2E8EF0F1843C2E8E10F0029F8D10749CE
:102320000E982301C8500F9B01EB04120025C2E94F
:102330000267536093E700BF0100800080460020E1
:1023400000500150FDFF7F00006500207FB5002593
:102350004FF0FF304FF0FF31194C1A4B0226C4F8F2
:102360000833C4F84833184BC4F80855C3E90201D0
:102370004FF480334FF40012C4F80433134B01219F
:10238000C4F804631520C3F880212A46F3F784FDBE
:102390001520F3F751FD01230D4AA360236013605C
:1023A0000C4B0D4A009328460023CDE90155FFF759
:1023B0003BFF3046FEF7BAF9284604B070BD00BFB7
:1023C0000050015003000F008046002000E100E0B3
:1023D0000465002041210200FFFF7F002DE9F34D3D
:1023E0002C4BD3F8042391070BD5D3F8042142B129
:1023F0000022C3F80421284AD3F8043113680133BA
:102400001360244CD4F80433DA033DD5234BD3E8CE
:10241000EF2F22F00101C3E8E01F0028F7D1D30716
:1024200002D4D4F840317BB30025C4F84051D4F82D
:102430004031FFF7D7FEEFF31182202383F3128898
:10244000BFF36F8F164BD3E90267B042B9411ED379
:10245000D3E900184FF0FF3A4FF0FF3B1D60C3E98E
:1024600002AB4FF48033C4F84833C4F84051D4F879
:10247000403182F31188BFF36F8F29B132463B465A
:102480000020CDF80080884702B0BDE8F08D2946D5
:10249000EFE700BF005001500865002000650020F4
:1024A0008046002030B5431C124C85B005D08442D4
:1024B000A8BF0446012CB8BF0124FFF793FE0E4BC2
:1024C0000C4DD3E90013401AB0F5000F0FD22218BB
:1024D000AA4228BF2A46002052180849CDE9010027
:1024E000009143F10003FFF79FFE05B030BD2A467F
:1024F000F1E700BFFFFF7F0090460020412102006E
:1025000008B5FFF76FFE024B1B68C01A08BD00BF7D
:1025100090460020012310B5074C15206360F3F7A7
:1025200099FC4FF40012054BC4F80833C4F8483343
:10253000034BC3F8802110BD0050015003000F0071
:1025400000E100E037B504690D4694F839304BBB23
:102550000B7B022B29D10B680BBB94F838204B68FE
:10256000D2B9134A591E914219D8636320460DF11E
:10257000070119F09FFB10F10C0F0BD0AB689DF811
:10258000070013B104EB8002536194F83830013333
:1025900084F8383003B030BD626B9A42E6D06FF0F9
:1025A0001500F7E76FF00F00F4E76FF08500F1E733
:1025B000FEFFCF0710B50022046901211820F3F7B0
:1025C0006BFC00232046BDE810401946014A19F073
:1025D0004DBB00BFD9250200B0F5827FF8B50C468F
:1025E00002D10B4808F0E0FA01270A4E04B9F8BD01
:1025F00094FAA4F5B5FA85F506EB85035B6913B18A
:1026000029460548984707FA05F524EA0504EDE749
:10261000502C0020142C00202CFF030010B5074C78
:10262000237843B906481BF05CFC08B101232370F2
:102630002078013810BD0020FCE700BF216F00208A
:102640006C010400064B1B7843B1064B1B682BB191
:102650008168C088003918BF01211847704700BF42
:10266000226F00200C65002010B5074C237843B979
:1026700006481BF036FC08B101232370207801388E
:1026800010BD0020FCE700BF226F00200C010400F9
:1026900002282DE9F04140D0012840D1214F40428D
:1026A00000F00C04E519B5F806E0385929794EF424
:1026B00080320126D0F810C01EF0010FDCF8003087
:1026C00006FA01F614BF3343B343D0F80880CCF8C0
:1026D0000030D8F80030984708BBEB883859297982
:1026E00003F04003826805699469C4B101222D6832
:1026F0008A402A420CBF43F0986383F0307323F082
:10270000794323F47F0323F47F43A446BDE8F041DB
:102710004FF4800223F0BF0360470020BEE7BDE80E
:10272000F08100BF9C280400014B1860704700BF77
:102730000C650020022837B51CD001281CD10F4B96
:10274000404200F00C00C2181858147905698368DB
:1027500001A95B68984740B92B680198584001234C
:10276000A3401840003818BF0120003818BF0120CE
:1027700003B030BD0020E2E70020F9E79C28040008
:102780000346012B084608D841B10C21044A01FB3D
:1027900003231B890380012070470020704700BF7E
:1027A0009C28040010B5074C237843B906481BF059
:1027B00098FB08B1012323702078013810BD002058
:1027C000FCE700BF236F00204C0004001FB5134C32
:1027D0002378CBB912481BF084FBB8B101232370D6
:1027E0001022002168461DF05AF840F6B8330193D4
:1027F00002230B488DF80C30836869469B68984724
:10280000084B0028186004DB002004E02378002B2C
:10281000E6D14FF0FF3004B010BD00BF246F0020A0
:102820002CFF03001065002008B5034800218368D1
:102830001B689847C01708BD2CFF0300024B19689E
:1028400002488368DB681847106500202CFF0300EE
:1028500037B503460C46D1B10E4A0A600E481946F8
:10286000826815696A46A84778B9DDED017ADFED1F
:102870000B6AB8EEE77AC7EE267A9DED007AB8EEDD
:10288000C77A77EE877AC4ED007A03B030BD084688
:10289000FBE700BF0000C07F8C01040000247449E6
:1028A00010B5074C23782BB906481BF01AFB18B15A
:1028B00001232370002010BD6FF01200FBE700BF62
:1028C000256F00208C010400054B1B7823B10548BF
:1028D0004C218368DB6818474FF0FF30704700BF1A
:1028E000256F00208C010400044B01461B7813B1B6
:1028F0000D20FFF7ADBF4FF0FF307047256F002070
:10290000044B01461B7813B11020FFF7A1BF4FF015
:10291000FF307047256F0020044B01461B7813B130
:102920000E20FFF795BF4FF0FF307047256F002056
:10293000044B01461B7813B12820FFF789BF4FF0E5
:10294000FF307047256F002002484C218368DB6808
:10295000184700BFAC01040010B5FFF7F5FF0028D1
:1029600005DB034B1B6813B1BDE81040184710BDD1
:102970001865002010B4034607480A4681688C6831
:1029800024B1194623465DF8044B18476FF05700F1
:102990005DF8044B704700BFAC010400BDEEC00AF7
:1029A000002213B501468DED000A019205488368A7
:1029B0001C681CB16B46A04702B010BD6FF05700F9
:1029C000FAE700BFAC01040010B50E4C237883B9C0
:1029D0000D481BF086FA70B101232370B3EE090A8B
:1029E0000320FFF7DBFF48B9B3EE090A0720FFF722
:1029F000D5FF002004E02378002BEFD14FF0FF300B
:102A000010BD00BF266F0020AC01040070B586B079
:102A100006460D4614460021182268461CF03FFF6A
:102A20001D486A46836803211B6998477EB1DDED26
:102A3000017ADFED1A6AB8EEE77AC7EE267A9DEDE5
:102A4000007AB8EEC77A77EE877AC6ED007A7DB164
:102A5000DDED037ADFED116AB8EEE77AC7EE267A8C
:102A60009DED027AB8EEC77A77EE877AC5ED007AE7
:102A70007CB1DDED057ADFED096AB8EEE77AC7EEE5
:102A8000267A9DED047AB8EEC77A77EE877AC4EDA0
:102A9000007A06B070BD00BFAC0104000024744988
:102AA00070B586B006460D461446002118226846C9
:102AB0001CF0F5FE1D486A46836807211B6998478C
:102AC0007EB1DDED017ADFED1A6AB8EEE77AC7EE86
:102AD000267A9DED007AB8EEC77A77EE877AC6ED52
:102AE000007A7DB1DDED037ADFED116AB8EEE77AA9
:102AF000C7EE267A9DED027AB8EEC77A77EE877A2E
:102B0000C5ED007A7CB1DDED057ADFED096AB8EE3E
:102B1000E77AC7EE267A9DED047AB8EEC77A77EEAB
:102B2000877AC4ED007A06B070BD00BFAC01040026
:102B300000247449014B1860704700BF18650020DD
:102B400008B5074B1B6843B106490748FFF712FF5A
:102B5000003818BF0120404208BD4FF0FF30FBE7AE
:102B60001865002059290200B62C0400002108B580
:102B70000348FFF7FFFE003818BF0120404208BDA0
:102B8000B62C0400014B1860704700BF146500208C
:102B9000014B1868704700BF1C650020014808F011
:102BA00003B800BFF8300020014807F077BF00BF2E
:102BB0006C2F0020F0B503788BB004460E46174604
:102BC00007AD032B20D8DFE803F002191B1D1149C4
:102BD0002846EEF77FFF0595637839460493A3787E
:102BE00030460393E3780C4A029323790193637987
:102BF0000093A3790DF032F80BB0F0BD0749E7E779
:102C00000749E5E70749E3E70A212846064A0DF0A8
:102C100025F8E0E7222F0400B02F04008E2F0400D7
:102C2000952F04009F2F0400A92F0400F0B504463F
:102C300089B00021164668461E221D461CF02FFE54
:102C40002046F7F72BFD0746204612F0D0FD1E2246
:102C50006946FFF7AFFF204612F09BFD012811D90E
:102C6000F42D0FD8FC2009F05FFA044650B131462C
:102C7000C58007712A4608301CF0EBFD2146034849
:102C80001BF0CBFA284609B0F0BD00BF4C31002044
:102C900070B588B00646F7F701FD0446134D30467F
:102CA00012F0A5FD1E226946FFF784FF55F8343067
:102CB000B34212D14FF0FF334FF0FF320C4807F010
:102CC0007BFE55F83400F7F7CFFB002345F834308E
:102CD00005EBC4052B71FFF767FF064B5B681BB163
:102CE000002269462046984708B070BD4C65002018
:102CF0006C2F00205C65002070B594B01646054628
:102D0000F7F7CCFC0446284612F071FD01A91E22FB
:102D1000FFF750FF284609A9F8F71CF88EB99DF86F
:102D20002520012A0BD10A4B03EBC4031A71094B6E
:102D30005B6823B104220DEB02012046984714B0D2
:102D400070BD044B5B68002BF9D0032201A9F4E7A6
:102D50004C6500205C6500202DE9F04194B0884668
:102D60000446F7F79BFC054600272046304E12F03C
:102D70003EFD1E2201A9FFF71DFF06EBC5031F71D3
:102D8000B8F1000F1CD056F83530A34215D14FF0E2
:102D9000FF334FF0FF32274807F00EFE56F835009C
:102DA000F7F762FB46F83570FFF7FEFE224B5B68D3
:102DB0001BB13A46284601A9984714B0BDE8F081F6
:102DC0000221204612F0B0FC4FF0FF334FF0FF32EB
:102DD000184807F0F1FD56F8353023B9204612F0B7
:102DE00039FC46F83500FFF7DFFE09A92046F7F762
:102DF000B1FF2046F7F752FC104A114B114620460E
:102E00001360FAF719FA0F4B69462046009312F047
:102E1000F4FC9DF82530012B03D120460A4912F01D
:102E200033FD054B5B68002BC7D00222C2E700BF11
:102E30004C6500206C2F00205C6500202065002080
:102E4000F1AA030000000202BA2C040010B5074CDE
:102E5000206838B112F0A3FA28B9206812F0F6FA07
:102E600000B9206010BD4FF0FF30FBE7486500203F
:102E70002DE9FF410646FFF7E9FF8EB14FF001084B
:102E80001D4F1E481E4C00212246F6F775FE0546D2
:102E900058B1002323604FF0FF3004B0BDE8F0814B
:102EA0004FF00308174F1848ECE7009003463946E7
:102EB0004246206812F09EFA074620B1206812F0C0
:102EC000C5FA2560E7E7F5F7E1FD024620B1206885
:102ED00012F0BCFA2760DEE716B10C49FBF76AFB7B
:102EE0000025206803A9ADF80C508DF80E50F6F7B8
:102EF00075FE0028D1D0E1E72C290400C42C002065
:102F000048650020AC2C0020D82C002055AB0300D5
:102F10000128034609D8064A52F8300010B102EBE6
:102F2000C302107900F0010070470020FAE700BFEB
:102F30004C65002038B505464FF0FF324FF0FF33A7
:102F4000084807F039FD2846FFF7E2FF044628B19C
:102F5000054B53F8350012F07DFB0446FFF724FEC5
:102F6000204638BD6C2F00204C6500202DE9F04331
:102F7000264F93B04FF0FF324FF0FF33244807F055
:102F8000DDFD04460079FFF7D5FF054618B9204658
:102F90001BF051FEEEE707A9F7F7DCFE28269DF8A7
:102FA0001D80B8F1010F2ED118220021B4F806902F
:102FB00001A81CF074FC04F1080342463946284677
:102FC00002970393ADF8109014F088F8C0B101A9EE
:102FD0002846FAF72DF801462079FFF799FF58B1F6
:102FE00051B111F1780F01D00C3105D142200021EF
:102FF0001BF04AFB013ED2D12846F7F735FAC6E767
:103000006FF01501E8E70021E6E700BFDC280400C7
:103010006431002070B50D4E4FF0FF324FF0FF339A
:103020000B4807F08BFD057904462846FFF770FF33
:1030300018B920461BF0FFFDEEE73368002BF8D0EF
:103040002846E28804F108019847F2E75C65002011
:103050004C31002008B5064B53F8300030B1132135
:1030600012F01EFBB0FA80F0400908BD0120FCE719
:103070004C6500202DE9F04107460E461446FFF747
:1030800059FF804618B94FF0FF30BDE8F08113F0CA
:10309000E8FF05464046063DF7F7E6F9AC42F2D8B0
:1030A000F42CF0D8FC2009F03FF805460028EAD0BF
:1030B00022463146C480077108301CF0CAFB034821
:1030C00029461BF0AAF82046DFE700BF6431002044
:1030D000F7B5324F16463A780C46002A5BD123B139
:1030E0002F4A19685B6811605360A0B16A462D4988
:1030F000F4F774FF00280FDB9DF8063003F0C003DF
:10310000C02B08D10123002168468DF80030F6F766
:1031100099F8002800DB1CB94FF0FF3003B0F0BD78
:103120002046EEF7DFFC431E1F2B0546F4D802466F
:1031300021461D481CF08DFB1C4B1D485D741D4B2A
:103140001E60F9F7DFFB1C48F7F7FEFE0028E3D10D
:103150001A48F7F715FF0028DED11948F5F7B6FC35
:103160000028D9D14FF0FF324FF0FF33154807F058
:1031700055FD2046F5F788FA10B1F5F7FDFBCBE7D2
:103180001148F2F787F801233B7010481BF095FABD
:103190000F481BF092FA0020C0E700BF276F002005
:1031A0005C650020222F04001A2E0020AC2C002089
:1031B000942C00201C650020782C0020682C002016
:1031C0009D2B0200F8300020593604007047002083
:1031D000A0460020012330B58FB004460D4607A855
:1031E00006A90693F6F71CF8069B13B312220021DA
:1031F00009A81CF054FB9DF81D30122104939DF882
:103200001E300D4A03939DF81F3009A802939DF8C4
:10321000203001939DF8213000939DF822300CF06E
:103220001DFD2A46204609A91CF09FFB00200FB077
:1032300030BD6FF00100FAE7F0390400F0B5104F2F
:1032400005463B680C46C7B063B101AE4FF48072CF
:10325000304606A905F094FD2246304609491AF089
:103260008DF810B94FF0FF3007E028463B68B2896F
:1032700006A998470028F5D0606847B0F0BD00BFA8
:1032800064650020C80B040000232DE9F043ADF570
:103290000B7D064608AF04A8039306F079F83A467A
:1032A000474904A81AF0E2F80DF10C08054628B9C0
:1032B000002528460DF50B7DBDE8F0833B78012BFA
:1032C00005D0042BF4D17B68002BF1D103E07B689F
:1032D0000BB9FF2EECD138897A2812D8632801D88F
:1032E00000240BE00124A0F164039BB29C40354B09
:1032F0002340002B54D1344B1C4049D12046254655
:103300000EE0D6283AD8C728EAD945F21F55A0F1D1
:10331000C8039BB2DD4015F0010549D12C46284673
:10332000D8F800300DF59279A9F80830002DBFD0FB
:103330003B78042BBDD0FF2E03BF042389F8003057
:103340000023C0F103001CBF7B6889F800004946D8
:103350003046C9F80430FFF771FF002CA9D099F866
:103360000030022BA5D1042389F800300023494600
:10337000FF20C9F80430FFF761FF9AE7B0F5C87F76
:10338000AED1424600964CAB0BA900F083FA0DE09B
:10339000424600964CAB0BA900F05AF82C46BFE70A
:1033A000424600964CAB0BA900F052F80024B7E758
:1033B000424600964CAB0BA900F0D0F9F6E700BFEF
:1033C000C80B040075A854000A040100014B1860E2
:1033D000704700BF64650020702310B50360084B80
:1033E0000C465B6A0BB9002010BD01F10C02201DD8
:1033F000083198470028F6D001232370F4E700BF76
:1034000068650020002310B58AB00B604B600B810B
:103410006D2303600D4B0C461B6913B900200AB0E5
:1034200010BD01A898470028F8D001232370019B04
:10343000A370029BE370039B2371049B6371059B44
:10344000A371069B03F5FA632381E8E76865002012
:10345000F0B51C46002364389BB00E461746136037
:10346000162800F2C080DFE810F0170024003C00AE
:103470004800410082008A00BE00BE00BE008D00F0
:103480009C00BE001001BE00A300A800BE00B40056
:10349000BE003700BE0031016B233B60964B1B68BA
:1034A000002B00F0A080202120461BB0BDE8F0409A
:1034B0001847914D6B686BB10846984706466B23D9
:1034C0002D683B6015B320212046A84706EA00037B
:1034D000DDB21BE01E46F2E779233B60864B9B681A
:1034E000DEE76C233B60844BDB68D9E72146384636
:1034F0001BB0BDE8F040FFF785BF0B784BB9002546
:1035000021463846FFF77EFF0540EDB228461BB046
:10351000F0BD8B7891F902C03B2BF0D8CB7891F9B4
:1035200003503B2BEBD80B7991F90400172BE6D80D
:10353000737991F905101F2BE1D8B37996F906201C
:103540000C2BDCD8B6F90830A3F5FA639EB2642ED2
:10355000D5D8CDE90423684BCDE900C55B69CDE939
:103560000201002BCBD0684698470546C8E7624B5E
:10357000DB69002B37D01BB0BDE8F04018475E4B2D
:103580009B69F6E70D783DB15B4B1D6A25B10A7B5F
:103590003079097AA847054621463846FFF71CFFCF
:1035A000B2E7214638461BB0BDE8F040FFF714BF34
:1035B00075233B60504B9B6A72E74F4DEB6A33B10A
:1035C0000846984706467523AD6A3B607AE71E4673
:1035D000F9E777236C223B60002120461CF05FF95D
:1035E000454B1D6B0DB9002590E768220021684608
:1035F0001CF055F96846A84705460028F3D020225C
:10360000694620461CF0B1F9302208A904F12100D6
:103610001CF0ABF9149BBDF8642063659DF8543031
:10362000A4F8682084F858309DF8553084F8663046
:103630009DF8563084F859309DF8573084F85A3048
:103640009DF8583084F85B309DF8593084F85C3030
:103650009DF85A3084F867309DF85B3084F85D300F
:10366000BDF85C30A4F85E30BDF85E30A4F8603080
:10367000BDF86030A4F86230BDF86230A4F8643060
:103680009DF8663084F86A3040E7722314223B606C
:10369000002120461CF003F9174B5D6B002DA2D0D2
:1036A0001422002168461CF0FAF86846A84705462F
:1036B000002898D09DF800302370019B6360029B26
:1036C000A360039BE360049B23611FE77B228DF8CB
:1036D00000303A602380084B9B6B002B83D06946F7
:1036E00030789847054600283FF47DAF3378237043
:1036F0009DF80030637009E7686500200F4B026891
:103700001A6042685A6082689A60C268DA60026928
:103710001A6142695A6182699A61C269DA61026A10
:103720001A62426A5A62826A9A62C26ADA62026BF8
:103730001A63426B5A63826B9A6370476865002014
:10374000CD23036000230B70034B9B680BB108462D
:1037500018471846704700BFA465002070B51C4686
:103760000023C83888B00D46164613600E280ED8C0
:10377000DFE800F0082E3A3D440D0D0D6F0D540D9D
:103780005D0D6600CE231360364BDD680DB9002059
:103790001CE007AB019306AB009304AA05AB03A999
:1037A00002A8A8470028F2D00123002223806260EB
:1037B0002372029A2376059BE260E361039A069BDB
:1037C00022612362049A079B6261636208B070BD44
:1037D000244B1D680DB1A847054621463046FFF72A
:1037E000AFFF2840C0B2F1E71E4B5D68F2E721460B
:1037F000104608B0BDE87040FFF7A2BFCF231360AA
:103800000B68236000236360164B1B69002BBED03E
:103810002868211D08B0BDE870401847D323136005
:103820000B682360002363600E4B5B69EEE7D523D2
:1038300013600B682360002363600A4B9B69E5E714
:10384000D72313600B68236000236360054BDB699B
:10385000DCE7D12313600B68236000236360014B16
:103860001B6AD3E7A4650020094B02681A6042680E
:103870005A6082689A60C268DA6002691A614269B5
:103880005A6182699A61C269DA61026A1A62704792
:10389000A4650020B0F5C87FF8B51D460C464FF072
:1038A000000302D013600020F8BD40F29111254EB4
:1038B00011602B706B6094F9F67033682F72002BD7
:1038C000F1D0B3699847874202DB05232B70EAE702
:1038D0002378013B032B1DD8DFE803F0021E2A31B9
:1038E000D4F8CC303BB93368D4F8D01094F8F60053
:1038F00098470028E9D07768D4F8CC30628894F8EB
:10390000F600211DB8470028DFD001232B70736912
:10391000984768600120C7E7B368B4F8D42094F8EA
:10392000F60004F1D60198470028CED00223EDE737
:10393000F36898470028C8D003232B70EAE733695F
:103940009847E7E7C8650020D0F800C0F0B5BCF1A3
:10395000000F13D047688FB186687EB105696DB1DD
:10396000C4685CB1416949B182693AB1044BC3E9A9
:1039700000C7C3E90345C3E905129E60F0BD00BF5F
:10398000C86500204FF40071014808F037BD00BF42
:10399000286F002008B5F1F743FEF1F729FF0E4B21
:1039A0000E4A92E803000E4A83E8030092E80300FF
:1039B0000C4B0D4A83E8030092E803000B4B0C4AC2
:1039C00083E8030092E803000A4B83E80300BDE8A4
:1039D00008400AF043BB00BF08660020AC2400206A
:1039E000A4240020FC6500209C240020F065002019
:1039F000B4240020E4650020F0B5816885B010395A
:103A0000054621F007040FF08AF86A460A4B03F1D5
:103A10001007164618685968083303C6BB42324679
:103A2000F7D110236A46214628460FF04AF800389D
:103A300018BF012005B0F0BDD22C040030B50D46F2
:103A4000816887B0102302AA103904460FF024F8C9
:103A5000002802DA012007B030BD1022204602A95A
:103A600017F013F900283AD110221E4902A81BF0C2
:103A700025FF00280CBF012302232B70204617F0DE
:103A8000FEF8012301460DF1070220460FF004F86D
:103A90000028DFDB9DF80730204603F00F021B09EA
:103AA0006A702B7101220DF1070117F0EEF810B9C1
:103AB0006B78042B03D901236B7000232B71A26850
:103AC0002046183A22F00702083AA91C17F0F0F82D
:103AD0000028BFD12046E91C17F042F9BBE70323B9
:103AE000CBE700BFD22C040013B50C4B0C4603EB04
:103AF000C00001A90079F1F7AFFA014660B9221EB2
:103B000018BF0122019817F048F9044601980EF0F9
:103B1000C2FF204602B010BD0124FAE73429040098
:103B200008B517F07CF958B1664BD3F8202A3AB99A
:103B30000D21C3F8201A0121C3F81C19C3F81C2950
:103B40000022D30003F57F03D3F80013013107D01F
:103B5000D3F800130132D3F80433202A0B60F0D1DC
:103B600017F05DF9002840F0A48017F058F940B133
:103B7000554B564AC3F830254FF050230122C3F865
:103B800058254FF47F03D3F83021D3F83431072A76
:103B900006D1023B012B9EBF00224D4BC3F84C25A2
:103BA00017F03DF950B14FF05023D3F80024D1075E
:103BB00042BF0022C3F81421C3F818214FF47F0339
:103BC000D3F83021D3F83431072A09D14FF05023EC
:103BD000D3F80024D20744BF6FF00102C3F80024D9
:103BE00017F01DF918B16522364BC3F80C274FF4B6
:103BF0007F03D3F83021D3F83431072A16D1344B60
:103C0000D3F82034002B11DA4FF050230322C3F8ED
:103C1000182501229A60D3F80421002AFBD0002243
:103C2000C3F804210122DA60C3F818254FF47F039A
:103C3000D3F83021D3F83431072A20D1023B022BAC
:103C40001DD97E221F4B2049C3F80C27C3F83C29FD
:103C50007F23204AC2F818310023C1F8043EC1F87E
:103C6000083E01F54821C1F81031C2F82431C2F8EC
:103C70002C3102F5FF1202F58052C2F8A032164B29
:103C80001649D3F88C2042F44062C3F88C200868AF
:103C9000134AC2F84405C969C2F84C15D3F8882004
:103CA00042F47002C3F88820BFF34F8FBFF36F8FC9
:103CB00008BD2922034BC3F80C270322C3F83C2775
:103CC00053E700BF00400050009003504400EFBE97
:103CD000002003500020005000ED00E00080FF00B5
:103CE00000600050074B090432B1603003EB001351
:103CF0005960BFF34F8F704703EB0013C3F80816EA
:103D0000704700BF00100850014B17F0CDB800BF3E
:103D1000E53C0200014B1860704700BF14660020AC
:103D200010B5054B1446186817F08BF80028A4BF8F
:103D30002070002010BD00BF146600200123024A3D
:103D40008340C2F80435704700700150014B0020D9
:103D50001B68184718660020014B1B68184700BFF6
:103D600018660020014B09201B68184718660020C0
:103D7000014B08201B6818471866002010B5144C2A
:103D8000237913BB01232371124B0028206018BF35
:103D9000184600F03BF8D0B923680F48002B08BF45
:103DA000184600F0BDF890B923680C48002B08BFF6
:103DB000184600F0FDF850B923680948002B08BFE9
:103DC0001846BDE8104000F067B86FF0770010BDEE
:103DD000186600204D3D0200653D0200593D02007D
:103DE000713D020008B5074B1B6833B10520F2F79F
:103DF00045F810B90520F2F71FF80122024B1A709E
:103E000008BD00BF1866002028710020074B02463D
:103E1000187938B91A6001221A714FF05023C3F88B
:103E2000142570476FF07700704700BF20660020B0
:103E30004FF050230022C3F80021D3F800210122C3
:103E400008491A60096811B1C3F804237047D3F810
:103E50000021002AFBD00022C3F80021D3F8003152
:103E6000704700BF206600204FF05023D3F8042392
:103E7000D2070DD5D3F8002152B10022C3F800219A
:103E8000D3F800210122C3F80823024B1B6818470E
:103E9000704700BF20660020054B0246187918B90C
:103EA0001A6001221A7170476FF07700704700BFE7
:103EB000286600204FF050230022C3F82021D3F8B9
:103EC000202101229A61094A126822B14FF48072BE
:103ED000C3F804237047D3F82021002AFBD0002226
:103EE000C3F82021D3F82031704700BF2866002096
:103EF0004FF05023D3F80423D2050ED5D3F8202158
:103F00005AB10022C3F82021D3F820214FF4807247
:103F1000C3F80823014B1B68184770472866002028
:103F2000074B0246187938B91A6001221A714FF00E
:103F30005023C3F8802570476FF07700704700BFAB
:103F4000306600204FF050230022C3F82421D3F81C
:103F5000242101221A62094A126822B14FF4007228
:103F6000C3F804237047D3F82421002AFBD0002291
:103F7000C3F82421D3F82431704700BF30660020F5
:103F80004FF05023D3F8042392050ED5D3F8242103
:103F90005AB10022C3F82421D3F824214FF400722F
:103FA000C3F80823014B1B68184770473066002090
:103FB000074B0246187938B91A6001221A714FF07E
:103FC0005023C3F8182570476FF07700704700BF83
:103FD000386600204FF0502310B5D3F818141E4C4B
:103FE00011F4803FD3F818241BD002F00302022AF8
:103FF00002D0012A12D101224FF05023C3F8182514
:104000000022C3F80421D3F8042101229A60226817
:10401000A2B9D3F80421002AFBD017E016F0FCFF68
:10402000E9E7D3F81424D207E5D5D3F81C2402F02D
:104030000302013A012AF1D822681AB10222C3F818
:10404000042310BDD3F80421002AFBD00022C3F8BA
:104050000421D3F80431F4E738660020F8B54FF0B6
:10406000502301250026D3F80443184F04F082049E
:1040700004B9F8BDB4FA84F0C0F11F00830003F561
:1040800080739BB203F1502305FA00F2196892B2D3
:1040900024EA02040029EBD01E601B684FF0502375
:1040A000022AC3F808230DD1D3F81814D3F8181432
:1040B00001F00301012905D1C3F81825C3F8042331
:1040C0009960D5E73B68C0B29847D1E738660020D1
:1040D000036803F01F025B09026004D0012B034850
:1040E00018BF002070470248704700BF0028845066
:1040F00000258450034A4309D35C00F01F00184494
:10410000C0B2704785410400024611F0010010B5AD
:104110000BD18B07C1F340000DD50749086A5060E9
:104120000862003818BF012005E0044C236A1360C0
:104130002362002BEDD010BD002884500025845050
:10414000F7B504460846FFF7D5FF04EB4006B38AEF
:104150000D46DB072AD5204617F060F82946204691
:1041600016F0CDFF50B1204616F0DFFF0023276880
:1041700007EB8000C0F81035C0F8103529462046FE
:1041800016F0FCFF002101A8B1820195FFF7A0FF06
:10419000019B00EB8300D0F80022064B134043F054
:1041A0000203C0F80032084603B0F0BD6FF01500FE
:1041B000FAE700BFF0F0FCFF70B590F88C400546C0
:1041C00090F88D6024BB2146602214301BF067FB01
:1041D0002146114B286853F836608E420ED10024D8
:1041E000C0F87C41D0F87C3140F30730F1F724FE71
:1041F0000123204685F88C30AB6770BDCBB29B00A5
:1042000003F580727C2B04BF845083580131E4E7AE
:104210006FF07700F1E700BF4429040090F88D00AB
:10422000024B03EB800016F026BE00BFF02C0020EE
:1042300010B5064B90F88D000C4603EB800016F08D
:1042400000FE0028A4BF2070002010BDF02C00202C
:104250002DE9F04F804658F804AB90F88D40DAF81D
:1042600004136A4BC9B2074653F8342050468BB04A
:1042700041F0004116F0ABFF051E39DA0023CDE90D
:104280000833624BE60003EBC404636808A81946D0
:104290000093FFF739FF331D03934FF0000B5C4B86
:1042A0000DF120090293029A584912F8013B02923B
:1042B000039A02EBD3028A5C03F0070322FA03F3AA
:1042C000DB071BD40BF10103022B4FF0010B09F1AB
:1042D0000409E8D14FF000410022504616F077FF64
:1042E000009908A8FFF710FF0028D6D125F0004557
:1042F0000124002D73D10BB0BDE8F08F454B5B441A
:104300000493D9F80060002EDCD096FAA6F6B6FA2F
:1043100086F6049B1C7846EA44142046FFF7EAFE22
:1043200007EB4000818AF208C1F3820305930193F1
:10433000012319F8020006F0070603FA06F620EA40
:10434000060009F8020007A80794FFF7C1FE079AC4
:1043500011F0100F02F1800250F82260059BC6F3A5
:10436000014623D04046019A214616F0E8FE07A8F0
:104370000794FFF7ADFE079BF6B2803350F8233069
:10438000C3F301439E4207D10021204616F0A8FE48
:104390003146204616F0A4FE07A80794FFF798FEC2
:1043A0000122079B02FA03F30362AAE7022E14BF5D
:1043B000022103212046059316F092FE059B032B54
:1043C00003D0022E07D1012BE6D121464046019AA7
:1043D00016F0B5FEE0E7032EDED1022BF4E795FAE6
:1043E000A5F3B3FA83F304FA03F225EA020503F511
:1043F000A2725AF8222007EB43034046B3F87C1020
:10440000C2F3014216F09BFE73E700BF442904008B
:104410009541040095410400F8B5084D0F462C79EC
:10442000164644B92A20F1F707FD012320462B71D7
:104430002F60AE60F8BD6FF07700FBE740660020AC
:10444000002330B50D4A50F8234003F5A271013323
:10445000102B42F82140F6D10023084A00F13C011C
:1044600003F5B27451F8045F0133102B42F8245065
:10447000F6D1D0F88030C2F8043330BD00A002502D
:104480000123024A8340C2F80433704700A002505F
:104490000123024A8340C2F80833704700A002504B
:1044A000F8B5012600270B4B0B4DD3F80C4304B98C
:1044B000F8BD94FAA4F0B0FA80F006FA00F324EA0A
:1044C0000304064B82009F502B68002BEFD0A96895
:1044D0009847ECE700A002504066002000A102507F
:1044E0000022034BC3F88425C3F80425704700BF9E
:1044F00000900350044AD2F80834DB07FBD5016072
:10450000BFF35F8F704700BF0090035008B5C0F342
:104510000B0383B90222094BC3F88425C3F8042591
:104520004FF0FF320260D3F80024D207FBD5FFF72B
:10453000D7FF002008BD6FF00C00FBE70090035090
:10454000012208B5054BC3F88425C3F80425FFF7FD
:10455000D1FFBDE80840FFF7C3BF00BF0090035084
:1045600010B50E4C2378ABB903780D4AC3F3400362
:10457000C2F8003B0378052003F00103C2F80437BA
:10458000F1F77CFC10B90520F1F756FC012300205F
:10459000237010BD6FF07700FBE700BF297100208A
:1045A000004000504FF0502310B5D3F8044361078A
:1045B0000AD5D3F808213AB10022C3F80821D3F86C
:1045C0000831124B1B689847A2060CD54FF05023B8
:1045D000D3F814213AB10020C3F81401D3F81431F0
:1045E0000B4B1B68984763060FD54FF05023D3F849
:1045F000182152B10022C3F81821D3F81831044B06
:104600000120BDE810401B68184710BD506600200F
:104610004C660020036803F01F025B09026004D0AF
:10462000012B034818BF002070470248704700BFA5
:1046300000288450002584502DE9F3470B7F044661
:104640005BBB4FF00108334D0E1F01F1100701F164
:104650000C0956F804AFBAF1FF3F1AD03B78CDF8F9
:1046600004A001A8002B4ED0FFF7D4FF019B08FA4D
:1046700003F3836001A8CDF804A0FFF7CBFF019BF3
:1046800000EB8300D0F800322B4043F00303C0F866
:104690000032B14507F10107DBD191F81DC00D8B48
:1046A0004F7D8E7D8A7EC87E2368BCF1000F0BD1C2
:1046B000D1E9008ED1E902C1C3F86085C3F864E591
:1046C000C3F868C5C3F86C1542EA0022C3F80C753C
:1046D000C3F80465C3F80855C3F810250023206803
:1046E000C0F81031D0F81021C0F80831D0F80821F6
:1046F000C0F80C31D0F80C3140F3073002B0BDE8FF
:10470000F047F1F799BBFFF785FF019B08FA03F328
:10471000C360AFE7F0F0FCFF00220121054B83F8F6
:104720003820054BC3F808131961C3F80025C3F8F6
:10473000002170475466002000B0025070B5114D42
:104740006C6BA4B14FF47A735C430A23B4FBF3F4AB
:104750000D4ED6F800316BB995F8393053B90A20AF
:1047600016F06DFB013CF4D16FF0730008E04CF2E1
:104770005034EDE795F8393003F0FF00002BF3D10A
:1047800070BD00BF5466002000B0025010B500227A
:104790000124094BC3F80045C3F800211C6028B16F
:1047A000FFF7CCFF20B9054B83F83840002010BD3F
:1047B0006FF07300FBE700BF00B0025054660020AA
:1047C0002DE9F04106461746984616F0FFFF0028EF
:1047D00063D106F06043B3F1005F61D1B3075FD1ED
:1047E000324C94F83030012B05D043455BD194F81E
:1047F0003830002B57D000232D4AB8F1020F0BBFE1
:10480000C2F81075C2F80475C2F81465C2F80865DC
:104810000CBFC2F81815C2F80C1584F8393023689B
:104820000CBF08250425C3B994F838306BB10022B9
:104830001F4B05F1A045C3F80021012305F52C35D8
:104840002B60BDE8F041FFF779BF0120FFF79EFF25
:1048500010F1740FEBD1BDE8F081A36823B1E660DD
:104860006161E7610020F6E7114AA6602161A76156
:1048700084F83080C2F800310123C2F8043394F880
:10488000382002F0FF0012B9FFF780FFEAE705F1D8
:10489000A04505F52C352B60E4E74FF0FF30DAE753
:1048A0006FF00C00D7E76FF00F00D4E754660020DC
:1048B00000B00250084B9A685A621A699A629A6963
:1048C000DA62DA689A6032B15A691A61DA699A6111
:1048D0000022DA60704770475466002000F01F0322
:1048E00040090FD001280FD10A4A02EB8302D2F807
:1048F0000002094B034043EA012343F00203C2F8DC
:1049000000327047054AF0E70022803352F8233026
:10491000FFDE00BF00288450F0F0FCFF002584502B
:1049200010B50E4B0238D3F83C26D3F8383607289A
:1049300013D8DFE800F0110F0D0B0A080604100E63
:10494000C871100C8871100A48710A711A0ECA7069
:104950001A0C8A701A0A4A700B7010BD00B002500F
:10496000023807281FD8DFE800F029272511232166
:104970001F04CB791B068A7943EA02434A7943EA4A
:1049800002230A7913430E4AC2F83C36CB781B0641
:104990008A7843EA02434A7843EA02230A781343B7
:1049A000074AC2F8383670470023E4E70023E5E7FA
:1049B0000023E6E70023EBE70023ECE70023EDE725
:1049C00000B002500268154BFF2A08BF4FF0FF32BB
:1049D000C3F824254268FF2A08BF4FF0FF32C3F80E
:1049E00028258268FF2A08BF4FF0FF32C3F8302520
:1049F000C268FF2A08BF4FF0FF32C3F834250269AE
:104A0000FF2A08BF4FF0FF32C3F838254269FF2A5A
:104A100008BF4FF0FF32C3F83C25704700B002508A
:104A200030B5194D8DB006AC0FCD0FC495E803001D
:104A300084E80300154906A8D1F82435DBB20093B9
:104A4000D1F82835DBB20193D1F83035DBB20293CF
:104A5000D1F83435DBB20393D1F83835DBB20493A7
:104A6000D1F83C35DBB20593FFF7ACFF0023C1F86A
:104A7000003101230B60D1F80031002BFBD06846D8
:104A8000FFF7A0FF0DB030BDB808040000B0025021
:104A900070B590F8293004461BB190F82A20002AFE
:104AA00042D16068FF2800F0A080A168FF2900F0D3
:104AB0009C80E268FF2A00F0988025690E2D40F066
:104AC0009480112840F09180122940F08E800D2AA8
:104AD00040F08B806269FF2A02D00F2A40F0858067
:104AE000A269FF2A01D0102A7FD1BBB9032111206E
:104AF000FFF7F4FEA068FFF7F1FEE068FFF7EEFEB7
:104B00002069FFF7EBFE6069FF2801D0FFF7E6FEA2
:104B1000A069FF2802D00321FFF7E0FE94F82A30B5
:104B200013B9201DFFF74EFF636A314D314E6B63A1
:104B300094F8293085F83A304FF47F03D3F83021C8
:104B4000D3F83431072A04D10123C6F80833FFF71C
:104B500067FF2368C6F84035A37F617F227F9B01F2
:104B600043EAC1031343E27F43EAC213C6F8443564
:104B70004FF47F03D3F83021D3F83431072A0FD113
:104B8000022B0DD094F82320D6F8443522BB43F4F1
:104B90004033184AC2F844354FF4C063C2F8403677
:104BA000144994F82030D1F8002622F07F4222F0F8
:104BB000FF02134394F8212043EA026394F8222071
:104BC00043EA426394F8232043EA0273C1F80036B3
:104BD0002B6833B9002070BD23F4003343F48033D5
:104BE000D7E72B20F1F728F9F4E76FF01500F2E78B
:104BF0005466002000B0025038B50D4C94F8305087
:104C000095B9C4E9001240B900200123C4E90200AB
:104C100084F8303084F8380038BDFFF739FF0028B9
:104C2000F2D06FF01500F7E76FF07700F4E700BF00
:104C3000546600202DE9F04104460F46154616F053
:104C4000C5FD002848D1DFF8A08098F83000012881
:104C500045D198F8383093B30123224EC6F8083373
:104C60004FF47F03D3F83021D3F83431072A01D130
:104C7000FFF7D6FE1FB139466078FFF771FE0027B7
:104C800088F83970C6F80071A37862781B0343EA8C
:104C9000022322781343E27843EA4233227943EA3B
:104CA0008233627943EAC233C6F83436FFF746FDF1
:104CB000743008D0C6F800714DB9002005E0FFF748
:104CC00065FD7430C8D16FF07300BDE8F0812946EE
:104CD0006078FFF725FEF0E74FF0FF30F5E76FF063
:104CE0000F00F2E700B00250546600201FB5002309
:104CF0000B4A02A802920DF1070211468DF8073007
:104D0000ADF80C30FFF796FF30B99DF8073013F07F
:104D1000010F18BF6FF00F0005B05DF804FB00BF76
:104D2000050200012DE9F8431A4E2B20F1F792F805
:104D3000FFF7F2FC96F83A3033BB174BD3F8240553
:104D4000D3F82895C0B2D3F83085D3F83475D3F8AA
:104D50003855D3F83C4516F056FD5FFA89F016F049
:104D600052FD5FFA88F016F04EFDEDB2F8B216F083
:104D70004AFDFF2DE4B202D0284616F044FDFF2C78
:104D800002D0204616F03FFD002386F83030BDE803
:104D9000F88300BF5466002000B00250044B93F823
:104DA00038300BB9FFF7F2BC6FF07700704700BFE7
:104DB0005466002008B5064B93F83030012B03D120
:104DC000FFF7AAFC002008BD6FF00F00FBE700BF53
:104DD00054660020034B93F83000003818BF0120C0
:104DE000704700BF5466002038B5054616F0EEFC4B
:104DF000B8BB8B0738D11F4B186818B193F8302017
:104E0000012A34D100221C4CC4F81C15C4F82055CA
:104E100083F8392090B993F8383043B10023C4F8AF
:104E200000310123E360BDE83840FFF787BC012073
:104E3000FFF7ACFC10F1740FF0D138BD042183F8FA
:104E40003010C4F800210122C4F8042393F838304C
:104E500003F0FF001BB9FFF799FC0020EDE7E260CB
:104E6000FBE74FF0FF30E8E76FF00C00E5E76FF08D
:104E70000F00E2E75466002000B0025010B5224B4C
:104E8000D3F8002192B10022204CC3F8002194F8FD
:104E9000381094F8302071B90121032A84F83810B1
:104EA00005D0042A05D0022A00D1996010BD5960AE
:104EB000FCE7D960FAE7032A19D0042A19D0022A9C
:104EC00004D1012384F82030FFF7F4FCA36813B960
:104ED000012384F8303094F8393003F0FF0013B91F
:104EE000D4E900319847002384F82030DEE702231C
:104EF000E8E7032284F82020D3F81C256262D3F867
:104F0000203584F82830E1E700B0025054660020D4
:104F100080F08003042B04D8054B034413F8800C65
:104F2000704707289ABF034B185C0020704700BFEA
:104F3000974104009C410400064B93F82E00012881
:104F400006D0022818BF042814BF01200020704793
:104F50000020704790660020002010B5154B164ABF
:104F6000C3F8000592F82F40D3F8041382F82E40BE
:104F7000146821F033010CB141F02301C3F81C0186
:104F8000D3F81C41C3F81801D3F81841C3F808013D
:104F9000D3F8080192F8340092F8332000F00100B1
:104FA00002F00102D20142EA80120A43C3F8002350
:104FB00010BD00BF00E0005090660020002370B5D7
:104FC00001251E460B4A92F8301018B90BB182F831
:104FD000301070BD90FAA0F3B3FA83F305FA03F42E
:104FE0000C3302EB4303DE8020EA0400012321EAB4
:104FF0000401EAE79066002073B50023044601AA85
:105000000E464FF48071019316F00AFC4FF48A713A
:10501000204616F005FC4FF482710546204616F036
:10502000FFFB20B11EB115B1144BD3F8343601AAE1
:105030004FF48471204616F0F3FB4FF4867120463E
:1050400016F0EEFB4FF48871204616F0E9FB0C4B8E
:10505000234083B14FF48E75294601AA204616F0ED
:10506000DFFB291F0835204689B2ADB216F0D8FB08
:10507000B5F5AE7FF0D1019802B070BD00E00050F0
:10508000C0FF3F00F8B50446067A4779417AC079F7
:10509000FFF73EFF10B96FF01500F8BD214A01F18E
:1050A0000C0502EB4503012F987139D13046FFF70B
:1050B0002FFF0028EFD002EB4505E871E378A078D8
:1050C0001B03000200F4E06003F4805303432078E4
:1050D00000F0030003432079000400F4E0200343C0
:1050E0006078000100F030000343A079000600F072
:1050F000807003436079000500F4801003430801C9
:1051000000F1A04000F56040C0F81835012303FA13
:1051100001F192F8303000200B4382F83030BCE7C8
:105120000020C8E7906600200122084B4FF4804021
:105130009A600022C3F81421D3F814110449C1F86D
:105140008001C3F80025C3F80025704700E0005037
:1051500000E100E02DE9F8431E464FF47F0390463E
:10516000D3F830210546072A8946089FD3F8343101
:105170000BD12022284BC3F8082301229A6000217A
:105180002020FFF739FF0028F9D00023234C84F8B2
:10519000333084F83430A3602361A3831E4B27602F
:1051A00084F83150C3F8F095C3F8F48587B323220F
:1051B000C3F8002300214FF0010C184B16480CFADD
:1051C00001F22A4004BF964690464FEA01141CBFE4
:1051D00093F81E8093F81FE004F1A04707F560479D
:1051E000002AC7F81085C7F814E514BF3746002712
:1051F0000219D2F81845013124F0807444EA07649A
:105200000829C2F8184503F10203D8D1BDE8F88394
:10521000C3F80073CEE700BF00E0005090660020A6
:1052200070B5204D95F82E40002C38D10126FF2076
:1052300085F82E60FFF7C2FE1B4B1C48C3F80041E7
:10524000D3F80021C3F80441D3F80421C3F8104176
:10525000D3F81021C3F81441D3F814311C239A0851
:1052600006FA02F111F0330F1CBF03F1A04101F562
:10527000614102F1FF3218BF0C6006FA02F218BF5A
:10528000096812F0330F1CBF1C501A5808335C2BEE
:10529000E5D10E20F0F7D0FD0020286070BD6FF042
:1052A0007700FBE79066002000E00050FCE0005033
:1052B000014B93F830007047906600202DE9F743CA
:1052C00007469946FFF738FE044608BB0826012525
:1052D000DFF8508098F830302F4203D02B421CD09A
:1052E0000134E4B2013E4FEA4505F5D10C4B384696
:1052F000C3F8F865131E18BF0123CDF80090FFF71F
:1053000029FF0223304688F8324088F82E3001E029
:105310006FF00F0003B0BDE8F0836FF01500F9E700
:1053200000E00050906600202DE9F34180461546CC
:105330001A46FFF701FE0646002837D108203446FA
:1053400001231F4F97F830C018EA030F04D013EA67
:105350000C0F2ED00134E4B201384FEA4303F3D1ED
:105360006B8813B1012C27D832B328786B7818B129
:1053700013B9012C20D80126009202464046FFF7BF
:10538000E9FE6B880F4A0BB143F48053C2F8F8353D
:1053900087F832402B79002087F83530042387F8CE
:1053A000366087F82E3002B0BDE8F0816FF00F0054
:1053B000F9E76FF01500F6E76FF08500F3E700BF3F
:1053C0009066002000E0005030B51D4A0446136985
:1053D0006BBB00F06043B3F1005F2BD192F8325009
:1053E000B1FBF5F305FB131038BB0BB2002B24DD2A
:1053F00092F82E30052B06D8032B0BD8022B0ED09B
:105400006FF0760030BD062BFAD10E4BC3F82C4658
:10541000C3F8301693683BB1C2E90441F2E78D420C
:105420000BD1C2E90245EDE7C2E90241EAE76FF0BC
:105430007700E7E76FF00C00E4E76FF00600E1E7C4
:105440009066002000E000502DE9FF41524CA36817
:10545000002B00F09D8094F82E20022A06D0042A0A
:1054600033D06FF0760004B0BDE8F08101264B4DDB
:10547000C5F800652168E26849B1032184F82E105F
:10548000C5F82C36C5F830262E600020EBE7C5F8AD
:105490002C36C5F830262E6016F0DAF904F1080330
:1054A0006E60019302200199FFF7A6FD0028F9D054
:1054B00000223A4BC3F80821D3F80811C3F80C2195
:1054C000D3F80C11C3F80025DFE74FF00108334D86
:1054D000C5F80085276857B1052284F82E20E268B8
:1054E000C5F82C36C5F83026C5F80080CDE7A18B6D
:1054F00094F8322003EB410302930392C5F82C3653
:10550000C5F83026C5F8008016F0A2F994F83630B8
:1055100063BB0123214D6B60022002A9FFF76CFDE4
:105520000028F9D00023C5F80831D5F80821C5F8BE
:105530000C31D5F80C21A18B94F832200A44E16893
:1055400092B28A42A28321BF154AA383D2E9020103
:10555000C2E900014FF0000224BF236118460F4B3F
:1055600038BF6FF00F00C3F800257CE7D5F8F4656D
:10557000F6B208FA06F6013EBE42CAD9C5F8048062
:1055800000210420FFF738FD0028F9D00137F3E7A8
:105590006FF00B0067E700BF9066002000E000504E
:1055A00098660020F8B50246FFF7C6FC002851D1E6
:1055B0002A4E2B4C96F82E30726086F82F30072337
:1055C00086F82E300123C4F80035D4F80453C4F80B
:1055D0000003E3603AB125F0C00545F03305C4F897
:1055E00000530020F8BD00211020FFF705FD002822
:1055F000F9D00023C4F80431D4F80431194B012741
:10560000C4F82C360223C4F83036276016F020F98F
:10561000A76000212020FFF7EFFC0028F9D000222E
:105620000F4BC3F80421D3F80411C3F80821D3F8B1
:105630000811C3F8002596F82F1086F82E10C3F82D
:105640001C21D3F81C11C3F81821D3F81821C3F872
:105650000053C6E76FF00F00C4E700BF906600205C
:1056600000E00050A86600207FB533206149FFF7B5
:10567000C3FC10F0100F05465E4E0BD010225E4B9F
:10568000C3F80823B218C3F82C260222C3F8302628
:1056900001221A6015F0200F584C10D094F82E30CB
:1056A000554A072B05D0D2F834369BB2E36000236D
:1056B0002361D2F80433DB0601D5FFF74DFCA807C0
:1056C00017D500228DF80420A26894F82E3002929B
:1056D000E268062BADF80C2017D0072B33D0032B34
:1056E00007D1FFF721FD022384F82E30236801A89B
:1056F0009847E9074ED594F82E30033B042B49D840
:10570000DFE803F0594828405D0094F8353023B1B4
:10571000236913B10122384B1A60236801A8984706
:10572000374B93E80300002386E803002361A36856
:10573000002BDED1FFF7F8FC042384F82E3005237C
:105740008DF80430D2E7FFF707FC02238DF8043010
:105750006368CCE7042301A88DF8043023689847D8
:10576000254BD3F8F825D20444BF01225A60062302
:10577000226984F82E302AB161691F4BC3F82C26A8
:10578000C3F8301623692BB9032301A88DF8043020
:105790002368984794F82E30072B0AD0164B1948E7
:1057A000D3F8043300211840FFF726FC01268509B1
:1057B0004DB904B070BD01220F4B5A60EAE70122D7
:1057C0000D4B9A60E6E795FAA5F3B3FA83F306FA70
:1057D00003F225EA02055A08DB4303F001038DF8C2
:1057E00009308DF8046023688DF8082001A89847D7
:1057F000DEE700BF9866002000E0005090660020C1
:10580000A0660020C0FF3F00036803F01F025B0991
:10581000026004D0012B034818BF002070470248E3
:10582000704700BF002884500025845070B54B7F1E
:1058300004460D467BB10123642643610022022108
:10584000204616F03EF820B9012015F0F8FA013E86
:10585000F4D100236B770021C4F8001516F00DF881
:1058600020B1034B9C4208BFC4F8041C70BD00BFAC
:1058700000A0005073B51646421C1C460546069B08
:1058800018D0012902D1BBB116F059F801A8019531
:10589000FFF7BAFF019B240200EB8300D0F800223F
:1058A000074B44EA86040C4313401C4344EA41017D
:1058B000C0F8001202B070BD16F04DF8E6E700BF68
:1058C000F0F0FCFF4B69274A93420AD039D8264AA8
:1058D000934206D033D8254A934202D0244A9342B9
:1058E0003AD191F823201AB191F82420002A36D118
:1058F0000068204A904232D11F4A93422FD10B6850
:105900005A1C01D0082B27D14B685A1C01D0092BF7
:1059100022D18B685A1C01D00A2B1DD191F821305D
:1059200023B1CB685A1C01D00B2B15D1CB695A1C63
:1059300015D00C2B14BF6FF01500002070470F4AD4
:10594000CDE70F4A9342CCD004D80E4A9342C8D038
:105950000D4AC4E7084AC2E76FF0150070470020FF
:10596000704700BF80841E0020A1070048E80100A6
:1059700090D0030000A000500048E80140420F0012
:105980000024F40000093D0000127A002DE9F74FD1
:1059900091F8213007460C46002B00F0A98091F8C1
:1059A00022806569714B9D4200F0BB8000F2AB80A4
:1059B0006F4B9D4200F0B88000F29D806D4B9D4280
:1059C00000F0B5806C4B9D4214BF4FF080454FF006
:1059D000806594F8232097F8223062F3000387F85B
:1059E0002230227CDBB262F3410387F8223094F844
:1059F0002360002E32D16269604B01219A420CBFB4
:105A00004FF003094FF00009237E3246012B94BF6B
:105A100000230123009320684B46FFF72BFF0096DD
:105A20004B46324601216068FFF724FF00964B4643
:105A30003146A27EA068FFF71DFF237C324683F02B
:105A40000103009301214B46E068FFF713FF01219A
:105A500000914B463246E069FFF70CFF94F8213085
:105A6000002B6DD04FF0FF337B6294F8211094F837
:105A700012E0207E627E00296CD0E668217C94F8DA
:105A8000249094F820C03B68B9F1000F12D1D4E9FA
:105A900000BAD4F80890E469C3F808B5C3F80CA5B7
:105AA000C3F81095C3F86C45C3F81465C3F86815BE
:105AB000C3F86485003A18BF01220228C3F8C0E584
:105AC000C3F8245549D003284AD0012801D142F017
:105AD0000202C3F85425C3F860C57B68002B42D08E
:105AE000386840F3073003B0BDE8F04FF0F7A4B9D1
:105AF0004FF0020855E7224B9D4214BF4FF08045FE
:105B00004FF0805565E71F4B9D4213D01B4B9D42C4
:105B100013D01D4B9D4214BF4FF080454FF0004500
:105B200057E74FF0005554E74FF0006551E74FF04D
:105B300000754EE74FF020654BE74FF0A05548E762
:105B4000E3687B62227C97F8223062F3410387F896
:105B500022308AE74FF0FF3691E742F00402B8E7BF
:105B600042F00602B5E703B0BDE8F08F80841E0066
:105B700020A1070048E8010090D003000048E80198
:105B800040420F000024F40000127A00431C07B5C5
:105B900012D040F21F1398420ED0019001A8FFF7D7
:105BA00033FE019B00EB8300D0F80022044B13402E
:105BB00043F00203C0F8003203B05DF804FB00BFFD
:105BC000F0F0FCFF38B50446006840F30730F0F70A
:105BD00041F9636843B12146154A51F8043BC3F8C3
:105BE00008232068FFF722FE2368D3F80805D3F8BE
:105BF0000C15D3F8105594F82230DB0714D4FFF7B6
:105C0000C5FF2846FFF7C2FF0846FFF7BFFF606ADF
:105C1000FFF7BCFF2368D3F86C05D3F81415FFF722
:105C2000B5FF0846FFF7B2FF002384F8203038BDE7
:105C3000520108002DE9FF4790F8213005460E4635
:105C40001746002B40F08C8043682BB112F0140FE4
:105C500004BF012380F8213005F1100496E80F00FD
:105C600084E80F00686A441C05D095F82230990733
:105C700018D515F064FE33682C6823B103F0604337
:105C8000B3F1005F06D1B3687BB103F06043B3F1B9
:105C9000005F0AD000236FF00C0085F8213004B0BB
:105CA000BDE8F08715F057FEE5E717F0010318BFD0
:105CB0000123C4F8503517F0020318BF0123C4F8BC
:105CC00040350023D6E900A9D6E90281C4F844A5ED
:105CD000C4F84895C4F83485C4F83815C4F81831A8
:105CE000D4F8183115F0C9FD28B11F4B9C4204BFF0
:105CF0000123C4F8043C072317F00806C4F8003554
:105D000010D101226B68226163B9D4F81831002BDD
:105D1000FBD0CDE902816A4640212046CDE900A9A9
:105D200015F0CFFD6B6893B9686A421C05D095F8F1
:105D300022309B0708D515F00EFE1EB92046291DFE
:105D4000FFF774FD0020AAE715F0F9FDF5E7402301
:105D500017F0040F14BFC4F80833C4F80433F1E794
:105D60006FF00F009BE700BF00A0005030B500F0BF
:105D70001F04400911D0012811D10B4800EB840009
:105D8000D0F80052094C1B0243EA82022C4042EA3E
:105D900041012143C0F8001230BD0548EEE7002361
:105DA000803453F82430FFDE00288450F0F0FCFFEC
:105DB00000258450002203680849C260C3F8081314
:105DC000D3F8001221F4BC51C3F80012C3F8002527
:105DD000012380F8282080F82630704702029C01B9
:105DE00000232DE9F04780F827304B6805460E4622
:105DF0001746046833B1CB6803F06043B3F1005F2A
:105E000040F040813378023B012B06D8336903F020
:105E10006043B3F1005F40F035819C4BC4F8083318
:105E200095F8283003F0FF023BB16FF00F08EB68E4
:105E3000C4F804334046BDE8F08707F01403B3FA12
:105E400083F35B0985F82830337885F8243073783C
:105E500085F82530F3682B6173686B613369AB613A
:105E6000B3682F62EB61C7F3001385F829307378AC
:105E7000C4F88835C4F86021D4F86031C4F84821EA
:105E8000D4F84831C4F82421D4F82431C4F80421CA
:105E9000D4F8043117F0010318BF0123C4F85035BA
:105EA00017F0020318BF0123C4F840353378032BE1
:105EB00000F28180DFE803F05E764A024FF48073DF
:105EC000C4F80032D5E90423C4F84425C4F84835A1
:105ED0000123A3604FF48011204615F019FE00281D
:105EE000F8D1D5E90623C4F84425C4F848354FF461
:105EF0008023EB604FF0000817F0080910D13378C9
:105F0000032B0DD0012B6A686BD12360002A55D07A
:105F100073682BB96B68002B00F0928001236361DA
:105F20006B68002B00F08C80780744BF0023EB6087
:105F300079065EBFEB6843F00203EB60EB6843F465
:105F40000073EB60EB68C4F8043373E7D5E904230E
:105F5000C4F84425C4F84835D5E90623C4F83425E7
:105F6000C4F838354FF48453C4F800320123236257
:105F70000223BEE7B806D5E90423C4F84425C4F8D3
:105F800048354BBF4FF480734FF40073C4F80032B0
:105F9000C4F800324CBF4FF480230223EB6001238E
:105FA0002362A7E7D5E90423C4F83425C4F83835BB
:105FB0004FF48053D8E76FF015089DE76A6902B97E
:105FC00063614FF0010ADFF8CC903149204615F0AB
:105FD0009FFD810501D5C4F814A010EA090FF4D083
:105FE00096E70123A360002A92D16A6932B3DFF8F1
:105FF000A4A019EA0A0F8BD12046254915F088FD87
:1060000010F4007F8146F4D04FF08071204615F0E7
:106010007FFDD4F8003208B19A0505D4012222622E
:10602000626140B14FF00009DB05E2D54FF48021F9
:10603000204615F06DFD4FF00009DAE76361D6E701
:106040000022D4F8C434C4F8C43485F828206BB1D5
:106050009A0756BF03F001086FF00D08A8F18C08ED
:1060600013F0040F18BF6FF00A08E3E67B063FF554
:10607000E1AE2046291D15F0DFFC002808BF6FF0B7
:106080008B08D7E66FF00C08D4E600BF02029C0133
:10609000020204000200040070B50568022186B007
:1060A0000446284615F034FD4FF400710646284694
:1060B00015F02EFDD0B1D6B9E3684FF08071C5F868
:1060C00008330223E360E3682846C5F8043315F07B
:1060D0001FFD18B1D5F800329B0502D401232B62B5
:1060E0006B61012384F8273006B070BDAEB3236A1C
:1060F0005E060AD494F827303BB92846211D15F0D6
:106100009BFC80F0010084F82700236A13F004034D
:106110003BD1C5F86031D5F86021C5F85C31D5F8C0
:106120005C3194F8293013B194F8273013B300236D
:10613000C5F80032E360314BC5F8083345F3073347
:10614000002B17DB01215A0903F01F03994002F1CC
:1061500060032B4A42F823100CE04FF480212846BC
:1061600015F0D6FC94F82430002B2FD194F8293068
:10617000002BDDD0A38CADF8043023690493636950
:106180000293A3690593E3690393D5F8C434980790
:10619000C5F8C4342CD459072CD4DA072CD494F87D
:1061A00027309B00DBB28DF8003094F829300BB912
:1061B00084F82830236A5B0703D594F82730002B36
:1061C00092D0D4E90131684698478DE74FF40073C7
:1061D000C5F8003240F20223E36003F1CE73C5F844
:1061E0000833E368C5F804330123AB602B627BE717
:1061F0000123D8E70223D6E70323D4E702029C0158
:1062000000E100E00722024BC3F80423704700BFFF
:10621000007003500722024BC3F80823704700BFE9
:1062200000700350072208B5044B3720C3F8082339
:10623000EFF710FE0022024B1A6008BD00700350F9
:10624000C866002010B50446FFF7ECFF2268054B36
:1062500037201A600022044BC3F80821BDE8104023
:10626000EFF7EABDC86600200070035010B5114C6E
:10627000D4F800312BB100200F4BC4F800011B688B
:106280009847D4F8043133B10023C4F804310A4BE1
:1062900001201B689847074BD3F8082142B1002220
:1062A000C3F80821044B0220BDE810401B681847C2
:1062B00010BD00BF00700350C86600200368034A89
:1062C00001F5C07143F82120704700BF3546526E7A
:1062D000037C5BB10368074AC3F8202501220368E9
:1062E0005A6003680020C3F8200570474FF0FF3064
:1062F000704700BF3546526E036803F01F025B090A
:10630000026004D0012B034818BF002070470248E8
:10631000704700BF0028845000258450F7B506461A
:1063200015F034FD084615F031FD01A80196FFF780
:10633000E3FF40F20D650C46019B2C4900EB830006
:10634000D0F8003201940B402B43C0F8003201A872
:10635000FFF7D2FF019B012700EB8300D0F800324A
:106360000B402B43C0F80032042014F068FD0925CF
:1063700001A80194FFF7C0FF019A0369D340DB072E
:1063800014D401A80196FFF7B7FF019B013D07FA5E
:1063900003F3C360042014F052FD304615F0F6FC00
:1063A000042014F04CFD15F0FF05E1D101A8019483
:1063B000FFF7A2FF0123019A9340C360042014F069
:1063C0003EFD204615F0E2FC042014F038FD01A843
:1063D0000194FFF791FF019A0369D34013F0010F75
:1063E0000CBF6FF08B00002003B0F0BDF0F0FCFF9D
:1063F0002DE9F0410E4617460C4D55F81C4FAC42A6
:1064000003D16FF01200BDE8F081314654F8440C1E
:10641000A4F14408EBF754FB30B9C7F800804046BC
:10642000BDE8F04115F08EBD2468E8E7CC66002099
:1064300010B5D0E909124A60416A00F124031160E5
:10644000C0E909334368044603B19847054A936895
:1064500033B11279062A03D90720226802499847E6
:10646000002010BDCC6600203E3A04002DE9F0412A
:1064700007460D460B4E56F80C4FB44202D16FF052
:1064800001000AE0394654F8240CA4F12408EBF783
:1064900017FB20B91DB1C5F80080BDE8F081246864
:1064A000EBE700BFCC66002038B5044600B30068B7
:1064B000F0B10378E3B10021FFF7D8FFD8B104F1C0
:1064C0001C03C4E907330D4B04F12402196903F1DD
:1064D0000C00A16260621A610A609D6835B11B7987
:1064E000062B03D9072022680549A847002038BD9C
:1064F0006FF01500FBE76FF01000F8E7CC660020A6
:10650000403A040038B5124C0546216819B1002004
:106510000131216038BD2422204619F0C0F92B68D2
:106520002846A3602B79237104F10C03C4E90333DB
:1065300004F11403C4E9053304F11C03C4E907336F
:1065400000F01AF80028E5D1236801332360E1E761
:10655000CC66002038B5074D2C68013C2C6044B94E
:1065600000F012F821462846BDE83840242219F0F0
:1065700096B938BDCC66002008B50248FFF794FFF5
:10658000002008BDF82C00200148FFF751BF00BFD4
:10659000F82C00200EB4431E062B33B588BF002014
:1065A000094B05AC54F8045B53F8201007480BF076
:1065B000E0F9214628460194EDF704FF02B0BDE85A
:1065C000304003B0704700BF54290400842F0400FA
:1065D000184B194A11F0805F30B50CBF1C461446A9
:1065E000036883EA010525420DD043F30904013411
:1065F00009D001EA0204114A1A4042F09F4242F4D3
:10660000E002944203D100230360012030BD0A0D53
:1066100002F4E064B4F5806F05D1C3F38924C1F3BB
:1066200089218C4201D20020F0E752B203EB822391
:106630000360F8E700FC0F7000FCFF7F00FC0F0018
:106640002DE9F04F0646D1E9039587B03C300F465F
:106650009A46059515F0AAFC9046044680B1C2F30F
:1066600089246CB1F36BCAF38922C3F38923934263
:1066700004D16FF0010007B0BDE8F08F6CD30024A7
:10668000C8F3892B284615F07AFC031D4B45F0D83A
:106690000423A9EB000905AACDE9019203933A6806
:1066A000002100923046324615F0B3FC0028E2D1BA
:1066B000059B1BBA6B4023F000430593BBF1000F11
:1066C0001ED0290D01F4E062B2F5806F18D1AAEB5B
:1066D0000402C2F3892CC5F38920844510D322F02B
:1066E0007F4222F4700222F47F7222F0030242F011
:1066F000804242F48012AA42BBD049B204EB81240A
:10670000AAEB0401694011EA080127D145F3090306
:106710000133AED0129BC5F30908984528BF9846AF
:10672000119BCDF80C800293109B324604334B44EE
:1067300001933B6830460093434615F06AFC0028FD
:1067400099D1129B0146A3EB0802119B03EB0800B1
:1067500019F0A5F860198EE7014C91E71D4691E705
:1067600000FCFFFF30B587B003AD1446084B094A63
:10677000009515F00BFD002804DA831C00D10020E1
:1067800007B030BD2946204615F003FCF7E700BFEF
:106790000C00F07F0000F07F38B50749044619F07F
:1067A000C1F805490546201819F0FEF80444605D5B
:1067B000B0FA80F0400938BDFB350400F0B51C4646
:1067C00040F2FF339A4205460E4685B004F1080CAC
:1067D00008D160461A49EBF77DF9022323700020A7
:1067E00005B0F0BD036F9702013343EA8223CDF871
:1067F00000C0144A15F0CAFC0028F1DB000D02AB02
:106800002070009347F00053314628460E4A43F06B
:10681000080315F0BBFC0028E2DB40F20223B3EBD7
:10682000105F4FEA105202D1039B6360D7E740F23A
:1068300001239A42D3D1C0F309006060CFE700BFC3
:10684000FB35040000FC0F7800FC0F702DE9F04FC1
:1068500000258A46A946ABB01F46BDF8E030CDE919
:106860000A550593BDF9E430BDF8DCB006900493F9
:10687000384615F084FBDAF80C3000EB0208984536
:1068800065D20423039309ABCDE90183069ADAF8B4
:106890000030002100931046042315F0BAFB0028B5
:1068A00040F01981099B1BBA7B4043F000473C46EE
:1068B0000997DAF800300A9308F104030B930AAB46
:1068C000369A89EA04061640844A16403DD1369A23
:1068D000C2F38922002A00F0A4804FF03C0C0CFB8C
:1068E00005FC34990CF1A8026A4442F86C1C3599F5
:1068F00022F85CBC42F8681C3699B34642E9191983
:10690000B146059942F8483C22F85A1C04990CF10A
:10691000A80322F8581C3A990DEB030C42F8541CBA
:106920003B9942F8707C42E91414DDE90A01ACF1AC
:106930004C0342E91EA8443A3B9382E80300684BAB
:10694000CDE90466013536963A93424690E7359B89
:10695000002B40F3BE803499349B08313491359933
:106960001C68013990465B6809943591A8E7B2F537
:10697000817F1ED11C460026099BC3F30902964263
:10698000E3D2049AA168C3F38923134441EA832123
:106990002378626803F5407341EA0351DDE93A3038
:1069A00098470028C0F2978004F10C04CDD101363D
:1069B000E2E71A46049B04EB8321DDE93A3098476D
:1069C0000028C0F28880C0D0002D00F084803C22D6
:1069D0002AAB013D02FB053252E91C73349352F895
:1069E000683C0AAE359352F8643C52F84C4C3693EE
:1069F00032F85A3C52E91101059332F9583C86E8C5
:106A0000030052E91EA8049352F8543C52F8609CCB
:106A10003A9352F8503C32F85CBC3B9352F8483CF5
:106A20000994369AC2F3892232B1C4F389225A45B5
:106A30008BD305998A4288D2C4F30A52002A84D0A3
:106A400040F201118A4292D1254A07933A9B934220
:106A50003FF47BAF3C222AAB02FB05360021A6F1B6
:106A6000780018F01CFF349B26F85CBC46F86C3CA0
:106A7000359BC4F3090B46F8683C369BC4F3892464
:106A800046E91939059BA4EB0B0426F85A3C049BF4
:106A900046E91EA826F8583C3A9B124A46F8543C50
:106AA0003B9B46F8707C46F8503C0BF10103059384
:106AB000049B4FF000591C4423B20493079B4FF0F2
:106AC000FF379A46002301359846CDE93532349395
:106AD0003BE7002078E72BB0BDE8F08F0000F07FA7
:106AE000D165020000FC0F602DE9F04F984685B09B
:106AF000836E0F9D119EDB691446AA199A420746C0
:106B000089461ED96FF0530043E02368E0680233E2
:106B10001DD1D4E901130B449D4218D28D4216D3E6
:106B2000A3EB050AB24528BFB246691A0144524692
:106B3000109818F08EFE109B554453441093A6EB0A
:106B40000A064EB36FF0010B08F1FF3ADDE7C4F817
:106B500000B0BB6E5B69B5FBF3F25A436260B96E7D
:106B6000D1F814C0896A0AEB0C032B44B3FBFCF385
:106B70000CFB03F38B4228BF0B464946A360CDE9CB
:106B80000103009238460E9B044AFFF759FD002886
:106B9000BBDA05B0BDE8F08F3046FAE700FCF7FF3E
:106BA0002DE9F04F97B00A93C36E164607460D467F
:106BB000126853B1934205D86FF05304204617B0C2
:106BC000BDE8F08F71688B42F6D900214FF00408C0
:106BD0000EABCDE90113009243463A463846CDF854
:106BE0000C80CDE90E1115F014FA044610B110F125
:106BF000540FE3D1CDF80C804FF000080FAB029397
:106C0000CDF8048073683A46009341460423384621
:106C100015F0FFF90446002848D010F1540FCDD1EB
:106C2000414656F821304FF0FF342B6081F00103CC
:106C3000099356F823306B6016AB03EB810151F8D2
:106C4000203CAB600023EB6002230893A34A10AB07
:106C500092E80300042283E803004FF0FF3005F1BF
:106C6000080102F007F80023A1464FF0FF389B46C9
:106C7000CDE906330C900593404615F080F90422C7
:106C8000BB6E834403920DAACDE901B22A680021AC
:106C9000009238463A46DB6915F0BBF9064668B102
:106CA00016F1540F00F01881344687E7DDE90E3104
:106CB000C91A0029D4BF00210121B2E704220C988F
:106CC0000DA901F0D7FF0D9B0C901BBA88EA030AAF
:106CD000BAF1000FCDF834A01DDA4FEA185303F4CF
:106CE000F063A3F5A06673427341EA68002A40F09E
:106CF000FB80D5E90032C5E90023099B16AA02EB07
:106D0000830353F8203CAB60089B012B3FF454AF46
:106D1000012308939AE7504615F031F9BB6EDA6902
:106D200000EB0B03934200F2D7804FEA1A5101F4B3
:106D3000F061B1F5A06F2B680BF1040833D1042189
:106D4000039114A9CDE901810093314613463846D9
:106D50003A4615F05EF906460028A1D1149A0C9B1C
:106D60009A4240F0B9800D9B04221B0DF86A0CA9D1
:106D70008AEAC37A01F07EFFF8620D9815F0FFF8F9
:106D8000059B5844AB82109BC5E9030AAB61119B7C
:106D9000EB61069BEB754FF0FF330C934B464C4673
:106DA000D046994668E70CA90438CDE900800291E5
:106DB0003846394615F011FA064600287FF470AFC0
:106DC0000D9B190D11F4E0601CD1059AC3F38923C2
:106DD0009A4201D8013305930D99209B0A9A4B40A2
:106DE00013400B9362D1DDE922302A68CDE91428E3
:106DF00014AA9847061E0B9B55DA16F1540F3FF460
:106E000074AF51E7B0F5806F1DD1059A48B242FAD0
:106E100081F18AB20592324A09EA020242F09F42A7
:106E200042F4E002934202D149F00049D4E7B9F1BB
:106E3000FF3FD1D0C3F38923C9F389229342CBD832
:106E400009EB8029C8E7B0F5C06F2B6813D101F0BA
:106E5000010208210692BA6E039110A9CDE90181C1
:106E600000933146D36938463A4615F0D2F80646C3
:106E70000028B1D014E7C1F30A0240F2FF518A4260
:106E8000AAD10821BA6E039112A9CDE9018100931C
:106E9000D36931463A46384615F0BBF854301BD01A
:106EA0000123079398E70D9B03D199464B46A146D2
:106EB00075E70C4A89EA03010A4052B1022EF5D166
:106EC000C9F38922C3F389218A42EFD343F00049F1
:106ED000ECE74FF0FF39E9E7002306E7D0080400AC
:106EE00000FC0F0000FCFF7F0021A97513B3B96EF1
:106EF0008869B2FBF0F300FB1323DBB9079BCBB12E
:106F00004FF0FF33149314AB0293129B3846CDE934
:106F10000023CA692B68394615F05FF920B110F1DA
:106F2000540F01D0044649E6DDE91332981A434272
:106F30004341AB75294607F13C0015F037F888B19D
:106F4000FB6BC4F38922C3F389239A4204D144F032
:106F50000044219B43B912E0611CFAD09A4288BFD9
:106F6000A4F58064219B3BB1AA8AC4F38923934290
:106F700028BF1346219A1380002CBFF61FAEAB8AA0
:106F8000C4F38924A34294BF00246FF0010415E6E2
:106F90002DE9F04F8DB00693036A15688B61436A43
:106FA0008046CB612B780E460492002B00F088803F
:106FB000464CC4F30A53022B059304D12846444996
:106FC00018F0F2FC05442846414918F0ABFC0128B2
:106FD000074606D12B782E2B0CD105F1010A554618
:106FE000E7E7022806D102463A49284618F066FC2F
:106FF000002865D005EB070AD1464FF0010B484643
:10700000334918F0D1FC81444846314918F08AFCD4
:107010000246C8B1012805D199F800102E2910D1D7
:107020009144ECE702280CD107902A49484618F011
:1070300045FC079A28B9BBF1010BF1D109F1020A0D
:10704000CDE70BF1010BEBE72B78002B34D0049B41
:107050001D60059B022B36D140F2FF33C4F3892417
:107060009C4206F118091BD10DF1240B1A4B4A461C
:107070000293069B3146CDE9007340464FF0F04342
:10708000CDF80CB0CDE909850B97FFF789FD041EFB
:1070900012DBA4D1F37D002BE8D16FF001040BE0EB
:1070A0000E4B314643EA842340460D4ACDF800900A
:1070B00015F06CF8041ED7DA20460DB0BDE8F08F4D
:1070C0006FF01504F8E76FF01304F5E700FC2F00EC
:1070D000FB350400F33A0400B5C2030008000020A9
:1070E00000FC0F702DE9F04F9046CE6A4A6B0746C0
:1070F000B2420C4685B05BD2B61A9E4228BF1E46ED
:10710000B146DFF8B0B001F1400AB9F1000F01D18A
:10711000304618E0216B480304D5BB6EE26BDB6997
:107120009A421BD1CA02636B10D404F13C02029252
:1071300004F13802CDE900325146D4E90A23384639
:1071400015F016F930B105B0BDE8F08F6FF001020F
:10715000C4E90E23216B41F480212163BB6EE26BF5
:10716000DB6901929D1A4D4528BF4D4611F48011EF
:10717000CDE9028515D0A28838464BEA82220092DA
:1071800004F108015246FFF7AFFC0028DBD1636B26
:10719000A8442B446363E36BA9EB05092B44E36329
:1071A000B3E7A26B38460092524614F032FFECE788
:1071B0000020C8E7000010202DE9F0470123144605
:1071C00000228CB0C4E90623194B08AD06460F46D1
:1071D0000FCB85E80F00DFF86080DFF8609004F1E6
:1071E000180A504614F0B0FE10B16FF0010018E01C
:1071F0002946204615F0BCFAB0B93B6852460693C2
:107200007B682146079305ABCDE90283CDE9009069
:10721000084B30460596FFF7C3FC0028DFD0831CDF
:10722000DDD00CB0BDE8F0876FF05300F9E700BF88
:10723000D8080400FF03F07FA5C103000800002068
:107240002DE9F04F95B004460D46164600211C224C
:107250000CA8059318F023FB012340F2022A139394
:10726000484B0DF120080FCB88E80F0012A814F04E
:107270006BFE20B1A76A002F54D1384640E041464A
:107280000CA815F075FA002879D130461299A84754
:10729000002835D130461399A84788BB204612AA4A
:1072A0000CA914F0C8FF58BB8146DFF8E4B0364F94
:1072B000BDF844201FFA89F39A42D7D906AA0BEAEF
:1072C000892300922046314A3B430CA914F05EFF0B
:1072D000002804DA831C13D109F10109E8E7BAEBAD
:1072E000105F4FEA10530ED1079B224600930021F6
:1072F0002046CDE90156069B15F083F80028EBD017
:1073000015B0BDE8F08F059A002AE5D0B3F5007FEF
:10731000E2D130460699A8470028F1D130460799B6
:10732000A847EBE7BB79012B01D03F68A3E73B6B94
:1073300003F48813B3F5803F13D03B6B03F4901331
:10734000B3F5003FF1D1CDE901567B6B22460093A6
:107350002046BB6B07F1400115F053F80028E4D03C
:10736000CEE7CDE90156FB6A224600932046BB6A70
:1073700007F1400115F045F80028DED0C0E76FF0B6
:107380005300BDE7D80804000800002000FC0F707F
:1073900000FCFF0338B5C26D436D00251344C26E77
:1073A0000446B3FBF2F102FB1133826E4365C565FF
:1073B000D36A016EDB008B4294BF83658165D26A1C
:1073C0002946406E18F06BFA0123224620460449F4
:1073D000FFF736FF18B1E36EC4E91655236638BDD2
:1073E000C9BF03002DE9F04F04460D4687B0204683
:1073F00005A915F0DBF9064658B9DDF81480A06E32
:10740000414615F03DF80646002853D010F1540FC0
:1074100056D0304607B0BDE8F08F2A6B0DF1130A45
:1074200012F4801FCDE9017AA3EB0703CDF80C908D
:107430001CD0AA882449204641EA8222009205F104
:1074400008015A46FFF750FB70B901232246204637
:10745000CDE902A9CDE9008704F1100115F0C6F8C5
:1074600060B110F1540F2BD00646D2E7AA6B5946F3
:1074700000922046224614F0CCFDE5E70137EB6B85
:10748000BB42CAD8A36EE1699A6AE86C18F0E1F9C8
:10749000236904F110012B6463696B64A369AB6415
:1074A000A06E14F0EFFF2B6BC5F8388043F4003367
:1074B0002B63AEE707464FF0010905F1400BDEE70D
:1074C0004FF0FF33236192E700001020002307B53F
:1074D000044901AA0193FFF7B3FE00B9019803B074
:1074E0005DF804FB09C003002DE9FF4114460123A8
:1074F00000226D46C4E90623124B06460F460FCB09
:107500008DE80F0004F11808404614F01DFD10B17D
:107510006FF0010010E02946204615F029F970B9F6
:107520003946404614F01AFD30B1424621463046F5
:1075300014F081FE0028E7D004B0BDE8F0816FF0C0
:107540005300F9E7D80804002DE9F04F0D46816E8D
:107550006A688B69C96914325F1E8A4294BFBF187A
:107560007F184FF0000AB7FBF3F70446D1466FF0DF
:10757000030B5F438BB06E68BE4219D34FF0FF32EE
:107580002B690892A9EB0302CDE9003208AE0296FE
:10759000214620462B6809F1040214F01EFE002843
:1075A00047D1089B534500F0B2806FF0530040E094
:1075B00040F2FE32ABEB06033B440436934294BFE9
:1075C000F618B618BE424FF0FF0335D38DF81F30C2
:1075D000A26ED2E90632D21AB24236D30122039207
:1075E0000DF11F02CDE901622A68002100922046B8
:1075F000224614F00EFD10B110F1540F19D1A36EF4
:1076000021469A694FF0FF33099309ABCDE9012375
:10761000009620462B68089214F0DFFD10B110F19F
:10762000540F06D129462046404A08AB15F045F8CC
:1076300058B10BB0BDE8F08FA7F11402964228BFF5
:107640001646BE428DF81F30C2D29DF81F206B68CF
:10765000D243ABEB0308C2F3C01202F5A062B04400
:1076600048EA0258AB6848F47F2848F4406888EA42
:1076700003031BBA089308AB19460422E86801F01B
:10768000F9FA082208ABE860039202936B6809904C
:1076900001932B6804F11001009322460023204639
:1076A000059114F0A3FF0028C3D10599B9F1000F8B
:1076B00004D16B68D5F80CA003F104099DF81F30C4
:1076C000B7426FEA03034FEA036303F0004383EA20
:1076D0000803AB604FF0FF336E60EB6006D9A36E1A
:1076E00062699B6A1344B3423FF645AF4FF0FF33E4
:1076F000224623602046002314F03EFF002898D144
:10770000A06E0369984700283FF435AF91E7042243
:10771000CDE900920296214620462B6814F05DFDCB
:10772000002886D1089B002B83D03EE708FCFF5F32
:107730002DE9F04F97B0CDE90823836E04465A6ACD
:107740008B68002A03F101030D46BDF88480BDF863
:1077500088B08B601ADC0027002600234FF0FF3230
:107760006968CDE91132CDE91323A06E1091C36C85
:10777000002B3CD0083B159314F082FE002838D033
:1077800010F1540F40F0BB803E4610E0013242F051
:107790000102B3FBF2F102FB1133002BDBD1012616
:1077A000284610A91093119614F0D8FBD0B14FF0D1
:1077B000FF3300274FF001092846236110A9CDE9C6
:1077C000107914F0CBFB50B12046291D14F0EEFFC8
:1077D00050B110F11C0F40F09280002EBDD16FF01F
:1077E0001B008CE03746B7E707464E46B5E7C3694E
:1077F000C0E70DF1400904234946204605F108027F
:1078000014F03CFF0028BBD10BAB07933D4B024665
:107810000693C8F100031BB2CDE904B33A4B2046EE
:107820000293099B20990193089BCDF80C8000934B
:107830004FF0FF33CDE90B49FFF708F800289FD13F
:1078400005F11801084614F07FFB60B9EA7D0B468C
:107850002E4902F5C06241EA02522046494614F020
:107860002CFF00288CD10023CDE90D330F9346B9AE
:1078700004F13C010DA814F08CFB04F1300114F06C
:1078800088FB04F1480A0DA8514614F082FB0D9BB9
:1078900002466FF30903294620460D93FEF762FF67
:1078A00068BBDDE90D3213430F9A134308D04946F4
:1078B0002046174A0DAB14F000FF00287FF460AF9C
:1078C00049462046FFF740FE00287FF459AFD5E92E
:1078D0000032C5E90023119BABEB0808EB60129B5B
:1078E000A5F814802B61A064CAE9010036B904F13F
:1078F0003C03303494E8070083E80700304617B0B3
:10790000BDE8F08F65C7030000FC0F4008FC0F00C6
:107910000CFCFF7F2DE9F04F40F2FF4C0D461F4657
:10792000002140F2014497B00892209ADDF884804B
:10793000064603EBC200984228D1002949D1AB7D0D
:10794000002B5CD14FF0FF333361B5F814904FF04A
:107950000008C346A9EB080ABAF1010F00F2E18062
:10796000B8F1000F40F01181B36E5A6A002A00F39B
:10797000218100233A46CDE9005329463046209B19
:10798000CDF80890FFF7D4FE044610E11A684FEADC
:10799000125EC2F30A52A24204D1AA8A0132AA821A
:1079A0000833C8E7624504D1AA8A0121013AAA82B4
:1079B000F6E70EF4E062B2F5C06FF1D15A681268D2
:1079C000AA615A685268EA611A68C2F30052EA75FD
:1079D000E6E7AB8A002BB2D1424629463046FFF794
:1079E00083FD044628B1831CA9D0204617B0BDE80A
:1079F000F08F98F81730002BA1D0022473E04FF0DD
:107A0000FF312B68EA681093CDE913122B69B06E31
:107A100011921293C16C01B3083915910BA907910A
:107A2000B549304606910021CDE90411CDE9021196
:107A300020990DF1400BCDE9007129460B96CDF848
:107A400030B0FEF703FF044648B114F11C0F3FF4B9
:107A500079AF14F1540FC8D174E7C169DCE70DF1B7
:107A6000340806F130094946CDE90D000F90404633
:107A700014F08FFA06F13C03194606F1480A0993FF
:107A800014F087FA514614F084FADDE90E100D9ACD
:107A900001436FF3090211430D9210D0424629466B
:107AA0003046FEF75FFE044600289ED14346594605
:107AB0003046924A14F001FE04460028C5D15946CA
:107AC0003046FFF741FD04460028BED1119BEB6014
:107AD000129B2B6106F13C0399E8070083E807003D
:107AE000B464CAE90144089BD6F828801B68109347
:107AF000089B5B68119306F120030993B8F1000F0E
:107B00003FF473AF08F10809484610A914F026FAAB
:107B10008246002800F08480D8F80080EEE7C14655
:107B200015E710AB0793764B1FFA88F20693534282
:107B30001BB2CDE90493734B03920293209B002266
:107B4000CDE9007329464FF0FF333046CDF840B001
:107B5000FEF77CFE044650BBB36EDA6C02B9DA69FC
:107B6000BAF1FE0F0ED899694B1E03EB5203B3FB1B
:107B7000F1F34B43283A934228BF1346109A93429D
:107B8000BFF4EEAE08EB5A08E4E61FFA88F83A466E
:107B900029463046CDE90189209B009515F0ACF8C7
:107BA00004460028BBD010F11C0F3FF4DDAE002CC2
:107BB00099DA1AE7AB680132013342F00102B3FBF4
:107BC000F2F102FB1133002B7FF4D3AE4FF001082A
:107BD000284610A91093CDF8448014F0BFF98246CE
:107BE00000287FF4C6AE3046FFF770FC041EFFF697
:107BF000FCAEF36E1C1BB4EBD30F7FF6BAAE3A4665
:107C000029463046CDE901A9209B009515F074F86E
:107C1000044618B110F11C0FC9D1AAE6C146A8E666
:107C2000CC46AE46BEE80F00ACE80F009EE80F0061
:107C30008CE80F00089B994506D040F2FF4140F2C6
:107C40000140209B9A451FD108F1200AB8F8042072
:107C5000B8F81CB05A45FFF45FAF98F81F10002920
:107C60003FF45AAF5046099914F078F918B1A2EBD5
:107C70000B02A8F8042052464946304614F0DBFABD
:107C80000028E3D00446B0E657F83A30C3F30A526E
:107C90008A421ED1B8F80420C3F389239A420AD13C
:107CA00098F80630022B03D04FF0FF33C8E90233B7
:107CB0000AF1010AC5E7FBD998F80630013A022B10
:107CC000A8F80420F4D1D8F82830013BC8F82830AF
:107CD000EEE78242ECD1B8F80420C3F389239A423C
:107CE000E6D398F806300132022BA8F80420DFD141
:107CF000D8F828300133E9E765C703000CFCFF7FA3
:107D0000F5BF030000FC0F402DE9F04F05460F467C
:107D100091469A46866A9DB0002E5FD13E463B68EA
:107D20000CAC04937B680DF1300805930FCE0FC4A3
:107D300096E80F0014AE84E80F004B463A464146E1
:107D40002846CDE900A6FFF7E5FD041E71DB3846A5
:107D500004A914F003F948B9BC46C646BEE80F00B2
:107D6000ACE80F009EE80F008CE80F00022C29D130
:107D70003946284605F14802FEF7F4FC044600287F
:107D800057D1149BFA7D0493159B02F5C0620593AD
:107D9000944B019043EA0253089301233146009328
:107DA0002846183708AB04AA0997FFF7B3FD041E4D
:107DB0003FDB4746B446BCE80F000FC79CE80F0006
:107DC00087E80F004FF0000BDFF82092864F012C60
:107DD00040F0B38005F1200303938DE006F1080025
:107DE000B84201D1366897E7394614F0B7F8002851
:107DF000F8D1B379012BF5D1336BD902F2D5AB6E43
:107E0000F26A9B6A9A42EDD9736B3146F363EB6E6B
:107E100028462B66FFF7E6FA044650B9336B314625
:107E200023F480132846336314F069FE04460028C7
:107E3000D8D020461DB0BDE8F08F0AF1080104A893
:107E400014F08CF808B9CAE902249AF80630022B1B
:107E500007D10AF12C0104A814F080F808B9CAE986
:107E60000B24DAF800A052E00121284614F03FFA72
:107E7000314605F1300014F099F8002863D02A6BE0
:107E8000C5F838A0C2F389233A40C5E90C2AC4F3E7
:107E90008922934201D2A4F58064149ADDF854A09B
:107EA0000292069240F2FF3293420CBF002349EA4D
:107EB000832308930023CDE909340193022331463B
:107EC0000093284608AB06AACDF81CA0CDF82C805C
:107ED000FFF720FD041EACDB012C37D1C446B646AB
:107EE000A346029BCDE9043ABEE80F00ACE80F00C0
:107EF0009EE80F008CE80F00039904A814F02EF8F8
:107F0000DDE90C2408B9C5E90824D5F828A0BAF1A0
:107F1000000F92D13246284604A9FFF74DF9041EFE
:107F2000A2DAA21C85D13246284604A9FFF7DCFA62
:107F3000044670B1831C7FF47CAFBBF1000F0CBF13
:107F40000024032475E740F2FF33A6E74FF0010A4F
:107F5000E9E72B6BC3F3090323B12846CAF10001FB
:107F600014F0C5F9314605F1300014F01FF800286F
:107F700035D02A6BC2F389233A402A630022C5E92F
:107F80000D22149A17490492159A2846059240F238
:107F9000FF3293420CBF002349EA832308939DF8E4
:107FA0006730002203F5C06341EA0353CDE90A3884
:107FB0000223099201920093314608AB04AAFFF70D
:107FC000A9FC041EFFF635AFC446B646BEE80F0056
:107FD000ACE80F009EE80F008CE80F00F7E640F2D7
:107FE000FF33CEE708FC0F00FF0300800000F04FD6
:107FF0002DE9F041036B0446C3F309030F46A0B01B
:10800000002B52D000251C22002108A817F047FCA5
:10801000012300268DF837300F930EA813F094FF3C
:1080200028B1002EEED1002D39D10125EBE72046F5
:108030000EAA10A914F0FFF858B99DF837300BBB01
:10804000204618AA0EA9FFF7B7F800282FDA811CDE
:108050005FD020B0BDE8F08191423ED1039A9342B7
:108060003AE0236BC3F389226FF39E23236300233B
:10807000C4E90D3340F2FF339A4235D0314B43EA25
:10808000822332E00DF1200C0DF1400EBEE80F000E
:10809000ACE80F009EE80F008CE80F00BDE7216BF5
:1080A0002046494249B214F022F90020D1E7002DC0
:1080B000E8D10DF108080346234A2046CDF8008098
:1080C00018A914F063F80028C3DBDDE90E31029A29
:1080D0009A42C1D1039B9942D4D008A904F130003F
:1080E00013F064FF0028BCD1002300220493174B37
:1080F000CDF81C80CDE905230223204604AA08A957
:10810000FFF702FE0028A4DB032808BF46F00106A3
:1081100083E7002DB6D0002FB4D0204604F14802EA
:1081200010A9FEF71FFB002893D19DF85720084B9C
:1081300002F5C06243EA0253049316AB0593012390
:10814000DBE700BF0000F04F00FCFF7F08FC0F6082
:1081500008FC0F0010B5036B04469B0590B022D5B8
:1081600000F1200208A914F066F8002844D1234B3E
:108170006A460293A36E2046DB6908A90393E36E67
:108180000493236F0593636F0693A36F07931C4BB0
:10819000009302AB0193012314F0E8FD60BB236B55
:1081A00023F400732363E36B1B0D13F4E06F06D11C
:1081B0000121204610B0BDE81040FFF719BF20464E
:1081C00004F1400208A914F036F8A8B9E36BA063E3
:1081D000C3F38922236B08A96FF39E23C4E90C30F3
:1081E000084B43EA8223CDE9023002AA012320464C
:1081F00014F0BCFD0028DBD010B010BD010002005F
:10820000180010200000F04F73B514460E4600F120
:10821000480221460546FEF7A5FA70B9E27D084BF3
:1082200002F5C06243EA02530093183401236A4600
:1082300031462846019414F099FD02B070BD00BF8C
:1082400008FC0F002DE9F04313F0020F8BB0064637
:108250000D469846039237D1129B05F108072B650E
:10826000002339466B63EB63EB643046C5F830801E
:108270002B1D03AAFEF78CFE041E05DAA31C1AD1DF
:108280000398FEF789FAB0B10123AB71B36AA01C61
:108290002B60B5625BD118F4807F0CD0039C7449CD
:1082A000204617F03FFB225C002A4DD1336F8342FA
:1082B00013D26FF023042B6B294643F4002330467E
:1082C0002B6314F0BEFD04E0FFF744FF04460028D2
:1082D000C2D020460BB0BDE8F083AB886549DFF81B
:1082E000A08140EA832041EA832140F4801048EADB
:1082F0008323CDE90412CDE90604CDE908323946DD
:108300000323304604AA14F031FD10F11C0F04467B
:10831000CFD00028CFD144464FF000084FF00C09D1
:108320002B6D9A68424538D81B68002B65D0EB64EA
:10833000B06E05F1400114F0A5F840F20123B3EB53
:10834000145F64D00024C4E76FF01304B3E718F49B
:10835000007F40F08380240D012C40F08280AB88A8
:1083600018F4806F4FEA832308D043F000542B6B3E
:1083700044F4801443F480332B63CDE705F12802E5
:1083800043F000530092394630463B4A43F008031D
:1083900013F0FCFE041EBFDA8DE72A6BD10705D46B
:1083A0002B6B9A071DD408F10108B9E709FB08F205
:1083B0005868B5F804C081188B68825C496843EA44
:1083C0008C2302F54072009143EA0253394630464D
:1083D0002A4A13F0DBFE0028E2DA831CE0D00446D0
:1083E00069E72A6D526809FB08229168B26F9142D1
:1083F0003AD843F480332B63D5E7B36E986AEEF72F
:10840000F9F8E864002893D16FF00B0453E72B6B65
:108410006FF0010243F480132B630023C4F30904BB
:10842000AA62EC622A646B64B36E9A6AAA64002C36
:1084300088D040F2FE33934228BF1346A988EA6CE5
:1084400043EA81230092394630460B4A43F00053F9
:1084500013F09CFE041EBFF675AF2CE76FF01004FE
:1084600029E76FF0140426E76FF01B0423E700BF31
:10847000FB3504000000104000FC0F7000FCFF7F83
:108480000000102030B597B0054614F006F80446F9
:1084900020B16FF00B04204617B030BDAB6E014623
:1084A000DA6A686E17F0FBF9D5E91A326C65DB6A97
:1084B0002846DB00C5E91742934294BFAB65AA6525
:1084C0000EA914F0B1F90446002832D11B4B08AABA
:1084D0000293AB6E0EA9DB690393EB6E04932B6FD3
:1084E00005936B6F0693AB6F0793154BCDE908307F
:1084F000144B28460A93144B0B93144B0C9302AB6A
:108500000D93032314F032FC044690B9034602464F
:108510008DF84E000EA9284614F028FC044640B9F8
:10852000012300906A4628460EA9019313F083FEAA
:108530000446284613F0E8FEADE700BF0100020044
:10854000000010400800F00FF63A04001800102058
:108550002DE9F0439BB0044613F09FFF0646002828
:1085600040F09F8001461C2212A817F098F90123C1
:1085700019934D4B08AF0FCB87E80F00DFF8388118
:10858000DFF8389118A813F0DFFCB0B1236B04F1C9
:10859000300203EBD373236304F13C0307CA83E87F
:1085A0000700E26EE36A2266B3FBF2F102FB1133CD
:1085B00063650023C4E9163335E0394612A814F088
:1085C000D7F800286AD10823079305ABCDE90293B9
:1085D000364B019000932046354B18AA12A9CDE9DD
:1085E0000548FEF7DDFA051E19DB4CD045F30905F9
:1085F000013548D0129B20462362139B2C4A6362AC
:108600000CAB009312A92B4B13F0C0FD051E06DB2B
:108610000C9B9AB21B0C022B09D06FF0150520465B
:1086200013F072FE2E4630461BB0BDE8F083012ADF
:10863000F3D8236B82F0010223F4007343EA422350
:1086400023630F9B1BB1226F9342E6D82367109BD5
:108650001BB1626F9342E0D86367119B43B1A26F75
:108660009342DAD8E26FA3679A4294BFE267E36766
:10867000A36E0E9A196A09B19142CED1E266DB6906
:108680000D9A9A42C9D1204604F1300212A9FEF790
:1086900069F8054600283FF475AFC0E76FF0530551
:1086A000BDE76FF00B06BEE7D80804000800F00F26
:1086B00000FCFF7F18001020F63A0400B5C203004A
:1086C00070B598B004460391FFF744FD00285CD1D3
:1086D000034603AA204606A9FEF75AFC002854DBED
:1086E00040F2FF32C0F38923934250D0A26A000DBA
:1086F00002280E924FEA832504AE20D145F00053A4
:108700002046244A009643F0080306A913F03EFDD4
:1087100000283ADB3246204610A913F08CFD0028D1
:1087200033D1159B33F47F022DD10121204613F064
:10873000DEFD0EAB8DF83E20ADF83C20A362002399
:1087400045F09F45059332460123204645F4E00558
:1087500006A9049514F00AFB0E9BA362A8B9236B2B
:10876000C3F309038BB14FF0FF31204613F0BFFD77
:1087700006AA10A9FEF7B8FE38B9204610AA06A925
:10878000FFF742FD01E06FF0260018B070BD6FF0FA
:108790001500FAE700FC0F702DE9F04FADB005466B
:1087A000CDE90412FFF7D6FC0346002840F01581FE
:1087B0000DF120094946284604AAFEF7E9FB061EEA
:1087C000C0F20D8140F2FF38C6F38927474505D135
:1087D0006FF0150420462DB0BDE8F08F28460DF14E
:1087E0000E0305AA10A9FEF7D3FB041E32DBC4F367
:1087F00089234345ECD0484610A913F0AFFBAB6A80
:1088000080461893A31C35D1DDF814A07A49504650
:1088100017F088F81AF800301BB1330D022B40F026
:10882000E0802B6F8342C0F0DF80B8F1000F19D0D9
:108830002B6B02346FF39E2343EA872343F09F435D
:1088400043F4E0032B63089B6B63099BAB634FD13D
:10885000BB460DE0A21CBDD10598FDF79DFF002889
:10886000C9D1B7E7BDF80E30BB42F1D807F1010B13
:10887000002343E0330DB3EB145F4FEA145206D0EC
:10888000022A0CBF6FF014046FF01304A2E7BDF8C6
:108890000E30002840F0AB809F4201D1002499E7C0
:1088A000022A25D1554A0DF1880A42EA8323284637
:1088B000534ACDF800A010A913F068FC002854DB3F
:1088C000524628461AA913F0B6FC00284DD11F9B2A
:1088D00033F47F0247D10121284613F008FD18AB7D
:1088E0008DF86620ADF86420AB62B8F1000F9FD11F
:1088F000BB46BDF80E20434B43EA82230024BDF85B
:108900000E202293404B3C4943EA8223CDE9243494
:10891000059B4FEA822A1846239417F003F8059B1B
:108920006FF3130627934AEA070346EA0A0643F061
:108930008053064343F48013CDE928392696B8F1D5
:10894000000F02D12F4C44EA8B24002328462B939E
:1089500022AA052310A92A9414F008FA044630B17B
:10896000189BAB6236E76FF02600044632E7B8F199
:10897000000F17D02B6B1A0D12F4E06F12D06FF3AB
:108980009E23C5E90C301F4BA86343EA8723CDE93A
:10899000063049460123284606AA14F0E7F90446A2
:1089A0000028DDD1189BAB622B6BC3F30903002BAE
:1089B0003FF474AF4FF0FF31284613F098FC10AA33
:1089C0001AA9FEF791FD044600287FF403AF28465C
:1089D0001AAA10A9FFF718FCC7E70446FAE63446BE
:1089E000F8E66FF01304F5E66FF02304F2E6022ACE
:1089F0007FF41EAF56E700BFFB35040008000020DF
:108A000000FC0F700000F04F000010402DE9F0470F
:108A1000A6B005460191FFF79DFB044688B9AB6AF5
:108A200028461C9301AA0DF102031EA9FEF7B0FA15
:108A3000831C044609D1DDF804804046FDF7ACFEF6
:108A400040B9204626B0BDE8F0870028A8BF6FF0E7
:108A50001004F6E740463D4916F064FF2B6F0646CA
:108A6000834270D3EB6E04AF394628462B6613F071
:108A7000DBFE04460028E4D10CAC0DF1780CBCE818
:108A80000F000FC49CE80F0084E80F000DF1480AA6
:108A90009DF84730002B4DD1DFF8BC9001233946BB
:108AA000284602AACDE9029A14F060F9044600288B
:108AB000C7D19DF88F30D3B10121284613F017FCA0
:108AC0001CABAB6214AA01230CA98DF87640ADF85B
:108AD0007440CDE9149714F049F91C9B0446AB622D
:108AE0000028AED14FF0FF31284613F000FCBDF84E
:108AF0000220174B46EA822643EA8223149300237E
:108B00001593144B284643EA8223CDE918379DF884
:108B10008F3046F40016002B0F4B18BF002314AA09
:108B2000CDE91A371EA90423CDE9166814F01EF901
:108B3000044686E7524628460CA913F07CFB0446FF
:108B40000028A5D07DE76FF023047AE7FB35040009
:108B5000000010400800002008FC0F60F0B501F193
:108B6000080687B003920C460023314603AA054647
:108B7000FEF70EFA00282ADB030D022B29D140F262
:108B8000FF33C0F38920984204AF15D12B6A0493B8
:108B90006B6A05933A463146284613F04CFBB0B950
:108BA000A368A080E362E368A06223630223A37149
:108BB000AB6A2360AC620AE0074B314643EA80238C
:108BC000064A2846009713F0E1FA0028E2DA07B0D7
:108BD000F0BD6FF01300FAE70800002000FC0F70F2
:108BE0002DE9F04115460C4606464FF484720021EB
:108BF000284616F054FEA36A63B9284602231B498F
:108C000000F8083BE8F766FF0120A36A0133A3627E
:108C1000BDE8F081012B22D004F1200804F10807FF
:108C2000A288A38B93420BD1E07F0028F0D042466C
:108C30003946304613F0FFFA0028E9D10246A080F9
:108C40002B4639463046FDF7B9FD08B1831CDFD10C
:108C5000A388023003F10103A380E1D0D4E72846C2
:108C60000223034900F8083BCCE700BFF43A0400B4
:108C7000F33A040030B50C4D0A44914200D130BDA6
:108C800011F8013B83EA000404F00F0455F8244076
:108C900084EA101080EA131303F00F0355F8233011
:108CA00083EA1010E9E700BF7429040000B5837D52
:108CB00001463F2B8BB04BD813F0300024D0202836
:108CC00002D10B6A188806E03028FAD0102806D1A5
:108CD0000A6A22B11078B0FA80F0400914E00A68FC
:108CE0009268C2B903F00F020B2A1DD8DFE802F028
:108CF00006060606060615171C1C1C1ACB694A8AAE
:108D00001A44934203D101200BB05DF804FB13F821
:108D1000011B0029F5D00020F6E7CB69D2E7CB692B
:108D20001878D8E7488AD6E703F00E03082BF2D16B
:108D3000CA696846496A14F015FA0028E3D0684603
:108D4000FFF7B4FF0028DFD0684614F02EFAF4E7EE
:108D500003F0C002802A01D1C069BCE7402ADAD101
:108D600003F00F030A2B02D1CB691868B3E703683D
:108D7000024AD8689042AED1F6E700BF6FD2030036
:108D800010B582600022034CC0E90322C0E9004113
:108D900010BD00BFA3D20300F8B504461546A2B12A
:108DA000066896B1C368D31802D287689F4207D27B
:108DB0002369084A002B08BF134600202361F8BD31
:108DC000B04710B92369044AF4E7E36801202B4453
:108DD000E360F4E7FF3A04000B3B040010B48C7D21
:108DE0004B8A04F00F04022C03F1FF3318D1072B38
:108DF00033D8DFE803F0040B320E32323211CB6984
:108E00001A7800235DF8044B14F054BACB691A8821
:108E1000F7E7CB691A68F4E7CB69D3E90023F1E7F8
:108E2000072B1AD8DFE803F0040E191219191915C7
:108E3000CB6993F90020D317032CE3D15DF8044BE1
:108E400014F077BACB69B3F90020F4E7CB691A685C
:108E5000F1E7CB69D3E90023EEE70369044A002B6D
:108E600008BF134603615DF8044B0020704700BF44
:108E7000143B04004A8A042A02D1C96914F062BA78
:108E8000082A02D1C96914F060BA02690349002AAC
:108E900008BF0A4602610020704700BF143B04006F
:108EA0008A7D0B4602F00F020B2A11D8DFE802F090
:108EB0000C0C0C0C0E060A0A0A0A100A01211A8A66
:108EC00014F046BA0221FAE70021F8E70521F6E797
:108ED0000369034A002B08BF134603610020704753
:108EE000263B04002DE9F0410E46174686B01422B9
:108EF0000021044601A816F0D2FC3A46314601A8EA
:108F000014F03CFA10B9059B236107E04FF000080C
:108F100020464346049A14F0CDF918B9002006B053
:108F2000BDE8F0812168049D21B92A462046FFF75B
:108F300033FFF4E7E368A2682B44934205D9236921
:108F40000E4A002B08BF1346DEE763683A460191DC
:108F500001A83146CDE90235CDE9048814F00EFAB6
:108F6000049AE368AA421344E360029B6360059B92
:108F700001D12361D3E7024AE3E700BFFF3A0400CF
:108F8000393B040070B5CB6904460D46002B7FD0F9
:108F9000FFF786FF002873D0AB7D03F00F020B2A8A
:108FA00073D8DFE802F00611111117171D35525260
:108FB000726FEB692046BDE870401A780023003AD2
:108FC00018BF012214F076B929462046BDE870404A
:108FD000FFF704BF29462046BDE87040FFF74ABFAF
:108FE000E96909B90A460EE03F2B0A880AD86B8A5C
:108FF000023B934206D22369264A002B08BF134640
:1090000023613DE002312046BDE8704014F0A6B96E
:1090100003F0C003802B10D06B8A13B923691E4A5A
:10902000EBE7013BE9690029DCD000229A42885C29
:1090300006D00028E7D00132F8E74FF0FF33F1E720
:109040000028E0D02369154AD7E76B6A13B9236972
:10905000134AD2E7092A06D02046EA69696ABDE8C0
:109060007040FFF73FBF2A6A002AF5D052F8083C4B
:10907000002BF1D029462046043A98470028EBD12E
:10908000002070BD6A8AE969BDE72369054AB4E733
:109090000120F6E74D3B0400613B0400743B0400F3
:1090A000883B0400263B04002DE9F0438B7D0546F8
:1090B00003F03002302A0C4687B011D10B6A1A88AF
:1090C0000B8A9A4213D1E269A37DE2B913F0300F03
:1090D0000DD12B696B4A002B08BF13462B613EE074
:1090E000102AF0D10A6A32B11378002BEBD101209B
:1090F00007B0BDE8F0833F2BE5D80846FFF7D6FD63
:109100000028E0D0F3E703F0C002402A0CD1236826
:10911000DB68002BEBD02246294600209847002828
:10912000E5D12B69584AD6E703F03001202940F0F9
:10913000A280216A0E88002ED9D0802A05D0A28A6A
:10914000B24202D22B69514AC5E703F00F03052B47
:1091500058D802212846228A14F0FAF808B90020CB
:10916000C6E7A37D03F00F03042B10D1B7003A46E6
:109170000023284614F09EF80028F0D0296849BB47
:109180003A46284607B0BDE8F043FFF705BE052B79
:1091900001D1F700EBE700271422002101A816F007
:1091A0007EFBD4F81C80214601A8FFF717FE28B9E2
:1091B0002B69002B92D1059B354A8CE7E369628AC3
:1091C00001371344E361BBB2B342ECD3049FC4F84C
:1091D0001C80CCE70027A37D214603F00E03042B5F
:1091E00028460CD1FFF746FE0028B8D0E369628A12
:1091F00001371344E361BBB2B342ECD377E7FFF727
:10920000EDFDF1E74FF00008A37D03F0C002802AD6
:109210002CD103F00E03062B28D1E7692146D7F89D
:1092200000902846C4F81C90B9F1000F18D1FFF740
:1092300037FE98B10122284601A98DF80490FFF766
:10924000ABFD58B1E761E369628A08F10108134494
:10925000E3611FFA88F3B342D6D348E7E7617EE7BC
:10926000FFF790FEE7610028EDD178E72146284618
:10927000FFF788FEF7E72146284607B0BDE8F04330
:10928000FFF780BEA13B0400B83B0400C73B0400CD
:10929000DF3B040030B505460C688BB00CB90120EB
:1092A00013E0236821465B6823B12846984758B1EC
:1092B000A468F3E7684613F0D8FF40B92B69064A63
:1092C000002B08BF13462B6100200BB030BD694650
:1092D0002846FFF7E9FEEAE7E63B040010B583689D
:1092E00004463BB9C368094A002B08BF1346002057
:1092F000E36010BD01220368984710B9E368044A8F
:10930000F2E7A368013BA360F3E700BFF83B04006A
:109310000B3B040030B50446154685B0002A2FD01B
:10932000A9B90268174B9A4211D0102D06D82A46C7
:1093300069462046FFF7EEFF05B030BD10226946B2
:109340002046FFF7E7FF0028F6D0103DEDE7A368C1
:10935000AB4207D2E3680C4A002B08BF134600203B
:10936000E360E9E72A4620462368984710B9E36896
:10937000064AF1E7A368AB4234BF00235B1BA3603E
:109380000120D9E7BDD30300F83B04000B3B0400E8
:1093900010B582600022024CC260C0E9004110BDDD
:1093A000BDD303002DE9F3410F460DF10701064639
:1093B000FFF794FF804620B39DF907309DF80740E2
:1093C000002B33DA072504F07F0430460DF1070146
:1093D000FFF784FFA8B11F2D9DF8073017D93E2D48
:1093E0008CBF0122FF22590627D0002C03DA3F2D23
:1093F00001D89A4216D0F368114A002B08BF1346D1
:10940000F3604FF00008404602B0BDE8F0811C2D2B
:109410000ED113F0700F03D003F07802782AEAD14E
:1094200044EA03741B0605F10705CED43C60EAE765
:1094300003F07F02AA401443F4E73F2DF2D9DAE7A4
:10944000063C04002DE9F341002506460F46A846D8
:109450002C4630460DF10701FFF740FF58B13E2C76
:109460009DF807100BD9012909D9F368104A002B80
:1094700008BF1346F360002002B0BDE8F08101F0A0
:109480007F02A4F12003C4F1200C02FA03F322FAB4
:109490000CFC43EA0C03A24043EA08080B0645EA29
:1094A000020504F10704D4D4C7E90058E4E700BF7B
:1094B000063C0400F7B51F4600233B700B70136099
:1094C000836804460D46164623B901233B700020ED
:1094D00003B0F0BD01A9FFF765FF70B922680A4B20
:1094E0009A42F4D0A368002BF1D10849E068E8F76C
:1094F000E7FA0028E9D1E060E7E7019BDA0803F02A
:10950000070332602B70E3E7BDD303000B3B04007D
:1095100013B50446052921D8DFE801F0030F172011
:10952000201E0122204601A9FFF7F4FE18B19DF983
:109530000430002BF5DB02B010BD082200212046CC
:1095400002B0BDE81040FFF7E5BE01A9FFF72AFF12
:109550000028F0D0019AF1E70422EFE7C368034A3C
:10956000002B08BF1346C3600020E4E7163C04004C
:1095700073B50D4601A90446FFF714FF064660B116
:1095800094E80F0085E80F0001998A4209D2E36848
:10959000064A002B08BF1346E3600026304602B09F
:1095A00070BDA960A3685B1AA360F7E7283C0400BC
:1095B00070B5937D044603F00F03154686B00B2B60
:1095C00000F26B81DFE813F00C001D001D001D0090
:1095D000A600B200BE00E2000201020169013D01E5
:1095E0000139C9B2FD2906D8E368A04A002B08BF9B
:1095F0001346E36046E0E96906B0BDE8704013F049
:10960000FABE0139C9B2FD29EED9022B34D102A923
:10961000FFF718FF0646002834D06B8A013B072B62
:1096200027D8DFE803F01F19260C26262604EB694D
:10963000DDE90201C3E90001304606B070BDDDE995
:1096400002321846E9690B600021914208BF984236
:10965000F2D0E368864AC9E7E969DDE902320B80A6
:1096600098B2F1E7E969DDE902320B7003F0FF001F
:10967000EAE7E3687F4AB9E7032B05D102A913F0B3
:10968000C7FEB8B90026D7E76946FFF7DBFE00281A
:10969000F8D0DDE90032698A082908D1CDE9023223
:1096A000DDE90201EB69C3E900010126C4E7DA172D
:1096B000CDE902326B8A013B072BDAD801A252F8BE
:1096C00023F000BF09970200FB9602007396020088
:1096D000E5960200739602007396020073960200EC
:1096E000A1960200EB69DDE902211A601346D0174A
:1096F000884208BF9342ACD1D7E7E869DDE902218F
:1097000013B20380D817F3E7E869DDE9022153B209
:109710000370F7E7052902D0FF297FF465AF2046E3
:10972000E96906B0BDE8704013F087BE012902D098
:10973000FF297FF459AF2046E96906B0BDE87040C3
:1097400013F087BE02297FF44FAF02A9FFF72AFE6C
:10975000002897D0029AB2F5803F02D3E368464AC8
:1097600044E7AB7D911C03F0C003802B02D1E3687A
:10977000424A3BE76B8A9942F0D8E96921F8022B0B
:10978000204606B0BDE87040FFF7C4BD02297FF453
:109790002BAF02A9EE69FFF705FE00283FF472AF78
:1097A000029A531C02D1E368354A1FE7AB7D511C76
:1097B00003F0C003802BDAD06B8A994202D9E368A8
:1097C000304A13E700233146B354D9E702297FF426
:1097D0000BAF02A9FFF7CCFE00283FF453AF6B6A32
:1097E00013B9E368284A01E7AB7D03F00F03092BA7
:1097F0000AD0AB7D3F2B1ED90023EA69696A02A813
:1098000000F004FA06460FE02A6A002AF1D052F866
:10981000083C002BEDD02946043A02A8984706469A
:1098200010B1049B002BE4D1204602A913F0D1FD16
:109830000640F6B200E703F03003203B18BF0123D7
:10984000DBE702297FF4D0AE02A9FFF7ABFD0646A5
:1098500000283FF417AF0299B1F5803FBFF47EAF07
:109860006A8A99B9E86916F01AF8E5E6403C0400FE
:10987000503C0400143B0400623C0400713C0400B2
:10988000833C0400923C0400883B04008A4202D0DE
:10989000E368034AAAE6E96972E7C368014AA5E6F4
:1098A000A23C0400263B04002DE9F041937D0546CF
:1098B00003F0C007402F0E4614468EB000F08D8096
:1098C000802F00F0878087B903F0300CBCF1200FA7
:1098D00016D007D8BCF1000F0AD10EB0BDE8F04198
:1098E000FFF766BEBCF1300F4ED0EB68764A32E02F
:1098F000136A0BB101221A70224631462846ECE762
:10990000176A518AB7F800C09269022E0CFB012237
:10991000E26132D103F00F03052B2ED804A9FFF723
:1099200027FE804678B9002024E02246FF2104A8C3
:10993000FFF73EFE0646A0B13B8801333B80E3695A
:10994000628A1344E361069B53B13A88A38A9A4220
:10995000EBD3EB685D4A002B08BF1346EB60E2E7F0
:109960004646069B002BF4D1284604A913F031FD8E
:109970003040C0B20EB0BDE8F0813B885A1C3A803E
:10998000A28A9A42E5D9B7E703F00E03082B1DD14E
:10999000136A128A1B889A4218D03946628AE06993
:1099A00015F07DFF616A8B6823B9CB6813B94B68EA
:1099B0001B685BB1E26904A813F0D4FB30B104A8C2
:1099C00000F094F810B9EB68414AC4E7236A228A90
:1099D0001A8091E7C3683F4ABDE71368DB6823B983
:1099E0000EB0BDE8F041FFF793BD022933D104A9C1
:1099F000FFF7BEFD002896D0A37D03F00F03092BCF
:109A000012D1236A83B1228A1A80226A52F8083C52
:109A100053B12146043A04A8984728B9EB68002BB3
:109A20009CD1079B2C4A96E7236822460021DB68DD
:109A300004A8069E984728B9EB68002B8ED1079B97
:109A4000264A88E7069B0BB19E42EDD8284604A91A
:109A500013F0BFFC8EE7012926D005292CD041B197
:109A6000C3681F4A77E701360B2E04D1EB681D4A05
:109A700071E7012601AF012239462846FFF74AFC6B
:109A800000283FF450AF17F9013B002BEBDB00211E
:109A9000154B0791049301ABCDE9053623682246A7
:109AA000DB6804A8984765E7082201A9FFF732FCA4
:109AB00008260028EBD136E704220DEB0201FFF760
:109AC00029FC0426F5E700BF263B0400C43C040043
:109AD000D33C0400713C0400EA3C0400F13C040067
:109AE000163C0400063C0400BDD3030070B590B0E2
:109AF00004461022002102A815F0D1FE0023019394
:109B00008DF8023023689B6843BB0025A37D03F0DA
:109B10000F020A2A42D1E3691E68002E31D1019B4F
:109B2000ABB1228A934212D122469DF8021002A8BC
:109B3000FFF7BAFE10B30DF1030301AA0DF1020104
:109B400002A8FFF7B7FCC8B1236A03B11D70204615
:109B500013F02BFB0028D9D1012010E02A4A0DF187
:109B60000201CDE902234FF0FF3301AA049302A8BA
:109B70000DF10303FFF79EFC0028C6D1002010B0B2
:109B800070BD314606A813F0FDFA28B1357306A85A
:109B9000FFF7ACFF0028F1D0B668BEE73F2B2AD80C
:109BA00003F03002102A1BD1236A03B11D70A37D7C
:109BB00003F00E03082B18D1616A8B6823B9CB68B8
:109BC00013B94B681B6883B1E26906A813F0CAFA9F
:109BD0000028A4D006A8FFF789FF00289FD1CDE771
:109BE0009A06E4D5236A1D8099E70021628AE0691C
:109BF00015F055FE93E703F0C002802A8FD1A269C9
:109C00009B0615608BD5EDE7BDD303002DE9F04F22
:109C10009B4600239DB0044608A8CDE90633ADF865
:109C2000123013F09FFA00283CD100274FF6FF793D
:109C3000BA46B84620460DF1110305AA04A9FFF75C
:109C400039FC002840D19DF81130002B38D04FF658
:109C5000FF73994504D0BDF81230BB4240F0AD808F
:109C6000089B5B8AE3B1402B28BF4023002259099F
:109C700006A895B2A94200F2C78003F01F02DB06D6
:109C80000ED01CAB03EB8101C2F120034FF0FF3279
:109C9000DBB222FA03F351F8582C9A4240F0BA8012
:109CA00001200EE01BF0010FBFD108A8FFF71EFF37
:109CB0000028BAD1E3685C4A002B08BF1346E36072
:109CC00000201DB0BDE8F08F059B01932BB91BF060
:109CD000040FBCD1E368554AEEE7019908A813F0D8
:109CE0006FFA28B19DF8363003F00F020A2A50D1DE
:109CF000B8F1000F0ED108A813F093FA002800F075
:109D00008C800F9BD3F800A0BAF1000F00F089807F
:109D1000BDF83080019B434532D35546A368039379
:109D20009DF810300293A368039A35B3934281D112
:109D30002B681B681E4643B1DDE9012329462046F6
:109D4000B0470028BCD0AD68EDE7294612A813F053
:109D500019FA10B9E368364AAEE7BDF85830019AEF
:109D60009A42F0D1139B002BEDD00123204602999B
:109D70002B7312AAFFF798FDE3E793427FF45AAFE3
:109D800020469DF81010FFF7C3FB00287FF452AF68
:109D900096E703F03003202B22D1109A0DAB9A42A4
:109DA00017D1BDF828304B450FD04FF6FF729145C3
:109DB00006D0BDF81220BA4202D0E3681D4A7BE704
:109DC0000022BDF83470ADF8122099460DF1120250
:109DD000109220469DF8101008AAFFF765FDD4E701
:109DE000002BF6D1BDF82C303F2BF2D859091CAA14
:109DF00002EB810103F01F020123934051F8582C1C
:109E0000134341F8583CE4E750F8045B0132013554
:109E10003FF42FAFE368084A4EE7BAF1000F7FF432
:109E20007CAF4FF0FF3875E7D33C0400013D0400E0
:109E3000E63B04000A3D0400A13B04002DE9F04F7D
:109E400087B017469B460446DDF840A000284BD05B
:109E5000056A35B12D6825B1AC4607B0BDE8F04FB5
:109E60006047E36A9F4242D80026BE4203D10020E9
:109E700007B0BDE8F08F182303FB06F8D4F8309044
:109E8000A26909EB08052B1D0593CAB968696968C1
:109E90000368B5F80CC0C91AAB680CF1030E5D1E5F
:109EA00005EB0C155B4205EB4E051D4005EBCC03A5
:109EB00085680633A94228BF4FF0FF3112F00EF833
:109EC00059F8083020460293236AB1B29B6A019385
:109ED0005AF8263000935BF82620059B13F00EFB02
:109EE0000028C5D10136C0E76FF01500C0E7014872
:109EF000BEE700BF40F4FFFF10B5044690B1028DED
:109F000043899A4209D0084A936833B11279032AE7
:109F100003D942680549042098472046BDE810400F
:109F200014F089BE10BD00BFCC6600202B3D04009C
:109F300030B544898C4212D9436A013C5D882C407B
:109F400003EBC40359609A60BFF35B8F426A538886
:109F500001335380438D01334385002030BD0148D8
:109F6000FCE700BF41F4FFFF70B4039E144660B1EC
:109F7000006A50B14BB1013407D0002E05DBD0F898
:109F8000844014B1A44670BC6047014870BC70475F
:109F90002DF8FFFF70B4039E144660B1006A50B103
:109FA0004BB1013407D0002E05DBD0F8944014B13A
:109FB000A44670BC6047014870BC70472DF8FFFF95
:109FC0002DE9FF47DDF834800E4691469A46054656
:109FD000002876D0002974D0B8F1000F71D001F1BB
:109FE0006407384613F0F4FBBAF1FF3F49D1346EF1
:109FF00006F1500204F18000844204F01F0C07D2E5
:10A00000C4F3411152F8211021FA0CF1C90736D4DA
:10A01000012104F07F04600952F8203004F5806AC1
:10A0200001FA0CF104F201440B4304F07F0442F8FE
:10A03000203034666B6C4A4603930E9B2946CDE96B
:10A0400001830C9B30460093534613F060FC384666
:10A0500000F0AAFD2C7874B196F8A4405CB1AB6A0C
:10A06000013330D10021284613F0F1FB044610B132
:10A07000284613F0C2FB204604B0BDE8F087013447
:10A08000BAE7BAF5806FD5D3AAF580637F2B06F1C6
:10A0900050010FD8580951F8204003F01F0324FA4B
:10A0A00003F2D2070BD4012202FA03F3234341F84F
:10A0B0002030BFE7054C384600F076FDDBE7044C66
:10A0C000F9E7024CD7E70024D5E700BF2DF8FFFFE2
:10A0D00029F8FFFF08B583681A0C0AD1094A93686A
:10A0E0002BB11279022A02D9032007499847002090
:10A0F00008BDA3F580338360180CB0FA80F04009E6
:10A10000F6E700BFCC6600204D3D040038B504469C
:10A11000E8B100F16405284613F04AFCD4F8B430E5
:10A120009B692BB9D4F8A840103C002C03DC01E05B
:10A13000012B05D0074C284613F038FC204638BDCB
:10A14000D4F8BC0013F02CFBA0F11004EDE7024C96
:10A15000F4E700BF2EF8FFFF2DF8FFFF38B50446E7
:10A16000E8B100F16405284613F022FCD4F8B430BD
:10A170009B692BB9D4F8AC40103C002C03DC01E007
:10A18000012B05D0074C284613F010FC204638BDA3
:10A19000D4F8B80013F004FBA0F11004EDE7024C72
:10A1A000F4E700BF2EF8FFFF2DF8FFFF2DE9FF4772
:10A1B0008A46904603A90D9A0546994613F09EFDDE
:10A1C0000446D8B10C9E039BD5F8C0009E42A8BFA0
:10A1D0001E4601688768611A33464A46B94228BF5D
:10A1E0004FF0FF3111F041FE2346424651462846CA
:10A1F000009613F023FD04B0BDE8F0870048FAE7AD
:10A200002EF8FFFF2DE9F0478AB00D46DDE91297E1
:10A2100016469846044620B9954E30460AB0BDE829
:10A22000F0870029F8D0002BF6D00021A822C0F832
:10A23000D01015F034FB012204F16400114614F033
:10A2400013F88C4BC4F8B450E667AC62C4F88430A1
:10A25000894BC4F88830894BC4F88C30884BC4F8DB
:10A260009030884BC4F89430874BC4F89830874BB3
:10A27000C4F89C30864BC4F8A030AB693BB9002FC2
:10A28000CAD097E8070004F1A80383E80700AB6988
:10A29000012B04D02B6A03BB6FF00506BDE7D4F891
:10A2A000B400002800F0E080036A002BF4D09B6823
:10A2B000002BF1D0984742060CD50021D4F8B40009
:10A2C00013F064FB06460028A7D10021212014F0DA
:10A2D000DBF9E4E74307F8D5DCE71B69002BDBD0AB
:10A2E00028469847AB69012B04BF0023286100F082
:10A2F000010008BF6B6184F8A400AB69DBB93B7A4D
:10A30000002B00F0838009F10C03C4F8C430B9F1CC
:10A31000000F81D0D9F80820002A00F0A3809B68A4
:10A32000002B00F09F805B4B04935B4B05935B4BD2
:10A3300006935B4B0793AB69012B07D1564B0493F4
:10A34000544B0593564B0693544B0793002104F14D
:10A35000C803C4E9323306ABC4F8C08002220093BC
:10A360002846019104ABFFF769FD064600287FF4FB
:10A3700054AFAB693BB92B6B1B68C4F8B8302B6B7F
:10A380009B69C4F8BC30AB69012B07D12B6B9B696F
:10A39000C4F8B8302B6B1B68C4F8BC30D4F8BC00D0
:10A3A00013F09AF92B6B1B68C3F82C802B6B9B69FD
:10A3B000C3F82C80D5F818A0BAF1000F07D1D4F853
:10A3C000AC300993D4F8B8305B89534520D894F861
:10A3D000A430C4E9004463B100230293314B20460A
:10A3E00001933523304A0394009304F1080113F0DC
:10A3F0008EFAAB69002B7FF410AF0421284613F0CE
:10A40000C5FA074600283FF408AF26E04B467CE734
:10A410004846D4F8AC1013F062FC0746E0B1D8F817
:10A4200000100890411AD8F808000022814228BF85
:10A430004FF0FF31D4F8AC30404611F04FFD00979B
:10A4400001230022D4F8B80008A913F084F80746C5
:10A4500018B90AF1010AB5E7144F284613F08FFA2C
:10A460003E46DAE6114ED8E66FF01506D5E600BF97
:10A470002DF8FFFFADA1020005DA03003FDB03006A
:10A48000FDDC03003DDC0300BDD903005DA102003B
:10A490000DA102006E3D0400743D040073DB030057
:10A4A000ABD9030029DA03007A3D04002EF8FFFF40
:10A4B000F0B505460E46174687B0074A03AC07CAF3
:10A4C00084E807000C9A3146009228463A460194E7
:10A4D000FFF798FE07B0F0BDE808040038B5EFF3C9
:10A4E0001185202383F31288BFF36F8F064B9C687E
:10A4F00013F00AFD85F31188BFF36F8F2046BDE886
:10A500003840EBF797BD00BFF066002038B50A4B26
:10A5100053F82040013053F82050A54200D838BDF0
:10A52000606830B1037EDB0701D413F0C2FC08344D
:10A53000F3E723689847FAE7B4290400012270B5CD
:10A540002A4B86B003201A70FFF7E0FFECF7D2F930
:10A5500014F078FB0420FFF7D9FF254C254D264643
:10A56000AE4204F130040FD301F06EF8204CAC423F
:10A5700026D301F07DF8E8F7E1FC1F4A938923F028
:10A580000103938106B070BD54F80C3C059354F858
:10A59000103C049354F8143C039354F8183C029371
:10A5A00054F81C3C019354F8203C009354E90A23CE
:10A5B00054E90C0100F050FE54F8303C5E65CEE7E3
:10A5C000D4E90A23B3F1FF3F08BFB2F1FF3F05D042
:10A5D00052EA0301206803D114F06FF83034C6E763
:10A5E0000649183001F0C2FAF8E700BF2A710020CE
:10A5F000380404002805040010490020DBE50300AE
:10A60000D02370B5134E012203FB0066002386B0F1
:10A61000CDE904230F220193CDE9023218234FF430
:10A62000A0720D4D0D4903FB0055044602FB0011BD
:10A630000B4B3046009500F00FFE337C2C7423F05A
:10A6400004033374074B013403EBC423EE606B60E7
:10A6500006B070BD40480020F066002090D7002072
:10A66000ABE0030090CF00207FB50020FFF74EFF46
:10A67000294B03F5006282F3088883F30A880024DB
:10A68000E023264D85F82230EC772C766C76AC767C
:10A6900085F820406B6A43F4E0236B6285F8234021
:10A6A000EBF736FBEBF7B0FC4FF0FF33AB62EB623E
:10A6B000EBF7AEFEEBF748FD194800F037FEECF77C
:10A6C000FBF80120FFF722FF0220164DFFF71EFFC7
:10A6D00000F0F8FF144B4FF480529D61134B144966
:10A6E000059301232846CDE90343CDE90144114BED
:10A6F000009400F0B1FD06462B7C284623F00403AD
:10A700002B7413F036FF2046FFF77AFF31462846B8
:10A71000084AEBF74DFC00BF90CF002000ED00E0B1
:10A72000D04A002010490020F06600207D3D040042
:10A73000D0D800203DA5020038B5064C064DAC42ED
:10A7400001D3002038BD2046D4E9011213F021FCCA
:10A750001434F4E71C2F0020582F00201FB5054C9F
:10A76000CDE9002302940A46002113F0D0FB04B087
:10A7700010BD00BFC117030030B5054B85B0DDE942
:10A7800008450293CDE9004513F0C1FB05B030BD8B
:10A79000C717030038B5074C074DAC4201D3002062
:10A7A00038BD204613F01AFC08B91C34F5E76FF0E9
:10A7B0001500F5E7742E00201C2F002073B50C4601
:10A7C000EFF31181202585F31288BFF36F8FC568E1
:10A7D0005DB125602B68C36083690133836100200C
:10A7E00081F31188BFF36F8F11E052EA030603D1A2
:10A7F0006FF00B002560F3E7CDE900230246083037
:10A8000000F080FE18B9034B9B685B69236002B0BF
:10A8100070BD00BFF0660020F7B50E4604469DF8F7
:10A820002010EFF31187202080F31288BFF36F8F81
:10A83000256AE068854245D22568AC4219D0C5B189
:10A84000284613F03DFC05F1180013F0C4FF314613
:10A85000A268686914F0FDFF00232846C5F884301B
:10A8600013F087FE04F10800394613F0E4FE0020DF
:10A8700036E0A268D9B13146E06914F0EAFFE36935
:10A88000A26813446269E361934201D12369E361E1
:10A89000236A10210133236204F1240014F015F916
:10A8A0000028DFD187F31188BFF36F8F18E0A0690C
:10A8B00023693146984208BF6069801AA06114F08C
:10A8C000C8FFE5E752EA03010CD0084904F108008B
:10A8D00089684E61CDE900233946224600F012FE18
:10A8E00003B0F0BD6FF02200DCE700BFF06600208F
:10A8F000F7B504460846EFF31186202181F312884C
:10A90000BFF36F8F216A00293BD0A268A16914F0C0
:10A91000A0FFA369A268256813446269A3619342FA
:10A9200004BF2369A361236AAC4203F1FF332362AE
:10A9300036D02846002D34D0002713F0C1FB05F196
:10A94000180013F048FF6969A268E06914F081FFFC
:10A95000E369A268284613446269E361934204BF35
:10A960002369E361236A01332362C5F8847013F01D
:10A9700000FE04F10800314613F05DFE384603B0D6
:10A98000F0BD52EA030111D00A4989684861CDE956
:10A9900000233146224604F1080000F0B3FDEEE743
:10A9A000002086F31188BFF36F8FE8E76FF0220075
:10A9B000F7E700BFF06600202DE9F3410446174693
:10A9C0001E46EFF31188202383F31288BFF36F8FA5
:10A9D000304BC2689B6872B18068984217D057EAC2
:10A9E000060216D188F31188BFF36F8F6FF00F0046
:10A9F00002B0BDE8F08193F90E1001322161C4E983
:10AA0000023288F31188BFF36F8F0020F0E72169CD
:10AA1000F3E793F90E1090F90E30994230DA99422B
:10AA2000A8BF194613F060FB054622464146CDE912
:10AA30000076194800F066FD0028E6D0EFF3118695
:10AA4000202383F31288BFF36F8FA068D0B12368EF
:10AA500021699C420AD04BB193F90E309942A8BFAC
:10AA600019466FF07F039942B8BF194613F03CFBBB
:10AA700040B13146084813F0DEFD6FF00A00B7E739
:10AA80000025D2E7002DF4D186F31188BFF36F8F34
:10AA9000F3E700BFF06600202B710020F8B5836853
:10AAA0000546002B40D0234A926893423FD1C368A9
:10AAB000012B03D9013BC3600020F8BDEFF31187E0
:10AAC000202383F31288BFF36F8F0169806813F02E
:10AAD0000BFB2C68A54207D10023C5E9023387F39D
:10AAE0001188BFF36F8FE7E7002CF5D0D4E900326F
:10AAF000002613605A60237CC4E9006623F0020339
:10AB00002374A66004F1180013F065FEAC6094F99C
:10AB10000E3020462B61C4F8846013F02AFD3946BC
:10AB2000054813F088FDC7E76FF01500C5E74FF043
:10AB3000FF30C2E7F06600202B71002073B5154688
:10AB4000EFF31186202282F31288BFF36F8F04681F
:10AB5000B4B12368426823F00303944208BF436002
:10AB6000036023689B0704D06568204614F063F8EF
:10AB70002C4686F31188BFF36F8F204602B070BD5C
:10AB800055EA0302F5D000F1080231461046CDE93E
:10AB9000005300F0B7FC0028EFD1024B9B685C69C2
:10ABA000EBE700BFF066002070B5EFF311862023BD
:10ABB00083F31288BFF36F8F0468A0421BD0D4B117
:10ABC000D4E90032002513605A60237CC4E90055A3
:10ABD00023F002032374A56004F1180013F0FBFDB9
:10ABE0002046C4F8845013F0C4FC3146BDE87040E0
:10ABF000094813F020BDD0E902329A4218BF013350
:10AC000002218360103013F060FF0028EDD186F33D
:10AC10001188BFF36F8F70BD2B71002013B5EFF358
:10AC20001181202484F31288BFF36F8F846844B1AC
:10AC3000013C846081F31188BFF36F8F002002B064
:10AC400010BD52EA030406D181F31188BFF36F8F60
:10AC50006FF00F00F3E7CDE900230246014800F052
:10AC600051FCECE72B710020F8B50546EFF3118697
:10AC7000202383F31288BFF36F8F00272C68A5422F
:10AC800019D0C4B1D4E9003213605A600023227C89
:10AC9000C4E9003322F002022274A36004F1180018
:10ACA00013F099FD6FF00A032046C4F8843013F0C6
:10ACB00060FC0127E2E700230221AB6005F11000F0
:10ACC00013F003FF28B927B986F31188BFF36F8FFC
:10ACD000F8BD3146BDE8F840014813F0ACBC00BFF8
:10ACE0002B71002007B5074B4FF400620093064913
:10ACF0004FF0FF33054800F06DF9002003B05DF818
:10AD000004FB00BFCC290400D0E80020E04900206B
:10AD10002DE9FF4104462027534EEFF3118887F3B6
:10AD20001288BFF36F8FD4F8D450F5B9022104F123
:10AD3000EC0013F0A9FA002870D004F1E405002219
:10AD40000121284613F0D9FC0028F8D100234FF048
:10AD5000FF3202934FF0FF334146CDE900234348D1
:10AD600004F1DC0200F042FED7E7D4F8D8202B68CB
:10AD70009542C4F8D43008BFC4F8D830D4F8EC30C9
:10AD800043F00203C4F8EC30EB6823F0040343F013
:10AD90000103EB606B6888F31188BFF36F8F28465F
:10ADA0009847EFF3118887F31288BFF36F8FEB6832
:10ADB000D80623F001023ED4EA60EB689A0717D563
:10ADC000306823F00203EB6090B10021036878B192
:10ADD000426895423DD10368002934D172683360DE
:10ADE000904200D17360002340F8083BFFF7DCFE7F
:10ADF000D4F8EC3023F00203C4F8EC30DB0530D497
:10AE0000D4F8D430003B18BF012388F31188BFF376
:10AE10006F8F002B81D000F073FC7EE7D4F8EC300C
:10AE2000D90693D5C4F8EC0088F31188BFF36F8F6F
:10AE300004B0BDE8F08123F01103EB6005F11000D0
:10AE4000FFF7B2FEB9E70B607368984208BF716004
:10AE5000C9E701461BB11A6818461346B7E71A46F8
:10AE6000FAE70023D1E700BF146700202B71002010
:10AE700070B5C3680546C3F340069B070C460DD565
:10AE80000122002104F1080013F0EEF900232360F1
:10AE9000054B65605A681AB9C3E90044304670BD75
:10AEA00014605C60FAE700BF14670020F8B5C3685F
:10AEB00004469A070E46C3F3400542D45F0742D4C6
:10AEC0000B680BB983680B60E368D80742BFA368BF
:10AED00002253360376858BF012557B31B4B9A686A
:10AEE000D7F8D0309A421ED113F0FFFA80F001005B
:10AEF000C0B2D7F8EC30D907C3F380021CD5F2B149
:10AF0000F8B100232360D7F8D83073B9C7E93544C6
:10AF1000384613F0D4F9E36843F00403E360336880
:10AF2000A3602846F8BD0020E3E71C60C7F8D840BE
:10AF3000EEE76FF0150506E06FF0120503E01B0762
:10AF4000DFD56FF00F0500233360EAE7F0660020DD
:10AF5000F8B5C368064603F00503002B0C4614BF82
:10AF6000012700271CD085680122002104F1100070
:10AF700013F07AF92046134913F002FAE36843F01C
:10AF80001003E360F3685B0712D5336823606BB985
:10AF9000D5F8D83033B9C5E93544284613F08FF9D0
:10AFA0003846F8BD1C60C5F8D840F6E73460F4E7D1
:10AFB000D5F8D4302360D5F8D830C5F8D440002B6C
:10AFC000EBD1F0E79FE203000146014813F003BA1A
:10AFD000E0490020F0B50446002089B00E9DC4E988
:10AFE000350004F1DC00C4E9370004F1E400C4E9F1
:10AFF000390055B32879002840F2011008BF01201C
:10B00000C4F8EC0000204FF0FF364FF0FF37CDE9D9
:10B010000330CDE90100CDE9066720460C4B0094D2
:10B0200000F058F955B1296811B1204613F066FABD
:10B030006B791BB1A38943F00103A381204613F070
:10B040003CFBC4F8D04009B0F0BD0120D8E700BFF8
:10B0500011AD020030B5044685B0EFF31185202212
:10B0600082F31288BFF36F8FD0F8EC2012F0060F36
:10B0700008D1F9B9D0F8D40028B985F31188BFF305
:10B080006F8F15E0B1B942F004022046C4F8EC20FD
:10B0900013F015F900234FF0FF3202934FF0FF3306
:10B0A0002946CDE90023054804F1E40200F09EFCA6
:10B0B00005B030BD42F00C02E7E700BF2B71002065
:10B0C00037B501900846EFF31184202181F31288EF
:10B0D000BFF36F8FC16811F01E0F16D153EA02053E
:10B0E00008D101A9FFF7E2FE84F31188BFF36F8F47
:10B0F00003B030BD41F00801C16001991030816199
:10B10000034900F033FD0120EEE70020ECE700BF2B
:10B1100033E3030001460148FFF7D2BFE0490020B6
:10B12000F7B50C4616461D460190EFF31187202314
:10B1300083F31288BFF36F8F084613F0B1F855EA16
:10B14000060309D1204601A9FFF7B0FE87F3118855
:10B15000BFF36F8F03B0F0BDE368324643F00803DE
:10B16000E360019B0449A36204F110002B4600F048
:10B17000FDFC0120EAE700BF33E30300014601487C
:10B18000FFF7CEBFE04900202DE9F0410546EFF37F
:10B190001187202383F31288BFF36F8F0468A042C6
:10B1A0001BD0D4B10026204613F092F904F1180008
:10B1B00013F011FBB0462046C4F8848013F0D9F98F
:10B1C0002C680136A54210D07CB1204613F080F9DE
:10B1D00004F1180013F0FFFAEDE787F31188BFF3CD
:10B1E0006F8F00263046BDE8F0813946014813F0E4
:10B1F00022FAF7E72B7100202DE9F3411C4652EAB1
:10B20000040307460D46164608D10846FFF746FCDC
:10B210006FF00A04204602B0BDE8F081EFF3118818
:10B22000202383F31288BFF36F8F0846FFF736FCA5
:10B23000CDE900643A464146064800F063F9044609
:10B240000028E7D14FF0FF324FF0FF332846FFF7D9
:10B25000B3FBDFE72B7100202DE9F043984685B062
:10B2600000F15803C0E91633109B002683810423A4
:10B27000073222F0070503740F9B01EB05090F4607
:10B2800083734946C0E906668660C6730446EAF7DA
:10B2900043FB0E9B073020F007006067C4E91B7575
:10B2A00002930D9BA9EB000901930C9B4A46009366
:10B2B000394643462046EAF739FE054B66659B68EA
:10B2C00003B19B6F4846A36705B0BDE8F08300BF9C
:10B2D000F0660020F0B5002587B00595109DDDE9EA
:10B2E000127604950F9D044603950E9D02950D9DC3
:10B2F00001950C9D0095FFF7AFFFB6F1FF3F08BF2A
:10B30000B7F1FF3F05D056EA070305D1204613F0F9
:10B31000D4F9204607B0F0BD3A46334604F1180090
:10B32000014900F023FCF4E7DBE50300012310B53D
:10B330000374838100230446C0E91B3300F0FEFE42
:10B34000014B9C6010BD00BFF06600206FF00A0149
:10B35000094A9368C3F884100849C3F880004B6811
:10B3600043F080534B60002383F31188BFF36F8F4A
:10B370009368D3F884007047F066002000ED00E089
:10B3800070B590F91020037C002A2FDBD9062DD14F
:10B390001A4C63F07F032246037452F81C3F216A63
:10B3A000934207D1C0E90021086020620FE0994272
:10B3B000F8D01B68002BF5D093F90E6090F90E5071
:10B3C000AE42F4DD5968C0E9003108605860E569B3
:10B3D000954200D005B9E568A3681A7CD20606D16B
:10B3E000DA897F2A03D9AA690AB9A36170BDAB4281
:10B3F00002D0284600F03CFBA561F7E7F06600208C
:10B4000038B590F910200146002A037C04DA03F0D5
:10B410007F03037413F075F80D4D2A4652F81C4F44
:10B42000AB68944200D004B9EC688B4207D01A7C18
:10B43000D20604D1DA897F2A01D9A2692AB1A342AE
:10B4400002D0204600F014FB2346AB6138BD00BF9C
:10B45000F0660020B3F1FF3F08BFB2F1FF3F03D019
:10B460000249183000F082BB704700BFDBE50300E3
:10B47000034648B9EFF3058232B9064A91699268EA
:10B48000914201D0FFF762BF83F31188BFF36F8F42
:10B49000704700BFF066002038B5184CA168206ADC
:10B4A0000B68814214BF1A46002249680B6059603C
:10B4B000A368216A2AB9124AC3E900210B602362FA
:10B4C0000AE092F90E5093F90E00854212DD5168A0
:10B4D000C3E900210B605360E569094B9D4200D030
:10B4E00005B9E568A3689D4202D0284600F0C0FA7D
:10B4F000A56138BD8A42DED01268DBE7F066002025
:10B500000C670020F8B5DDE906670D4B0C4698681E
:10B5100011460C4A1060EFF31182202282F3128848
:10B52000BFF36F8F9D68284612F0FDFF2846324614
:10B530003B46FFF78FFF2046BDE8F840FFF706BF08
:10B54000F06600201C670020F8B50446EFF3118771
:10B55000202383F31288BFF36F8F037C49B203F07B
:10B560001F02002A0CBF0126002635D103F07F03FD
:10B570002A4D037412F0C5FF2A46037C817363F0E1
:10B580007F03037452F81C3F286A934207D1C4E931
:10B59000002004602C620DE09842F8D01B68002B5C
:10B5A000F5D093F90EC08C45F6DD5968C4E9003139
:10B5B0000C605C60EC69944200D004B9EC68AB6844
:10B5C0009C4202D0204600F053FAAC6187F3118808
:10B5D000BFF36F8F3046F8BD9B071CD5856812F00E
:10B5E00090FF81732B689D4209D16B68C4E90053B9
:10B5F0001C606C60EAE76A689A42F6D01B68002B10
:10B60000F3D093F90E208A42F5DD5A68C4E900327E
:10B6100014605C60DAE78173D8E700BFF066002051
:10B62000034648B9EFF3058232B9064A9169926838
:10B63000914201D0FFF78ABE83F31188BFF36F8F69
:10B64000704700BFF0660020EFF31181202383F3E1
:10B650001288BFF36F8F054B9A68D37B013BD3737E
:10B6600081F31188BFF36F8F704700BFF066002031
:10B6700070B5EFF31186202383F31288BFF36F8F29
:10B680000F4DAB68DA7B0132DA732A4652F81C4F51
:10B69000944200D004B9EC681A7CD20604D1DA894D
:10B6A0007F2A01D9A2692AB19C4202D0204600F02B
:10B6B000DFF92346AB613046BDE87040FFF7D8BEE6
:10B6C000F0660020024B03F11C02C3E90722704719
:10B6D000F066002008B5FFF737FF70B1074B9B6895
:10B6E000DB7B53B9EFF31180202383F31288BFF380
:10B6F0006F8FBDE80840FFF793BF08BDF0660020DC
:10B7000070B5EFF31186202383F31288BFF36F8F98
:10B710001A4CA168206A0B68814214BF1A460022A5
:10B7200049680B605960A368216A2AB9144AC3E9C1
:10B7300000210B6023620AE092F90E5093F90E008B
:10B74000854216DD5168C3E900210B605360E5694D
:10B750000B4B9D4200D005B9E568A3689D4202D01D
:10B76000284600F085F9A5613046BDE87040FFF736
:10B77000EDBD8A42DAD01268D7E700BFF06600203C
:10B780000C670020F8B550EA010306460C4603D1C9
:10B79000FFF7B6FF0020F8BDEFF31187202383F3F6
:10B7A0001288BFF36F8F124D124BA8681860FFF715
:10B7B00027FEA868234632460F49183000F0D6F914
:10B7C000AA680446137C384643F004031374FFF759
:10B7D000BDFDAB68D3E90A23B3F1004F08BF002ACF
:10B7E000D8D113F02DF8201A20EAE070D3E700BF7B
:10B7F000F06600201C670020DBE503000C4908B55B
:10B800008C464FF4004E0021C0FB0EC10023604661
:10B81000084AE6F73BF9C117FFF7B4FF47F6FF7395
:10B8200000220449E0FB0132DB0B43EA424008BD41
:10B830003F420F0040420F00014B9868704700BF25
:10B84000F06600202DE9F84304468789EFF311865E
:10B85000202383F31288BFF36F8F037C190705D56C
:10B8600086F31188BFF36F8FBDE8F883D90943F0E1
:10B8700008026FD10274A36813B1204612F049FE8A
:10B8800004F1180012F0A7FFA56D04F15808A845AF
:10B8900011D04FF0000975B1284612F03AFE05F1BB
:10B8A000180012F098FF2846C5F88490FFF768FD4D
:10B8B000A56DA845EFD1DFF8C480D8F808309C42C8
:10B8C00050D1EFF30589B9F1000918BF4FF0010914
:10B8D000D8F81C50274A954200D00DB9D8F80C5022
:10B8E000AB4202D0284600F0C3F82046C8F81850F2
:10B8F00007F024FCB9F1000F02D01F48FFF716FD36
:10B90000D8F808309C4230D1EFF305836BBBA28995
:10B91000D20711D586F31188BFF36F8F83F3118897
:10B92000BFF36F8F0423184602DFEFF31186202345
:10B9300083F31288BFF36F8F3046FFF707FDFB07D5
:10B9400092D5002383F31188BFF36F8F0423184629
:10B9500002DF89E703F07F0343F00803037412F06A
:10B96000D0FD88E74FF00009B2E786F31188BFF3F6
:10B970006F8FE4E70C670020D04A0020F0660020BB
:10B98000F8B5014615461C46EFF31186202383F3D4
:10B990001288BFF36F8F037C1B0718D452EA04038D
:10B9A0001BD0114FB86888421AD08A6800F158033A
:10B9B0009A4215D0583112F0B6FDB8682A4623468F
:10B9C000FFF748FD3046BDE8F840FFF7BFBC002058
:10B9D00086F31188BFF36F8FF8BD6FF00F00F7E7A4
:10B9E0006FF02C00F4E700BFF0660020D3B5DDE96E
:10B9F0000667089CCDE90067FFF784FD1CB1034B87
:10BA00009B685B69236002B0D0BD00BFF066002078
:10BA1000027C034612F01F0210D10A4988420DD061
:10BA20000949086868B1D9897F2909D893F90E2096
:10BA3000064B1B689A42B8BF002070470020704731
:10BA40001046704740480020242D00202067002029
:10BA50000122044BC01A044BC0105843034B1A5424
:10BA6000704700BFA04B0020ABAAAAAA2B710020F0
:10BA700070B50C4B0C4D1E7CFFF7CAFF182303FB5F
:10BA800006550446284612F0A6FE0022074B9A559A
:10BA90003CB1621E2846BDE870400549D31700F04E
:10BAA00065B870BDF0660020A04B00202B7100200F
:10BAB00051BA020038B5EFF31185202383F31288C1
:10BAC000BFF36F8F0F4B104A9C681068A04206D1DD
:10BAD000FFF7CEFF85F31188BFF36F8F38BD0021CC
:10BAE0001B7C1160094AD35C002BF3D02046FFF782
:10BAF0008FFF0028EED0237CDB0601D1FFF7CCFCC2
:10BB00002046E5E7F06600201C6700202B7100202E
:10BB1000024B1868984208BF00207047282D00206B
:10BB2000034B1B680BB9F6F7EBBC0020704700BF56
:10BB30002467002030B570B10B4B5B6898420AD087
:10BB4000036843B1D3E90421D0E90445121941EB5C
:10BB50000501C3E90421D0E9003213605A600023D3
:10BB6000C0E9003330BD00BF282D0020B3F1FF3FF6
:10BB700008BFB2F1FF3F2DE9F84F0446994615463C
:10BB80001F467AD08160EFF31188202383F3128857
:10BB9000BFF36F8FB9F1000FDFF8E8A020DBFFF7EC
:10BBA000BFFFDAE90027013549F100092D1849EBFB
:10BBB000E07306464FF00109C4E90453AD1843EBA6
:10BBC0000707FFF7A5FF0346DFF8BCE0DEF804A097
:10BBD000EBB9C4E900EACAF80040CEF8044028E016
:10BBE0006FF00103DAE900125B1A4FF0FF3161EBED
:10BBF00002025B1B62EB0902012B72F10001BCBF68
:10BC0000012300224FF00009C0E90432D9E7D3E94B
:10BC1000041CD4E904208A4270EB0C0B24DA891A44
:10BC20005A686CEB0000C3E90410C4E900321460E8
:10BC30005C60FFF76DFF84420ED1114B1B685BB94E
:10BC4000B9F1000F02D1FFF76BFF0646304612F044
:10BC5000ABFD0021F6F726FC88F31188BFF36F8F48
:10BC600028463946BDE8F88F521A60EB0C00534560
:10BC7000C4E90420ADD01B68AAE700252F46EFE7F2
:10BC800024670020B84B0020282D00202DE9F04724
:10BC9000284F024638600D46FFF73AFF4FF0000884
:10BCA0004FF00009244E4FEAE27ED6E9001350B16E
:10BCB000D0E9044CA2427EEB0C0A19DAA41A6CEB10
:10BCC0000E0CC0E9044C0024521843EB0E0320462E
:10BCD000C6E900233C6012F067FD2146F6F7E2FB5F
:10BCE00085F31188BFF36F8FBDE8F047FFF7E2BE21
:10BCF000611843EBE473C0E90489C6E90013FFF758
:10BD000019FF01224FF00043C0E9042385F3118895
:10BD1000BFF36F8F83689847EFF31185202383F378
:10BD20001288BFF36F8F3A68121B3A60FFF7F0FE7C
:10BD3000B9E700BF24670020B84B002010B5EFF32F
:10BD40001184202383F31288BFF36F8FFFF7E8FE7F
:10BD50000346054AD2E90001181841EBE37184F368
:10BD60001188BFF36F8F10BDB84B0020F8B50446A3
:10BD7000EFF31187202383F31288BFF36F8FD0E98D
:10BD80000423B3F1004F08BF012A04D087F31188C0
:10BD9000BFF36F8FF8BDD0E90A566A1C46F1000365
:10BDA000022A73F1000334D3013D46F1FF36002E21
:10BDB000BCBF00252E4612F047FD013041F10001C5
:10BDC000401946EB0101012871F1000148DB12F036
:10BDD0003BFD6FF00203013041F10001401946EBD9
:10BDE000010183426FF000438B413EDB12F02CFDDA
:10BDF000013041F100016FF00102401946EB0103EF
:10BE00004FF0FF31121A61EB030320461949FFF787
:10BE1000ADFE236B01332363236A63B187F311887B
:10BE2000BFF36F8F20469847EFF31187202383F3EA
:10BE30001288BFF36F8F54F8185FA542A6D0002D6B
:10BE4000A4D0284612F0A4FB0023C5F8843087F361
:10BE50001188BFF36F8F2846BDE8F84012F089BB08
:10BE60006FF001024FF0FF33CFE700224FF00043A5
:10BE7000CBE700BF6DBD02002DE9F04105461C4631
:10BE800090461F46EFF31186202383F31288BFF3F9
:10BE90006F8FB4F1FF3F08BFB2F1FF3F05D186F3CA
:10BEA0001188BFF36F8FBDE8F081002C09DB012AF8
:10BEB00074F10003BCBF0122002412F1FF3844F1E9
:10BEC000FF37284612F087FCDDE90623C5E90A237F
:10BED000002342462B6328463B460249FFF746FEB5
:10BEE000DDE700BF6DBD020070B50546EFF31184BC
:10BEF000202686F31288BFF36F8F12F06CFC20B1FE
:10BF000084F31188BFF36F8F70BD6B6A63B184F3E4
:10BF10001188BFF36F8F28466B6A9847EFF311843F
:10BF200086F31288BFF36F8F05F1180012F065FBDE
:10BF30000028E5D012F01DFB2146BDE87040014805
:10BF400012F079BB2C7100201423F0B500242027B7
:10BF500003FB0100134E01B9F0BD10F8073CA0F13E
:10BF6000140C03F03F03102B40F80C4C0CD826FAAD
:10BF700003F3DB0708D550F8143C2BB150F8105CE4
:10BF80002B605D6040E9054482F31188BFF36F8F39
:10BF9000EFF3118287F31288BFF36F8F6046013988
:10BFA000D9E700BF160101002DE9F74F1D46274BC9
:10BFB00016469F68012387F8603087F8613052EA9F
:10BFC00005030CBF0123002307F16002804612F035
:10BFD000B6FC8146EFF3118B4FF0200A8AF31288EA
:10BFE000BFF36F8F97F860404CB901465A46404600
:10BFF000FFF7AAFF8BF31188BFF36F8F0BE00023CD
:10C0000087F8603056EA050309D18BF31188BFF336
:10C010006F8F6FF00A04204603B0BDE8F08F5946D9
:10C02000CDE900650A4A0B48FFF76CFA0446EFF3C6
:10C0300011858AF31288BFF36F8F2A46494640461E
:10C04000FFF782FF85F31188D6E700BFF066002076
:10C05000302D00202C710020034610B5EFF3118421
:10C06000202282F31288BFF36F8FC16001218160AB
:10C070000068834205D184F31188BFF36F8F0020DD
:10C0800010BDD0E9003213605A600023C0E90033CC
:10C0900012F0D8FC2146024812F0CDFAEFE700BFBB
:10C0A0002C71002073B50446EFF31186202383F32F
:10C0B0001288BFF36F8F8368594003EA02050A4074
:10C0C00053400022009309496B46019212F038FB5D
:10C0D000DDE9003223EA020304F10C003146A360DB
:10C0E00012F0A9FA284602B070BD00BFA9EB030008
:10C0F0002DE9F04105460E46174612F0F6F928B92B
:10C10000074B9B689C6F14B9BDE8F081054C3B461A
:10C11000324629462046BDE8F04112F074BD00BF0A
:10C12000F06600201C2F002002460021014B02482F
:10C1300012F069BDC11703001C2F0020014B83675B
:10C14000704700BF1C2F00200146024A0020FFF765
:10C15000CFBF00BFC117030001680E4A03469142DA
:10C1600015D1C169A2F11022A2F1EF1291420ED1B4
:10C170008268012A0BD8C26812B101698A4206D0CE
:10C18000586928B19B691B1A5842584170470120D1
:10C19000704700BF55AA00FF70B50E4B9E68B6B140
:10C1A0003046FFF7D9FF044618B9F3687BB9356903
:10C1B0000DB9204670BD2846FFF7CEFF28B9EB68C1
:10C1C000B34204D12E462D69F2E70446F1E701247B
:10C1D000EFE700BF286700202DE9F041404D0646FB
:10C1E0006869884600F04CF918B100242046BDE883
:10C1F000F0812C68DCB1AC68CCB1002E6AD0B8F10B
:10C20000000F69D008FB06F7B7FBF6F6B04565D11D
:10C21000391D63D8BA0710D027F003020432EC6846
:10C2200003E0616891420AD2A469002CF9D16869DF
:10C2300000F030F90028D9D0D7E73A46EFE7D4F834
:10C2400008C0BCF1000F02D0012013F030FB891AA6
:10C25000232904F120061CD80123A360D4E9052377
:10C26000AAB19361A3690BB162695A610023C4E961
:10C2700005332B69DB0703D5FFF78EFF0028E3D1D9
:10C280003A4600213046344613F009FBCFE7EB6015
:10C29000E8E702F1200023182039C3E9011CDC6023
:10C2A0002169DFF844C0196144F800C00D48D86125
:10C2B00001B1CB6061695961A069986141B18B613D
:10C2C000996901B14B6101212361C4E90121CDE7E5
:10C2D000EB60F5E73446AAE74446A8E70446A6E73C
:10C2E00028670020669911EE55AA00FF70B5424EEE
:10C2F0000546706900F0C4F800287BD1002D5FD09E
:10C300003368002B5CD0B268002A59D09D4203D319
:10C31000726813449D4202D3012013F0C8FAA5F1BC
:10C3200020042046FFF718FF0028F5D155F8183CE7
:10C33000012BF1D155F8143C45F8180CC3B19A689B
:10C34000002A42D155F81C2C02F120015A680A44F7
:10C350005A6055E905321A6155F8145C2B6903B12E
:10C36000DD6020462022002113F099FA23462C4656
:10C370002069002836D08268002A33D16368426879
:10C3800020331344636003692361D4E90523F2B9C0
:10C3900023BB436963618269A2610BB39C61A3699A
:10C3A00003B15C61236903B1DC602022002113F03A
:10C3B00076FA33699B0703D5FFF7EEFE0028ABD171
:10C3C0007069BDE8704000F065B80023D0E7936164
:10C3D000A369002BDDD062695A61DAE7F360F7E701
:10C3E000F460DCE7002BE4D1F368A36103B15C6186
:10C3F000F460DEE770BD00BF2867002070B50C4612
:10C40000164E142200210546304613F048FA14480F
:10C41000706100F02DF81349134800F051F8232CF7
:10C420001BD915F003031FBF043CE418C3F1040338
:10C43000ED1822460021284613F031FAC6E90054CF
:10C44000203CB5606C60B368084A1A60B368A2F11A
:10C450001022A2F1EF12DA61F36070BD28670020AC
:10C46000E4650020EDC20200D9C1020055AA00FF18
:10C47000024B1B6803B11847704700BF5C2D0020BA
:10C48000034B9B6803B118476FF01D00704700BF56
:10C490005C2D0020034BDB6803B118476FF01D00D3
:10C4A000704700BF5C2D0020014B1B68184700BF80
:10C4B0003C2D0020014B1B68184700BF382D002081
:10C4C000024B1860024B0020196070473C2D002081
:10C4D000382D002010B50A46044619B1024B002140
:10C4E0001B68984710BD00BFD82904000E4B0340BD
:10C4F000B3F1607F06D1B1F5885F0CBF00206FF00B
:10C5000086007047B3F1707F0BD101F4E043B3F5BF
:10C51000005F06D111F4E06F14BF00206FF08600B9
:10C5200070476FF0860070470000C07F8A42F8B500
:10C5300006460D4600F00A8101F0FE41B1F1C06FE0
:10C5400061D1884C22F4FF7121F00101A14222F057
:10C55000FF0014D004F58854A04210D022F47F7656
:10C5600026F00306A4F57064A64208D004F5A06482
:10C57000A04204D004F57454A14240F0EB80D1B243
:10C58000784E19B922F48061B14224D125F4FF74A8
:10C5900024F00104B44225F0FF0112D0724EB142E2
:10C5A0000FD025F47F7727F00307A6F57066B74212
:10C5B00007D006F5A066B14203D006F57456B44222
:10C5C00009D115F0FF0406D0684E44F00074B4425F
:10C5D00004BF02460D468BB122F4FF7323F0010322
:10C5E000B3F1062F06D0624B22F4FF6121F0070160
:10C5F000994203D122F4807225F48075954214BFCC
:10C6000000200120F8BDB1F1A06F16D102F0FE4369
:10C61000B3F1A06F40F0888082EA050333F47E1303
:10C6200040F0828028047FD5C5F30540C2F305425F
:10C6300090428CBF00200120E4E74E4B9D4209D17F
:10C64000A3F500439A4200F081804B4B22F47E1008
:10C650009842D4E7B1F1407F60D102F0FE43B3F1DC
:10C66000407F5BD182EA050030F47E1456D131461A
:10C670002846FFF73BFF00286AD1404912F47C1797
:10C6800001EA020113D0B1F1607FC2F3054333D157
:10C69000D1B241F0007101F17E410339122901D874
:10C6A0003748445C15F47C1F2DD19C42A7E7B1F1BB
:10C6B000607F0AD1D3B243F0007303F17E43033BA2
:10C6C000122B4BD82F49CB5CE2E7B1F1707F17D129
:10C6D00006F4E043B3F5005F42D10123C6F3022123
:10C6E0008B4006F4E041B1F5005FDBD10120C6F3D9
:10C6F000022600FA06F4D5E7B1F1707FD2D1F0E757
:10C7000000242346CEE71FB9C5F30541A1421DD041
:10C71000290403D5C5F3054098428AE71A4B9D4288
:10C7200002D1B2F1082F6AE725F0004323F47F031A
:10C73000B3F1106F0CD102F0FE43B3F1106F07D1CB
:10C740001248104040F01060A84258E7012059E715
:10C75000002057E7002B7FF446AF4FE7002397E711
:10C760000023BEE70002000600130006FF000002DF
:10C77000004000060093C004000140050000C07F97
:10C78000A4410400A44104000002C0030000FFF61D
:10C7900070B505460F480E46FFF772FE044618B105
:10C7A0006FF08F04204670BD6B6933602B7F012BC7
:10C7B0000ABF022330602B77064818BF6FF096043B
:10C7C000FFF768FE0028EDD0002CE9D06FF096044A
:10C7D000E8E700BF0866002038B50C4C0C48FFF7AE
:10C7E0004FFE65780A48FFF755FE0A48FFF748FEF6
:10C7F000022D08D12478E31F5C425C410548FFF715
:10C8000049FE204638BD0024F8E700BF40670020FD
:10C81000F0650020FC6500202DE9F04789461546AB
:10C820001C4600F075FD0646002851D1D9F800706D
:10C83000B7F800A00AF4E043B3F5804FBB6808BF27
:10C8400025F0010535EA03033AD1002C40D0B5F5B7
:10C85000006F40D0A5F5005255425541284A24F4B6
:10C86000FF7323F00103934213D0264924F0FF0203
:10C870008A420ED024F47F7020F00300A1F570618D
:10C88000884206D001F5A0618A4202D01E4A934236
:10C8900023D114F0FF0304D01C4A43F000739342E9
:10C8A00022D02B4622465046F968FFF73FFE8046CD
:10C8B00070B92B46224650463969FFF737FEE0B97A
:10C8C0006FF0840600233846C9F8003000F058FDA8
:10C8D0003046BDE8F0870125C0E704F0FE43B3F120
:10C8E000407F04D12304DCD56FF08606EAE7B3F17C
:10C8F000A06FF7D0054B9C42D2E74646E8E700BF61
:10C90000000200060013000600460006FF000002B9
:10C9100038B500F0FE43B3F1407F04460D4602D027
:10C920006FF0860038BDFFF7E1FD0028F8D114F460
:10C930007C1F18D0C4F30543032B137022D9224A5D
:10C940002240B2F1607F31D1E4B244F0007404F1CE
:10C950007E44033C122CE3D81C4A125D9342DFD87C
:10C96000202BDFD90EE0184B2340B3F1607F0FD1AD
:10C97000E3B243F0007303F17E43033B122B04D96F
:10C98000002313706FF08500CCE71149CB5CD3E72F
:10C99000B3F1707FF4D101F4E043B3F5005FEFD160
:10C9A0000123C1F302218B40DBB2C5E7B2F1707FF6
:10C9B000B6D105F4E042B2F5005FB1D10122C5F372
:10C9C0000225AA40CAE700BF0000C07FA4410400BE
:10C9D000A44104002DE9F3414768D0F814800446CF
:10C9E00038460E4612F02AFC0546E8B9FFB22FB9C8
:10C9F000B8F1000F05D06FF0860515E0B8F1000F13
:10CA0000F9D0A36823F0031323F47F43002BF2D162
:10CA10004FF6F87362889A4228D816482779FFF7AC
:10CA20002FFD28B16FF08F05284602B0BDE8F081D8
:10CA300007B901A8314600F01BFC05460D48FFF779
:10CA400029FD10B1002DEFD1ECE7002DECD10FCC7A
:10CA5000D6F800C066460FC694E8070086E80700CF
:10CA6000002FE1D1019BCCF81430DDE76FF0850594
:10CA7000DAE700BF0866002010B5044650B106484A
:10CA8000FFF7FEFC204612F00DFABDE81040024808
:10CA9000FFF700BD10BD00BF0866002013B50446B7
:10CAA00010B301A900F034FC0446E8B91D48FFF7B3
:10CAB000E7FC58B10024019812F0ABFB002818BF26
:10CAC00004461848FFF7E6FC70B10AE00198037FBE
:10CAD000032B11D112F09DFB04461248FFF7DAFC3C
:10CAE00028B10CB96FF08F04204602B010BD002CA5
:10CAF00008BF6FF08704F7E7022B0DD103230377FC
:10CB00004368DAB2FF2A0AD01B0AD3D0D0E909124F
:10CB100012F095FC0446CEE76FF09604CBE76FF079
:10CB20008404C8E7086600202DE9F04190461E46BF
:10CB3000002288B0038805460F460592CDF81C8078
:10CB40003260B8F1000F65D0B8F1005F80F0A180CD
:10CB500023F0FF03B3F5E24F02D0B3F5824F25D1A6
:10CB6000284612F07DF80446002840F08680EB68E5
:10CB700083B16A8872B12B8803F44F41B1F5824FBB
:10CB800002D0B1F5884F05D1DBB2222B36D02CD89C
:10CB9000122B38D03A46002308EB070112F8010B9C
:10CBA0008A4243EA0003F9D1002B33D0284605A975
:10CBB000FFF710FF0446A0B9059B9B6A6BB3059B6A
:10CBC00039465A882846069206AA029203F128029C
:10CBD00001929A6A00925B6A424612F061FB044637
:10CBE00080B30598FFF748FF47E0273BDBB21B2BDC
:10CBF000D0D8294921FA03F3DB07CBD50732B8EBAC
:10CC0000D20FC7D206E040F209239A42F6D1B8F11A
:10CC1000400FBFD86FF086042FE06B681B0A07D166
:10CC20000799059812F0FEF804460028C7D0D8E707
:10CC300042463946284607AB12F00AFB0446002854
:10CC4000EED0CEE70599069B4A88D2B94B804FF6C5
:10CC5000F873069A9A4219D82B88059813B102885E
:10CC60009A4210D16B8813B142889A420BD1314657
:10CC7000FFF78EFD04460028B3D1204608B0BDE87A
:10CC8000F0819A42E3D06FF08604AAE76FF0850442
:10CC9000A7E76FF08504F0E70102000C38B5044601
:10CCA0000D46FFF799FD30B12A462146BDE83840D0
:10CCB000024812F0B1BB6FF0880038BD4467002015
:10CCC0002DE9F04F9B4600238FB0099301F0FE43FE
:10CCD000B3F1806F0E46DDE9187A9146DDF8688081
:10CCE0000ED06FF08604099800F04AFB002C40F04B
:10CCF000888010B10023C8F800300FB0BDE8F08F75
:10CD00000B464FF4807209A9FFF786FD0446002800
:10CD1000E9D1099B1B8803F4E042B2F5005F1BD107
:10CD200013F4E06F18D0384926F480728A420AD092
:10CD300001F500718E4206D034498E4203D0A1F530
:10CD40003F418A4208D10125C3F302239D40102DA3
:10CD50000AD96FF08304C6E742F2040293423CD141
:10CD60002B4B9E4240D10C25002FBAD0AA4545D36B
:10CD700029460AA8FFF792FF04460028B3D14F4581
:10CD80003AD07A19AAEB0503CDE90423CDE9029B39
:10CD900009980DF1280ACDF818800195CDF800A06A
:10CDA0003346D0E9091212F0D3FA044600289AD18A
:10CDB000002D98D04F4505D13946D8F80020781974
:10CDC00012F054FD2A465146384612F042FDD8F87A
:10CDD00000302B44C8F8003085E742F20702934246
:10CDE00002D10B4B9E42B4D00A4B9E4201D10D257D
:10CDF000BAE73A460025C5E73A46C3E76FF089042B
:10CE000071E7204676E700BF0010C00400FF400431
:10CE1000000180040013C004002273B503880A6077
:10CE20000092428804460D46002A00F0FF800288E6
:10CE300002F4E042B2F5804F00F0F88023F0FF03E7
:10CE4000B3F5E24F02D0B3F5824F04D1204611F082
:10CE500007FF0646D0B969462046FFF7BBFD0646E8
:10CE600060BB009B9B6AA3B10099204601F1280397
:10CE7000D1E9091212F0F6F906460098002E40F0AA
:10CE8000D2802946FFF784FC0646B8B9304602B086
:10CE900070BD63681B0A40F0BD802288618802F47F
:10CEA000E043B3F5805F0DD0B3F5005F0AD002F424
:10CEB0004F40B0F5824F1ED06FF085060098FFF707
:10CEC000DBFDE3E7104611F07EFF06460028F5D1B2
:10CED00047F201039A4220D14B080133DB0803EBF0
:10CEE000C3033B330193DDE9000111F09BFF0646CC
:10CEF0000028B9D0E2E7B3F5E04FDDD147F20103F6
:10CF00009A42E9D022F0FF03B3F5884F15D1CB1D2B
:10CF1000DB0803EB43030133E4E744F201039A42E5
:10CF200002D1CB081033DDE722F0FF03B3F5E84F61
:10CF3000EAD1CB1DDB085B00D4E7B3F5EE4F67D039
:10CF4000B3F58E4F02D1CB1DDB08CBE702F44F4087
:10CF5000B0F5824F02D0B0F5884F06D1D0B242284A
:10CF600001D1CB08D7E74128EDD0B3F5E24FEAD0A5
:10CF7000B3F5824F03D1CB1DDB085B00CBE744F256
:10CF80000D039A4224D844F201039A42DBD9A2F558
:10CF90008042023A0B2AD6D801A353F822F000BFF0
:10CFA000E5CF020047CF0200F1CF020047CF0200D9
:10CFB00047CF0200F9CF020001D0020047CF0200A4
:10CFC00047CF020009D0020047CF020009D002007B
:10CFD00047F202039A421BD047F204039A42B2D1AD
:10CFE00040237FE74FF4A0724B095343203379E786
:10CFF0004FF4C0720B0AF8E7CB1DDB08183371E75A
:10D00000CB1DDB081C336DE7CB1DDB08023392E739
:10D01000202367E7204601A912F01FF906460028E1
:10D020003FF461AF4AE711F032FF47E76FF0860641
:10D030002CE700BF10B51B4C1B48FFF721FA2378E3
:10D04000590744BF03F0FB0323709A0705D500F08E
:10D05000F5F8237823F0020323701348FFF71AFA38
:10D060001248FFF70DFA637813B1114812F0E5F991
:10D07000002304210E486370FFF72CFA0B48FFF7DA
:10D0800009FA0948FFF7FCF92378DB0705D512F008
:10D09000DEF8237823F0010323700348BDE8104035
:10D0A000FFF7F8B940670020FC650020F06500201C
:10D0B0004467002070B5FFF78FFB10B100242046B5
:10D0C00070BD3448FFF7DCF9044620B16FF08F04DF
:10D0D000FFF7B0FFF3E7304D2B789E0706D400F042
:10D0E000A5F804462B7843F002032B702948FFF77C
:10D0F000D1F910B1002CE9D0EAE7002CE8D125489D
:10D10000FFF7BEF904460028E0D12B78D80706D4F3
:10D1100012F09BF804462B7843F001032B701D4856
:10D12000FFF7B8F90028E5D1002CD1D11948FFF755
:10D13000A7F90028CAD117482E78FFF7ABF90028C5
:10D14000C4D11648FFF79CF904460028BED16B787D
:10D150003BB9F10705D5124812F05CF902230446E9
:10D160006B700E48FFF796F90028C3D1002CAFD1A1
:10D170000848FFF785F90028A8D12B7805485A07F9
:10D180005CBF43F004032B70FFF784F9002895D0AF
:10D190009CE700BFFC65002040670020F065002090
:10D1A0004467002000F140420F2A30B50CD82C24EF
:10D1B0001C4B04FB02331A7F022A02D15A698242B5
:10D1C00024D06FF08B001AE06FF04043441E9C4265
:10D1D0000ED2144A00241346157F022D02D1556940
:10D1E000854210D00134102C02F12C02F4D1E8E772
:10D1F0000D4BA2F580529A42EBD96FF0870030BDFB
:10D200006FF09600FBE72C2202FB04331A7F022A00
:10D21000F6D11A6A501CF3D001321A6200200B605A
:10D22000EDE700BF48670020FFDFFF3F0122024B10
:10D23000002083F8C0227047486700202DE9F041A4
:10D240000A4C002526464FF0010803272046C4F863
:10D2500020802777013511F025FE102D04F12C04D4
:10D26000F4D1002386F8C032BDE8F0814867002081
:10D27000F8B5244D064624480F46FFF701F995F806
:10D28000C0422148FFF706F9002C34D000242B4679
:10D290002246197FF9B13CB9022905D1196A19B999
:10D2A0001979002918BF1C460132102A03F12C03FA
:10D2B000EFD114B96FF08C000BE0237F022B04D167
:10D2C000236A5A1C1CBF01332362204611F0EAFD79
:10D2D00010B100240DE01C46237F7BB90123237786
:10D2E00036B10A4B651BAD105D4305F180453560D5
:10D2F00000203C60F8BD6FF08800EAE76FF0960010
:10D30000E7E700BF48670020FC650020A38B2EBA2A
:10D31000002370B50B60044616480D46FFF7B0F8C1
:10D32000154B144893F8C062FFF7B4F8FEB11348E8
:10D33000FFF7A6F8064618B16FF08F04204670BDBF
:10D3400020462946FFF72EFF10F18C0F044607D028
:10D350000A48FFF79FF80028F0D0002CEED1EBE749
:10D3600006482E60FFF796F86FF08704E6E76FF047
:10D370008804E3E7FC650020486700200866002079
:10D3800010B504460848FFF77BF840B9204611F075
:10D3900040FF04460448FFF77DF810B10CB96FF068
:10D3A0008F04204610BD00BF0866002070B40A4EEE
:10D3B000DCB2456844F00074B4424FEA152503D04E
:10D3C00035B970BC00F0A4B86FF0850070BC704730
:10D3D0006FF08600FAE700BF05000002F7B5089E6F
:10D3E0000D4FF5B2044645F000754868BD424FEA5E
:10D3F00010200AD060B9009604F1080000F054F83B
:10D4000008B91C23236003B0F0BD6FF08500FAE774
:10D410006FF08600F7E700BF05000002F7B5089E31
:10D420000D4FF5B2044645F000754868BD424FEA1D
:10D4300010200AD060B9009604F1080012F003F938
:10D4400008B91C23236003B0F0BD6FF08500FAE734
:10D450006FF08600F7E700BF050000027FB50024EB
:10D46000C0F848410F4C0546009411F07EFF044679
:10D4700098B9102203AB05F59C76019328463346F4
:10D48000009205F5947111F083FF044628B93046E7
:10D4900012F008F8204604B070BD284611F086FF4F
:10D4A000F8E700BF004440042DE9F0411E46069B0A
:10D4B0001746154A23F47E13934204460D461BD1AA
:10D4C0000B88B3F5105F17D1A6F11002102A17D8F8
:10D4D0000E4BD340DB0713D54FF4A672002112F098
:10D4E000DEF9022384F84C313A4633462946204679
:10D4F000BDE8F041FFF7B2BF6FF08500BDE8F081F5
:10D500006FF08600FAE700BF0002C00301010100CE
:10D510002DE9F04323F47E16124BDDF82C909E4249
:10D52000DDE9077CDDE909E815D10388B3F5105F73
:10D5300011D1A2F11004102C11D80B4D25FA04F4CE
:10D54000E3070CD53B46CDE90989CDE907CEBDE817
:10D55000F04312F04FB86FF08500BDE8F0836FF034
:10D560008600FAE70002C0030101010073B50C4612
:10D5700011461A4623880546B3F5105F069E19D159
:10D58000A2F11004102C12D80C4BE340DB070ED58F
:10D590000B4B9E420ED100242346009400F0A4F8C9
:10D5A000204685F81C41C5F8186102B070BD6FF0C7
:10D5B0008600FAE76FF08500F7E700BF0101010080
:10D5C000004440042DE9F04116461F46D0F81821CA
:10D5D0000E4B05469A42884611D1314600F0A4F818
:10D5E000069B044698420DD83346284642463946A3
:10D5F00000F0A8F80020079B1C60BDE8F0816FF0E8
:10D600008500FAE76FF08900F7E700BF00444004A7
:10D6100070B50088C8B0B0F5105F4D9E4F9D22D107
:10D62000A2F11000102821D8134C24FA00F0C007F2
:10D630001CD51248834216D105F00F00064315D1C0
:10D64000519B9D4215D8529B03A81D6033460096FE
:10D6500000F04AF803A82B464E9A509900F072F851
:10D66000304648B070BD6FF08500FAE76FF0860075
:10D67000F7E76FF08900F4E701010100004440047E
:10D6800070B5184E049CB342458802D06FF08500F7
:10D6900070BDEE1DB2EBD60F4FEAD60302D06FF08D
:10D6A0008600F5E7079A934218D8089A136047F264
:10D6B000121200889042E9D1059A5B00013393422F
:10D6C000EDD12378042BEAD1B5F5807FDED1069821
:10D6D000621C00F073F90028DAD0E0E76FF08900EF
:10D6E000D6E700BF00000209F8B5069F04461D46B4
:10D6F00061B11646AFB9E3F72FF8002384F8116142
:10D7000084F8127184F8103184F8133145B1102275
:10D71000294604F1F00012F09CF8012384F813313B
:10D72000F8BDE3F7ADF9E8E751B190F8103190F8A2
:10D7300012210B4402F001029B1A23F00F007047E4
:10D7400008467047002B00F081802DE9F04F1D4600
:10D7500090F8109190F8123189B003F00106C9F1E8
:10D76000100A029306EB0A03AB420446934600F20A
:10D77000C280884600F58077BAF1000F40F0AD8096
:10D78000029B002B63D194F8133104F1F009002BB4
:10D7900040F0BE8022463946484694F81131E2F7FF
:10D7A00087FE0F2D40F2DC80DA464646A5F11003D5
:10D7B000039323F00F0310334344019394F8133180
:10D7C00063B3102351464A463846E3F797FB1022CD
:10D7D0004946304612F03DF894F811312246394658
:10D7E0004846E2F765FE019B1036B3420AF1100A83
:10D7F000E4D1039B08F1100823F00F0115F00F0589
:10D80000884440F08C804946029B84F810311022F5
:10D81000404612F01EF809B0BDE8F08F51461022C4
:10D82000384612F016F810224946304612F011F828
:10D8300094F81131224639464846E2F739FE019BF9
:10D8400010369E420AF1100AB8D1D2E7704794F818
:10D8500011312246394604A8E2F7C0FF94F813318B
:10D86000002B6ED11036B54232D304F1F00906E038
:10D87000103DB54208F110080BF1100B28D310220F
:10D880005946384611F0E5FF102240460DEB0201E3
:10D8900011F0DFFF94F811312246394604A8E2F76F
:10D8A0009DFF94F81331002BE2D010230DEB030100
:10D8B00008464A46E3F722FB103D10223946484607
:10D8C00011F0C7FFB54208F110080BF1100BD6D2CA
:10D8D0007DBB84F8105104A999E75946524607EBDD
:10D8E000090011F0B6FF029B103DD3444D44002BBC
:10D8F0003FF449AFABE700F58070114648442A4633
:10D9000011F0A7FFA94484F8109109B0BDE8F08F89
:10D9100010234A4639463846E3F7F0FA3AE70BF166
:10D92000100B594438462A4611F093FFEBB202938C
:10D9300069E7594638462A4611F08BFF84F81051A2
:10D94000C9E7102304F1F0090DEB03014A4608462C
:10D95000E3F7D4FA10224846394611F07AFF81E7FE
:10D96000002D3FF450AF5946DCE700BF00B589B049
:10D970000146684600F03EF809B05DF804FB00BFC0
:10D9800000B591B00146684600F06AF911B05DF843
:10D9900004FB00BF30B599B00546684600F02AF890
:10D9A0006946044608A800F051FA034608A928462B
:10D9B0001C4300F089F9204619B030BD30B599B04C
:10D9C00005466846144600F015F82146044608A8A6
:10D9D00000F046F908A96A460443084600F082F9B7
:10D9E000034608A928461C4300F06CF9204619B0EC
:10D9F00030BD00BF38B50B68114A1BBAC3614B6814
:10DA000004461BBA83618B681BBA4361CB681BBA9F
:10DA100003610B691BBAC3604B691BBA83608B69D6
:10DA20001BBA4360CB6901461BBA0360E3F74AF8AF
:10DA30000546034920462A46E3F764F8681E38BDC8
:10DA4000DC2904002DE9F04106460C46904688B0DA
:10DA5000684602F1200106F12007E3F739FB6A4628
:10DA600069466846E3F756FA69463846E3F730FBFD
:10DA70003A463946384604F12005E3F74BFA6A4640
:10DA800069466846E3F746FA41462846E3F720FB35
:10DA90006A4641463046E3F703FB2A462946684674
:10DAA000E3F738FA2A4669466846E3F733FA6946E7
:10DAB0006846114AE3F72EFA69462046E3F708FB69
:10DAC000324621462046E3F763FA32462146204695
:10DAD000E3F75EFA224631462846E3F759FA6A46EA
:10DAE00029462846E3F7DCFA3A4629462846E3F772
:10DAF0004FFA08B0BDE8F081BC2A0400F0B5044636
:10DB00000D4699B02A4668462146E3F741FA694630
:10DB10006846E3F7DDFA6A46214608A805F12006C3
:10DB200004F12007E3F7BCFA6A4629466846E3F7A2
:10DB3000B7FA3246394610A8E3F7ECF932463946CF
:10DB40003046E3F725FA31462846E3F7C1FA6A463C
:10DB5000204608A9E3F7DEF9224629462846E3F7DE
:10DB600017FA6A46684608A9E3F712FA6A46394680
:10DB70003846E3F795FA2A46684608A9E3F708FA13
:10DB80006A4631463046E3F78BFA3A46314630462C
:10DB9000E3F7FEF9684610A9E3F79AFA22466946C8
:10DBA0002046E3F7F5F908A922460846E3F7F0F91D
:10DBB00010A9084608AAE3F773FA3A46384610A9AE
:10DBC000E3F7E6F919B0F0BD2DE9F04105460C4642
:10DBD000904688B00A4668462946E3F7D9F969466F
:10DBE0006846E3F775FA6A462946284604F1200696
:10DBF000E3F756FA05F120076A4621466846E3F73F
:10DC00004FFA324639463046E3F7C2F931462046EC
:10DC1000E3F75EFA2A4621462046E3F7B9F96A4659
:10DC200021462046E3F7B4F96A4629464046E3F721
:10DC3000AFF9424639463846E3F732FA22462946DA
:10DC40006846E3F7A5F96A4631463046E3F728FA15
:10DC50003A4631463046E3F79BF908B0BDE8F0811B
:10DC600070B504460D4690B004F1200600F012F99C
:10DC7000304605F1200100F00DF9214608A8E3F730
:10DC800027FA08A908460D4AE3F744F908A92246ED
:10DC90000846E3F705FA08A90846094AE3F73AF9FE
:10DCA00031466846E3F714FA202269460DEB02007C
:10DCB000E3F702F9013810B070BD00BFBC2A0400C0
:10DCC0009C2A040000F000B938B504460D4600F067
:10DCD000FBF805F1200104F12000BDE8384000F018
:10DCE000F3B800BF13462DE9F04FB9B08A46534A46
:10DCF0001946814610A8E2F7E5FE5149024610A8F0
:10DD0000E2F700FF8046179F4C4908EAD77787F073
:10DD1000010210A8E2F7F6FE179E5246F64328A924
:10DD200018A8FFF78FFEF60F20A9084686F001021B
:10DD300000F092F8FE24C8F1010835466A4618A999
:10DD400028A8FFF741FF63110DEB83031B6C04F060
:10DD50001F0223FA02FB0BF0010675402A4628A990
:10DD600018A8E2F72BFF2A4630A920A8E2F726FFE1
:10DD700028A918A8FFF7C2FE013CDED26FEA0B0209
:10DD800020A908A802F0010200F066F877406A4670
:10DD900018A928A8FFF718FF3A4628A918A8E2F7FB
:10DDA0000DFF3A4630A920A8E2F708FF08A96A4605
:10DDB0000846E3F775F908A9084600F09FF808A996
:10DDC00009F1200408460AF12002E3F769F9204628
:10DDD00020A908AAE3F764F908AA684618A9E3F796
:10DDE0005FF969466846E3F773F918AA694608A817
:10DDF000E3F756F921466846E3F76AF908AA694647
:10DE00001046E3F7C5F868460E4A08A9E3F7C0F8DC
:10DE100020212046E3F764F8024608A968465442E8
:10DE200044EA0804E2F7CAFE48466946064AE3F7B0
:10DE300037F9204639B0BDE8F08F00BF1C2A040036
:10DE40003C2A04009C2A0400FC2904000A460149DB
:10DE5000FFF748BF5C2A040070B588B004460D4641
:10DE6000164600212022684611F019FD002329469C
:10DE700020222046009311F0ECFC2A4669466846B1
:10DE8000E3F786F8324669462046E2F797FE08B087
:10DE900070BD00BF0B681BBAC3614B681BBA8361BE
:10DEA0008B681BBA4361CB681BBA03610B691BBA51
:10DEB000C3604B691BBA83608B691BBA4360CB6933
:10DEC0001BBA0360704700BFCB691BBA03608B6944
:10DED0001BBA43604B691BBA83600B691BBAC360F2
:10DEE000CB681BBA03618B681BBA43614B681BBAD2
:10DEF00083610B681BBAC361704700BF70B50D46E4
:10DF0000052498B0064610A8E3F7E2F82A466846CA
:10DF100010A9E3F7C5F8694610A8E3F7D9F810A9E6
:10DF20000846E3F7D5F86A4610A908A8E3F7B8F859
:10DF300008A910A8E3F7CCF810A90846E3F7C8F839
:10DF400010A90846E3F7C4F810A90846E3F7C0F89B
:10DF500010A908AA0846E3F7A3F810A90846E3F7B2
:10DF6000B7F810A90846E3F7B3F810A96A4608A85D
:10DF7000E3F796F808A910A8E3F7AAF810A908464D
:10DF8000E3F7A6F8013C10A9F5D1084608AAE3F783
:10DF900087F8052410A90846E3F79AF810A908465F
:10DFA000E3F796F8013CF5D110A908AA0846E3F773
:10DFB00077F810A908A8E3F78BF808A90846E3F753
:10DFC00087F808A96A466846E3F76AF810246946A4
:10DFD00010A8E3F77DF810A90846E3F779F8013CAB
:10DFE00010A9F5D12A460846E3F75AF8402410A9AB
:10DFF0000846E3F76DF810A90846E3F769F8013C15
:10E00000F5D110A96A460846E3F74AF8102410A98A
:10E010000846E3F75DF810A90846E3F759F8013C14
:10E02000F5D110A96A460846E3F73AF8102410A97A
:10E030000846E3F74DF810A90846E3F749F8013C14
:10E04000F5D110A9084608AAE3F72AF82A4630466F
:10E0500010A9E3F725F818B070BD00BF10B50C4C3F
:10E06000236813B10B4B1B682BB900F083FD30B94B
:10E070000122084B1A6001232360002010BD0138E3
:10E08000072801D9044810BD044B53F8200010BDE7
:10E09000106A00200C6A0020FE8FFFFFDC2A0400BB
:10E0A000BFF34F8F0549064BCA6802F4E062134381
:10E0B000CB60BFF34F8F00BFFDE700BF00ED00E076
:10E0C0000400FA0530B44FF0FE3200250B4B0C4C27
:10E0D0000C494968C3F80024C3F80424C3F8082491
:10E0E000C3F80C24C3F81024C3F81424C3F818246C
:10E0F000C3F81C24C4F8005530BC084700508450B5
:10E1000000408450402D0020024BD0E90012C3E9AA
:10E1100000127047402D00200B4670B58CB00646AB
:10E120001446202103AA04A81D4600F0B7F90028D0
:10E1300035D1039B202B32D14FF0FF31194800F02D
:10E14000CDFD40BB002000F0F9FD00BB00942B4644
:10E15000202206F1100004A900F092FC04460120E0
:10E1600000F0ECFD78B90F4800F0C0FD38B9B4B943
:10E17000202104A800F090FD20460CB070BD0A4894
:10E18000FFF7A0FFF3E70948FFF79CFFEBE707481D
:10E19000FFF798FFDAE70448FFF794FFD2E7044C53
:10E1A000EAE700BFCC2D0020FC2A0400142B040059
:10E1B000FE8FFFFFF0B504460E4615468FB00028CF
:10E1C00059D03E4B02689A4264D00DB1002969D003
:10E1D00027464FF4A071384600F05EFD202106A8C6
:10E1E00005AA00F05BF900285FD1059B202B5CD1CC
:10E1F0004FF0FF31324800F071FD70BB002000F09D
:10E200009DFD30BB002302952022019606A907F14F
:10E210001000009300F0D6FA0546012000F08EFDB4
:10E2200098B9274800F062FD58B9002D41D120214E
:10E2300006A800F031FD214B3B609CB128460FB091
:10E24000F0BD2048FFF73EFFEFE71F48FFF73AFF1A
:10E25000E7E71D48FFF736FFD4E71A48FFF732FF1C
:10E26000CCE70025194800F041FD0028E6D015480C
:10E27000FFF728FFE2E74FF0FF31144800F02EFDD2
:10E2800060B9134B0D4A1B689342EAD005B196B1B1
:10E290000F4F9EE7002528460FB0F0BD0948FFF755
:10E2A00011FFEEE76FF4E045C8E7202106A800F073
:10E2B000F3FC084DC1E76FF4E045D3E7A5BCC95AAC
:10E2C000CC2D0020FC2A0400142B0400B82D0020C3
:10E2D000146A0020FE8FFFFF2DE9F04F83B0002B62
:10E2E00000F0C7801D4600230446884617462B6071
:10E2F0008AB1002900F0BD80002800F085805E4BC7
:10E3000002689A4244D1B7F5806F0AD95B4E304615
:10E3100003B0BDE8F08F002876D0574B02689A42D0
:10E3200036D1A146D9F838311BB1D9F83020934203
:10E3300035D94FF0FF31524800F0D0FC00287CD195
:10E34000002000F0FBFC002873D1002309F1100A23
:10E350004FEAC70B424659465046009300F096FAE2
:10E360000646012000F0EAFC00285ED1444800F097
:10E37000BDFC002855D11F2E1AD076B92F6044B9A4
:10E38000404800F0B3FC20B13F48FFF79BFE00E09F
:10E390003E4E304603B0BDE8F08F3D4EEFE7002221
:10E3A00048461146FFF7B8FE06460028C1D0E6E70A
:10E3B000002248461146FFF7AFFE06460028DED190
:10E3C0004FF0FF312E4800F089FC00284DD100208D
:10E3D00000F0B4FC002844D1002342465946504680
:10E3E000009300F053FA0646012000F0A7FC002835
:10E3F00033D1234800F07AFC0028BED02248FFF732
:10E4000061FE002EBAD0C8E74FF0FF311D4800F082
:10E4100065FCD8B91F4B1A68174B9A4211D01B4E96
:10E42000AEE71948FFF74EFEA5E71B48FFF74AFE87
:10E430009CE71948FFF746FE87E71348FFF742FEBF
:10E440007EE7B7F5806F05D90C4E99E70E48FFF7C8
:10E4500039FEDFE7DFF83C9064E70F48FFF732FE54
:10E46000C7E70D48FFF72EFEB6E70748FFF72AFE7D
:10E47000ADE76FF4E0468CE7A5BCC95ADE8FFFFF1D
:10E48000CC2D0020B82D0020FC2A0400E88FFFFFCF
:10E49000FE8FFFFF146A0020142B04002DE9F047C3
:10E4A000DFF8ACA080460D46DAF800004FF0FF31EF
:10E4B000914600F013FCA8BB002000F03FFC68BBB5
:10E4C000C5B100261E4F0AE0182D2C4628BF18247F
:10E4D0003946224600F0DEFB2D1B26440BD01821C6
:10E4E0003846E4F76DFB034608EB0600002BEBD043
:10E4F000144C03E02E460024C9F80060104818218F
:10E5000000F0CAFB012000F019FCA8B9DAF80000FD
:10E5100000F0ECFB50B92046BDE8F0870A48FFF751
:10E52000D1FDCDE70948FFF7CDFDC5E70748FFF767
:10E53000C9FD2046BDE8F0870348FFF7C3FDE5E7C6
:10E54000546B0020FE8FFFFF142B0400FC2A0400F4
:10E55000BC2D002010B5044650B1636813F0685F0D
:10E5600005D0064A934202D000236260236010BDAA
:10E57000034B04485B689847EFE700BF2C5F5CA93A
:10E58000402D0020342B0400C8B143680D4A93424B
:10E5900013D013F0685F0ED0012350E8002F194606
:10E5A00040E8001C9CF0000FF7D1012AF5D0BFF322
:10E5B0005F8F0020704704487047044870476FF42D
:10E5C000E04070472C5F5CA9E98FFFFFEA8FFFFFF7
:10E5D000034680B1426809498A420AD012F0685F56
:10E5E00005D0BFF35F8F002210461A6070470448C1
:10E5F0007047044870476FF4E04070472C5F5CA997
:10E60000E98FFFFFEA8FFFFF10B5044620B100231A
:10E61000034A2360626010BD0248FFF753FDF6E72E
:10E620003A00003A5C2B040070B5164C4668056849
:10E6300066608668C068A660E06025600868124B66
:10E64000124A18604868586088689860C868096904
:10E65000D8601961536813F0685F05D000230C4936
:10E66000104651601360A8470A48436813F0685F7A
:10E6700007D0002206492368C0E90021BDE87040A8
:10E68000184770BD5C2D0020482D00207C2D0020F7
:10E690002C5F5CA9742D00202DE9F047044684B05E
:10E6A000A64694F81FC015464FF01008002294F8B3
:10E6B0001E90637F0CF1010A09EB1A2994F81CC023
:10E6C00003EB19230CEB132C6377E37E84F81CC057
:10E6D00003EB1C2394F81AC0E3760CEB132C637E37
:10E6E00084F81AC003EB1C2394F818C063760CEB73
:10E6F000132CE37D84F818C003EB1C2394F816C098
:10E70000E3750CEB132C637D84F816C003EB1C231C
:10E7100094F814C063750CEB132CE37C84F814C0DC
:10E7200003EB1C2394F812C0E3740CEB132C637CF2
:10E7300084F81E9003EB1C23637484F81FA084F8F4
:10E7400012C094F810C00E460CEB13230EF8103FC5
:10E7500004AF022110462346CDE901E8009200F003
:10E76000B9FC10B1BD46BDE8F0872021204600F07D
:10E7700047FD0028F6D12946304600F043FD002829
:10E78000F0D11F2D15D8C5F1270323F007036E46DE
:10E79000ADEB030DC5F120050DEB080401462A463B
:10E7A000204611F07CF82946204600F02BFD38B9B0
:10E7B000B5460021084600F061FDBD46BDE8F08782
:10E7C000B546CFE7F0B589B00546DDE90F46002C28
:10E7D00047D02022684611F03CF866B3731E022B26
:10E7E00051D921466A4626F00300204451F8043BE3
:10E7F0001768814283EA070342F8043BF6D1B30766
:10E8000019D026F003031DF80310E25C4A400DF80E
:10E8100003205A1C96420ED91DF80200A15C023357
:10E8200041409E420DF8021005D91DF80310E25C2C
:10E830004A400DF8032024220021284611F02FF829
:10E84000202269462846FFF727FF044610B9012316
:10E8500000242B620821684600F068F9204609B0C0
:10E86000F0BD0F462422214611F019F82022394626
:10E870002846FFF711FF04460028EFD10123204668
:10E880002B6209B0F0BD0023BDE700BF2DE9F043C6
:10E8900000271D46036ABDB00133CDE90477CDE9F9
:10E8A0000677CDE90877CDE90A7775D004460E469C
:10E8B0009046002D6ED02946449AFFF7EDFE0028C1
:10E8C00065D100221020E17F94F81EC0637F01F122
:10E8D000010E0CEB1E2C217F03EB1C2301EB1321FB
:10E8E0006377E37E217703EB1123A17EE37601EBCF
:10E8F0001321637EA17603EB1123217E637601EB66
:10E900001321E37D217603EB1123A17DE37501EB58
:10E910001321637DA17503EB1123217D637501EB49
:10E920001321E37C217503EB1123A17CE37401EB3C
:10E930001321637CA17403EB1123217C637404F124
:10E94000100701EB1323237484F81EC084F81FE022
:10E950002346CDE9017002211046009200F0BAFB77
:10E96000A8B94046F10800F04BFC80B95FEA1629CF
:10E9700016D080464FEA092901E0C84510D0202171
:10E9800004A800F03FFC08F580780028F5D03DB0E1
:10E99000BDE8F08304AD94E71F203DB0BDE8F083EF
:10E9A000B14507D0A6EB0901C90804A800F02AFC6C
:10E9B0000028ECD10CA800F0F5FB0021084600F07F
:10E9C0005DFC0028E3D1102212A9384610F041FF67
:10E9D000E07FA37F0138627FA3EBD0739BB2A2EBF1
:10E9E000D332A377237F92B2A3EBD233E077E07EDA
:10E9F0009BB2A0EBD3302377A37E80B2A3EBD033BE
:10EA00006277627E9BB2A2EBD332A376237E92B270
:10EA1000A3EBD233E076E07D9BB2A0EBD33023763C
:10EA2000A37D80B2A3EBD0336276627D9BB2A2EB72
:10EA3000D332A375237D92B2A3EBD233E075E07C91
:10EA40009BB2A0EBD3306275A27C80B2A2EBD03235
:10EA50002375637C92B2A3EBD233E074207C9BB22B
:10EA6000A0EBD330A2742074294620222046637480
:10EA7000FFF712FE00288AD1236A0133236286E75A
:10EA8000F0B589B005460E9E002B43D06846174668
:10EA90001C4610F0DEFE66B3731E022B44D9A64658
:10EAA000EC4626F003022244DCF800305EF8041B3A
:10EAB000594096454CF8041BF6D1B30719D026F0FF
:10EAC00003031DF80310E25C4A400DF803205A1CB2
:10EAD00096420ED91DF80200A15C023341409E42CD
:10EAE0000DF8021005D91DF80310E25C4A400DF83C
:10EAF00003203A4669462846FFF7CEFD044610B982
:10EB0000012300242B620821684600F00FF82046FC
:10EB100009B0F0BDFFF7C0FD04460028F7D101237E
:10EB200020462B6209B0F0BD0023CAE7890000F03F
:10EB300047B900BF3AB101EB820251F8043B914260
:10EB400040F8043BF9D1704708B500F037F830B908
:10EB500000F03EF828B9064AC2F80C0A08BD0320A6
:10EB600008BD00F02DF800F06DF8042008BD00BFCE
:10EB70000050845030B583B0FFF7E6FF044610B96B
:10EB80000B4D2B6813B1204603B030BD0246014641
:10EB9000FFF710FB50B96822064901ABFFF79CFB59
:10EBA00020B92046044B2B6003B030BD0524EAE7B2
:10EBB000946B0020986B00205AEA5A5A0020704744
:10EBC00000207047014BC3F8040A7047005084507E
:10EBD00010B5154800F06EF800B110BD134800F0F4
:10EBE00069F80028F9D1124C204600F063F800289B
:10EBF000F3D1104B10481C6000F05CF80028ECD1F9
:10EC00000E4800F057F80028E7D10D4800F052F800
:10EC100001460028E1D100F039F8044608B900F0B7
:10EC20006FF8204610BD00BFCC2D0020C82D00205D
:10EC3000C42D0020BC2D0020C02D0020B82D0020A8
:10EC4000B42D002008B50B4800F03EF80A4800F04B
:10EC50003BF80A4800F038F8094800F035F8094850
:10EC600000F032F8084800F02FF8BDE8084000F046
:10EC70000FB800BFCC2D0020C82D0020C42D0020CF
:10EC8000C02D0020B82D0020B42D0020002070479A
:10EC9000704700BF10F0EABD82B0019041B100237F
:10ECA0009C461A4601980133994200F802C0F8D1F7
:10ECB00002B0704708B5034B02681B68106898479C
:10ECC000002008BD5C2D002008B5034B02685B687E
:10ECD00010689847002008BD5C2D0020024B026898
:10ECE0009B681068184700BF5C2D002008B5034BD7
:10ECF0000268DB6810689847002008BD5C2D002082
:10ED000070B5094C094D2069AB68984718B1084B9C
:10ED100008485B6898470021074AEB681160206942
:10ED2000BDE87040184700BF482D00205C2D002032
:10ED3000402D00208C2B0400006C0020F8B51A4DEB
:10ED40001A4E0446B26828699047E8B9184F3B68E4
:10ED50004CB1A3B1012B19D0013B3B602869F3688A
:10ED600098470020F8BD43B90121124AC2F80015A6
:10ED70001149D1F81029002AFBD101333B60F36817
:10ED8000286998470020F8BD0C48F8BD0A4AD2F817
:10ED90001039002BFBD1074A6FF07E40C2F80035D6
:10EDA000FFF710FF3B68D7E7482D00205C2D0020BF
:10EDB000006C00200040845000508450E98FFFFF19
:10EDC0002DE9F0410E4682B0002879D000296FD09D
:10EDD000054601273D4C55E0D4F80CC02068D4E925
:10EDE00001E14FEACE524B0980EAC05842EA502274
:10EDF00043EACC638EEA02004B404FEA984E4EEA5B
:10EE0000803E83EA08038CEA5C1283EA0E034240E8
:10EE100011EB030E82EA90424CEB0200082EB04642
:10EE2000C4E9023228BF4FF0080815F00303C4E913
:10EE3000001CCDE900E032D1072E3DD8032E2CD99D
:10EE4000B8F10402C5F800E018D0042303F108016A
:10EE5000694411F8081C012AE9540FD003F1090094
:10EE6000684410F8080C591C032A685406D103F1B1
:10EE70000A026A4412F8082C0233EA54B6EB080678
:10EE8000454415D0237E002BA6D118212046E3F758
:10EE900097FE0028F9D127769EE74246D6E7284616
:10EEA0004246694610F0D5FCB6EB08064544E9D168
:10EEB000002002B0BDE8F081C5F800E06860DDE741
:10EEC0000029F5D0142002B0BDE8F081D84B002015
:10EED00031B10023013800F8013F01339942FAD1E2
:10EEE000704700BF01202DE9F041764C764DC4F803
:10EEF000100800F00BFC00236A68C4F84034C4F822
:10EF00004434C4F84834C4F84C34C4F86034C4F809
:10EF10006434C4F86834C4F86C34C4F8BC34D4F82D
:10EF2000C03402F0010223F00103C4F8C034D4F865
:10EF3000C0341A43C4F8C0242868072805D1D4F87F
:10EF4000C03423F00103C4F8C0345E4C8300D4F80D
:10EF5000C02403F01C0322F01C02C4F8C024D4F81F
:10EF6000C0241343C4F8C034D4F8C03495F89C20AE
:10EF700023F00203C4F8C034D4F8C03495F8341038
:10EF800023F44053C4F8C034AE6BD4F8C074002AE4
:10EF90004FEA063202F4405242EA07024B4BC4F8F1
:10EFA000C02408BF002309BB1A68C4F800245A68AB
:10EFB000C4F804249A68C4F80824DA68C4F80C2455
:10EFC000002E76D01A69012EC4F810245A69C4F8AC
:10EFD00014246ED09A69C4F81824DB69C4F81C3470
:10EFE0002868072868D00020BDE8F0810229F8D100
:10EFF0001F683146384600F0FBFCDFF8D48050B380
:10F00000D8F800202F4B1268C3F80024D8F800204D
:10F010005268C3F80424D8F800209268C3F8082482
:10F02000D8F80020D268C3F80C24D8F80020126960
:10F03000C3F81024D8F800205269C3F81424D8F873
:10F0400000209269C3F81824D8F80020D269C3F8C8
:10F050001C24BDE8F081D8F8003031461B683846E2
:10F06000C4F80034D8F800305B68C4F80434D8F829
:10F0700000309B68C4F80834D8F80030DB68C4F866
:10F080000C34D8F800301B69C4F81034D8F80030BC
:10F090005B69C4F81434D8F800309B69C4F818349C
:10F0A000D8F80030DB69C4F81C3400F0B7FC002845
:10F0B000A6D12868072896D10122024BC3F87C24E8
:10F0C00091E700BF00508450046C0020A46C002025
:10F0D000B02D00202DE9F84F0024984683460F46B6
:10F0E00091462D4E2D4DC02221463046DDF828A0F8
:10F0F00010F0D5FBC5F84044C5F84444C5F8484471
:10F10000C5F84C44C5F86044C5F86444C5F8684483
:10F11000C5F86C4400F0F2FA2046C5F8C04400F08F
:10F12000F5FAC5F81048C6E9007B86F83490C6F8B1
:10F1300038A0B8F1000F0AD001230AF102024146BB
:10F14000D20006F1A00086F89C3010F082FB10205F
:10F1500000F0C6FAFFF7C6FE40B9022F08D0072F0D
:10F1600004D01FB10E48FEF7ADFF0620BDE8F88FB2
:10F170000B9B1A68094BC3F860240B9A5268C3F8BA
:10F1800064240B9A9268C3F868240B9AD268C3F877
:10F190006C24BDE8F88F00BF046C00200050845040
:10F1A000802B040010B50446C022124910F051FB18
:10F1B000114B6022D3F840041049A060D3F84404F6
:10F1C000E060D3F848042061D3F84C046061D3F8C0
:10F1D0006004A061D3F86404E061D3F8680420629D
:10F1E000D3F86C3404F13C006362BDE8104010F0C9
:10F1F00030BB00BF046C002000508450146D002010
:10F2000000F074BA70B51B4C2368072B17D0A36AA3
:10F2100006460D46B3B1012000F078FAA36A2B44EC
:10F220000F2BA3621CD9012301222946304600F08E
:10F23000C1F9034620B9104B1B6C102B16D00023CC
:10F24000184670BDE36A002BE5D0012000F02CFACF
:10F250002368072BDFD1A36A2B440F2BA362E2D8CC
:10F260002368012B94BF00230123DDE700F01CFA83
:10F27000E5E700BF046C0020146D00202DE9F0418B
:10F2800084B0DFF86081544BD8F84020534CC3F869
:10F29000BC24A36A06460D4600AFB3B32368072B10
:10F2A0007ED1002000F000FA00224B4BC3F8BC24B2
:10F2B00015B1D8F858302B602368072B2FD00026C3
:10F2C0000024454DC0222146444810F0E8FAC5F814
:10F2D0004044C5F84444C5F84844C5F84C44C5F812
:10F2E0006044C5F86444C5F86844C5F86C4400F04F
:10F2F00005FA2046C5F8C04400F008FA3046103739
:10F30000C5F81048BD46BDE8F081E36A002BCBD0BC
:10F310002368072B57D0012000F0C6F9C4E7E36A41
:10F320001BB901222C4BC3F824252B4B256BD3F89A
:10F33000402403353A60D3F84424AD087A60D3F80A
:10F340004814EA1DB9606168D3F84C04012922F021
:10F3500007036C46F860ADEB030D2CD129466846D7
:10F36000FFF7B6FD65B30020013D0DF1FF316D449F
:10F3700011F8013F07F1100202EB830252F8102C42
:10F3800056F823305340034314BF01200020A94204
:10F39000EED1ABB11248FEF795FE1226A5468FE7D7
:10F3A000012000F0B3F92368002B7FF47AAF01202D
:10F3B00000F07AF978E72A4630463946FFF7BAFB7B
:10F3C0000026A5467CE7012000F0A0F92368072B62
:10F3D0003FF467AF9FE700BF00508450046C0020EB
:10F3E000802B0400146D0020F0B501246E4A6F4B91
:10F3F00092F85C5092F84870A5428646C3F82048BF
:10F400003AD04FF4FE64C3F8044AD3F8084A44F4EF
:10F410007F64C3F8084A002F3AD1002D40F0BE8027
:10F42000634B1C7C14B11C6884425ED993F8244061
:10F4300014B15C69844269D993F8384014B19C6A6C
:10F4400084426FD993F84C401CB1DC6B844240F28B
:10F450008480564BC3F828ECC3F82C1C4FF4006191
:10F46000524AD2F8003A31EA0303FAD10023C2F833
:10F47000081AC2F82038F0BD4FF47664C3F8044A85
:10F48000D3F8084A44F47F64C3F8084A002F43D0F5
:10F49000474BD46C1F7C17B11F68BC4248D293F80D
:10F4A000247017B15F69BC425FD293F8387017B10E
:10F4B0009F6ABC4261D293F84C7017B1DF6BBC42BB
:10F4C00063D227460C44D464946D0C449465374C45
:10F4D000C4F8287DC4F82C1D002DA2D0012DC4F83D
:10F4E000300CC4F8341C1BD0B8E75D682544854255
:10F4F0009CD9002505EB850503EB8503556D9A68BE
:10F50000DB68161B064405FB036EA2E79D692544D4
:10F51000854291D90125EDE7C3F8300CC3F8341CBE
:10F5200090219DE7DD6A254485428BD90225E1E7DC
:10F530005E6807EB060C6445B1D24FF0000C0CEB93
:10F540008C0C03EB8C0CDCF80860DCF80CC0F71BAF
:10F55000566D274406FB0C77B4E71D6C25448542A5
:10F5600088BF03257FF675AFC4E79E6907EB060CDD
:10F5700064459AD24FF0010CE1E7DE6A07EB060C16
:10F58000644598D24FF0020CD9E71E6C07EB060CCD
:10F59000644538BF4FF0030C93D2D0E7C3F8300C6A
:10F5A000C3F8341C5AE700BF146D0020005084508B
:10F5B000C46C00202DE9F843DFF8E4900646D9E951
:10F5C000105C0F461446002A59D1CDBBFFB1D9F8C3
:10F5D000401089F8484061BBD9F844307D1EB5FB26
:10F5E000F3F503FB05F545B1B5F5803F12D2304682
:10F5F0002946FFF7F9FE7F1B2E443A46314628483C
:10F6000010F027F9D9F840303B44C9F840300020C9
:10F61000BDE8F883D9F844403046C4F58038414607
:10F62000FFF7E2FEA4F58033ED181F444644DBD11A
:10F63000E3E71B48FFF7D8FE0023C9F84030CBE7CB
:10F6400099F8483043B129464846FFF7CDFEC9F83E
:10F650004040BBE7002DB9D0ACEB0502BA4209EB44
:10F660000500154628BF3D46314610F0F2F8D9F89E
:10F6700040302E442B44C9F840307F1BA6E7002BB6
:10F68000E8D0D9F850308B4205D35B1AC9F8503016
:10F69000002DE1D19AE70348FEF714FD1320B7E7E8
:10F6A000146D0020802B040010B50C4C216C29B186
:10F6B00028B90A48FFF798FE0023236410BDC1F162
:10F6C00040026018002110F0EAF8616C03482164E0
:10F6D000FFF78AFE00232364F0E700BF146D0020CB
:10F6E000014B5864704700BF146D00200246024B66
:10F6F0000020C3E913217047146D0020602200210F
:10F70000014810F0CCB800BF146D0020074AD2F8B1
:10F710001039002BFBD1064B0449C2F800091870C0
:10F72000D1F81039002BFBD1704700BF0050845036
:10F730002C7100204FF47F0310B4D3F8102C013249
:10F7400021D0D3F8102CF2B9D3F8142C01322CD0DC
:10F75000D3F8142C4ABBD3F8182C013232D0D3F88A
:10F76000182C7ABBD3F81C2C013202D0D3F81C3CE5
:10F77000ABB34FF47F03D3F81C2C032101322BD001
:10F78000D3F81C4C08E04FF47F03D3F8102C002171
:10F79000013211D0D3F8104C012200238460017390
:10F7A000027043605DF8044B70474FF47F03D3F859
:10F7B000142C0121013202D140F2DC54ECE7D3F8E1
:10F7C000144CE9E74FF47F03D3F8182C02210132DF
:10F7D00002D0D3F8184CDFE740F63404DCE70248E7
:10F7E0005DF8044BFEF76EBC802B040070B5037807
:10F7F00043B3D0E901520124154B90F80CC0C3F873
:10F80000C441C3F84041C3F8C441C3F83021D3F820
:10F8100030118A42F7D100203F261E210422C3F86E
:10F820002C01C3F80861C3F80011C3F80C21D3F808
:10F830000C214CEA0202C3F80C21C3F83851C3F87A
:10F840002C4170BD0348FEF73DFC0C2070BD00BF8D
:10F8500000508450802B04000020034BC3F82C017F
:10F86000C3F8C401704700BF005084504FF0000C33
:10F870002DE9F84F864601244FF0FF354FF03F0940
:10F880004FF01E0804270E466046464BD3F804216D
:10F8900012F00E0F53D0D3F80C21D3F8301102F030
:10F8A0000302032AC3F82C01C3F8BC41C3F8085172
:10F8B00069D0013242F0040AD2B2C3F80CA1C3F8F5
:10F8C00030118EF80C20CEF80810D3F80C11D3F8B4
:10F8D000302101F0030BD3F838A1C3F8C441C3F8B9
:10F8E0004041C3F8C441C3F83021D3F830118A42F3
:10F8F000F7D1C3F82C01C3F80891C3F80081C3F80D
:10F900000C71D3F80C210CF1010C4BEA0202C3F884
:10F910000C21C3F838A1C3F82C41D3F80421D10736
:10F9200011D4BCF1640FB1D100221E4B1E48C3F8A4
:10F930002C21C3F8C421FEF7C5FB102021E0D3F829
:10F940000421D207A2D5BCF1640FEDD04FF0FF32F5
:10F9500001210020134BC3F8BC11C3F80821D3F8D0
:10F9600014213260D3F818217260D3F81C21B260E0
:10F97000D3F82021F260D3F824213261D3F8283162
:10F980007361BDE8F88F4A1C9FD0491840EB000214
:10F990008D4270EB020238BF4FF0FF3100224FF072
:10F9A000040A8AE700508450802B04000A23436035
:10F9B000704700BFC368032B05D0022B14D8013356
:10F9C000C3600120704783685A1C0FD000224FF09B
:10F9D000FF3CDB1842EB020191420CBF1946614625
:10F9E000C0E90212012070478368EFE700207047EA
:10F9F0007F2809D851B10139022909D805497F2842
:10FA00000CBF084600207047024870470846704700
:10FA1000014870470100F7000300F7000129F0B426
:10FA200007D0022900F0898000295AD07248F0BC22
:10FA300070470022714C724B4FEAC00CC4F800159D
:10FA4000451C0CF57F04C3F8082104F50444C3F8F1
:10FA50000021C3F80421C3F800556A4E2468B4425B
:10FA600040F0B380196002E0002940F0B580D3F87F
:10FA70000021D3F80841D3F804112243F4D0002C1C
:10FA800040F0B180002940F0A78001245B4AC3F810
:10FA900000150230C2F800455B4AC3F80811C3F8EC
:10FAA0000011C3F80411C3F8000552F80C00574ABE
:10FAB000904240F08E80524A1C6002E0002840F0E4
:10FAC0008B80D2F80031D2F80811D2F804010B4330
:10FAD000F4D0002940F08C8000287DD1C2F80005C8
:10FAE00028E00124464BC200444E204402F57F0228
:10FAF000C6F8004502F50442C3F80811C3F8001126
:10FB0000C3F80411C3F800053E4D1268AA4260D143
:10FB10001C6001E000285FD1D3F80021D3F8081160
:10FB2000D3F804010A43F5D000295CD1002853D151
:10FB3000C3F800050020F0BC704701250022304BBF
:10FB40002E4F4FEAC00C44190CF57F01C7F8005541
:10FB500001F50441C3F80821C3F80021C3F80421CA
:10FB6000C3F80045274E0968B1422ED11D6000E060
:10FB700091BBD3F80021D3F80841D3F804112243F4
:10FB8000F6D084BB41BB01241C4AC3F800150230E7
:10FB9000C2F800451C4AC3F80811C3F80011C3F8A5
:10FBA0000411C3F8000552F80C00184A904210D115
:10FBB000134A1C6000E078B9D2F80031D2F808117D
:10FBC000D2F804010B43F6D083E7C3F800251048B0
:10FBD0002DE7C3F80015FAE70022094B0D48C3F8DA
:10FBE0000025F0BC70470022C3F800250A481EE734
:10FBF0000023C2F80035F9E70C00F1000040845002
:10FC000000900350005484500884FF001054845026
:10FC10000600F7000200F7000100F700F8B50E4BF0
:10FC200006461D68AB789B0712D56F6816F8014B26
:10FC300029462CB90A20B847002805DB204609E0F0
:10FC40002046B8470028F1DAAB7843F00403AB70E4
:10FC50004FF0FF30F8BD00BFC81E04000CB430B533
:10FC60008BB004460D462022002102A80FF017FE9B
:10FC70000223002D06948DF80A300C4B039312DBFF
:10FC800001D06B1E1C440FAA0E9902A80794019282
:10FC900000F002F915B1069B00221A700BB0BDE806
:10FCA000304002B070470024EDE700BFFDFC0300C8
:10FCB000242AF0B5044601D8012A40D12E4B162241
:10FCC000E6F73CFA1A5001B10C600020F0BD2F4657
:10FCD0003D4615F8010B2028F9D0A0F1090603468E
:10FCE000042EF4D92B282CD02D282CD101262B78AA
:10FCF000BD1C302B2DD1287840F02000782824D14D
:10FD000032F0100021D16B782C46102202350020F1
:10FD1000392B82BF03F1FF3343F02003263B303BF6
:10FD20009A421AD9A0FB02040CB9C01801D346F0BC
:10FD300002062F462C4617F8013B3D46E8E70746EA
:10FD4000C6E70026D3E70026D3E7002A08BF08222B
:10FD5000DDE7002A08BF0A22D9E701B10C60F207EB
:10FD600048BF4042B307B1D5034B2222E6F7E6F97C
:10FD70001A504FF0FF30A9E70C0000002DE9F041C8
:10FD80000126B24201DCBDE8F08107463B461F4632
:10FD900013F8014B002CF6D0252CF8D11D78023732
:10FDA000252DF3D00023DFF8EC809C461C461F2C49
:10FDB00027D8A5F1200EBEF1100F06D828FA0EFEA6
:10FDC0001EF0010F53D12E2D3CD02E2D27D8242DDF
:10FDD00033D02A2D36D0BCF1000FD4D0B445D5D1C4
:10FDE00045F020070B68A7F1650CBCF1020F01D9A3
:10FDF000612F42D1073323F00703083301360B602C
:10FE0000BFE77F2CDFD96C2D23D01DD8682D27D0DC
:10FE10006A2D01D04C2DDED144F4207408E0A5F108
:10FE2000300EBEF1090FEED80A2404FB03E32024B0
:10FE300017F8015B002DBAD1CDE7BCF1000F18D047
:10FE4000B34218D00023F3E7742DF1D07A2DEFD010
:10FE5000C1E7250648BF44F4007444F08004E7E796
:10FE6000E50548BF44F4007444F48074E0E70024DE
:10FE7000DEE79C46E6E76325B2E7692D02D007D8A6
:10FE8000632D03D0250601D5A405B3D40433B5E70B
:10FE9000732DF6E7892801002DE9F04F837893B0A0
:10FEA0008046D0F804909C07CDE9081214D50B4683
:10FEB00000250B92187888B1252813D001330693BA
:10FEC00041460135C847002880F2F48398F8023093
:10FED00043F0040388F802304FF0FF35284613B092
:10FEE000BDE8F08F93F801A09A1CBAF1250F069295
:10FEF000E6D04FF0000B5E465F465C461F2C23D8D1
:10FF0000AAF12003102B22D8DFE803F01521211BD2
:10FF10002121210B2121211321182121090044F045
:10FF20000104069B13F801AB0693BAF1000FE5D16B
:10FF30001BE044F0020444F00404F2E744F0080437
:10FF4000EFE744F01004ECE77F2C00F2F880BAF100
:10FF50002E0F00F0D58000F2AE80BAF1240F00F031
:10FF6000D580BAF12A0F00F0B680BBF1000F06D0A1
:10FF7000099B5A460BA908980B93FFF7FFFE002E2A
:10FF80004AF02003B8BF24F040040493A3F16503B2
:10FF9000BCBF0026A4B2022B04D94AF02003612B77
:10FFA00040F088826FEA0A0A0AF0200307930B9B4D
:10FFB000073323F0070303F108020B92049A612A26
:10FFC000D3E900AB04F0400340F0E680002B079B30
:10FFD00050460CAA08BF4FF0FF360093594644F430
:10FFE000C05433460FF003FE01304FF0010CDDF832
:10FFF00030A0C3B2B3420393A8BF03F1FF3670230E
:020000040003F7
:10000000CDE9043C0AF10903122B0DD90AF163036F
:10001000C62B40F2F4800AF2E73340F2CE729342EC
:100020008CBF0423032305939DF83430D80700F1D7
:10003000E880A20700F1E880C4F3800B4FEA4B1B75
:100040005FFA8BFB13F00C0F00F0EA80BBF1000F9E
:100050000CBF03230423BB420EDA2007A7EB0307E0
:100060000BD42F4441462020C847002805F1010544
:10007000FFF62CAFBD42F5D10027BBF1000F07D032
:1000800041465846C847002805F10105FFF61EAF56
:100090009DF83430AD4C13F0080FAD4B08BF1C4633
:1000A0002646324616F8010B002840F0B0802C1B83
:1000B00002EB040B7AE1AAF13003092B3FD814F0CC
:1000C000400F4FF00A020ABF44F0200402FB06363C
:1000D00002FB073725E7BBF1000F7FF422AF0B9A35
:1000E000600652F8043B0B9201D51E4619E7002B1F
:1000F000A7BF44F020041F465F4244F0280410E7E5
:1001000063063FF5EBAE44F040040AE7BBF1000F95
:100110003DD014F0400A099B0BA908980CBF3A4641
:1001200032460B93FFF72AFE0B9B53F8042B0B93DD
:10013000BAF1000F01D01646F3E61746F1E6BAF120
:100140006C0F16D00CD8BAF1680F19D0BAF16A0F3B
:1001500003D0BAF14C0F7FF408AF44F42074E0E60A
:10016000BAF1740F3FF4DDAEBAF17A0F3FF4D9AEB5
:10017000FBE6200648BF44F4007444F08004D0E657
:10018000E30548BF44F4007444F48074C9E65E4655
:10019000BB4634463746C4E6002B049B08BF062600
:1001A000652B0ED1721C44F48054D2B21346112A2E
:1001B0004FF065014FF0000228BF112394460491CF
:1001C00007E0049B662B12D144F40054B44601228C
:1001D000112350465946CDE9002C0CAA00F014FB1F
:1001E000DDF830A0C3B20393022305930AE716F0AB
:1001F000FF02DBD16523944604930123E9E7022340
:1002000011E74FF02D0B1DE74FF02B0B1AE7079B63
:100210004146C01AC0B2C8470028BFF642AF55E6F3
:1002200014F4405F40F09680039B002E03F14803D6
:1002300008BF01266B44133B039A1AB113F8012D32
:10024000302A75D014F0100F039B18BF33461AF1F3
:10025000040F72DBB24570DA534544F400547CDD80
:100260000AF101069E1B2AEAEA730133BBF1000F73
:1002700000D00133002E72D0721C13449F42CCBFB9
:10028000FF1A002714F0090F03D12F44BD426AD191
:100290000027BBF1000F07D041465846C847002849
:1002A00005F10105FFF612AE230510D541463020B9
:1002B000C8470028FFF60AAE079B41460235C3F146
:1002C000780000F0F800C8470028FFF6FFAD2007CF
:1002D00004D4AB467D195D454DD10027A10468D5F6
:1002E0002AEAEA737642AAEB030A039A013B05F174
:1002F000010B524589BF0CAA3020524450799E42CE
:1003000041DC41460493C84700280AF1010A049BD6
:10031000FFF6DCAD5A1C09D141462E200493C84794
:100320000028FFF6D3AD05F1020B049B5D46DCE728
:10033000039A013AD2B203927EE75E1E14F4006F74
:10034000059A14BF0523032313448FE78F3D040050
:100350008B3D0400A10486D4F0E7002683E7E20683
:1003600048BF01338AE741462020C847002805F1ED
:1003700001058BDAAAE541463020C84700280BF179
:10038000010BA8DAA2E541460393C8470028FFF60F
:100390009DADE6060AD5039B013307D105F1020B9B
:1003A00041462E20C8470028FFF690AD5D465F44C9
:1003B00012E241469DF83500C8470028FFF686AD99
:1003C000002E5DDD41462E20C8470028FFF67EAD99
:1003D00001240CAB039A4146A346A242CABFE218CD
:1003E00030205079C8470028FFF670AD01340CABBF
:1003F000A642EFDAAC1C5C44049B4146079A981A6B
:10040000C0B2C8470028FFF661ADBAF1000F4146FF
:10041000B6BF2D202B20CAF1000AC8470028FFF6DE
:1004200055AD059B042B37D14FF47A764146033402
:10043000BAFBF6F505F13000C0B2C8470028FFF658
:1004400045AD06FB15AA642641460134BAFBF6F514
:1004500005F13000C0B2C8470028FFF637AD06FBF3
:1004600015AA0A2641460134BAFBF6F505F130001B
:10047000C0B2C8470028FFF629AD06FB15AA12E056
:10048000E40601D46C1CB7E741462E20C84700287B
:1004900005F10204B0DA19E5059B0234032BD2D032
:1004A000059B012BDDD10AF1300004F1010B41461F
:1004B000C0B277E7AAF16303122B00F2E580DFE810
:1004C00013F013005400E300E300E300E3005400E2
:1004D000E300E300E300E300E300FC00DD00E300F1
:1004E000E3002900E300AB000B9B01260DF1300A6D
:1004F0001A1D1B680B928DF8303020072CD50AEBA3
:10050000060B54465C4529D1A5EB0A0ABF1B04EB38
:100510000A0B4BE70B9B1A1D0B92D3F800A0A94BBB
:10052000BAF1000F08BF9A4614F0400F504614BFAE
:1005300031464FF0FF310FF02BFA0646DDE741461A
:100540002020C8470028FFF6C1AC013CA642F6D3E4
:100550002F443D1B2746D2E73C46F7E7414614F8B7
:10056000010BC8470028CDDAB0E421060B9B32D539
:10057000A2052BD5073323F0070303F10802D3E9C3
:1005800000010B9224F0100B00291FFA8BFB32DACA
:1005900040424BF4806B61EB41010CAC0A232246D4
:1005A0000FF012FA1BF0400FA0EB040200F09C8049
:1005B0002BF0010396429BB240F39F80BAF1000FEB
:1005C00040F09D802BF011039BB21FE01A1D1868AC
:1005D0000B92C117D6E71A1DE00519680B9201D4DA
:1005E0000846F6E7A20547BF48B241F3C01108B27A
:1005F00041F3C031C6E750EA0103CED16306CCD542
:10060000002ECAD124F011043246A3B2344640F27F
:1006100006410B426FD126E024F010040A23A4B255
:1006200014F0800C0B9A4CD014F4007115BF0732F3
:10063000101D22F007020B900FBF106802F1080195
:100640000B91D2E9000150EA010247D124F0160BC8
:1006500062061FFA8BFB45D5002E43D124F0170408
:100660003246A3B2344619075FD4D90704D5A7424E
:1006700072DD3C1BA6183C46A34650E044F0100433
:1006800010234FF0780ACBE74AF02003782B04D1EF
:10069000CAF1780343F01003C2E741462520C8475A
:1006A0000028FFF613AC41465046C8470028FFF625
:1006B0000DAC0235069BFFF7FDBB08234FF0000A87
:1006C000AEE7111D10680B9114F48071BBD014F4C7
:1006D00000711ABFC0B2614680B2B4E724F00604CC
:1006E0001FFA84FB0CAC5AE714465B46D9068ED53C
:1006F000BAF1000F05D10134B5E71446F6E73446E8
:10070000F4E70234AFE741462020CDE90332C84781
:100710000028FFF6DBAB0BF1010BDDE903325F458F
:10072000F1DC2C1B04EB0B055C46D90616D54146C3
:1007300030200392C8470028FFF6C8AB039ABAF1ED
:10074000000F32D0023541465046C8470028039A70
:10075000FFF6BCAB2E441DE016468DE740F2064185
:100760000B42F7D013F0020F05F101054146039249
:1007700014BF2B20202013F4806F18BF2D20E4E736
:10078000414630200392C847002805F10105039A2D
:10079000FFF69CAB731B9A42F2DB16460DF1300A52
:1007A0002EB902EB050B3F1B00E60135D2E7013EF7
:1007B000414603921AF80600C8470028039AEFDA68
:1007C000FFF784BB933D040041462020C847002822
:1007D00005F10105FFF67AAB7B1B002BF4DC69E722
:1007E0001FB502AB074A00934FF0CC330FF0C9F9A5
:1007F000DDE90201C00840EA4170C90805B05DF8B2
:1008000004FB00BFCDCCCCCC2DE9F04F9BB00F0D3D
:1008100004460A939DF890300592C1F30A520C9356
:10082000C1F31303C90F07917AB950EA03017ED1CE
:100830000599302301274B71079B0A6043F002039F
:100840000B7138461BB0BDE8F08F40F2FF718A4251
:100850000BD10343079B059A4FF0000714BF43F0E9
:10086000080343F004031371EBE7A2F2354A43F4A3
:100870008015234304F001024FEA85080CBF27F0DE
:100880000107012748EA9478089208BF7F054FEADC
:10089000840602BF7F0DB7FA87F77F09BAF1000F10
:1008A000C0F2B680504600F0EFF9BAF1030FC8BFAE
:1008B0000138049000F0F4F9049B7C3016A9A3EBF6
:1008C0000A0A8244184600F07DFA12AB20462946F7
:1008D000019310AB16AA0297009353460FF09AF8B3
:1008E000049B04460D46152B00F28E8014ABA94ADA
:1008F0003046414600934FF0CC33DDE9109A0FF0BB
:1009000040F9149B159A9B0843EA827303EB830317
:10091000B34210D14146304600F0CAF9049B8342ED
:100920008CBF4FF000084FF00108002715E01D466E
:10093000DFF864A29DE7089B002B55D1013E48F1EA
:10094000FF31F01B61F1000100F0B2F9049BDDF80A
:10095000208083428CBF002701270C9B002B40F096
:10096000C880DDF8289000264FF00A0B06960996FD
:10097000DDE91001FFF734FFDDE912A3CDE90D0138
:10098000194650460F93FFF72BFF0A4603460D9971
:100990000B908B420E9B72EB03010F9B80F0C48087
:1009A000204629460F92FFF71BFF0B9B002E14BF1A
:1009B0004FF0000808F001080F9A0BFB10460BFBE4
:1009C00003F50D9BF6B204461093554514BF00275E
:1009D00007F001070E9B0D46139211930B9B129388
:1009E000069B01330693C3E7B01C48F1000100F0F9
:1009F0005FF9049B83428CBF00200120B9EB00000B
:100A00006AF10002CDE910024FF000084746A4E762
:100A1000CAF1000B584600F03DF9BAF1FF3F0CBF98
:100A20008146A0F10109ABEB090B0AEB090358461B
:100A3000049300F035F916A9A0F17D0A584600F09C
:100A40004FF912ABA9EB0A0A2046019310AB2946D5
:100A500016AA0093534602970EF0DCFFB9F1010F7E
:100A600004460D460ED8089B13B94FF0010874E7F1
:100A7000109B4FF00108119A013B42F1FF32CDE982
:100A8000103252E7B9F13E0FBED84FF0FF33A9F153
:100A90002000C9F1200103FA09F203FA00F023FA59
:100AA00001F103FA09F3024326EA03060A4328EA9E
:100AB000020856EA08060CBF4FF001084FF0000884
:100AC00033E700FB02F60133A1FB001232448C42F3
:100AD00075EB0206F5D2049A1344259A1344D20FFB
:100AE0009342B8BF13460A9A9A42A8BF1A46914643
:100AF00039E70A21002201230846E8E70BFB01FE43
:100B00000CF1010CA0FB0B017144844275EB010E4A
:100B1000F4D2CC450DDDB9F1000F02D154EA050144
:100B200007D0012309933BE70A2000214FF0010C75
:100B3000EBE7002F32D04FF00A0B50461946FFF773
:100B40004FFE0BFB00F20B9152450E9026D1002E6A
:100B500014BF4FF0000808F00108DDE91001FFF7AD
:100B60003FFE8A460D9029462046FFF739FE0D9A32
:100B70000E9B0BFB10460D4604461293F6B2CDE9D0
:100B8000102A0B9A9A460B9B1392069A01320692F0
:100B9000D3E700BFCDCCCCCCCCFBFFFFB8F1000F2E
:100BA00005D0052E03D104F001060436F6B2049BED
:100BB000069A13449846099B53B9DDE912239D42D6
:100BC00008BF944204D1089B002B49D1002F47D085
:100BD000042E94BF0026012630194FF00A024FF070
:100BE00000034FF0010745F100011446904271EBFC
:100BF000030537D2F6B1B9451CDA0C9B6BB1259AC7
:100C000008EB070313440A9A012BB8BF01239A4249
:100C1000A8BF1A46974291460CDD053008F101083D
:100C200007F1FF374FF00A024FF0000341F10001D6
:100C3000E0F72CFF4F450FFA88F8059BA8BF4F46F9
:100C40004FF000093FB2B84408F1FF3607F105083C
:100C50009844B9450DDB059B079A1E601A71F0E5B3
:100C60000126B9E704FB03F50137A2FB04232B445B
:100C7000BCE70A220023E0F709FF303209F101093D
:100C800008F8012DE5E700BF014B5843800C704781
:100C900041340100014B5843000D7047FB2E0B00FF
:100CA000024B5843C00C0130704700BF4F931200F5
:100CB00070B50346094A00204FF0CC364FF033356B
:100CC00006FB03F402FB0144A3FB023121449D42D5
:100CD00075EB010401D30130F2E770BDCDCCCCCC73
:100CE0001A232DE9F04FB0FBF3FA334E03FB1A033E
:100CF00089B004460D4606EB0A1653B9D6E900231F
:100D0000C1E90023D6E90201C5E9020109B0BDE845
:100D1000F08F2A4A02EBC303D3E9008904AB4046B3
:100D200049460093D6E902230EF02BFF06AB83461B
:100D30000F46404649460093D6E900230EF021FFB6
:100D400000238146DDE9066216EB0B0652EB07082D
:100D500028BF012333B1049B059A013342F10002FD
:100D6000CDE9043220460391FFF79AFF07461A2087
:100D700000FB0AF0FFF794FF3F1A3246434648460D
:100D8000039900970EF014FF0D4A4FEA141C6400FB
:100D900004F01E0352F82C40DC4004F00304241835
:100DA000304641F10001DDE90423C5E90041414637
:100DB00000970EF0FDFEA7E7080A040038090400BA
:100DC000AC2B04002DE9F04F1A2700F11905DFF8CC
:100DD000E8A089B004460E46B5FBF7F56F434FEA2D
:100DE000051B0AEB05153A1A0AD1D5E90023C1E91A
:100DF0000023D5E90201C6E9020109B0BDE8F08F80
:100E00002B4B03EBC203D3E9008904AB40464946B0
:100E10000093D5E902230EF0B4FE5AF80B206B685C
:100E2000013ACDE9020106A963F1000340460091B1
:100E300049460EF0A6FE8A46029900238146DDE966
:100E400006526D18039952EB010828BF012333B1F4
:100E5000049B059A013342F10002CDE90432384681
:100E6000FFF71EFF07462046FFF71AFF3F1A2A46E4
:100E700043464846514600970EF09AFE0D4A4FEA07
:100E8000141C640004F01E0352F82C40DC4004F0F3
:100E9000030401342418284641F10001DDE904234C
:100EA000C6E90041414600970EF082FEA3E700BF6D
:100EB00038090400002C0400D80A040038B5044C9A
:100EC000044DAC4200D138BD54F8043D9847F8E7D2
:100ED0000000000000000000704708B5C3699B07D0
:100EE00002D5032102F0A4FA002008BD70B5044623
:100EF00015461E4680F820100DF0A6FC4FF47A72BD
:100F0000A0FB020302FB0131C00B4FF47A7240EAEE
:100F100041400023C90BE0F769FD55EA0602C4E928
:100F20000A0103D043191D4646EB0106C4E90C56DD
:100F3000022104F110000DF05FFE94F82000BDE8DE
:100F40007040032828BF0320E2F7E2B808B52D223D
:100F500000230321FFF7CAFF00236E22194618461B
:100F6000E2F73EFFBDE8084001210220E2F756BD4E
:100F700008B5002200230221FFF7B8FF00236E22EC
:100F800019461846E2F72CFFBDE80840012102206F
:100F9000E2F744BD08B53C2200230121FFF7A6FF7C
:100FA0000021012308466E22E2F71AFFBDE808403F
:100FB00000210220E2F732BD08B54FF496720023FB
:100FC0000021FFF793FF002202236E211046E2F773
:100FD00007FFBDE8084001210220E2F71FBD0368BA
:100FE0001A78082A19D8DFE802F0050F1818121825
:100FF0001814160093F828301BB14FF40060E2F784
:10100000A7B84FF48060FAE74FF48050F7E7082064
:10101000F5E71020F3E72020F1E7704703681A781E
:1010200012B1012A0BD070475B68012B02D140201E
:10103000E2F78EB8022B0CD14FF48070F8E75B68B2
:10104000012B01D18020F3E7022B02D14FF4007075
:10105000EEE770474FF48040E2F77AB810B50446E7
:10106000A8B1E0F73FFD021F042A03460FD820462F
:10107000234410F8012B22F020014139192902D90B
:10108000303A092A03D89842F3D1012010BD00203C
:10109000FCE7704710B50C46F1F716FC2046F1F757
:1010A00047FCB0FA80F0400910BD10B50C46F1F7CE
:1010B0000BFC2046F1F730FCB0FA80F0400910BD7F
:1010C00010B50C46F1F700FC2046F1F719FCB0FA18
:1010D00080F0400910BD10B50C46F1F7F5FB204635
:1010E000F1F702FCB0FA80F0400910BDF8B50546F2
:1010F0000E4617461C4609F0F2FC3A463146284691
:10110000F1F784FC40B9DDE906122046F1F7C8FC8E
:10111000B0FA80F04009F8BD0020FCE710B50446A5
:10112000E3F72CF92070012010BD08B5E3F71CF996
:10113000B0FA80F0400908BD08B5E3F709F9B0FA44
:1011400080F0400908BD09F06EBD09F036BDF2F728
:101150009BB8122930B54FF000010CBF11241F2499
:10116000535C13F0DF0F02D10023435430BDA14282
:10117000FAD0A3F16105192D98BF203B43540131EA
:10118000EEE7F42AF8B505460E46144601D90020CC
:10119000F8BDFF2812D1002709E02846F1F7B8FE74
:1011A00020B1224631462846F1F764FF013709F0A5
:1011B000EAFCFDB2A842F0D80120E9E7F1F7A8FE69
:1011C0000028E4D0224631462846F1F753FF231A7F
:1011D00058425841DCE70020704708B100230370F3
:1011E00009B100230B700AB100231370012070476E
:1011F00008B5E2F753FAB0FA80F0400908BD08B527
:101200000023E2F7EDFD012008BD08B54FF40040D2
:10121000E1F79EFF012008BD08B54FF48040E1F7DB
:1012200097FF012008BD08B5E2F76EF9B0FA80F02B
:10123000400908BD38B505460C460A4600210EF0A7
:101240002EFB21462846E2F74BF9B0FA80F0400920
:1012500038BD37B50D4681B100230DF10601ADF85B
:101260000630F1F78DFA044620B1BDF80600F1F71B
:1012700061FA2870204603B030BD0C46FAE72DE92C
:10128000F74388460746C1B2B8F1000F0ED00020E0
:101290000026E2F739FC354609F01FFC5FFA86F9B3
:1012A000484500D925B103B0BDE8F0830120EFE740
:1012B00048460DF10601ADF80650F1F761FA044613
:1012C00040B1BDF80630BB4207D142464946FF2037
:1012D00009F05BFC25460136DEE72C46FAE70020E4
:1012E0007047704738B50546E2F7A4FD044618B1CB
:1012F00009F0F3FB85F85700204638BD02207047FF
:1013000008B50DF0A1FA4FF47A72A0FB020302FBBC
:101310000131C00B40EA4140C90B08BD10B54FF088
:10132000FF314FF0FF30E2F791FEE2F7A5FD0446F2
:10133000E2F794FE204610BD08B54FF0FF304FF0A5
:10134000FF31E2F783FEE2F7CDFDBDE80840E2F7AA
:1013500085BEF8B504460D4616461F464FF0FF30D1
:101360004FF0FF31E2F772FE3B46324629462046F7
:10137000E2F7DEFD0446E2F771FE2046F8BD38B51F
:1013800004460D464FF0FF304FF0FF31E2F75EFEAE
:10139000012229462046E2F711FE0446E2F75EFEEE
:1013A000204638BD38B5154604464FF0FF314FF0A2
:1013B000FF30E2F74BFE29462046E2F797FE04464F
:1013C000E2F74CFE204638BDE2F7E4BE836800EB4E
:1013D000C101B3F5004F2CBF51F8220031F81200C3
:1013E000704700EBC1018068B0F5004F2CBF41F899
:1013F000223021F812307047012208B5FFF7E6FFCE
:10140000D04008BD836800EBC101B3F5004F08D39D
:101410004B681AB143F001034B60704723F001039E
:10142000FAE74B881AB143F001034B80704723F071
:101430000103FAE753000122FFF7D3BF08B5836821
:10144000B3F5004F06D3FFF7D7FF01288CBF00206C
:10145000012008BD0020FCE78368B3F5004F34BFCE
:1014600004230823C91A081AC00870478368B3F513
:10147000004F28BF0139B1FA81F0C0F11F00704759
:101480002DE9F041174603220E460446FFF79EFF62
:101490008642054607F104080AD10122E368BA40F2
:1014A00023EA0203E360002344F82830BDE8F0811A
:1014B000314602222046FFF789FF06462B460146A9
:1014C0000322204644F82850FFF78BFF3346294675
:1014D0002046BDE8F0410222FFF783BF38B504463D
:1014E0000D46FFF7ABFF70B929462046FFF784FF92
:1014F00001462046FFF7BAFF294602462046BDE8CE
:101500003840FFF7BDBF38BD2DE9F0470546894695
:10151000FFF7ACFF05EB800ADAF81070064677B9E2
:101520004FF0FF34EB680136B4401C4015D094FAFC
:10153000A4F2B2FA82F2131D55F8234009E03C46AA
:101540004FF0030821462846FFF756FF484507D3CA
:10155000324621462846FFF793FF2046BDE8F08734
:10156000214603222846FFF731FFB8F1010804465F
:10157000CAF81000D4D08742E4D1D1E72DE9F04178
:1015800014460E460546FFF737FFA4EB0608371B47
:101590000744424631462846FFF74CFF3A4621466B
:1015A0002846FFF747FF4346002221462846FFF71B
:1015B00018FF21462846FFF71FFF3B46211800224F
:1015C0002846BDE8F041FFF70CBF2DE9F041164673
:1015D00004460F46FFF710FF314605462046FFF749
:1015E0000BFF05442A4639462046FFF723FF3146C4
:1015F0002046FFF701FF2B46311800222046BDE8A8
:10160000F041FFF7EEBE2DE9F04104460D46FFF72D
:1016100015FFB8BB29462046FFF7EEFE01462046DF
:10162000FFF724FF04EB80010E6996B90122E368FD
:1016300082401343E36002220D612B462946204677
:10164000FFF7CFFE032229462046BDE8F041FFF711
:10165000C8BE022231462046FFF7B8FE07460346C1
:1016600029462046FFF7BDFE032233462946204681
:10167000FFF7B7FE39462B462046FFF7B2FE02229F
:101680003146E1E7BDE8F08170B500295CD005681E
:1016900001222846FFF7E0FE014604462846FFF7F0
:1016A00095FE104006D180F31188BFF36F8F04239D
:1016B000184602DF21462846FFF79EFE26183146CF
:1016C00000222846FFF782FE361AB44206D082F383
:1016D0001188BFF36F8F0423184602DF00222146D2
:1016E0002846FFF78FFE2146FFF786FE26180122C7
:1016F00031462846FFF76AFEC20708D4314628461D
:10170000FFF7ECFE324621462846FFF75EFF002237
:1017100021462846FFF75AFE261A0122314628465E
:10172000FFF754FEC30709D431462846FFF7D6FE1B
:10173000224631462846FFF748FF344621462846D0
:10174000BDE87040FFF75FBF70BD70B5056809B9AF
:10175000002070BDAB6801F00704B3F5004F34BF43
:101760000422082207341444E40804EBD1049C4208
:1017700028BF1C4628462146FFF7C6FE064600281D
:10178000E6D001462846FFF737FEA04209D9344487
:10179000314628462246FFF7F1FE21462846FFF74C
:1017A00032FF284601223146FFF72CFEAB68B3F525
:1017B000004F34BF0423082303EBC6031844C8E7D3
:1017C0001146FFF7C2BF2DE9F8434B42066803EA12
:1017D000010731EA03031446B2680ED0B2F5004F98
:1017E0002CBF08230423BB4228BF3B46B946CF1B6E
:1017F00094B900252846BDE8F883B2F5004F34BF00
:1018000004230823994204D82146BDE8F843FFF792
:101810009CBF4FF00009EBE7B2F5004F34BF042541
:101820000825FB1AE10804F0070001EBD30107309B
:1018300003F0070303442B4401EBD301914228BF7B
:1018400011463046FFF760FE80460028D1D0B368CD
:1018500009EBC005B3F5004F34BF042308231D4432
:1018600035447B1E1D44B5FBF7F57D43A5EB09050B
:1018700029463046FFF7F0FD2C44073424F00704D6
:10188000A41B804507464FEAE40408D202464146BD
:101890003046FFF773FE41463046FFF7B4FE394647
:1018A0003046FFF7A9FD3844844208D23946304615
:1018B0002246FFF763FE21463046FFF7A4FE0122D1
:1018C00039463046FFF79EFD94E7B2F5802F34BFCE
:1018D000042308232DE9F0410026D21A8C18CD1DCF
:1018E00025F0070524F00704641BE4080560214681
:1018F0002846AC60EE60FFF7B9FD820002F11B07DD
:10190000FF083146043205F110000DF0C8FF3A46D9
:1019100031462846FFF78EFD33463246314628468B
:10192000FFF75FFDA4EB0708284631460122FFF7C9
:1019300069FD42463946FFF77DFD3B463246394652
:101940002846FFF74EFD21462846FFF773FD434624
:10195000324621462846FFF744FD2146284601220B
:10196000FFF750FD3946BDE8F041FFF74CBE0020BF
:1019700070470FB407B504A951F8040B0191E2F7C1
:1019800021FD03B05DF804EB04B070470FB407B558
:1019900004A951F8040B0191E2F714FD03B05DF8BE
:1019A00004EB04B0704708B5EFF31183202383F3F1
:1019B0001288BFF36F8FE5F73DF8F0B56423044656
:1019C000042500204FF00A0C11B1013D01D1257012
:1019D000F0BDB2FBF3F79A42FEB202D2012B00D067
:1019E00030B130360139013004F8016BC9B2C0B2F0
:1019F00003FB1722B3FBFCF3D2B2E5E7A0F13003FF
:101A0000DBB2092B02D80B7000207047A0F16103F4
:101A1000052B02D857380870F6E7A0F14103052BD3
:101A200001D83738F7E76FF015007047F7B505466E
:101A300001F0010000EB51069E424FEA510703D925
:101A40000026304603B0F0BD58B128780DF10701EB
:101A5000FFF7D4FF0028F3D19DF80730013502F8D5
:101A6000013B01351744BA42EBD015F8010C0DF1DA
:101A70000701FFF7C3FF0028E2D19DF807402401CA
:101A8000E4B2147015F8020BFFF7B8FF0028D7D1A5
:101A90009DF807301C4402F8014BE4E7002203687C
:101AA0000BB9184670478B4210D10B6842B9426897
:101AB0000360914200D14360002301200B60704716
:101AC00013604368994208BF4260F5E71A461B68F5
:101AD000E6E7038B13F0070306D10368002B18BF5A
:101AE000032008BF00207047022B05D1408BB0FABD
:101AF00080F0400980007047012B04D10368002B5F
:101B000018BF0520EDE70020704710B50C4600B166
:101B100011B96FF0150010BD081D00F0C7F80028BE
:101B2000F9D1A368032BF6D9F3E72DE9F0410D466F
:101B300007461946281D90461E4600F0CBF804467D
:101B400038B13346424629463846A446BDE8F041FE
:101B50006047BDE8F08110B4EFF31182202484F3D4
:101B60001288BFF36F8F41615DF8044B0121E2F7EA
:101B700071BC38B50C46054658B151B10B6843B13C
:101B80004B6833B11C2200210DF089FE00202C612E
:101B900038BD6FF01500FBE7F8B504460E46FFF7B9
:101BA000B4FF051E3BDBEFF31182202383F3128881
:101BB000BFF36F8F4FF6FF71638B278B8B4207F05C
:101BC00007072ED0062F2FD8DFE807F0182E082E93
:101BD000180418006FF08505002303E001336383C8
:101BE0000225012382F31188BFF36F8FBBB100235D
:101BF0003A4631462046FFF798FF10E00023336055
:101C0000636823B9C4E9006627B13D46E4E71E6076
:101C10006660F9E702212046E2F71CFC3D462846B3
:101C2000F8BD6FF00A05D7E76FF00405D4E710B5EB
:101C3000EFF31182202383F31288BFF36F8F048B9D
:101C400004F00704022C0AD0012C0CBF6FF0040032
:101C50006FF0850082F31188BFF36F8F08E0438B2C
:101C6000013B9BB2438323B92146E2F7F3FB2046B5
:101C700010BD2046EEE738B5A8B1A1B1EFF311854C
:101C8000202282F31288BFF36F8F048BFFF706FFC9
:101C900030B104F0070085F31188BFF36F8F38BDB2
:101CA0006FF07700F7E76FF01500F8E7034640B1F3
:101CB000426802F00302022A06D0032A04D0012A55
:101CC00005D06FF0150070471A68002AF9D000207F
:101CD0009860704710B54268034602F00302022A7A
:101CE00081600AD0032A0BD10468002000225A60C8
:101CF00008B1FAF7B1F9204610BD00240068F5E7F5
:101D000000242046F2E7704720B183682BB11B689E
:101D100033B118476FF0150070476FF0040070473B
:101D20001846704720B183682BB15B6833B1184700
:101D30006FF0150070476FF0040070471846704749
:101D400030B450B149B142B1846854B1256945B14C
:101D500041F8040B236930BC18476FF0150030BC04
:101D600070476FF00400FAE710B5044650B1006800
:101D700058B1836863B15B6953B16168984700B932
:101D8000206010BD6FF01500FBE76FF00100F8E771
:101D90006FF00400F5E730B41346044650B1006814
:101DA00060B182686AB195685DB10A46AC46616807
:101DB00030BC60476FF0150030BC70476FF0010019
:101DC000FAE76FF00400F7E70369D3F8C803704738
:101DD0006FF085007047084608B5114618B10BF042
:101DE00059FD002008BD6FF00100FBE7084608B56B
:101DF000114618B10BF045FD002008BD6FF0010041
:101E0000FBE713B504460846216901F57171D1E875
:101E1000AF1F022909D15BB168B100931346D0E925
:101E20000912F8F7B7F802B010BD6FF00F00FAE72B
:101E30006FF04C00F7E76FF00100F4E72DE9F8438D
:101E400015461C46DDE908230F4616469846A9B3F9
:101E5000BDB3B4B312F1010C43F10001BCF1020FA8
:101E600071F1000130D2D4F800C0BCF1000F09D0EC
:101E70000169D1F8C8138C4504D96FF00B002160BB
:101E8000BDE8F883B3F1FF3F08BFB2F1FF3F0CBFDD
:101E90004FF001094FF000094A46214638460BF041
:101EA00002FD40B9B8F1FF3F08BFB6F1FF3FF3D0E4
:101EB0006FF06800E4E728600020E1E76FF00100C0
:101EC000DEE76FF01500DBE76FF08500D8E70BF079
:101ED0003FBD38B50D46044600F148012846DFF7FE
:101EE000EFFD034630B1284604F1C001DFF7E8FDFD
:101EF00028B901235B4203F07803E01838BD0020C5
:101F0000FCE702F5307102F534700CF064BAD0F8D9
:101F10000031A0F53070003B18BF012300EB8300B7
:101F2000D0F8AC020BF04EBCC86828B109698368D0
:101F30001B680BB1002218477047F8F7AFBDD0E817
:101F4000EF3FC0E8E21F002AF9D1704710B543689F
:101F500004691B68C4F8C03304F5EC700CF0CCF8CD
:101F6000002104F57170FFF7EAFF084610BD030178
:101F700003EB4003093323F0030303EBC00348439F
:101F80000330083320F003001844400070472DE967
:101F9000F84306464FF001080569D0F8049005F5AE
:101FA0007177D7E8EF3F022B03D1C7E8E28F002A11
:101FB000F7D141D195F86C30002B40D195F8E43041
:101FC000002B3CD12846D5F8C01300F054F8044645
:101FD00080BB73683669D3E9050183681B693BB32D
:101FE00022469847044628BB414606F53470F9F767
:101FF00031F8D6F8A00305F5F876E4F71BF830467B
:10200000D9F8001000F072F8044698B90146D022C1
:1020100030460DF044FC21464FF4F67228460DF090
:102020003EFC21463846FFF78AFF2046BDE8F8838C
:102030006FF057040221F5E76FF07704F5E76FF0D2
:102040000F04F2E710B50846029B114652B993F807
:102050006C202AB90122184683F86C20E2F730FC84
:10206000002010BD1A6F9468002CF9D05A6FA04759
:10207000F6E70BF06DBC38B50D46044660B1F030A4
:102080000BF0E0FE0DB1002038BDC4F8C451C4F817
:10209000C851C4F8CC51F6E76FF01500F4E70268B8
:1020A000D2F8C83013B1D2F8C4101847704770473F
:1020B00083690BB9C36B197070470120704783693E
:1020C000012B03D1C36B1878C0B27047042070474E
:1020D00038B5C41DE4002046FAF726F8054618B1C5
:1020E000224600210DF0DBFB284638BD38B50446FA
:1020F000382200210DF0D3FB1822002104F1A400A6
:102100000DF0CDFB1822002104F18C000DF0C7FB6F
:10211000D4F8C000F7F7F0FED4F8BC00F7F7ECFEF7
:10212000D4F8803004F154050BB128469847382282
:10213000002128460DF0B3FBF4F70CFA002038BD5F
:1021400010B484686468A4465DF8044B604770B4BA
:10215000C66804680D0C06FB0544806A14FA81F118
:1021600084682468A44670BC60472DE9F0430646A5
:10217000884617461C46C36A89B01D686D4205F043
:1021800020051CB9204609B0BDE8F083AC42A14649
:1021900028BFA9466A464B4641463046FFF7D7FF5F
:1021A0000028F0D16B46484502D1241A8044E8E764
:1021B00013F8012BBA4201D10130F4E70120E2E724
:1021C0000B6803F580330B60008A1A0CB0EB134FD9
:1021D00004BFA3EB02430B60704738B5C2680368C5
:1021E0000D0C090C044602FB0131806A2D0400F03D
:1021F00076FF50B9E26A29462046E3685279FFF734
:10220000B4FF002818BF6FF0050038BD014610B5B7
:1022100007220446FF20ECF753FCE07110BD2DE9C6
:10222000F04F07465368D06893B003445069C342E7
:1022300003D1002013B0BDE8F08FFC683B68080CA8
:1022400004FB00330024A146D7F82CB013FA81F523
:1022500004AB92E80300DBF8008083E80300D2E9D6
:10226000020106AB83E80300D2E9040108AB83E86E
:102270000300C8F10003019312AB03EBC90A5AF83B
:10228000346C4FEAC901AEB909F10109B9F1030F84
:10229000F2D1002CCDD00AAE9BF80510A8EB0402B9
:1022A00030190DF0FCFA434632462946B86AFFF76A
:1022B00047FFBFE7B4B9019B334013D05AF8382C1D
:1022C0002946B86ACDE90223FFF73AFF0028B1D1C9
:1022D000DDE902231A44F61A4AF8382C4AF8346C1D
:1022E0001D44C9E7A8EB0402B24228BF3246A2B19E
:1022F00001F148030DEB030A5AF8381C0AAB181910
:10230000CDE902120DF0A5FADDE902121144B61A68
:102310004AF8381C4AF8346C14444445ACD123467E
:102320002946B86A0AAAFFF70BFF002882D1254484
:102330000446A1E7F8B50D4606460722FF204C8863
:102340008F88ECF7BDFBEB79834205D13C44B44266
:102350008CBF00200120F8BD0020FCE70368012BA2
:1023600081BFC91801F1FF315B421940084670472F
:1023700038B50D460A4681680446FFF750FFEB6802
:102380006968024619446B69E06A1944FFF7E6FF81
:10239000A3680344A360104638BD70B50D4686B0EF
:1023A000044646681822002168460DF078FA029526
:1023B00008256A46314620460395FFF730FF294637
:1023C0000246E06AFFF7CAFF63681B1A10466360A3
:1023D00006B070BD4FF6FF7313B500220446ADF88A
:1023E00000308DF8063083686846ADF80420ADF8FB
:1023F0000230FFF70BFF69462046FFF7CEFF02B021
:1024000010BD70B506460C46C06A0821FFF7A6FF4E
:102410000546F0682146401B80B2FFF78BFF80B174
:10242000A08878B94FF6FF7322889A4209D1628852
:10243000F3689B1AB3FBF5F205FB1230B0FA80F09B
:10244000400970BD0020FCE7F7B504460D46C06AA0
:102450000821FFF783FF0823074629682046FFF776
:1024600076FE0646002836D12B683B442B60E26896
:1024700099B2D21B91422ED11A0C09BF228AA3F520
:10248000803102F1FF3203EB0241204608236A4605
:102490002960FFF75CFEE8B9E36A5A796B4613F8E6
:1024A000011B8A420CD101300828F8D1636805E08D
:1024B0002B68BDF802206FF30F0313442B600AE072
:1024C00069462046FFF79DFF0028F1D129462046A6
:1024D000E2F7E8FB0646304603B0F0BD2DE9F04FC9
:1024E0000446A1B024220D4617A800210DF0D7F90B
:1024F0000821E06AFFF732FF8146636820466FF3E8
:102500000F0306A90693FFF75BFE069BE66801939F
:102510001E44A6EB090608233146204609AA079661
:10252000FFF715FE0028C0F21581E36A09AA597960
:10253000002312F8010B814240F0FB800133082B8D
:10254000F7D1A36862684B449A4280F0EB80204642
:102550000199FFF742FEFDE0BDF826306FF30F064C
:102560001E44079620460BAA07A9DDF81CA0FFF71A
:102570006BFF002840F0EE800BA91FFA8AF0FFF7EE
:10258000D9FE48BB039B9A45ECD11022002113A829
:102590000DF085F91F9E17AB1193129695B1D4F8E3
:1025A0002C8008214046FFF7D9FE2F890246F119F9
:1025B0004046FFF7D3FEA168636802440A44934291
:1025C00080F09180002EBCD0204611A9FFF7D0FEEC
:1025D000002840F0BF80B4E76768089720460DAA3E
:1025E00008A9FFF731FF002840F0B480BDF834207F
:1025F000BDF82C309A4244D0089B62689A423ED182
:10260000BA45BFD1BDF83060002EBBD03DB12A889D
:10261000BDF82C309A4202D12B89B342B2D9BDF811
:102620002E803B0C1B049844E36A1F9A1B681644D7
:10263000591E5B4203F020030493A36801EA0600DD
:102640001344009026EA0106ADF82E3006BB009B2D
:102650005BB11F9A17A99B1A20460A444146FFF70F
:1026600076FD002876D1009B1F930BA8FFF7CEFDC7
:1026700020460BA9FFF791FE002883D06AE01F4691
:10268000ACE70DA9B8B2FFF755FE0028B4D0B7E704
:10269000049B1F9FB34228BF334617AAA3EB070B27
:1026A000029341465B4620463A44FFF750FD00281E
:1026B00050D11F9B01465B44182211A805930DF0D1
:1026C000EEF817AB1393059B204611A91493FFF75F
:1026D0004FFE00283ED11F9BD844FF1A029B37446F
:1026E000FE1A1F90B2E731446B68ADF83E102046E9
:1026F00011A9CDE91337FFF73BFE58BB2B880FA874
:10270000ADF83C302B89ADF84030FF238DF84230D6
:10271000FFF77CFD20460FA9FFF73FFED0B901234C
:10272000AB720EE72046FFF755FE00283FF40FAFCF
:1027300010E0A6EB0903204609A90393FFF761FE09
:1027400000287FF409AF204607A9E2F7ABFA00287A
:102750003FF408AF21B0BDE8F08F2DE9F04F1E46E1
:10276000837C04468946904695B0002B00F0CB80D0
:10277000C26A08211046FFF7F1FDB1B20190104680
:10278000FFF7ECFDE368019A0746A3EB820383425F
:10279000C0F0BC801EB1B8F1000F00F0B780D4F8D3
:1027A00004A0CDF810A0204605AA04A9FFF74CFE0E
:1027B0000546002841D1BDF814304B4507D0DDF85F
:1027C00010A063685345EED1002E3CD135E005A939
:1027D0001FFA8AF0FFF7AEFD0028F0D0BDF81830E0
:1027E0007EB3B3422FD1B3464FEA1A43BDF816A0C9
:1027F0001B049A44E36ACDF800801B685B4203F037
:1028000020030293029B51465B4528BF5B4620464E
:102810000CAA0393FFF79BFC002850D1039B009860
:102820001A460CA90DF04AF868B9039B009ABBEB55
:10283000030B1A449A440092E4D1284615B0BDE82F
:10284000F08F002BF9D0002F3CD1BA4604F1140BC5
:102850004FF0FF324FF0FF335846F8F7ADF8238AB8
:102860009D424DD0D4E901320AEB02018B422ED3B6
:102870009BB263B3FF230021ADF81E200CA81822E1
:102880008DF82230ADF81C90ADF820600DF007F8FF
:1028900020460CA9CDE90E86FFF76AFD074648B928
:1028A00007A8FFF7B3FC204607A9FFF776FD074608
:1028B00000B937465846F8F7F1F83D46BDE7C2DCA7
:1028C0000546BAE7019B1F441FFA87FABEE7204678
:1028D000E2F7BCF93DB9ADF82490CDF82880ADF809
:1028E0002C608DF82E50204609A9FFF7F7FD07460A
:1028F0000028DFD19DF82E300135002BAFD0D8E76E
:102900006FF01B07D6E76FF00C0596E76FF0150523
:1029100093E700231A46FFF720BF2DE9FF471E4625
:10292000837C04460F469046BDF83090002B43D080
:102930000821C06AFFF712FDE368A3EB4003B3422E
:102940003DD34FF0000A65680195204602AA01A90F
:10295000FFF77AFD20BBBDF80830BB4206D102A9C3
:10296000A8B2FFF7E7FC50441FFA80FA019B6268A7
:102970009A421AD0CA4516D9BDF80C30CBB1CA4517
:1029800017D3BDF80A10B3426FF30F0528BF3346C3
:10299000424620462944FFF7DAFB08B9BDF80C008F
:1029A00004B0BDE8F0871D46CFE7BDF80830BB4254
:1029B000E2D06FF00100F3E76FF00C00F0E76FF08A
:1029C0001500EDE713B500240094FFF7A6FF02B051
:1029D00010BDC3691BB11B7900200B7070476FF0ED
:1029E00057007047C06918B1D0E8AF0F00F0010080
:1029F0007047C3693BB1D3E8EF1F41F00101C3E861
:102A0000E21F002AF7D17047C3693BB1D3E8EF1F3B
:102A100021F00101C3E8E21F002AF7D17047C36922
:102A20003BB1DB682BB1DB691879B0FA80F0400963
:102A300070470120704770B5C56904460E460DB158
:102A400003232B712046FFF7EAFFA8B1032120469C
:102A5000B047002802DA10F1860F0ED1012125B906
:102A600020463346BDE87040184720462971B047DC
:102A7000002802DB00232B71002070BD002908DB39
:102A80008068884205D9401A904234BF0020012056
:102A9000704700207047704770B516461A460546C5
:102AA0000C46FFF7EBFF48B16968E868214482688B
:102AB00014683246A446BDE8704060476FF01500C8
:102AC00070BD70B516461A4605460C46FFF7D6FF90
:102AD00048B16968E8682144826854683246A4466F
:102AE000BDE8704060476FF0150070BD10B50B4633
:102AF0000446FFF7C3FF30B16168E0681944BDE8E0
:102B0000104000F0ECBA6FF0150010BD08B5C068B9
:102B10008368DB689847006808BDC068704708B5DF
:102B2000C0688368DB689847407908BD30B54C6859
:102B30000368A34201D2012030BD8A682244934237
:102B400001D30020F8E7D1E90452954203D36FF096
:102B50000B038B61F5E7CA681B1B42F835304368ED
:102B6000086902EBC00253600B6901330B61E2E7B5
:102B700037B50C46C0B201A91546E2F76DFA002838
:102B80000CDB019850B121462A46E2F78BFA044645
:102B90000198FFF780FF204603B030BD6FF01504A9
:102BA000F9E743680A689A428FBF00234A68012008
:102BB0009B1888BF18464B607047F0B58368044681
:102BC00085B0002B3CD0D0E90467016A33448B42C6
:102BD00015D98269934235D8C06801AA394405F0F5
:102BE00045FF002835D1DDE90112E06883689B6864
:102BF00063B3984768BB236A029A13442362626AEC
:102C0000A368B3FBF2F502FB15353DB12068551BF7
:102C10002A4694F8281018440CF041FEA368E06896
:102C200022683E442B4481684D683146A84758B914
:102C3000E369ABB92369A268134423610023A3604D
:102C4000002001E06FF0210005B0F0BD6FF05700EB
:102C5000FAE70028F8DBD2E7135CDB4313540130BA
:102C6000A36822688342F7D8E06881680D6831461E
:102C7000A8470028E8D13246E369A1682068984750
:102C80000028D7D0E0E72DE9F04789461646984658
:102C9000044698B3826803691344826933449342BB
:102CA00030D80025D4E90170A6EB050A3F1ABA45D1
:102CB00015D2B54209D223685246184409EB0501E2
:102CC0000CF0C7FDA3685344A360B8F1000F1CD0FB
:102CD000A068A8B12046BDE8F047FFF76EBF2368A3
:102CE0003A46184409EB05010CF0B3FD6368204631
:102CF000A360FFF762FF18B93D44D3E76FF00D0002
:102D0000BDE8F0876FF00B00FAE74046F8E700698E
:102D10007047F0B587B01F4604460D46164601F0D1
:102D2000FBFF022302930DF116030193BDF830302F
:102D3000ADF81600009332463B462946204604F083
:102D4000B8F807B0F0BD70B58AB0BDF83860154668
:102D50000021212201A81C460CF0A1FD8EB9202CD7
:102D600012D82246294601A80CF073FD04F128036D
:102D70006B4401A803F8246CE5F786FC20460AB0F2
:102D800070BD6FF00604F9E76FF00C04F6E72DE96B
:102D9000FF411F460D4616460446E5F799FC80465E
:102DA000DEF7A0FEBDF8283080B2CDE901800093A7
:102DB00032463B462946204604F07BF804B0BDE885
:102DC000F0812DE9F04300F50179054685B04846CC
:102DD0000F4690461E46FFF79AFF78B133464246AB
:102DE00039464846FFF74FFF04463EB3D5F8000288
:102DF000FFF751FE0023C5F800321FE0D5F800327E
:102E0000986805F0CAF80446D5F80002FFF785FE79
:102E10008368DB689847D5F80002FFF77EFE2146FD
:102E200001AA05F023FE044640B9DDE90112D5F8F8
:102E30000002FFF75BFE04460028CFD0204605B015
:102E4000BDE8F08300F50170FFF761BF30B50546BE
:102E500085B0084605F50071E2F7FEF8044698B91A
:102E6000D5F80002FFF759FED5F8003202949A68AF
:102E7000014601925B682A46009305F501704FF404
:102E80000073E2F729F90446204605B030BD002260
:102E90001146E2F7CDB9034610B508460AB1002144
:102EA000116053B1D0B1411E11F8010F80B113F878
:102EB000014BA04201D13D28F6D100200EE00133A4
:102EC00013600AE03D2808D0B0FA80F0400905E020
:102ED00018782F28F6D1002AF1D1012010BD10B5A5
:102EE00009B100230B6058B103461A781C46013320
:102EF0002AB13D2A03D02F2AF7D101B10B60201A45
:102F000010BD2DE9F341DDF8208007460C4615463B
:102F10001E460190B8F1000F07D0D8F8001081B913
:102F2000D8F804E0BEF1000F14D1384601A9E2F749
:102F3000F7F958B1C76833462A4621460198B84781
:102F400004E001AAFFF7A7FF0028E9D1002002B0A2
:102F5000BDE8F081D8F808302A4608932146334668
:102F6000F446019802B0BDE8F04160470830704770
:102F700010B5134614460A4681880068FFF722FD03
:102F8000A042A8BF204610BD2DE9F04F97B00446DF
:102F90009A468946019200297AD0DAB1BAFA8AF6BD
:102FA0007609258F04F1080B0135ADB2A8466F1ED6
:102FB000BFB2B7F5004F39D04A233946584603AA65
:102FC000FFF700FD002807DA10F1020F08BFB8462E
:102FD0003D46ECE70126E4E700F158030DEB030062
:102FE000002303A900F84C3C4846DEF769FD0028A1
:102FF000EED106BBB846B8F5404F4CD0238F04F154
:103000000805434538D308F5804153462846019AC0
:1030100089B2FFF7A2FB00280ADB46B14846DEF77B
:1030200061FD4A460346414628461EE016B300208D
:1030300017B0BDE8F08F39465846FFF76AFC002804
:10304000F6DB05F57F513F31584689B2FFF761FC49
:103050000028EDDB238FBB42E9D12246013B22F859
:10306000383F4FF4004102235846FFF776FB00EA51
:10307000E070DDE70126BEE7224602234FF400415F
:10308000284622F8388FFFF768FB0028BBDACFE725
:103090006FF01500CCE76FF00B00C9E773B5C36B99
:1030A00004460363C3B100F108063046E1F72CFE85
:1030B000054670B902234FF4004130460DF1060277
:1030C000FFF780FC0028B4BF4FF40043BDF8063082
:1030D0002387284602B070BD6FF01205F9E72DE98D
:1030E000F04187680446FB680D4616469847BB6862
:1030F0002BB1324629462046BDE8F04118476FF013
:103100005700BDE8F081002008B5E1F78DF90CF01B
:10311000C6BB0CF09EBB01460068E2F7A7BB08B532
:10312000E2F7F6FBBDE80840E2F774BF002101209A
:10313000E2F79CBBC36E83F30B887047E2F714BFC2
:1031400061B662B680F31188BFF36F8F704708B520
:1031500072B6002383F31188BFF36F8F00F07EF9FE
:1031600050B1BFF34F8F30BF00BF00BF00BF00BFE3
:1031700000BF00BF00BF00BF62B6BFF36F8F08BDC6
:1031800010B5044672B6002383F31188BFF36F8F26
:1031900000F064F950B1BFF34F8F20BF00BF00BFF4
:1031A00000BF00BF00BF00BF00BF00BF84F3118895
:1031B000BFF36F8F62B610BD40E800F313F4803F99
:1031C000D8B208BF6FF01500704730B50C684B6877
:1031D00085B00A894D890094013B24F01F042344E3
:1031E00002F01F0242EA451223F01F0369468DF8E0
:1031F00008200393E2F7DEFF05B030BD08B5E3F722
:10320000C9F908B5E3F7BEF9002008BD70470346C9
:10321000D3E8EF0F421EC3E8E12F0029F8D1704731
:10322000D0E8EF3F0133C0E8E23F002AF8D1704711
:10323000002303824369C3607047016B8968E3F729
:1032400047BAEFF31182202383F31288BFF36F8F05
:1032500000230B60436833B9C0E9001182F3118881
:10326000BFF36F8F704719604160F7E7034610B5F1
:10327000EFF31181202282F31288BFF36F8F006871
:1032800028B15C680268A0421A6008BF5A6081F3E6
:103290001188BFF36F8F10BD014608B50830FFF7E6
:1032A000BFFF084608BD034618465B68002BFBD1EC
:1032B0007047426810B52AB10B461C465B68002B6C
:1032C000FBD16260416010BD10B5044628B901F120
:1032D0000800FFF7A5FF084610BD034618465B68C7
:1032E000002BFBD1FFF7E5FF2046F5E710B508B14D
:1032F0004B68436000234C6808464B60E3F774FA60
:10330000204610BD92B281600160C2808280704709
:1033100083680B440360704703680B6043684B602D
:1033200083688B6070478388026819448180D01855
:10333000704730B484880568A3188380281930BC8E
:103340000CF087BA10B5838802685C1C8480D15465
:10335000D01810BD30B5838802689D1C8580D418B4
:10336000D154090A617030BD83885B1A9BB2838097
:10337000006818447047034600689A88401A114450
:103380001860998070470268531E03608388013378
:10339000838002F8011C704703468288521A82809B
:1033A0000068084418607047034600689A88521AFB
:1033B00001449A801960704710B5036801211C7898
:1033C000FFF7EAFF204610BD10B5036802211C88F4
:1033D000FFF7E2FF204610BD0022C0E90122027B78
:1033E000016022F00F0202730B6803B118477047A7
:1033F00070B504460D46D1B1037B5A0717D4026855
:10340000916859B143F00403037393689847237B91
:1034100013F002020BD162F3820323732368C4E921
:1034200000532B681BB12046BDE87040184770BDA3
:10343000037B816043F002030373704708B5027B8E
:10344000910701D5806808BD036822F00F0202735E
:103450005B680BB90020F6E79847FBE7E3F7ECB9A8
:103460004FF05023012270B50C460546C3F81426D0
:103470000020E3F777FA28462346BDE87040002194
:1034800018472DE9F041064601200D46E3F76AFA98
:103490004FF47F03D3F830214FF05024072AD3F89C
:1034A00034311BD1023B022B18D94FF00108002701
:1034B0000520C4F81886C4F8147607F0C0FC40460E
:1034C000C4F8148607F0BBFCC4F81476C4F8187668
:1034D00030462B46BDE8F041002118470023C4F8D0
:1034E0001436F5E708B5002142200BF0CDF8002096
:1034F00008BD0020704730B50D68D0E9004268680B
:10350000531E2344834208D3AB68013B03449C42CF
:1035100005D84B689A4288BF4A60012030BD002020
:10352000FCE708B5C26900685143FFF7DFFABDE860
:103530000840E3F79FBB38B51446C5691A4605FB3A
:103540000141049B0068FFF7BCFABDE83840E3F78F
:1035500091BB38B51446C5691A4605FB0141049B69
:103560000068FFF799FABDE83840E3F783BB4FF0F6
:10357000FF324FF0FF3300F58070F7F71DBAF7F711
:103580008DBAF8B50E461746044643681D692846AD
:10359000FFF7EDFF3B463246216805F17C0009F05C
:1035A00097FC044605F58070FFF7E9FF2046BDE86B
:1035B000F840E3F751BBF8B50E461746044643689A
:1035C0001D692846FFF7D3FF3B463246216805F1C7
:1035D0007C0009F094FC044605F58070FFF7CFFFEE
:1035E0002046BDE8F840E3F737BBF8B50E4617466E
:1035F000044643681D692846FFF7B9FF3B4632463B
:10360000216805F17C0009F07CFC044605F580701A
:10361000FFF7B5FF04EAE470BDE8F840E3F71CBB30
:1036200038B5044643681D692846FFF7A0FF2168A6
:1036300005F17C0009F0E6FC044605F58070FFF713
:103640009EFF204638BD70B50E46044643681D698E
:103650002846FFF78CFF3246216805F17C0009F00F
:1036600052FC044605F58070FFF789FF2046BDE84F
:103670007040E3F7F1BA38B5044643681D6928463F
:10368000FFF775FF216805F17C0009F01FFC044677
:1036900005F58070FFF773FF2046BDE83840E3F77B
:1036A000DBBA70B5044643681E693046FFF75FFF1A
:1036B000216806F17C0009F007FC054606F58070DC
:1036C000FFF75DFF2046E3F7B3FA2846BDE87040F8
:1036D000E3F7C2BAF0B504464368C3B01F690D46AC
:1036E0003846FFF744FF21686A4607F17C00F5F78A
:1036F00077FA044607F58070FFF741FF002C16DDCE
:1037000000249DF8003002A99A1E534253412B70A9
:10371000019BFF22C5F80431681C0CF026F985F8DE
:103720000041204643B0BDE8F040E3F795BA08BF3A
:103730006C70F6E738B5054604692046FFF717FFB9
:1037400004F17C0009F097FB95F820301B0703D4A7
:10375000D4F8FC00FFF79FF9002504F58070C4F849
:10376000FC50FFF70CFF284638BD38B50346084625
:1037700019461D69E3F7CAF904462846FFF7F7FE24
:10378000214605F17C00F4F79BFF044605F58070A7
:10379000FFF7F5FE2046BDE83840E3F75DBAF8B51F
:1037A00004460846214617462569E3F7AFF9214646
:1037B00006463846E3F7AAF904462846FFF7D7FE3F
:1037C0002246314605F17C00F4F7E6FF044605F594
:1037D0008070FFF7D4FE2046BDE8F840E3F73CBA1E
:1037E00038B50346084619461D69E3F78FF90446C4
:1037F0002846FFF7BCFE214605F17C00F5F706F9E7
:10380000044605F58070FFF7BAFE2046BDE8384053
:10381000E3F722BA034670B514461E690846D6F887
:10382000E420194692692260D6F8E420D2696260E9
:10383000D6F8E420126AA260E3F768F93046FFF791
:1038400096FE06F17C0009F0EDFB054606F580705A
:10385000FFF795FE002DA1BFA3685B1B0025E36069
:103860002846BDE87040E3F7F7B9F8B505690746A3
:1038700005F5807630460AF03FFC2846FFF777FED4
:10388000284697F820207969E3F752F90446C0B931
:1038900005F17C0429462046F4F75AFE00280BDA8D
:1038A00097F82030DA0707D49B0719D42946204619
:1038B000F4F7E8FD002808DAE3F7CEF9002804461B
:1038C00009DA0023C5F8FC3005E020462946F4F764
:1038D0003FFE041EF0DB3046FFF751FE2046F8BDE8
:1038E0006FF01D04EDE70346F0B50846C3B0194676
:1038F0001F691546E3F70AF904463846FFF737FE15
:1039000021466A4607F17C0009F0BAFA044607F539
:103910008070FFF734FE002C10DB00249DF800308F
:1039200002A99A1E534253412B70019BFF22C5F8F6
:103930000431681C0CF019F885F80041204643B0AA
:10394000BDE8F040E3F788B94FF0FF324FF0FF33A6
:103950000430F7F731B8F7F7A1B890F86C00C0F36E
:1039600041107047F8B504461E460D461746FFF74E
:10397000EBFF94F86C309B0715D425B1012D10D0C6
:103980006FF0150508E0216F0029F9D000259DF89A
:1039900018300F714E718B71201DFFF7DCFF284628
:1039A000F8BD616FF0E76FF07705F5E790F86C0010
:1039B000C0F38000704738B50446F7F745FE20464F
:1039C000FFF7C2FFA06940B96FF01205201DFFF795
:1039D000C2FFF7F74DFE284638BD94F86C30DB0780
:1039E00016D40AF07EFA0028EED02046E4F74CF810
:1039F00005460028EAD10146242204F128000BF0F4
:103A00004EFF94F86C3043F0010384F86C30DDE72E
:103A10006FF07705DAE770B50446F7F715FE204634
:103A2000FFF792FF94F86C30DA0731D5C3F3400109
:103A30009B0730D4A06904F066FD0646A06904F037
:103A4000E4FD0546B0B9A36F4BB13146204600F006
:103A500087F90546A8B1A06904F0FFFD0AE0A06956
:103A600004F089FDA0670028EFD1A06904F0F5FDFE
:103A70006FF00B05201DFFF76EFFF7F7F9FD2846E5
:103A800070BD94F86C3043F0020384F86C30F1E7B9
:103A90004FF0FF35EEE76FF07705EBE702460346A0
:103AA00052F8640F90420BD100207047027A8A428C
:103AB000FBD09A6E8242F7D000680028F6D170479A
:103AC0000028F3D1704738B504460D46FFF73CFF98
:103AD00094F86C30DB0718D42B690BB9EB68BBB1D9
:103AE000636E1BB904F16403C4E919332B6893B9FD
:103AF000A26E04F16401C5E900121560A5661D46B9
:103B0000201DFFF728FF284638BD4FF0FF35F7E7A7
:103B10006FF01505F4E76FF07705F1E710B504468F
:103B2000034654F84C0FA0420DD100200DE0447D17
:103B30008C4204D1032909D1047A944205D01C6D2A
:103B40008442F2D000680028F1D110BD0F29F5E7BA
:103B50002DE9F04105460C46061D4FF0FF324FF0AF
:103B6000FF333046F6F728FF2F6F002F6DD095F802
:103B70006C30DB0769D4EB6C1BB905F14C03C5E96C
:103B800013332368002B63D1637D0F2B09D1237A74
:103B9000012B0CD02B6D05F14C02C4E900231C60F5
:103BA0002C65637D032B0FD04FF0000806E02846FC
:103BB000E168FFF788FF80460028EBD03046F6F733
:103BC0006DFF4046BDE8F081EA6C05F14C00904283
:103BD0001ED1002329E091F815C0BCF1030F10D0CD
:103BE000013323724B68C4E900131C604C60637A94
:103BF000022B24D0032B25D0012BD5D1237ABB73E4
:103C0000D2E791F808C00CF1FF3C6345E8D1126897
:103C1000002ADED0517D2B6D03290DD19A42137AF3
:103C200002D011680029D6D1013323722B6DC4E96B
:103C300000031C602C65DAE79342E8D1C9E7237AD8
:103C4000FB73B1E7237A3B74AEE74FF0FF38B5E77B
:103C50006FF07708B2E70346006800B1187A704742
:103C60008388C2888168D21A03685B1AD01A7047A9
:103C70000346C08808B11878C009704770B50C4673
:103C8000154600F0E7FA40B1406883681B6823B12D
:103C90002A462146BDE87040184770BD38B58021DE
:103CA0000446806904F08AFC054650B1014620466E
:103CB00000F074FC044610B12846E2F795FD20465A
:103CC00038BD6FF00B04FAE738B50446806FFFF794
:103CD000E3FA0546FFF7ACFA2046294600F05EFC01
:103CE000044610B12846E2F77FFD204638BDF8B5FE
:103CF00004460D46174686680369A033D3E8AF3FF4
:103D00009B070ED5B36A7BB1F36B98472946B36A1C
:103D10003A4620469847336C054620469847284641
:103D2000F8BD4FF0FF35FAE76FF08505F7E770B59E
:103D300004460D4686680369A033D3E8AF3F9B076E
:103D40000BD5F36B98472946736A20469847336C26
:103D5000054620469847284670BD4FF0FF35FAE7E4
:103D600010B5044619B9002084F8300010BDFFF7E3
:103D7000ABFF0028F7D0F9E738B590F830300D46A2
:103D8000022B04D100F061F908B1C46804B938BD50
:103D90002B78032B05D0052B0ED0022B08D02468DE
:103DA000F4E7606883685B69002BF8D09847F6E712
:103DB000606883689B69F7E760688368DB69F3E79D
:103DC000012270B515460B685BB302F07F04103416
:103DD00023FA04F6F60710D5036823FA04F6F6076B
:103DE00002D46FF0150070BD05FA04F423EA040351
:103DF00003600B6823EA04030B60D340DE070DD594
:103E0000036823FA02F4E407EBD505FA02F423EA87
:103E1000040303600B6823EA04030B600132102AD9
:103E2000D1D10020DFE72DE9F04F836981461B697E
:103E3000026F93F880308FB0C3F34113022B0ED082
:103E4000032B0ED0012B0CBF10230823D371D9F8FC
:103E500054800026B8F1000F05D14046AFE0202382
:103E6000F4E74023F2E7D8F80430D8F80C40039385
:103E70000C9604967CB9049B039A09339BB2937009
:103E80001B0AD3701671D8F80C40002C40F0B1809A
:103E9000D8F80080DDE7002560680D9583681B6B0E
:103EA000002B00F0A48029469847002800F09F804E
:103EB000C4E903553546A0F1040B5BF8043F0BB190
:103EC0001A7822B9B5427DD86FF0150077E05A789C
:103ED0000B2A08BF9D70DBF800305A78042A10D1F5
:103EE000E2680D990A43E260DA78002A58D101228B
:103EF0009D702369AA40134301352361EDB200236D
:103F00000D93DBF800707B78052BD6D16FF0120093
:103F10004FF0010AD9F8183008937A793B795FFAA3
:103F20008AF143EA0223ADF82E300C9B069397F9F1
:103F30000230069A002BA3BF4FFA8AF30793534629
:103F400041F08001BFBF4BB2079321F080031033D3
:103F5000DA40D2072BD40D9A22FA03F3DB0705923D
:103F600025D4BB79FA78089800930DF12E030991B6
:103F700004F04BF90999D0B9079BB970002B4FF0A9
:103F80000103BCBF21F0800110318B4006980599D8
:103F9000BDF82E2019430343CDE90C31BA808CE7DC
:103FA0006A1E9A700DA90CA8FFF70AFFA7E70AF18D
:103FB000010ABAF1100FB0D100283FF47EAF0FB064
:103FC000BDE8F08FE3680D9A1343E360606883688F
:103FD0009B6AD3B198470028F1D10146606800F090
:103FE00000F9049B2E4603442468049342E73546B7
:103FF000ECE7E36804F10C01A3600CA8FFF7E0FE16
:1040000000287FF461AF24683FE76FF08500D6E7B2
:104010004FF0FF324FF0FF330430F6F7CDBCF6F728
:104020003DBD21B101290DD000231B68FFDE5430B6
:10403000006848B143685B79934205D00068002866
:10404000F8D170475C30F3E7704710B590F8303026
:104050000446022B09D1FFF780FC94F83820014672
:104060002046BDE81040FFF7DCBF002010BD08B5BA
:10407000FFF7D7FF003818BF012008BD2DE9F04138
:1040800004460E46FFF769FC94F838308046CBB9F9
:10409000002E3BD0324641462046FFF7C2FF07467E
:1040A000A8B10246204600F0D0F9054688B984F848
:1040B0003860FC6864B3606883681B6A03B1984722
:1040C0002468F7E72046FFF7C0FF074620B96FF0E6
:1040D0003C052846BDE8F0810146204600F08BF9FA
:1040E00010220546002104F13A000BF0D8FB002312
:1040F00084F83830FF6817B9002DC9D0E9E778682F
:1041000083685B6A03B198473F68F4E784F83860D6
:104110000025DEE7F8B504460E4615465768FFF75A
:1041200077FF94F86C30D9074BD4012E4CD0FB7933
:104130009A0605D5A3691B6993F880309B0743D580
:10414000002E41D1E36D53B9626D62B9236F6A6885
:104150005B7C0133DBB25371226F53740EE09D42DE
:1041600035D01B68EFE7954225D12A68EBB9A36DDE
:1041700062659D4200D1A26500232B60A96841B110
:104180002046FFF7E5FC064650B9A868FFF763FD37
:10419000B87100232B60A36D83B9C4E915550026BF
:1041A000201DFFF73CFF3046F8BD1A60A26D954216
:1041B00008BFA365E0E713461268C6E71D60A56562
:1041C000EDE76FF00F06EBE76FF08506E8E76FF0BD
:1041D0001506E5E74FF0FF324FF0FF330430F6F7F6
:1041E000EBBB08B583681B6B0BB1984703460020F7
:1041F00023B153F8042B0AB1127802B908BD104458
:10420000F6E710B51C46FFF70CFF48B10122C06865
:1042100002FA04F320B10269134201D10068F9E700
:1042200010BD10B50C46FFF710FF48B10123C06860
:1042300003FA04F120B10369194201D10068F9E7DA
:1042400010BDD1F81A0083681B6903B118476FF0DD
:104250008500704770B5012501F07F0311F0800FD4
:1042600018BF10339D4090F830300446022B01D027
:10427000002070BD90F83860FFF76FFB32460146B2
:104280002046FFF7CEFE0028F2D0C0680028EFD00D
:1042900083681D42EDD10068F8E738B50C46FFF79A
:1042A000D4FE80B1C06870B14368DA681AB10023E7
:1042B0001179994201DC0068F5E71568ED5CA542CB
:1042C00001D00133F5E738BD2DE9F04105461F4621
:1042D0000846002A41D1E3F7EFFB044600283CD012
:1042E0002846FFF777FF95F86C30DA072CD4D4F81E
:1042F000048004F11406D6E8AF3FDB0727D4D8F8D2
:1043000004300BB19D4222D13A4600212846FFF7E6
:1043100088FEF8B100232360036993B9C0E9034420
:10432000D6E8EF3F43F00103C6E8E23F002AF7D1A9
:104330000024C8F80450281DF6F7B0FB2046BDE85D
:10434000F0811C600461EBE76FF00F04F3E76FF09E
:104350007704F0E76FF03C04EDE76FF01204EDE74F
:104360002DE9F8430D464C689846064617469DF8D9
:104370002090FFF7F2FAA36801461B6B1BB96FF0A0
:104380001500BDE8F883204698470028F7D0041FA1
:1043900000200C3554F8041F09B10B782BB9002804
:1043A00014BF00206FF03C00EBE74B78042B0BD1DF
:1043B000F8B98B784345EDD1CB784B45EAD10B79F1
:1043C000002BDED00120E5E7052BE3D10028E1D06A
:1043D000012F07D0022FF5D12A468978B06900F065
:1043E000C2F803E02A46B06900F0A1F80028E9D03D
:1043F000C7E70020C5E7F8B50646CC680CB92046EB
:1044000022E0012504F10C07E268AAB165F07F0300
:10441000D9B203F07F031033DA40D2070ED4E36839
:10442000EB40DB0705D53A46B069E9B200F09BF8EE
:1044300050B90135102DE7D12468DFE73A46B0695D
:1044400000F091F80028EAD0F8BD2DE9F3470024E8
:1044500005460E46A146576897F805803B79A3426A
:1044600003DC002002B0BDE8F0875FFA84FA314631
:10447000534642462846FFF7C4FE014650B1534614
:1044800001222846CDF80090FFF76AFF0028E9D105
:104490000134E3E76FF03C00E4E72DE9F7438046A1
:1044A0000D461746FFF7BDFE064628B96FF001041A
:1044B000204603B0BDE8F0830F2DF7D808EB0509BF
:1044C000014699F83A402B46002240460097FFF7F4
:1044D00047FF0028EAD100942B460222314640468D
:1044E000FFF73EFF04460028E2D12B460122314669
:1044F00040460097FFF734FF04460028D8D1706883
:1045000083685B6813B13A462946984789F83A7040
:10451000CEE7012311F0800F18BF21F0800102685F
:1045200018BF10318B4022EA03030360704737B590
:104530008B790C46009315468B88CA78897803F0EE
:10454000DCFE70B994F90230A178002B4FF0010322
:10455000B8BF21F080012A68B8BF10318B401343E7
:104560002B6003B030BDF8B506460D46174603F084
:104570000CFF044658B929463846FFF7CAFF2946BA
:10458000304603F0D7FF044608B9F7F7B9F82046DC
:10459000F8BD0A468069802103F0FCBF2DE9F04197
:1045A0000B7E0C46590605462ED123B3FFF7FEF9C4
:1045B00070BB2846D5F87080268AEF8DFFF7CDF9BD
:1045C000F8B1421E534253419B01228A9AB1BE4226
:1045D000324628BF3A46E98D91420CD9B2FBF3F13D
:1045E00003FB11223AB994F91830002BBEBF637E49
:1045F00043F0080363762146A869BDE8F04103F063
:104600003CBF98F80730E0E76FF01500BDE8F08197
:104610004FF0FF30FAE738B5054680690C4603F0E5
:10462000D0FE58B9012314F0800F18BF24F0800485
:104630006A6B18BF1034A34013436B6338BD70B569
:10464000054680690E4603F0E7FE044620B9314670
:1046500005F13400FFF75DFF204670BD0B0648BF33
:1046600021F08001406B48BF1031C84000F00100CC
:104670007047C36982B08DF8001001922BB102AB74
:1046800013E9060002B0E3F771BA02B0704770B5E3
:104690000546B1F8032086B04B7902AEADF808208C
:1046A0000C460D2200210DF10B008DF80A300BF0A5
:1046B000F6F8324631462846E5F76CFB10B100208B
:1046C00006B070BD029B0322ADF8043020461B0CDF
:1046D00001A98DF806300BF0F1F8B0FA80F040092E
:1046E000EEE770B50D4600210446FEF7F8FB0D28F5
:1046F00018D1237B302B13D1002305F8063B04F19E
:104700000C062A462046012302210234FDF78EF9C9
:10471000B44205F1FF35F4D1002070BD0123ECE770
:10472000312BFBD06FF01500F7E7E0F7B3BE0020A8
:10473000704710B50C460178227888B08A420ED0B6
:104740006946E3F717FC204604A9E3F713FC10229F
:1047500068460DEB02010BF0B1F808B010BD012A5C
:1047600006D0022A07D072B940886388C01AF4E7DD
:1047700040686368FAE71022611C013008B0BDE8A8
:1047800010400BF09BB86FF01500E6E7042A0AD042
:10479000102A0DD0022A4FF0000315D103700B88A8
:1047A000438001207047012303700B684360F8E7E2
:1047B000022300F8013B01F1100351F8042B994248
:1047C00040F8042BF9D1ECE718467047012310B5E7
:1047D0000621044600F8013B00F098FE18B9A379C1
:1047E00063F03F03A37110BD70B504460D46DDF7BD
:1047F00079F9112817D10223E25C3A2A13D1033345
:10480000112BF9D1053504F1120601232A460221A4
:104810002046FDF70BF930B10334B44205F1FF3502
:10482000F3D1002070BD6FF01500FBE70B6803604B
:104830008B8883808B798371037823F00203037064
:1048400070470078C0F34000704738B50446807A5E
:10485000E1F714FF6169054649B1637ADB0704D4C7
:10486000036B20461B689B689847002363612146C1
:104870002846BDE8384009F0DBBC08B5E3F77CFF0B
:10488000BDE808400820E3F7F7BB08B5FFF7DDFFF8
:10489000BDE808400220E3F7EFBB2DE9F0410C46EC
:1048A0001746054601F10C0800F10C0140461E4672
:1048B000FEF732FD6269E36839469B1A13FA87F303
:1048C0006B82012340466B722F82FEF765FDE36821
:1048D000284673600023628AE360728163823460D9
:1048E000BDE8F08138B50C46D1E900320546DA6002
:1048F0000B684A895A820868E1F776FF2046102241
:1049000000210AF0CCFF2846BDE83840FFF79DBFE4
:10491000438A23B9C068B0FA80F04009704700208C
:1049200070477047D0F8A03083B15A7CD1070DD5BD
:10493000D2060DD51B7C102B0CBF0423032343721E
:10494000807A98428CBF0020012070470223F6E74E
:104950000323F4E70F2806D80D280BD8052814BF29
:10496000022003207047132804D01A2814BF022005
:104970000120704701207047D0E8AF0F70470B68E7
:1049800003608B8883808B7983717047034610B5F1
:10499000D3E8EF0F40EA0102C3E8E42F002CF7D17F
:1049A00010BD0B4601461878E3F7B6BB38B5C368AF
:1049B0001D7875B90F21B3F80100E5F745FE0446EF
:1049C00038B12946E5F79CFD2046BDE83840E5F7BB
:1049D0004BBD38BD01210C30FEF7E6BC70B5C56893
:1049E00001212888E5F730FE044690B16E88EA88F8
:1049F000A9882B89A0F8A660A0F8A810A0F8AA2082
:104A0000A0F8AC30E6F734F82046BDE87040E5F792
:104A10002BBD70BD37B5C5680121B5F80100E5F7BC
:104A200013FE044688B32B781A2B19D1C378012BB7
:104A300027D14FF480410430FFF7A8FF43040FD47F
:104A4000D4F88C3069460093D4F894302046019312
:104A5000E6F7CAFB204603B0BDE83040E5F704BDE9
:104A60002B7873B940F2E242B5F803305343C4F8EF
:104A70008830B5F80530A4F89030B5F80730A4F8C0
:104A800092302046E5F7A8FFE4E703B030BD38B523
:104A9000C5680121B5F80100E5F7D6FD044698B1D7
:104AA0002B783BB9D5F80330C0F89830D5F80730EB
:104AB000C0F89C30201D4FF40031FFF767FF2046FF
:104AC000BDE83840E5F7D0BC38BD30B404460846F0
:104AD00002EBC3039A4201D130BC7047114611F872
:104AE000085BA54206D1018A53789942F4D330BCC1
:104AF000536818470A46EDE7D0E8EF3F0B40C0E89F
:104B0000E23F002AF8D170472DE9F047D0F80C8039
:104B1000028A98F800309B00013393423DD9BDE8EA
:104B2000F08708EB86030F21B3F80100B3F8037098
:104B3000E5F78AFD044628B100F1C80947B92046C7
:104B4000E5F792FC013698F800309E42E9DBE6E793
:104B50006569002DF3D0A2692B68954220466361F8
:104B600008BFA361E5F724FCF6F71EF8C5F800A01E
:104B7000236A7BB9C4E90755D9E8EF3F013BC9E88F
:104B8000E23F002AF8D100212046013FE5F71AFC58
:104B9000BFB2D3E71D602562EEE70026B246D2E73A
:104BA00070477047C0F30723537000231070000C48
:104BB0009070000AD070C1F30720090E1371507174
:104BC0009371D171704738B5C5680121B5F80100FE
:104BD000E5F73AFD044688B1E878E3F70FFD84F87D
:104BE000A4002879E3F70AFD84F8A5002046E5F73C
:104BF00065FF2046BDE83840E5F736BC38BD10B546
:104C0000028843889A4218D8052A16D9B3F5486F06
:104C100013D88488B4F5FA7F0FD2C18840F6764065
:104C2000A1F10A0292B2824207D804FB0333B3EB2C
:104C3000810F34BF0120002010BD0020FCE738B5F3
:104C4000C3680F21B3F801001D78E5F7FDFC0446A9
:104C500038B365B12846E3F7FFFC294602462046F3
:104C6000E5F7BEFF2046BDE83840E5F7FDBB837899
:104C7000012B07D103F004F82046FFF753FE00286C
:104C800008BF05252846E3F7E7FC294602462046EB
:104C9000E5F7A6FF002DE5D00521204600F000FD38
:104CA000E0E738BD70B5C6680F21B6F80100357869
:104CB000E5F7CAFC044670B34DB12846E3F7CCFCD7
:104CC000294602462046E5F78BFF204603E0F378AD
:104CD000C27A9A4203D1BDE87040E5F7C5BB82783D
:104CE000C372012A08D10BB102F0CAFF2046FFF7B8
:104CF00019FE002808BF05252846E3F7ADFC294624
:104D000002462046E5F76CFF002DDED00521204647
:104D100000F0C6FCD9E770BD0020704708B5E9F780
:104D200003FD18B1408A003818BF012008BD70B5D6
:104D300006460D464FF0FF304FF0FF31E3F736FCEB
:104D4000044668B103210C30FEF7EDFA0680857049
:104D50002146BDE87040002240F20640E3F75ABD0C
:104D60006FF0680070BD38B54FF0FF3105464FF069
:104D7000FF30E3F71BFC044668B102210C30FEF75C
:104D8000D2FA2B88214603800022BDE8384042F247
:104D90001600E3F73FBD6FF0680038BD2DE9F0471E
:104DA000814688464FF0FF304FF0FF3117461E46D0
:104DB0009DF820A0E3F7FAFB0546A0B107210C30CF
:104DC000FEF7B1FAB9F8003080F802800380C770AE
:104DD0000671A0F805A02946BDE8F047002242F27E
:104DE0003200E3F717BD6FF06800BDE8F087C068D8
:104DF00003780BB9E3F7C6BE7047F0B5C56801216B
:104E00002F8887B0B8B2E5F71FFC064660B302AC46
:104E1000D5F80220D5F8063001946989009102F096
:104E2000CBFD18B34FF0FF304FF0FF31E3F7BEFB7F
:104E30000546B0B112210C30FEF775FA0346224642
:104E400023F8027B144603CC596006A98C421860F3
:104E5000224603F10803F5D1294642F21A00E3F78E
:104E600043FC3046E5F700FB07B0F0BD4FF0FF30E4
:104E70004FF0FF31E3F79AFB04460028F1D00221FE
:104E80000C30FEF750FA2146078042F21B00E6E79D
:104E900070B506460D464FF0FF304FF0FF31E3F797
:104EA00085FB044660B103210C30FEF73CFA068016
:104EB00085702146BDE8704042F22100E3F714BC42
:104EC00070BD73B5C368D9789A781E8842EA01220A
:104ED000ADF8002059791A79B4B242EA0122ADF84E
:104EE0000220D9799A79204642EA0122ADF80420BD
:104EF0001A7A5B7A012142EA0323ADF80630E5F71E
:104F0000A3FB054628B902212046FFF7C1FF02B0E6
:104F100070BD6946E5F7F8FD38B91E212046FFF758
:104F2000B7FF2846E5F7A0FAF1E74FF0FF304FF062
:104F3000FF31E3F73BFB04460028F2D00E210C3092
:104F4000FEF7F1F900230680C0F80A30BDF8003002
:104F500021464380BDF802308380BDF80430C38011
:104F6000BDF80630038142F22000E3F7BDFBD8E72D
:104F7000D0E8AF0F70470B6803608B8883808B7914
:104F800083717047072208B50AF098FCB0FA80F0E8
:104F9000400908BDF8B50F46144638BB4FF0FF3046
:104FA0004FF0FF31E3F702FB054610B327210C3029
:104FB000FEF7B9F9224606463946FFF7DCFFC31D66
:104FC00004F1100152F8040B8A4243F8040BF9D1A2
:104FD0001022002106F117000AF061FC2946BDE805
:104FE000F840002242F22700E3F714BC6FF01500EE
:104FF000F8BD6FF06800FBE7037A02465B0705D552
:1050000001462E3211F8010BFFF7C4BF704738B5C7
:105010004FF0FF3105464FF0FF30E3F7C7FA044683
:1050200058B129460C30FEF78DF92146BDE83840CD
:10503000002242F22D00E3F7EDBB6FF0680038BDAF
:1050400010B400F11803D3E8EF2F22F40051C3E8A5
:10505000E41F002CF7D1930404D501215DF8044B23
:1050600000F08CB95DF8044B704770B5044686B00B
:105070000E4601300131FFF785FF2E341622002144
:10508000054668460AF00BFC1022694620460AF0E5
:1050900015FC40B11022204606F12E010AF00EFC4C
:1050A000B0FA80F04009284300F0010006B070BD5E
:1050B00038B54B6805460C4673B90B7A13B9037AB9
:1050C0005B0709D520682A7803789A4204D02946DC
:1050D000FFF7CBFF00B1656038BD00F1180208B5DD
:1050E00003461046FFF744FFC1050DD5D2E8EF0F88
:1050F00040F40050C2E8E10F0029F7D11846BDE89E
:105100000840002100F03AB908BD08B500F11803C5
:105110001846FFF72DFFC20506D51846FFF728FFF2
:10512000030644BF01230B7008BD10B50C4630B90F
:1051300019B1E9F7A5FA00B1441C204610BD0024BE
:10514000FBE770B50D460446002846D0002944D040
:1051500000F118031846FFF70BFF820711D40A6805
:10516000C4F809208A88A4F80D2001222272D3E80D
:10517000EF1F41F01001C3E8E21F002AF7D1002021
:1051800070BD4FF0FF304FF0FF31E3F70FFA0646E6
:1051900030B307210C30FEF7C6F80346627831467B
:1051A00003F8012B2A68C0F80120AA8842F23500D2
:1051B0009A800022E3F72EFB0028E1D104F10903D5
:1051C000AB424FF001031EBF2A68C4F80920AA8829
:1051D000237218BFA4F80D20D1E76FF01500CFE7B8
:1051E0006FF06800CCE713B5044680B1062168462D
:1051F00000F08CF948B99DF80530694603F03F038B
:1052000020468DF80530FFF79CFF02B010BD6FF00F
:105210001500FAE71830D0E8EF3F23F02003C0E88C
:10522000E23F002AF7D17047037AD90704D523F06B
:1052300001030372E3F7CCBE990704D523F0020300
:105240000372E3F75FBF704700207047D0E8AF0FED
:10525000704708B5FFF7FAFF084100F0010008BDEC
:10526000034610B5D3E8EF0F00EA0102C3E8E42FCC
:10527000002CF7D110BD012310B403FA01F104464C
:105280004AB1D4E8EF3F0B43C4E8E23F002AF8D12B
:105290005DF8044B7047C9435DF8044BFFF7E0BF6E
:1052A00073B51D469DF81C3004469DF8206063B11F
:1052B0005EB1069B6A4642F2380120460095019392
:1052C000E4F704F968B102B070BDCDE900122046E0
:1052D0006A4642F23701E4F7F9F80028F3D1002ECC
:1052E000E7D11834D4E8EF3F43F00403C4E8E23FC9
:1052F000002AF7D10020E6E72DE9F04180460F466D
:105300004FF0FF304FF0FF3186B01446E3F74EF90F
:10531000054680B300F10C063FB301213046FEF78D
:1053200011F801213046FEF70DF8304698F80110CB
:10533000FEF708F8DCB121883046FEF70BF8C4B15F
:10534000A1783046FDF7FEFF284608F1180203A9B0
:1053500008230097E3F718F90022294642F23900A2
:10536000E3F758FA06B0BDE8F0813946D6E72146A2
:10537000E2E72146E5E76FF06800F3E70022FFF778
:10538000BBBF203009F066B810B50446FFF7F9FF3F
:105390002046BDE81040582200210AF080BA38B5F6
:1053A000044620B304F11805FFF7EBFF0821284657
:1053B000FFF74FFFE8B16FF080012846FFF750FF7D
:1053C000030604D52046FFF725FFE3F7D9FD0921A1
:1053D0002846FFF73EFF18B100212046E4F7B4F954
:1053E00000222046BDE838401146FFF785BF6FF028
:1053F000150038BD2DE9F04385B00F4699460446A7
:10540000DDF83080F8B100F118060B213046FFF7C7
:1054100020FF05460A213046FFF71BFF3DB118B1BA
:105420002AB16FF085000BE0B8F1000FF9D1CDE99A
:1054300001504B4639462046CDF80080FFF730FF3B
:1054400005B0BDE8F0836FF01500F9E7F8B5054643
:1054500018B96FF015042046F8BD00F118070821AF
:105460003846FFF7F6FE06460028F2D14FF0FF302F
:105470004FF0FF31E3F79AF80446A0B101210C3058
:10548000FDF751FF6B7821460370324642F23C0033
:10549000E3F7C0F904460028DDD16FF0010138467A
:1054A000FFF7DEFED7E76FF06804D4E77FB5C56885
:1054B0002878E4F725FB044698B143688BB19B68D4
:1054C0007BB101352846FFF7BCF902AE294650B141
:1054D0003046FFF7ABF9636820469B68019601A947
:1054E000984704B070BD2078FFF71FFE03460068A0
:1054F00002909A889B79B280B371ECE708B5F7F710
:10550000D9FD002818BF6FF0040008BD08B5F7F7F3
:10551000C5FB002818BF6FF0040008BD01F120038F
:10552000013813F8012D8B4200F8012FF9D1704793
:1055300000230B60436813B9C0E90011704719607C
:1055400041607047D0F8BC00003818BF0120704798
:105550000846896918301160426800211A6010F805
:105560000D2C0AF09CB92438E4F7BCBE0022036875
:105570000BB9184670478B4210D10B6842B942688C
:105580000360914200D14360002301200B6070470B
:1055900013604368994208BF4260F5E71A461B68EA
:1055A000E6E710B50446006918B1E1F71DF90023DC
:1055B000236110BD70B516460D4601210446E4F77F
:1055C00001FF012E17D0022E17D1236913B12046F7
:1055D000FFF7E7FF256121690A8A012A39D9CB68DB
:1055E0001B8804339BB29A4233D32AD92046BDE8A4
:1055F0007040FFF7D6BF206918B92046FFF7D1FFEA
:1056000001E02A8A22B92846BDE87040E1F7ECB8EB
:10561000018A438A46695B1AC168891B5B1A9A42F0
:1056200007D901460022204600F088FA00232361B2
:10563000E9E7E9680C30FDF77CFE2846E1F7D4F88D
:10564000C9E7002323612046BDE87040012200F035
:1056500075BA70BD10B500F1D002D2E8AF3F5BB1B2
:10566000591CD2E8EF4F9C4204D1C2E8EC1FBCF1B8
:10567000000FF6D1F1D110BD1846FCE710B5437B01
:105680000446073B012B02D80121E4F739FF637B75
:105690002BB12046BDE810400021E4F731BF10BD1A
:1056A00010B5437B0446023B062B16D8DFE803F017
:1056B00009041515150B0900017300212046E4F7B4
:1056C0001FFF002010BD0088FFF731FB0028F9D133
:1056D000637B072BF5D10821F0E76FF07F00F1E73E
:1056E00010B50446D0F8A00028B9207A04F1700162
:1056F000E9F71AF838B1E278438A2AB903F02100B1
:10570000003818BF012010BD03F02400F8E78278AC
:105710000346012A06D1C07A28B1D3F8A00010B1FF
:10572000007C70470020704710B583780446012B39
:1057300027D1437B072B27D10A0601F07F0310D521
:10574000021DD2E8EF0F40F40040C2E8E10F00294B
:10575000F7D12046A372E8F7AFFB08B1637AA372D2
:1057600010BD427A9A4212D2827A9A420FD2021D18
:10577000D2E8EF0F20F40040C2E8E10F0029E8D0A2
:10578000F6E76FF01500EBE76FF07F00E8E7002029
:10579000E6E78378012B0CBF407A0020704738B5CC
:1057A000037A04468B42154615D100F17001072299
:1057B00028460AF083F880B1E378072243B904F160
:1057C0007E0128460AF07AF8B0FA80F0400938BD28
:1057D00004F17701F5E70020F9E70120F7E708B5C4
:1057E000E5F760FA10B1E4F73FFE012008BD8378C9
:1057F000012B0CBF70300020704713B582780B4628
:10580000012A15D10A88DB7802F00204D2078A78CF
:1058100048BFB4FA84F4B2FA82F148BF6409490976
:105820000BB941F002010094FFF7B8FA02B010BDC5
:105830006FF01500FAE7F8B507460D464FF0FF3058
:105840004FF0FF31E2F7B2FE0646D0B10E210C3028
:10585000FDF769FD04460E2200210AF020F83B887E
:10586000314623802B88002263806B8842F213002C
:10587000A380AB88E380EB882381BDE8F840E2F7A2
:10588000C9BF6FF06800F8BD70B484780A46012C77
:1058900020D1051DD5E8AF6FC6F3C024360502D56B
:1058A00070BCE5F7C3BA0988A0F88C105188A0F83D
:1058B0008E109188A0F89410D288A0F89620D5E890
:1058C000EF3F43F40053C5E8E23F002AF7D12046FA
:1058D00070BC70476FF01500FAE7704710B50446CA
:1058E000F5F7B2FE234653F8482BD2F8BC1061B945
:1058F000A164D2F8C01061B9C2E92F33F5F7B8FE40
:105900002068BDE81040E4F7D7BD8B42F6D00968A7
:10591000EDE70B60C2F8C030F0E703682BB14168D7
:105920001A688B42026008BF4260704770472DE9D9
:10593000F843446B2CB154F8085905B1083D0027D1
:105940000CB9BDE8F883D4E900682EB3F5F77CFE06
:105950000022D6F8BC3004F1480163B1994233D13A
:10596000A36C4ABBD6F8C020C6F8BC30914201D126
:10597000C6F8C030A764F5F77BFE04F130090022B9
:1059800000234846F5F7DAF8064600BBD8F804309D
:105990000BB1204698472760E3680BB12046984733
:1059A000D8F820300BB120469847DDB1AB6803B181
:1059B000083B2C461D46C3E71360D6F8C030994219
:1059C00008BFC6F8C020D5E71A461B68C5E7B3690B
:1059D00023B16FF06D02F169206898473046E0F717
:1059E00003FFCCE72B46E4E738B5406B0D4620B10A
:1059F00050F8084904B1083C00B938BD43689B68B9
:105A00000BB1294698472CB1A36803B1083B204647
:105A10001C46F1E72346FAE7F8B50E460021074693
:105A2000154600234FF480320846E5F70BFB044689
:105A300030B104210C30FDF776FC077046704580CC
:105A40002046F8BD70B505460068B8B1407B072810
:105A500014D1002A0CBF012002200E7A864210DCED
:105A6000C87A07280DD98A61CB6105F1300008F0AA
:105A7000D4FB2846FFF732FF002070BD6FF07F0097
:105A8000FBE76FF01500F8E7406B28B1838B08380F
:105A90008B4201D08068F8E7704710B54AB989B2E7
:105AA000FFF7F2FF28B143689B6913B1BDE81040CE
:105AB000184710BD38B50D460521FFF7E5FF002357
:105AC00029461A46FFF7BEFF044610B12846E0F704
:105AD0008BFE204638BD38B50B8A0546032B0C4695
:105AE00021D9042104F10C00FDF75EFC238A4288D1
:105AF0009A4218D14178B1B10378012B13D0132BFE
:105B000011D0022201202D68FFF786FF044650B114
:105B100002210C30FDF707FC00232146037043707F
:105B20002846FFF7C7FF002038BD406B28B18389A6
:105B300008388B4201D08068F8E7704738B50B8A87
:105B40000546032B0C4604D82046BDE83840E0F754
:105B50004BBE042104F10C00FDF726FC41882846C9
:105B6000FFF7E3FF0028EFD0436821465B699847C1
:105B7000EAE770470346006828B15968026888421E
:105B80001A6008BF5A6070470346002003B9704787
:105B90001A8A5B681044F9E710B5D468023123789B
:105BA00013B92170012010BD8B42FBD0038A023B48
:105BB000038200201061F6E72DE9F0410446886871
:105BC000FFF7E2FF638B628D0D46934228BF1346B9
:105BD00083421DD30027A165D1F808808F60F5F7B7
:105BE00033FD41462046E5F763FB064638B1C5F86C
:105BF0000880A765F5F73CFD3046BDE8F081618D72
:105C0000638B2846994228BF1946E7F74BFDF1E719
:105C10006FF07906F0E72DE9F041446A074644B198
:105C200054F8A86906B1A83E0022154607F10408F9
:105C30000CB9BDE8F081A36D9BB905B98AB940469E
:105C4000FFF798FF054658B101462046FFF7B4FF1D
:105C50000028EED07B682B60BB687D6003B9BD6017
:105C6000224636B1D6F8A83003B1A83B34461E46CA
:105C7000DEE73346FAE708B503680A8A1868C96898
:105C800001F0E7FB002008BD38B5054601F10C0026
:105C90000C46FDF799FB2D680146238A2868E268C7
:105CA00001F0C6FB002038BD38B504460D46E5F7C7
:105CB000FFFA30B1294604F15C00BDE8384008F035
:105CC000ACBA38BD70B5044601F10C000D46FDF7C5
:105CD0007BFB266801462B8AEA68306801F0A8FB46
:105CE0001E2100222046E5F73BFB014610B120466D
:105CF000FFF7DAFF002070BD70B40668726A5AB30D
:105D0000144654F8A83903B1A83B002211467CB9C7
:105D1000438D408B8B4201D890421FD9824238BFBD
:105D200002469942306838BF194670BCE7F786BB17
:105D3000844207D0658D648BA94238BF2946A242B0
:105D400038BF224633B1D3F8A85005B1A83D1C4650
:105D50002B46DCE71D46FAE71146D9E770BC7047D1
:105D600073B51446014605464FF49572206801F05C
:105D70007AF9207530B92946206801F0CEFB20B9A8
:105D800008232375002002B070BD237AB3B1A3F1BC
:105D90001802534253419B000193638A29460093A2
:105DA000AE68238AE2682068B047002808DB238AAF
:105DB00083420CD1002301202375E4E70223EBE7A3
:105DC00010F1FF0F03D34042C0B22075DAE70E2076
:105DD000FBE7F8B5936805460F461446166863B9A5
:105DE000506801210C30FDF79EFAA0602B681B78EB
:105DF000002B14BF022301230370A3681B78012B1F
:105E000003D0022B1FD000201CE02B681B78002B36
:105E1000F9D1606804210C30FDF785FAE060078055
:105E20002A68E36852885A806168728D738B088A89
:105E30009A4294BFC0EB0200C0EB0300042894BF59
:105E400000200120F8BD2B681B78022BDBD1606895
:105E500012210C30FDF767FAE06007802B68E268DA
:105E6000591C0232113351F8040B994242F8040BC9
:105E7000F9D16168728D738B088A9A4294BFC0EB26
:105E80000200C0EB03001228D9E7D0680431037880
:105E900013B90170012070478B42FBD0002091683C
:105EA0000B8A043B0B82106170472DE9F041884654
:105EB00017460121042205461E46E5F751FA04461D
:105EC00070B104210C30FDF72EFA80F80080A0F8A4
:105ED0000170C67021462846BDE8F041FFF7E4BED8
:105EE000BDE8F0811FB5CDE9012300231A460093D8
:105EF000E6F746FD05B05DF804FB0022036803B930
:105F000070478B420FD10B683AB9426803609142E7
:105F100000D1436000230B607047136043689942CF
:105F200008BF4260F6E71A461B68E8E7D0E8EF3F93
:105F300043F00802C0E8E12F0029F7D1C3F3C00005
:105F4000704707B5CA680C211388528800920D2249
:105F5000E5F7E8FA03B05DF804FB07B50022CB686B
:105F60000A211B8800920B22E5F7DCFA03B05DF8EA
:105F700004FBF8B5CB6804461F88BBB2162B24D9A6
:105F80000321E5F74DFA064608B302210C30FDF770
:105F9000CAF900256FF008034570037031462046AA
:105FA000FFF782FEF7236383236867851B6804334A
:105FB000D3E8EF1F41F48031C3E8E21F002AF7D194
:105FC0002046FFF799FE2846F8BD0420FCE70E2086
:105FD000FAE770B504460E46002200230846F4F79F
:105FE000ADFD054658B101462046E5F761F9044686
:105FF00018B12946304608F01BF9204670BD6FF0F5
:106000000104FAE737B50C46054601F10C00FDF72F
:10601000DBF9228A03460192E268122100922846A7
:106020001322E5F7D9FC03B030BD37B50C46054661
:1060300001F10C00FDF7C8F9228A03460192E268DB
:106040002846009200221146E5F7C6FC03B030BD99
:106050002DE9F04342F60103002591B0D2F800800B
:1060600007460E4600680BA9D8F8049014468DF830
:106070002C50ADF82E30FEF75CFB002800F082803B
:106080004FF4205338680BA98DF82C50ADF82E3002
:10609000FEF74FFB38B1A3681BB15A88B24200D259
:1060A0005E80012010E061680846FFF76DFDB8F8DA
:1060B0002A20B8F81A309A4294BFC0EB0200C0EB15
:1060C0000300032803D8002011B0BDE8F083084680
:1060D000FDF7E9F8054661680846FFF755FD6B8A4C
:1060E0002A8AA3EB020C6B69EA68D21AACEB0203B2
:1060F000B8F81AC0B8F82A20944594BFC0EB0C0039
:10610000C0EB0200834228BF03466BB9887AE0F7F0
:10611000B5FA00220023FDF790F805460028D2D0FA
:1061200001466068FDF7D0F8002300933946D7F8A0
:1061300004801023484602AAC047071E22DB227CA7
:10614000E068BA421AD001460BA8FEF71FFBC8B19F
:10615000FAB202A906A8FEF719FB98B106A90BA886
:10616000FEF7E7FA70B900230421637405F10C000F
:10617000FDF7D9F8A0600680A36891E702A909F0AD
:106180009DFBEFE70023A3608BE72DE9F04F064668
:1061900085B0104690469946FFF7F6FC738B728DDA
:1061A0008B46934228BF1346834275D97368404695
:1061B0000393FDF778F84FF0000A04464046FFF7D6
:1061C000E3FCE168228A658A6369AD1ACB1AED1A8D
:1061D000778B738D9F4294BFC0EB0700C0EB030029
:1061E000854228BF054625BB98F80A00E0F746FA25
:1061F00000220023FDF721F8044608B9574627E09E
:1062000001464046FDF760F84046FFF7BDFCE168F7
:10621000228A658A6369AD1ACB1AED1A778D738B62
:106220009F4294BFC0EB0700C0EB0300854228BF2C
:106230000546CDF80090DBF804700A4403985946EF
:10624000ABB2B847071E07DABAF1000F18BF5746BE
:10625000384605B0BDE8F08F0E9BABB9394604F166
:106260000C00FDF760F84046FFF78EFC738D728BD3
:10627000B944934228BF13468342BA441FFA89F9AE
:10628000BCD9AF429AD0B9E7394620460F9A0E9B47
:1062900098470028E2D1B1E70027D9E700232DE98C
:1062A000F34117681446D7F8048001461373064675
:1062B0009522404600F0D7FE0546207330B931469E
:1062C000404601F028F928B908232373002002B0C2
:1062D000BDE8F081A068798B7A8D038A914294BFE2
:1062E000C3EB0103C3EB0203012BEFDD02210C30F2
:1062F000FDF719F8CDE900558046A38831463846A8
:10630000A268FFF742FF031E06DA13F1FF0F2ABF50
:106310005B420E23DBB2D8E70120A8F80030D6E7B5
:1063200000232DE9F34117681446D7F8048001468D
:10633000137306469522404600F095FE05462073ED
:1063400030B93146404601F0E6F828B908232373F6
:10635000002002B0BDE8F081CDE900553146384655
:10636000A388A268FFF711FF002807DA10F1FF0FDA
:1063700032BF0E204042C0B22073E9E70120E8E7B7
:10638000F8B5054650F8044C071F00F15003D3E858
:10639000EF1F21F00401C3E8E21F002AF7D1FCB18E
:1063A0006B6D83B9636873B1201DFFF7E3FB06468D
:1063B00001463846FFF700FC90B163683360A3687C
:1063C000666003B9A660384605F15801FFF701FE83
:1063D00030B1384604F10C01BDE8F840FFF7F9BDD3
:1063E000F8BD08B5437B072B01D0002008BD042170
:1063F000FFF79BFB0028F8D000F15003D3E8AF3F34
:10640000DB07F2D550F8040CF0E738B50546D1E8C3
:10641000AF3FDB0716D550F8040C98B16B6D8BB904
:106420000430FFF7A7FB044660B10146281FFFF7C1
:10643000C3FB38B155F8043C5A6822609A685C6026
:1064400002B99C6038BD70B50E461546FFF7C9FF0E
:1064500078B1436A6BB1184650F8A83903B1A83B2C
:10646000691C428D448BA24228BF2246914202D928
:106470003BB9002070BD2A463146BDE87040E4F7C4
:106480006FBFD3F8A84004B1A83C18462346E8E7FC
:10649000E6F7E8B908B5FFF7A4FF40B1406A30B1AC
:1064A000024652F8A83903B1A83B002002B908BD42
:1064B000518B528D8A4228BF0A46904238BF1046FF
:1064C00033B1D3F8A81001B1A8391A460B46EDE74D
:1064D0001946FAE710B504467438E5F749FD54F853
:1064E000740C1321BDE81040FFF7DAB870B550F80E
:1064F000043C0446061F002B34D039B1436D002BF9
:1065000030D01B7CDA072DD505231EE00568284610
:10651000E6F7B4FF6B7A012B24D0646D14B3237CAF
:10652000DB071FD5E368002BEED030466269617C43
:10653000E4F716FF054638B1D4E90512E368984739
:1065400050B12846E0F750F90E2300223046BDE84E
:1065500070401146E5F7D6BC29463046E4F7A8FE60
:106560000028EED170BD70B5CE68044633880D4664
:106570009AB2162A06D8002204231146E5F7C2FC77
:10658000002070BDF72243854283FFF7B5FB00234F
:10659000314620462A8AF1E708B500230A8AC968ED
:1065A000E5F7B0FC002008BDFFF7F6BFFFF7F4BF2A
:1065B000FFF7F2BFFFF7F0BFFFF7EEBFFFF7ECBF4B
:1065C000FFF7EABFFFF7E8BFFFF7E6BFFFF7E4BF5B
:1065D000FFF7E2BF70B50D46FFF703FF044628B989
:1065E0002846E0F701F96FF07F0070BD00F10C065E
:1065F0002946304607F011FE646AC4B154F8A85920
:1066000005B1A83D0022104607E022467DB1D5F82D
:10661000A83003B1A83B2C461D46831C01D1002A9B
:10662000F4D131462046FFF7D4FC0028EDD10020FC
:10663000DBE738B505460C46F5F706F82846FFF7C0
:10664000D0FE20B9F5F714F86FF07F0038BD0023B5
:10665000236083683BB9C0E90144FFF7DCFAF5F732
:1066600007F80020F2E71C608460F6E710B50C46DE
:10667000FFF7B7FE90B1436A43B153F8502CA83BE3
:106680009169A14209D0D3F8A830F5E7406828B154
:106690008369A34202D00068F9E7104610BD0120CB
:1066A000704708B5FFF79DFE78B1436A6BB1A83B10
:1066B00003F15402D2E8EF0F20F00800C2E8E10F26
:1066C0000029F7D1D3F8A830F0E708BD08B50421B8
:1066D000FFF72BFA20B15030D0E8AF0FC0F3C00065
:1066E00008BD10600020704710B5029CA36833B14C
:1066F000B1F5807F28BF0E21CAB221469847A37DFD
:10670000E268013BDBB2A37522B11BB92046BDE8AC
:106710001040104710BD1060918000207047B1F507
:10672000807F28BF0E21009AC9B213681847002045
:106730007047072208B509F0C1F8B0FA80F04009A7
:1067400008BD70B50378044693420E46154603D142
:106750000130FFF7EEFF70B9A37AAB420DD131469D
:1067600004F10B00FFF7E5FF20B101235B4203F0CA
:106770000A03E01870BD0023F8E70020FAE703469B
:1067800010B5D3E8EF0F40EA0102C3E8E42F002C74
:10679000F7D110BD034610B5D3E8EF0F00EA0102B0
:1067A000C3E8E42F002CF7D110BD0B6803608B8881
:1067B00083808B79837170472DE9F0410D46069CEB
:1067C00006466FF0040104F11000FFF7E3FF45B344
:1067D0003046E5F7C9FD074680B16368B5F5807FAF
:1067E00028BF0E251BB122463046E9B29847BB6848
:1067F00023B100221D6804F114000BB9BDE8F0813B
:10680000834206D1234639463046BDE8F041E5F7DC
:10681000FFBC25B129681A462B460D46EDE72946EF
:10682000F9E763681BB12246294630469847A38999
:10683000002BE3D1256821463046AC46BDE8F04147
:106840001A46604711F1680F01D0FFF7B5BF7047D6
:10685000D0E8AF0F704770B50D46064611F8010B32
:10686000E4F720FA044610B12C89E3F7FDFDA87A7D
:1068700005F10B01E4F716FA28B16B8A9C4238BF88
:106880001C46E3F7F1FDAB8AA34207D0AB69AC82AB
:1068900023B121463046BDE87040184770BD08B5A9
:1068A00002210C30FCF73FFD6FF008020346002088
:1068B0001A70587008BD10B5144602210C30FCF750
:1068C00032FD23890380002010BD10B51446042139
:1068D0000C30FCF728FD2389038063894380002066
:1068E00010BD70B51446002500F10C066268EBB2CD
:1068F0009A4205F1010501D8002070BDA26830461A
:1069000032F81310FCF726FDF0E7FFF7EABFF7B502
:10691000089D06460C462F6851B973B900232A46D4
:106920000893E1B23046BC4603B0BDE8F040604792
:10693000B1F5807F28BF0E24F0E7009313462A4666
:10694000B847089423462A4621462F68EAE7F0B55F
:106950000D4687B0114606461A460C9C5DB983B9B0
:106960002768002322463046BC46E9B20C9307B0A4
:10697000BDE8F0406047B5F5807F28BF0E25276849
:10698000EFE703A8FCF7BEFCBDF81030012B08D8D8
:10699000002300932246194630462568A84707B0D1
:1069A000F0BD022103A8FCF7FFFC0346BDF8102050
:1069B00033F8027B0021974228BF174600972246F2
:1069C00030462568A847394603A8FCF7EDFCDBE70D
:1069D00038B5BDF810401546A2420CD84CB16BB189
:1069E000A41A8C42A8BF0C46A4B22246591908F03A
:1069F00030FF204638BD6FF00604FAE76FF00D0453
:106A0000F7E730B585B0C96814461D46E5F788FC40
:106A100000B100890223ADF80E00009329462046FC
:106A2000BDF820200DF10E03FFF7D2FF05B030BDF9
:106A30001FB50C461946E36810461C78BDF81820AF
:106A40003CB110240133069404B0BDE81040FFF7B8
:106A5000BFBF5B88ADF80E30022300930DF10E032B
:106A6000FFF7B6FF04B010BD30B51D46002385B05A
:106A700014468DF80C30E5F735FC10B1037A8DF82B
:106A80000C300123294600932046BDF8202003AB9B
:106A9000FFF79EFF05B030BD38B5154600F10C0478
:106AA00004212046FCF73FFC2B8903806B8943803F
:106AB000E9680B782BB920464988FCF74BFC00208D
:106AC00038BD102220460131FCF733FCF7E70022E5
:106AD00003680BB9184670478B4210D10B6842B956
:106AE00042680360914200D14360002301200B60A3
:106AF000704713604368994208BF4260F5E71A4641
:106B00001B68E6E710B5E5F747FB044640B10146D0
:106B100011F8010BE1F75EF9002323606360A360C5
:106B200010BD70B500F1700605463146007AFEF7DB
:106B3000F5F804463146287A1CB1BDE87040FFF7ED
:106B4000E1BFE5F729FB10B104604460846070BDCB
:106B5000022A10B508D1002300F170011A46007A0C
:106B6000E5F75CFC022010BDFFF7DBFFFAE72DE93B
:106B7000F04706460D464FF47020002190461F4610
:106B80009DF820A0DDF82490E5F780F9044688B14F
:106B9000456080F811A0C0F81490C760C0F8188054
:106BA0004A4651463046FFF74EFC054638B9204666
:106BB000E5F798F96FF00B052846BDE8F08700224D
:106BC00001231146E5F792FA2846A5604246494658
:106BD000B847054618B12046E5F784F9ECE72146A9
:106BE0003046FFF726FD05460028E5D0F3E7F0B56F
:106BF000076806463D78144689B035BB7B88B3F5F7
:106C0000245F04D01BD8A3F52053032B1DD8ADF867
:106C10000A10022220460DF10A0108F05EFA48B976
:106C20007B88022220460DF10A01ADF80A3008F0F7
:106C300054FA70B16FF01503C4F85C3106E003F547
:106C40005643FF339BB2042B15D90125284609B0C2
:106C5000F0BD009003AA132331467768B847021E9F
:106C600002DAC4F85C21F1E703A9204608F035FAFE
:106C70000028EAD0DEE7ADF80A10022220460DF126
:106C80000A0108F02AFA0028D4D17B880222ADF844
:106C90000A300DF10A01E8E738B5144600F10C0599
:106CA00002212846FCF73FFB63890380A18928461F
:106CB000FCF750FB042104F11000FFF760FD0020F9
:106CC00038BD08B50C3029B10121FFF758FDC0438C
:106CD000084008BD6FF00101FFF75CFD00F0010006
:106CE000F7E710B50446FFF7ECFF38B12146BDE8E1
:106CF0001040012211F8010BE5F754BB10BD2DE93E
:106D0000F0419846BDF818300646012B17462ED89C
:106D10004344012B45462DDCE5F7E4FA044618B957
:106D2000E5F7E0FA044640B3B8F1000F11D00023B4
:106D3000217A21FA03F2D00703D53A78DA40D20754
:106D40001ED50133032BF4D13B7803F0070319431D
:106D5000217206F17001601CFFF727FD337A0121D3
:106D600020462370FFF7BDFF2846BDE8F0816FF095
:106D70000605F9E76FF00C05F6E76FF01005F3E78D
:106D80006FF01205F0E770B504461546FFF787FC73
:106D900048B12046E5F7A6FA28B1037ADB0702D509
:106DA0000121FFF79EFF85B9207A04F17001E5F714
:106DB000F3F9024648B1014685600423BDE87040FE
:106DC00011F8010B0832E0F7F7BF70BD2DE9FF4164
:106DD000884616461F46044628B96FF01505284612
:106DE00004B0BDE8F08102A9FDF77BFC0546002850
:106DF000F3D1204601A9FCF772F80198D0B9002020
:106E000002A9E5F791F9044648B9E5F76BFA04469B
:106E100078B3002302A900F8013BFFF7C6FCB8F1E4
:106E2000000F22D0022269463846B047002808DA0F
:106E30000546D4E70A222946F8F73AFF0028DED0B3
:106E4000CBE79DF800300228237204D000212046B1
:106E5000FFF747FFC3E79DF801100129F6D8204648
:106E600001F00101FFF72DFFB9E72046E5F7A8FB88
:106E7000B5E76FF00B05B2E737B504460D46E5F709
:106E800053F9024698B1037A0C308DF80430FFF7BD
:106E9000DFFC10F0010318BF01238DF80530022339
:106EA00001AA29462046E0F79DFF03B030BD034606
:106EB000F7E738B5BDF81010BDF818401046A142EC
:106EC000059D0CD84CB16DB1641A9C42A8BF1C46FC
:106ED000A4B22246294408F0BCFC204638BD6FF01D
:106EE0000604FAE76FF00D04F7E713B5044610B98E
:106EF000002002B010BD00238DF8043042F60303D9
:106F0000006801A9ADF80630FDF713FC0028EFD1A9
:106F1000E36898880028ECD12046E5F701FD0130B0
:106F200080B2E6E770B5CC681E46A37988B0084603
:106F30008DF80C301546FFF7D8FFADF80D0024682A
:106F400023786BB96388ADF80F3005230093314681
:106F50002846BDF8302003ABFFF73AFD08B070BDFE
:106F6000631C0DF10F02113453F8041BA34242F8C5
:106F7000041BF9D11323E9E71FB5CDE90123002351
:106F80001A460093E5F7FCFC05B05DF804FBE5F755
:106F9000E7BD38B5044659B100F170052946007ABD
:106FA000E5F774FE2946207ABDE83840FFF764BF54
:106FB00038BDF8B506460F46E5F7D2F8394604461F
:106FC0003046FDF7ABFE48B344B304F108056FF05B
:106FD00001012846FFF7DEFBC20703D539463046DC
:106FE000E5F754FE6FF002012846FFF7D3FB830755
:106FF00003D539463046FFF73FFF2846FFF728FC08
:1070000060B9234603F8010BC4F80100C3F803007C
:10701000D5E8EF3FC5E8E20F002AF9D1F8BD38B551
:10702000A0F17705441C15F8010C29460C35FFF733
:10703000C0FFA542F7D138BD002313B58DF8043049
:1070400042F60303044601A90068ADF80630FDF7D7
:1070500070FB18B92046E5F765FE0446204602B0ED
:1070600010BDFFF717BA38B54C8AD3070546C4F3ED
:107070000E0404D514F0950F2AD04B6843B3900743
:1070800004D514F4957F25D08B681BB3144014F4F9
:10709000DE7F0DD0EB7A2BB92846FEF721FBD8B95D
:1070A000052038BD14F0300F04D114F4C07F07D18F
:1070B0000020F6E72846FEF76CFB0228F5D8EFE73C
:1070C000D5F8A030002BEBD05B7CDB06E8D5EFE7F2
:1070D0000220E6E70320E4E70F20E2E72DE9F04194
:1070E000437B0646072B0C46154686B040F085804C
:1070F00000238DF8143042F60303206805A9ADF88B
:107100001630FDF716FB90B96768002F75D0012384
:107110002146009004AAB84701286ED19DF810308E
:1071200013F0300F69D02046E5F7FCFD044600233C
:1071300020688DF8143042F6021305A9ADF8163018
:10714000FDF7F7FA18B12046E5F7ECFD04460027F5
:1071500042F60218206802A98DF80870ADF80A807E
:10716000FDF7E7FAF8B9002320688DF8143042F6ED
:10717000021305A9ADF81630FDF7DBFA00283CD163
:107180006768002F39D0009002232146304605AAB7
:10719000B847022831D1BDF8143005EA03000038A1
:1071A00018BF01202AE042F60303206803A98DF8E6
:1071B0000C70ADF80E30FDF7BCFA0028D3D04FF4B8
:1071C0002053206804A98DF81070ADF81230FDF737
:1071D000B0FA0028C7D042F60103206805A98DF84F
:1071E0001470ADF81630FDF7A4FA0028BBD0204685
:1071F000E5F798FD04460028ACD1002006B0BDE8B4
:10720000F081F8B514460F46942261680646FFF7F0
:107210002AFF20BB012230466168FFF75FFF08B3F9
:10722000A2891B2130460232FFF70DF90546E0B175
:10723000A1890C300231FCF776F820F8027BA28994
:10724000A16808F006FBD4E9041228460123E4F7FC
:107250004DFF29463046BDE8F840FFF7BBB94FF077
:10726000FF30F8BD6FF01500FBE76FF00B00F8E79B
:107270002DE9F74F0C9C804691461E460D4641B9BC
:107280006BB92668002322460C93E9B24046B44607
:1072900032E0B1F5807F28BF0E252668F2E76368EB
:1072A000002B59D1013E25896789B6B202F1010A46
:1072B000002E33D099F80010B14228BF3146012981
:1072C00007D80023224604210C9325684046AC468B
:1072D00012E0BAF80020023993B289B2002B5AD0DA
:1072E0009D42D4F800B001D89F4209D20023224623
:1072F0000E214046DC460C9303B0BDE8F04F6047DA
:10730000228140460091224600210AF10203D8471B
:10731000002840D099F80030B3420BD921464046AE
:10732000E5F7B6FF002836DA00230C9322460E213B
:107330002568CBE7238962899A4205D100230C9303
:10734000224619462568C1E70133238199F80030A8
:10735000F61AB6B29A44ABE700961346276822465F
:10736000B847C0B1238A013B9E4205DA0C952B46F3
:1073700022462946266889E7638921461E444046FD
:107380006681E5F785FF002805DA0C952B46224635
:107390000E2126687AE703B0BDE8F08F73B5044686
:1073A0000D46F4F751F929462046FFF75FF90146EB
:1073B00020B902B0BDE87040F4F75AB946682046DB
:1073C000E4F76CFEF4F754F92EB100230E211A46AF
:1073D00020460095B04702B070BD2DE9F0478C689B
:1073E000054692469846BDF8209024B154F8147989
:1073F00007B1143F0CB9BDE8F087238953450ED17E
:107400006A7AA37B9A420AD34B46424621462846D3
:107410002668B04718B921462846E5F77FFF2FB107
:10742000796901B114393C460F46E3E73946FAE77A
:10743000F7B50D46044616461F46E4F795FF01468C
:1074400028B133462A4620460097FFF7C6FF03B00F
:10745000F0BDF0B587B005460E461746E4F784FF49
:10746000044640B13A46314603A8FBF74BFFBDF84E
:107470001030042B01D807B0F0BD042103A8FBF79E
:1074800093FFBDF8101046880288B142F3D321461D
:10749000031D00962846FFF7A0FF314603A8FBF71F
:1074A00083FFE4E72DE9F04105468846E4F71AFF3B
:1074B0000446E0B1037ADB0719D500F10C07384622
:1074C000FFF7C6F910F0010611D1B8F1000F0FD087
:1074D0006FF002013846FFF75DF910F0020F284601
:1074E00009D0FFF7DEF801212046FFF7FAFB01265D
:1074F0003046BDE8F081FFF7D2F80028F8D02846E2
:10750000FFF7E4F80028F3D06FF002013846FFF7E8
:1075100041F92846E5E7012070470120704713B57F
:10752000C068144668B100238DF804304FF4C0538E
:1075300001A9ADF80630FDF7FCF810B92368013356
:107540002360012002B010BD0720704708B5062156
:10755000FEF7EBFA00B1EC3808BDD0E8AF0F0841F8
:1075600000F00100704738B50A46034609B901200A
:1075700038BD488A10F0240FF9D0197D5D7B147C4A
:10758000A94228BF29468C4201D90020F0E7800695
:1075900007D4517CC9070BD4187A003818BF0120D2
:1075A000E6E70521181DFFF7D8FF0028F1D1ECE729
:1075B000197A0029E9D00521181DFFF7CEFF18B967
:1075C000197A01390129E0D9527CD207CFD4E3E7F7
:1075D00001238B40DB43D0E8EF2F1A40C0E8E12FB6
:1075E0000029F8D1704707207047002370B51A466C
:1075F0000446EC300D46FEF725FA20B12846BDE8DA
:107600007040DFF7F1B804F5A0704FF47022BDE8C8
:1076100070400023F3F7B2BD01238B40D0E8EF2F79
:107620001A43C0E8E12F0029F8D1704708B50E21B0
:10763000FFF7F2FF002008BD38B505460B460430C1
:107640000D21FFF78AFFA0B1DC68D5F8EC300220ED
:10765000197A03F1700200F0ABFB80B1224600F111
:107660002E0304F1100152F8040B8A4243F8040B74
:10767000F9D128460921FFF7CFFF002038BD0820A7
:10768000FCE770B5051D0E4628460421FFF765FF8F
:1076900068B10022002100230846E3F7D3FC04462A
:1076A00040B904212846FFF7B7FF204670BD4FF4CC
:1076B0007022EFE701210C30FBF735FE0670F4E78E
:1076C00038B504210446FFF7DCFF054698B11021C8
:1076D0000C30FBF728FE04F1270304F1370253F8BE
:1076E000041B934240F8041BF9D120462946FFF7BA
:1076F0007CFF002038BD0820FCE72DE9F047044658
:1077000090B00CAD10220021284608F0C8F8237A6A
:10771000052B1ED8DFE803F0060303061D21D4F86D
:10772000D8300C93D4F8EC3004F1470204F1C707C9
:10773000CDE9017204F1370803F17E0204F1270953
:10774000009241464A46773304F19700E7F7E8F89C
:1077500098B1082010B0BDE8F087D4F8E430002BD1
:10776000E0D02E4603F110073246186859680833F6
:1077700003C2BB421646F7D1D4E7D4F8EC3008AECA
:1077800003F177027E33019304F111030292009317
:1077900042462B4649463846039600F075FB0028C2
:1077A000D7D1237A052B0FD1D4F8E010002948D087
:1077B0000B46AC4601F1100E624618685968083352
:1077C00003C273459446F7D1D4F8EC300DF1100A9A
:1077D00003F17E027733019304F10A0302920093CE
:1077E0004A462B4641463846CDF80CA000F04CFBEB
:1077F0000028AED11022514604F1B70008F05EF81F
:1078000020BB0D212046FFF73CFF07460028A0D0F3
:1078100010210C30FBF787FD32460346164603CE97
:10782000AE4218605960324603F10803F6D139467A
:107830002046FFF7DAFE201D0121FFF7EDFE0020B4
:1078400088E71022284608F02AF8BDE70B2081E7D8
:1078500070B5D0F8EC300446DB78012B19D1CD6837
:10786000061D10213046FFF7B3FE2B4604F1B70288
:1078700005F1100153F8040B8B4242F8040BF9D1C7
:1078800007213046FFF769FE28B109213046FFF78E
:10789000C3FE002070BD0A213046FFF75EFE0028BF
:1078A000F3D12046BDE87040FFF727BF70B5061D35
:1078B000CD6804460B213046FFF78AFE2B4604F1C3
:1078C000170205F1100153F8040B8B4242F8040B28
:1078D000F9D1237A012B09D0022B13D120460421A0
:1078E000FFF79AFEBDE87040E6F760B80A2130461F
:1078F000FFF733FE0028F1D030460021FFF78CFE61
:10790000002070BD0820FCE7072070470720704763
:1079100007207047012303FA01F1CA4330B5D0E8CC
:10792000EF3F03EA0204C0E8E54F002DF7D101EA7A
:107930000300003818BF012030BD38B504460025CB
:10794000031DD3E8EF2FC3E8E15F0029F9D104F567
:10795000A07006F07FFD2572D4E8EF3FC4E8E25F37
:10796000002AF9D12046BDE838400121FFF754BE76
:1079700070B500F1700605460C46072230460968CE
:1079800007F09CFFB8B963681A682A679A88A5F857
:1079900074209B7985F87630D5F8A0305BB1A26869
:1079A000934208D062681168C3F801109188A3F867
:1079B00005109279DA7170BD2DE9F84FDDF82C8051
:1079C000044692461F46BDF82890FFF7BFFD0546C6
:1079D00000285CD0061DB9F1000F27D15AEA070331
:1079E00024D103213046FFF7B8FDF8B1012130461C
:1079F000FFF7B3FDD0B12C7D6B7B05F147019C42B5
:107A000028BF1C462246404607F023FF0F2C06D80D
:107A10004946C4F1100208EB040007F040FF30466D
:107A20000121FFF7F9FD0120BDE8F88FD4F8A0305F
:107A300083B904F1700B5A462020217AE6F7FCFD49
:107A4000C4F8A00030B95A460120217AE6F7F4FDC7
:107A5000C4F8A000B9F1000F0CD15AEA070709D108
:107A6000D4F8A01031B14B8A9B0603D50C7C1E3193
:107A70002246C8E70F213046FFF76FFD20B10222F2
:107A800006212046E3F7ACF82846FFF756FF002012
:107A9000CAE76FF085007047F8B5031D06460F462C
:107AA00018460221FFF759FD044620B1B6F8E84018
:107AB000B4FA84F4640903211846FFF74EFD58B167
:107AC00039463046E6F7BAFA052194B1D6F8EC000B
:107AD000FDF7E6FD0020F8BD01211846FFF73DFD4A
:107AE0000028EDD10F211846FFF737FD0028E7D118
:107AF000EAE73046FFF7C5FD054688B101210C30A5
:107B0000FBF711FC234607702246294606F1EC00DC
:107B1000FDF798FF0028DDD02846DEF765FED9E79F
:107B20006FF06800D7E770B504460820E5F704FE5B
:107B30000546E0B1061D08213046FFF749FDBCB3FC
:107B40000721FFF745FD234605F1970204F12001C7
:107B500053F8040B8B4242F8040BF9D10A2130464A
:107B6000FFF7FBFC70B109213046FFF755FD0720F8
:107B7000E5F7E2FD0446E8B1E5F73AFED0B10821A9
:107B8000204612E010213046FFF7E7FC09210028CB
:107B9000EAD13046FFF7E1FC0028E8D02846FFF79D
:107BA000ACFD01460028E2D02846FFF775FFDEE76E
:107BB0000B21F9E770BD2DE9F0410E460446D0F8DF
:107BC000EC80E5F7D3FDF768261D05460A2130460F
:107BD000FFF7A0FE38B16DB920463978E6F72EFAE6
:107BE0000020BDE8F0810B213046FFF793FE00280E
:107BF000F1D1F1E72B69002BEED040469847EBE737
:107C000070B50446A0F1EC0650F8543BE83CD3F8BC
:107C1000A05006F01FFC03212046FFF79EFCA0B1F8
:107C200008213046E6F70AFA3DB16B8A13B16B7C46
:107C30009B0702D5284600F0CFF83046BDE87040DB
:107C40004FF4BC72002107F02ABE01212046FFF745
:107C500084FC0028E4D10F212046FFF77EFC002899
:107C6000DED1E1E710B504460821A0F5A070E6F7E3
:107C7000E5F9A4F59E700421BDE81040FFF7CCBCE7
:107C800070B50446FFF762FC0546002875D0061D56
:107C900003213046FFF761FC00286ED0D4F8A00025
:107CA00008B100F099F8207A04F17001E6F7ECFBD6
:107CB000C4F8A00028B92846BDE870400821FFF7A5
:107CC000EBBE0E213046FFF748FC28B1D4F8A020C7
:107CD000537C43F0020353742B7A032B0DD8002BF3
:107CE0004CD1D4F8A020537C23F020035374D4F853
:107CF000A020537C23F001030DE0053B012BF0D8BD
:107D0000D4F8A020537C43F020035374D4F8A0206F
:107D1000537C43F0010353742B7D697BD4F8A0207E
:107D20008B4228BF0B46304613740521FFF715FC24
:107D3000D4F8A020537C40B343F010030D2130460B
:107D40005374FFF70AFCC0B12021D4F8A00000F062
:107D50003FF8D4F8A03005F147021E33573552F8EA
:107D6000041BAA4243F8041BF9D10023D4F8A02035
:107D700053619361D4F8A020938370BD05213046F0
:107D8000FFF7EBFB0028ACD0C0E723F010035374DF
:107D9000F3E7072208B507F091FDB0FA80F040093B
:107DA00008BD437C5B0602D40121E1F7D9B87047D6
:107DB00070B504460D461646E6F73EFC38B9314626
:107DC0002846E6F761FB10B1438A1C43448270BD2C
:107DD000438A19434182704710B5037A04465B0712
:107DE00001D5E1F78FF9214611F8010BE0F792F880
:107DF0002046BDE810404822002107F050BD024651
:107E000001463C2311F8010B0C32E0F775B8531E04
:107E10001944024411F8013900F8013B9042F9D1AC
:107E2000704710B5431E00F11002073013F8011F10
:107E300012F8014D83421C701170F7D110BDF0B5DE
:107E40000E4614461D4697B00146202205A81C9FE9
:107E5000FFF7DDFF202231460DA8FFF7D8FF2146AE
:107E6000102201A88DF85450FFF7D1FF3B46412264
:107E700005A901A8E6F7EAFD044610B93846FFF760
:107E8000D0FF204617B0F0BD2DE9F04316461D4641
:107E900097B00446DDE91F98102205A8219FFFF73F
:107EA000B6FF1022314609A8FFF7B1FF102229467C
:107EB0000DA8FFF7ACFF03221E9911A8FFF7A7FF3B
:107EC000494611F8013BD9F801008DF847308B88FD
:107ED0000622129012A8ADF84C30FFF798FF4146E9
:107EE00011F8013B06228DF84E30D8F801300DF123
:107EF0004F00CDF84F308B88ADF85330FFF787FF38
:107F00002146102201A8FFF782FF3B46412205A926
:107F100001A8E6F79BFD044610B93846FFF781FF3C
:107F2000204617B0BDE8F08308B5EBF7DDFD00286B
:107F300018BF6FF00D0008BD1FB5042001A9DDF7C3
:107F40008BF818B1002005B05DF804FB019802A978
:107F5000EBF774FD0028F5D19DF80830032B05D010
:107F60009DF80B00431E58425841ECE70120EAE718
:107F700013B5042001A9DDF76FF858B90122019863
:107F8000114602F00AFF04460198FAF784FD2046E4
:107F900002B010BD6FF00404F9E72038704738B51F
:107FA0000446807ADEF76AFB6169054649B1637A67
:107FB000DB0704D4036B20461B689B6898470023AB
:107FC000636121462846BDE8384006F031B930B536
:107FD00009060546847E14D414F0400016D0298B7F
:107FE000C3F30A00C1F30A01884222D802F0030059
:107FF000022809D003280AD0012811D004F001007A
:1080000004E014F02000E9E7C4F3800030BD14F070
:108010000200FBD013F4C05F09D0C4F30010F5E7F1
:1080200014F0080205D013F4C05FEFD0F5E701208B
:10803000ECE70020EAE7A030D0E8AF0F00F0010045
:108040007047A030D0E8AF0FC0F34000704703691D
:10805000A033D3E8AF2F41B1D3E8EF1F41F00401C3
:10806000C3E8E21F002AF7D17047D3E8EF1F21F0E1
:108070000401C3E8E21F002AF7D1704701F00F03A3
:108080000269090648BF103352F823007047007F89
:10809000C0F300107047037F61F304130377704748
:1080A00008B502691046FFF7C6FF68B991F82000CD
:1080B00000F00F03000648BF103342F823100846B3
:1080C00006F09FF8002008BD6FF00C00FBE70022CF
:1080D0000023F2F733BD06F0B5B806F09EB8407E37
:1080E000C0F3C0007047437E23F008034376704717
:1080F0001FB504698DF80410CDE90220D4F898303A
:1081000001A9984704B010BD1FB5034604690620B5
:108110008DF804002046CDE90213FFF78CFF40B133
:10812000C1F81E201846D4F8982001A9904704B041
:1081300010BD4FF0FF30FAE738B505460C46204633
:10814000FFF7C5FF014600B938BD6FF07002284641
:10815000FFF7DAFFF3E72DE9F843066907460D4616
:10816000D6F80090D6F840804FF0FF324FF0FF3342
:1081700006F18400F2F720FC4046FFF7A8FF014615
:1081800018BB4846FFF7A3FF044620BB99F81C30F4
:1081900023F0100389F81C3098F81C3023F01003EA
:1081A00088F81C3024BB012286F8B020EDB12B6882
:1081B000C6F8A8306B6886F8B120C6F8AC303869CC
:1081C0008430BDE8F843F2F769BC6FF067023846C7
:1081D000FFF79AFFD0E7637EDB07D7D46FF0670223
:1081E00021463846FFF790FFCBE786F8B150E6E727
:1081F0002DB10822294604F10C00FBF79AF8002261
:1082000021463846FFF780FFD9E72DE9F8430546B8
:10821000884614461F46D0F80890FFF72FFF064601
:10822000002834D02846D9F83C30984741462246A9
:1082300030463B88FFF7CBFE804688B183B92B6977
:1082400004F0030493F88030DB0753BF40224FF45F
:1082500080624FF400711146022C0DD0032C11D016
:108260002846D9F840309847B8F1000F14BF0020D5
:108270006FF08500BDE8F883338B8B4228BF0B4637
:108280003B80EDE7338B934228BF1346F8E76FF04E
:108290001200EFE72DE9F0470546894690461F4654
:1082A000D0F808A0FFF7EAFE044618B3067FF307EC
:1082B0001DD43B4642464946FFF789FED0B19DF8A2
:1082C000203026F0060684F82180678484F8243064
:1082D0002677DAF81830214628469847B0FA80F316
:1082E000227F5B0963F300022277BDE8F0876FF01D
:1082F0007700FAE76FF01200F7E72DE9F3411F4628
:108300004B0604460D461646D0F808801BD0D8F818
:108310003C3098472069FFF794FE88B19DF82030E3
:108320002946009332463B462046FFF7B3FF0546F9
:108330002046D8F840309847284602B0BDE8F08182
:108340004FF0FF35F4E76FF01505F5E770B505461A
:108350008668FFF793FE044688B1037FDB0711D5DB
:108360000146F3692846984738B1237F03F001039B
:10837000227F63F30002227770BD0346F8E76FF0B7
:108380001200F9E76FF07700F6E770B54B06044688
:108390000D46866812D0F36B98472069FFF74BFEB5
:1083A00048B129462046FFF7D1FF05462046336CE9
:1083B0009847284670BD4FF0FF35F7E76FF0150579
:1083C000F7E770B5054686680C46F36B9847286951
:1083D000FFF737FEB8B121462846FFF74FFE0146AA
:1083E000A0B1037FDB0711D590F8213003F0030320
:1083F000012B0ED02846F368984704462846336C74
:108400009847204670BD4FF0FF34F7E76FF0120435
:10841000F4E76FF08504F1E7F8B5064687680C4687
:10842000FB6B98473069FFF70CFEE8B121463046F8
:10843000FFF724FE0546D0B1037FDB0717D590F880
:10844000213003F00303012B14D001463B69304671
:108450009847044618B92B7F60F341032B773046C9
:108460003B6C98472046F8BD4FF0FF34F7E76FF0BC
:108470001204F4E76FF08504F1E72DE9F0410546B9
:1084800086680769F36B0C4698472869FFF7D9FDA2
:1084900098B394F8188028464146FFF7EFFD01464F
:1084A00070B3037FDA072BD518F07F0F20D197F830
:1084B000B030EBB1637EDB0717D597F8B13033B13D
:1084C000082207F1A80104F10C00FAF732FF00229C
:1084D00087F8B02021462846FFF716FE04462846B6
:1084E000336C98472046BDE8F0816FF06702F1E7F2
:1084F0002246284673689847F0E74FF0FF34EEE7CE
:108500006FF01204EBE770B505460C468668F36B16
:10851000984721462846FFF7B1FD48B105F092FE85
:10852000B0FA80F464092846336C9847204670BD41
:108530000124F8E770B5054686680C46F36B98474A
:108540002869FFF778FD80B121462846FFF796FDA0
:10855000014668B104681CB12846B36898470446D0
:108560002846336C9847204670BD4FF0FF34F7E73C
:108570006FF01204F4E708B5036900211B685A8CF8
:10858000E6F7F8FB28B1437E23F0070343F001032D
:10859000437608BD08B539B90369013A1B685B8C9D
:1085A0001A44B2FBF3F25A43E6F7E4FB28B1437EE8
:1085B00023F0070343F00203437608BD08B561B911
:1085C00003691B685A8CE6F7D5FB28B1437E23F07C
:1085D000070343F00403437608BD0022F3E770B5B8
:1085E00005468668F36B98472869FFF72AFD04461D
:1085F00020B133683BB12846984704462846336C7F
:108600009847204670BD0124F8E7F8B5044687680E
:108610000669FB6B98472069FFF70DFDB8B120692B
:10862000FFF70FFDB0B92046FB6A9847054648B9E9
:1086300006F1A003D3E8EF1F41F00201C3E8E21FF7
:10864000002AF7D120463B6C98472846F8BD4FF0EA
:10865000FF35F7E76FF07705F4E7F8B5044687686C
:108660000669FB6B98472069FFF7EBFC90B13B6B09
:1086700020469847054606F1A003D3E8EF1F21F0F6
:108680000201C3E8E21F002AF7D120463B6C98475D
:108690002846F8BD6FF07705F7E72DE9F04105466C
:1086A00014460F46D0F80880066911B30AB3D8F80B
:1086B0003C3098472869FFF7BEFCB8B9C6E9267474
:1086C0002846D8F834309847044640B9A036D6E852
:1086D000EF3F43F00103C6E8E23F002AF7D1284606
:1086E000D8F8403098472046BDE8F0816FF0770415
:1086F000F5E76FF01504F6E7F8B5044687680669F4
:10870000FB6B98472069FFF79CFCB0B92069FFF725
:1087100092FCA8B1BB6B20469847054606F1A00322
:10872000D3E8EF1F21F00101C3E8E21F002AF7D1CF
:1087300020463B6C98472846F8BD6FF00F05F7E7D9
:108740006FF07705F4E7C34300F00F00C3F3C013E5
:1087500000EB0310704708B5EDF75CFDEDF762FD27
:10876000002008BD01238B40D0E8EF2F1A43C0E85A
:10877000E12F0029F8D1704700698430F2F78EB9F3
:10878000006984304FF0FF324FF0FF33F2F714B935
:1087900010B5807A0C46DDF771FF036B2146BDE80A
:1087A0001040586805F0FEBBF7B50D46807A1746B5
:1087B0001E46DDF763FF2C68036B033424F00302CD
:1087C000586804212A60CDE90076F1F7D5FF00B999
:1087D000286003B0F0BD00207047F2F7E5B90069EA
:1087E0002830F2F7E1B9F8B504260D460769374499
:1087F00038462A8AE968F9F7CEFA10F10C0F0446D8
:1088000003D0002807DA2046F8BD4B2005F04DFBC9
:10881000013EEDD1F7E72846DDF7E6FF0024F2E759
:1088200038B5046900200D46E7F74EFEB0B9206C5C
:10883000F9F76AFA10B110F1780F0FD1206C04F13A
:108840000C02211DF9F77CFA40B94FF48032002365
:1088500004F12800F2F7E2F900B9256038BD10B53F
:108860000469201DF9F780FA034648B9206CF9F72E
:1088700059FA034620B900F005F8034600B9206014
:10888000184610BD08B50020DEF7B2F8002008BD7C
:108890000C220369C9B202FB0133986F00F0070094
:1088A000704770B50346C9B20069EFF31186202402
:1088B00084F31288BFF36F8F0C2505FB0104A46FAE
:1088C00014F0C00401D0A24210D1012205FB010026
:1088D0008267002086F31188BFF36F8F28B95B6829
:1088E00003EBC1035B689847002070BD4FF0FF3079
:1088F000F0E78022FFF7D5BFF8B5069F054604696B
:10890000C9B2EFF3118C202080F31288BFF36F8F70
:108910000C2606FB0146B06F00F0070EBEF1010FFA
:1089200011D1B76700268CF31188BFF36F8F46B95A
:108930000C2000FB0144C4E91C236B6853F8313060
:1089400098473046F8BD00F0C00087420CBF6FF07A
:1089500077064FF0FF36E6E713B580240094FFF763
:10896000CBFF02B010BD10B41C240069CBB204FBD5
:10897000030000215DF8044B1047032002F0CDBA3C
:10898000022002F0CABA032002F0D6BA022002F096
:10899000D3BA1046F2F708B902F057BBEBF71ABB8F
:1089A0000020704708461146DFF7BABF002208B51D
:1089B00011461046F5F7FEFB002818BF6FF01500B2
:1089C00008BDF7B54FF480630F4616460024A64253
:1089D00003D816D0162003B0F0BD351BB5F5806F57
:1089E00028BF1D4600202A4601AB3919F5F774FC53
:1089F00020B9019BAB4201D11C44E8E76FF01500A0
:108A0000E9E70020E7E72DE9F3411C460023904603
:108A100082682360A3600D465369694601AA98479E
:108A2000019B5A1E019223B96FF0150002B0BDE8F8
:108A3000F0810098A26847682168676085B9A8EB53
:108A400002030668B34228BF334603FB07111A44EA
:108A50002160A26002689A4206D808300090DFE7E1
:108A60006B1AB3FBF7F3ECE70020DFE713460022B5
:108A7000FFF7C9BF2DE9F0470024836886B0884618
:108A800091465B6902AA01A99847A2462546029B26
:108A9000AB4202D806B0BDE8F0870026019F07EB85
:108AA000C5077B6804933A680AEB0603B24202D812
:108AB0009A460135EBE749460394059303A8C0475E
:108AC0000028E7D0049B01361C44ECE74FF47F03F9
:108AD000D3F83021D3F83401072A05D1023802280F
:108AE00094BF002001207047002070474FF05021B4
:108AF000022310B5C1F8B8350469FFF7E7FF28B1C4
:108B000094F8383003F00303C1F8583510BD4FF422
:108B1000000200230020C1E90023704718B901F1C9
:108B20001800F2F741B8704737B50D4638B34168C1
:108B3000F9B1D1E900138468ECB1D4E90024DCB1C7
:108B4000D3B19C421BD10133092B18D88DF80130C9
:108B500040F20113ADF80230002300788DF80430A4
:108B60008DF8000068468DF80550ECF763F803B007
:108B700030BD0B46DFE7224601332344E4E76FF0C4
:108B80001500F4E71FB5002188420CBF062304231B
:108B900001A8CDE9011103918DF80430FFF7C4FF5E
:108BA000002818BF6FF0040005B05DF804FB7FB526
:108BB000FF238DF803300DF10303002101930123FE
:108BC000CDE90231052303A88DF80C3001AB0491E7
:108BD0000593FFF7A9FF0028A8BF9DF8030007B081
:108BE0005DF804FB31B94FF0FF324FF0FF3318301E
:108BF000F2F714B8704713B501AA044600F0E1FD7E
:108C0000002805DB019B226819791868E8F7DAFA71
:108C100002B010BD4FF0FF324FF0FF33F1F7FEBF4F
:108C200038B50446026902F13003D3E8EF5F013D35
:108C3000C3E8E15F0029F8D1536B3BB9FFF756FF5A
:108C40000DB9ECF7B7F82046F9F7DEFE2069BDE86C
:108C50003840F1F7A9BF08B50146FFF737FF50B11B
:108C60004FF05022D2F8583503F0030381F8383022
:108C70000123C2F858354FF050230022C3F8B8251D
:108C80000720BDE8084005F010B938B5044605696D
:108C900005F13003D3E8EF1F0131C3E8E21F002ADA
:108CA000F8D12069FFF7B6FF6B6B3BB92069FFF77E
:108CB000D2FF2046BDE83840F9F79BBE38BD2DE90C
:108CC000F8430D46074616464168C5F30B03002AD4
:108CD00060D0C2F30B0252EA03045BD1002D59DBD2
:108CE000CB6AAA199A4255D8FFF7CFFF2046D7F88A
:108CF0000480FFF747FF002849D1D8F82C30B34251
:108D000026D102F089FDB146044621463869FFF7B5
:108D100069FF84B94D44A6EB090600214FF4A47005
:108D200005F0B2FCFFF743FF041E04DB14F001045E
:108D3000F3D1002EE1D10120FFF724FF002C14BF56
:108D4000254605463846FFF76BFF2846BDE8F88301
:108D5000B6F5803F09D3ABB253B929460120ECF7F1
:108D600043F84FF480390446CFE7B6F5805F09D366
:108D7000C5F30B0030B92946ECF736F84FF48059AB
:108D80000446C2E74FF000096FF01504BDE76FF02D
:108D90000405D7E76FF01505D7E72DE9F7430E4631
:108DA00007461D4690464168002A6CD0002B6AD0C9
:108DB000042B01D9AB0766D116F0030463D1002E52
:108DC00061DBCA6A731993425DD83846FFF75DFFCD
:108DD0002046FFF7D7FE002852D1032D1CD80421CE
:108DE00032460DEB010002F014FD044601463869DD
:108DF000FFF7F8FE94BB2A46414601A806F029FD7C
:108E0000042132460DEB010002F000FD044601464C
:108E10003869FFF7E7FE21E008F06043B3F1005F37
:108E200002D118F0030F27D0042DA94628BF4FF018
:108E3000040941464A4601A806F00BFD4946324660
:108E400001A802F0E3FC044601463869FFF7CAFEB8
:108E500024B9B5EB0905C8444E44E5D10120FFF71C
:108E600091FE05463846FFF7DBFE002C18BF25466D
:108E7000284603B0BDE8F083324629464046C3E7A2
:108E80006FF00404EAE76FF01505F1E72DE9F04F04
:108E9000824688461C46174685B0002A7FD0002BA4
:108EA00077D000297BDB4268CB18D26A934276D810
:108EB000C8F1000505F00305FFF7E7FEA54228BF4E
:108EC00025467B4203F0030307F0030658BF5E42CA
:108ED000764206F00306A64228BF2646631BA41B63
:108EE00024F0030423F00309A145C8BFA14603F001
:108EF000030BC8BFA3EB040BB9F1000F16D0BB19CD
:108F00004946184608EB0502019302F082FC04462C
:108F10000146DAF81000FFF765FEBCBBB54205D08C
:108F2000019B4A461946781906F0A0FCADB102AB88
:108F3000C5F1040604211846A8EB060202F069FCFC
:108F400004460146DAF81000FFF74CFEF4B902AB14
:108F50002A463846991906F07CFCBBF1000F1CD05C
:108F6000082108EB05020DEB01004A4402F051FC18
:108F700004460146DAF81000FFF734FE34B909EB75
:108F800005005A4602A9384406F063FC5046FFF734
:108F900047FE204605B0BDE8F08F5C46F6E76FF06F
:108FA0001504F6E710B50C4602F0F2FA0023C4E906
:108FB0000003184610BD38B505460C4602F0E8FA25
:108FC000002D07DBA84205D9401B84428CBF00203E
:108FD000012038BD0020FCE770B50D461946284633
:108FE00016461C46FFF7E7FF38B124B12246294652
:108FF000304606F02EFC002070BD6FF01500FBE738
:10900000436800205B681B690B607047436802EA95
:1090100001005B6821EA020198600020D960704776
:10902000436800205B6899607047436800205B6874
:10903000D960704743685B685A6821EA02001140B2
:1090400098600020D960704730B50369586800B354
:109050000024884219D108688CB99C685860A142E4
:1090600000D19860002008602AB15A680A609A68A6
:10907000596002B9996000200FE02846E9E72060B6
:109080009868814208BF9C60ECE705680446002DA3
:10909000F3D1002AE9D16FF0150030BD00207047F0
:1090A000EBF7D6B8082913B528BF08214FF47F0283
:1090B0000C46D2F80432D2F808221BBA12BA009237
:1090C0000A466946019306F0C4FB204602B010BD73
:1090D0004FF050234FF0FF320020C3F800247047B8
:1090E00002780B69012A07D0022A08D052B9DA6542
:1090F00003F14400F1F758BD6FF00D02F7E76FF090
:109100000A02F4E76FF00402F1E738B50446056996
:10911000012205F12C00114605F0A6F8012205F107
:109120004400002105F0A0F82046BDE83840E7F7EC
:1091300021BF00692C30F1F771BD00692C30F1F7C7
:1091400033BD2DE9F04F87B004934368D0F810B0D9
:10915000D3F820809B8A174603934FF0FF324FF0DD
:10916000FF3305460C46FFF7E4FF0BF1440302937F
:109170000026002300220BF14400F1F74FFD334697
:10918000BE4201D3002335E0207A01077CD40136AA
:10919000BE4221680BD2820709D4227D80EA020CEC
:1091A0000CF0010C02F004025CEA020C2BD0002B44
:1091B00046D101F06042B2F1005F44D14FF00009A6
:1091C000D4F800A0A388049ACBF860A000922846A7
:1091D0005246217A00F0B3F8031E0BDB4FF48042B5
:1091E00000230298F1F71AFD78B3284600F064F8DE
:1091F0006FF0730328460293FFF79FFF029B184608
:1092000007B0BDE8F08F4FF00109D4F804E0039AED
:1092100003EB0E0C94453AD8C20706D408EB0300C2
:109220007246059306F015FB059B62681A4493B2DB
:10923000B9F1000F11D1002BC0D09946C246C2E748
:109240004FF00009E1E79946DFE7DBF85C30002BDF
:1092500020DB237ADB0702D400230C3490E7C245DD
:10926000FAD1A24609E0A9EB02011FFA81F9DAF866
:109270000C0018FA81F106F0ECFADAF80420AAF1F1
:109280000C0A9145EFD2E7E76FF08503B2E76FF084
:109290001B03AFE76FF00403ACE713B501AA044664
:1092A00000F08FFA002805DB019B22681979186805
:1092B000E7F788FF02B010BD73B544680DF10701F0
:1092C000A36A1B68D3F80855D3F80C65F9F781FB3E
:1092D0009DF8073013B9A06AECF76CFD31462846BB
:1092E000EDF71CF89DF80710054629B9E069FFF76E
:1092F000D4FFA06A02F081FC284602B070BDCA0704
:10930000436819D4C1F3420102290BD003290ED0BE
:10931000012911D14FF0CC729B6A1B680020C3F861
:10932000242570479B6A4FF0C8621B68F6E79B6A6A
:109330004FF07F621B68F1E76FF015007047F0B5E2
:109340000C461D46164687B04768122200210DF1D3
:10935000060006F0A4FA04F001038DF80430BDF80D
:10936000303002958DF80530BB8C0496AB420AD3A1
:10937000C4F3400282F00102B86A520101A9ECF77D
:109380002FFD07B0F0BD6FF01B00FAE710B5446881
:109390000021E069FFF781FFA06ABDE8104002F0FC
:1093A0002CBC10B54468A06AECF704FDE06901210B
:1093B000BDE81040FFF771BF08B529B1012906D1FA
:1093C000FFF7E4FF002008BDFFF7EBFFFAE76FF0BF
:1093D0008500F8E7034670B40C46DA88006819790E
:1093E0002243012405698C402B6812F0010F866826
:1093F00014BF2343A3432B60336870BC1847034654
:1094000037B500681C790569836801A95B689847CE
:1094100040B92B68019858400123A34018400038F8
:1094200018BF012003B030BD70B54FF4004C0C469E
:1094300051F8043C40F2E73000215B684FF47A7247
:109440001D680023E5FB0C01D8F720FB02460B4604
:1094500004F11400BDE87040F1F790BE2DE9F84327
:109460000D464468036929B1012926D06FF08500B3
:10947000BDE8F8830122D3E8EF1FC3E8E02F0028FE
:10948000F9D10C276368AB4201DC0020F0E7A66845
:10949000237D07FB056643B1617D21B93046FFF7A7
:1094A00099FF0028E4D10135ECE74FF40011304674
:1094B000E7F77CFD0028EFDADAE70025E668D3E875
:1094C000EF2FC3E8E15F0029F9D10C2706F110085E
:1094D00063689D42D9DAA36807FB0539637D83B1D0
:1094E000237DB3B94846FFF78AFF48236B434FF00B
:1094F000E86108F803004846E7F758FD00281DDA40
:10950000B6E74FF480314846FFF764FF0028E7D004
:10951000AEE74FF4004E40F2E7304FF0000C216808
:109520004FF47A72E1FB0E0C00236146D8F7AEFAD5
:1095300002460B4606F11800F1F720FE0135C7E799
:1095400010B443681868884219D95B68003A53F828
:10955000310003EBC1044FF00101237918BF012250
:10956000994003691B680B40003B18BF01239A42D6
:1095700083685DF8044B14BFDB681B6918476FF004
:1095800015005DF8044B70472DE9F04147683B68D2
:10959000B3B30024012620463B689C4200D208B1A8
:1095A000BDE8F0817D6855F8340005EBC40804F08F
:1095B00098FC10B355F8340098F80410B8F8063049
:1095C000D0F810C0DA07DCF8005054BF43F4B013F1
:1095D00083F4D01323F4801206FA01FEDB07D0F8DF
:1095E00008804CBF45EA0E0525EA0E05CCF8005070
:1095F000D8F8003098470134CEE76FF01200FAE750
:109600006FF01200CCE773B545682868884206D928
:10961000D31804D24FF47A74A3FB040313B16FF090
:10962000150010E0A2FB0432002AF8D16D680E018B
:1096300005EB01118A8963430092496804FB00F23B
:10964000A859D8F705FE02B070BD2DE9F341436873
:1096500015461A688A4217D95F68642207EB01141D
:10966000A66800234FEA0118A6FB0501D8F70EFAF9
:10967000A289034600926168324657F80800D8F77D
:10968000E7FD02B0BDE8F0816FF01500F9E770B5B5
:109690000D460024466833689C4201D3002070BD0B
:1096A000726823012946D058DBF790FC0134F2E7B9
:1096B00038B545682B687BB96FF0120038BD6A6811
:1096C0002301D05804F00DFC0028F5D001342B689C
:1096D0009C42F4DB0020F1E70024F8E730B451F8B5
:1096E00020500C4601EB80023DB10146AC46D4F857
:1096F0008000002330BC126C604730BC704710B54E
:1097000000690F299FBF00EB810440F821202364EA
:10971000002088BF6FF0150010BD0020704710209A
:1097200070470F290ED843685B68CB40DB0709D52B
:1097300001228B00DBB203F1A04303F528330020A4
:109740001A6070476FF01500704738B50F290C4646
:10975000056933D843681B68CB40DB072ED5D5F8A5
:10976000841021FA04F303F001031AB99BB96FF0D6
:10977000770022E0002BFAD111B92A20DCF75CFB3C
:109780000122D5F88430A2401343C5F88430E0B2FA
:10979000EAF776FE0AE0E0B2EAF77AFE0122D5F8AF
:1097A0008430A24023EA0203C5F88430D5F884301F
:1097B00013B92A20DCF74EFB002038BD6FF01500EE
:1097C000FBE730B543681360057A446804EBC504D1
:1097D000A34202D36FF0010030BD5C7908338C42A4
:1097E000F1D10020F8E77047436800205B6BC2E9C5
:1097F0000030704710B50446002221200121DCF71B
:109800004BFB2046BDE81040E7F7B8BD10B5044655
:10981000002222200121DCF73FFB2046BDE810405A
:10982000E7F7ACBD2DE9F341BDF820C0032906469A
:10983000476804690CF0010C59D80125B87D8D40AA
:10984000012804BF5B085208002B53D0934254D226
:10985000A069824211D0207FA84348D19646BEF528
:10986000004F3FD2A2616077226897F81680C2F855
:109870000C05C2F80485C2F808E54FF0010E627FBE
:1098800023FA02F292B270688CF00108006A42EA90
:10989000C83220F81120EDB2BEF1000F39D1226894
:1098A00001F5AC7152F82120002A0CDB003B18BFF7
:1098B00001236345019201A824D1E7F74DFD01235F
:1098C000019A9340C360217F21EA0501217721B3EA
:1098D000A37F5BBB10230122204607F1200101F08A
:1098E000EBFE1FE0013008284FEA5E0EB7D16FF0A3
:1098F000150018E09E461A46C5E74FF0000E47F6E1
:10990000FF72C0E7E7F728FD0123019A93408360C7
:10991000D9E7237F1D432577DAE7306901F005FF9A
:109920000123A377002002B0BDE8F0810023A377D4
:10993000204601F014FF0028FAD0CBE713B501AAA6
:109940000446FFF73EFF002805DB019B22681979DA
:109950001868E7F737FC02B010BD012973B504465B
:1099600032D1436800210569186BFFF7E7FF00213A
:109970000E462B6806F5AC7253F82230002B0DDB37
:1099800001A80193E7F7E8FC019A4368D34013F07C
:1099900001031CBF0123B3400B43D9B20136042E8F
:1099A000E7D1002201256368186A05FA02F30B402B
:1099B000B3FA83F35B09DB0320F812300132042A87
:1099C000F1D1002002B070BD91B90469456820460C
:1099D00001F0ABFE204601F0C2FE0028FAD00023C1
:1099E000A361A383A3770121286BFFF7A7FFE8E713
:1099F0006FF08500E6E710B50469204604F07CFBB3
:109A00000023636110BDF8B5876806467C689CB189
:109A1000436893F82630DB071DD405694FF0FF3308
:109A20004FF0FF322846F0F7C7FF6B69002B05DCCB
:109A300000242846F1F732F82046F8BD013B6B615F
:109A4000002BF5D17B6830469847041EBEBF6B697A
:109A500001336B61EDE70024EEE7F0B4D0E9016378
:109A60001B693BB177688F4208DB3568954205DC9E
:109A7000F0BC18476FF05700F0BC70476FF015004E
:109A8000FAE7F0B4D0E901631B6A3BB137698F4252
:109A900008DBF568954205DCF0BC18476FF057000D
:109AA000F0BC70476FF01500FAE770B4D0E90162BE
:109AB000956A03460C46A5B196F8242012B92B46A8
:109AC00070BC1847306A024410F8011BA14202D151
:109AD00021461846F3E79042F6D16FF0850070BC3E
:109AE00070476FF05700FAE72DE9F3410E46D0E9D1
:109AF000014794F825108046FF2905690FD194F895
:109B0000261001F00C01082914D0D8F808300039CB
:109B10001B6B18BF01214BB96FF0570003E0FFF733
:109B2000C4FF0028EBDA02B0BDE8F0814046984758
:109B30000028F8DBA268B2F1004F05D0114640467C
:109B4000FFF78BFF0028EEDB6269B2F1004F05D012
:109B500011464046FFF795FF0028E4DB2368B3F188
:109B6000004F14D0D8F808305B69002BD4D04046A1
:109B700001A998470028D6DB2268019B9A421CDD88
:109B800011464046FFF769FF002805DACBE76FF082
:109B9000004362689A42E5D19EB994F826309B074B
:109BA00016D040463B6898470028BCDBA069E7F721
:109BB000FBFB6B6901336B610AE062689342EBDD8A
:109BC000DEE76B6901336B6194F82630DA0601D465
:109BD0000020A8E74046FFF716FFA4E7012303FA99
:109BE00001F103691B68194218BF82F0010212B12A
:109BF0008368DB68184783681B69FBE708B543681F
:109C0000986A38B1012293F82C10FFF7E7FF00EAB9
:109C1000E07008BD6FF08500FBE743681B68B3F197
:109C2000004F14BF00206FF00100B0FA80F040092F
:109C300070470346084631B95B681B68B3F1004FB3
:109C400001D0136070476FF01500704743681B68C0
:109C5000B3F1004F1ABF00200B606FF00100704796
:109C6000F8B54668044696F8267007F003073D1ECF
:109C700018BF0125FFF7BFFEB06A28B92946204664
:109C8000BDE8F840FFF730BF04F02BF928B3002FF0
:109C90000CBF4FF4B0134FF4D013F28DB06A96F8A6
:109CA0002C101A430127D0F810C042F3000303F42C
:109CB0004023DCF80060534023F480128F40DB0720
:109CC000D0F808E04CBF3E43BE43CCF80060DEF85D
:109CD000003098470028D1DAF8BD6FF01200FBE79A
:109CE0004368986A20B1002293F82C10FFF776BFE2
:109CF0006FF08500704710B44468A4686468A44697
:109D00005DF8044B604743689B689B6818471029BF
:109D1000036929D006D80D290AD00E2918D06FF072
:109D2000850070472829FAD19B6B136000230CE053
:109D30006421D86A90FBF1F01060DB6A93FBF1F0CC
:109D400001FB103342F210714B4300205360704707
:109D50004FF47A71186BB0FBF1F010601B6BB3FB22
:109D6000F1F001FB1033EFE74FF47A71586BB0FB61
:109D7000F1F010605B6BF2E708B5006804F0B1F831
:109D800000280CBF6FF01200002008BD30B589B06C
:109D900044688DF807100DF1070120681D460291F7
:109DA0000121A388CDE905250391072200218DF823
:109DB0001C208DF810109DF81C20816842F00202D2
:109DC0008DF81C208C68022202A9A04709B030BD82
:109DD0001FB58DF80120022243688DF80010186825
:109DE0009B88CDF804D002928DF80C209DF80C20B1
:109DF000816842F002028DF80C208C68012201A9D2
:109E0000A04704B010BDF1F7F9BC10B44068046A73
:109E10006468A4465DF8044B60471FB54C2904698B
:109E20001ED10C2301AA1946FFF7EFFF98B9BDF820
:109E300004302380BDF806306380BDF80830A3806D
:109E4000BDF80A30E380BDF80C302381BDF80E3038
:109E5000638104B010BD0023C4E90033A360F8E7B8
:109E60006FF08500F5E710B44068046AA468A44662
:109E70005DF8044B604710B5FFF7F5FF044610B9D5
:109E80000298FFF7C0FF204610BD2DE9F0430546BC
:109E90000469406885B0036A1B689847002822DB84
:109EA000656104F1180004F027F940F608034FF447
:109EB000FA66A38109234FF4FA70A3732682FFF791
:109EC000A2FF6868036ADB68984760B9014601230E
:109ED000284602AAFFF799FF28B99DF80830242BDD
:109EE00004D06FF0040005B0BDE8F083B6237E21F6
:109EF0008DF80930284601230DF10902FFF7B3FF61
:109F00000028F0D13046FFF77EFF6868036ADB68FF
:109F100098470028E7D101237C2128460DF10B0248
:109F2000FFF773FF0028DED14FF47A779DF80B30EE
:109F30007C2123F001038DF80B3028460123009784
:109F40000DF10B02FFF797FF0028CCD18DF80A0026
:109F50000123592128460DF10A02FFF784FF00284A
:109F6000C1D1044606468146D5F80480D8F824308D
:109F70009B689C4226D33046002EB4D10123592140
:109F800028460DF10A028DF80A30FFF76CFF002811
:109F9000A9D101232121284603AAFFF736FF002873
:109FA000A1D19DF80C4004F00F04012C8DF80C4059
:109FB00025D0013642F21070F6B2FFF724FF102EC2
:109FC000E7D18EE763098DF80D305B210223284627
:109FD000009703AA8DF80C90FFF74DFF46B256B9D3
:109FE000D8F824305E215A6828462023009722445E
:109FF000FFF741FF46B204F1200084B2B6E72846DD
:10A00000E7F754FC00287FF46EAF9DF80B307C21FD
:10A0100043F001038DF80B304FF47A732846009318
:10A020000DF10B022346FFF726FF5CE730B58DB03C
:10A030000DF103040294012402ADCDE9045403940C
:10A0400061F07F0108AC06948DF8031002240146EC
:10A0500001ADCDE90854CDE90A2351F8040B07946A
:10A06000836804AA1D6806ABA847002803DB2046C6
:10A07000F1F7C4FB00200DB030BD07B5012300216E
:10A080000DF10702FFF7D2FF03B05DF804FB10B536
:10A090000446006803F025FF40B1237E0BB9002081
:10A0A00010BDE06803F01DFF0028F8D16FF012002A
:10A0B000F6E730B589B00DF107040494012401F0EE
:10A0C0007F01CDE905428DF8071002240146079370
:10A0D00004AB51F8040B02930394836802AA1D6831
:10A0E0000023A847002803DB2046F1F787FB002068
:10A0F00009B030BD30B50B7885B0ADF806208DF8CD
:10A100000F300C4601232F210DF10F020546FFF7FA
:10A11000AAFE002808DB0223284661780DF106021A
:10A12000FFF7A1FE00EAE07005B030BD2DE9F04177
:10A13000044600680D46174650B303F0D2FE0028CF
:10A1400048D00126237906FA03F3C5E90173B4F870
:10A1500006C0206821794CF4803207691CF0010F99
:10A160003B6806FA01F614BF3343B343D0F808E066
:10A170003B60DEF80030984750B9E38820682179C9
:10A1800003F040038268076996691EB96FF05700B3
:10A19000BDE8F08101223F688A403A420CBF43F09B
:10A1A000B86383F0707323F0794323F47F0323F4BF
:10A1B0007F434FF0A07223F0BF03B0470028E7D1E0
:10A1C00020688368DB69002BE0D02946BDE8F041B8
:10A1D000012218476FF01200DAE751F8283C18699D
:10A1E00000F15403D3E8EF1F41F00101C3E8E21F7F
:10A1F000002AF7D15C30F0F7E7BE51F8343C18691B
:10A2000000F15403D3E8EF1F41F00201C3E8E21F5D
:10A21000002AF7D15C30F0F7D7BE73B550F8485C30
:10A220002C6904F15403D3E8EF2F22F00101C3E8B5
:10A23000E01F0028F7D1D10722D502231C21284690
:10A240000DF10602FFF7E1FD002819DB04F1180605
:10A250004FF0FF334FF0FF323046F0F7ADFBE36ACB
:10A2600033B1BDF80620520602D52846216B984727
:10A27000636B13B12846A16B98473046F0F70EFC8C
:10A2800002B070BD2DE9F743B1F800800546B8F182
:10A29000010F0F461446066943683FD0B8F1080F16
:10A2A00057D19B6A002B54D006F118084FF0FF32AB
:10A2B0004FF0FF334046F0F77FFBC6E90B474046BF
:10A2C000F0F7ECFB6F682E6954B17B6A2846B6F84C
:10A2D0005820D968FFF70EFFD8B103B0BDE8F0836E
:10A2E000B6F85A207B6A28461969FFF703FF002851
:10A2F000F3D1003C18BF012401235621A4018DF89D
:10A3000007400DF107022846FFF7ADFD00EAE070B7
:10A31000E3E7B6F85A2042F40042E3E79B6AC3B190
:10A3200006F118094FF0FF324FF0FF334846F0F7BF
:10A3300043FBC6E90D474846F0F7B0FB003C18BFA9
:10A340000124A400434658218DF807400DF107026F
:10A35000D9E76FF08500C0E711F5805FF0B52BD02D
:10A36000B0F80F40002A08BF224603B390F900500E
:10A3700090F90760A303B3FBF2F3A3F580431FB288
:10A3800013FB03F3DA11037D90F91340DB0113FB98
:10A3900007F304FB02335B1203F58013A03673430B
:10A3A0001B135943E80000EB613000B2F0BD90F997
:10A3B000015090F90860DDE74FF00040F6E7836850
:10A3C0009B68184710B484686468A4465DF8044B21
:10A3D0006047F7B5082304696A4642214068FFF7E1
:10A3E000F1FF00283ADBBDF80650BDF90010AD08BA
:10A3F00001232A46C9102046FFF7AEFFBDF90270BF
:10A40000A062FF1000232A4639462046FFF7A4FF2A
:10A41000BDF90460E062761016F5804F1BD0B4F9E8
:10A420000530B4F91120F61AB4F90F30B4F90B1055
:10A43000EB1A5343B4F80D206D006A439B1002F5EC
:10A440000042C3EBC63301EB224293FBF2F3002040
:10A45000236303B0F0BD4FF00043F8E76FF0040052
:10A46000F7E7F7B5054614461F46406801230DF18E
:10A4700007020E46FFF7A6FF00280BDB9DF807300A
:10A4800023EA04023C402243934205D031466868E7
:10A49000FFF795FF03B0F0BD0020FBE70B4601225C
:10A4A0004B21FFF7DEBF30B589B08DF807100DF1F5
:10A4B00007011D46029101210446CDE905250391BE
:10A4C000072200210068A3888DF810108DF81C2049
:10A4D0009DF81C20816842F002028DF81C208C68D7
:10A4E000022202A9A04709B030BD08B5006803F0F8
:10A4F000F8FC00280CBF6FF01200002008BD1FB54B
:10A5000003468DF80120022200689B888DF8001018
:10A51000CDF804D002928DF80C209DF80C208168B3
:10A5200042F002028DF80C208C68012201A9A0479C
:10A5300004B010BD4379014623B151F8060B83687E
:10A540001B6818476FF08500704703460A46197963
:10A550000123006803FA01F103691B68194218BF5F
:10A5600082F0010212B18368DB68184783681B69B7
:10A57000FBE737B52A294568046901D04C2914D175
:10A58000D4E90623684604F086F9DDE9000104F009
:10A590007BF82846FFF7CEFF48B928682146836834
:10A5A0005B6803B0BDE8304018476FF0850003B02A
:10A5B00030BD70B54FF4FA530646446D4FF4004C6D
:10A5C0005C4356F8283B05461B6840F2E730B4FB75
:10A5D000F3F40021C8344FF47A720023E4FB0C0139
:10A5E000D7F754FA02460B463046F0F717FB08B986
:10A5F000286C70BD6FF07300FBE7002201210A2078
:10A60000DBF74ABC002201210C20DBF745BC10B56A
:10A610000B6813B91846136005E003685C681CB149
:10A6200014600368186810BD083303600B68013BB1
:10A630000B60EDE710B5036804468BB11A7D7AB163
:10A64000186903F032FC0121236898681B7B99404C
:10A6500003691B68194283680CBF1B69DB68984754
:10A66000A36933B9636004F11000BDE81040F0F74E
:10A670009BBA10BD08B50069C36D8B4204D15C3034
:10A68000FFF7D8FF002008BD4FF0FF30FBE7F7B51C
:10A6900006690746D6F8B820D6F8C0509AB9C5B1B1
:10A6A0002C46D6F8B41031B33ABB1146D6F8BC30BC
:10A6B0002BB3002D04BF2C4623463846009400F0EF
:10A6C00040F903B0F0BDA5B195422C4628BF144611
:10A6D000E7E7F16D8B88DB0401D400F01EF900235D
:10A6E000C6F89C3006F1840003B0BDE8F040F0F7F6
:10A6F0005BBA1446D5E70A46D8E72246D6E71C4699
:10A70000DBE770B50D1E064604690ADAE16D00F05C
:10A7100004F9C4F89C5004F18400BDE87040F0F7DF
:10A7200043BAD4F8B830CBB19D4217D85B1BC4F8FC
:10A73000B830ABBBD4F8A03004F1B8020833C4F889
:10A74000A030D4F8A43004F1A401013BC4F8A43033
:10A7500004F1A000FFF75BFFC4F8B400D4F8C030E8
:10A76000CBB19D4217D85B1BC4F8C03003BBD4F8F3
:10A77000A83004F1C0020833C4F8A830D4F8AC30D3
:10A7800004F1AC01013BC4F8AC3004F1A800FFF7C0
:10A790003EFFC4F8BC003046BDE87040FFF777BF0D
:10A7A000D4F8B430002BD9D02B44C4F8B430D5E75A
:10A7B000D4F8BC30002BEED02B44C4F8BC30EAE710
:10A7C0000069C430F0F7F0B913B501AA0446FEF7EA
:10A7D000F8FF002805DB019B226819791868E6F765
:10A7E000F1FC02B010BD03460A4619790123006846
:10A7F00003FA01F103691B68194218BF82F00102D4
:10A8000012B18368DB68184783681B69FBE7F0B502
:10A8100004690646D4E915128B1A476885B004D13D
:10A82000BB6805B0BDE8F0401847BD8BE16C9D42A8
:10A8300028BF1D4621B101F06043B3F1005F06D18E
:10A84000236D3BB103F06043B3F1005F02D0082DEC
:10A8500028BF08250023A36451B1114401F06043CF
:10A86000B3F1005F04D02A46386904F0F2FF396979
:10A87000236D43B1A26D134403F06042B2F1005F57
:10A880001CBF7B69A364002914BF2A460022002B49
:10A8900008BF0025CDE9012300910022694620462A
:10A8A0000395EBF7C7F9014618B1736830469B680A
:10A8B000984705B0F0BD70B50C690E46A16C054611
:10A8C00039B1A36D206D2A69184404F0C2FF00233A
:10A8D000A3642969AA68A36D304691422CBF5B1816
:10A8E0009B18A365BDE87040FFF791BF084707229A
:10A8F00010B503690C461B68C3F800250B7D5BB1DE
:10A90000012104F10800FFF76EFF237D23B12069C8
:10A91000BDE8104003F0C9BA10BD38B503690C4654
:10A920001D680B7D4BB1086903F0BFFA237D23B18D
:10A93000002104F10800FFF756FF0023C5F8003599
:10A9400038BD10B40469C4E91313019B93422CBFB2
:10A95000636562650023A3655DF8044BFFF757BF8D
:10A96000006901F03EB8012938B511D014D8046946
:10A97000456894F828302BB12046EBF723F90023E3
:10A9800084F8283001216868BDE83840FFF71CBF13
:10A99000436800215868F7E7023901298CBF6FF03E
:10A9A00015006FF0850038BD2DE9F84304460025F9
:10A9B000012743681B6898476368DE7FDC68B542FF
:10A9C00002D30020BDE8F88320682179E388D0F81D
:10A9D00010E0DA0754BF43F4B01383F4D013DEF869
:10A9E00000C023F4801207FA01F8DB07D0F80890C2
:10A9F0004CBF48EA0C032CEA0803CEF80030D9F823
:10AA00000030984708340028DCD10135D7E7002210
:10AA100000F150039B009BB203F1502303F58033F8
:10AA20001A601B68704708B5E7F7DCFB08BD08B57E
:10AA3000006990F83830994207D290F839303BB12C
:10AA4000C9B2EBF73BFC002008BD6FF01500FBE737
:10AA50006FF00A00F8E71FB5002304690393636BE6
:10AA60008A07029301F00103C3F1410358BF43F089
:10AA70000803204601A9019301F007F9002806DB2D
:10AA8000204601F011F90123002084F8393004B088
:10AA900010BD10B504692046EBF71AFC002819DB3D
:10AAA0004FF0FF324FF0FF3304F13C00F0F7B6F8FF
:10AAB000204601F01FF900231A4694F8380004F1EB
:10AAC0001001984202DC0020228710BD41F8042FBB
:10AAD0000133F6E76FF00D00F7E70220704708B585
:10AAE000E7F732FFC01708BDDFF7D8BDDFF7D6BDE7
:10AAF000DFF7D4BDDFF7D2BD10B5044688B0DFF76D
:10AB0000CDFD2046FAF773FE1E226946E8F752F89B
:10AB100013212046FAF7C4FD08B010BD10B5044655
:10AB200088B0DFF7BBFD2046FAF761FE1E226946BA
:10AB3000E8F740F808B010BD10B5044688B0DFF75C
:10AB4000ADFD2046FAF753FE1E226946E8F732F8BB
:10AB500008B010BD10B588B00446DDF771FF20B90C
:10AB60001E2269462046E8F725F808B010BDDFF739
:10AB700095BD08B50020E8F7CBF901460120E8F7BC
:10AB8000C7F9084408BD0220704770B5C2B001ABD8
:10AB900004460E46154618464FF48272002104F012
:10ABA0007EFE042202707B220146028106734573F9
:10ABB0002046E8F743FB42B070BD00B52DED068B93
:10ABC000C3B001AB18464FF482720021F0EE40AAE8
:10ABD000B0EE60AAF0EE419AB0EE619AF0EE428AD1
:10ABE000B0EE628A04F05BFE04220270CE22028183
:10ABF0000122C0ED06AA80ED07AAC0ED089A80EDFB
:10AC00000A9AC0ED0B8A80ED0C8A0146828102759A
:10AC100080F824200020E8F711FBC01743B0BDECFA
:10AC2000068B5DF804FB10B5C2B001AB04464FF4CF
:10AC300082721846002104F032FE04220270CD22F6
:10AC40000146028104730020E8F7F8FAC01742B009
:10AC500010BD08B5E8F796FE002008BD08B5F2F76C
:10AC600029FA48B1002383F31188BFF36F8F0423BF
:10AC7000184602DF6FF0040008BDF3F7EFB98068F3
:10AC8000183820F007001038704738B515460C46C4
:10AC900061B15AB1F7F743FF2146254411F8013B52
:10ACA000834203D1A942F9D1012038BD0020FCE73D
:10ACB00038B50C460123114622460546F7F7ECFE4F
:10ACC00000280FDB012221462846FFF7DEFF18B1DE
:10ACD00003230020237038BD2378012B14BF0223E7
:10ACE0000123F6E70120F6E72DE9F3471D46064666
:10ACF0000F469046F7F70AFF6C1E0444404204409A
:10AD0000082C01D9F8F77AFA3046F7F708FF82469F
:10AD10002A464146684604F09CFD5146621B0DEBF5
:10AD2000050004F0BCFD23466A4639463046F7F775
:10AD3000C8FE003818BF012002B0BDE8F08707B593
:10AD400001238DF8042001AAFFF7CEFF03B05DF8C0
:10AD500004FB81680122183921F00701FFF7EFBFDA
:10AD60008268183A22F00702FFF7A2BF0E2A13B535
:10AD7000044601D9F8F742FA0E29FBD841EA02113C
:10AD80008DF80710FFF77BFF012301460DF1070245
:10AD90002046FFF7A9FF02B010BDF7B50F46694680
:10ADA00005461646E8F74AFE98BB2A78042A19D0C9
:10ADB000022A17D0012A17D0A2F108035C425C4195
:10ADC0009DF80030022B26D0032B0FD0012B24D16D
:10ADD00037B19DF80330032B02D12846FFF7B9FFA6
:10ADE00003B0F0BD0446EBE71446E9E7002FF7D1C6
:10ADF0002846E8F701FE60B936B9B11C224628465C
:10AE0000C9B2FFF7B3FFEBE72846FFF7A2FF002820
:10AE1000F3D00120E4E7F81CE2E7F8F7EFF94FF48C
:10AE20007F03D3F83021D3F83401022808BF072A62
:10AE30000CBF01200020704703460020184703F094
:10AE400034B8024610B5116891B1B1FA81F3C3F17B
:10AE50001F000123834021EA0303D2E8EF4F8C4215
:10AE600004D1C2E8EC3FBCF1000FF6D1EBD110BD2C
:10AE70006FF00B00FBE710B50368CB40DB0710D485
:10AE800001238B40026843EA0201D0E8EF4F94426D
:10AE900004D1C0E8EC1FBCF1000FF6D1F2D10020C4
:10AEA00010BD6FF01500FBE72DE9F04116461F4677
:10AEB0004FF0010800F160404C1E0444050B240BC8
:10AEC000A54201D9BDE8F08105F00F01C5F30710D7
:10AED000324608FA01F1B8470135F1E770B5D0F80C
:10AEE00080300646002B0C46154613DBD1F8803027
:10AEF000002B0FDB00210846E8F712FF48B92B783A
:10AF000043F00043C6F880302B7843F00043C4F888
:10AF1000803070BD6FF01500FBE703280BD8DFE829
:10AF200000F002040608E9F755B8E8F781BFE9F731
:10AF300009B8E8F7BFBF704703280BD8DFE800F077
:10AF40000402060800F02EB800F07FB800F062B8E6
:10AF500000F044B8704708B5E8F786FFE9F77EF8D7
:10AF6000E9F70EF8BDE80840E8F7C2BF38B54FF082
:10AF700050240123C4F808336360002342F21075A3
:10AF8000C4F80031D4F80031D4F80C24D4F80C34CF
:10AF9000D20306D5DB0704D50120FFF750FF013DA2
:10AFA000F2D138BDFFF7E2BF38B54FF050244FF46F
:10AFB0008073C4F808330123E361002342F2107563
:10AFC000C4F82031D4F82031D4F85434DB0304D54C
:10AFD0000120FFF734FF013DF6D138BDFFF7E4BF94
:10AFE00038B54FF050244FF40073C4F808330123F0
:10AFF0006362002342F21075C4F82431D4F824317E
:10B00000D4F85C34DB0304D50120FFF718FF013DC1
:10B01000F6D138BDFFF7E4BF38B54FF05024022316
:10B02000C4F808330123E360002342F21075C4F82A
:10B030000431D4F80431D4F81834DB0304D50120EA
:10B04000FFF7FDFE013DF6D138BDFFF7E5BFF7B5CF
:10B050001646DDE90847019001A81D46E9F738F8D2
:10B06000019BB6F1000C18BF4FF0010C00EB830000
:10B070000B1E18BF0123002D43EA4C030CBF4FF0F9
:10B08000000C4FF00C0C002C43EA0C030CBF4FF0EB
:10B09000000C4FF4706C002F43EA0C030CBF4FF010
:10B0A000000C4FF4403CD0F8002243EA0C0322EAA3
:10B0B000030301B109780EB13678760019430DB15A
:10B0C0002D78AD0031430CB12478240229430FB10F
:10B0D0003F783F040C433C43C0F8004203B0F0BD4E
:10B0E0001FB50DF10F03019300238DF80F101A46C1
:10B0F00019460093FFF7ABFF05B05DF804FB10B5F0
:10B1000004460846E8F7F6FF04EB4004207DC0F350
:10B11000401010BD10B504460846E8F7EBFF04EBFD
:10B120004004207DC0F3400010BD10B50446084621
:10B13000E8F7E0FF04EB4004A08A400B10BD70B5B7
:10B14000044608461646E8F7D5FF083034F81030B4
:10B150000D46DA0509D5C3F3432304EBC302314698
:10B16000284654F8333052689847A3682BB13146CB
:10B170002846E268BDE87040184770BD10B5044627
:10B180000846E8F7B7FF04EB4000838ADA051DD5CF
:10B19000C3F3432123F4F853838204F1120204F130
:10B1A000720032F8023F13F4807F03D0C3F34323CD
:10B1B00099420BD08242F4D1002204EBC1035A60C1
:10B1C00004F17800BDE81040FFF755BE10BDF0B5A2
:10B1D0000446002001270546844695420AD1D4F84A
:10B1E0007C3133B10023C4F87C31D4F87C3140F099
:10B1F0000040F0BDEBB29B0003F580769B0807FA98
:10B2000003F3194208D054F806E0BEF1000F03D052
:10B2100044F806C0A65918430135DEE738B50446A0
:10B220000D46FFF76CFFA8B12046FFF773FF88B902
:10B230002046FFF77AFF012322688340C2F80833D3
:10B24000236803EB8000D0F8103523F00303C0F827
:10B25000103538BD2846BDE838400021FFF740BF13
:10B260002DE9F0431746044685B00846E8F742FF4B
:10B27000D7F800800E460546B8F1000F1ED02046D4
:10B28000FFF748FF18B12046FFF739FF20BB002326
:10B290000DF10F02CDE900338DF80E308DF80F302F
:10B2A000304643460DF10E01FFF7D1FE04EB450297
:10B2B000938A23F0020343F0010393827B689BB3DC
:10B2C0003146204693F80080D3F80490FFF722FF20
:10B2D00028B1B9F1000F1FD06FF0150027E004EB83
:10B2E0004500838A23F4604323F020038382B9F16D
:10B2F000000F11D0B8F1030FEED87B6821685B68AE
:10B3000093F800C04FEA8C031944B8F1000F11D133
:10B31000C1F81085C1F8108504EB4502938A23F02B
:10B320001C0343EA88039382BB6843BB002005B03B
:10B33000BDE8F083D1F8102522F00302C1F81025F2
:10B3400022681344D3F8102522F44F3222F44072BD
:10B35000C3F810253202D3F8101502F47C5242EAE9
:10B3600008420A43C3F8102504EB4C03A3F87C60A1
:10B37000838A43EA4C3343F020038382CCE731468F
:10B38000D3E900782046FFF7F9FE002FCED063689E
:10B390009F4206D004F17800FFF753FD002804DA3D
:10B3A000C5E7A3689845F5D1002004EBC003C3E9C5
:10B3B000017804EB4505AB8AC0B243EA402343F46D
:10B3C0008073AB82B2E72DE9F043054685B00846AD
:10B3D00016461F46E8F78EFE0C46804626B32846E2
:10B3E000FFF798FE18B92846FFF789FE18BB05EB52
:10B3F0004809B9F8143003F01C0313B17378012B1A
:10B4000019D001238DF80F3000232046CDE90063C9
:10B41000721CB31C0DF10F01FFF719FEB9F81430BF
:10B4200043F00303A9F81430002F3FD021462846EB
:10B43000FFF770FE20B96FF0150005B0BDE8F0838E
:10B4400000223E782B684FEA860C03EB8603C3F894
:10B450001025C3F8102505EB4802938A23F46043B6
:10B4600023F020039382787800B32968BF78614481
:10B47000D1F81035000423F4991323F4F853C1F8DC
:10B480001035230200F4403003F47C5303433805A5
:10B49000D1F8105500F4801003432B43C1F8103548
:10B4A000938A43EA463343F0200393820020C4E7A3
:10B4B000C0E90312704770B504461546FFF71FFE3A
:10B4C00048B10846E8F716FE04EB40040020A38AC2
:10B4D0005B0B2B7070BD6FF01500FBE790F88C00D4
:10B4E000003818BF01207047E8F72ABE2DE9F34164
:10B4F00004461746FFF703FE0D462668F0B12046C6
:10B50000FFF708FE8046C8B92046FFF70EFE82000E
:10B5100002F5807346F80380F35823681344D3F888
:10B52000102542F00102C3F8102527B1012322683B
:10B530008340C2F8043302B0BDE8F081D6F804338A
:10B540002846002BA4BF4FF00043C6F80433E8F7A9
:10B55000D1FD04EB4004A38AC3F38203042B11D072
:10B56000052B11D001A80195E8F7B2FD019B0169F7
:10B57000D94001F001010231284602B0BDE8F04196
:10B58000FFF7AEBD0321F7E70221F5E7FFF746BE5F
:10B590004FF4801070474FF4805070474FF4807024
:10B5A000704708B5E8F7FEFFBDE80840FFF7D3BCD9
:10B5B00030B5022401250C72CA600468C4F8005535
:10B5C000096879B112F0040F14BF92218221150786
:10B5D00048BF41F02001D406046848BF21F0800133
:10B5E000C4F80013016812F0800008BF01224FEA7E
:10B5F000830303F108030CBFCA50C81830BD30B52F
:10B6000001249508403DAC400C4208D0815831B12E
:10B6100000218150825813B11A6822431A6030BD4C
:10B62000002313B50C4601934FF4887201ABFFF76A
:10B63000E6FF21464FF48A72FFF7E1FF21464FF4FF
:10B640008E72FFF7DCFF21464FF48272FFF7D7FFBF
:10B6500021464FF48472FFF7D2FF21464FF48672E1
:10B66000FFF7CDFF4FF48C722146FFF7C8FF01981A
:10B6700002B010BD10B54368044633B9022100681A
:10B68000FFF7CEFF08B101232373207B023818BFD8
:10B69000012010BD70B5067B044656B9C0E90123F0
:10B6A00019B10B7F0375E8F7C7FF0123002023734F
:10B6B00070BD6FF07700FBE770B40C46014615468D
:10B6C0001A46266851F8043BC3F82065A688C3F8DB
:10B6D0002465A668C3F82865E668C3F82C65266863
:10B6E0000368C3F84065A688C3F84465A668C3F834
:10B6F0004865E468C3F84C45066805F00104234634
:10B7000004EB5504C6F81445D4070CD412F0020417
:10B7100003D0002B0CBF042408240568C5F80042A0
:10B7200070BCFFF745BF1024F7E7002210B503688F
:10B730000446C3F80022012203685A6051B1204632
:10B74000FFF798FF0028FAD000222368C3F80025ED
:10B75000012323732046BDE81040FFF78BBFFFF79E
:10B7600089BF70B5B22104460068FFF759FFC306D0
:10B77000054607D523695E0704D5636813B1012028
:10B78000A1689847A80607D52369190704D56368F7
:10B7900013B10220A16898472A0607D5206910F046
:10B7A000100003D163680BB1A1689847AB070CD5B3
:10B7B00000222368C3F8002501232373636823B1A3
:10B7C000A1680320BDE87040184770BD4FF47F03A7
:10B7D000D3F83021D3F83431072A10D1023B022BA1
:10B7E0000DD94FF05023D3F8B825920709D1D3F8DB
:10B7F000580500F00300013818BF012070470020F1
:10B800007047012070470021E9F768B80223E8F784
:10B81000D7BF0323E8F7D4BF00210220E9F7E4BA39
:10B82000012310B5A1F58074A408A34018400AD0E4
:10B8300001F1A04101F56041086820B100200860D5
:10B8400009680AB9012010BD116819431160F9E7B0
:10B8500008B500210120E9F7CFFB0028F9D008BD89
:10B8600008B50246E9F768FB20B9BDE80840104674
:10B87000E9F708BC6FF00F0008BD4FF47F03D3F861
:10B880003021D3F83401072A05D10238022894BFA9
:10B890000020012070470020704730B50124054684
:10B8A00090084038844014EA010009D0A85838B103
:10B8B0000021A950AA5813B11A6822431A60012026
:10B8C00030BD00232DE9F34104460D460193904617
:10B8D00001AB4FF4A672FFF7E0FF4FF482722946E6
:10B8E0002046FFF7DAFF4FF48C72074629462046C0
:10B8F000FFF7D3FF064630B1B8F1000F1DD017B1E6
:10B900003E46D4F83C354FF488722946204601ABB8
:10B91000FFF7C3FF30B1B8F1000F03D016B90FB174
:10B92000D4F83C354FF490722946204601ABFFF71E
:10B93000B4FF019802B0BDE8F0814646E3E707B5E1
:10B94000019001A8E9F760FF0123019A9340836009
:10B9500003B05DF804FB07B5019001A8E9F754FFB7
:10B960000123019A9340C36003B05DF804FBF8B56E
:10B970001E4690F8203004460D4617468BB911B18B
:10B98000E9F7A0FF80B9C4E901761DB12946204638
:10B99000E9F7FCFF0020012384F8210084F820301F
:10B9A000F8BD6FF07700FBE76FF01500F8E738B5EA
:10B9B00090F8203005465BB190F821305BB9E9F78B
:10B9C00081FF044650B92846E9F7E0FF204638BD1C
:10B9D0006FF07604FAE76FF00F04F7E76FF01504E5
:10B9E000F4E7011D0068E9F721BF024670B552F87F
:10B9F000105B044640212846FFF763FFD8B1606A18
:10BA0000421C05D094F822309B0711D5FFF7A3FF05
:10BA100094F821301BB12846211DE9F707FF204685
:10BA2000002300F80C3FD4E90131BDE8704018470D
:10BA3000FFF785FFECE770BD91F820200346032A4D
:10BA400029D8DFE802F0212519028A68500304D5BD
:10BA5000D3F84C250869904207D18A6852031AD45A
:10BA6000D3F84C258969914215D000200622C3F8ED
:10BA70000005C3F800257047D3F84C2508699042AB
:10BA8000F3D1D3F83C25EDE7D3F84C250969EAE773
:10BA9000D3F83C25FAE70120704770B5C37B044614
:10BAA0000BB1837BC3B9A368B3F17F6F1BD323684A
:10BAB000222B13D16368232B17D10B25A67B5EB9EC
:10BAC0002B46032231462068EAF750F92B46032221
:10BAD00031466068EAF74AF9012070BD232B04D192
:10BAE0006368222BE8E70625E8E70020F5E730B594
:10BAF00001249508403DAC400C4208D0815831B13A
:10BB000000218150825813B11A6822431A6030BD57
:10BB1000002313B50C4601934FF4A47201ABFFF759
:10BB2000E6FF21464FF48272FFF7E1FF21464FF412
:10BB30009272FFF7DCFF21464FF4A872FFF7D7FFA0
:10BB400021464FF4A672FFF7D2FF21464FF4B072A0
:10BB5000FFF7CDFF4FF4AE722146FFF7C8FF019803
:10BB600002B010BD4FF47F0230B4D2F830518B6870
:10BB7000072DCC7BD2F8342104D1B3F1C86F08BFB4
:10BB80004FF0C46302682CB9D1E90041C2F80845FE
:10BB9000C2F80C15C2F8243543682BB130BC0068DC
:10BBA00040F30730DAF748B930BC704738B50D4676
:10BBB00090F826100446D1B9C160C0E9012380F88D
:10BBC000291080F828106DB1AB7B80F82B30284607
:10BBD000FFF763FF70B16B7B2946204684F82A305B
:10BBE000FFF7C0FF0123002084F8263038BD6FF036
:10BBF0007700FBE76FF01500F8E706220368C3F84B
:10BC00000025022380F82630704770B504460D46A3
:10BC1000D1E900614FF47A720023C803490CD5F7CB
:10BC200035FF2368C3F80C65C3F804052B6803F0DF
:10BC30004002C3F380132374A368B3B1002A4FF00A
:10BC4000000314BF032501252468012DC4F8003129
:10BC5000D4F8002144F307301CBFC4F80431D4F8F1
:10BC60000431DAF7E9F8C4F8045370BD38B5C0E917
:10BC70000223437933B90123437109B1FFF7C5FFAB
:10BC8000002038BD6FF07700FBE708B543792BB192
:10BC9000022B06D0FFF7B9FF002008BD6FF0760039
:10BCA000FBE76FF00F00F8E7012203681A60022338
:10BCB0004371704710B5EFF31184202383F312888A
:10BCC000BFF36F8F0379072B11D80B70013303710A
:10BCD000012302680978D2F808058B40034300204D
:10BCE000C2F8083584F31188BFF36F8F10BD6FF071
:10BCF0000B00F7E770B5EFF31185202383F312886B
:10BD0000BFF36F8F002201260179D3B2994206D882
:10BD10000023037185F31188BFF36F8F70BD046832
:10BD200006FA03F3D4F80815013221EA0303C4F834
:10BD30000835E9E770B503680446D3F80414D3F86E
:10BD400000512DB100220125C3F80021D3F80021B4
:10BD5000D3F80421BAB10022C3F80421D3F8043186
:10BD60003DB10325D4E902324FF480709847AB0708
:10BD70000BD5012363710021D4E90232BDE8704084
:10BD80004FF482701847002DECD170BD07B50190BB
:10BD900001A8EAF7B1FA0123019A9340836003B046
:10BDA0005DF804FB2DE9F04389B0109E04468946F6
:10BDB00090460021202268461F46129D03F06FFD29
:10BDC0001F2E97BF01234FF0FF33B34003F1FF3322
:10BDD0002361119BC4E90098C4E9027663611834B9
:10BDE00045B10FCD0FC495E80F0084E80F0009B0EE
:10BDF000BDE8F0836D46F4E773B50468651C31D087
:10BE00008568A9422ED264182CD05E18AE4288BF35
:10BE10006B1A056A35B100930523A84703461846F7
:10BE200002B070BD2146BFF35B8F184618B142EADD
:10BE30000104A4070AD103280EDC01391044824210
:10BE4000EDD011F8014F02F8014BF8E711F8014B62
:10BE5000013802F8014BE9E751F8044B043842F885
:10BE6000044BE8E76FF02103D9E773B50468651C5C
:10BE700031D08568A9422ED264182CD05E18AE420B
:10BE800088BF6B1A456A85B92146184618B141EA40
:10BE90000204A4070ED1032812DC013A08448142AF
:10BEA00014D1BFF35B8F184602E000930523A84727
:10BEB00002B070BD12F8014B013801F8014BE5E703
:10BEC00052F8044B043841F8044BE4E712F8014FF0
:10BED00001F8014BE3E76FF02100E9E773B504686F
:10BEE0001D46661C2BD08368994228D2641826D040
:10BEF0006E189E42866A88BF5D1A2EB10523009592
:10BF0000B047284602B070BD4FF0013021462B46A5
:10BF100050430BB18C0707D1032B09DC0B4499422A
:10BF20000AD1BFF35B8FECE701F8012B013BF0E78F
:10BF300041F8040B043BEFE701F8012BEFE76FF04A
:10BF40002100DFE7002070470368013304D0406818
:10BF5000431C5842584170470120704710B504688F
:10BF60000B689C4209D040684968884205D08C42E1
:10BF700003D0181A18BF012010BD0020FCE740F3C1
:10BF80000903B3F1FF3F08BF0130C0F309000430DB
:10BF900070470A680368534003604A684368534027
:10BFA00043608A68836853408360704708B50368BC
:10BFB0001B0D13F4E06304D00430FFF7CFFF80F0D3
:10BFC000010303F0010008BDC36E426D1944891AD4
:10BFD000B1FBF3F203FB1211836D8B4208D90123ED
:10BFE000406ECA0801F007018B40815C0B4383540B
:10BFF00000207047024608B50846FFF7C0FF1368E7
:10C0000003441360002008BD03680133036000206F
:10C0100070472DE9F04F87B00393836E139EDB6961
:10C020001746DDE91148A2199A4281468A4607D887
:10C03000C36E002B00F0A680109A934200F2A280FB
:10C040006FF053009BE0BAF1000F41D0DAF80030F6
:10C05000109A93423CD1DAE9015305EB030BA34557
:10C0600036D9A54214D8ABEB040BB34528BFB34671
:10C07000DAF80C10651B40465A46294403F0E9FBE8
:10C08000D8445C44A6EB0B06002EDCD1304676E0AB
:10C090002D1BB54228BF354602953B68109A934246
:10C0A0001ED1D7E901130B44A34219D9A14211D8DB
:10C0B000029D1B1B9D4228BF1D46FB68611A40461E
:10C0C0002A46194403F0C5FBA8442C44761BDBE741
:10C0D0000296E2E7029B091B8B4228BF0B460293A4
:10C0E000039B9E4223D3D9F868004369B4FBF3F263
:10C0F00003FB1242DAB9B34219D8029A1099B2FB83
:10C10000F3F203FB02FB029BCDF800B0A3EB0B03A1
:10C110000493436822461D464346A84700282ED173
:10C12000049B029AD8449B1A5C441E44ACE7109BC3
:10C130003B60D9F868305B69B4FBF3F25A437A602C
:10C14000D9F86810059B486903442344B3FBF0F316
:10C150004343C869834294BFC2EB0305C2EB0005A9
:10C160008B6A10999D4228BF1D46BD60D9F86800B2
:10C1700000954568FB68A84700283FF464AF07B006
:10C18000BDE8F08F039B013B05937DE71FB5C3F32B
:10C1900009040294069C019400240094EAF750FAE2
:10C1A00004B010BD30B5134604460268082087B0BD
:10C1B00004AD916E03900295586801901B6810467B
:10C1C0000093CB6902F11001FFF723FF18B928464D
:10C1D000211DFFF7C3FE07B030BD2DE9F04F064625
:10C1E000884691469A46002487B0119F0DF1100BA6
:10C1F000A74203D8002007B0BDE8F08F3D1B082DF3
:10C2000028BF0825109B4246E318CDE900A3002172
:10C210003046CDE902B5A9EB0403FFF7FAFE00288A
:10C22000E9D1129B2A4618685946ECF723FD129B68
:10C230002C441860DCE71FB50023CDE902330193DD
:10C240004FF0FF330093EAF7ABFC05B05DF804FB59
:10C250002DE9F04F0746884691469A46002487B05C
:10C26000129E0DF1100BA64201D800201BE0351BD9
:10C27000082D28BF0825109B4246E318CDE900A3EE
:10C2800000213846CDE902B5A9EB0403FFF7C1FE52
:10C2900048B9119B2A465846191903F00FFB00288C
:10C2A00004D005DA012007B0BDE8F08F2C44DAE7AE
:10C2B0000220F8E730B513468268C1F30905AA42A7
:10C2C00028BF2A4685B00292416804460191596808
:10C2D000009101681B680846FFF7BAFF28B9A368F8
:10C2E000AB4202D034BF0120022005B030BD036B49
:10C2F0001944C1F30903003B18BF012321F0004199
:10C3000041EAC3710163704710B5836E04465B6BED
:10C3100013B9C068DAF788F9A36E9B6B13B9E069AB
:10C32000DAF782F9A36EDB6B23B9606EBDE81040CB
:10C33000DAF77AB910BDF8B5C6690D68083EB5429E
:10C340000F4613D3B5FBF6F00138D5F7D3FB841CA9
:10C35000A5EB8404B4FBF6F42046D5F7CBFBA5EBA4
:10C360008005204604FB16553D60F8BD0020FCE723
:10C370002DE9F04F89B006460F46DDF84C80059256
:10C380004BB94FF0FF32C8F800200020149A136018
:10C3900009B0BDE8F08F846E013B07A920460793E2
:10C3A000FFF7C9FF12A905462046FFF7C4FF4FF06B
:10C3B000040A81460DF1140BA945059A03D3129B7B
:10C3C000C8F80020E1E795FAA5F3A5EB0904B4FA53
:10C3D00084F4B3FA83F3C4F11F049C4228BF1C46C3
:10C3E000A300CDE90023002104233A463046CDE9DD
:10C3F00002BAFFF70EFE0028CAD10123A340ED1AAE
:10C40000DAE72DE9F04F89B00646DDE9120A0F465A
:10C4100090461D4688B30138059005A9B06EFFF718
:10C420008AFF04460DF1180B29461498D04720BB0B
:10C430001CB304F00109C9F102039B00CDE90050CF
:10C44000424639463046CDE902B3FFF7E2FDA0B9D6
:10C45000E54305F00105A84207DB08AB03EB8505C2
:10C46000023C55F8085C4C44DEE706991498D04726
:10C4700003460120002BEED0184609B0BDE8F08F2E
:10C48000C368184710B50C46826AFF21E06803F0C4
:10C4900006FA4FF0FF33236010BD38B581660B6A92
:10C4A0000446C3664B6B0D46002B3BD0C360AB6BA1
:10C4B000002B43D0E36128462146FFF7E3FFA06E3F
:10C4C00004F11001FFF7DEFFA56EEB6B002B3CD0F3
:10C4D00063662B6C002B08BFFF2323676B6C002B5C
:10C4E00008BF6FF00043636740F2FE33AA6C002A76
:10C4F00008BF1A46A2672B6D591CE3672CD1002395
:10C50000E36700204FF0FF33C4E90A00C4E90833B1
:10C51000C4E90F00C4E90C00C4E912006064A06320
:10C52000206538BD886ADAF765F8E0600028BED17A
:10C530002046FFF7E9FE6FF00B00F2E7A86ADAF792
:10C5400059F8E0610028B6D1F2E7E86ADAF752F864
:10C5500060660028BDD1EBE7002BD2D1EB6CA96A55
:10C5600043B18A4228BF0A46DB089A4294BFE26779
:10C57000E367C6E7EB69F4E72DE9F0430D46096888
:10C580009846CB1C0646174685B003D9002005B057
:10C59000BDE8F083806EAC6883691C44013CB4FB49
:10C5A000F3F45C430094D0F80890EB686A68C847DD
:10C5B0000028ECD1B8F1000F04D12946B06EFFF786
:10C5C00061FFE3E74FF0FF333B600294EB682246E4
:10C5D00001936B683946009330462B68FFF738FEAD
:10C5E0000028D4DBE9D06FF05300D0E72DE9F84FF5
:10C5F0000646DDE90B5A0C46904699460D9F002FE2
:10C600003AD0002108E00A9B2360B36E9A69B5FB1B
:10C61000F2F35343C4E9013123680A9A9342F2D1F9
:10C620006068A842EFD8B36E9A6A0244AA42EAD977
:10C63000521BBA4228BF3A469346E368281A51462D
:10C64000184403F006F96368A2685D44EB1A93424C
:10C6500038BF1346A360B26EDA44926AA7EB0B07A9
:10C660009A42CCD14B46424621463046FFF784FFE2
:10C670000028C4D0BDE8F88F3846FBE7F0B585B098
:10C68000CDE902231D464B680C4601930B68174603
:10C6900000930246002300F11001FFF7A7FF0646B2
:10C6A00040B92A463946E068ECF7E4FA6368E0608E
:10C6B0002B446360304605B0F0BD2DE9F04F0646CF
:10C6C00087B010469946FFF75AFC4B6893464A6973
:10C6D000034493420C46804641D88B682BF0004AB5
:10C6E0008AEA03031BBA05933046042305AAFFF721
:10C6F000C5FF054678BBBBF1000FA8F1040720DA9F
:10C700000DF1130B2FB30123CDE902B3D9F8043097
:10C710003246043B4344DB1B0193D9F8003000212F
:10C72000009330463B46FFF774FC40B901235A465C
:10C7300021463046FFF7A2FF013F0028E2D0054620
:10C7400009E03B464A4621463046FFF797FF00285E
:10C75000F5D1C4F808A0284607B0BDE8F08F6FF007
:10C760001B05F8E713460A46D0E90001FFF7A5BF0D
:10C7700010B5D1E9003482699A4210D1C369A3424D
:10C7800011D0D1E90234A34205D15B000A60C2692D
:10C79000CB6000234A60002001338B6010BDA242B1
:10C7A000EFD1C469EBE76FF05300F7E738B5044603
:10C7B0000D46A16DE36D8B4208D3236E002B30D064
:10C7C0002046EAF7E7FD0028F3D021E0606EDA08A2
:10C7D000825C03F00700C240D2071AD4626D134492
:10C7E000E26EB3FBF2F102FB11332B60A56DE36D3A
:10C7F000226E0133013AAB42E36522660FD2616ECD
:10C80000DA08885C03F00703D84010F00100EED18D
:10C8100038BD0133E365236E013B2366CAE7002080
:10C82000F6E76FF01B00F3E77FB50C4604310646D0
:10C83000FFF7BCFF054670BB21463046FFF7B6FF49
:10C84000054640BB2246042342F8080FCDE90223E7
:10C85000019022680146009230463246FFF7D9FB2C
:10C8600010B110F1540F19D1B36E5A6A002A09DDC4
:10C87000A368013242F00102013B1344B3FBF2F31F
:10C880005343A3604FF0FF330422C4E90323002283
:10C89000C4E90523E361284604B070BD0546FAE704
:10C8A0002DE9F04F93B0CDE907230B6B0646DA0272
:10C8B0000D461BD54C6B089BCA6AE318934238BFE0
:10C8C0001346C26F9A4211D2CC63C36E0366EAF775
:10C8D00089FD2B6B044630B143F400232B632046C3
:10C8E00013B0BDE8F08F23F480132B63089B0693ED
:10C8F00005F140030C93069B0BB9089CEFE72B6BEB
:10C9000013F4003204D0B16EEF6BC9698F4247D186
:10C91000DB0200F1E08005F140030A93CAB96B6BBA
:10C92000BBB1119211AA0292013B05F138020192AA
:10C9300000933046D5E90A2305F14001FFF718FDC1
:10C94000044608B12B6BC7E7B06E05F14001FFF755
:10C9500099FDF36E3366AB6B09936B6B0593013BEB
:10C960000B9330460FA9FFF721FF04460028E9D1B9
:10C97000DDF83C80B06E4146FFF782FD044630B1E1
:10C9800014F1540FDED14FF0FF332B64E9E7059B20
:10C990004BBB1F46C5E90E832B6B43F400332B635F
:10C9A000B36EDB69DF1B069B9F4228BF1F46079BB8
:10C9B00003970293EB6B32460193AB6B30460093C7
:10C9C0000C990123FFF712FE0446002800F088802E
:10C9D00010F1540FB6D129463046EAF703FD04465C
:10C9E0000028E4D0AEE7D6F868900B9B484610A923
:10C9F0001093FFF7A0FC109FD9F81C3001379F421D
:10CA0000109750D1471C97FAA7F7B7FA87F7A146B6
:10CA1000099B07F1010A11930DF1440B4FEA8903B9
:10CA20000D930423CDE902B34FEA8903CDE90083D6
:10CA30003246012330460A99FFF7D8FD0446002804
:10CA40009ED14F4535D109F10109CA45E6D8C5F84F
:10CA500038804FEA8A0724E0099B32460093002180
:10CA60003046CDE902BACDF80490A7EB0903FFF7F1
:10CA7000D0FA044600287FF465AF012332463046E1
:10CA8000CDE902BACDE900890A99FFF7AFFD044666
:10CA900000287FF475AF09F101094F45DCD8C5F8CE
:10CAA0003880EF6378E7A1464FF0010A0DF1440B9F
:10CAB000F3E70423CDE902B34FEA89030193119B05
:10CAC00001460093324604233046FFF7A2FA04469B
:10CAD0000028B8D036E76FF001036F6BAB63E0E777
:10CAE0006B6B3B446B63EB6B3B44EB63079B3B44DF
:10CAF0000793069BDB1B0693F36E3366FBE6F0B5EC
:10CB00000C46096B0546480397B008D5CA0258BFC2
:10CB10004FF0FF3321F4802158BF236421638B033E
:10CB200002D4002017B0F0BD11F48011666BE76AE3
:10CB30003FD1542201A802F0B2FEA36ACDE90B371F
:10CB4000012311AFCDE90D3695E80F0087E80F00FE
:10CB50004FF0FF372F60626BE36A9A4212D304F101
:10CB6000400701232A4639462846FFF705FD20B332
:10CB700010F1540FD6D121462846EAF733FC00289D
:10CB8000EFD0CFE7012328460DF1030201A9EAF710
:10CB9000A9FA0028C6DB0123214628460DF103022D
:10CBA000FFF77EFE0028BDDB2B680133D3D0119741
:10CBB000D0E7BE422CBF66636763A36BA362636B5F
:10CBC000E362236B23F4003343F48033C4E90C366F
:10CBD000A7E72DE9F7431E460B6B17465A03054698
:10CBE0000C4619D4216B0B051DD4D4F834806B6F1F
:10CBF00008EB06029A422FD811F4003919D03346B7
:10CC00003A4621462846FFF74BFE002808DB236BF7
:10CC100023F40023236303E0FFF771FF0028E1D032
:10CC200003B0BDE8F083E36A626B934288BF63633D
:10CC3000DBE7E36A9845E2D96363636B9845DED925
:10CC40000123214628460DF107028DF80790FFF7D2
:10CC500027FE0028F1DAE3E76FF01A00E0E72DE99C
:10CC6000F34107460E4614464D6B13B1012B09D113
:10CC70002C447B6FA3423CD3AC4210D1204602B07F
:10CC8000BDE8F081022B08D1D1E90B32920302D525
:10CC9000AB4238BF2B461C44EBE72C46E9E7336B2D
:10CCA0005B031ED5D7F86880F26BD8F81C309A4227
:10CCB00017D0694640460095FFF73DFB01A90546A0
:10CCC00040460194FFF737FB85420AD1736C019A05
:10CCD000934206D8B16C0B449A4202D27463F26359
:10CCE000CCE731463846FFF70AFF0028C7D1746306
:10CCF000C4E76FF01500C2E72DE9F0438DB00C4694
:10CD000004A9054617469846BDF85490FFF78CFDD8
:10CD1000064628BBE37D3A468DF82730A3692846AE
:10CD20000A93E36904A90B93BDF85830CDE9019348
:10CD3000149B00934346EAF7FBFC002814DB012315
:10CD4000049F059A2046A761E261E37505F1200181
:10CD5000FFF704F920B9B9F1000F01D1C5E9087254
:10CD600030460DB0BDE8F0830646F9E710B504463D
:10CD7000EAF7CAFF002806DB05D02046BDE81040D0
:10CD80000021EBF735B910BD70B50B6B05461E03DE
:10CD90000C4686B053D4FFF7B2FE216B20B141F4AC
:10CDA0000021216306B070BDCA0348D504F108060E
:10CDB0003046FFF7C9F8002841D111F480131FD085
:10CDC00040F20120E36CE26AA18842EA812242EA51
:10CDD0000052CDE90223226D2846936843EA81235D
:10CDE00043F08153049353683146059302AA02230A
:10CDF000FFF7BCFF236BF8B143F400232363D1E7B3
:10CE00004FF0FF322946284641F8102B2A46FFF7FB
:10CE1000B3FB0028C6D1A86E036998470028C1D18A
:10CE2000236BDB02CCD4D4E90A016B46CDE90001C7
:10CE3000082240F20220C7E723F480332363002056
:10CE4000B0E770B505460C46FFF79EFF0646AA6A96
:10CE500005F1280322B11A68944209D122681A60A8
:10CE6000236D1B6813B9E06CD9F7DEFB304670BD4B
:10CE700013461268EEE708B5FFF746FA002008BD32
:10CE800070B58AB001911646002301AA02A9054691
:10CE9000EAF77EF8041E0FDB2F21019802F035FD22
:10CEA00010B1230D022B0AD1C4F389223346284640
:10CEB00002A9E9F783FC044620460AB070BD6FF072
:10CEC0001304F9E7EBF7BEB9FFF7BBBFFFF75CBF91
:10CED0002DE9F0411F460B6B05469B030C46164699
:10CEE00007D43B46324621462846BDE8F041EAF7E2
:10CEF000F9B8FFF704FE0028F3D0BDE8F081FFF792
:10CF000068BEFFF7ACBE2DE9F041161E05460C4683
:10CF100086B074DBD1E90B3292034F6B02D5BB4272
:10CF200038BF3B469E424FD2EB6F9E422ED8002325
:10CF300021461A462846FFF792FE00285CDB4FF098
:10CF4000FF3321462B6028463346EA68EAF7CAF8E1
:10CF5000002851DB236B6FF0010243F4A813236315
:10CF60000023C4E90A2622646364AB6E32469B6ADE
:10CF7000E06CA364E96802F06CFC00233A462146A9
:10CF80002846FFF76CFE00EAE07035E021462846AF
:10CF9000FFF7B5FD80BB05AB029304F138030193A5
:10CFA000731E0093059004F140012846D4E90A233A
:10CFB000FFF7DEF900BBA36B6663C4E90A36236B97
:10CFC00043F4A0232363D8E7D7D9022300222146C4
:10CFD0002846FFF744FE00280EDB4FF00008636B85
:10CFE0009E42CAD901232146284605AA8DF81480FD
:10CFF000FFF7EFFD0028F2DA06B0BDE8F0816FF030
:10D000001500F9E7486B7047826A00F1280322B1E6
:10D010001A68914203D10A681A60002070471346CB
:10D020001268F4E7EAF752BAF0B506680289338A63
:10D030009A426DD231684289930051F8222002F061
:10D040000301C2F3072401298475C2F385051ED0AC
:10D05000022929D0002934D14FF0010CC2F3036317
:10D06000C2F30747120F42824268A0F814C005823B
:10D07000002A33D18261026204F00E04082C45D1EB
:10D08000C289736853F8223043620120F0BD3168D1
:10D09000C2F30B4C194449680B0F45EA83158FB254
:10D0A000130FC1F30B42DEE731684FEA124C19440B
:10D0B000D1E901371A0A45EA821295B25BB28A8930
:10D0C000D1E732681A44D2E90137190A45EA8111D9
:10D0D000B2F810C08DB292895BB2C4E73A4404F052
:10D0E000C00143B1D31A8029826103620ABF136869
:10D0F000C261C361C0E704F03005202DF3D13F2C9D
:10D1000001D98029EFD100F11403ECE70023BBE73C
:10D110000020BBE710B50389016801339BB203818E
:10D120000A8A9A4203D80023C0E9023310BD0124C1
:10D130000B68428953F822100B0A01F0030104FA2C
:10D1400001F10A444281828903F03001002908BFBD
:10D1500001328281C28903F00E03082B08BF01321D
:10D16000C281E3E770B504460E4615460021202231
:10D17000083002F094FBC4E900652046BDE8704029
:10D18000FFF752BF38B50C4605460B6899680B6827
:10D190001B6803F44043B3F5004F14BF6268221DBF
:10D1A0000C34FFF7DFFF2C6238BD10B50446FFF7E3
:10D1B000B1FFFFF739FF2089003818BF012010BDEB
:10D1C000F8B5038A04468B420D4601D10120F8BD13
:10D1D0000668B28A8A4201D20020F8E78B4288BFF3
:10D1E000338A078988BF03812046FFF793FF62894E
:10D1F000336853F8223085EA93039B0606D02389CF
:10D20000BB42F1D12046FFF70FFFE5E7FFF70CFF28
:10D21000238AAB42F3D1A37D03F00F030A2BEED098
:10D22000D4E738B5837D044603F00F030A2B18D0EA
:10D2300005892046FFF76EFF236862891B6853F853
:10D24000223003F47063B3F5206F03D1BDE838409A
:10D25000FFF7EABE2389AB42EBD1FFF7E5FE0020E2
:10D2600038BD0120FCE7FFF77DBFFFF78BBF10B48F
:10D270000B461146528A082A0FD1CA696AB130B1E9
:10D28000146824B1043223465DF8044B184723B1D7
:10D29000146814B118460432F5E701205DF8044B18
:10D2A0007047034610B5406884185C6002F0D1FAFC
:10D2B000012010BDF0B5802A85B073F1000106464B
:10D2C000D4B201A906D201228DF80440EBF764FD27
:10D2D00005B0F0BDD5090846002204F07F0453EAEA
:10D2E000050C174602F1010208D13A4602F110037B
:10D2F0006B44304603F80C4C0132E7E764F07F04DE
:10D30000042A00F8014B05F07F044FEAD515E6D159
:10D31000002BEBD0180100F070000443DB08002B59
:10D32000E4D064F07F04545403F07F040132DB093D
:10D33000F5E7921843EB030182EAE37281EAE373B3
:10D34000FFF7B8BF0422EBF727BD0822EBF724BD97
:10D35000134641EAC2025B0FFFF7ACBF70B5002372
:10D3600004460D461646FFF7A5FF30B13246294662
:10D370002046BDE87040EBF70FBD70BD10B58AB018
:10D3800004466846FFF76FFFB0B19DF8163003F012
:10D390000F030A2B0BD120460799EBF77BFF18B13F
:10D3A0006846FFF702FFEFE700200AB010BD6946AC
:10D3B0002046EBF779FEF2E70120F6E70346084640
:10D3C000596810B58C185C6008B102F042FA01206F
:10D3D00010BD38B58A6805460C462AB90120636835
:10D3E0006B60E368EB6038BD00212046EBF792FFED
:10D3F0000028F3D1F7E713B50C4601A9EBF7D2FFEC
:10D4000020B1019B003B18BF0123237002B010BD67
:10D4100013B50C466946ECF715F860B1DDE9001369
:10D420004A0842EAC372C9074FEA530344BFD243D2
:10D43000DB43C4E9002302B010BD042213B50C463F
:10D440000DEB0201EBF766FF08B1019B236002B010
:10D4500010BD13B508220C466946EBF75BFF18B107
:10D46000DDE90023C4E9002302B010BD0023ECF77E
:10D47000CDBB10B4046B02460B468CB9C1681F29A2
:10D4800098BF23FA01F4416871B1806883420BD2DE
:10D490001069184051F8243018445DF8044B704767
:10D4A00023465DF8044B18474FF0FF30F5E770B5A1
:10D4B000436B05460E46E3B90469621C09BF436825
:10D4C0000C401C680C1B21462846FFF7D2FF864201
:10D4D00007D02B6901331C44AB689C42F3D34FF057
:10D4E000FF342868431C07D0AB68A34204D920440A
:10D4F00070BD98470446F4E70020F9E730B5059C75
:10D50000C4E90002039A21811989E260049A6181C9
:10D5100021856261D3E9002502EB0113C4E90612FB
:10D520008A1C236203EB42036A1C13446D422B40A6
:10D530006362836953B90139E2698B4202EB0312DA
:10D5400006DB002393736FF07F03D373002030BD9D
:10D550000133D381F0E72DE9F04FB0F830A0044655
:10D560005546002685B002EB030891460E9A00EB63
:10D57000CA031FFA88FB9A63A3F83CB008F1FF3294
:10D58000C3690F1D0192B0451ADC238D2586A3EBDC
:10D590000B032385236A61895A8801390A4003EB0A
:10D5A0004203A3F804A0BFF35B8F0020226A5388D4
:10D5B00001335380638D0133638505B0BDE8F08F7F
:10D5C000E06A2A0157F8041C03EB0515029303686F
:10D5D0000392C91A83680837994228BF4FF0FF3178
:10D5E000FFF747FFDDE90232985000226A6057F8E2
:10D5F000082CAA60019A9642ACBF00220122B145D4
:10D60000D8BF42F00202AA810136ED89BBE7F0B52E
:10D6100050B3456A448E6B88A34230D0631C438666
:10D620004389BFF35B8F013B1C4005EBC4056B686E
:10D630009EB209B1AD680D60D0F81CC09BB20CEB76
:10D64000031100EBC3039D8F078D2F44013D078518
:10D650009D878D896F070ED5058ECD8100210686A9
:10D66000986B996302B11480F0BD9D8FC989013D0B
:10D670000CEB01119D878D89ED07F6D4ECE70020B6
:10D68000F2E7C36903EB011398687047C3690901A6
:10D690005958C06AFFF70BBF70B5BFF35B8F0D46DB
:10D6A000016A1646838E4A8804469A4212D05A1C52
:10D6B00082864289013A134001EB4301898829801F
:10D6C00089B2FFF7E3FF2A88E36903EB02139B6843
:10D6D000336070BD0020FCE710B5026893691269E1
:10D6E000920017D543B9438E026A81694489013B90
:10D6F0001B1B02EB4102938003689B69012B08D13D
:10D70000838E426A81694089013B1B1A02EBC10288
:10D71000938010BD23B9026A138843F0010313807C
:10D7200003689B69012B01BF426A138843F0010320
:10D730001380EEE710B5BFF35B8F02680446936970
:10D74000126992001AD57BB9036A426A5B888169C3
:10D75000013B02EBC10292889B1A628D9BB29A42F6
:10D7600014D80023638510BD012BFAD1436A026AE5
:10D770005B888169013B02EB4102ECE763B9436AD4
:10D780001B88DB4303F00103002BEAD06369002B05
:10D79000E7D020469847E4E7012BE2D1036AEFE7A0
:10D7A000036A828E598891420AD0418901390A4020
:10D7B00003EB42039A88C36903EB0213986870472E
:10D7C00000207047BFF35B8FC36803B118477047F1
:10D7D0004FF0FF324FF0FF33EDF720BA10B1C36ABC
:10D7E0000133C362704738B1C26A013AC2621AB9E2
:10D7F000026B02B110470262704770B50446056AB9
:10D8000005F164063046FFF7E3FF636AA3F5806322
:10D810007F2B0BD801225909503503F01F039A4082
:10D8200055F8213023EA020345F82130D4E90F12DC
:10D830004A60E16B04F13C0311602046C4E90F33F8
:10D84000FFF7D1FF3046BDE87040EDF7ADB910B538
:10D85000436A8CB00A932023044602460B9102A827
:10D86000194600F003FB28230122CDE900322046AF
:10D870003522616A02ABECF777FB00EAE0700CB08E
:10D8800010BD30B1006A20B119B1D0F8883003B1B1
:10D890001847704730B1006A20B119B1D0F88C3008
:10D8A00003B11847704730B1006A20B119B1D0F800
:10D8B000903003B11847002070472DE9F843074620
:10D8C0008846154699460668B74203D1002420468B
:10D8D000BDE8F8836A1CA6F13C0402D0636AAB423F
:10D8E000F5D0B8F1000F10D020224146204602F0BA
:10D8F0002AF850B9B9F1FF3F02D0A36A4B45E6D0F0
:10D900006B1C02D1A36A0133E1D03668DCE770B545
:10D9100005460C461E46CAB120232046194600F093
:10D92000A5FA0123E362049B6662A362059B25625C
:10D930006363069BA363079B63646A6804F13C030B
:10D94000C4E90F526B60226C136070BD0A70E8E787
:10D9500010B5044690B1036A83B102784AB193F8D6
:10D96000A43033B1436AB3F5806F02D30121FFF7CE
:10D970006EFF2046BDE81040FFF73FBF10BD20B14D
:10D98000036A13B15B6803B11847704708B530B13B
:10D99000036A3BB1DB682BB19847002008BD6FF0EC
:10D9A0001500FBE76FF00500F8E77047EDF7FCB8EE
:10D9B0004FF0FF324FF0FF33EDF730B9F8B500F11B
:10D9C0006407A1F11006054638460C46FFF7F0FF44
:10D9D0003046ECF77FFB80B154F8083C24F8083C53
:10D9E000D5F8CC3044F80C3C05F1C80344F8103CA1
:10D9F000C5F8CC6054F80C3C1E603846FFF7D6FFE3
:10DA00000020F8BD38B50D4600F164042046FFF74C
:10DA1000CFFF55F8083C204603F5803345F8083C15
:10DA2000BDE83840FFF7C2BF2DE9F043282A89B08E
:10DA30008846109D53D1D5F8C00020230168846822
:10DA4000A8EB0101A14228BF4FF0FF316A46FEF763
:10DA5000D3F905F16406D8F820903046FFF7A8FF07
:10DA60004B464FF0FF3269462846FFF726FF044633
:10DA700048B3076B003F18BF0127D8F82430DB07F5
:10DA800023D514B14FF0FF33A36217B12046FFF73F
:10DA9000A5FE3046FFF78AFF1CB1A36B0BB12046F1
:10DAA0009847D5F880301BB14A46694628469847C2
:10DAB000AFB13046FFF77CFF2046FFF794FE3046BB
:10DAC000FFF774FF0BE00746D7E764B93046FFF76E
:10DAD0006DFFEB6F1BB14A46694628469847002008
:10DAE00009B0BDE8F083C4F82890E8E7F0B5044633
:10DAF0008E680D46B6B23146D0F8B80085B0FFF753
:10DB0000C0FDD4F8B43007469A6942B90095CDE912
:10DB100002500123D4F8B80002A9FFF71CFDD4F885
:10DB2000B4309B69012B08D13A463146D4F8B8008D
:10DB300005B0BDE8F040ECF7FBB905B0F0BD70B53D
:10DB400000F16406A1F1100504463046FFF730FFEE
:10DB50002846ECF7BFFA38B120462946FFF7C6FF42
:10DB6000D4F8B800FFF7E6FD3046BDE87040FFF797
:10DB70001DBF2DE9FF4103689E6A06F16408404617
:10DB8000FFF716FFD6F8B4309B69DBB9D6F8B800BA
:10DB90000DF10A0203A9FFF73AFD0446D6F8B430A6
:10DBA0009B69012B07D1D6F8B80003AA0DF10A0131
:10DBB000FFF772FD04463CB94046FFF7F7FE04B09C
:10DBC000BDE8F0810024E9E7BDF80A300021626871
:10DBD000A36030464FF0FF33FFF76FFE0546FFF7B7
:10DBE000FDFDA368404603F58033A360FFF7DEFE2A
:10DBF00075B1AB6A696C013308BF2368284608BF5A
:10DC0000AB622368A28900916F6B04F11001B847E1
:10DC10004046FFF7CDFE2846FFF7E5FD2046ECF72E
:10DC200059FA38B130462146FFF760FFD6F8B80000
:10DC3000FFF780FD4046FFF7B9FEA0E72DE9F0436E
:10DC4000A3F1100653F8085C002389B00693ADF8E1
:10DC50001E3004461023CDE90412DDF84090D0F8C0
:10DC6000C000ADF81C9001688768711A0DEB0302C3
:10DC7000B94228BF4FF0FF3104F16408FEF7F5F810
:10DC80004046FFF795FED4F8B430ADB29B69CBB9EE
:10DC9000D4F8A820D4F8B430D4F8BC009B69C3B938
:10DCA000CDE902620096012202A9FFF754FCD4F8E4
:10DCB000BC00FFF73FFD4046FFF778FE484609B03D
:10DCC000BDE8F0832946D4F8BC00FFF7DAFC024631
:10DCD000E0E7012BEBD12946ECF72AF9E7E710B58D
:10DCE00048B149B143688B4206D382680468D21AAE
:10DCF0005B1A4360A01810BD0020FCE72DE9F34734
:10DD00000546D0F8B4000E46174618B9002002B0F8
:10DD1000BDE8F087036A002BF8D09B68002BF5D094
:10DD200098474307F2D543F69823002F18BF1F46A4
:10DD300005F1640805F1C8094046FFF739FED5F83A
:10DD4000C8404C4532D08CB3D4E9002353602268DC
:10DD50001A60C4E90044D5F8B43021899B69ADF854
:10DD6000061013B9D5F8A8303360D5F8B4309B69E4
:10DD7000012B04D1D5F8BC00FFF783FC306040468E
:10DD8000FFF714FE002C4BD1002FBFD0D5E92D3268
:10DD9000182112891B6B01FB0233D5F8D020AABBD6
:10DDA0002120002100F070FC013FC5E7D5F8B43018
:10DDB000D3F818A0BAF1000F1CD13146D5F8BC0039
:10DDC0000DF10602FFF723FC04460028D7D1D5F851
:10DDD000BC301B8D0BB90024D1E7D5F8A810D5F8BD
:10DDE000C400FFF77CFFD5F8A83004463360ADF8D7
:10DDF00006A0C4E7BAF1010FEDD13246D5F8BC0058
:10DE00000DF10601FFF748FC0446B8E719692846FA
:10DE100090476FF4FB639842C2D000288CD075E71E
:10DE2000BDF8063004F1100003F58033A3603368B9
:10DE3000103B33606BE720B119B112B1C0E9012288
:10DE40000160704738B5044618B938BD3C38FFF753
:10DE50007FFD20688442F9D10025D4F8B400C4E9DC
:10DE60002E55FFF78CFDC4F8B450EEE7F8B5044624
:10DE7000A1B199420E4628BF1E46751C013D05D032
:10DE800012F8017B00F8017B002FF7D1994207D9E6
:10DE9000891B4A19002101F002FD711B0846F8BDDB
:10DEA00000230C4404F8013CF7E708B1D8F748BD5B
:10DEB000704710B5436904463BB90020E268404210
:10DEC000537843F00103537010BD98470028F4D0F5
:10DED0000028B8BF4042FF28A8BFFF20E3681870A1
:10DEE000ECE740B1C368587810F001001EBF187805
:10DEF000B0FA80F040097047EFF31183202383F3D9
:10DF00001288BFF36F8FFEE708B5FFF7F5FF2DE925
:10DF1000F04F89B0DDE91268059243460546324666
:10DF200006A80F4600F092FCDDE90634CDE9023484
:10DF3000EFF311844FF0200989F31288BFF36F8F3C
:10DF400005F10C0A05F1140B39462846059A149B75
:10DF5000984730B184F31188BFF36F8F09B0BDE8E3
:10DF6000F08F56EA0806F5D0DDE9022306A800F096
:10DF700092FCDDE90668524621465846CDE9006824
:10DF8000EDF7C0FAEFF3118489F31288BFF36F8FB6
:10DF9000DAE710B400F10C04C0E903445DF8044B67
:10DFA000F3F793BC38B50446EFF31185202383F3D0
:10DFB0001288BFF36F8FF3F767FB04F10C0000F0DA
:10DFC00054FB30B1294604F11400BDE8384000F09C
:10DFD00032BB85F31188BFF36F8F38BD10B542692E
:10DFE0006AB1836842EA0301890708D10169A2FB8B
:10DFF000011424B95B182CBF0121002102D36FF05A
:10E00000150005E0C1609B1A02698A4201D8002010
:10E0100010BDC26801311A604269C3609B1AF3E700
:10E0200010B5C0E904320023816083610446FFF724
:10E03000D5FF08B9C4E9004410BD2DE9F0410546FB
:10E040000F46EFF31188202383F31288BFF36F8FFD
:10E05000C668FEB90468A0421CD0DCB1D4E9003225
:10E0600013605A60237CC4E9006623F00203237422
:10E07000A66004F1180000F0AEFB2046C4F88460EE
:10E08000676100F076FA414605F10800BDE8F0410D
:10E0900000F0D1BA3E60AB69EF60013BAB6188F341
:10E0A0001188BFF36F8FBDE8F081202408B5EFF32E
:10E0B000118384F31288BFF36F8FF5F748F8F6E702
:10E0C000D0E9003213605A600023027CC0E90033BB
:10E0D00022F0020202748360704713B50124009499
:10E0E000ECF79AFB02B010BD90F90E308B4201D0D4
:10E0F000EDF72ABA0020704703460020C3E9003339
:10E10000C3E902007047D0E9003213605A6000236F
:10E11000027CC0E9003322F002020274836070477F
:10E120002DE9F843914604460D469DF82020EFF373
:10E130001186202181F31288BFF36F8F02B14568E9
:10E14000D4F8088004F10807474518D0B8F1000F4B
:10E1500015D04046FFF7D7FF08F1180000F03BFB51
:10E1600000234046C8F88430C8F8149000F001FA43
:10E170003846314600F05FFA0020BDE8F883A3B1CD
:10E180000820EDF7E1FF002838D00122C0F8049004
:10E190000260016801F003015DB922680A43026070
:10E1A000626820606AB960600BE04846C9F80030D8
:10E1B000EFE72A68032A16D80160616869B9C4E9E3
:10E1C0000000042104F1100000F07FFC0028CFD1F2
:10E1D00086F31188BFF36F8FCFE70A6802F003025E
:10E1E00002430A60DFE722F003020A4302602A6862
:10E1F00002F0030240EA02032B60E2E76FF00B003B
:10E20000E6E70023C0E9003300F10803C0E9023368
:10E2100000F11003C0E904337047012307B50093F0
:10E2200000230A461946FFF77BFF03B05DF804FBA5
:10E23000002307B50A4600931946FFF771FF03B0A4
:10E240005DF804FBEFF31183202282F31288BFF301
:10E250006F8F006818B10268920718BF406883F397
:10E260001188BFF36F8F70475AB18A4209D300F10A
:10E270001003C0E90212C0E90000C0E90433002025
:10E2800070476FF015007047012302688B4022EA47
:10E290000303036022FA01F000F0010070477047A9
:10E2A00010B5032104460C30FFF7EEFF30B104F146
:10E2B000100000F090FAB0FA80F0400910BD20B1D3
:10E2C0000022DC30114600F018BA704770B5C36800
:10E2D0000446C3F340069B0716D4856802210C3020
:10E2E000FFF7D2FF80B1D5F8D4206AB194421DD196
:10E2F00022689EB9D5F8D830C5F8D4209C4201D107
:10E30000C5F8D82000232360E36813F01F001EBF68
:10E3100043F00203E36040F0020070BD3260D5F8C4
:10E32000D820944208BFC5F8D860EBE716461268BB
:10E33000DBE773B50446EFF31185202383F31288DE
:10E34000BFF36F8F00230193D0E90423B3F1004F93
:10E3500008BF012A05D085F31188BFF36F8F02B083
:10E3600070BDA0F1100603210438FFF78DFF0028CF
:10E37000F1D0A369304601A90193ECF797FDEAE7D4
:10E3800038B504460D461022002101F088FA656078
:10E3900038BDEFF31183202282F31288BFF36F8F11
:10E3A000C06800F01F0083F31188BFF36F8F7047C0
:10E3B00013B501900846EFF31184202383F31288EC
:10E3C000BFF36F8F01A9ECF771FD84F31188BFF3E0
:10E3D0006F8F02B010BD10B5FFF7EAFF041E08DD15
:10E3E000EFF31180202383F31288BFF36F8FEDF7D3
:10E3F00017F9204610BD70B50D46EFF311862023A6
:10E4000083F31288BFF36F8FECF7A2FD044686F307
:10E410001188BFF36F8F38B14FF0FF324FF0FF33E9
:10E4200005F11000ECF7FAFB204670BD08B5F022AC
:10E43000002101F034FA08BD38B530220D46002124
:10E44000044601F02CFA4FF480736560E36038BD38
:10E45000FFF79FBF38B50446EFF31185202383F300
:10E460001288BFF36F8FFFF71BFF2046FFF72EFFC9
:10E4700085F31188BFF36F8F38BDF8B504460D469C
:10E48000EFF31187202383F31288BFF36F8FC368E4
:10E4900003F01F03002B14BF0126002609D0FFF74D
:10E4A000FFFE2046FFF712FF29462046ECF7E0FC6E
:10E4B000034687F31188BFF36F8F3BB14FF0FF32F4
:10E4C0004FF0FF3305F10800ECF7A8FB3046F8BD2C
:10E4D000D0E9003213605A600023027CC0E90033A7
:10E4E00022F00202027483607047EFF30580003867
:10E4F00018BF0120704790F90E0070476FF0570069
:10E500007047D0E9003213605A600023C0E900333D
:10E51000704708B5FFF7F5FF037C23F0020303748F
:10E520000023836008BD38B504460D46ECF768FF4C
:10E53000237C43F002032374D5B1A5602B689D4270
:10E5400009D16B68C4E900531C606C6010E06A6814
:10E550009A42F6D01B68002BF3D093F90E1094F971
:10E560000E209142F3DD5A68C4E9003214605C6009
:10E5700038BD10B5EFF31184202383F31288BFF365
:10E580006F8FECF7FDFE84F31188BFF36F8F10BD22
:10E5900008B5EFF31181202282F31288BFF36F8F49
:10E5A00083680BB1FFF7B5FF81F31188BFF36F8F5D
:10E5B00008BD08B5037C014613F0280F0CD1836811
:10E5C0000BB1FFF7A6FF0B7C084623F004030B7486
:10E5D000BDE80840ECF7D4BE08BD10B5EFF31184D8
:10E5E000202383F31288BFF36F8F1838FFF7E1FF02
:10E5F00084F31188BFF36F8F10BD08B50346EFF3A6
:10E600001181202282F31288BFF36F8F006883424A
:10E6100007D008B1FFF77DFF81F31188BFF36F8F3B
:10E6200008BD0020F8E710B5FFF7B2FFBDE81040C5
:10E63000183000F0D0B80846ECF71ABF38B50546D8
:10E6400004680020AC4200D138BD002CFCD020462C
:10E65000FFF75FFF04F1180000F0BDF82046ECF76B
:10E660008FFE2C680120A542EDE710B5EFF3118471
:10E67000202383F31288BFF36F8FFFF7DFFF84F34C
:10E680001188BFF36F8F10BD38B50C460546EDF706
:10E6900079F8B4F1FF3F08BFB5F1FF3F1FBF47F660
:10E6A000FF7300224FF47A71E0FB013216BFD80BE2
:10E6B0004FF0FF3040EA424038BD38B50446EFF332
:10E6C0001185202383F31288BFF36F8F037C5B07D0
:10E6D0000ED5183000F07FF8237C204623F0040389
:10E6E0002374ECF74DFE2846BDE83840ECF7C0BE79
:10E6F00085F31188BFF36F8F38BD38B5EFF31185FF
:10E70000202383F31288BFF36F8F0468A04213D0D5
:10E71000A4B1C4F8841062612046FFF7FAFE04F148
:10E72000180000F058F82046ECF72AFE012085F387
:10E730001188BFF36F8F38BD0020F8E72046F6E759
:10E740002DE9F04706460F4691469A46EFF31188A9
:10E75000202383F31288BFF36F8F0068864206D0B0
:10E7600028B1736898420CBF0025056868B9002479
:10E77000B9F1000F02D051462046C84788F31188EE
:10E78000BFF36F8F2046BDE8F0875146B847044677
:10E790000028EDD135B17368AB4200D02C68284613
:10E7A0002546E3E72C46FAE708B50246EDF7B0F94F
:10E7B00070B1D0E904319B1A61EBE272B3F1004F02
:10E7C00072F1000104DA002AACBF1846002008BD2F
:10E7D0006FF00040FBE7024638B5EFF311852023C8
:10E7E00083F31288BFF36F8F0368D3B1EDF790F90D
:10E7F00004461046EDF79EF900224FF00043844294
:10E80000C0E9042305D0002085F31188BFF36F8F82
:10E8100038BDEDF785F9FFF7C7FF0021E3F742FEAA
:10E82000F1E7D0E90413B3F1004F08BF012902BF9B
:10E8300000204FF00041C2E904016FF01500E3E74A
:10E8400008B5EDF77BFA08BDEDF778BAB3F1FF3FF5
:10E8500008BFB2F1FF3F70B506461D46144614D0FE
:10E860001A4316D0002B08DBEDF768FA041941EBC8
:10E870000501C6E90041304670BD6FF001031C1B65
:10E880004FF0FF3363EB0501F3E74FF0FF34214610
:10E89000EFE70024FBE7B3F1FF3F08BFB2F1FF3F12
:10E8A000F8B5074616461C4610D054EA020311D0AC
:10E8B000EDF744FAB0420A46A14103460AD2F31AE0
:10E8C00064EB0204C7E900343846F8BD4FF0FF336B
:10E8D0001C46F7E70023FBE70023C0E9081200F11C
:10E8E0001802C0E90622C0E900330363436370479E
:10E8F00030B5D0E90034984208D03CB1A568DDB10C
:10E9000012F9522C15F9525CAA4207DDC1E9000444
:10E91000216041600FE0A342F8D01B68002BF5D0C6
:10E920009D684DB115F9525C9542F4DD5A68C1E914
:10E9300000321160596030BD00239B7BFFDE2DE962
:10E94000F84F00250F461446984601462E464FF0D4
:10E95000200AA946BD4202DB3046BDE8F88FEFF33E
:10E96000118B8AF31288BFF36F8F4B7B03F03F0349
:10E97000082B09D853B1013B072B07D8DFE803F078
:10E98000281C06220606062E102B2DD0B8F1000FEB
:10E990003BD12378002B38D04B7B03F03F03082B6F
:10E9A0003AD8002B3AD0013B072B37D8DFE803F0E9
:10E9B0003F393639363636420B699B68002BE5D035
:10E9C000022317E00B691B68002BDFD0042311E042
:10E9D0000B699B68002BD9D001230BE00B691B6AE4
:10E9E000002BD3D0102305E00B69DA895B899A42AA
:10E9F000CCD02023CA68C1F80890C2F38630034304
:10EA000063F39432CA6084F800908BF31188BFF3EB
:10EA10006F8F013514319DE7102B0FD08C600136BC
:10EA2000F3E7224608691030FFF762FFF6E7224657
:10EA30000869F9E7086922462430F5E708692246A3
:10EA40002C30F1E72DE9F041846805460E46D4B13B
:10EA50006378012B22D114F8503C9A0711D5A4F108
:10EA600060073846FFF7DFFD082E14BF00236FF064
:10EA70000303636214F8503CDB0602D13846FFF70B
:10EA800078FD002323700023AB60EB68C3F386326C
:10EA9000164366F39433EB60BDE8F081022BF0D1AE
:10EAA0002378002BEDD054F8048CB8F1000FE8D097
:10EAB00004F11400FFF78FFE0023A4F11407394678
:10EAC0004046E362FFF774FCDBE738B5EFF31185EE
:10EAD000202383F31288BFF36F8F0468A04211D004
:10EAE000D4E9003213605A6000232046C4E90033A1
:10EAF000FFF7A8FF85F31188BFF36F8F201E18BFA3
:10EB0000012038BD0024F5E70023C0E90000836040
:10EB1000704700238360704783680B60C36813608D
:10EB200070472DE9F3470446DDE90A9815460E467D
:10EB300059B302F0010AECF77FFE0746EFF31181AB
:10EB4000202383F31288BFF36F8FA80744BF0023ED
:10EB5000A360A36803EA0600BAF1000F0CD0864256
:10EB60000CD16A0744BF8343A36081F31188BFF3CC
:10EB70006F8F02B0BDE8F0870028F2D159EA080390
:10EB800005D181F31188BFF36F8F0020F1E7C7E94A
:10EB900019652246CDE9009804F10C00ECF7B2FCAF
:10EBA0000028F2D1786EE4E710B50B680446D0E98E
:10EBB000190212F0010F03EA000301D0984211D1AB
:10EBC00083B16366520748BF4A6804F1180044BF26
:10EBD0001A434A60FFF7FFFD00232046C4F8843043
:10EBE000FFF7E7FC002010BD0023C0E900008360B0
:10EBF00070470A46EDF756BA0A460021EDF752BAB9
:10EC00005200FFF78EBF043270B504460ED2EFF308
:10EC10001185202686F31288BFF36F8F41F004011F
:10EC2000984785F31188BFF36F8F08B9002070BD36
:10EC300040F8044BFBE720B1011F50F8040CFFF72C
:10EC4000B1B97047704700207047704710B504464F
:10EC500008B1EDF73FFC2046BDE81040EDF72ABCB7
:10EC60000346C068F8B15888E8B11B8803F44F42E6
:10EC7000B2F5824F02D0B2F5884F09D1DBB2272B13
:10EC80002AD008D8172B0FD0222B34D0122B16D015
:10EC90006FF085007047302B2FD0413B012BF7D808
:10ECA000FF2839D100207047C028FBD0E128F9D0D7
:10ECB000B0F5807F14BF6FF086000020704720F011
:10ECC0002003C02BEED020F08003B3F5807FE9D085
:10ECD00040F209239842EDE7E928E3D0EF28E1D09C
:10ECE00040F21B139842DDD040F299139842D9D0DC
:10ECF00040F23B23EEE7E928F1E720F02003C02BA8
:10ED0000D0D020F04003B3F5807FCBD0B0F5C07FEA
:10ED1000C8D0B0F5007FCDE7B0F5E07FCAE73AB1E3
:10ED2000002918BF00232121D21A184400F0B7BDD2
:10ED300070472DE9F04F9B46002389B08DF81B30BA
:10ED4000159B9146DDE912A7002B0D460B460CBF23
:10ED50004FF400624FF4806207A9DDF85080EDF7B0
:10ED60005BFD0446D0B9079E284631880DF11B0291
:10ED7000EDF7CEFD044688B99DF81B30BB421FD885
:10ED8000CDE90338CDE901BACDF800902B46D6E99C
:10ED900009123046EEF70AFB044608B1C8F80070C5
:10EDA0003A4621465046D8F80030FFF7B8FF07989A
:10EDB000EEF7E6FA002C18BF204609B0BDE8F08F48
:10EDC0006FF08904EAE741F2062398421AD8B0F5B9
:10EDD000905F09D241F2010398420CD0B0F5885FF0
:10EDE00009D06FF0850070476923A0F5905080B27C
:10EDF000C340DB07F5D511F0070F14BF6FF0860095
:10EE000000207047B0F5105FEBD121F04003802B5C
:10EE100006D0B1F5807F14BF6FF0860000207047E8
:10EE20000020704770B5446A05460E463CB9012083
:10EE3000EDF73AFB686228B12046AE6270BD6FF014
:10EE40008A00FBE76FF08C00F8E7F8B51E460F4626
:10EE500015460388C2B103F4E043B3F5805F02D0E6
:10EE6000B3F5005F10D1089BE90019600088FFF737
:10EE7000AAFF044630B92A463946304600F0E9FC7C
:10EE8000079B1D602046F8BD6FF08504FAE710B5BA
:10EE90000446406A10B1A16AFFF7D8FE0020C4E919
:10EEA000090010BD38B50446FFF7F1FF237F012BA1
:10EEB0000FD0023B012B0FD8236A012B14BF6FF038
:10EEC000960500252C220021204600F0E8FC28466B
:10EED00038BD236A002BF1E76FF09605F2E738B5ED
:10EEE00014460288049D02F4E040B0F5805F07D02C
:10EEF000B0F5005F04D002F44F42B2F5824F0ED15C
:10EF0000AC420FD81846224600F0A3FC00212A1B71
:10EF1000204400F0C4FC0020059B1C6038BD6FF04D
:10EF20008500FBE76FF08900F8E7F0B50F461E4655
:10EF3000154685B0CAB100230122336003A9EDF75D
:10EF40006BFC044670B9CDE9005603983B46D0E906
:10EF5000091200F0CEF904460398EEF711FA002CDE
:10EF600008BF0446204605B0F0BD6FF08904F9E7FC
:10EF700070B50488154604F4E042B2F5804F049E53
:10EF800022D144F2010224F4405090420DD004F406
:10EF90004F44B4F5824F08D0B4F5844F05D0B4F592
:10EFA000884F02D0B4F58E4F0ED1B5420FD8184617
:10EFB0002A4600F04EFC0021721B284400F06FFC32
:10EFC0000020059B1D6070BD6FF08500FBE76FF0B2
:10EFD0008900F8E7F0B50F461E46154685B0FAB130
:10EFE000002303A91A463360EDF716FC044688B9DE
:10EFF000039803885B0410D5CDE900563B46D0E961
:10F00000091200F083F904460398EEF7B9F9002CD1
:10F0100008BF0446204605B0F0BD6FF08604F3E754
:10F020006FF08904F6E710B50368044643B100F0B9
:10F03000DCF900232360A3886FF30803A38010BDCD
:10F040001846FCE72DE9FF41984600230C4601686D
:10F05000054616460393002939D14FF4A8720830AB
:10F0600000F01DFCB8F1000F204633460CBF4FF4F2
:10F0700000624FF4806203A9EDF7CEFB0446B8B9F5
:10F08000039F304639882A1DEDF742FC044678B9C3
:10F090006B79394668F300036B71D7E90923284679
:10F0A0000096B8F1000F0FD0EEF798F9044610B1B2
:10F0B0002846FFF7B8FF0398EEF762F9002C18BF57
:10F0C000204604B0BDE8F081EEF7A8F9EEE76FF056
:10F0D0008804EDE70123FFF7B5BF38B5036805469F
:10F0E00014464BB132B100F069F9044610B128461C
:10F0F000FFF799FF204638BD6FF08804FAE72DE945
:10F10000F0411646026805460F469846F2B142792C
:10F11000D2071BD50279CAB1B2421AD800F057F90A
:10F12000044618B10023C8F800602B7137B132468D
:10F1300021463846D8F80030FFF7F1FD2846FFF7A2
:10F1400072FF002C18BF2046BDE8F0816FF08804E4
:10F15000E8E76FF08904E5E71FB501240394089CF4
:10F160000294079C0194069C0094FFF7E2FD04B012
:10F1700010BD2DE9F04705469A46002388B0079355
:10F1800025F0004323F47F03B3F1106F0846DDE957
:10F1900010961746DDF8488023D12B464FF4804265
:10F1A00007A9EDF739FB044660B9CDE90368CDE95D
:10F1B00001A9079800972B46D0E9091200F01DF924
:10F1C000044628B131464846EDF768FDC8F80060AE
:10F1D0000798EEF7D5F8002C18BF204608B0BDE818
:10F1E000F0876FF08604EDE703461B88084603F4BA
:10F1F000E043B3F5805F114602D0B3F5005F01D163
:10F20000EDF74CBD6FF0850070471C22002100F027
:10F2100046BB034668B1017F8A1E012A0BD8032929
:10F22000026A03D1012A01D1FFF73CBE1AB1013AAB
:10F230001A62002070476FF096007047C0B2002835
:10F2400014BF6FF0850000207047002070477047A2
:10F2500000226FF086001A60704700236FF086006E
:10F260000B6070472DE9F041476804463F0A0D46A0
:10F270001646984611D107887F0407D44346324684
:10F2800029462046BDE8F041FFF7AEBF00F0FAF88E
:10F2900010F1860FF2D0BDE8F0816FF08600FAE73A
:10F2A0002DE9F04F476885B03F0A0446DDE90E9A24
:10F2B0000D4616469846DDF840B015D1CDE901ABB4
:10F2C000CDF8009000F0CEF810F1860F0ED1434635
:10F2D000324629462046CDE90FABCDF8389005B02F
:10F2E000BDE8F04FFFF7B1BD6FF0860005B0BDE897
:10F2F000F08F10B44468240A03D15DF8044BFFF783
:10F30000EEBD6FF086005DF8044B70472DE9F347C2
:10F3100047680446DDE90A9A3F0A0D4616469846B4
:10F3200011D1CDE9009A00F08DF810F1860F0CD1C3
:10F330004346324629462046CDE90A9A02B0BDE846
:10F34000F047FFF715BE6FF0860002B0BDE8F0870A
:10F3500010B44468240A03D15DF8044BEEF758B9A1
:10F360006FF086005DF8044B704713B5044648689B
:10F37000000A0AD10498009004F10800EEF7F6F8AC
:10F3800008B91C23236002B010BD6FF08600FAE7B5
:10F3900010B404681C2C04D15DF8044B0830EEF75F
:10F3A00011B96FF086005DF8044B704703681C2BA1
:10F3B00002D1083000F070B90020704703681C2BA0
:10F3C00002D1083000F041B96FF08600704710B4E8
:10F3D00004681C2C04D15DF8044B083000F03EB9E1
:10F3E0006FF086005DF8044B704703681C2B02D158
:10F3F000083000F041B90020704710B44468240A76
:10F4000003D15DF8044B00F04FB96FF086005DF852
:10F41000044B70470020704713B5002001AB144621
:10F42000EEF75AFF30B9019BA34218BF6FF093006B
:10F4300002B010BD6FF09200FAE7002070476FF045
:10F440008500704710B4048804F44F44B4F5824F2B
:10F4500003D15DF8044B00F04EB96FF085005DF804
:10F46000044B704710B4048804F44F44B4F5824F41
:10F4700003D15DF8044B00F06EB96FF085005DF8C4
:10F48000044B704710B4048824F0FF04B4F5E24F35
:10F4900003D15DF8044B00F0B1B96FF085005DF861
:10F4A000044B7047024612F8103B43F3C01303F0BD
:10F4B000870312F8011D83EA4103904213704FEA5B
:10F4C0001323F6D170472DE9FF47054688461446B9
:10F4D00022B3D0F8486100F5947786B94FF010094F
:10F4E000A0440DF10C0A102CA8EB040237D82346D7
:10F4F0003946384600F0F2F8C5F848410EE0C6F14A
:10F5000010094A450FD8B91913460846424600F07B
:10F51000E5F8D5F848312344C5F84831002630468F
:10F5200004B0BDE8F087B9F1000F08D0B919424620
:10F530004B46084600F0D2F8103EC844344410222E
:10F5400003AB019339463B4628460092FFF720FF64
:10F5500006460028C2D02846FFF728FFDFE7102321
:10F560003946384600F0BAF83B461022394628465C
:10F57000CDE9009AFFF70CFF06460028EBD1103CBE
:10F58000B1E72DE9F0439846D0F848311746102BE3
:10F590000446894685B000F5947500F59C721CD12F
:10F5A0002946284600F09AF8102203AB0193294619
:10F5B0002B4620460092FFF7EBFE064630B93A464E
:10F5C0002946484600F045F9C8F800702046FFF784
:10F5D000EDFE304605B0BDE8F083C618104696F83B
:10F5E000283183F0800386F82831FFF75BFF102372
:10F5F0000246D5E7F0B504460E461746D5B04FF49F
:10F60000A672002101A81D4600F049F921463B469B
:10F61000324601A8EDF722FF044680B929465A9ADE
:10F6200001A8FFF750FF044648B9DDE95C235B9968
:10F6300001A8FFF7A6FF0446204655B0F0BD01A87B
:10F64000FFF7B4FEF8E7EDF72FBF90F84C31022B2F
:10F6500001D1FFF738BF6FF08800704710B490F801
:10F660004C41022C03D15DF8044BFFF78ABF6FF0C9
:10F6700088005DF8044B704710B590F84C31044693
:10F68000022B07D1FFF792FE4FF4A872002120460B
:10F6900000F005F9002010BD08B54FF4907200216C
:10F6A00000F0FDF8002008BD10B4048804F44F44B5
:10F6B000B4F5824F03D15DF8044BEDF7E1BF6FF075
:10F6C00085005DF8044B704703460144002013F8A1
:10F6D000012B8B4240EA0200F9D1704730B50B4450
:10F6E00011F8014B12F8015B994284EA050400F815
:10F6F000014BF5D130BDF8B505462F881846DDE938
:10F70000063607F4E04CBCF5804F144606D19A4209
:10F710001ED800F09EF834600020F8BD47F21212A7
:10F72000974202D06FF08500F7E7640001349C42F5
:10F730000ED804226B883460B3F5807F0270F1D15B
:10F740000130EEF727F90028E6D06FF08600E4E7F5
:10F750006FF08900E1E72DE9F0410E4644F2121105
:10F760001F46038815468B42DDF8208042882ED044
:10F7700047F212118B423BD102B9EA00B2F5807F09
:10F7800036D1202D03D06FF08600BDE8F0812946E8
:10F790003046FFF799FF0028F5D03046EEF7E6F83F
:10F7A0000028F0D1D8F8004034F48074EBD1069BE7
:10F7B0009D4220D82A463146384600F04AF8079B39
:10F7C00020461D604FF48073C8F80030DDE71AB999
:10F7D000EB07D8D56A08D200B2F5807F08D1412D59
:10F7E000D1D13378042BCED1701CEEF7C9F8D7E70E
:10F7F0006FF08500C9E76FF08900C6E7F8B51E46CF
:10F8000047F212130C4647880188FD1D99424FEAC2
:10F81000D50502D06FF08500F8BD954216D829466F
:10F820002046EDF73BFA0028F6D129462046FFF79F
:10F830004BFF0028F3D0B7F5807FEBD12046EEF7E1
:10F8400095F80028EBD120233360E5E76FF08900BD
:10F85000E2E70A44431E914200D1704710B511F807
:10F86000014B914203F8014FF9D110BD884210B508
:10F8700001EB020402D98442234607D8431EA14269
:10F8800007D011F8012B03F8012FF8E70244824258
:10F8900000D110BD13F8011D02F8011DF7E7024465
:10F8A0000346934200D1704703F8011BF9E7044671
:10F8B00008B5F1F703FB2046D6F75CFE0139024498
:10F8C00010B5904201D1002005E0037811F8014FF6
:10F8D000A34201D0181B10BD0130F2E7024610B55B
:10F8E00012F8013BA3F14100192811F8010BA0F116
:10F8F000410498BF2033192C98BF20301B1A02D125
:10F900000028EDD110BD1846FCE7C9B203461846E1
:10F9100013F8012B12B18A42F9D17047002918BFA0
:10F9200000207047034670B51E4613F8014B44B1E2
:10F930004A1E01E0A54204D012F8015F002DF9D162
:10F94000F2E7301A70BD10B56AB10139841810F8A9
:10F95000012B11F8013F9A4203D1A04201D0002AA5
:10F96000F5D1D01A10BD1046FCE70139034610B599
:10F9700032B111F8014F013A03F8014B002CF7D1D5
:10F980001A440021934200D110BD03F8011BF9E78E
:10F990000246014410B58A42134603D01C78013256
:10F9A000002CF8D1181A10BD034670B51E4613F886
:10F9B000014B3CB14A1E01E0A542F7D012F8015FAD
:10F9C000002DF9D1301A70BD2DE9F843C3F1370984
:10F9D0000746884603F01F055FFA89F91646384640
:10F9E00041462A460023D2F751F84346D4B23A465C
:10F9F00088460746092C84BF4C44E4B2AA424FF023
:10FA0000000204F13004934106F8014BE7D230467E
:10FA1000BDE8F8832DE9F04F051889B0904641EB19
:10FA20000104029304AB284621460093D2E9002347
:10FA300000F0A7F806AB0746894628462146009302
:10FA40000025D8E9022300F09CF8DDE9042384189E
:10FA500051EB0306069B28BF0125D8E90012ED18DB
:10FA6000079B43F10003791849EB0202B94272EB9C
:10FA70000902D8E9022134BF01200020A21846EB78
:10FA800001018018029A41F10001A042A2F1410A4D
:10FA900071EB0602CDF800A034BF012200225219FA
:10FAA000CDE9065343F1000300F082F8129BC3E94D
:10FAB0000001D8E90221DDE90653039114990129D7
:10FAC000D8E900E027D1A21A0399CDF800A066EB8F
:10FAD0000101774579EB000034BF01200020101AA6
:10FAE00061F10001844276EB010234BF0122002261
:10FAF000AA1A63F1000300F05BF8139BC3E900014D
:10FB0000DDE9062320463146CDF800A000F050F88C
:10FB100009B0BDE8F08F17EB070B49EB090C14EBAC
:10FB2000040846EB0601BB457CEB090934BF0127FD
:10FB3000002718EB070741F10008F3457CEB000CA8
:10FB400034BF01200020381A68F10001801A039A9E
:10FB500061EB02016D195B41A74278EB060234BFED
:10FB600001220022AD1843F10003874278EB01081F
:10FB700034BF01220022AA1A029DA5F1400500957A
:10FB8000B7E7F0B500240D4606469446A0FB0201F7
:10FB90002246059FE5FB0C12A446E5FB0324E3FB8C
:10FBA000061C12EB0C0244F10004C7E90024F0BD6E
:10FBB000F0B5059CC4F14007C4F12006A4F120056E
:10FBC000E04002FA06F6BB4022FA05F5BA4033439C
:10FBD000C4F120062B4301FA06F6A4F120053043B8
:10FBE00021FA05F5E140284319431043F0BD2DE902
:10FBF000F0410446CE0FC1F30A55C1F3130140F2A0
:10FC0000FF70167154EA01076BD1002D71D12C469B
:10FC10002946002B156060DB0C2B60DCC3F10D0561
:10FC20000120AD0005F1FF3CA5F12107C5F121063A
:10FC300000FA07F720FA06F600FA0CF03743061828
:10FC400047EB0708D6F1000E68EB480C013E48F17F
:10FC5000FF38264008EA0108B04277EB080810DBBD
:10FC6000C5F12008B5F1200624FA05F501FA08F8D7
:10FC700058BF41FA06F645EA080558BF3543ED0777
:10FC800003D52018044641EB070104EA0E0401EAFB
:10FC90000C019DF8186018460D250532C6F127069F
:10FCA00004F00F03240944EA0174091163B9A8425E
:10FCB0000DDA013DF4D21AE01DB90125A5F2FF3598
:10FCC000A7E741F48011F9E7092BC8BF9B1930332E
:10FCD000A8425355B8BF2846EBE70023D9E70D23C8
:10FCE000D7E78542E8D146F0080600201671BDE846
:10FCF000F0818542E5D146F00406F6E7D1E9043209
:10FD000093421EBF5A1C0A61187070470E1EFD7F79
:10FD100001000000596A0100000000003D4601009A
:10FD200000000000000000008CFE030039A7020064
:10FD30000000000095A70200000000000000000085
:10FD4000CCFE030000000000ACFE03007BAC03000F
:10FD50000000000000000000ECFE030000000000B6
:10FD60000CFF0300000000002CFF03004D230200E5
:10FD700000000000B165010000000000000000006C
:10FD80004CFF03009539020000000000E5AC0200C2
:10FD900000000000000000006CFF030000000000F5
:10FDA0008CFF030000000000CCFF030000000000F7
:10FDB000ECFF0300000000004C0004000000000005
:10FDC0006C000400000000000C00040000000000B3
:10FDD000AC000400000000002C0004000000000043
:10FDE0008C00040000000000ACFF0300257F010030
:10FDF0000000000053AC0300000000005DAC0300F5
:10FE00000000000000000000EC0004000000000002
:10FE1000CC000400E53403000000000000000000F6
:10FE2000EC010400000000000C01040000000000D0
:10FE30002C010400000000004C0104000000000040
:10FE40006C010400000000008C01040000000000B0
:10FE5000CC01040000000000AC010400F5790100B1
:10FE600000000000256B010000000000ED81010092
:10FE700000000000FD550100000000008DEB0100B6
:10FE8000000000007951010000000000CD3804009E
:10FE90005423040090060400442E00201C6200201D
:10FEA0005505020000000000000000001E3904009B
:10FEB000082404006C0504004E2E0020E06200209F
:10FEC000D50B020000000000142900202A3904008C
:10FED0001C2404006C050400502E0020EC6200205D
:10FEE000D50B02000000000024290020D8380400AF
:10FEF0000000000034050400462E00200000000031
:10FF0000A18903000000000000000000E7380400A1
:10FF10000000000074230400482E002000000000B0
:10FF2000AD8903000000000000000000E13904007A
:10FF30000000000074060400722E0020142C002023
:10FF4000B52502000000000000000000593904003F
:10FF5000A4290020E00504005C2E0020606300203E
:10FF6000351102000000000000000000F738040016
:10FF700084230400540504004A2E0020D8280020C1
:10FF80001909020000000000C8280020BD38040044
:10FF9000CC230020C01C04003C2E0020483600204A
:10FFA0004D1F03000000000000000000A238040004
:10FFB0002C230400E82204003E2E0020C02700204D
:10FFC000F1F301000000000000000000AD38040063
:10FFD0000000000028050400402E00200000000062
:10FFE00085FF01000000000074280020B6380400DE
:10FFF0000000000084060400422E00208428002017
:020000040004F6
:1000000000000000000000000000000004390400AF
:10001000000000003C0504004C2E00200000000001
:10002000E10A020000000000000000003639040070
:100030004429002090050400522E0020F862002080
:100040000B910300000000003429002064390400F3
:10005000FC240400F40504005E2E0020BC290020CE
:100060000D98030000000000AC2900206E39040048
:1000700058250400F4050400602E0020EC2900201F
:10008000F597030000000000DC290020CF390400B0
:100090009C2704006C0604006E2E00204C2A0020D1
:1000A000151D0200000000003C2A0020D839040081
:1000B0000C2804006C060400702E0020382B002051
:1000C000151D020000000000282B002078390400D4
:1000D000C4250400AC060400622E0020E863002062
:1000E000619C03000000000000000000883904004B
:1000F000F4250400AC060400642E002000640020F7
:10010000619C030000000000000000003F39040073
:100110005C24040000000000542E00205C630020DA
:100120004910020000000000742900205439040026
:100130008C240400A8050400562E002000000000B6
:10014000899503000000000000000000473904000A
:10015000AC240400C4050400582E00200000000058
:10016000B1960300000000008429002051390400EA
:10017000C4240400C40504005A2E0020000000001E
:10018000B196030000000000942900209B39040070
:10019000A4260400FC050400662E0020186400203C
:1001A000D5150200000000000C2A0020A53904002B
:1001B000BC26040018060400682E0020606400209D
:1001C0008B9E03000000000000000000BF39040007
:1001D00018270400340604006A2E0020CC64002096
:1001E00035190200000000001C2A0020C939040053
:1001F00070270400500604006C2E00205846002092
:10020000911C0200000000002C2A002000000000C9
:100210002D310300000000002D310300000000001C
:100220002D310300000000002D310300000000000C
:100230002D310300A3B5030039AE03000000000018
:100240002D310300000000002D31030000000000EC
:100250002D310300F862002099600200382B002045
:10026000EBB90300000000002D3103004C2A0020F0
:10027000EBB9030004250020A19003006956020099
:1002800039AE0300000000002D3103000000000023
:100290002D310300000000002D310300000000009C
:1002A0002D310300000000002D310300000000008C
:1002B0002D31030000000000DD23020000000000DB
:1002C0002D310300000000002D310300142C00200C
:1002D00035BD0300000000002D31030000000000C8
:1002E0002D310300000000002D310300000000004C
:1002F0002D310300000000002D310300000000003C
:100300002D310300000000002D310300000000002B
:100310002D310300EC29002063B70300BC29002025
:1003200063B70300000000002D310300000000004F
:100330002D310300000000002D31030000000000FB
:100340002D310300000000002D31030000000000EB
:100350002D310300000000002D310300A1440200F4
:1003600039AE03007D4E020039AE030000000000EC
:100370002D310300000000002D31030000000000BB
:100380002D310300000000002D31030000000000AB
:100390002D310300000000002D310300000000009B
:1003A0002D310300000000002D310300000000008B
:1003B0002D310300000000002D31030005F601007F
:1003C00039AE03006D62020039AE03000000000088
:1003D0002D310300000000002D310300000000005B
:1003E0002D310300000000002D310300000000004B
:1003F0002D310300000000002D310300000000003B
:100400002D310300000000002D310300000000002A
:100410002D310300000000002D310300000000001A
:100420002D310300000000002D310300000000000A
:100430002D310300FFFFFFFFA046002090AF0020FA
:100440000010000015300200000000000000000055
:100450000000000007000000000000000E3A040049
:10046000FFFFFFFFFFFFFFFF7047002090BF00204E
:10047000001000006D2F02000000000000000000CE
:10048000000000000700000000000000263A040001
:10049000FFFFFFFFFFFFFFFF7835002030750020D2
:1004A00000080000094201000000000000000000F8
:1004B000000000000A0000000000000003300400FB
:1004C000000000000000000028440020909F002051
:1004D00000080000EDEA010000000000000000003C
:1004E000000000000E00000000000000873804003B
:1004F0000000000000000000A03400203071002047
:1005000000040000913C0100000000000000000019
:10051000000000000700000000000000D32F0400CE
:10052000FFFFFFFFFFFFFFFF11FE01008D01020033
:1005300058020000A589030000000000D98F0300C5
:100540006D0B0200090B0200D90A0200A58F0300FF
:10055000C90A02008D8E03009B8D0300BF8C03002F
:10056000390802000F8B030029080200210C020049
:10057000019003000D900300219003002B900300D5
:1005800035900300ED0D02004990030000000000CB
:10059000FF920300000000004391030000000000F0
:1005A00000000000B99203000000000000000000FD
:1005B0004195030000000000000000000000000062
:1005C0000000000000000000000000004B96030047
:1005D000079603000000000000000000000000007B
:1005E00023970300FF9603001B9703001F97030048
:1005F0004B97030025980300E997030000000000D3
:100600000000000000000000F91502000F9D03002B
:10061000000000000000000031290100000000007F
:1006200085A203001B9E0300F122010000000000D0
:1006300000000000000000000000000000000000BA
:10064000D3A30300591902000000000000000000BD
:1006500000000000000000000000000073A503007F
:10066000C91B02000000000000000000491D02003C
:1006700075A6030057AA030093AA030045250200AC
:100680002FAA0300218803005F880300E787030087
:10069000B5050200F388030059890300000000003B
:1006A000918803000000000000000000FD9B030093
:1006B000E19C03001B9C0300339C0300000000002E
:1006C0004D9C03000000000000000000000000003E
:1006D000000000000000000000000000000000001A
:1006E0000000000000000000000000000500000005
:1006F00011B0010006000000F9D60100040000005E
:10070000A5BC0100592D0200912C02000000000040
:1007100000000000EDAA030000000000F92C020018
:10072000E9AA03006FAB0300000000000000000016
:1007300000000000000000000000000000000000B9
:10074000C9CC010000000000000000000000000013
:100750000000000098210400080000001C1D040097
:1007600007000000B428040006000000562F040013
:10077000000000000000000005340100A935010060
:1007800000000000593604000000000000000000D6
:10079000D97B0100857E0100000000006438040060
:1007A00001000000000000002F67030000000000AF
:1007B0000000000073380400010000000000000089
:1007C000CD6D030000000000000000006B38040045
:1007D000010000000000000011C10100DDCB01009C
:1007E000000000007F38040001000000000000004D
:1007F00099E7010025E601000000000079380400B7
:10080000010000000000000091C4010095C5010036
:10081000000000000C01040045260200000000005A
:10082000104C00202C000000000000000000000020
:10083000202300203C4C00200800000000000000A5
:100840000000000040230020C45000200C000000E5
:100850000000000000000000802300203A6E00200D
:1008600001000000000000000000000060230020E4
:100870000000000000230020DF0F03000000000044
:10088000F82200201D10030000000000F0220020CC
:100890005D310100200804007008040034080400E1
:1008A0007C0804004808040088080400FFFFFFFFDC
:1008B0009565020006000000FF000000FF00000038
:1008C000FF000000FF000000FF000000FF0000002C
:1008D000FFFFFFFFFFFFFFFFFFFFFFFFFFFFFFFF28
:1008E0000100000001000000000200000002000002
:1008F0000000000001030062746C6500000000004D
:1009000000000000000000000000000000000000E7
:1009100000000000000000000000000000000000D7
:1009200000000000000000000001000000000000C6
:100930000338FDD8704700000100000000000000EF
:100940000500000000000000190000000000000089
:100950007D000000000000007102000000000000A7
:10096000350C000000000000093D00000000000000
:100970002D31010000000000E1F50500000000003D
:1009800065CD1D0000000000F90295000000000088
:10099000DD0EE90200000000514A8D0E000000004B
:1009A0009573C24800000000E941CC6B01000000D3
:1009B0008D49FD1A07000000C16FF2862300000078
:1009C000C52EBCA2B1000000D9E9AC2D780300000F
:1009D0003D9160E45811000031D6E275BC5600002C
:1009E000F52E6E4DAEB10100C9EA26836778080086
:1009F000ED95C28F055A2A00A1EDCCCE1BC2D300C3
:100A000025A4000A8BCA2204000000000000000098
:100A100000000000000000100000000000000000C6
:100A2000B9340332B7F4AD1410DB1AB30892540E84
:100A30000D307D951447BA1A66088F4D26ADC66DE8
:100A4000F598BF85E2B74511CA96853D92BD1DEB6D
:100A5000FCA11860DCEF52163C92AE220BB8C1B478
:100A6000839D2D5B0562DA1C304C7E8F4E8BB25B12
:100A700016F4529F8B56A512FBD4827643ED8AF072
:100A80008FE7F9311565191850F19BD94A13EEB467
:100A9000284CF0A686C1251F035FC270CB9E491665
:100AA000E642889C44EB2014B0650836AD6EA585FF
:100AB00085F0CA14E2FD031A0B899979D5B13D0975
:100AC000D8DA973A35EBCF10AC363F5E73BB38CFF0
:100AD0003E6752FA44AFBA15010000000000000062
:100AE0000000000000000020345065C05FC9A6521D
:100AF000BB13CBAEC440C21806C8DF7100D5A87CBA
:100B0000F56F0FDA58FC27136E4756357D242065A4
:100B100002C7E768E48CA41DE9E60268D7CD396115
:100B20007977FCC2405BEF16798CDE43FFA751F961
:100B300091F3B278F5BDBE11E857E9D6E8BEE87B7F
:100B4000B054AC8F848D751BEA23A499E9F9D38B3B
:100B5000B7A3714061DA3E15CEE33ECB73F9480886
:100B60008C97B427D51B7010A2BFEFB9EB85321557
:100B70004DB44DB49BBB6F1996B6076CF8E7EEAD5C
:100B800036D9B4F59135AE13222218AF4E6A684DAE
:100B900091DAAA3D4F40741E9FBD9EE006A1C09809
:100BA00057C2A7FDA40E90170E7D497173E3208FE5
:100BB000B220D87605143B12853D7434811343B0BE
:100BC000AD297A5F27F4351C080D0400E00B040002
:100BD00000000000000000004B00000025030000A2
:100BE00024130400FC1204007412040048120400D0
:100BF0002812040008120400E81104001011040077
:100C0000981004006C100400BC1104009C11040036
:100C1000401004007C110400E40F0400BC12040026
:100C200094120400C01004005C110400640F04005E
:100C3000DC120400E810040038110400181004004D
:100C4000D4150400B41504009415040074150400B0
:100C5000501504009C14040070140400481404008F
:100C6000C0140400A81304002C1504002014040070
:100C700008150400F8130400E4140400D013040061
:100C80000C1A0400E0190400EC1A0400CC1A040049
:100C9000881A04005C1A0400AC1A0400BC19040091
:100CA0009819040070190400401904001C1904006C
:100CB000EC180400B41804007C1804004018040068
:100CC00068170400401704001C170400D81604001D
:100CD00020180400E8170400BC170400941704004F
:100CE000AC160400881604005C160400201C0400E6
:100CF000F41B0400D41B0400A81B0400741B040094
:100D00000C1B04000000000005120100000001009F
:100D10000911010004000400913801400C00011089
:100D2000953801400C002110993801400C00011049
:100D30009D3801400C000A10A13801400C00011040
:100D4000A53801400C000110A93801400C00011029
:100D5000AD3801400C002110B13801400C002110C9
:100D6000B53801400C000A10B93801400C001010D1
:100D7000BD3801400C000110C13801400C001010BA
:100D8000C53801400C000110C93801400C00141096
:100D9000CD3801400C000110D13801400C00211069
:100DA000D53801400C002110D93801400C00011049
:100DB000DD3801400C006C10E13801400C000110DE
:100DC000E53801400C002110E93801400C00011009
:100DD000ED3801400C000210213801400C000130B8
:100DE000253801400C000130293801400C00013049
:100DF0002D3801400C000130313801400C00043026
:100E0000353801400C000130393801400C00B83051
:100E10003D3801400C000830413801400C000430DE
:100E2000453801400C000830493801400C000430BE
:100E30004D3801400C000830513801400C0004309E
:100E4000553801400C000830593801400C0004307E
:100E50005D3801400C000830413801400C00F8605A
:100E6000453801400C000C60D13801400C00017085
:100E7000D53801400C000170D93801400C000170D8
:100E8000DD3801400C00E470E13801400C000170D5
:100E9000613801400C000190653801400C00019060
:100EA000693801400C001B906D3801400C00249003
:100EB000713801400C000190753801400C001D9004
:100EC000793801400C0028907D3801400C00E090FA
:100ED000813801400C002A90853801400C000890B0
:100EE000893801400C0002908D3801400C000190BF
:100EF000913801400C001890953801400C00019089
:100F0000993801400C002C909D3801400C001C9039
:100F1000A13801400C000890A53801400C00039056
:100F2000A93801400C000190AD3801400C0003903D
:100F3000813801400C0006C0853801400C0008C013
:100F4000893801400C0001C08D3801400C0008C0F8
:100F5000913801400C001BC0953801400C00D0C0F6
:100F600000000000800F04007C0F0400000000005F
:100F700000000000160000002A0000000000000031
:100F800005170100000021000917010021003100B0
:100F90000C125440281258102C12591030125A10AA
:100FA00034125B1038125C103C125D1040125E105F
:100FB00044125F10481260104C12611050126210FF
:100FC00054126310581264105C126510601266109F
:100FD00064126710A0106810A4106910A8106A109D
:100FE0000000000000100400FC0F040000000000DE
:100FF00000000000050000000500000000000000E7
:1010000004100010081404400C11084010140C4087
:1010100014141040000000003410040030100400CC
:1010200000000000000000000200000002000000BC
:101030000000000004120010081001100000000061
:1010400060100400581004000000000000000000C0
:101050000100000001000000441304000000000033
:101060000518014004000C00000000008C10040072
:1010700084100400000000000000000001000000D7
:10108000010000007013040000000000051801209A
:101090000200080000000000B4100400B0100400BA
:1010A000000000000000000001000000010000003E
:1010B00000000000051701000000210000000000F2
:1010C000DC100400D8100400000000000000000044
:1010D00001000000010000000000000005170100F1
:1010E00000002100000000000411040000110400B1
:1010F00000000000000000000100000001000000EE
:1011000000000000051701000000210000000000A1
:101110002C11040028110400000000000000000051
:1011200001000000010000000000000005170100A0
:1011300000002100000000005411040050110400C0
:10114000000000000000000001000000010000009D
:1011500000000000041200100000000078110400DC
:1011600074110400000000000000000000000000F6
:1011700000000000000000000000000098110400C2
:1011800094110400000000000000000000000000B6
:10119000000000000000000000000000B811040082
:1011A000B411040000000000000000000000000076
:1011B000000000000000000000000000DC1104003E
:1011C000D411040000000000000000000100000035
:1011D0000100000044130400000000000518014055
:1011E00004000C00000000000412040000120400BF
:1011F00000000000000000000000000000000000EF
:10120000000000000000000024120400201204006E
:1012100000000000000000000000000000000000CE
:10122000000000000000000044120400401204000E
:1012300000000000000000000000000000000000AE
:1012400000000000000000006812040060120400AA
:10125000000000000000000001000000010000008C
:1012600070130400000000000518012002000800AF
:1012700000000000901204008C1204000000000026
:10128000000000000000000000000000000000005E
:1012900000000000B0120400AC12040000000000C6
:1012A000000000000100000001000000000000003C
:1012B000051701000000210000000000D812040002
:1012C000D412040000000000000000000000000034
:1012D000000000000000000000000000F812040000
:1012E000F4120400000000000000000000000000F4
:1012F00000000000000000000000000018130400BF
:1013000014130400000000000000000001000000B1
:10131000010000000000000005170100000021008E
:1013200000000000401304003C1304000000000013
:1013300000000000000000000000000000000000AD
:1013400000000000601304005C13040000000000B3
:101350000000000003000000030000000000000087
:1013600004110040081104400C1108400000000066
:101370008C1304008813040000000000000000002B
:10138000060000000600000000000000041100102C
:10139000081101100C110210101103101411041087
:1013A0001811062000000000C4130400C01304003C
:1013B0000000000000000000020000000200000029
:1013C000000000000411004008110440000000006B
:1013D000EC130400E813040000000000000000000B
:1013E00002000000020000000000000004110040A4
:1013F0000814044000000000141404001014040039
:1014000000000000000000000200000002000000D8
:101410000000000004110040081404400000000017
:101420003C14040038140400000000000000000018
:101430000200000002000000000000000411004053
:101440000814044000000000641404006014040048
:101450000000000000000000020000000200000088
:1014600000000000041100400814044000000000C7
:101470009014040088140400000000000000000024
:101480000100000001000000F4150400000000004D
:10149000052805400400240000000000B8140400E2
:1014A000B41404000000000000000000010000006F
:1014B0000100000000000000041000100000000007
:1014C000DC140400D8140400000000000000000038
:1014D00001000000010000000000000004110040B5
:1014E0000000000000150400FC14040000000000CF
:1014F00000000000010000000100000000000000EA
:101500000411004000000000241504002015040010
:1015100000000000000000000100000001000000C9
:101520000000000004110040000000004815040005
:10153000441504000000000000000000010000004D
:101540000100000000000000041100400000000045
:101550006C15040068150400000000000000000085
:101560000100000001000000000000000411004024
:1015700000000000901504008C150400000000001D
:10158000000000000000000000000000000000005B
:1015900000000000B0150400AC15040000000000BD
:1015A000000000000000000000000000000000003B
:1015B00000000000D0150400CC150400000000005D
:1015C000000000000000000000000000000000001B
:1015D00000000000F0150400EC15040000000000FD
:1015E00000000000000000000000000000000000FB
:1015F00000000000181604000C1604000000000093
:10160000000000000300000003000000301604008A
:1016100030160400000000000411004009180140C9
:1016200008000C000D18014018000C00000000001C
:101630004C160400481604000000000000000000E2
:10164000030000000300000000000000041400403C
:10165000081404400C140840000000007816040030
:1016600074160400000000000000000003000000E9
:101670000300000000000000041200100812011016
:101680000C12021000000000A4160400A0160400B2
:101690000000000000000000010000000100000048
:1016A000000000000412001000000000C816040032
:1016B000C416040000000000000000000300000049
:1016C00003000000000000000412001008120110C6
:1016D0000C12021000000000F4160400F0160400C2
:1016E00000000000000000000900000009000000E8
:1016F0000000000004120010081201100C11044038
:101700001011084014110C40181110401C10141036
:1017100020101510241016100000000038170400C7
:101720003417040000000000000000000100000069
:101730000100000000000000041200100000000082
:101740005C170400581704000000000000000000AF
:10175000020000000200000000000000041200105F
:101760000812011000000000841704008017040014
:101770000000000000000000030000000300000063
:101780000000000004120010081201100C110440A7
:1017900000000000B0170400AC17040000000000B7
:1017A0000000000002000000020000000000000035
:1017B000041200400810041000000000D8170400B4
:1017C000D417040000000000000000000200000028
:1017D00002000000000000000517010000001B00CF
:1017E00008101B100000000004180400001804007A
:1017F00000000000000000000500000005000000DF
:10180000000000000517010000001B0008121C402A
:101810000C10201010122440141228400000000068
:101820003C1804003818040000000000000000000C
:1018300000000000000000000000000000000000A8
:101840005C180400581804000000000000000000AC
:10185000040000000400000000000000041200105A
:1018600009170100010011000D220D2014000100D4
:101870001122062024000100000000009818040036
:1018800094180400000000000000000004000000A4
:1018900004000000000000000517010000001B000C
:1018A00008121C400D1601002000BC001010DC10B6
:1018B00000000000D0180400CC1804000000000054
:1018C000000000000500000005000000000000000E
:1018D0000517010000001B0008121C400C1220100C
:1018E00010122110141224400000000008190400F6
:1018F00004190400000000000000000003000000C4
:101900000300000000000000041200100812011083
:101910000D17010002001B00000000003819040030
:101920003419040000000000000000000100000065
:101930000100000000000000041200100000000080
:101940005C190400581904000000000000000000A9
:101950000300000003000000000000000517010064
:1019600000001B0008121C400C1220400000000068
:101970008C19040088190400000000000000000019
:101980000100000001000000000000000517010038
:1019900000001B0000000000B4190400B01904008E
:1019A0000000000000000000010000000100000035
:1019B000000000000412001000000000D81904000C
:1019C000D419040000000000000000000100000025
:1019D00001000000000000000412001000000000E0
:1019E000FC190400F81904000000000000000000C9
:1019F00003000000030000000000000004120010BB
:101A0000081104400C11081000000000281A0400FE
:101A1000241A04000000000000000000060000007E
:101A20000600000000000000051201000000010097
:101A3000091601000200CA000D110100CC000400CB
:101A400011110100D000040015160100D40022007D
:101A500019110100F600010000000000781A0400CE
:101A6000741A0400000000000000000002000000E2
:101A70000200000000000000051601000000DE006A
:101A80000812E04000000000A41A0400A01A04009C
:101A90000000000000000000010000000100000044
:101AA000000000000410001000000000C81A04002C
:101AB000C41A040000000000000000000000000044
:101AC000000000000000000000000000E81A040010
:101AD000E41A040000000000000000000000000004
:101AE000000000000000000000000000081B0400CF
:101AF000041B0400000000000000000000000000C3
:101B00000000000000000000000000002C1B04008A
:101B1000241B04000000000000000000060000007C
:101B200006000000501B040000000000041200101A
:101B3000081204400D1601000800BC001010C4106B
:101B40001412C84019180110CD0001000000000057
:101B50006C1B0400681B0400000000000000000073
:101B6000010000000100000000000000041200104D
:101B700000000000901B04008C1B0400000000000B
:101B8000000000000400000004000000000000004D
:101B90000412001009170100010018000C1219109E
:101BA00010121A1000000000C41B0400C01B040027
:101BB0000000000000000000020000000200000021
:101BC000000000000412002009220420040001008B
:101BD00000000000F01B0400EC1B040000000000EB
:101BE00000000000000000000000000000000000F5
:101BF00000000000101C04000C1C04000000000089
:101C000000000000020000000200000000000000D0
:101C1000041200200922042004000100000000003A
:101C20003C1C0400381C0400000000000000000000
:101C30000100000001000000000000000522042057
:101C4000020001000000000001000000E92C040077
:101C500002000000ED2C040004000000F62C04003B
:101C600008000000FF2C040010000000052D0400F7
:101C7000200000000E2D040040000000142D040080
:101C8000800000001D2D040000010000242D040030
:101C9000B90F03003530010000000000950F03006C
:101CA000D930010000000000710F03009D300100D9
:101CB000000000004D0F0300DB0E030000000000D9
:101CC000954601008F1F0300F1480100000000004D
:101CD0003D4901002D4A0100C91D03003D1E0300BE
:101CE000D11D0300031E0300ED1D0300D71D0300DB
:101CF0000000000000000000BF200300B12003002E
:101D0000BB200300AF200300000000000000000023
:101D100000000000000000009F200300822C04004F
:101D2000316A0300000000007E2C04000000010066
:101D30007A2C0400256F030000000000942400208A
:101D400000000100722C04008F2D0300472D0300BA
:101D500000000000000009006E2C0400256F030045
:101D6000000000008C24002000000100662C04000C
:101D7000132D03000000000000000000000001001F
:101D8000622C0400256F0300000000008424002062
:101D9000000001005A2C0400055201000000000060
:101DA0000000000000000100C1540100000000001C
:101DB0000000000000000000892F03000000000068
:101DC0006D2F03000000000007310300D424002021
:101DD000CC240020C424002000000000BC240020EB
:101DE0005D5701002D56010081560100F556010096
:101DF0000A000000000000000000000000000100D8
:101E00000C000400020000000000000000000E00B2
:101E10006CFF03000300000000000100000200004E
:101E20000C000400040000000000010000000E008F
:101E30000C000400050000000002010000FE0D007F
:101E40000C000400060000000002010000FE0D006E
:101E50000C0004000800000000000E000000040058
:101E60006CFF03000900000000000F0000000100EB
:101E70000C0004000A0000000000120000006E00C8
:101E80006CFF03000B000000000080000000F00069
:101E90006CFF03000020002000000000060001008D
:101EA00002000000A81E040000000000DE3504004F
:101EB00002000000E0FF0F0000200020E6350400D3
:101EC00021000000E0FF0620E0240020AD660100B4
:101ED000000000000D32030083340300613403006E
:101EE00000000000956C010083350300B735030046
:101EF000EB35030021360300473603007736030035
:101F0000A3360300416D0100D5360300A96D010021
:101F10006B380300353703006B3703009F3703002E
:101F2000E1370300E738030015380300E16D0100D5
:101F3000CC1E0400401F0400470000000000000009
:101F40007CF40120CC1E0400541F0400FB0100009F
:101F5000000000006CFA0120CC1E0400681F040081
:101F600047000000000000000C200220CC1E0400EE
:101F70007C1F040002010000000000002C21022050
:101F80000E030000958D01000F040000918E0100EA
:101F90001A01000023490300050400009981010093
:101FA00013010000094B03003E010000658301009E
:101FB00001120000A14B03000A1E0000A34B030006
:101FC000FF0100003D8201003E0100005D82010032
:101FD00005040000AD49030008040000A54C0300FF
:101FE000300300003F4C030010010000D5490300FE
:101FF000011200002D8D01000A1E0000EF4D0300AC
:1020000003090000154A0300040B00008F4A030077
:10201000060A0000C34E0300070A0000DD49030062
:102020000C050000C74B0300050C0000FB4D03002E
:1020300012050000B59C010013080000AD54030018
:10204000CC1E04005020040003010000000000002A
:1020500048220220CC1E040064200400000000007E
:102060000000000030360220CC1E0400782004005E
:10207000000100000000000080360220DB58030051
:102080002D590300000000000000000000000000C7
:10209000D75A03000000000000000000000000000C
:1020A0000000000002020100735F0300040401004D
:1020B000B9B401000606010015B7010008040100CB
:1020C000D5B701000A0201005B5F03000C040100A8
:1020D000435F03000E040100B5B5010020040100B8
:1020E00049B6010010040100E9B801001202010024
:1020F000056003001E000400D165030052020000C9
:102100002B6003000104020031C001000302020041
:1021100067650300050102009965030007040200DA
:10212000A965030009010200AD6503000B00020070
:10213000B16503000D000200B56503000F00020049
:10214000B965030021020200BD6503001101020010
:10215000C165030013000200C565030017040200F7
:10216000C965030019000200CD6503001B020300CE
:10217000895C03001D020500C55C03002304030005
:10218000775C0300CC1E04009421040002010000CF
:102190000000000010420220B22C0400316A03004B
:1021A00000000000AE2C040000000100AA2C040076
:1021B000256F0300000000007027002000000100D0
:1021C000A22C04000000000000000000000000003D
:1021D000000000009E2C0400036A03009DC601005D
:1021E00078270020000003009A2C0400256F0300CC
:1021F000000000006827002000000100922C04006D
:10220000696A0300FF6C0300000000000000030087
:102210008E2C0400256F03000000000060270020C2
:1022200000000100862C0400E9CA01000000000043
:10223000000000000000010075DE0100017C0300C9
:102240006DE301000000000000000000CDE101008E
:10225000000000000000000000000000000000007E
:10226000000000000000000089DC01000600000002
:102270000D79030006000000AD7803001000000097
:1022800055D8010010000000B77B030001000000DA
:102290004975030010000000097903000A000000DE
:1022A000397603001000000051E201000700000031
:1022B0001179030010000000E77503000100000021
:1022C00089DB01004000000051780300100000008D
:1022D0002D760300010000003C230400442F002061
:1022E00000000000000000000000000051F50100A7
:1022F000A9F30100B1EF01007DF50100000000002D
:1023000049EF0100A1F50100D5EF010089F30100BB
:1023100000000000ADF101006DF20100F5F00100D8
:1023200057870300818703007987030002000000BC
:10233000030000004DF1010000000000A987030028
:10234000000000009187030011050200E104020073
:10235000000000006D060200ED0502009D890300EB
:1023600099890300818903008D8903007B8903001B
:1023700087890300C38903000000000004000000F7
:1023800000FF00000000000000000000000000004E
:10239000000000000000000000000000000000003D
:1023A000020000000000000BF40100000001010029
:1023B00000008000C2281700BC23040000B00250B7
:1023C000C823040002000000E82304000400000009
:1023D000D8230400040100001180001D0D80001F9F
:1023E0000E8000201286001E1100001D0D00001F2F
:1023F0000E0000201200001E000800000010000067
:102400000400000000FF0000FFFF000000288450CF
:10241000042500200000000001000000FFFFFFFF76
:10242000002584500425002000000000000000006A
:10243000009000503C2404000200000054240400DA
:10244000020000004C240400020100002280000C65
:102450002380000B2200000C2300000B1E00000054
:102460000200000074240400C8450020E50F0200AB
:1024700000000000ACFE03000E001100020000008E
:10248000ACFE03000D00110001000000030000007D
:1024900094240400ACFE030008000000ACFE03001E
:1024A00006000000ACFE0300070000000100000071
:1024B000B42404004C000400000000008096980042
:1024C0000000000003000000CC2404006C000400A5
:1024D00000000000002D3101000000006C0004002D
:1024E00001000000002D3101000000006C0004001C
:1024F00002000000002D310100000000000000007B
:1025000000000000000000000000000000000000CB
:1025100000040000E803020101010000FA6D002040
:10252000040000000000000000000000342504004A
:102530000024F400002002504025040002000000A6
:102540005425040001000000502504000101000092
:102550002F8000162F000016000000000000000071
:102560000000000000000000000000000004000067
:10257000E803020101010000026E002004000000D7
:102580000000000000000000902504000024F4007A
:10259000001002509C25040002000000B825040031
:1025A00003000000AC250400030100002880001691
:1025B0002680001727800018280000162600001724
:1025C0002700001800000080FFFFFF7F0000008050
:1025D00000000080FFFFFF7F00000080000000007F
:1025E00000000000E83F040000FF0A00CCFE0300EA
:1025F0001F00000000000080FFFFFF7F0000008040
:1026000000000080FFFFFF7F00000080000000004E
:1026100000000000E83F040000FF0A00CCFE0300B9
:102620000F000100000024F40000127A0000093DB0
:102630000080841EFF583E0F548C93070090D003F7
:102640001038EC019062F40000127A0000093D009D
:1026500080841E0040420F0020A1070090D003009C
:1026600048E80100FFFFFF7FFFFFFF7FFFFFFF7FC5
:10267000FFFFFF7FFFFFFF7FEA51B87EFFFFFF7F75
:1026800021DBF97EFFFFFF7FFFFFFF7FC776BE7F65
:10269000F4285C7FFFFFFF7FEA51B87EFFFFFF7FDA
:1026A000FFFFFF7F2C00040076000000B02604002E
:1026B000799D03008D9D0300D19D03008C000400D3
:1026C00000127A0000010100ACFE030004000100CA
:1026D00000000000010000000000000008270400C6
:1026E000F4260400CCFE03001700000000000000E8
:1026F00000000000B6390400E83F04004801000073
:1027000000000000000000008FA003002DA00300C7
:10271000B3A003007BA003002C0004001000000005
:102720006427040002000000010000000600000011
:102730000200000008000000030000000A00000082
:10274000000000000F000000040000001400000062
:102750000500000019000000060000001E00000037
:1027600007000000EBA40300A7A40300FFA40300DC
:10277000CCFF03000201090400000202000058021D
:102780000C00000080A2190020BF0200CCFE030054
:1027900010000000640000000000000005A6030017
:1027A000C027040003A70300F4270400096F0020DA
:1027B000016F002000127A00FFFFFF0300000000FD
:1027C00000C00050CC27040002000000E8270400ED
:1027D00003000000DC270400030100001D8000044A
:1027E0001C8000051A8000061D0000041C00000566
:1027F0001A000006CCFE030016000100ACFE030028
:1028000004000100CCFE030018000100FBA503003A
:102810003028040003A7030064280400196F002077
:10282000116F00200048E801FFFFFF0102000000D7
:1028300000A000503C2804000200000058280400BA
:10284000030000004C280400030100000580000480
:10285000098000050A800006051800040918000513
:102860000A180006CCFE03000B0001006C000400F7
:1028700000000000002D3101000000006C00040089
:1028800001000000002D3101000000006C00040078
:1028900002000000002D310100000000ACFE03002A
:1028A0000E00110002000000ACFE03000D0011003C
:1028B00001000000CE2C0400316A0300000000007B
:1028C0007441040000000100CA2C0400256F0300BD
:1028D00000000000A42C0020000001005241040070
:1028E00000000000000000000000000000001000D8
:1028F000C62C0400036A03009DC601002465002065
:1029000000003000C22C0400256F0300000000000E
:102910009C2C002000000100304104000000000059
:102920002D2C02000000000000003000010100001A
:10293000082E00200400000002000000010000003A
:10294000080000000800000003000000080000006C
:10295000030000005B3A04006E3A0400813A040070
:10296000943A0400A73A0400BA3A0400CD3A0400AD
:10297000E03A0400000000006410B71DC8206E3B60
:10298000AC30D9269041DC76F4516B6B5861B24D76
:102990003C7105502083B8ED44930FF0E8A3D6D6E0
:1029A0008CB361CBB0C2649BD4D2D38678E20AA048
:1029B0001CF2BDBD14FD03001CFD03006CFD0300F3
:1029C00074FD030074FE03008CFE0300823D0400CE
:1029D00000010000000000009FF80300512563FC87
:1029E000C2CAB9F3849E17A7ADFAE6BCFFFFFFFF8A
:1029F000FFFFFFFF00000000FFFFFFFFAAAAAAAA37
:102A0000AAAAAAAAAAAAAAAA5555555555555555CE
:102A1000555555550000000055555555522563FC38
:102A2000C2CAB9F3849E17A7ADFAE6BCFFFFFFFF49
:102A3000FFFFFFFF00000000FFFFFFFF512563FCC9
:102A4000C2CAB9F3849E17A7ADFAE6BCFFFFFFFF29
:102A5000FFFFFFFF00000000FFFFFFFF96C298D8B6
:102A60004539A1F4A033EB2D817D0377F240A463B7
:102A7000E5E6BCF847422CE1F2D1176BF551BF37C0
:102A80006840B6CBCE5E316B5733CE2B169E0F7C93
:102A90004AEBE78E9B7F1AFEE242E34F4B60D22760
:102AA0003E3CCE3BF6B053CCB0061D65BC86987656
:102AB00055BDEBB3E7933AAAD835C65AFCFFFFFFE2
:102AC000FFFFFFFFFFFFFFFF00000000000000000E
:102AD0000000000001000000FFFFFFFFFF8FFFFF6D
:102AE000FF8FFFFFFE8FFFFFFE8FFFFFFD8FFFFFBA
:102AF000FC8FFFFFFC8FFFFFFB8FFFFF4661696CC0
:102B000020746F2061637175697265206D757465DD
:102B1000780A00004661696C20746F20696E6372E8
:102B20006561736520504D20636F756E7465720A20
:102B3000000000006D757465785F667265652063DE
:102B4000616C6C65642077697468204E554C4C202C
:102B5000706172616D6574657200000043616E277B
:102B60007420696E697469616C697A65206D757429
:102B700065782C20776173204E554C4C0D0A00006F
:102B8000466174616C206572726F7200436F756C80
:102B900064206E6F74206C6F636B20706F7765724A
:102BA0002073617665206D75746578000000000003
:102BB00000000000000000000000000000000040D5
:102BC000955969595555545515555556040515418E
:102BD0001054554045515544404550445055554575
:102BE00000400040400444966555565545404554C4
:102BF000514115405591555555554051050100001D
:102C00005445545445550504001004101404400064
:102C100000000140555515415404000044000100D6
:102C200000000040410000445044455054005555B8
:102C300054556551004000400100000100050100AD
:102C40001154515154555505001541500000044090
:102C5000100104050000000009040000042A00001F
:102C6000042A000003280000012A0000012A0000B5
:102C700003280000002A0000002A000003280000AA
:102C800000180000002800002A2B00002A2B00005A
:102C900003280000292B0000292B00000328000036
:102CA00002290000052A0000052A00000328000070
:102CB000011800000028010003000C000C000000B7
:102CC00090010000032800000229000003280000F2
:102CD000002877C295F360D2EF7F3552500F2CB6A3
:102CE00079802B00257325730070696E00736F6601
:102CF00074776172650062726F776E6F75740070C1
:102D00006F776572007761746368646F67006465EC
:102D10006275670073656375726974790077616BBA
:102D2000657570006C6F636B7570005365747469C2
:102D30006E677320696E697469616C697A61746920
:102D40006F6E206661696C6564004C454473206950
:102D50006E697469616C697A6174696F6E2066610D
:102D6000696C65640042757A7A657220696E69746F
:102D700069616C697A6174696F6E206661696C65FE
:102D80006400427574746F6E20696E697469616C59
:102D9000697A6174696F6E206661696C6564004D63
:102DA0006F74696F6E2073656E736F7220696E69E0
:102DB0007469616C697A6174696F6E206661696CAF
:102DC000656400456E7669726F6E6D656E74207312
:102DD000656E736F7220696E697469616C697A617E
:102DE00074696F6E206661696C6564005761746315
:102DF00068646F6720696E697469616C697A61746F
:102E0000696F6E206661696C6564004C454420738F
:102E100065727669636520696E697469616C697A47
:102E20006174696F6E206661696C6564004D6F74D2
:102E3000696F6E207365727669636520696E697467
:102E400069616C697A6174696F6E206661696C652D
:102E50006400426C7565746F6F746820696E697484
:102E600069616C697A6174696F6E206661696C650D
:102E70006400446576696365206D6F64756C6520D8
:102E8000696E697469616C697A6174696F6E2066D4
:102E900061696C65640053656E736F7273206D6F4A
:102EA00064756C6520696E697469616C697A6174B6
:102EB000696F6E206661696C65640044657669635C
:102EC0006520757064617465206D6F64756C652034
:102ED000696E697469616C697A6174696F6E206684
:102EE00061696C6564005761746368646F6720731F
:102EF00065747570206661696C65640064657669E7
:102F000063652F75617274006170706C69636174C0
:102F1000696F6E2F6465766963652F736572696189
:102F20006C007075626C69630030303A30303A3052
:102F3000303A30303A30303A30300046463A464641
:102F40003A46463A46463A46463A464600303030D9
:102F50003030303030006170706C69636174696F5B
:102F60006E006170706C69636174696F6E2F646567
:102F7000766963652F6D616300454D4245444F5846
:102F80000025732E257300312E302E3237007261EA
:102F90006E646F6D007075626C69632D6964007298
:102FA000616E646F6D2D6964003078253032780071
:102FB000253032583A253032583A253032583A25A1
:102FC0003032583A253032583A25303258202825A8
:102FD0007329006C65645F7468726561645F69641D
:102FE000007468696E677935332F6E7266353334D5
:102FF000302F637075617070005468696E67793A3C
:10300000353300696D755F736572766963655F74EA
:1030100068726561645F6964004661696C6564201B
:10302000746F207265626F6F743A207370696E6E90
:10303000696E6720656E646C6573736C792E2E2ED5
:103040000A006364635F61636D5F30006364635FA4
:1030500061636D5F73657269616C002A2A2A204280
:103060006F6F74696E6720454D42496F5420286226
:103070007920454D4245444F58204C414253204C05
:1030800074642E292076312E302E32372D32336261
:10309000326666386339336639202A2A2A0A002ABA
:1030A0002A2A205573696E67206E524620436F6E40
:1030B0006E6563742053444B2076332E342E312DAD
:1030C000623230663836313962613961202A2A2A03
:1030D0000A002A2A2A205573696E67205A6570688B
:1030E0007972204F532076342E342E322D333366AE
:1030F000613661376161633661202A2A2A0A006DD0
:10310000757465785F696E69742063616C6C656461
:103110002077697468204E554C4C20706172616D47
:103120006574657200436F756C64206E6F74206106
:103130006C6C6F63617465206D7574657820626571
:10314000666F726520696E697469616C697A696E0F
:10315000670072302F61313A20203078253038787E
:10316000202072312F61323A202030782530387893
:10317000202072322F61333A202030782530387881
:103180000A0072332F61343A2020307825303878A5
:10319000207231322F69703A20203078253038780B
:1031A000207231342F6C723A2020307825303878F4
:1031B0000A0020787073723A2020307825303878F1
:1031C0000A00735B2532645D3A2020307825303860
:1031D000782020735B2532645D3A202030782530DA
:1031E00038782020735B2532645D3A2020307825C2
:1031F0003038782020735B2532645D3A20203078A7
:10320000253038780A0066707363723A202030786F
:10321000253038780A004661756C74696E672069DC
:103220006E737472756374696F6E20616464726525
:10323000737320287231352F7063293A2030782536
:103240003038780A00556E68616E646C6564204998
:1032500052516E3A2025640A002A2A2A2A2A205529
:1032600053414745204641554C54202A2A2A2A2AB0
:103270000A0020204469766973696F6E20627920A4
:103280007A65726F0A002020556E616C69676E6501
:1032900064206D656D6F7279206163636573730A75
:1032A000002020537461636B206F766572666C6FCB
:1032B000772028636F6E7465787420617265612071
:1032C0006E6F742076616C6964290A0020204E6F4D
:1032D00020636F70726F636573736F7220696E73B2
:1032E0007472756374696F6E730A002020496C6C88
:1032F0006567616C206C6F6164206F662045584380
:103300005F52455455524E20696E746F2050430AE7
:10331000002020496C6C6567616C20757365206FB7
:10332000662074686520455053520A00202041747D
:1033300074656D707420746F20657865637574654D
:1033400020756E646566696E656420696E7374725B
:10335000756374696F6E0A002A2A2A2A2A20425548
:1033600053204641554C54202A2A2A2A2A0A002052
:1033700020537461636B696E67206572726F720AA5
:10338000002020556E737461636B696E67206572EF
:10339000726F720A00202050726563697365206441
:1033A00061746120627573206572726F720A002009
:1033B000204246415220416464726573733A203062
:1033C0007825780A002020496D70726563697365FD
:1033D000206461746120627573206572726F720A75
:1033E000002020496E737472756374696F6E206279
:1033F0007573206572726F720A002020466C6F61CF
:1034000074696E672D706F696E74206C617A7920B3
:103410007374617465207072657365727661746926
:103420006F6E206572726F720A002A2A2A2A2A2079
:103430004D5055204641554C54202A2A2A2A2A0A02
:10344000002020537461636B696E67206572726F30
:10345000722028636F6E74657874206172656120D4
:103460006D69676874206265206E6F742076616C88
:103470006964290A00202044617461204163636506
:1034800073732056696F6C6174696F6E0A00202037
:103490004D4D46415220416464726573733A203049
:1034A0007825780A002020496E73747275637469F8
:1034B0006F6E204163636573732056696F6C61742E
:1034C000696F6E0A0052657365727665642045788F
:1034D00063657074696F6E20280053707572696F30
:1034E000757320696E746572727570742028495204
:1034F000512000535053454C20696E20746872650A
:103500006164206D6F646520646F6573206E6F74F5
:1035100020696E646963617465205053500A002A03
:103520002A2A2A2A2048415244204641554C5420F8
:103530002A2A2A2A2A0A00202042757320666175E9
:103540006C74206F6E20766563746F722074616294
:103550006C6520726561640A0020204465627567AD
:10356000206576656E740A0020204661756C7420B3
:10357000657363616C6174696F6E20287365652083
:1035800062656C6F77290A00415243485F45584392
:10359000455054207769746820726561736F6E209E
:1035A00025780A0A002A2A2A2A2A20446562756791
:1035B000206D6F6E69746F722065786365707469D1
:1035C0006F6E202A2A2A2A2A0A002A2A2A2A2A2030
:1035D000257320256429202A2A2A2A2A0A00464CF3
:1035E0004153485F30005352414D5F300065786968
:1035F000740061626F727428290A002F007573626B
:1036000064006E616D650062742F25732F25303262
:1036100078253032782530327825303278253032AE
:10362000782530327825752F25730062742F257325
:103630002F253032782530327825303278253032D7
:1036400078253032782530327825750062742F2540
:1036500073005A6570687972006274004254204C9D
:103660005720575100287075626C696329002872D1
:10367000616E646F6D2900287075626C69632D69D5
:103680006429002872616E646F6D2D696429006180
:10369000636C5F696E5F706F6F6C00646973636108
:1036A000726461626C655F706F6F6C0073796E63DA
:1036B0005F6576745F706F6F6C00574553545F544D
:1036C0004F504449522F7A65706879722F73756232
:1036D0007379732F626C7565746F6F74682F686F80
:1036E00073742F6863695F636F72652E6300627421
:1036F0005F6863695F6576745F6765745F666C6158
:103700006773286864722D3E657674292026202808
:1037100031554C203C3C2028312929004153534548
:103720005254494F4E204641494C205B25735D2041
:10373000402025733A25640A006576745F666C61E3
:1037400067732026202831554C203C3C2028302906
:1037500029006275660009556E61626C6520746FA0
:1037600020616C6C6F6320666F7220486F737420E9
:103770004E43500A00657272203D3D2030000955CD
:103780006E61626C6520746F2073656E6420486F93
:103790007374204E43502028657272202564290AD4
:1037A0000009436F6E74726F6C6C657220756E7277
:1037B0006573706F6E736976652C20636F6D6D61D4
:1037C0006E64206F70636F646520307825303478C4
:1037D0002074696D656F75742077697468206572EF
:1037E000722025640A00425420525820575100315B
:1037F0002E306200312E3100312E3200322E300058
:10380000322E3100332E3000342E3000342E310071
:10381000342E3200352E3000352E3100352E320058
:10382000352E3300352E3400362E3000362E310042
:10383000362E3200362E33006863695F636D645F35
:10384000706F6F6C00667261676D656E7473006196
:10385000636C5F74785F706F6F6C006174745F701D
:103860006F6F6C0062742F6363630062742F686112
:1038700073680062742F63660062742F7363006262
:10388000742F6B65797300696E707574007564636D
:103890005F65705F706F6F6C007564635F6E7266FA
:1038A0007800757362644033363030300061646391
:1038B00040653030300062745F6863695F697063CF
:1038C00030006E72665F62745F68636900636C6F7C
:1038D000636B403530303000656E74726F70795FA5
:1038E00062745F6863690063727970746F40353029
:1038F000383434303030006D783235723634333508
:1039000066403000666C6173682D636F6E74726F11
:103910006C6C657240353030333930303000677050
:10392000696F40383432383030006770696F403822
:103930003432353030006932634039303030006223
:103940007574746F6E730070776D62757A7A6572D4
:103950000070776D6C656473006D626F78403261E2
:103960003030300070776D40323230303000707758
:103970006D4032313030300073656E736F722D7070
:1039800077722D6374726C00726567756C61746F09
:10399000722D3376332D6374726C00626D65363828
:1039A00038403736007370692D6465762D626D6915
:1039B0003237304031006D61785F6669666F006252
:1039C0006D6D313530403130007662617474007352
:1039D000706940633030300073706940613030305E
:1039E000007761746368646F67403138303030004D
:1039F000253032583A253032583A253032583A2557
:103A00003032583A253032583A2530325800626CFC
:103A1000655F6D6F64756C655F72785F7468726501
:103A200061645F696400626C655F6D6F64756C658D
:103A30005F74785F7468726561645F696400756E55
:103A40007265676973746572656420257320627599
:103A5000730A0067656E65726963006D6574616CF9
:103A60003A20656D657267656E63793A20006D6511
:103A700074616C3A20616C6572743A2020202020B9
:103A8000006D6574616C3A20637269746963616C7E
:103A90003A2020006D6574616C3A206572726F7215
:103AA0003A2020202020006D6574616C3A207761F7
:103AB000726E696E673A202020006D6574616C3A01
:103AC000206E6F746963653A20202020006D657454
:103AD000616C3A20696E666F3A2020202020200019
:103AE0006D6574616C3A2064656275673A202020C8
:103AF0002020002E2E006C6974746C656673007350
:103B0000747265616D2066756C6C00696F206572FA
:103B1000726F7200696E76616C69642064617461B1
:103B20005F73697A6500696E76616C6964206669A5
:103B3000656C642074797065007375626D736720BD
:103B400073697A65206368616E6765640062797481
:103B500065732073697A652065786365656465645B
:103B6000007A65726F2D6C656E677468207374726D
:103B7000696E6700756E7465726D696E61746564F7
:103B800020737472696E6700696E76616C69642077
:103B90006669656C642064657363726970746F72C2
:103BA000006D697373696E672072657175697265FE
:103BB00064206669656C640063616C6C6261636B50
:103BC000206572726F72006172726179206D617826
:103BD0002073697A6520657863656564656400288B
:103BE0006E6F6E652900696E76616C696420657818
:103BF00074656E73696F6E00656E642D6F662D73EC
:103C0000747265616D00766172696E74206F76659D
:103C100072666C6F7700696E76616C696420776993
:103C200072655F7479706500706172656E7420737F
:103C3000747265616D20746F6F2073686F727400A9
:103C400077726F6E6720776972652074797065008E
:103C5000696E746567657220746F6F206C6172673E
:103C600065006279746573206F766572666C6F7734
:103C7000006E6F206D616C6C6F6320737570706F78
:103C800072740073697A6520746F6F206C6172675B
:103C90006500737472696E67206F766572666C6F0B
:103CA0007700696E636F7272656374206669786508
:103CB00064206C656E677468206279746573207324
:103CC000697A65006172726179206F766572666CDF
:103CD0006F77006661696C656420746F207365742A
:103CE0002064656661756C7473007375626D7367CB
:103CF0002063616C6C6261636B206661696C6564F2
:103D0000007A65726F207461670077726F6E67204A
:103D100073697A6520666F722066697865642063CE
:103D20006F756E74206669656C640025733A206651
:103D3000726565696E67206E6F6E2D656D70747942
:103D4000207669727471756575650D0A00756E650A
:103D50007870656374656420627566666572206854
:103D6000656C6420636F756E7465720D0A007278FD
:103D70005F76710074785F7671004E53006D6169F3
:103D80006E00737973776F726B7100696E66006E87
:103D9000616E00286E756C6C290000010103010042
:103DA0000301465320436F6E6669677572617469DB
:103DB0006F6E004344432041434D20736572696137
:103DC0006C206261636B656E64005A65706879721D
:103DD0002050726F6A656374002B2C2A1ED9FBFB7E
:103DE000FBFBFBFBFBFBFBFBFBFBFBFBFBFBFBFB23
:103DF000FBFBFBFBFBFBFBFBFBFBFBFBFBFBFBFB13
:103E0000FBFBFBFBFBFBFBFBFBFBFBFBFBFBFBFB02
:103E1000FBFBFBFBFBFBFBFBFBFBFBE4E5FBFBFB1F
:103E2000FBEAEBECFBFBEFFBFBACFBF4FBFBF7FB78
:103E3000FBFBFBFBFBFEF2FBFBFBFBFBFBFBFBFBD8
:103E4000FBFBFBFBFBFBFBFBFBFBFBFBFBFBFBFBC2
:103E5000FBFBFBFBFBFBFBFBFBFBFBFBFBFBFBFBB2
:103E6000FBFBFBA6FBFBFBFBFBFBFBFBFBFBE4E524
:103E7000FBFBFBFBEAEBECFBFBEFFBFBFBFBF4FBD5
:103E8000FBF7FBFBFBFBFBFBFE30313233343536FB
:103E90003738394142434445460000FFFFFFFFFFEA
:103EA000FF00000000000000FFFFFFFFFFFF000019
:103EB00000000000000000000000100080000080F2
:103EC0005F9B34FB010400020000000200000000C0
:103ED00000000005000000000000000000000000DD
:103EE0000000000500090909090102090909090979
:103EF0000909090909090709090909090609090937
:103F00000909090909090909090909090905010234
:103F100004E69D350E480103CCDBFDF4AC1191F4B1
:103F2000EFB9A5F9E9A7832C5E2CBE97F2D203B0B6
:103F3000208BD28915D08E1C742430ED8FC245633E
:103F4000765C15525ABF9A32636DEB2A65499C80A4
:103F5000DC01010101010203020203040005061F46
:103F60001F2918120308020305080A0008010304A8
:103F70000105040509060701010606080000010005
:103F80000100030100030202010002000000000022
:103F900002030100036C888391AAF5A53860370BF2
:103FA000DB5A6083BE00070E091C1B1215383F3612
:103FB0003124232A2D06010501040107020301050E
:103FC00002020103020504010101020103010401CF
:103FD000060108010C0110011801200140018000B8
:103FE000010203040506070BC82E002E802E1A00BE
:103FF000C82E002EC82E002EC82E002EC82E002E31
:10400000C82E002EC82E002E9032212E59F51030C9
:10401000212E6AF51A242200802E3B00C82E444728
:1040200022003700A400FF0FD10007AD802E00C191
:10403000802E00C1802E00C1802E00C1802E00C1C4
:10404000802E00C1802E00C1802E00C1802E00C1B4
:10405000802E00C1802E00C100000000000011244D
:10406000FCF580304042505000301224EB00033009
:10407000002EC1865A0EFB2F212EFCF5132463F56A
:10408000E03C48002230F780C242E17F3A25FC86BE
:10409000F07F4133982EC2C4D66FF130F108C46F5F
:1040A0001124FF03122400FC6109A20836BE2AB9BC
:1040B0001324380064BBD1BE940A7108D54221BDD7
:1040C00091BCD242C14200B2FE82052F5030212E57
:1040D00021F2002E002ED02EF06F02300242202658
:1040E000E06F023103409A0A0242F037052E5EF774
:1040F000100812241EF280428384F17F0A251330B7
:1041000083423B82F06F002E002ED02E124052428E
:10411000002E124052423E84004040427E82E17FA7
:10412000F27F982E6AD62130232E61F5EB2CE16FB9
:10413000029ECADC240EE5A9E093F3A3B502004079
:104140006E029ECADC240EE5A9E093F3A3B502003B
:10415000406E029ECADC240EE5A9E093F3A3B503EA
:1041600000406E029ECADC240EE5A9E093F3A3B5DD
:104170000300406E029ECADC240EE5A9E093F3A37F
:10418000B50100406E0020303030303030303030FB
:1041900030303030300001090000000D010203040E
:1041A0000506070810141400001C2030401C2000D5
:1041B000001C2030400040000000000055100300AB
:1041C00000000000000100000000000000000000EE
:1041D00000000000000000000000000000000000DF
:1041E000000000000000000000000000393801005D
:1041F00000000000000100000000000000000000BE
:1042000000000000000000000000000000000000AE
:10421000000000000000000000000000853C0100DC
:10422000000000000001000000000000000000008D
:10423000000000000000000000000000000000007E
:1042400000000000000000000000000069400100C4
:10425000000000000001000000000000000000005D
:10426000000000000000000000000000000000004E
:10427000000000000000000000000000E57A0100DE
:10428000000000000001000000000000000000002D
:10429000000000000000000000000000000000001E
:1042A000000000000000000000000000000000000E
:1042B00000000000000000000000000000000000FE
:1042C00000000000000000000000000000000000EE
:1042D00000000000000000000000000000000000DE
:1042E00000000000000000000000000000000000CE
:1042F00000000000000000000000000000000000BE
:1043000000000000000000000000000000000000AD
:10431000000000000000000000000000000000009D
:1043200000000000B58A010000000000000000004D
:10433000000000000000000000000000000000007D
:10434000000000000000000000000000000000006D
:10435000000000000000000000000000000000005D
:10436000000000000000000000000000000000004D
:10437000000000000000000000000000000000003D
:10438000000000000000000000000000000000002D
:10439000000000000000000000000000000000001D
:1043A000000000000000000000000000000000000D
:1043B00000000000000000000000000000000000FD
:1043C000000000000000000000000000ECFF0300FF
:1043D00000000000000000000000000000000000DD
:1043E00000000000000000000000000000000000CD
:1043F0000000000000000000000000004422002037
:10440000442200200000000001000000542200208F
:10441000542200205C2200205C22002000000000CA
:10442000010000006C2200206C220020000000002F
:10443000000000000000000000000000000000007C
:10444000000000000000000000000000000000006C
:10445000000000000000000000000000000000005C
:10446000000000000000000000000000000000004C
:10447000000000000000000000000000000000003C
:10448000000000000000000000000000000000002C
:10449000000000000000000000000000000000001C
:1044A0000000000000000000010000000E000000FD
:1044B000010000000E000000010000000E000000DE
:1044C00000C201000001030000C20100000103005E
:1044D0004F11030085380100FFFFFFFF2423002058
:1044E00024230020010000000100000034230020EC
:1044F000342300200E000000FFFFFFFF44230020B4
:10450000442300200100000001000000542300208B
:10451000542300200E000000FFFFFFFF6423002053
:10452000642300200100000001000000742300202B
:10453000742300200E000000FFFFFFFF84230020F3
:1045400084230020010000000100000094230020CB
:10455000942300200E000000000000000000000076
:104560000000000000010000E050002000000000FA
:10457000000000000000000000010000D0500020FA
:104580006F19030000000000000007200000010078
:104590004CFF0300000000004CFF0300010000007E
:1045A0000100000000000000000000000002000008
:1045B00000000000EC2D00200C2400200000000072
:1045C00000000000000000000000000000040100E6
:1045D00000000000A23D04002203000000000000D3
:1045E00000000000000303000000000000000000C5
:1045F00000030000000000000000000000020100B5
:1046000000000000B33D04002E0300000000000085
:10461000000000000001010000000000CA3D04008D
:104620001E03000000000000000000000000000069
:1046300000000000582C0400040300005E2C04005D
:10464000000002006A2C040000000200762C040026
:1046500000000A00343000203A0000002030002022
:104660003A000000D02F00203A000000A82F0020C0
:104670003A0000000C3000203A00000048300020D2
:104680003A000000582F00203A000000843000203B
:104690003A000000F41D0400000000000332030093
:1046A0000000000000000000F0240020F0240020A2
:1046B00000000000000000000E00000000D00050CC
:1046C00000000000000000000000000000000000EA
:1046D00000000000000000000000000000000000DA
:1046E00000000000000000000000000000000000CA
:1046F00000000000000000000000000000000000BA
:1047000000000000000000000000000000000000A9
:104710000000000000000000000000000000000099
:104720000000000000000000000000000000000089
:104730000000000000000000000000000000000079
:104740000000000000000000000000000000000069
:104750000000000000000000000000000000000059
:104760001000000010000000000000000000000029
:1047700000000000400000002000000000000000D9
:104780006057002020570020005700200000000044
:104790000000000000000000000000000000000019
:1047A0000000000000000000000000000000000009
:1047B00000000000000000000000000000000000F9
:1047C00000000000000000000000000000000000E9
:1047D00000000000000000000000000000000000D9
:1047E00000000000000000000000000000000000C9
:1047F00000000000000000000000000000000000B9
:1048000000000000000000000000000000000000A8
:104810000000000000000000000000000000000098
:104820000000000000000000000000000000000088
:104830000000000000000000000000000000000078
:104840000000000000000000000000000000000068
:104850000000000000000000000000000000000058
:1048600000000000497D0100000000000000000081
:1048700000000000D18D01000000000000000000D9
:10488000000000007D820100000000000000000028
:10489000000000004D9F010000000000000000002B
:1048A00000000000499E0100000000000000000020
:1048B0000000000039A60100000000000000000018
:1048C0000000000091A201000000000000000000B4
:1048D000DDB6010071BF0100ED64030000000000BF
:1048E0000000000099BA0100816303000B6403001B
:1048F000F5B30100000000000000000069BD0100E8
:104900000000000000000000936F030000000000A2
:1049100000000000000000008A2C040000000200DB
:10492000962C040000000A00A62C040000002000C1
:104930000000000000000000000000000000000077
:10494000000000000000000000000000516B0300A8
:10495000000000009C2700209C2700200000000091
:10496000000000000E000000B0270020B02700204B
:1049700051E1010000000000000000000000000004
:104980000000000000000000000000000000000027
:104990000000000000000000000000000000000017
:1049A0000000000000000000000000000000000007
:1049B00000000000000000000000000000000000F7
:1049C00000000000000000000000000000000000E7
:1049D00000000000000000000000000000000000D7
:1049E00000000000000000000000000000000000C7
:1049F000000000000000000000000000442800202B
:104A00004428002000000000000000000E0000000C
:104A10000000000000000000000000000000000096
:104A20000000000000000000000000008000000006
:104A300000000000D7870300000000000000000015
:104A40000000000000000000C23804000000000068
:104A5000DF87030000000000650302000000000083
:104A6000ECFF0300AC280020AC2800200000000070
:104A700001000000BC280020BC2800208CFF03009F
:104A80000000000000000000290A020000000000F1
:104A9000D8280020D82800200100000001000000D4
:104AA000E8280020E8280020F0280020F028002036
:104AB0000000000001000000002900200029002063
:104AC00000000000000000000000000000000000E6
:104AD000000000009D9003000000000000000000A6
:104AE000000000009D900300000000008001000015
:104AF00000000000B9930300000000000000000067
:104B0000000000000000400600000101E1900300E9
:104B100010000000550F020030240400F16E002048
:104B2000FFFF000000000000000000000000000087
:104B3000000000005D940300000000000000000081
:104B4000000000008F96030000000000000000003D
:104B5000000000008F96030000000000FFFF00002F
:104B6000FFFF000000000000000000005B99030050
:104B700000000000002002500000000000000000C3
:104B80000000000000000000000000000000000025
:104B90000000000000000000000000005B9903001E
:104BA00000000000001002500000000000000000A3
:104BB00000000000000000000000000000000000F5
:104BC000000000000000000000000000D9130200F7
:104BD000000000000000000000000000E9190200D1
:104BE000000000000000000000000000251B020083
:104BF00000000000000100000000000067A90300A1
:104C00000000000000C00050000000000000000094
:104C10000000000000000000000000000000000094
:104C20000000000000000000000000000000000084
:104C30000000000000000000000000000000000074
:104C40000000000000000000000000000000000064
:104C50000000000000000000000000000000000054
:104C60000000000000000000000000000000000044
:104C7000B82A0020B82A002000000000010000002F
:104C8000C82A0020C82A0020D02A0020D02A0020CC
:104C90000000000001000000E02A0020E02A0020BF
:104CA0000000000000000000000000000000000004
:104CB00000000000000000000000000000000000F4
:104CC00000000000000000000000000000000000E4
:104CD00000000000000000000000000000000000D4
:104CE000000100000000000067A9030000000000B0
:104CF00000A00050000000000000000000000000C4
:104D000000000000000000000000000000000000A3
:104D10000000000000000000000000000000000093
:104D20000000000000000000000000000000000083
:104D30000000000000000000000000000000000073
:104D40000000000000000000000000000000000063
:104D5000000000000000000000000000A42B002064
:104D6000A42B00200000000001000000B42B002054
:104D7000B42B0020BC2B0020BC2B00200000000026
:104D800001000000CC2B0020CC2B002000000000F4
:104D90000000000000000000000000000000000013
:104DA0000000000000000000000000000000000003
:104DB00000000000000000000000000000000000F3
:104DC0000000000000000000000000000080015012
:104DD00000000000000000000000000000000000D3
:104DE00000000000000000000000000000000000C3
:104DF00000000000000000000000000000000000B3
:104E00000000000000000000502C0020502C00206A
:104E10000000000001000000602C0020602C002039
:104E20001DAB030039AB03000000000000000000D0
:104E30000000000000000000000000000000000072
:104E4000F9AA030000000000912B0200F5AA03005C
:104E5000000000004141040000000C006341040018
:104E60000000100001010000192E002007100000B2
:104E7000092E0020092000001A2E00200001000049
:104E800083040000A0000000F0000000000000000B
:104E90000000000003040000A0000000F00000007B
:104EA000000000000090D003FF000000FF000000A1
:104EB000533A040000000000F1630200000000000B
:104EC00000000000000000000000000000000000E2
:104ED0000000000000000000000000009002000040
:104EE000282D0020282D0020302D0020302D0020DE
:104EF0004BEC030047EC030000000000A1E00200BF
:104F00009C2D0020942D00208C2D002000000000FE
:104F1000842D002009E6020055E5020089E5020023
:104F2000D1E50200742D00207C2D00206C6B002048
:104F30003A00003A706B00203A00003A746B00208F
:104F40003A00003A786B00203A00003A7C6B00206F
:104F50003A00003A806B00203A00003A3503000026
:104F6000CB00000051000000986B00206C2D002049
:104F7000702D0020C42D0020582D0020502D002021
:104F80004C2D0020482D002030303A30303A30305F
:104F90003A30303A30303A30300030303030303023
:104FA0003030000209020000000100807D12010083
:104FB00002EF020140E32F0400040400000000019E
:104FC000069ECADC240EE5A9E093F3A3B5010040D8
:104FD0006E06454D4245444F582E64656661756CBA
:104FE000740000000000000000000000000000004D
:104FF00000000000000000000000000000000000B1
:1050000000000000000000000000000000000000A0
:105010000000000000000000000000000000000090
:10502000000000000000000000000000742E0020BE
:10503000742E0020B44D0220000000000200000089
:105040002C00000000000000902E0020902E002078
:10505000309E00200000000002000000B0000000B0
:1050600000000000AC2E0020AC2E0020F4F1012046
:1050700000000000040000006400000000000000C8
:10508000C82E0020C82E002024F1012000000000BE
:10509000040000003400000000000000E42E0020A6
:1050A000E42E00200C4E0220000000000A00000048
:1050B0001C00000000000000002F0020002F002036
:1050C000FCF30120000000000800000010000000B8
:1050D0000000000000000000D0F00020540001009B
:1050E00000000000000000000000000030850020EB
:1050F000800100000000000000000000000000002F
:10510000E44F022000040000000000000000000046
:10511000582F0020582F0020000000000000000041
:105120000E0000006C2F00206C2F002000000000FB
:10513000000000000E000000802F0020802F0020C3
:1051400000000000000000000E000000942F00206E
:10515000942F002000000000000000000E0000005E
:10516000A82F0020A82F0020000000000000000051
:105170000E000000BC2F0020BC2F0020000000000B
:10518000000000000E000000D02F0020D02F0020D3
:1051900000000000000000000E000000E42F0020CE
:1051A000E42F002000000000000000000E000000BE
:1051B000F82F0020F82F0020000000000000000061
:1051C0000E0000000C3000200C3000200000000019
:1051D000000000000E0000002030002020300020E1
:1051E00000000000000000000E000000343000202D
:1051F0003430002000000000000000000E0000001D
:10520000483000204830002000000000000000006E
:105210000E0000005C3000205C3000200000000028
:10522000000000000E0000007030002070300020F0
:1052300000000000000000000E000000843000208C
:105240008430002000000000000000000E0000007C
:1052500098300020983000200C0000001000000062
:10526000244F0220E44F0220244F0220244F02202A
:1052700000000000BC300020BC3000200000000016
:10528000C8300020C83000200C0000000A000000D8
:1052900084F30120FCF3012084F3012084F3012036
:1052A00000000000EC300020EC3000200000000086
:1052B000F8300020F830002000000000010000005D
:1052C000083100200831002010310020103100206A
:1052D00001000000010000002031002020310020EA
:1052E000283100202831002000000000FFFFFFFFD0
:1052F000383100203831002040310020403100207A
:1053000000000000000000000000000054310020F8
:10531000543100205C3100205C310020000000008E
:10532000000000006C3100206C310020743100203E
:1053300074310020000000000000000084310020D3
:10534000843100208C3100208C31002094310020E9
:10535000943100200000000000000000A431002073
:10536000A4310020AC310020AC310020120012002A
:105370000400000012000000000000008F3604004E
:105380007B480300441F0400141E0220000000009C
:1053900000000000DC310020DC310020E43100207E
:1053A000E43100200A000A00100000000A0000009A
:1053B000000000004F3804000000000068200400D6
:1053C0008040022000000000000000001432002095
:1053D000143200201C3200201C3200200A000A0077
:1053E000100000000A000000000000005B3804000C
:1053F00069B4010084210400244C02200000000054
:10540000000000004C3200204C32002054320020BA
:1054100054320020030003000000000003000000DD
:10542000000000009B36040000000000581F04002C
:10543000E420022000000000000000008432002070
:10544000843200208C3200208C32002010001000AA
:10545000000000001000000000000000B136040051
:105460008B480300301F0400ECF80120000000000E
:1054700000000000BC320020BC320020C4320020FA
:10548000C4320020020002001000000002000000F0
:10549000000000004538040045A20100542004002B
:1054A000303602200000000000000000F43200202E
:1054B000F4320020FC320020FC32002012001200E6
:1054C0000000000012000000000000003838040056
:1054D0000000000040200400803402200000000092
:1054E000000000002C3300202C3300203433002037
:1054F0003433002001000100000000000100000022
:1055000000000000AC360400000000006C1F040026
:105510003022022000000000000000006433002060
:10552000643300206C3300206C3300201000100026
:105530000A00000010000000000000008D38040088
:105540009F7F0300D8220400E4530220000000FFE4
:105550004C300400000000000000000000000000CB
:105560000000000000000000ACFF0300000000008D
:10557000000000000000000000000000000000002B
:10558000000000000000000000000000000000001B
:10559000000000000000000000000000000000000B
:1055A00000000000000000000000000000000000FB
:1055B00000000000000000000000000000000000EB
:1055C000F52D0020000000000000000015E015E0AF
:1055D00007699700100020008EC64B13EA458C5ACD
:1055E0009B66D4D3A19E16EA158E583E55A50BAAEC
:1055F000F8D7A451BAE4D11C01002000719EE195B6
:105600001D42DD4085282E402057080EA3CDA28DD7
:1056100067CF46FB8C192C5EAD4BB6C82200470005
:10562000304502207BCFB405698A4136BA23D1FFC9
:10563000482B30F11C4C238D647BE669A8A7DD5E06
:1056400062F86FE6022100D950E7913676E8898C3E
:10565000807E8B910B52A3999A544864C95AA23701
:075660003993AA6A588AF28F
:00000001FF
